##TITLE=No Description
##DATA TYPE=INFRARED SPECTRUM
##XUNITS=1/CM
##YUNITS=E
349.324597  	0.012571 
350.756256  	0.006684 
352.187914  	0.004637 
353.619572  	0.007227 
355.051230  	0.012884 
356.482888  	0.014297 
357.914546  	0.011191 
359.346205  	0.013799 
360.777863  	0.020716 
362.209521  	0.028864 
363.641179  	0.033633 
365.072837  	0.030494 
366.504496  	0.029117 
367.936154  	0.029685 
369.367812  	0.024533 
370.799470  	0.026797 
372.231128  	0.029293 
373.662787  	0.023779 
375.094445  	0.021337 
376.526103  	0.027616 
377.957761  	0.040839 
379.389419  	0.053209 
380.821077  	0.059225 
382.252736  	0.060779 
383.684394  	0.058171 
385.116052  	0.060683 
386.547710  	0.072368 
387.979368  	0.076584 
389.411027  	0.077281 
390.842685  	0.082366 
392.274343  	0.079814 
393.706001  	0.074238 
395.137659  	0.071113 
396.569317  	0.061694 
398.000976  	0.060699 
399.432634  	0.075434 
400.864292  	0.094049 
402.295950  	0.108968 
403.727608  	0.113040 
405.159267  	0.115335 
406.590925  	0.127495 
408.022583  	0.136786 
409.454241  	0.140825 
410.885899  	0.148357 
412.317558  	0.149549 
413.749216  	0.146223 
415.180874  	0.150637 
416.612532  	0.137235 
418.044190  	0.097918 
419.475848  	0.092195 
420.907507  	0.133526 
422.339165  	0.159595 
423.770823  	0.162037 
425.202481  	0.172456 
426.634139  	0.182318 
428.065798  	0.188500 
429.497456  	0.195583 
430.929114  	0.199870 
432.360772  	0.210613 
433.792430  	0.217795 
435.224089  	0.212772 
436.655747  	0.219787 
438.087405  	0.238735 
439.519063  	0.246692 
440.950721  	0.241820 
442.382379  	0.235723 
443.814038  	0.242336 
445.245696  	0.253596 
446.677354  	0.256999 
448.109012  	0.269814 
449.540670  	0.289244 
450.972329  	0.285326 
452.403987  	0.274163 
453.835645  	0.287198 
455.267303  	0.291916 
456.698961  	0.260727 
458.130619  	0.250715 
459.562278  	0.289760 
460.993936  	0.316840 
462.425594  	0.319399 
463.857252  	0.334793 
465.288910  	0.347565 
466.720569  	0.344947 
468.152227  	0.353225 
469.583885  	0.365196 
471.015543  	0.353694 
472.447201  	0.341311 
473.878860  	0.367601 
475.310518  	0.405795 
476.742176  	0.417267 
478.173834  	0.430188 
479.605492  	0.454483 
481.037150  	0.463227 
482.468809  	0.465578 
483.900467  	0.470778 
485.332125  	0.481767 
486.763783  	0.510598 
488.195441  	0.536959 
489.627100  	0.548198 
491.058758  	0.554444 
492.490416  	0.561448 
493.922074  	0.590053 
495.353732  	0.621380 
496.785391  	0.623963 
498.217049  	0.637992 
499.648707  	0.656114 
501.080365  	0.632818 
502.512023  	0.628840 
503.943681  	0.674304 
505.375340  	0.698025 
506.806998  	0.698994 
508.238656  	0.725300 
509.670314  	0.757935 
511.101972  	0.770195 
512.533631  	0.782500 
513.965289  	0.798861 
515.396947  	0.789051 
516.828605  	0.767702 
518.260263  	0.779663 
519.691921  	0.818032 
521.123580  	0.862731 
522.555238  	0.901300 
523.986896  	0.896724 
525.418554  	0.872017 
526.850212  	0.904476 
528.281871  	0.972540 
529.713529  	1.004002 
531.145187  	1.015259 
532.576845  	1.038245 
534.008503  	1.052180 
535.440162  	1.059221 
536.871820  	1.081391 
538.303478  	1.106943 
539.735136  	1.123785 
541.166794  	1.140096 
542.598452  	1.158848 
544.030111  	1.171926 
545.461769  	1.176447 
546.893427  	1.189728 
548.325085  	1.216185 
549.756743  	1.237349 
551.188402  	1.260001 
552.620060  	1.287618 
554.051718  	1.301963 
555.483376  	1.317337 
556.915034  	1.340404 
558.346692  	1.355360 
559.778351  	1.377634 
561.210009  	1.403828 
562.641667  	1.416004 
564.073325  	1.434225 
565.504983  	1.451420 
566.936642  	1.452079 
568.368300  	1.464109 
569.799958  	1.489454 
571.231616  	1.520732 
572.663274  	1.560882 
574.094933  	1.567750 
575.526591  	1.550191 
576.958249  	1.584481 
578.389907  	1.639087 
579.821565  	1.648363 
581.253223  	1.664826 
582.684882  	1.712043 
584.116540  	1.733951 
585.548198  	1.744534 
586.979856  	1.781235 
588.411514  	1.815411 
589.843173  	1.817148 
591.274831  	1.804882 
592.706489  	1.830855 
594.138147  	1.893792 
595.569805  	1.931983 
597.001464  	1.950811 
598.433122  	1.969107 
599.864780  	1.970423 
601.296438  	1.998789 
602.728096  	2.049094 
604.159754  	2.064563 
605.591413  	2.087702 
607.023071  	2.124421 
608.454729  	2.137517 
609.886387  	2.160886 
611.318045  	2.180778 
612.749704  	2.189015 
614.181362  	2.211860 
615.613020  	2.205416 
617.044678  	2.201389 
618.476336  	2.249925 
619.907994  	2.287341 
621.339653  	2.314556 
622.771311  	2.342101 
624.202969  	2.335920 
625.634627  	2.347530 
627.066285  	2.386295 
628.497944  	2.414378 
629.929602  	2.442380 
631.361260  	2.452186 
632.792918  	2.449619 
634.224576  	2.452524 
635.656235  	2.456270 
637.087893  	2.487964 
638.519551  	2.509003 
639.951209  	2.505446 
641.382867  	2.533405 
642.814525  	2.543162 
644.246184  	2.534898 
645.677842  	2.552611 
647.109500  	2.541278 
648.541158  	2.536263 
649.972816  	2.557310 
651.404475  	2.561135 
652.836133  	2.592865 
654.267791  	2.611347 
655.699449  	2.613132 
657.131107  	2.649611 
658.562766  	2.641100 
659.994424  	2.668406 
661.426082  	2.730119 
662.857740  	2.718561 
664.289398  	2.821475 
665.721056  	2.667424 
667.152715  	1.911061 
668.584373  	1.655468 
670.016031  	2.342810 
671.447689  	2.807303 
672.879347  	2.794026 
674.311006  	2.827079 
675.742664  	2.834708 
677.174322  	2.814221 
678.605980  	2.848219 
680.037638  	2.842584 
681.469296  	2.867505 
682.900955  	2.908175 
684.332613  	2.913386 
685.764271  	2.952206 
687.195929  	2.968539 
688.627587  	2.969677 
690.059246  	3.024027 
691.490904  	3.071042 
692.922562  	3.108782 
694.354220  	3.148005 
695.785878  	3.168352 
697.217537  	3.203532 
698.649195  	3.239685 
700.080853  	3.273771 
701.512511  	3.316507 
702.944169  	3.330713 
704.375827  	3.344958 
705.807486  	3.374801 
707.239144  	3.396104 
708.670802  	3.431342 
710.102460  	3.457623 
711.534118  	3.467465 
712.965777  	3.495022 
714.397435  	3.514642 
715.829093  	3.535396 
717.260751  	3.559065 
718.692409  	3.534480 
720.124067  	3.514456 
721.555726  	3.556843 
722.987384  	3.609662 
724.419042  	3.636502 
725.850700  	3.649893 
727.282358  	3.665026 
728.714017  	3.678308 
730.145675  	3.686856 
731.577333  	3.707950 
733.008991  	3.729832 
734.440649  	3.740645 
735.872308  	3.758263 
737.303966  	3.776433 
738.735624  	3.787806 
740.167282  	3.799323 
741.598940  	3.813360 
743.030598  	3.833924 
744.462257  	3.850262 
745.893915  	3.864099 
747.325573  	3.885608 
748.757231  	3.899744 
750.188889  	3.911252 
751.620548  	3.924552 
753.052206  	3.928834 
754.483864  	3.940437 
755.915522  	3.958314 
757.347180  	3.971408 
758.778839  	3.985664 
760.210497  	3.991431 
761.642155  	3.996807 
763.073813  	4.008942 
764.505471  	4.012780 
765.937129  	4.020078 
767.368788  	4.028928 
768.800446  	4.030248 
770.232104  	4.039786 
771.663762  	4.046102 
773.095420  	4.045399 
774.527079  	4.048029 
775.958737  	4.043093 
777.390395  	4.042709 
778.822053  	4.049664 
780.253711  	4.049366 
781.685369  	4.051686 
783.117028  	4.049118 
784.548686  	4.041214 
785.980344  	4.043952 
787.412002  	4.044821 
788.843660  	4.044788 
790.275319  	4.046874 
791.706977  	4.042605 
793.138635  	4.044048 
794.570293  	4.047487 
796.001951  	4.049646 
797.433610  	4.054862 
798.865268  	4.053798 
800.296926  	4.064575 
801.728584  	4.083314 
803.160242  	4.085935 
804.591900  	4.097328 
806.023559  	4.115572 
807.455217  	4.124257 
808.886875  	4.140031 
810.318533  	4.152817 
811.750191  	4.164813 
813.181850  	4.186226 
814.613508  	4.201182 
816.045166  	4.221105 
817.476824  	4.240981 
818.908482  	4.250685 
820.340141  	4.275920 
821.771799  	4.301189 
823.203457  	4.316153 
824.635115  	4.342325 
826.066773  	4.366870 
827.498431  	4.389449 
828.930090  	4.414382 
830.361748  	4.433544 
831.793406  	4.459824 
833.225064  	4.483392 
834.656722  	4.502071 
836.088381  	4.531948 
837.520039  	4.554778 
838.951697  	4.574707 
840.383355  	4.603220 
841.815013  	4.627075 
843.246671  	4.654570 
844.678330  	4.680762 
846.109988  	4.701983 
847.541646  	4.731896 
848.973304  	4.756354 
850.404962  	4.781034 
851.836621  	4.814120 
853.268279  	4.838750 
854.699937  	4.866438 
856.131595  	4.894576 
857.563253  	4.914044 
858.994912  	4.940079 
860.426570  	4.964249 
861.858228  	4.989285 
863.289886  	5.017838 
864.721544  	5.032485 
866.153202  	5.051159 
867.584861  	5.074662 
869.016519  	5.089649 
870.448177  	5.110955 
871.879835  	5.129869 
873.311493  	5.147808 
874.743152  	5.170012 
876.174810  	5.180462 
877.606468  	5.199082 
879.038126  	5.222383 
880.469784  	5.234618 
881.901443  	5.262380 
883.333101  	5.290138 
884.764759  	5.308719 
886.196417  	5.342067 
887.628075  	5.374083 
889.059733  	5.406494 
890.491392  	5.441815 
891.923050  	5.468349 
893.354708  	5.507440 
894.786366  	5.545700 
896.218024  	5.576121 
897.649683  	5.622744 
899.081341  	5.663669 
900.512999  	5.701077 
901.944657  	5.746948 
903.376315  	5.784694 
904.807973  	5.832852 
906.239632  	5.883354 
907.671290  	5.923888 
909.102948  	5.976894 
910.534606  	6.022022 
911.966264  	6.064283 
913.397923  	6.120956 
914.829581  	6.164488 
916.261239  	6.212731 
917.692897  	6.269305 
919.124555  	6.310412 
920.556214  	6.359022 
921.987872  	6.409496 
923.419530  	6.456457 
924.851188  	6.510180 
926.282846  	6.549588 
927.714504  	6.593381 
929.146163  	6.645064 
930.577821  	6.679528 
932.009479  	6.721543 
933.441137  	6.763479 
934.872795  	6.794826 
936.304454  	6.836250 
937.736112  	6.868985 
939.167770  	6.901954 
940.599428  	6.940367 
942.031086  	6.958254 
943.462744  	6.982358 
944.894403  	7.010749 
946.326061  	7.025800 
947.757719  	7.050382 
949.189377  	7.069544 
950.621035  	7.084034 
952.052694  	7.104574 
953.484352  	7.110819 
954.916010  	7.122862 
956.347668  	7.137926 
957.779326  	7.140606 
959.210985  	7.153744 
960.642643  	7.157887 
962.074301  	7.156203 
963.505959  	7.171103 
964.937617  	7.173949 
966.369275  	7.173752 
967.800934  	7.175454 
969.232592  	7.165859 
970.664250  	7.169884 
972.095908  	7.170555 
973.527566  	7.162786 
974.959225  	7.168870 
976.390883  	7.165021 
977.822541  	7.163183 
979.254199  	7.169642 
980.685857  	7.162813 
982.117516  	7.167098 
983.549174  	7.171024 
984.980832  	7.166447 
986.412490  	7.174533 
987.844148  	7.168635 
989.275806  	7.164690 
990.707465  	7.176922 
992.139123  	7.173047 
993.570781  	7.176248 
995.002439  	7.181324 
996.434097  	7.171442 
997.865756  	7.175166 
999.297414  	7.171961 
1000.729072  	7.162893 
1002.160730  	7.162738 
1003.592388  	7.148160 
1005.024046  	7.143772 
1006.455705  	7.142246 
1007.887363  	7.122991 
1009.319021  	7.117661 
1010.750679  	7.102363 
1012.182337  	7.079500 
1013.613996  	7.075101 
1015.045654  	7.051853 
1016.477312  	7.031335 
1017.908970  	7.025569 
1019.340628  	7.005367 
1020.772287  	6.998513 
1022.203945  	6.988065 
1023.635603  	6.966140 
1025.067261  	6.963454 
1026.498919  	6.945191 
1027.930577  	6.922813 
1029.362236  	6.914674 
1030.793894  	6.889820 
1032.225552  	6.872416 
1033.657210  	6.853508 
1035.088868  	6.820674 
1036.520527  	6.802928 
1037.952185  	6.770726 
1039.383843  	6.738067 
1040.815501  	6.724054 
1042.247159  	6.688787 
1043.678818  	6.660743 
1045.110476  	6.639437 
1046.542134  	6.602891 
1047.973792  	6.584345 
1049.405450  	6.555400 
1050.837108  	6.519020 
1052.268767  	6.502293 
1053.700425  	6.467166 
1055.132083  	6.442253 
1056.563741  	6.432149 
1057.995399  	6.399949 
1059.427058  	6.382644 
1060.858716  	6.367265 
1062.290374  	6.347946 
1063.722032  	6.348229 
1065.153690  	6.326909 
1066.585348  	6.312634 
1068.017007  	6.321038 
1069.448665  	6.307072 
1070.880323  	6.307561 
1072.311981  	6.313634 
1073.743639  	6.304784 
1075.175298  	6.317890 
1076.606956  	6.321357 
1078.038614  	6.321620 
1079.470272  	6.339124 
1080.901930  	6.342033 
1082.333589  	6.362323 
1083.765247  	6.390749 
1085.196905  	6.406357 
1086.628563  	6.443686 
1088.060221  	6.465683 
1089.491879  	6.481064 
1090.923538  	6.520330 
1092.355196  	6.540772 
1093.786854  	6.571917 
1095.218512  	6.614935 
1096.650170  	6.637858 
1098.081829  	6.678716 
1099.513487  	6.713006 
1100.945145  	6.740387 
1102.376803  	6.788649 
1103.808461  	6.815253 
1105.240120  	6.849338 
1106.671778  	6.896169 
1108.103436  	6.920586 
1109.535094  	6.964222 
1110.966752  	7.000241 
1112.398410  	7.023588 
1113.830069  	7.073186 
1115.261727  	7.099598 
1116.693385  	7.130414 
1118.125043  	7.182804 
1119.556701  	7.206969 
1120.988360  	7.251054 
1122.420018  	7.303339 
1123.851676  	7.341850 
1125.283334  	7.411649 
1126.714992  	7.468450 
1128.146650  	7.525776 
1129.578309  	7.609345 
1131.009967  	7.669370 
1132.441625  	7.748403 
1133.873283  	7.831622 
1135.304941  	7.884852 
1136.736600  	7.971518 
1138.168258  	8.053927 
1139.599916  	8.122240 
1141.031574  	8.210257 
1142.463232  	8.270053 
1143.894891  	8.338209 
1145.326549  	8.418122 
1146.758207  	8.472620 
1148.189865  	8.555064 
1149.621523  	8.629194 
1151.053181  	8.687981 
1152.484840  	8.779109 
1153.916498  	8.847913 
1155.348156  	8.920048 
1156.779814  	9.004713 
1158.211472  	9.054689 
1159.643131  	9.129015 
1161.074789  	9.202789 
1162.506447  	9.254005 
1163.938105  	9.330391 
1165.369763  	9.383220 
1166.801421  	9.444153 
1168.233080  	9.527270 
1169.664738  	9.571238 
1171.096396  	9.641735 
1172.528054  	9.704972 
1173.959712  	9.724317 
1175.391371  	9.797726 
1176.823029  	9.864913 
1178.254687  	9.900428 
1179.686345  	9.962354 
1181.118003  	10.012359 
1182.549662  	10.093359 
1183.981320  	10.185819 
1185.412978  	10.221566 
1186.844636  	10.277455 
1188.276294  	10.344299 
1189.707952  	10.406317 
1191.139611  	10.489881 
1192.571269  	10.537491 
1194.002927  	10.592714 
1195.434585  	10.661625 
1196.866243  	10.690325 
1198.297902  	10.749083 
1199.729560  	10.815273 
1201.161218  	10.867376 
1202.592876  	10.944148 
1204.024534  	10.985401 
1205.456193  	11.030311 
1206.887851  	11.096245 
1208.319509  	11.128487 
1209.751167  	11.184602 
1211.182825  	11.219050 
1212.614483  	11.236014 
1214.046142  	11.328812 
1215.477800  	11.389546 
1216.909458  	11.418458 
1218.341116  	11.476953 
1219.772774  	11.504528 
1221.204433  	11.566558 
1222.636091  	11.626274 
1224.067749  	11.620809 
1225.499407  	11.672388 
1226.931065  	11.740413 
1228.362723  	11.785070 
1229.794382  	11.850090 
1231.226040  	11.878535 
1232.657698  	11.924064 
1234.089356  	11.984370 
1235.521014  	12.004939 
1236.952673  	12.065324 
1238.384331  	12.107798 
1239.815989  	12.132884 
1241.247647  	12.207484 
1242.679305  	12.218846 
1244.110964  	12.238298 
1245.542622  	12.328441 
1246.974280  	12.370312 
1248.405938  	12.424261 
1249.837596  	12.482260 
1251.269254  	12.502064 
1252.700913  	12.562380 
1254.132571  	12.589959 
1255.564229  	12.608716 
1256.995887  	12.669664 
1258.427545  	12.634393 
1259.859204  	12.578355 
1261.290862  	12.630708 
1262.722520  	12.731431 
1264.154178  	12.809378 
1265.585836  	12.811296 
1267.017495  	12.821434 
1268.449153  	12.865554 
1269.880811  	12.831745 
1271.312469  	12.832205 
1272.744127  	12.944128 
1274.175785  	13.062729 
1275.607444  	13.151200 
1277.039102  	13.176049 
1278.470760  	13.185478 
1279.902418  	13.223665 
1281.334076  	13.239285 
1282.765735  	13.289450 
1284.197393  	13.341806 
1285.629051  	13.306193 
1287.060709  	13.243119 
1288.492367  	13.216587 
1289.924025  	13.299026 
1291.355684  	13.415580 
1292.787342  	13.451362 
1294.219000  	13.494767 
1295.650658  	13.485408 
1297.082316  	13.449530 
1298.513975  	13.542387 
1299.945633  	13.584176 
1301.377291  	13.578620 
1302.808949  	13.630600 
1304.240607  	13.610709 
1305.672266  	13.610878 
1307.103924  	13.596677 
1308.535582  	13.550229 
1309.967240  	13.648051 
1311.398898  	13.542238 
1312.830556  	13.261427 
1314.262215  	13.327738 
1315.693873  	13.440175 
1317.125531  	13.283716 
1318.557189  	13.120252 
1319.988847  	13.204918 
1321.420506  	13.570170 
1322.852164  	13.782205 
1324.283822  	13.766336 
1325.715480  	13.859109 
1327.147138  	13.865683 
1328.578796  	13.829128 
1330.010455  	13.880853 
1331.442113  	13.828694 
1332.873771  	13.893783 
1334.305429  	13.890336 
1335.737087  	13.512635 
1337.168746  	13.006839 
1338.600404  	12.260454 
1340.032062  	11.970683 
1341.463720  	12.932380 
1342.895378  	13.842306 
1344.327037  	13.935570 
1345.758695  	13.955597 
1347.190353  	13.948545 
1348.622011  	13.832865 
1350.053669  	13.829099 
1351.485327  	13.920474 
1352.916986  	13.928727 
1354.348644  	13.718080 
1355.780302  	13.687861 
1357.211960  	13.879380 
1358.643618  	13.803546 
1360.075277  	13.349675 
1361.506935  	12.294963 
1362.938593  	11.582900 
1364.370251  	12.627958 
1365.801909  	13.888502 
1367.233568  	13.742725 
1368.665226  	13.346964 
1370.096884  	13.616862 
1371.528542  	13.770101 
1372.960200  	12.754346 
1374.391858  	11.786796 
1375.823517  	12.680762 
1377.255175  	13.639155 
1378.686833  	13.508375 
1380.118491  	13.798901 
1381.550149  	13.978617 
1382.981808  	13.898573 
1384.413466  	14.088735 
1385.845124  	12.979286 
1387.276782  	11.713372 
1388.708440  	12.486958 
1390.140098  	13.745662 
1391.571757  	14.104287 
1393.003415  	13.070448 
1394.435073  	11.259983 
1395.866731  	11.322503 
1397.298389  	12.181036 
1398.730048  	11.591374 
1400.161706  	12.052310 
1401.593364  	13.875796 
1403.025022  	13.840993 
1404.456680  	12.650347 
1405.888339  	12.788964 
1407.319997  	13.783101 
1408.751655  	14.146132 
1410.183313  	13.806618 
1411.614971  	13.719895 
1413.046629  	13.971225 
1414.478288  	13.878778 
1415.909946  	13.296017 
1417.341604  	11.582786 
1418.773262  	9.369363 
1420.204920  	10.059096 
1421.636579  	12.846520 
1423.068237  	13.031608 
1424.499895  	12.258911 
1425.931553  	13.625527 
1427.363211  	14.052123 
1428.794870  	12.826144 
1430.226528  	12.508139 
1431.658186  	12.895768 
1433.089844  	13.669116 
1434.521502  	13.142174 
1435.953160  	10.218728 
1437.384819  	9.700390 
1438.816477  	12.668519 
1440.248135  	14.266456 
1441.679793  	14.163478 
1443.111451  	14.214087 
1444.543110  	14.268033 
1445.974768  	13.727063 
1447.406426  	12.359087 
1448.838084  	12.338695 
1450.269742  	13.661575 
1451.701400  	13.542983 
1453.133059  	13.232496 
1454.564717  	12.267845 
1455.996375  	8.525166 
1457.428033  	6.595734 
1458.859691  	8.955327 
1460.291350  	12.161516 
1461.723008  	14.162519 
1463.154666  	13.375721 
1464.586324  	11.317353 
1466.017982  	11.902237 
1467.449641  	13.775561 
1468.881299  	14.440996 
1470.312957  	13.102942 
1471.744615  	9.826492 
1473.176273  	8.641265 
1474.607931  	10.439970 
1476.039590  	11.383234 
1477.471248  	12.383832 
1478.902906  	14.240839 
1480.334564  	14.149569 
1481.766222  	13.547192 
1483.197881  	14.415533 
1484.629539  	14.437552 
1486.061197  	12.994006 
1487.492855  	11.634069 
1488.924513  	10.274944 
1490.356172  	9.678343 
1491.787830  	11.702967 
1493.219488  	14.128326 
1494.651146  	13.178609 
1496.082804  	10.665523 
1497.514462  	10.231411 
1498.946121  	11.279754 
1500.377779  	12.366160 
1501.809437  	13.558277 
1503.241095  	13.594737 
1504.672753  	10.582145 
1506.104412  	6.242486 
1507.536070  	5.238925 
1508.967728  	8.256945 
1510.399386  	10.817463 
1511.831044  	11.311808 
1513.262702  	12.063927 
1514.694361  	11.994098 
1516.126019  	9.718425 
1517.557677  	9.147358 
1518.989335  	10.269937 
1520.420993  	8.440777 
1521.852652  	6.883274 
1523.284310  	9.165076 
1524.715968  	10.408068 
1526.147626  	9.800644 
1527.579284  	10.611094 
1529.010943  	11.874856 
1530.442601  	12.709890 
1531.874259  	11.730540 
1533.305917  	9.069402 
1534.737575  	9.873710 
1536.169233  	12.488616 
1537.600892  	10.573908 
1539.032550  	6.569152 
1540.464208  	5.227119 
1541.895866  	6.571631 
1543.327524  	8.275132 
1544.759183  	8.881247 
1546.190841  	10.681784 
1547.622499  	12.756418 
1549.054157  	11.596931 
1550.485815  	10.904399 
1551.917473  	12.095206 
1553.349132  	10.934640 
1554.780790  	9.616155 
1556.212448  	9.582067 
1557.644106  	6.701450 
1559.075764  	3.545775 
1560.507423  	5.829534 
1561.939081  	10.759950 
1563.370739  	12.355195 
1564.802397  	11.608255 
1566.234055  	12.229955 
1567.665714  	12.095791 
1569.097372  	9.799375 
1570.529030  	9.666314 
1571.960688  	12.273556 
1573.392346  	13.080342 
1574.824004  	10.585608 
1576.255663  	8.296902 
1577.687321  	9.761102 
1579.118979  	12.633219 
1580.550637  	13.206463 
1581.982295  	13.007158 
1583.413954  	13.271267 
1584.845612  	13.112490 
1586.277270  	13.147739 
1587.708928  	13.221460 
1589.140586  	12.926266 
1590.572245  	12.940385 
1592.003903  	12.927303 
1593.435561  	12.698904 
1594.867219  	12.579981 
1596.298877  	12.589579 
1597.730535  	12.891906 
1599.162194  	12.990708 
1600.593852  	12.716111 
1602.025510  	12.550831 
1603.457168  	12.421019 
1604.888826  	12.544946 
1606.320485  	12.556997 
1607.752143  	12.019066 
1609.183801  	11.930655 
1610.615459  	12.143096 
1612.047117  	12.320564 
1613.478775  	12.615148 
1614.910434  	11.089841 
1616.342092  	8.457370 
1617.773750  	8.725554 
1619.205408  	11.296147 
1620.637066  	12.194858 
1622.068725  	10.541315 
1623.500383  	9.263757 
1624.932041  	10.358423 
1626.363699  	11.231847 
1627.795357  	10.569628 
1629.227016  	10.896119 
1630.658674  	12.037964 
1632.090332  	12.144070 
1633.521990  	10.602093 
1634.953648  	7.573862 
1636.385306  	6.518130 
1637.816965  	9.072328 
1639.248623  	11.105203 
1640.680281  	11.361977 
1642.111939  	11.756662 
1643.543597  	11.391838 
1644.975256  	9.419319 
1646.406914  	7.105906 
1647.838572  	6.925069 
1649.270230  	9.476206 
1650.701888  	9.894220 
1652.133547  	5.915356 
1653.565205  	3.661672 
1654.996863  	6.578582 
1656.428521  	10.230444 
1657.860179  	11.401034 
1659.291837  	11.501073 
1660.723496  	11.049037 
1662.155154  	9.485825 
1663.586812  	9.150905 
1665.018470  	10.954429 
1666.450128  	11.367654 
1667.881787  	9.463000 
1669.313445  	7.764819 
1670.745103  	7.796548 
1672.176761  	9.479740 
1673.608419  	9.715203 
1675.040077  	7.795051 
1676.471736  	8.472770 
1677.903394  	10.622785 
1679.335052  	10.079607 
1680.766710  	9.497253 
1682.198368  	8.685729 
1683.630027  	5.531045 
1685.061685  	5.087059 
1686.493343  	8.257437 
1687.925001  	9.736037 
1689.356659  	9.472010 
1690.788318  	9.817522 
1692.219976  	10.699791 
1693.651634  	10.126594 
1695.083292  	7.155317 
1696.514950  	6.096339 
1697.946608  	7.571880 
1699.378267  	6.102953 
1700.809925  	4.514305 
1702.241583  	7.403512 
1703.673241  	9.206468 
1705.104899  	7.830434 
1706.536558  	8.084662 
1707.968216  	9.469487 
1709.399874  	9.767346 
1710.831532  	10.052369 
1712.263190  	9.895152 
1713.694849  	8.667279 
1715.126507  	7.510682 
1716.558165  	6.339961 
1717.989823  	5.616025 
1719.421481  	7.181382 
1720.853139  	9.553557 
1722.284798  	9.995093 
1723.716456  	9.580398 
1725.148114  	9.906620 
1726.579772  	10.262860 
1728.011430  	9.822647 
1729.443089  	8.925722 
1730.874747  	8.559037 
1732.306405  	7.723750 
1733.738063  	5.523199 
1735.169721  	5.649372 
1736.601379  	8.635662 
1738.033038  	9.069450 
1739.464696  	7.546251 
1740.896354  	8.005889 
1742.328012  	8.550210 
1743.759670  	8.242427 
1745.191329  	8.578874 
1746.622987  	8.344817 
1748.054645  	7.516657 
1749.486303  	7.146815 
1750.917961  	6.743474 
1752.349620  	7.399585 
1753.781278  	9.120359 
1755.212936  	9.119357 
1756.644594  	8.029910 
1758.076252  	8.379869 
1759.507910  	8.922125 
1760.939569  	8.077017 
1762.371227  	7.477798 
1763.802885  	8.487193 
1765.234543  	9.378875 
1766.666201  	8.518701 
1768.097860  	7.619961 
1769.529518  	7.738861 
1770.961176  	6.939618 
1772.392834  	5.827174 
1773.824492  	6.653931 
1775.256150  	7.921065 
1776.687809  	8.255986 
1778.119467  	8.446180 
1779.551125  	8.066954 
1780.982783  	7.625650 
1782.414441  	8.101555 
1783.846100  	8.109905 
1785.277758  	7.681172 
1786.709416  	8.097750 
1788.141074  	8.453854 
1789.572732  	7.923680 
1791.004391  	6.781302 
1792.436049  	5.953416 
1793.867707  	6.584683 
1795.299365  	7.557996 
1796.731023  	7.619501 
1798.162681  	7.493326 
1799.594340  	7.146470 
1801.025998  	6.698396 
1802.457656  	7.026603 
1803.889314  	7.512599 
1805.320972  	7.636211 
1806.752631  	7.635479 
1808.184289  	7.355467 
1809.615947  	7.012784 
1811.047605  	6.782214 
1812.479263  	6.784312 
1813.910922  	7.142001 
1815.342580  	7.064567 
1816.774238  	6.595134 
1818.205896  	6.517838 
1819.637554  	6.441523 
1821.069212  	6.350843 
1822.500871  	6.337721 
1823.932529  	5.729256 
1825.364187  	5.282569 
1826.795845  	5.659248 
1828.227503  	5.555207 
1829.659162  	4.865191 
1831.090820  	4.984306 
1832.522478  	5.700940 
1833.954136  	5.872049 
1835.385794  	5.652965 
1836.817452  	5.586423 
1838.249111  	5.501650 
1839.680769  	5.498033 
1841.112427  	5.541112 
1842.544085  	4.905172 
1843.975743  	4.090315 
1845.407402  	4.252436 
1846.839060  	4.820150 
1848.270718  	4.956007 
1849.702376  	5.006170 
1851.134034  	5.119102 
1852.565693  	5.068275 
1853.997351  	4.983908 
1855.429009  	4.959679 
1856.860667  	4.881021 
1858.292325  	4.785667 
1859.723983  	4.739619 
1861.155642  	4.685809 
1862.587300  	4.646581 
1864.018958  	4.616449 
1865.450616  	4.462053 
1866.882274  	4.103943 
1868.313933  	3.657740 
1869.745591  	3.591590 
1871.177249  	4.043651 
1872.608907  	4.345621 
1874.040565  	4.291800 
1875.472224  	4.268471 
1876.903882  	4.222730 
1878.335540  	4.135055 
1879.767198  	4.114390 
1881.198856  	4.051936 
1882.630514  	4.004410 
1884.062173  	3.944955 
1885.493831  	3.860041 
1886.925489  	3.852927 
1888.357147  	3.637276 
1889.788805  	3.369068 
1891.220464  	3.525669 
1892.652122  	3.672337 
1894.083780  	3.514794 
1895.515438  	3.430251 
1896.947096  	3.454069 
1898.378754  	3.477806 
1899.810413  	3.462011 
1901.242071  	3.379834 
1902.673729  	3.343838 
1904.105387  	3.297330 
1905.537045  	3.222203 
1906.968704  	3.179701 
1908.400362  	3.045358 
1909.832020  	2.951526 
1911.263678  	3.006741 
1912.695336  	3.002796 
1914.126995  	2.987714 
1915.558653  	2.934618 
1916.990311  	2.671435 
1918.421969  	2.520004 
1919.853627  	2.658516 
1921.285285  	2.685584 
1922.716944  	2.510463 
1924.148602  	2.473725 
1925.580260  	2.563720 
1927.011918  	2.529346 
1928.443576  	2.448395 
1929.875235  	2.415587 
1931.306893  	2.339463 
1932.738551  	2.270296 
1934.170209  	2.231484 
1935.601867  	2.165628 
1937.033525  	2.117870 
1938.465184  	2.074009 
1939.896842  	1.998919 
1941.328500  	1.871443 
1942.760158  	1.728738 
1944.191816  	1.737982 
1945.623475  	1.794883 
1947.055133  	1.738886 
1948.486791  	1.717744 
1949.918449  	1.697967 
1951.350107  	1.619211 
1952.781766  	1.595510 
1954.213424  	1.542203 
1955.645082  	1.468730 
1957.076740  	1.444698 
1958.508398  	1.365759 
1959.940056  	1.300246 
1961.371715  	1.273031 
1962.803373  	1.215968 
1964.235031  	1.202290 
1965.666689  	1.157476 
1967.098347  	1.076350 
1968.530006  	1.082494 
1969.961664  	1.078151 
1971.393322  	1.050884 
1972.824980  	1.044307 
1974.256638  	1.001391 
1975.688297  	0.983813 
1977.119955  	0.978082 
1978.551613  	0.975284 
1979.983271  	1.053179 
1981.414929  	1.109188 
1982.846587  	1.133700 
1984.278246  	1.187029 
1985.709904  	1.189325 
1987.141562  	1.188607 
1988.573220  	1.211836 
1990.004878  	1.195756 
1991.436537  	1.179571 
1992.868195  	1.175971 
1994.299853  	1.210334 
1995.731511  	1.256274 
1997.163169  	1.227346 
1998.594827  	1.209956 
2000.026486  	1.210446 
2001.458144  	1.166747 
2002.889802  	1.149341 
2004.321460  	1.112262 
2005.753118  	1.045391 
2007.184777  	1.023812 
2008.616435  	0.999709 
2010.048093  	1.000014 
2011.479751  	1.017077 
2012.911409  	0.990902 
2014.343068  	0.993904 
2015.774726  	0.982144 
2017.206384  	0.940162 
2018.638042  	0.959795 
2020.069700  	0.963036 
2021.501358  	0.949537 
2022.933017  	0.962965 
2024.364675  	0.941601 
2025.796333  	0.941967 
2027.227991  	0.953115 
2028.659649  	0.930653 
2030.091308  	0.946229 
2031.522966  	0.948068 
2032.954624  	0.932209 
2034.386282  	0.959966 
2035.817940  	0.976804 
2037.249599  	1.012351 
2038.681257  	1.058218 
2040.112915  	1.062068 
2041.544573  	1.096688 
2042.976231  	1.133156 
2044.407889  	1.149898 
2045.839548  	1.197852 
2047.271206  	1.220652 
2048.702864  	1.254257 
2050.134522  	1.350753 
2051.566180  	1.444286 
2052.997839  	1.516249 
2054.429497  	1.545555 
2055.861155  	1.566428 
2057.292813  	1.624177 
2058.724471  	1.644031 
2060.156129  	1.656463 
2061.587788  	1.694830 
2063.019446  	1.696954 
2064.451104  	1.708679 
2065.882762  	1.737885 
2067.314420  	1.764334 
2068.746079  	1.814655 
2070.177737  	1.837459 
2071.609395  	1.857059 
2073.041053  	1.902503 
2074.472711  	1.920921 
2075.904370  	1.958615 
2077.336028  	2.004720 
2078.767686  	2.025545 
2080.199344  	2.074623 
2081.631002  	2.108144 
2083.062660  	2.128445 
2084.494319  	2.171164 
2085.925977  	2.182610 
2087.357635  	2.200383 
2088.789293  	2.217282 
2090.220951  	2.196240 
2091.652610  	2.205067 
2093.084268  	2.192753 
2094.515926  	2.144037 
2095.947584  	2.140133 
2097.379242  	2.138530 
2098.810901  	2.147344 
2100.242559  	2.176226 
2101.674217  	2.174595 
2103.105875  	2.191817 
2104.537533  	2.209298 
2105.969191  	2.203776 
2107.400850  	2.226575 
2108.832508  	2.234223 
2110.264166  	2.242691 
2111.695824  	2.274334 
2113.127482  	2.271918 
2114.559141  	2.283664 
2115.990799  	2.302649 
2117.422457  	2.285512 
2118.854115  	2.280381 
2120.285773  	2.255354 
2121.717431  	2.213731 
2123.149090  	2.187999 
2124.580748  	2.130346 
2126.012406  	2.078350 
2127.444064  	2.030968 
2128.875722  	1.947563 
2130.307381  	1.877158 
2131.739039  	1.784453 
2133.170697  	1.669012 
2134.602355  	1.592810 
2136.034013  	1.516561 
2137.465672  	1.461275 
2138.897330  	1.429331 
2140.328988  	1.368262 
2141.760646  	1.327352 
2143.192304  	1.287437 
2144.623962  	1.225786 
2146.055621  	1.190576 
2147.487279  	1.142588 
2148.918937  	1.096204 
2150.350595  	1.071782 
2151.782253  	1.019304 
2153.213912  	0.975508 
2154.645570  	0.928877 
2156.077228  	0.851298 
2157.508886  	0.793125 
2158.940544  	0.746056 
2160.372202  	0.749107 
2161.803861  	0.813689 
2163.235519  	0.848498 
2164.667177  	0.882699 
2166.098835  	0.929221 
2167.530493  	0.954293 
2168.962152  	0.997801 
2170.393810  	1.023844 
2171.825468  	1.029533 
2173.257126  	1.051118 
2174.688784  	1.041599 
2176.120443  	1.038786 
2177.552101  	1.058696 
2178.983759  	1.054122 
2180.415417  	1.063915 
2181.847075  	1.069875 
2183.278733  	1.069458 
2184.710392  	1.107015 
2186.142050  	1.127807 
2187.573708  	1.145942 
2189.005366  	1.184745 
2190.437024  	1.196962 
2191.868683  	1.221007 
2193.300341  	1.249410 
2194.731999  	1.257390 
2196.163657  	1.285539 
2197.595315  	1.301270 
2199.026974  	1.312702 
2200.458632  	1.342704 
2201.890290  	1.349488 
2203.321948  	1.366557 
2204.753606  	1.389881 
2206.185264  	1.395272 
2207.616923  	1.423703 
2209.048581  	1.437770 
2210.480239  	1.440540 
2211.911897  	1.470916 
2213.343555  	1.484689 
2214.775214  	1.500990 
2216.206872  	1.524218 
2217.638530  	1.530514 
2219.070188  	1.559732 
2220.501846  	1.579779 
2221.933504  	1.589860 
2223.365163  	1.627912 
2224.796821  	1.642673 
2226.228479  	1.659556 
2227.660137  	1.696426 
2229.091795  	1.707016 
2230.523454  	1.734720 
2231.955112  	1.769890 
2233.386770  	1.788159 
2234.818428  	1.826944 
2236.250086  	1.853309 
2237.681745  	1.876843 
2239.113403  	1.915735 
2240.545061  	1.932847 
2241.976719  	1.965937 
2243.408377  	2.003605 
2244.840035  	2.019146 
2246.271694  	2.058005 
2247.703352  	2.087103 
2249.135010  	2.106749 
2250.566668  	2.147154 
2251.998326  	2.162728 
2253.429985  	2.179948 
2254.861643  	2.212458 
2256.293301  	2.237597 
2257.724959  	2.290711 
2259.156617  	2.337339 
2260.588276  	2.367229 
2262.019934  	2.417082 
2263.451592  	2.448033 
2264.883250  	2.480004 
2266.314908  	2.528359 
2267.746566  	2.562456 
2269.178225  	2.620727 
2270.609883  	2.682290 
2272.041541  	2.729916 
2273.473199  	2.804710 
2274.904857  	2.868791 
2276.336516  	2.931572 
2277.768174  	3.018583 
2279.199832  	3.091678 
2280.631490  	3.182230 
2282.063148  	3.288449 
2283.494806  	3.385870 
2284.926465  	3.507896 
2286.358123  	3.621179 
2287.789781  	3.723130 
2289.221439  	3.839390 
2290.653097  	3.928893 
2292.084756  	4.016331 
2293.516414  	4.109549 
2294.948072  	4.173025 
2296.379730  	4.238948 
2297.811388  	4.294995 
2299.243047  	4.333591 
2300.674705  	4.384908 
2302.106363  	4.420485 
2303.538021  	4.450197 
2304.969679  	4.475305 
2306.401337  	4.466775 
2307.832996  	4.465118 
2309.264654  	4.459434 
2310.696312  	4.431218 
2312.127970  	4.420950 
2313.559628  	4.413495 
2314.991287  	4.419147 
2316.422945  	4.434808 
2317.854603  	4.395432 
2319.286261  	4.343871 
2320.717919  	4.325009 
2322.149577  	4.335595 
2323.581236  	4.447296 
2325.012894  	4.632774 
2326.444552  	4.727983 
2327.876210  	4.660986 
2329.307868  	4.512766 
2330.739527  	4.405340 
2332.171185  	4.369633 
2333.602843  	4.366731 
2335.034501  	4.356442 
2336.466159  	4.308080 
2337.897818  	4.258455 
2339.329476  	4.230643 
2340.761134  	4.196909 
2342.192792  	4.209037 
2343.624450  	4.274575 
2345.056108  	4.372248 
2346.487767  	4.712215 
2347.919425  	5.326620 
2349.351083  	5.638875 
2350.782741  	5.249757 
2352.214399  	4.588965 
2353.646058  	4.116518 
2355.077716  	3.777647 
2356.509374  	3.521434 
2357.941032  	3.372624 
2359.372690  	3.253276 
2360.804349  	3.190384 
2362.236007  	3.188990 
2363.667665  	3.185555 
2365.099323  	3.234413 
2366.530981  	3.321864 
2367.962639  	3.409816 
2369.394298  	3.555559 
2370.825956  	3.727302 
2372.257614  	3.916426 
2373.689272  	4.154677 
2375.120930  	4.393943 
2376.552589  	4.658098 
2377.984247  	4.947506 
2379.415905  	5.199140 
2380.847563  	5.435087 
2382.279221  	5.628085 
2383.710879  	5.748288 
2385.142538  	5.830073 
2386.574196  	5.849418 
2388.005854  	5.833519 
2389.437512  	5.813924 
2390.869170  	5.758826 
2392.300829  	5.707640 
2393.732487  	5.658750 
2395.164145  	5.590224 
2396.595803  	5.545407 
2398.027461  	5.494596 
2399.459120  	5.434066 
2400.890778  	5.393341 
2402.322436  	5.333890 
2403.754094  	5.276877 
2405.185752  	5.229822 
2406.617410  	5.169101 
2408.049069  	5.138134 
2409.480727  	5.117089 
2410.912385  	5.087002 
2412.344043  	5.073006 
2413.775701  	5.040120 
2415.207360  	5.004208 
2416.639018  	4.982407 
2418.070676  	4.945046 
2419.502334  	4.921323 
2420.933992  	4.899442 
2422.365651  	4.865474 
2423.797309  	4.850691 
2425.228967  	4.824611 
2426.660625  	4.797601 
2428.092283  	4.787995 
2429.523941  	4.760655 
2430.955600  	4.744220 
2432.387258  	4.734796 
2433.818916  	4.709909 
2435.250574  	4.703633 
2436.682232  	4.692142 
2438.113891  	4.675888 
2439.545549  	4.676969 
2440.977207  	4.661631 
2442.408865  	4.653922 
2443.840523  	4.656863 
2445.272181  	4.644438 
2446.703840  	4.651368 
2448.135498  	4.657182 
2449.567156  	4.652641 
2450.998814  	4.666917 
2452.430472  	4.670812 
2453.862131  	4.679328 
2455.293789  	4.698067 
2456.725447  	4.695548 
2458.157105  	4.703115 
2459.588763  	4.707827 
2461.020422  	4.697276 
2462.452080  	4.703631 
2463.883738  	4.697208 
2465.315396  	4.686394 
2466.747054  	4.686793 
2468.178712  	4.667205 
2469.610371  	4.657854 
2471.042029  	4.654110 
2472.473687  	4.634209 
2473.905345  	4.630998 
2475.337003  	4.621670 
2476.768662  	4.604148 
2478.200320  	4.600262 
2479.631978  	4.585187 
2481.063636  	4.577739 
2482.495294  	4.573656 
2483.926953  	4.555008 
2485.358611  	4.553823 
2486.790269  	4.546290 
2488.221927  	4.530557 
2489.653585  	4.532521 
2491.085243  	4.521664 
2492.516902  	4.518002 
2493.948560  	4.525303 
2495.380218  	4.512939 
2496.811876  	4.512598 
2498.243534  	4.510877 
2499.675193  	4.498976 
2501.106851  	4.504629 
2502.538509  	4.494996 
2503.970167  	4.484577 
2505.401825  	4.490788 
2506.833483  	4.478493 
2508.265142  	4.473435 
2509.696800  	4.473976 
2511.128458  	4.463005 
2512.560116  	4.466974 
2513.991774  	4.463212 
2515.423433  	4.456044 
2516.855091  	4.461236 
2518.286749  	4.450674 
2519.718407  	4.448845 
2521.150065  	4.453062 
2522.581724  	4.442620 
2524.013382  	4.446991 
2525.445040  	4.445452 
2526.876698  	4.438227 
2528.308356  	4.448552 
2529.740014  	4.446675 
2531.171673  	4.449572 
2532.603331  	4.459078 
2534.034989  	4.451209 
2535.466647  	4.457793 
2536.898305  	4.463800 
2538.329964  	4.460139 
2539.761622  	4.472360 
2541.193280  	4.474253 
2542.624938  	4.477773 
2544.056596  	4.491035 
2545.488254  	4.489798 
2546.919913  	4.503058 
2548.351571  	4.517677 
2549.783229  	4.518396 
2551.214887  	4.534590 
2552.646545  	4.542931 
2554.078204  	4.549612 
2555.509862  	4.569598 
2556.941520  	4.577754 
2558.373178  	4.597059 
2559.804836  	4.617444 
2561.236495  	4.621018 
2562.668153  	4.642582 
2564.099811  	4.662075 
2565.531469  	4.675477 
2566.963127  	4.701391 
2568.394785  	4.716337 
2569.826444  	4.739130 
2571.258102  	4.766580 
2572.689760  	4.778660 
2574.121418  	4.807673 
2575.553076  	4.836471 
2576.984735  	4.857502 
2578.416393  	4.892926 
2579.848051  	4.917922 
2581.279709  	4.946733 
2582.711367  	4.984886 
2584.143026  	5.010218 
2585.574684  	5.048402 
2587.006342  	5.086155 
2588.438000  	5.117252 
2589.869658  	5.165325 
2591.301316  	5.202142 
2592.732975  	5.241418 
2594.164633  	5.295769 
2595.596291  	5.334847 
2597.027949  	5.381648 
2598.459607  	5.430273 
2599.891266  	5.469905 
2601.322924  	5.529513 
2602.754582  	5.583619 
2604.186240  	5.636809 
2605.617898  	5.706689 
2607.049556  	5.760775 
2608.481215  	5.819765 
2609.912873  	5.888437 
2611.344531  	5.947574 
2612.776189  	6.022338 
2614.207847  	6.095030 
2615.639506  	6.161225 
2617.071164  	6.242015 
2618.502822  	6.316703 
2619.934480  	6.398769 
2621.366138  	6.486842 
2622.797797  	6.562398 
2624.229455  	6.654208 
2625.661113  	6.747616 
2627.092771  	6.835364 
2628.524429  	6.937416 
2629.956087  	7.030932 
2631.387746  	7.132150 
2632.819404  	7.243608 
2634.251062  	7.339144 
2635.682720  	7.450599 
2637.114378  	7.565676 
2638.546037  	7.670260 
2639.977695  	7.795996 
2641.409353  	7.915010 
2642.841011  	8.027846 
2644.272669  	8.155558 
2645.704328  	8.272908 
2647.135986  	8.396437 
2648.567644  	8.524143 
2649.999302  	8.637851 
2651.430960  	8.762565 
2652.862618  	8.883826 
2654.294277  	8.998382 
2655.725935  	9.119463 
2657.157593  	9.225045 
2658.589251  	9.327438 
2660.020909  	9.421175 
2661.452568  	9.490747 
2662.884226  	9.558894 
2664.315884  	9.600315 
2665.747542  	9.612843 
2667.179200  	9.628194 
2668.610858  	9.628767 
2670.042517  	9.628534 
2671.474175  	9.633414 
2672.905833  	9.623095 
2674.337491  	9.621252 
2675.769149  	9.617163 
2677.200808  	9.606551 
2678.632466  	9.611024 
2680.064124  	9.602611 
2681.495782  	9.593446 
2682.927440  	9.597265 
2684.359099  	9.586303 
2685.790757  	9.582375 
2687.222415  	9.580699 
2688.654073  	9.567015 
2690.085731  	9.567803 
2691.517389  	9.561874 
2692.949048  	9.549073 
2694.380706  	9.548636 
2695.812364  	9.538523 
2697.244022  	9.533410 
2698.675680  	9.533239 
2700.107339  	9.520904 
2701.538997  	9.517992 
2702.970655  	9.512887 
2704.402313  	9.505326 
2705.833971  	9.506956 
2707.265630  	9.494695 
2708.697288  	9.487159 
2710.128946  	9.487494 
2711.560604  	9.475398 
2712.992262  	9.471862 
2714.423920  	9.464786 
2715.855579  	9.453680 
2717.287237  	9.456687 
2718.718895  	9.445590 
2720.150553  	9.435179 
2721.582211  	9.437586 
2723.013870  	9.427943 
2724.445528  	9.425837 
2725.877186  	9.424406 
2727.308844  	9.413474 
2728.740502  	9.412397 
2730.172160  	9.401508 
2731.603819  	9.392733 
2733.035477  	9.397523 
2734.467135  	9.387420 
2735.898793  	9.382414 
2737.330451  	9.381329 
2738.762110  	9.369544 
2740.193768  	9.369383 
2741.625426  	9.363046 
2743.057084  	9.354139 
2744.488742  	9.357719 
2745.920401  	9.345374 
2747.352059  	9.336623 
2748.783717  	9.338497 
2750.215375  	9.327565 
2751.647033  	9.323799 
2753.078691  	9.318569 
2754.510350  	9.306911 
2755.942008  	9.306262 
2757.373666  	9.298044 
2758.805324  	9.290969 
2760.236982  	9.289183 
2761.668641  	9.278084 
2763.100299  	9.276244 
2764.531957  	9.270641 
2765.963615  	9.258746 
2767.395273  	9.260183 
2768.826931  	9.251553 
2770.258590  	9.244297 
2771.690248  	9.245925 
2773.121906  	9.231567 
2774.553564  	9.225366 
2775.985222  	9.223572 
2777.416881  	9.212351 
2778.848539  	9.213197 
2780.280197  	9.205654 
2781.711855  	9.192481 
2783.143513  	9.191907 
2784.575172  	9.182726 
2786.006830  	9.177231 
2787.438488  	9.174184 
2788.870146  	9.160732 
2790.301804  	9.157572 
2791.733462  	9.149736 
2793.165121  	9.137656 
2794.596779  	9.136505 
2796.028437  	9.124313 
2797.460095  	9.114914 
2798.891753  	9.111647 
2800.323412  	9.099348 
2801.755070  	9.097577 
2803.186728  	9.089937 
2804.618386  	9.073961 
2806.050044  	9.072779 
2807.481703  	9.063979 
2808.913361  	9.054667 
2810.345019  	9.051544 
2811.776677  	9.035993 
2813.208335  	9.029110 
2814.639993  	9.023073 
2816.071652  	9.008149 
2817.503310  	9.003980 
2818.934968  	8.992127 
2820.366626  	8.979316 
2821.798284  	8.976417 
2823.229943  	8.963170 
2824.661601  	8.956109 
2826.093259  	8.949035 
2827.524917  	8.930876 
2828.956575  	8.923746 
2830.388233  	8.910498 
2831.819892  	8.894970 
2833.251550  	8.891277 
2834.683208  	8.875812 
2836.114866  	8.860826 
2837.546524  	8.843581 
2838.978183  	8.815488 
2840.409841  	8.804691 
2841.841499  	8.788059 
2843.273157  	8.759252 
2844.704815  	8.742779 
2846.136474  	8.714698 
2847.568132  	8.683928 
2848.999790  	8.659427 
2850.431448  	8.622900 
2851.863106  	8.598622 
2853.294764  	8.581824 
2854.726423  	8.561749 
2856.158081  	8.556210 
2857.589739  	8.547288 
2859.021397  	8.540816 
2860.453055  	8.545029 
2861.884714  	8.538805 
2863.316372  	8.538504 
2864.748030  	8.538276 
2866.179688  	8.525759 
2867.611346  	8.521607 
2869.043005  	8.511009 
2870.474663  	8.497148 
2871.906321  	8.492580 
2873.337979  	8.476222 
2874.769637  	8.464636 
2876.201295  	8.462230 
2877.632954  	8.452445 
2879.064612  	8.447191 
2880.496270  	8.435482 
2881.927928  	8.420868 
2883.359586  	8.415052 
2884.791245  	8.398775 
2886.222903  	8.386036 
2887.654561  	8.376084 
2889.086219  	8.354180 
2890.517877  	8.342876 
2891.949535  	8.326874 
2893.381194  	8.299098 
2894.812852  	8.281542 
2896.244510  	8.258381 
2897.676168  	8.237692 
2899.107826  	8.224597 
2900.539485  	8.200049 
2901.971143  	8.181553 
2903.402801  	8.162365 
2904.834459  	8.135517 
2906.266117  	8.118833 
2907.697776  	8.092162 
2909.129434  	8.061504 
2910.561092  	8.039045 
2911.992750  	8.003770 
2913.424408  	7.972016 
2914.856066  	7.944120 
2916.287725  	7.906993 
2917.719383  	7.877443 
2919.151041  	7.842534 
2920.582699  	7.804851 
2922.014357  	7.779469 
2923.446016  	7.748910 
2924.877674  	7.725079 
2926.309332  	7.711504 
2927.740990  	7.695780 
2929.172648  	7.691808 
2930.604306  	7.688440 
2932.035965  	7.683760 
2933.467623  	7.688707 
2934.899281  	7.688246 
2936.330939  	7.691325 
2937.762597  	7.695987 
2939.194256  	7.693008 
2940.625914  	7.699983 
2942.057572  	7.698203 
2943.489230  	7.686335 
2944.920888  	7.684815 
2946.352547  	7.670860 
2947.784205  	7.653698 
2949.215863  	7.645519 
2950.647521  	7.628267 
2952.079179  	7.613178 
2953.510837  	7.592137 
2954.942496  	7.564251 
2956.374154  	7.551259 
2957.805812  	7.533041 
2959.237470  	7.514531 
2960.669128  	7.506549 
2962.100787  	7.490275 
2963.532445  	7.483589 
2964.964103  	7.481566 
2966.395761  	7.470348 
2967.827419  	7.472338 
2969.259078  	7.473762 
2970.690736  	7.471054 
2972.122394  	7.469418 
2973.554052  	7.448886 
2974.985710  	7.438817 
2976.417368  	7.445866 
2977.849027  	7.437377 
2979.280685  	7.427223 
2980.712343  	7.415843 
2982.144001  	7.403276 
2983.575659  	7.404076 
2985.007318  	7.394782 
2986.438976  	7.373918 
2987.870634  	7.354542 
2989.302292  	7.340238 
2990.733950  	7.339701 
2992.165608  	7.322968 
2993.597267  	7.291063 
2995.028925  	7.280962 
2996.460583  	7.276071 
2997.892241  	7.269473 
2999.323899  	7.261552 
3000.755558  	7.241440 
3002.187216  	7.225745 
3003.618874  	7.199628 
3005.050532  	7.170485 
3006.482190  	7.175117 
3007.913849  	7.172225 
3009.345507  	7.140928 
3010.777165  	7.101684 
3012.208823  	7.057540 
3013.640481  	7.045284 
3015.072139  	7.053348 
3016.503798  	7.043004 
3017.935456  	7.043757 
3019.367114  	7.044865 
3020.798772  	7.026533 
3022.230430  	7.015901 
3023.662089  	7.000757 
3025.093747  	6.975654 
3026.525405  	6.961645 
3027.957063  	6.956520 
3029.388721  	6.931257 
3030.820380  	6.863910 
3032.252038  	6.824050 
3033.683696  	6.847415 
3035.115354  	6.852988 
3036.547012  	6.848426 
3037.978670  	6.863358 
3039.410329  	6.849368 
3040.841987  	6.830830 
3042.273645  	6.821980 
3043.705303  	6.797948 
3045.136961  	6.790958 
3046.568620  	6.778520 
3048.000278  	6.736454 
3049.431936  	6.713087 
3050.863594  	6.710451 
3052.295252  	6.714735 
3053.726910  	6.708341 
3055.158569  	6.663249 
3056.590227  	6.627065 
3058.021885  	6.630088 
3059.453543  	6.635977 
3060.885201  	6.633412 
3062.316860  	6.615084 
3063.748518  	6.576662 
3065.180176  	6.539004 
3066.611834  	6.521437 
3068.043492  	6.533789 
3069.475151  	6.551296 
3070.906809  	6.548285 
3072.338467  	6.537713 
3073.770125  	6.526487 
3075.201783  	6.513791 
3076.633441  	6.492796 
3078.065100  	6.455705 
3079.496758  	6.425349 
3080.928416  	6.411221 
3082.360074  	6.407433 
3083.791732  	6.417358 
3085.223391  	6.417638 
3086.655049  	6.401526 
3088.086707  	6.393377 
3089.518365  	6.385967 
3090.950023  	6.372720 
3092.381682  	6.363106 
3093.813340  	6.339807 
3095.244998  	6.296609 
3096.676656  	6.274413 
3098.108314  	6.285027 
3099.539972  	6.271641 
3100.971631  	6.227926 
3102.403289  	6.218886 
3103.834947  	6.241596 
3105.266605  	6.248117 
3106.698263  	6.234613 
3108.129922  	6.212004 
3109.561580  	6.195442 
3110.993238  	6.189929 
3112.424896  	6.178814 
3113.856554  	6.157994 
3115.288212  	6.128098 
3116.719871  	6.099845 
3118.151529  	6.092923 
3119.583187  	6.096246 
3121.014845  	6.087098 
3122.446503  	6.063602 
3123.878162  	6.053868 
3125.309820  	6.067438 
3126.741478  	6.061601 
3128.173136  	6.050146 
3129.604794  	6.068474 
3131.036453  	6.058127 
3132.468111  	6.011452 
3133.899769  	5.998321 
3135.331427  	6.013543 
3136.763085  	6.020302 
3138.194743  	6.010806 
3139.626402  	5.995522 
3141.058060  	5.989471 
3142.489718  	5.978387 
3143.921376  	5.965430 
3145.353034  	5.962921 
3146.784693  	5.950637 
3148.216351  	5.938544 
3149.648009  	5.933029 
3151.079667  	5.914973 
3152.511325  	5.901153 
3153.942983  	5.895636 
3155.374642  	5.889974 
3156.806300  	5.889120 
3158.237958  	5.878541 
3159.669616  	5.865357 
3161.101274  	5.859657 
3162.532933  	5.848190 
3163.964591  	5.840511 
3165.396249  	5.832844 
3166.827907  	5.817742 
3168.259565  	5.807667 
3169.691224  	5.796643 
3171.122882  	5.791138 
3172.554540  	5.788649 
3173.986198  	5.776332 
3175.417856  	5.770450 
3176.849514  	5.745662 
3178.281173  	5.705331 
3179.712831  	5.712944 
3181.144489  	5.733996 
3182.576147  	5.723846 
3184.007805  	5.707820 
3185.439464  	5.689909 
3186.871122  	5.689583 
3188.302780  	5.701954 
3189.734438  	5.690293 
3191.166096  	5.680758 
3192.597755  	5.676988 
3194.029413  	5.665510 
3195.461071  	5.657212 
3196.892729  	5.624979 
3198.324387  	5.598520 
3199.756045  	5.618159 
3201.187704  	5.630370 
3202.619362  	5.627658 
3204.051020  	5.626468 
3205.482678  	5.616627 
3206.914336  	5.617436 
3208.345995  	5.598587 
3209.777653  	5.561256 
3211.209311  	5.571241 
3212.640969  	5.577756 
3214.072627  	5.544236 
3215.504285  	5.545124 
3216.935944  	5.568858 
3218.367602  	5.556280 
3219.799260  	5.529666 
3221.230918  	5.530097 
3222.662576  	5.550520 
3224.094235  	5.558919 
3225.525893  	5.553096 
3226.957551  	5.539356 
3228.389209  	5.521862 
3229.820867  	5.522309 
3231.252526  	5.525050 
3232.684184  	5.517960 
3234.115842  	5.524524 
3235.547500  	5.523498 
3236.979158  	5.513069 
3238.410816  	5.519882 
3239.842475  	5.519824 
3241.274133  	5.521459 
3242.705791  	5.529872 
3244.137449  	5.499661 
3245.569107  	5.474370 
3247.000766  	5.501517 
3248.432424  	5.524362 
3249.864082  	5.526695 
3251.295740  	5.531151 
3252.727398  	5.518109 
3254.159057  	5.493987 
3255.590715  	5.492244 
3257.022373  	5.508874 
3258.454031  	5.519428 
3259.885689  	5.520314 
3261.317347  	5.524084 
3262.749006  	5.530819 
3264.180664  	5.532060 
3265.612322  	5.531795 
3267.043980  	5.537681 
3268.475638  	5.544201 
3269.907297  	5.541387 
3271.338955  	5.529344 
3272.770613  	5.511029 
3274.202271  	5.493527 
3275.633929  	5.492215 
3277.065587  	5.508310 
3278.497246  	5.529274 
3279.928904  	5.545179 
3281.360562  	5.547440 
3282.792220  	5.540652 
3284.223878  	5.541805 
3285.655537  	5.553859 
3287.087195  	5.559997 
3288.518853  	5.551962 
3289.950511  	5.542645 
3291.382169  	5.531442 
3292.813828  	5.520154 
3294.245486  	5.534197 
3295.677144  	5.552688 
3297.108802  	5.545008 
3298.540460  	5.544389 
3299.972118  	5.559668 
3301.403777  	5.565694 
3302.835435  	5.565464 
3304.267093  	5.562640 
3305.698751  	5.562160 
3307.130409  	5.549798 
3308.562068  	5.513482 
3309.993726  	5.510032 
3311.425384  	5.540634 
3312.857042  	5.542269 
3314.288700  	5.544096 
3315.720359  	5.566326 
3317.152017  	5.567451 
3318.583675  	5.564022 
3320.015333  	5.570389 
3321.446991  	5.565957 
3322.878649  	5.557766 
3324.310308  	5.549286 
3325.741966  	5.539848 
3327.173624  	5.539330 
3328.605282  	5.548996 
3330.036940  	5.564539 
3331.468599  	5.570801 
3332.900257  	5.562565 
3334.331915  	5.545721 
3335.763573  	5.517370 
3337.195231  	5.505040 
3338.626889  	5.529757 
3340.058548  	5.553447 
3341.490206  	5.556344 
3342.921864  	5.556685 
3344.353522  	5.558040 
3345.785180  	5.556700 
3347.216839  	5.553213 
3348.648497  	5.549609 
3350.080155  	5.545240 
3351.511813  	5.538712 
3352.943471  	5.534505 
3354.375130  	5.521841 
3355.806788  	5.498173 
3357.238446  	5.495908 
3358.670104  	5.509264 
3360.101762  	5.497065 
3361.533420  	5.476704 
3362.965079  	5.476525 
3364.396737  	5.468298 
3365.828395  	5.443775 
3367.260053  	5.435366 
3368.691711  	5.446946 
3370.123370  	5.462800 
3371.555028  	5.475757 
3372.986686  	5.479094 
3374.418344  	5.474069 
3375.850002  	5.466576 
3377.281660  	5.460524 
3378.713319  	5.455621 
3380.144977  	5.447734 
3381.576635  	5.440003 
3383.008293  	5.419630 
3384.439951  	5.385545 
3385.871610  	5.381306 
3387.303268  	5.401136 
3388.734926  	5.409587 
3390.166584  	5.403532 
3391.598242  	5.349081 
3393.029901  	5.289934 
3394.461559  	5.318749 
3395.893217  	5.341947 
3397.324875  	5.298569 
3398.756533  	5.298795 
3400.188191  	5.326635 
3401.619850  	5.312654 
3403.051508  	5.300952 
3404.483166  	5.305766 
3405.914824  	5.310366 
3407.346482  	5.309432 
3408.778141  	5.294616 
3410.209799  	5.285719 
3411.641457  	5.281130 
3413.073115  	5.268587 
3414.504773  	5.260555 
3415.936432  	5.255658 
3417.368090  	5.248942 
3418.799748  	5.205012 
3420.231406  	5.114331 
3421.663064  	5.078011 
3423.094722  	5.131225 
3424.526381  	5.183796 
3425.958039  	5.192141 
3427.389697  	5.177800 
3428.821355  	5.162205 
3430.253013  	5.146558 
3431.684672  	5.131375 
3433.116330  	5.129219 
3434.547988  	5.129575 
3435.979646  	5.121204 
3437.411304  	5.106876 
3438.842962  	5.099193 
3440.274621  	5.093373 
3441.706279  	5.035498 
3443.137937  	4.989602 
3444.569595  	5.017545 
3446.001253  	4.939470 
3447.432912  	4.805915 
3448.864570  	4.891871 
3450.296228  	5.043133 
3451.727886  	5.052937 
3453.159544  	5.043585 
3454.591203  	5.040242 
3456.022861  	5.014191 
3457.454519  	5.007059 
3458.886177  	4.991477 
3460.317835  	4.962085 
3461.749493  	4.922859 
3463.181152  	4.906102 
3464.612810  	4.949319 
3466.044468  	4.949010 
3467.476126  	4.912057 
3468.907784  	4.939045 
3470.339443  	4.956312 
3471.771101  	4.947219 
3473.202759  	4.942638 
3474.634417  	4.898419 
3476.066075  	4.887588 
3477.497734  	4.930092 
3478.929392  	4.912315 
3480.361050  	4.821618 
3481.792708  	4.728980 
3483.224366  	4.740965 
3484.656024  	4.846711 
3486.087683  	4.862726 
3487.519341  	4.793940 
3488.950999  	4.793628 
3490.382657  	4.847605 
3491.814315  	4.883615 
3493.245974  	4.882839 
3494.677632  	4.838995 
3496.109290  	4.783639 
3497.540948  	4.781037 
3498.972606  	4.830899 
3500.404264  	4.806759 
3501.835923  	4.642452 
3503.267581  	4.491544 
3504.699239  	4.541512 
3506.130897  	4.739552 
3507.562555  	4.796835 
3508.994214  	4.643855 
3510.425872  	4.586706 
3511.857530  	4.709556 
3513.289188  	4.791642 
3514.720846  	4.811476 
3516.152505  	4.830178 
3517.584163  	4.792920 
3519.015821  	4.753777 
3520.447479  	4.765956 
3521.879137  	4.671944 
3523.310795  	4.470083 
3524.742454  	4.425396 
3526.174112  	4.488076 
3527.605770  	4.439065 
3529.037428  	4.440309 
3530.469086  	4.567739 
3531.900745  	4.668263 
3533.332403  	4.761278 
3534.764061  	4.743965 
3536.195719  	4.585653 
3537.627377  	4.589517 
3539.059035  	4.717551 
3540.490694  	4.745012 
3541.922352  	4.702193 
3543.354010  	4.545449 
3544.785668  	4.286530 
3546.217326  	4.111027 
3547.648985  	4.170482 
3549.080643  	4.459968 
3550.512301  	4.586524 
3551.943959  	4.383512 
3553.375617  	4.320525 
3554.807276  	4.508015 
3556.238934  	4.627285 
3557.670592  	4.625248 
3559.102250  	4.536174 
3560.533908  	4.420956 
3561.965566  	4.386904 
3563.397225  	4.356087 
3564.828883  	4.102787 
3566.260541  	3.546789 
3567.692199  	3.203244 
3569.123857  	3.594235 
3570.555516  	4.235114 
3571.987174  	4.501989 
3573.418832  	4.505953 
3574.850490  	4.456842 
3576.282148  	4.424210 
3577.713807  	4.424151 
3579.145465  	4.388634 
3580.577123  	4.367143 
3582.008781  	4.390554 
3583.440439  	4.383780 
3584.872097  	4.218654 
3586.303756  	3.714928 
3587.735414  	3.210648 
3589.167072  	3.386827 
3590.598730  	4.019540 
3592.030388  	4.272024 
3593.462047  	4.047155 
3594.893705  	3.835976 
3596.325363  	3.868921 
3597.757021  	4.031170 
3599.188679  	4.080141 
3600.620337  	3.985141 
3602.051996  	4.030724 
3603.483654  	4.238116 
3604.915312  	4.298301 
3606.346970  	4.055178 
3607.778628  	3.594114 
3609.210287  	3.377367 
3610.641945  	3.627624 
3612.073603  	3.682547 
3613.505261  	3.437311 
3614.936919  	3.583693 
3616.368578  	3.827488 
3617.800236  	3.554234 
3619.231894  	3.166026 
3620.663552  	3.275079 
3622.095210  	3.836897 
3623.526868  	4.214005 
3624.958527  	4.183834 
3626.390185  	3.981450 
3627.821843  	3.226511 
3629.253501  	2.383008 
3630.685159  	2.849965 
3632.116818  	3.834915 
3633.548476  	3.927511 
3634.980134  	3.912053 
3636.411792  	4.230344 
3637.843450  	4.248186 
3639.275109  	4.217065 
3640.706767  	4.295097 
3642.138425  	4.179094 
3643.570083  	4.173261 
3645.001741  	4.143974 
3646.433399  	3.497913 
3647.865058  	2.725274 
3649.296716  	2.405014 
3650.728374  	2.402261 
3652.160032  	3.041461 
3653.591690  	4.014306 
3655.023349  	3.982171 
3656.455007  	3.411223 
3657.886665  	3.675959 
3659.318323  	4.232117 
3660.749981  	4.343473 
3662.181639  	4.358713 
3663.613298  	4.398564 
3665.044956  	4.389780 
3666.476614  	4.310998 
3667.908272  	3.915126 
3669.339930  	3.121662 
3670.771589  	2.670181 
3672.203247  	3.261103 
3673.634905  	3.582051 
3675.066563  	2.600011 
3676.498221  	2.261663 
3677.929880  	3.238434 
3679.361538  	3.740074 
3680.793196  	3.882640 
3682.224854  	4.277846 
3683.656512  	4.307022 
3685.088170  	4.251602 
3686.519829  	4.065166 
3687.951487  	3.262879 
3689.383145  	2.776388 
3690.814803  	3.003974 
3692.246461  	3.393342 
3693.678120  	3.940292 
3695.109778  	4.291268 
3696.541436  	4.209457 
3697.973094  	4.271284 
3699.404752  	4.325734 
3700.836411  	3.923818 
3702.268069  	3.626173 
3703.699727  	3.893365 
3705.131385  	4.267957 
3706.563043  	4.291285 
3707.994701  	4.008841 
3709.426360  	3.563337 
3710.858018  	3.084280 
3712.289676  	2.895781 
3713.721334  	3.289158 
3715.152992  	4.000501 
3716.584651  	4.337960 
3718.016309  	4.192752 
3719.447967  	4.071803 
3720.879625  	3.956955 
3722.311283  	3.688352 
3723.742941  	3.647028 
3725.174600  	3.712665 
3726.606258  	3.560908 
3728.037916  	3.755415 
3729.469574  	4.212306 
3730.901232  	3.903899 
3732.332891  	3.224902 
3733.764549  	2.998749 
3735.196207  	2.678098 
3736.627865  	2.513827 
3738.059523  	3.203508 
3739.491182  	3.775947 
3740.922840  	3.903975 
3742.354498  	3.847905 
3743.786156  	2.855585 
3745.217814  	2.141366 
3746.649472  	3.044292 
3748.081131  	3.516280 
3749.512789  	2.840109 
3750.944447  	2.551451 
3752.376105  	2.690369 
3753.807763  	3.259475 
3755.239422  	4.117352 
3756.671080  	4.215818 
3758.102738  	3.955369 
3759.534396  	3.883818 
3760.966054  	3.939557 
3762.397712  	4.527585 
3763.829371  	4.774197 
3765.261029  	4.199159 
3766.692687  	4.185407 
3768.124345  	4.438816 
3769.556003  	4.027254 
3770.987662  	3.953713 
3772.419320  	4.566004 
3773.850978  	4.944924 
3775.282636  	4.961272 
3776.714294  	4.953938 
3778.145953  	4.688176 
3779.577611  	4.195387 
3781.009269  	4.327547 
3782.440927  	4.878887 
3783.872585  	4.804165 
3785.304243  	4.584184 
3786.735902  	4.805987 
3788.167560  	4.969197 
3789.599218  	5.041148 
3791.030876  	5.076767 
3792.462534  	5.036587 
3793.894193  	5.078206 
3795.325851  	4.717720 
3796.757509  	4.150348 
3798.189167  	4.322550 
3799.620825  	4.426441 
3801.052484  	3.539302 
3802.484142  	3.130844 
3803.915800  	4.106776 
3805.347458  	4.615504 
3806.779116  	3.873287 
3808.210774  	3.844703 
3809.642433  	4.793500 
3811.074091  	5.110160 
3812.505749  	5.096826 
3813.937407  	4.999559 
3815.369065  	4.024359 
3816.800724  	3.447381 
3818.232382  	4.149451 
3819.664040  	4.195151 
3821.095698  	3.203542 
3822.527356  	3.271999 
3823.959014  	4.440240 
3825.390673  	4.791809 
3826.822331  	4.428011 
3828.253989  	4.640466 
3829.685647  	4.897215 
3831.117305  	4.523314 
3832.548964  	4.261368 
3833.980622  	4.319883 
3835.412280  	4.162262 
3836.843938  	3.728916 
3838.275596  	3.355267 
3839.707255  	3.427582 
3841.138913  	3.879561 
3842.570571  	4.198512 
3844.002229  	4.303854 
3845.433887  	4.612872 
3846.865545  	5.084252 
3848.297204  	5.130067 
3849.728862  	4.786205 
3851.160520  	4.196596 
3852.592178  	2.979939 
3854.023836  	2.165902 
3855.455495  	2.927400 
3856.887153  	4.067577 
3858.318811  	4.682828 
3859.750469  	4.967900 
3861.182127  	4.707180 
3862.613786  	4.349753 
3864.045444  	4.082977 
3865.477102  	3.831790 
3866.908760  	4.361153 
3868.340418  	4.543866 
3869.772076  	3.516561 
3871.203735  	3.507893 
3872.635393  	4.394700 
3874.067051  	4.247420 
3875.498709  	4.243945 
3876.930367  	5.032245 
3878.362026  	5.090812 
3879.793684  	4.313691 
3881.225342  	3.913643 
3882.657000  	4.403022 
3884.088658  	4.648149 
3885.520316  	3.933668 
3886.951975  	3.913300 
3888.383633  	4.894742 
3889.815291  	4.925669 
3891.246949  	4.177421 
3892.678607  	4.160474 
3894.110266  	4.709536 
3895.541924  	5.094379 
3896.973582  	5.044871 
3898.405240  	4.512427 
3899.836898  	3.941830 
3901.268557  	3.799120 
3902.700215  	3.784005 
3904.131873  	3.648669 
3905.563531  	3.902611 
3906.995189  	4.580270 
3908.426847  	5.064819 
3909.858506  	5.241171 
3911.290164  	5.230825 
3912.721822  	5.192761 
3914.153480  	5.230275 
3915.585138  	4.941622 
3917.016797  	4.491320 
3918.448455  	4.470414 
3919.880113  	4.614893 
3921.311771  	4.770046 
3922.743429  	4.941592 
3924.175088  	4.730532 
3925.606746  	4.565838 
3927.038404  	4.886642 
3928.470062  	5.047244 
3929.901720  	4.852751 
3931.333378  	4.632552 
3932.765037  	4.487249 
3934.196695  	4.670435 
3935.628353  	5.047151 
3937.060011  	5.121911 
3938.491669  	5.061248 
3939.923328  	5.105377 
3941.354986  	4.943500 
3942.786644  	4.624366 
3944.218302  	4.661475 
3945.649960  	4.936098 
3947.081618  	4.899161 
3948.513277  	4.677397 
3949.944935  	4.679284 
3951.376593  	4.827212 
3952.808251  	4.953379 
3954.239909  	5.030731 
3955.671568  	5.023305 
3957.103226  	4.989145 
3958.534884  	4.995590 
3959.966542  	4.989942 
3961.398200  	4.925663 
3962.829859  	4.887807 
3964.261517  	4.963186 
3965.693175  	5.040520 
3967.124833  	5.021763 
3968.556491  	4.981146 
3969.988149  	4.954106 
3971.419808  	4.940920 
3972.851466  	4.937823 
3974.283124  	4.904048 
3975.714782  	4.885590 
3977.146440  	4.920482 
3978.578099  	4.957023 
3980.009757  	4.965261 
3981.441415  	4.937936 
3982.873073  	4.919297 
3984.304731  	4.936019 
3985.736389  	4.937323 
3987.168048  	4.939965 
3988.599706  	4.934233 
3990.031364  	4.874588 
3991.463022  	4.851708 
3992.894680  	4.879725 
3994.326339  	4.865635 
3995.757997  	4.849874 
3997.189655  	4.875128 
3998.621313  	4.893080 
4000.052971  	4.888171 
4001.484630  	4.875967 
4002.916288  	4.864226 
4004.347946  	4.855304 
4005.779604  	4.850576 
4007.211262  	4.827029 
4008.642920  	4.783159 
4010.074579  	4.785631 
4011.506237  	4.817574 
4012.937895  	4.808769 
4014.369553  	4.798846 
4015.801211  	4.801721 
4017.232870  	4.784763 
4018.664528  	4.769368 
4020.096186  	4.757470 
4021.527844  	4.759927 
4022.959502  	4.773254 
4024.391161  	4.743111 
4025.822819  	4.711775 
4027.254477  	4.726340 
4028.686135  	4.733749 
4030.117793  	4.725677 
4031.549451  	4.721227 
4032.981110  	4.715451 
4034.412768  	4.712347 
4035.844426  	4.705718 
4037.276084  	4.701369 
4038.707742  	4.696661 
4040.139401  	4.683372 
4041.571059  	4.681864 
4043.002717  	4.662920 
4044.434375  	4.615652 
4045.866033  	4.609736 
4047.297691  	4.639621 
4048.729350  	4.650210 
4050.161008  	4.643445 
4051.592666  	4.630944 
4053.024324  	4.623405 
4054.455982  	4.622585 
4055.887641  	4.617820 
4057.319299  	4.612840 
4058.750957  	4.601427 
4060.182615  	4.585435 
4061.614273  	4.581234 
4063.045932  	4.581251 
4064.477590  	4.578133 
4065.909248  	4.572367 
4067.340906  	4.563655 
4068.772564  	4.556811 
4070.204222  	4.550105 
4071.635881  	4.546018 
4073.067539  	4.538976 
4074.499197  	4.523398 
4075.930855  	4.522145 
4077.362513  	4.525140 
4078.794172  	4.505338 
4080.225830  	4.488484 
4081.657488  	4.490821 
4083.089146  	4.496268 
4084.520804  	4.496493 
4085.952463  	4.485772 
4087.384121  	4.469192 
4088.815779  	4.458788 
4090.247437  	4.460045 
4091.679095  	4.465639 
4093.110753  	4.460082 
4094.542412  	4.454399 
4095.974070  	4.454404 
4097.405728  	4.444571 
4098.837386  	4.437678 
4100.269044  	4.436121 
4101.700703  	4.427735 
4103.132361  	4.421193 
4104.564019  	4.403822 
4105.995677  	4.381448 
4107.427335  	4.386230 
4108.858993  	4.396453 
4110.290652  	4.392620 
4111.722310  	4.389492 
4113.153968  	4.386573 
4114.585626  	4.385476 
4116.017284  	4.382650 
4117.448943  	4.373088 
4118.880601  	4.368501 
4120.312259  	4.363344 
4121.743917  	4.355437 
4123.175575  	4.353202 
4124.607234  	4.348250 
4126.038892  	4.342385 
4127.470550  	4.337081 
4128.902208  	4.328452 
4130.333866  	4.327157 
4131.765524  	4.323649 
4133.197183  	4.307735 
4134.628841  	4.298842 
4136.060499  	4.301368 
4137.492157  	4.301239 
4138.923815  	4.294400 
4140.355474  	4.289463 
4141.787132  	4.290664 
4143.218790  	4.287861 
4144.650448  	4.282831 
4146.082106  	4.280838 
4147.513764  	4.274502 
4148.945423  	4.268454 
4150.377081  	4.264950 
4151.808739  	4.260144 
4153.240397  	4.258341 
4154.672055  	4.253495 
4156.103714  	4.246784 
4157.535372  	4.244938 
4158.967030  	4.239534 
4160.398688  	4.235133 
4161.830346  	4.234093 
4163.262005  	4.227762 
4164.693663  	4.224310 
4166.125321  	4.223644 
4167.556979  	4.219928 
4168.988637  	4.216761 
4170.420295  	4.210131 
4171.851954  	4.204076 
4173.283612  	4.201069 
4174.715270  	4.194428 
4176.146928  	4.190964 
4177.578586  	4.189067 
4179.010245  	4.184397 
4180.441903  	4.182457 
4181.873561  	4.177265 
4183.305219  	4.173056 
4184.736877  	4.175074 
4186.168536  	4.171285 
4187.600194  	4.165522 
4189.031852  	4.162414 
4190.463510  	4.158772 
4191.895168  	4.158562 
4193.326826  	4.154981 
4194.758485  	4.148385 
4196.190143  	4.146297 
4197.621801  	4.142677 
4199.053459  	4.140812 
4200.485117  	4.140650 
4201.916776  	4.134548 
4203.348434  	4.129492 
4204.780092  	4.126072 
4206.211750  	4.122259 
4207.643408  	4.120177 
4209.075066  	4.115829 
4210.506725  	4.114009 
4211.938383  	4.113599 
4213.370041  	4.109223 
4214.801699  	4.107070 
4216.233357  	4.101265 
4217.665016  	4.092401 
4219.096674  	4.090447 
4220.528332  	4.087750 
4221.959990  	4.086375 
4223.391648  	4.088678 
4224.823307  	4.085273 
4226.254965  	4.080602 
4227.686623  	4.074059 
4229.118281  	4.067967 
4230.549939  	4.070298 
4231.981597  	4.068260 
4233.413256  	4.063984 
4234.844914  	4.064207 
4236.276572  	4.056509 
4237.708230  	4.049784 
4239.139888  	4.048976 
4240.571547  	4.044277 
4242.003205  	4.042174 
4243.434863  	4.039257 
4244.866521  	4.033857 
4246.298179  	4.033457 
4247.729838  	4.028961 
4249.161496  	4.023830 
4250.593154  	4.023547 
4252.024812  	4.018545 
4253.456470  	4.015164 
4254.888128  	4.016101 
4256.319787  	4.014905 
4257.751445  	4.013011 
4259.183103  	4.007632 
4260.614761  	4.003331 
4262.046419  	4.003336 
4263.478078  	4.000345 
4264.909736  	3.997519 
4266.341394  	3.993332 
4267.773052  	3.986248 
4269.204710  	3.983613 
4270.636368  	3.979307 
4272.068027  	3.973751 
4273.499685  	3.973229 
4274.931343  	3.971077 
4276.363001  	3.968624 
4277.794659  	3.966396 
4279.226318  	3.962052 
4280.657976  	3.960150 
4282.089634  	3.955198 
4283.521292  	3.949324 
4284.952950  	3.949975 
4286.384609  	3.948832 
4287.816267  	3.946655 
4289.247925  	3.945753 
4290.679583  	3.940159 
4292.111241  	3.934440 
4293.542899  	3.931018 
4294.974558  	3.930151 
4296.406216  	3.930238 
4297.837874  	3.923464 
4299.269532  	3.917058 
4300.701190  	3.915110 
4302.132849  	3.910624 
4303.564507  	3.909279 
4304.996165  	3.909095 
4306.427823  	3.903488 
4307.859481  	3.899400 
4309.291140  	3.897937 
4310.722798  	3.896525 
4312.154456  	3.893047 
4313.586114  	3.886062 
4315.017772  	3.881614 
4316.449430  	3.878333 
4317.881089  	3.873623 
4319.312747  	3.870541 
4320.744405  	3.866507 
4322.176063  	3.863500 
4323.607721  	3.861208 
4325.039380  	3.856776 
4326.471038  	3.856108 
4327.902696  	3.853604 
4329.334354  	3.845484 
4330.766012  	3.840130 
4332.197670  	3.835048 
4333.629329  	3.832083 
4335.060987  	3.832926 
4336.492645  	3.829188 
4337.924303  	3.825122 
4339.355961  	3.821745 
4340.787620  	3.816778 
4342.219278  	3.815212 
4343.650936  	3.809831 
4345.082594  	3.802593 
4346.514252  	3.801827 
4347.945911  	3.798961 
4349.377569  	3.795541 
4350.809227  	3.793104 
4352.240885  	3.786413 
4353.672543  	3.783863 
4355.104201  	3.782373 
4356.535860  	3.776198 
4357.967518  	3.772803 
4359.399176  	3.769361 
4360.830834  	3.764941 
4362.262492  	3.760391 
4363.694151  	3.753043 
4365.125809  	3.750399 
4366.557467  	3.748503 
4367.989125  	3.741892 
4369.420783  	3.739634 
4370.852441  	3.737955 
4372.284100  	3.733205 
4373.715758  	3.728737 
4375.147416  	3.722003 
4376.579074  	3.717488 
4378.010732  	3.714444 
4379.442391  	3.709210 
4380.874049  	3.706404 
4382.305707  	3.700890 
4383.737365  	3.694736 
4385.169023  	3.695047 
4386.600682  	3.692662 
4388.032340  	3.687612 
4389.463998  	3.683393 
4390.895656  	3.676188 
4392.327314  	3.670950 
4393.758972  	3.667088 
4395.190631  	3.662896 
4396.622289  	3.661534 
4398.053947  	3.657549 
4399.485605  	3.652268 
4400.917263  	3.648652 
4402.348922  	3.643085 
4403.780580  	3.638440 
4405.212238  	3.632656 
4406.643896  	3.624955 
4408.075554  	3.620827 
4409.507213  	3.617599 
4410.938871  	3.615767 
4412.370529  	3.613426 
4413.802187  	3.605958 
4415.233845  	3.600707 
4416.665503  	3.596846 
4418.097162  	3.591753 
4419.528820  	3.588973 
4420.960478  	3.582632 
4422.392136  	3.577493 
4423.823794  	3.577423 
4425.255453  	3.570571 
4426.687111  	3.560870 
4428.118769  	3.555110 
4429.550427  	3.552050 
4430.982085  	3.552052 
4432.413743  	3.546747 
4433.845402  	3.539605 
4435.277060  	3.537888 
4436.708718  	3.532126 
4438.140376  	3.526691 
4439.572034  	3.524951 
4441.003693  	3.518889 
4442.435351  	3.514408 
4443.867009  	3.508832 
4445.298667  	3.499375 
4446.730325  	3.496031 
4448.161984  	3.491798 
4449.593642  	3.484948 
4451.025300  	3.483744 
4452.456958  	3.480824 
4453.888616  	3.474844 
4455.320274  	3.469276 
4456.751933  	3.463684 
4458.183591  	3.461444 
4459.615249  	3.457028 
4461.046907  	3.449171 
4462.478565  	3.445928 
4463.910224  	3.444137 
4465.341882  	3.439954 
4466.773540  	3.433343 
4468.205198  	3.425912 
4469.636856  	3.422648 
4471.068515  	3.419333 
4472.500173  	3.412692 
4473.931831  	3.407417 
4475.363489  	3.404348 
4476.795147  	3.401743 
4478.226805  	3.395130 
4479.658464  	3.387002 
4481.090122  	3.383599 
4482.521780  	3.377890 
4483.953438  	3.371538 
4485.385096  	3.371144 
4486.816755  	3.368611 
4488.248413  	3.364480 
4489.680071  	3.360257 
4491.111729  	3.351699 
4492.543387  	3.346875 
4493.975045  	3.345002 
4495.406704  	3.340035 
4496.838362  	3.336435 
4498.270020  	3.331557 
4499.701678  	3.326308 
4501.133336  	3.324531 
4502.564995  	3.318877 
4503.996653  	3.310897 
4505.428311  	3.306495 
4506.859969  	3.302846 
4508.291627  	3.298540 
4509.723286  	3.294013 
4511.154944  	3.290776 
4512.586602  	3.286869 
4514.018260  	3.280049 
4515.449918  	3.275391 
4516.881576  	3.271895 
4518.313235  	3.268099 
4519.744893  	3.266076 
4521.176551  	3.260078 
4522.608209  	3.252502 
4524.039867  	3.247912 
4525.471526  	3.242104 
4526.903184  	3.239266 
4528.334842  	3.238051 
4529.766500  	3.232380 
4531.198158  	3.228455 
4532.629817  	3.225416 
4534.061475  	3.220273 
4535.493133  	3.216180 
4536.924791  	3.211557 
4538.356449  	3.208611 
4539.788107  	3.205381 
4541.219766  	3.197796 
4542.651424  	3.192446 
4544.083082  	3.187595 
4545.514740  	3.181516 
4546.946398  	3.178688 
4548.378057  	3.173532 
4549.809715  	3.168665 
4551.241373  	3.168160 
4552.673031  	3.164871 
4554.104689  	3.162178 
4555.536347  	3.160577 
4556.968006  	3.154399 
4558.399664  	3.149474 
4559.831322  	3.147200 
4561.262980  	3.143847 
4562.694638  	3.138751 
4564.126297  	3.133285 
4565.557955  	3.131395 
4566.989613  	3.127480 
4568.421271  	3.120507 
4569.852929  	3.118563 
4571.284588  	3.114748 
4572.716246  	3.108305 
4574.147904  	3.106385 
4575.579562  	3.101948 
4577.011220  	3.096888 
4578.442878  	3.095873 
4579.874537  	3.093932 
4581.306195  	3.093238 
4582.737853  	3.090324 
4584.169511  	3.082468 
4585.601169  	3.077967 
4587.032828  	3.075087 
4588.464486  	3.071660 
4589.896144  	3.068523 
4591.327802  	3.062254 
4592.759460  	3.058026 
4594.191118  	3.057332 
4595.622777  	3.055520 
4597.054435  	3.053308 
4598.486093  	3.048693 
4599.917751  	3.043830 
4601.349409  	3.041554 
4602.781068  	3.038044 
4604.212726  	3.035481 
4605.644384  	3.033146 
4607.076042  	3.029888 
4608.507700  	3.029962 
4609.939359  	3.026630 
4611.371017  	3.019052 
4612.802675  	3.015257 
4614.234333  	3.012265 
4615.665991  	3.009795 
4617.097649  	3.007547 
4618.529308  	3.001263 
4619.960966  	2.995868 
4621.392624  	2.992950 
4622.824282  	2.991209 
4624.255940  	2.990668 
4625.687599  	2.987109 
4627.119257  	2.983781 
4628.550915  	2.981589 
4629.982573  	2.976932 
4631.414231  	2.975309 
4632.845890  	2.973848 
4634.277548  	2.968757 
4635.709206  	2.966426 
4637.140864  	2.964589 
4638.572522  	2.962155 
4640.004180  	2.960166 
4641.435839  	2.955089 
4642.867497  	2.951911 
4644.299155  	2.949750 
4645.730813  	2.944440 
4647.162471  	2.942091 
4648.594130  	2.939958 
4650.025788  	2.936297 
4651.457446  	2.936594 
4652.889104  	2.935556 
4654.320762  	2.931005 
4655.752420  	2.927347 
4657.184079  	2.925943 
4658.615737  	2.926125 
4660.047395  	2.922726 
4661.479053  	2.917569 
4662.910711  	2.914581 
4664.342370  	2.910349 
4665.774028  	2.908374 
4667.205686  	2.906478 
4668.637344  	2.899693 
4670.069002  	2.898149 
4671.500661  	2.900021 
4672.932319  	2.897122 
4674.363977  	2.895503 
4675.795635  	2.894283 
4677.227293  	2.890464 
4678.658951  	2.886733 
4680.090610  	2.883231 
4681.522268  	2.882111 
4682.953926  	2.880412 
4684.385584  	2.876772 
4685.817242  	2.875302 
4687.248901  	2.870633 
4688.680559  	2.865417 
4690.112217  	2.867053 
4691.543875  	2.867463 
4692.975533  	2.864569 
4694.407192  	2.862848 
4695.838850  	2.861511 
4697.270508  	2.860349 
4698.702166  	2.855810 
4700.133824  	2.850163 
4701.565482  	2.848019 
4702.997141  	2.844944 
4704.428799  	2.842871 
4705.860457  	2.841911 
4707.292115  	2.838594 
4708.723773  	2.839269 
4710.155432  	2.840135 
4711.587090  	2.834916 
4713.018748  	2.829905 
4714.450406  	2.825953 
4715.882064  	2.823518 
4717.313722  	2.822605 
4718.745381  	2.820275 
4720.177039  	2.821626 
4721.608697  	2.822017 
4723.040355  	2.816070 
4724.472013  	2.813109 
4725.903672  	2.810362 
4727.335330  	2.804280 
4728.766988  	2.801894 
4730.198646  	2.800310 
4731.630304  	2.799348 
4733.061963  	2.800609 
4734.493621  	2.798100 
4735.925279  	2.794686 
4737.356937  	2.792927 
4738.788595  	2.789923 
4740.220253  	2.788368 
4741.651912  	2.788104 
4743.083570  	2.786043 
4744.515228  	2.782531 
4745.946886  	2.779992 
4747.378544  	2.778457 
4748.810203  	2.774335 
4750.241861  	2.771153 
4751.673519  	2.771139 
4753.105177  	2.769290 
4754.536835  	2.768988 
4755.968493  	2.768560 
4757.400152  	2.762788 
4758.831810  	2.760989 
4760.263468  	2.761887 
4761.695126  	2.757123 
4763.126784  	2.752711 
4764.558443  	2.750430 
4765.990101  	2.748660 
4767.421759  	2.748190 
4768.853417  	2.746188 
4770.285075  	2.744115 
4771.716734  	2.741332 
4773.148392  	2.737376 
4774.580050  	2.736311 
4776.011708  	2.733611 
4777.443366  	2.730483 
4778.875024  	2.731406 
4780.306683  	2.727781 
4781.738341  	2.721421 
4783.169999  	2.719376 
4784.601657  	2.717182 
4786.033315  	2.715131 
4787.464974  	2.713280 
4788.896632  	2.709906 
4790.328290  	2.709188 
4791.759948  	2.709475 
4793.191606  	2.707602 
4794.623265  	2.703402 
4796.054923  	2.697854 
4797.486581  	2.696476 
4798.918239  	2.696906 
4800.349897  	2.694335 
4801.781555  	2.692717 
4803.213214  	2.690236 
4804.644872  	2.684675 
4806.076530  	2.680502 
4807.508188  	2.677640 
4808.939846  	2.673829 
4810.371505  	2.668969 
4811.803163  	2.666053 
4813.234821  	2.665869 
4814.666479  	2.663244 
4816.098137  	2.660715 
4817.529795  	2.660917 
4818.961454  	2.657616 
4820.393112  	2.652249 
4821.824770  	2.648498 
4823.256428  	2.645723 
4824.688086  	2.644575 
4826.119745  	2.641545 
4827.551403  	2.637045 
4828.983061  	2.634325 
4830.414719  	2.630093 
4831.846377  	2.626716 
4833.278036  	2.625931 
4834.709694  	2.622861 
4836.141352  	2.619177 
4837.573010  	2.616464 
4839.004668  	2.613608 
4840.436326  	2.611061 
4841.867985  	2.607129 
4843.299643  	2.603633 
4844.731301  	2.602177 
4846.162959  	2.599985 
4847.594617  	2.596056 
4849.026276  	2.590569 
4850.457934  	2.587575 
4851.889592  	2.586622 
4853.321250  	2.581081 
4854.752908  	2.576878 
4856.184567  	2.577430 
4857.616225  	2.574526 
4859.047883  	2.569098 
4860.479541  	2.564528 
4861.911199  	2.561871 
4863.342857  	2.560979 
4864.774516  	2.555749 
4866.206174  	2.550075 
4867.637832  	2.548814 
4869.069490  	2.546463 
4870.501148  	2.545516 
4871.932807  	2.545222 
4873.364465  	2.539726 
4874.796123  	2.534486 
4876.227781  	2.531424 
4877.659439  	2.529117 
4879.091097  	2.526958 
4880.522756  	2.520625 
4881.954414  	2.514899 
4883.386072  	2.512260 
4884.817730  	2.508297 
4886.249388  	2.506262 
4887.681047  	2.503005 
4889.112705  	2.496476 
4890.544363  	2.494339 
4891.976021  	2.492726 
4893.407679  	2.488495 
4894.839338  	2.486075 
4896.270996  	2.483662 
4897.702654  	2.480590 
4899.134312  	2.475335 
4900.565970  	2.468609 
4901.997628  	2.466148 
4903.429287  	2.463236 
4904.860945  	2.457987 
4906.292603  	2.455602 
4907.724261  	2.452752 
4909.155919  	2.449877 
4910.587578  	2.448532 
4912.019236  	2.443749 
4913.450894  	2.438069 
4914.882552  	2.435435 
4916.314210  	2.434458 
4917.745869  	2.432566 
4919.177527  	2.427366 
4920.609185  	2.421808 
4922.040843  	2.418097 
4923.472501  	2.415151 
4924.904159  	2.412010 
4926.335818  	2.405509 
4927.767476  	2.399878 
4929.199134  	2.398622 
4930.630792  	2.394524 
4932.062450  	2.389433 
4933.494109  	2.386782 
4934.925767  	2.381752 
4936.357425  	2.377068 
4937.789083  	2.374259 
4939.220741  	2.370139 
4940.652399  	2.364978 
4942.084058  	2.358860 
4943.515716  	2.356190 
4944.947374  	2.357281 
4946.379032  	2.355326 
4947.810690  	2.351633 
4949.242349  	2.346754 
4950.674007  	2.340651 
4952.105665  	2.337977 
4953.537323  	2.335200 
4954.968981  	2.330659 
4956.400640  	2.326587 
4957.832298  	2.320255 
4959.263956  	2.315113 
4960.695614  	2.311771 
4962.127272  	2.305842 
4963.558930  	2.301883 
4964.990589  	2.301223 
4966.422247  	2.300082 
4967.853905  	2.296066 
4969.285563  	2.288887 
4970.717221  	2.285248 
4972.148880  	2.283534 
4973.580538  	2.278023 
4975.012196  	2.275488 
4976.443854  	2.274698 
4977.875512  	2.270224 
4979.307170  	2.266272 
4980.738829  	2.261403 
4982.170487  	2.256217 
4983.602145  	2.254605 
4985.033803  	2.252090 
4986.465461  	2.248148 
4987.897120  	2.244262 
4989.328778  	2.239409 
4990.760436  	2.235361 
4992.192094  	2.231096 
4993.623752  	2.227173 
4995.055411  	2.224954 
4996.487069  	2.221959 
4997.918727  	2.219145 
4999.350385  	2.215131 
5000.782043  	2.209225 
5002.213701  	2.206146 
5003.645360  	2.203872 
5005.077018  	2.201125 
5006.508676  	2.199039 
5007.940334  	2.194019 
5009.371992  	2.188915 
5010.803651  	2.186339 
5012.235309  	2.183550 
5013.666967  	2.180292 
5015.098625  	2.175345 
5016.530283  	2.172534 
5017.961942  	2.172786 
5019.393600  	2.167336 
5020.825258  	2.161205 
5022.256916  	2.160969 
5023.688574  	2.159108 
5025.120232  	2.154814 
5026.551891  	2.150496 
5027.983549  	2.146369 
5029.415207  	2.144372 
5030.846865  	2.140239 
5032.278523  	2.133446 
5033.710182  	2.128865 
5035.141840  	2.126477 
5036.573498  	2.125379 
5038.005156  	2.122674 
5039.436814  	2.118357 
5040.868472  	2.115466 
5042.300131  	2.110974 
5043.731789  	2.106975 
5045.163447  	2.105912 
5046.595105  	2.102113 
5048.026763  	2.095770 
5049.458422  	2.089489 
5050.890080  	2.086287 
5052.321738  	2.087125 
5053.753396  	2.083861 
5055.185054  	2.079107 
5056.616713  	2.077967 
5058.048371  	2.073070 
5059.480029  	2.068141 
5060.911687  	2.066073 
5062.343345  	2.060698 
5063.775003  	2.058008 
5065.206662  	2.058191 
5066.638320  	2.054903 
5068.069978  	2.052607 
5069.501636  	2.050588 
5070.933294  	2.044936 
5072.364953  	2.038420 
5073.796611  	2.034729 
5075.228269  	2.034829 
5076.659927  	2.032832 
5078.091585  	2.028841 
5079.523244  	2.028368 
5080.954902  	2.025890 
5082.386560  	2.020041 
5083.818218  	2.015719 
5085.249876  	2.012254 
5086.681534  	2.010057 
5088.113193  	2.007392 
5089.544851  	2.004586 
5090.976509  	2.004005 
5092.408167  	2.000117 
5093.839825  	1.994319 
5095.271484  	1.989799 
5096.703142  	1.985151 
5098.134800  	1.986040 
5099.566458  	1.986838 
5100.998116  	1.982112 
5102.429774  	1.981516 
5103.861433  	1.979177 
5105.293091  	1.971405 
5106.724749  	1.968464 
5108.156407  	1.966582 
5109.588065  	1.964252 
5111.019724  	1.961845 
5112.451382  	1.954163 
5113.883040  	1.950519 
5115.314698  	1.952262 
5116.746356  	1.949063 
5118.178015  	1.941522 
5119.609673  	1.931807 
5121.041331  	1.929110 
5122.472989  	1.937071 
5123.904647  	1.939501 
5125.336305  	1.935233 
5126.767964  	1.932140 
5128.199622  	1.928160 
5129.631280  	1.925530 
5131.062938  	1.921341 
5132.494596  	1.913176 
5133.926255  	1.908078 
5135.357913  	1.904903 
5136.789571  	1.903950 
5138.221229  	1.907699 
5139.652887  	1.905235 
5141.084546  	1.890611 
5142.516204  	1.879365 
5143.947862  	1.886774 
5145.379520  	1.897749 
5146.811178  	1.894799 
5148.242836  	1.890324 
5149.674495  	1.884568 
5151.106153  	1.871852 
5152.537811  	1.872055 
5153.969469  	1.875341 
5155.401127  	1.857801 
5156.832786  	1.842278 
5158.264444  	1.845442 
5159.696102  	1.853938 
5161.127760  	1.859858 
5162.559418  	1.850654 
5163.991076  	1.828087 
5165.422735  	1.827345 
5166.854393  	1.851856 
5168.286051  	1.857666 
5169.717709  	1.835638 
5171.149367  	1.821141 
5172.581026  	1.828186 
5174.012684  	1.841692 
5175.444342  	1.841581 
5176.876000  	1.828256 
5178.307658  	1.822799 
5179.739317  	1.818484 
5181.170975  	1.813760 
5182.602633  	1.821353 
5184.034291  	1.797752 
5185.465949  	1.755699 
5186.897607  	1.772538 
5188.329266  	1.797495 
5189.760924  	1.785167 
5191.192582  	1.796260 
5192.624240  	1.814064 
5194.055898  	1.812382 
5195.487557  	1.800215 
5196.919215  	1.752049 
5198.350873  	1.735256 
5199.782531  	1.784202 
5201.214189  	1.799611 
5202.645847  	1.794461 
5204.077506  	1.783520 
5205.509164  	1.690984 
5206.940822  	1.604423 
5208.372480  	1.624007 
5209.804138  	1.687938 
5211.235797  	1.750241 
5212.667455  	1.785491 
5214.099113  	1.782703 
5215.530771  	1.778510 
5216.962429  	1.759436 
5218.394088  	1.726367 
5219.825746  	1.726834 
5221.257404  	1.745851 
5222.689062  	1.747240 
5224.120720  	1.703885 
5225.552378  	1.629300 
5226.984037  	1.630759 
5228.415695  	1.713216 
5229.847353  	1.735009 
5231.279011  	1.691190 
5232.710669  	1.686446 
5234.142328  	1.709518 
5235.573986  	1.720986 
5237.005644  	1.734884 
5238.437302  	1.731224 
5239.868960  	1.719367 
5241.300619  	1.733110 
5242.732277  	1.703295 
5244.163935  	1.626461 
5245.595593  	1.615058 
5247.027251  	1.620421 
5248.458909  	1.571615 
5249.890568  	1.589106 
5251.322226  	1.685868 
5252.753884  	1.707511 
5254.185542  	1.633987 
5255.617200  	1.587669 
5257.048859  	1.637320 
5258.480517  	1.702028 
5259.912175  	1.688647 
5261.343833  	1.641024 
5262.775491  	1.590536 
5264.207149  	1.535948 
5265.638808  	1.559088 
5267.070466  	1.635969 
5268.502124  	1.647693 
5269.933782  	1.632652 
5271.365440  	1.656258 
5272.797099  	1.676809 
5274.228757  	1.677375 
5275.660415  	1.674738 
5277.092073  	1.672083 
5278.523731  	1.664114 
5279.955390  	1.642106 
5281.387048  	1.632225 
5282.818706  	1.642348 
5284.250364  	1.625549 
5285.682022  	1.602602 
5287.113680  	1.628556 
5288.545339  	1.638201 
5289.976997  	1.575788 
5291.408655  	1.546504 
5292.840313  	1.604900 
5294.271971  	1.644746 
5295.703630  	1.637539 
5297.135288  	1.641435 
5298.566946  	1.632214 
5299.998604  	1.606797 
5301.430262  	1.606756 
5302.861921  	1.609286 
5304.293579  	1.610037 
5305.725237  	1.605180 
5307.156895  	1.556315 
5308.588553  	1.531440 
5310.020211  	1.581328 
5311.451870  	1.615655 
5312.883528  	1.609117 
5314.315186  	1.602695 
5315.746844  	1.588273 
5317.178502  	1.579363 
5318.610161  	1.586726 
5320.041819  	1.590444 
5321.473477  	1.589322 
5322.905135  	1.582535 
5324.336793  	1.577680 
5325.768451  	1.552059 
5327.200110  	1.479713 
5328.631768  	1.461088 
5330.063426  	1.526226 
5331.495084  	1.534945 
5332.926742  	1.499526 
5334.358401  	1.519473 
5335.790059  	1.518467 
5337.221717  	1.434697 
5338.653375  	1.352900 
5340.085033  	1.377834 
5341.516692  	1.488286 
5342.948350  	1.491925 
5344.380008  	1.358567 
5345.811666  	1.330889 
5347.243324  	1.430470 
5348.674982  	1.470059 
5350.106641  	1.475319 
5351.538299  	1.481083 
5352.969957  	1.403337 
5354.401615  	1.342663 
5355.833273  	1.414436 
5357.264932  	1.498896 
5358.696590  	1.513086 
5360.128248  	1.510503 
5361.559906  	1.499056 
5362.991564  	1.467953 
5364.423222  	1.449418 
5365.854881  	1.463155 
5367.286539  	1.485654 
5368.718197  	1.486742 
5370.149855  	1.484820 
5371.581513  	1.487851 
5373.013172  	1.464414 
5374.444830  	1.427396 
5375.876488  	1.379742 
5377.308146  	1.330573 
5378.739804  	1.367960 
5380.171463  	1.452613 
5381.603121  	1.465630 
5383.034779  	1.449298 
5384.466437  	1.419127 
5385.898095  	1.355317 
5387.329753  	1.360079 
5388.761412  	1.422052 
5390.193070  	1.444703 
5391.624728  	1.430595 
5393.056386  	1.367025 
5394.488044  	1.306896 
5395.919703  	1.334456 
5397.351361  	1.373784 
5398.783019  	1.394559 
5400.214677  	1.429209 
5401.646335  	1.425550 
5403.077994  	1.401012 
5404.509652  	1.394088 
5405.941310  	1.390584 
5407.372968  	1.398259 
5408.804626  	1.362908 
5410.236284  	1.291607 
5411.667943  	1.278714 
5413.099601  	1.262593 
5414.531259  	1.226766 
5415.962917  	1.283923 
5417.394575  	1.370580 
5418.826234  	1.388261 
5420.257892  	1.382240 
5421.689550  	1.379040 
5423.121208  	1.370567 
5424.552866  	1.364111 
5425.984524  	1.358953 
5427.416183  	1.321141 
5428.847841  	1.237143 
5430.279499  	1.216249 
5431.711157  	1.296612 
5433.142815  	1.322807 
5434.574474  	1.257298 
5436.006132  	1.233541 
5437.437790  	1.293365 
5438.869448  	1.337549 
5440.301106  	1.282769 
5441.732765  	1.223196 
5443.164423  	1.251961 
5444.596081  	1.258384 
5446.027739  	1.216231 
5447.459397  	1.231720 
5448.891055  	1.260143 
5450.322714  	1.254547 
5451.754372  	1.279436 
5453.186030  	1.316955 
5454.617688  	1.308355 
5456.049346  	1.276666 
5457.481005  	1.270132 
5458.912663  	1.273864 
5460.344321  	1.240827 
5461.775979  	1.209884 
5463.207637  	1.230847 
5464.639296  	1.253776 
5466.070954  	1.251280 
5467.502612  	1.247792 
5468.934270  	1.241193 
5470.365928  	1.243914 
5471.797586  	1.268522 
5473.229245  	1.267459 
5474.660903  	1.203329 
5476.092561  	1.148041 
5477.524219  	1.188458 
5478.955877  	1.255695 
5480.387536  	1.260178 
5481.819194  	1.252598 
5483.250852  	1.257892 
5484.682510  	1.245589 
5486.114168  	1.234756 
5487.545826  	1.216180 
5488.977485  	1.189345 
5490.409143  	1.193202 
5491.840801  	1.184960 
5493.272459  	1.148475 
5494.704117  	1.161606 
5496.135776  	1.211003 
5497.567434  	1.222066 
5498.999092  	1.207388 
5500.430750  	1.207638 
5501.862408  	1.212423 
5503.294067  	1.202902 
5504.725725  	1.195922 
5506.157383  	1.193565 
5507.589041  	1.174033 
5509.020699  	1.164738 
5510.452357  	1.185788 
5511.884016  	1.197780 
5513.315674  	1.194169 
5514.747332  	1.189479 
5516.178990  	1.175044 
5517.610648  	1.167996 
5519.042307  	1.175394 
5520.473965  	1.171312 
5521.905623  	1.159830 
5523.337281  	1.159302 
5524.768939  	1.167844 
5526.200598  	1.174510 
5527.632256  	1.170912 
5529.063914  	1.165694 
5530.495572  	1.164673 
5531.927230  	1.160463 
5533.358888  	1.157067 
5534.790547  	1.153039 
5536.222205  	1.142352 
5537.653863  	1.137693 
5539.085521  	1.141888 
5540.517179  	1.144244 
5541.948838  	1.143907 
5543.380496  	1.140741 
5544.812154  	1.136747 
5546.243812  	1.133793 
5547.675470  	1.126923 
5549.107128  	1.120910 
5550.538787  	1.120318 
5551.970445  	1.117743 
5553.402103  	1.114117 
5554.833761  	1.114639 
5556.265419  	1.115740 
5557.697078  	1.115763 
5559.128736  	1.115865 
5560.560394  	1.114007 
5561.992052  	1.110579 
5563.423710  	1.108966 
5564.855369  	1.106914 
5566.287027  	1.101768 
5567.718685  	1.099261 
5569.150343  	1.100411 
5570.582001  	1.099417 
5572.013659  	1.097711 
5573.445318  	1.095770 
5574.876976  	1.090746 
5576.308634  	1.087024 
5577.740292  	1.085795 
5579.171950  	1.082960 
5580.603609  	1.080581 
5582.035267  	1.081018 
5583.466925  	1.080888 
5584.898583  	1.078071 
5586.330241  	1.076205 
5587.761899  	1.076477 
5589.193558  	1.073757 
5590.625216  	1.069191 
5592.056874  	1.066573 
5593.488532  	1.062333 
5594.920190  	1.058122 
5596.351849  	1.058488 
5597.783507  	1.059218 
5599.215165  	1.056902 
5600.646823  	1.052644 
5602.078481  	1.049485 
5603.510140  	1.049600 
5604.941798  	1.049173 
5606.373456  	1.047914 
5607.805114  	1.047725 
5609.236772  	1.044414 
5610.668430  	1.039713 
5612.100089  	1.038606 
5613.531747  	1.038562 
5614.963405  	1.037028 
5616.395063  	1.033891 
5617.826721  	1.031745 
5619.258380  	1.032008 
5620.690038  	1.029462 
5622.121696  	1.025141 
5623.553354  	1.023692 
5624.985012  	1.021768 
5626.416671  	1.018916 
5627.848329  	1.016298 
5629.279987  	1.012087 
5630.711645  	1.010764 
5632.143303  	1.012852 
5633.574961  	1.011095 
5635.006620  	1.006665 
5636.438278  	1.004117 
5637.869936  	1.001243 
5639.301594  	0.998740 
5640.733252  	1.000420 
5642.164911  	1.001160 
5643.596569  	0.996065 
5645.028227  	0.991795 
5646.459885  	0.990301 
5647.891543  	0.987930 
5649.323201  	0.988754 
5650.754860  	0.990906 
5652.186518  	0.987955 
5653.618176  	0.985513 
5655.049834  	0.985928 
5656.481492  	0.982992 
5657.913151  	0.977554 
5659.344809  	0.974042 
5660.776467  	0.972794 
5662.208125  	0.972090 
5663.639783  	0.971462 
5665.071442  	0.970702 
5666.503100  	0.967853 
5667.934758  	0.964959 
5669.366416  	0.964794 
5670.798074  	0.965318 
5672.229732  	0.966722 
5673.661391  	0.966897 
5675.093049  	0.961340 
5676.524707  	0.954830 
5677.956365  	0.952455 
5679.388023  	0.952177 
5680.819682  	0.950950 
5682.251340  	0.948057 
5683.682998  	0.946442 
5685.114656  	0.945498 
5686.546314  	0.943513 
5687.977973  	0.943771 
5689.409631  	0.941535 
5690.841289  	0.934596 
5692.272947  	0.933902 
5693.704605  	0.937703 
5695.136263  	0.936004 
5696.567922  	0.932375 
5697.999580  	0.932006 
5699.431238  	0.932236 
5700.862896  	0.928724 
5702.294554  	0.923733 
5703.726213  	0.922892 
5705.157871  	0.922621 
5706.589529  	0.919632 
5708.021187  	0.917646 
5709.452845  	0.917385 
5710.884503  	0.918469 
5712.316162  	0.918202 
5713.747820  	0.913604 
5715.179478  	0.908950 
5716.611136  	0.906237 
5718.042794  	0.905836 
5719.474453  	0.908315 
5720.906111  	0.907698 
5722.337769  	0.903489 
5723.769427  	0.899646 
5725.201085  	0.895784 
5726.632744  	0.894804 
5728.064402  	0.895299 
5729.496060  	0.893527 
5730.927718  	0.892983 
5732.359376  	0.892015 
5733.791034  	0.888484 
5735.222693  	0.886161 
5736.654351  	0.884502 
5738.086009  	0.882900 
5739.517667  	0.881058 
5740.949325  	0.878817 
5742.380984  	0.879772 
5743.812642  	0.880947 
5745.244300  	0.877742 
5746.675958  	0.872765 
5748.107616  	0.869296 
5749.539275  	0.869109 
5750.970933  	0.868643 
5752.402591  	0.865932 
5753.834249  	0.866258 
5755.265907  	0.866590 
5756.697565  	0.863337 
5758.129224  	0.861347 
5759.560882  	0.860093 
5760.992540  	0.859044 
5762.424198  	0.859005 
5763.855856  	0.856850 
5765.287515  	0.853749 
5766.719173  	0.851202 
5768.150831  	0.849863 
5769.582489  	0.849805 
5771.014147  	0.847320 
5772.445805  	0.844886 
5773.877464  	0.843428 
5775.309122  	0.839614 
5776.740780  	0.838443 
5778.172438  	0.837860 
5779.604096  	0.833330 
5781.035755  	0.831377 
5782.467413  	0.830466 
5783.899071  	0.827641 
5785.330729  	0.826056 
5786.762387  	0.823817 
5788.194046  	0.822850 
5789.625704  	0.823735 
5791.057362  	0.823679 
5792.489020  	0.824333 
5793.920678  	0.820822 
5795.352336  	0.815059 
5796.783995  	0.815467 
5798.215653  	0.814999 
5799.647311  	0.811799 
5801.078969  	0.810602 
5802.510627  	0.807519 
5803.942286  	0.804550 
5805.373944  	0.802829 
5806.805602  	0.801243 
5808.237260  	0.802344 
5809.668918  	0.800678 
5811.100576  	0.796950 
5812.532235  	0.795639 
5813.963893  	0.792144 
5815.395551  	0.791106 
5816.827209  	0.793283 
5818.258867  	0.790368 
5819.690526  	0.786319 
5821.122184  	0.783334 
5822.553842  	0.781104 
5823.985500  	0.781290 
5825.417158  	0.777706 
5826.848817  	0.773625 
5828.280475  	0.774070 
5829.712133  	0.773288 
5831.143791  	0.773535 
5832.575449  	0.774737 
5834.007107  	0.772085 
5835.438766  	0.769833 
5836.870424  	0.767875 
5838.302082  	0.764440 
5839.733740  	0.761777 
5841.165398  	0.759614 
5842.597057  	0.759087 
5844.028715  	0.758544 
5845.460373  	0.756761 
5846.892031  	0.755169 
5848.323689  	0.750838 
5849.755348  	0.748130 
5851.187006  	0.750065 
5852.618664  	0.749129 
5854.050322  	0.746596 
5855.481980  	0.744951 
5856.913638  	0.742834 
5858.345297  	0.741796 
5859.776955  	0.738681 
5861.208613  	0.735670 
5862.640271  	0.735620 
5864.071929  	0.734445 
5865.503588  	0.735869 
5866.935246  	0.735469 
5868.366904  	0.727791 
5869.798562  	0.724760 
5871.230220  	0.724185 
5872.661878  	0.720454 
5874.093537  	0.721410 
5875.525195  	0.721448 
5876.956853  	0.717809 
5878.388511  	0.716438 
5879.820169  	0.713269 
5881.251828  	0.709647 
5882.683486  	0.708994 
5884.115144  	0.709717 
5885.546802  	0.710454 
5886.978460  	0.706094 
5888.410119  	0.701069 
5889.841777  	0.700756 
5891.273435  	0.698641 
5892.705093  	0.696215 
5894.136751  	0.695002 
5895.568409  	0.693127 
5897.000068  	0.694786 
5898.431726  	0.695135 
5899.863384  	0.692749 
5901.295042  	0.692874 
5902.726700  	0.690475 
5904.158359  	0.686723 
5905.590017  	0.685282 
5907.021675  	0.683268 
5908.453333  	0.682327 
5909.884991  	0.679662 
5911.316650  	0.675935 
5912.748308  	0.676435 
5914.179966  	0.675683 
5915.611624  	0.674927 
5917.043282  	0.676420 
5918.474940  	0.673346 
5919.906599  	0.669012 
5921.338257  	0.666312 
5922.769915  	0.664914 
5924.201573  	0.666578 
5925.633231  	0.664776 
5927.064890  	0.660534 
5928.496548  	0.659341 
5929.928206  	0.657610 
5931.359864  	0.656015 
5932.791522  	0.653558 
5934.223180  	0.651357 
5935.654839  	0.653568 
5937.086497  	0.652062 
5938.518155  	0.649011 
5939.949813  	0.650104 
5941.381471  	0.646865 
5942.813130  	0.644014 
5944.244788  	0.644294 
5945.676446  	0.640836 
5947.108104  	0.640798 
5948.539762  	0.642635 
5949.971421  	0.640427 
5951.403079  	0.638451 
5952.834737  	0.634253 
5954.266395  	0.632611 
5955.698053  	0.635566 
5957.129711  	0.631634 
5958.561370  	0.627221 
5959.993028  	0.628387 
5961.424686  	0.627186 
5962.856344  	0.625885 
5964.288002  	0.626001 
5965.719661  	0.625243 
5967.151319  	0.623712 
5968.582977  	0.619661 
5970.014635  	0.617404 
5971.446293  	0.617470 
5972.877951  	0.615629 
5974.309610  	0.615190 
5975.741268  	0.615029 
5977.172926  	0.612661 
5978.604584  	0.610647 
5980.036242  	0.608948 
5981.467901  	0.607741 
5982.899559  	0.605568 
5984.331217  	0.603657 
5985.762875  	0.605245 
5987.194533  	0.605253 
5988.626192  	0.603307 
5990.057850  	0.600743 
5991.489508  	0.595489 
5992.921166  	0.594029 
5994.352824  	0.594719 
5995.784482  	0.592608 
5997.216141  	0.593473 
5998.647799  	0.594102 
6000.079457  	0.592476 
6001.511115  	0.591734 
6002.942773  	0.588758 
6004.374432  	0.587103 
6005.806090  	0.584911 
6007.237748  	0.580189 
6008.669406  	0.582670 
6010.101064  	0.584240 
6011.532723  	0.580368 
6012.964381  	0.581322 
6014.396039  	0.580388 
6015.827697  	0.578258 
6017.259355  	0.579404 
6018.691013  	0.574753 
6020.122672  	0.571794 
6021.554330  	0.573374 
6022.985988  	0.570195 
6024.417646  	0.568442 
6025.849304  	0.568539 
6027.280963  	0.568127 
6028.712621  	0.569845 
6030.144279  	0.567794 
6031.575937  	0.565519 
6033.007595  	0.565460 
6034.439253  	0.562010 
6035.870912  	0.560895 
6037.302570  	0.560956 
6038.734228  	0.559291 
6040.165886  	0.560256 
6041.597544  	0.558154 
6043.029203  	0.555006 
6044.460861  	0.555599 
6045.892519  	0.554126 
6047.324177  	0.553358 
6048.755835  	0.552423 
6050.187494  	0.549276 
6051.619152  	0.550487 
6053.050810  	0.551711 
6054.482468  	0.551418 
6055.914126  	0.551866 
6057.345784  	0.547082 
6058.777443  	0.542527 
6060.209101  	0.542765 
6061.640759  	0.543056 
6063.072417  	0.543725 
6064.504075  	0.542426 
6065.935734  	0.540900 
6067.367392  	0.541614 
6068.799050  	0.539163 
6070.230708  	0.537234 
6071.662366  	0.537342 
6073.094025  	0.536126 
6074.525683  	0.536092 
6075.957341  	0.534225 
6077.388999  	0.532967 
6078.820657  	0.535288 
6080.252315  	0.533102 
6081.683974  	0.531019 
6083.115632  	0.531700 
6084.547290  	0.528020 
6085.978948  	0.524919 
6087.410606  	0.523502 
6088.842265  	0.521904 
6090.273923  	0.521776 
6091.705581  	0.520411 
6093.137239  	0.522835 
6094.568897  	0.525319 
6096.000555  	0.520297 
6097.432214  	0.519285 
6098.863872  	0.520139 
6100.295530  	0.517046 
6101.727188  	0.518693 
6103.158846  	0.518192 
6104.590505  	0.514692 
6106.022163  	0.516314 
6107.453821  	0.514586 
6108.885479  	0.511603 
6110.317137  	0.512284 
6111.748796  	0.511127 
6113.180454  	0.511472 
6114.612112  	0.512387 
6116.043770  	0.510877 
6117.475428  	0.509687 
6118.907086  	0.507685 
6120.338745  	0.507133 
6121.770403  	0.506279 
6123.202061  	0.502985 
6124.633719  	0.503579 
6126.065377  	0.504049 
6127.497036  	0.502490 
6128.928694  	0.502277 
6130.360352  	0.500981 
6131.792010  	0.502523 
6133.223668  	0.501835 
6134.655327  	0.495423 
6136.086985  	0.496505 
6137.518643  	0.498675 
6138.950301  	0.496423 
6140.381959  	0.498787 
6141.813617  	0.498188 
6143.245276  	0.496021 
6144.676934  	0.497303 
6146.108592  	0.494533 
6147.540250  	0.494079 
6148.971908  	0.493400 
6150.403567  	0.487827 
6151.835225  	0.489027 
6153.266883  	0.488841 
6154.698541  	0.485210 
6156.130199  	0.489889 
6157.561857  	0.491034 
6158.993516  	0.486661 
6160.425174  	0.485730 
6161.856832  	0.484465 
6163.288490  	0.484419 
6164.720148  	0.484158 
6166.151807  	0.483378 
6167.583465  	0.485420 
6169.015123  	0.482419 
6170.446781  	0.478783 
6171.878439  	0.479792 
6173.310098  	0.477586 
6174.741756  	0.477756 
6176.173414  	0.480894 
6177.605072  	0.479690 
6179.036730  	0.477424 
6180.468388  	0.473925 
6181.900047  	0.473206 
6183.331705  	0.476644 
6184.763363  	0.475535 
6186.195021  	0.473446 
6187.626679  	0.472229 
6189.058338  	0.470548 
6190.489996  	0.471866 
6191.921654  	0.469542 
6193.353312  	0.466358 
6194.784970  	0.467806 
6196.216628  	0.466401 
6197.648287  	0.466745 
6199.079945  	0.467837 
6200.511603  	0.463250 
6201.943261  	0.462903 
6203.374919  	0.463527 
6204.806578  	0.461108 
6206.238236  	0.463287 
6207.669894  	0.464247 
6209.101552  	0.463323 
6210.533210  	0.463467 
6211.964869  	0.461369 
6213.396527  	0.461786 
6214.828185  	0.460421 
6216.259843  	0.455128 
6217.691501  	0.454292 
6219.123159  	0.452618 
6220.554818  	0.451258 
6221.986476  	0.454557 
6223.418134  	0.453793 
6224.849792  	0.451656 
6226.281450  	0.451220 
6227.713109  	0.451093 
6229.144767  	0.454188 
6230.576425  	0.452922 
6232.008083  	0.448435 
6233.439741  	0.448573 
6234.871400  	0.447505 
6236.303058  	0.447393 
6237.734716  	0.449785 
6239.166374  	0.447828 
6240.598032  	0.445038 
6242.029690  	0.444052 
6243.461349  	0.444879 
6244.893007  	0.446038 
6246.324665  	0.443604 
6247.756323  	0.442748 
6249.187981  	0.442065 
6250.619640  	0.438396 
6252.051298  	0.439115 
6253.482956  	0.440599 
6254.914614  	0.439739 
6256.346272  	0.439636 
6257.777930  	0.436812 
6259.209589  	0.435707 
6260.641247  	0.436068 
6262.072905  	0.433567 
6263.504563  	0.434597 
6264.936221  	0.435162 
6266.367880  	0.433216 
6267.799538  	0.433664 
6269.231196  	0.431492 
6270.662854  	0.431471 
6272.094512  	0.433659 
6273.526171  	0.430270 
6274.957829  	0.430722 
6276.389487  	0.432342 
6277.821145  	0.428815 
6279.252803  	0.429853 
6280.684461  	0.430615 
6282.116120  	0.428036 
6283.547778  	0.427217 
6284.979436  	0.424388 
6286.411094  	0.422960 
6287.842752  	0.421837 
6289.274411  	0.418354 
6290.706069  	0.419845 
6292.137727  	0.421048 
6293.569385  	0.420392 
6295.001043  	0.421294 
6296.432702  	0.417473 
6297.864360  	0.416132 
6299.296018  	0.419711 
6300.727676  	0.419950 
6302.159334  	0.420422 
6303.590992  	0.418645 
6305.022651  	0.415647 
6306.454309  	0.416575 
6307.885967  	0.413677 
6309.317625  	0.411361 
6310.749283  	0.412157 
6312.180942  	0.409006 
6313.612600  	0.409525 
6315.044258  	0.410522 
6316.475916  	0.407408 
6317.907574  	0.409341 
6319.339232  	0.410529 
6320.770891  	0.408702 
6322.202549  	0.407724 
6323.634207  	0.405310 
6325.065865  	0.406907 
6326.497523  	0.407276 
6327.929182  	0.402240 
6329.360840  	0.402132 
6330.792498  	0.401834 
6332.224156  	0.400570 
6333.655814  	0.402458 
6335.087473  	0.399808 
6336.519131  	0.399684 
6337.950789  	0.402903 
6339.382447  	0.399599 
6340.814105  	0.397877 
6342.245763  	0.398830 
6343.677422  	0.399030 
6345.109080  	0.400003 
6346.540738  	0.397062 
6347.972396  	0.396294 
6349.404054  	0.397263 
6350.835713  	0.392643 
6352.267371  	0.391916 
6353.699029  	0.393462 
6355.130687  	0.393005 
6356.562345  	0.395928 
6357.994003  	0.395179 
6359.425662  	0.392209 
6360.857320  	0.391680 
6362.288978  	0.389778 
6363.720636  	0.390409 
6365.152294  	0.387453 
6366.583953  	0.382173 
6368.015611  	0.386326 
6369.447269  	0.386393 
6370.878927  	0.381667 
6372.310585  	0.385025 
6373.742244  	0.386008 
6375.173902  	0.383022 
6376.605560  	0.381699 
6378.037218  	0.381542 
6379.468876  	0.385238 
6380.900534  	0.384061 
6382.332193  	0.378241 
6383.763851  	0.377835 
6385.195509  	0.378052 
6386.627167  	0.379539 
6388.058825  	0.380360 
6389.490484  	0.375905 
6390.922142  	0.376437 
6392.353800  	0.379326 
6393.785458  	0.379056 
6395.217116  	0.379517 
6396.648775  	0.376796 
6398.080433  	0.375596 
6399.512091  	0.377143 
6400.943749  	0.373718 
6402.375407  	0.372013 
6403.807065  	0.372639 
6405.238724  	0.372920 
6406.670382  	0.373899 
6408.102040  	0.368916 
6409.533698  	0.365758 
6410.965356  	0.368076 
6412.397015  	0.366335 
6413.828673  	0.367041 
6415.260331  	0.368186 
6416.691989  	0.365911 
6418.123647  	0.367701 
6419.555305  	0.365334 
6420.986964  	0.361519 
6422.418622  	0.364184 
6423.850280  	0.363343 
6425.281938  	0.363479 
6426.713596  	0.365128 
6428.145255  	0.361607 
6429.576913  	0.362914 
6431.008571  	0.364100 
6432.440229  	0.360681 
6433.871887  	0.360842 
6435.303546  	0.358955 
6436.735204  	0.357611 
6438.166862  	0.359923 
6439.598520  	0.359035 
6441.030178  	0.359448 
6442.461836  	0.358866 
6443.893495  	0.355536 
6445.325153  	0.354774 
6446.756811  	0.352367 
6448.188469  	0.353448 
6449.620127  	0.356196 
6451.051786  	0.352234 
6452.483444  	0.352978 
6453.915102  	0.354280 
6455.346760  	0.350050 
6456.778418  	0.351629 
6458.210077  	0.351369 
6459.641735  	0.348615 
6461.073393  	0.351347 
6462.505051  	0.350443 
6463.936709  	0.349341 
6465.368367  	0.350578 
6466.800026  	0.349571 
6468.231684  	0.351387 
6469.663342  	0.350787 
6471.095000  	0.349271 
6472.526658  	0.351973 
6473.958317  	0.348765 
6475.389975  	0.345887 
6476.821633  	0.348549 
6478.253291  	0.349146 
6479.684949  	0.349388 
6481.116607  	0.345377 
6482.548266  	0.342300 
6483.979924  	0.346493 
6485.411582  	0.344941 
6486.843240  	0.343912 
6488.274898  	0.346477 
6489.706557  	0.340996 
6491.138215  	0.340803 
6492.569873  	0.346780 
6494.001531  	0.346532 
6495.433189  	0.345988 
6496.864848  	0.344140 
6498.296506  	0.343646 
6499.728164  	0.346592 
6501.159822  	0.342908 
6502.591480  	0.338665 
6504.023138  	0.335983 
6505.454797  	0.333749 
6506.886455  	0.338903 
6508.318113  	0.339594 
6509.749771  	0.336931 
6511.181429  	0.341181 
6512.613088  	0.339040 
6514.044746  	0.334702 
6515.476404  	0.336564 
6516.908062  	0.335687 
6518.339720  	0.335238 
6519.771379  	0.334582 
6521.203037  	0.332089 
6522.634695  	0.332758 
6524.066353  	0.332714 
6525.498011  	0.335760 
6526.929669  	0.338396 
6528.361328  	0.333238 
6529.792986  	0.333364 
6531.224644  	0.334763 
6532.656302  	0.330443 
6534.087960  	0.331706 
6535.519619  	0.332044 
6536.951277  	0.329725 
6538.382935  	0.331644 
6539.814593  	0.330306 
6541.246251  	0.328811 
6542.677909  	0.328885 
6544.109568  	0.327028 
6545.541226  	0.329335 
6546.972884  	0.329752 
6548.404542  	0.326219 
6549.836200  	0.326300 
6551.267859  	0.326229 
6552.699517  	0.326521 
6554.131175  	0.326752 
6555.562833  	0.326046 
6556.994491  	0.329859 
6558.426150  	0.331262 
6559.857808  	0.329439 
6561.289466  	0.328911 
6562.721124  	0.325507 
6564.152782  	0.326283 
6565.584440  	0.328165 
6567.016099  	0.322220 
6568.447757  	0.320864 
6569.879415  	0.323568 
6571.311073  	0.323475 
6572.742731  	0.324747 
6574.174390  	0.324476 
6575.606048  	0.324775 
6577.037706  	0.324553 
6578.469364  	0.320810 
6579.901022  	0.322882 
6581.332680  	0.323997 
6582.764339  	0.320167 
6584.195997  	0.321316 
6585.627655  	0.320699 
6587.059313  	0.319858 
6588.490971  	0.323665 
6589.922630  	0.322391 
6591.354288  	0.319922 
6592.785946  	0.318288 
6594.217604  	0.315854 
6595.649262  	0.318734 
6597.080921  	0.320395 
6598.512579  	0.320499 
6599.944237  	0.321655 
6601.375895  	0.317323 
6602.807553  	0.316483 
6604.239211  	0.318978 
6605.670870  	0.316086 
6607.102528  	0.316449 
6608.534186  	0.318554 
6609.965844  	0.319437 
6611.397502  	0.321601 
6612.829161  	0.318783 
6614.260819  	0.316957 
6615.692477  	0.318251 
6617.124135  	0.317187 
6618.555793  	0.319236 
6619.987452  	0.319889 
6621.419110  	0.317988 
6622.850768  	0.317285 
6624.282426  	0.310901 
6625.714084  	0.308790 
6627.145742  	0.314309 
6628.577401  	0.314321 
6630.009059  	0.313289 
6631.440717  	0.312815 
6632.872375  	0.314499 
6634.304033  	0.320260 
6635.735692  	0.315697 
6637.167350  	0.309222 
6638.599008  	0.311204 
6640.030666  	0.310013 
6641.462324  	0.311146 
6642.893982  	0.314097 
6644.325641  	0.312971 
6645.757299  	0.316497 
6647.188957  	0.316115 
6648.620615  	0.310867 
6650.052273  	0.311012 
6651.483932  	0.309061 
6652.915590  	0.308458 
6654.347248  	0.310512 
6655.778906  	0.309567 
6657.210564  	0.312835 
6658.642223  	0.313269 
6660.073881  	0.309045 
6661.505539  	0.309520 
6662.937197  	0.307115 
6664.368855  	0.305420 
6665.800513  	0.307231 
6667.232172  	0.304947 
6668.663830  	0.306984 
6670.095488  	0.309658 
6671.527146  	0.307834 
6672.958804  	0.309033 
6674.390463  	0.306317 
6675.822121  	0.303368 
6677.253779  	0.305884 
6678.685437  	0.303908 
6680.117095  	0.302564 
6681.548754  	0.303499 
6682.980412  	0.304120 
6684.412070  	0.307813 
6685.843728  	0.304755 
6687.275386  	0.300361 
6688.707044  	0.302711 
6690.138703  	0.301501 
6691.570361  	0.302296 
6693.002019  	0.303924 
6694.433677  	0.300151 
6695.865335  	0.301729 
6697.296994  	0.301425 
6698.728652  	0.297739 
6700.160310  	0.300007 
6701.591968  	0.299546 
6703.023626  	0.301349 
6704.455284  	0.305371 
6705.886943  	0.300148 
6707.318601  	0.298729 
6708.750259  	0.301207 
6710.181917  	0.298639 
6711.613575  	0.298000 
6713.045234  	0.296350 
6714.476892  	0.295613 
6715.908550  	0.298004 
6717.340208  	0.297532 
6718.771866  	0.300053 
6720.203525  	0.300974 
6721.635183  	0.298040 
6723.066841  	0.298633 
6724.498499  	0.294055 
6725.930157  	0.292325 
6727.361815  	0.299202 
6728.793474  	0.297767 
6730.225132  	0.295084 
6731.656790  	0.294564 
6733.088448  	0.289824 
6734.520106  	0.292091 
6735.951765  	0.294720 
6737.383423  	0.293083 
6738.815081  	0.295577 
6740.246739  	0.294520 
6741.678397  	0.292514 
6743.110056  	0.292488 
6744.541714  	0.290507 
6745.973372  	0.293547 
6747.405030  	0.293008 
6748.836688  	0.288607 
6750.268346  	0.291504 
6751.700005  	0.289792 
6753.131663  	0.286790 
6754.563321  	0.289187 
6755.994979  	0.285942 
6757.426637  	0.285210 
6758.858296  	0.288188 
6760.289954  	0.288016 
6761.721612  	0.291177 
6763.153270  	0.290244 
6764.584928  	0.285447 
6766.016586  	0.285889 
6767.448245  	0.285782 
6768.879903  	0.286590 
6770.311561  	0.285887 
6771.743219  	0.282327 
6773.174877  	0.285057 
6774.606536  	0.286001 
6776.038194  	0.284868 
6777.469852  	0.286905 
6778.901510  	0.282458 
6780.333168  	0.280351 
6781.764827  	0.283542 
6783.196485  	0.281910 
6784.628143  	0.284140 
6786.059801  	0.286328 
6787.491459  	0.283175 
6788.923117  	0.283400 
6790.354776  	0.281955 
6791.786434  	0.279651 
6793.218092  	0.280046 
6794.649750  	0.279020 
6796.081408  	0.279849 
6797.513067  	0.277895 
6798.944725  	0.276263 
6800.376383  	0.282608 
6801.808041  	0.282938 
6803.239699  	0.278967 
6804.671357  	0.278987 
6806.103016  	0.277872 
6807.534674  	0.281257 
6808.966332  	0.282440 
6810.397990  	0.276273 
6811.829648  	0.276415 
6813.261307  	0.277058 
6814.692965  	0.275143 
6816.124623  	0.276530 
6817.556281  	0.275176 
6818.987939  	0.274719 
6820.419598  	0.273890 
6821.851256  	0.271135 
6823.282914  	0.275109 
6824.714572  	0.275489 
6826.146230  	0.273174 
6827.577888  	0.277542 
6829.009547  	0.276689 
6830.441205  	0.274992 
6831.872863  	0.275898 
6833.304521  	0.271372 
6834.736179  	0.271300 
6836.167838  	0.272563 
6837.599496  	0.270264 
6839.031154  	0.272385 
6840.462812  	0.270053 
6841.894470  	0.265548 
6843.326129  	0.266474 
6844.757787  	0.265671 
6846.189445  	0.266932 
6847.621103  	0.267918 
6849.052761  	0.266469 
6850.484419  	0.270199 
6851.916078  	0.270224 
6853.347736  	0.267056 
6854.779394  	0.267083 
6856.211052  	0.264170 
6857.642710  	0.264921 
6859.074369  	0.266822 
6860.506027  	0.262995 
6861.937685  	0.263318 
6863.369343  	0.263501 
6864.801001  	0.261979 
6866.232659  	0.263764 
6867.664318  	0.261370 
6869.095976  	0.261264 
6870.527634  	0.264303 
6871.959292  	0.262096 
6873.390950  	0.262507 
6874.822609  	0.262065 
6876.254267  	0.259363 
6877.685925  	0.262569 
6879.117583  	0.263790 
6880.549241  	0.263315 
6881.980900  	0.263370 
6883.412558  	0.259538 
6884.844216  	0.258257 
6886.275874  	0.256181 
6887.707532  	0.254239 
6889.139190  	0.258623 
6890.570849  	0.257612 
6892.002507  	0.255585 
6893.434165  	0.257239 
6894.865823  	0.253386 
6896.297481  	0.254627 
6897.729140  	0.259015 
6899.160798  	0.256777 
6900.592456  	0.257426 
6902.024114  	0.256797 
6903.455772  	0.254338 
6904.887431  	0.256963 
6906.319089  	0.257443 
6907.750747  	0.259035 
6909.182405  	0.259614 
6910.614063  	0.254284 
6912.045721  	0.254911 
6913.477380  	0.256355 
6914.909038  	0.252848 
6916.340696  	0.249853 
6917.772354  	0.244658 
6919.204012  	0.246053 
6920.635671  	0.253142 
6922.067329  	0.253021 
6923.498987  	0.252355 
6924.930645  	0.251414 
6926.362303  	0.250442 
6927.793961  	0.254433 
6929.225620  	0.251989 
6930.657278  	0.248918 
6932.088936  	0.251519 
6933.520594  	0.248665 
6934.952252  	0.248403 
6936.383911  	0.251292 
6937.815569  	0.249336 
6939.247227  	0.250731 
6940.678885  	0.252202 
6942.110543  	0.250808 
6943.542202  	0.249836 
6944.973860  	0.246350 
6946.405518  	0.246619 
6947.837176  	0.246847 
6949.268834  	0.243427 
6950.700492  	0.246154 
6952.132151  	0.246244 
6953.563809  	0.242991 
6954.995467  	0.246394 
6956.427125  	0.246792 
6957.858783  	0.244903 
6959.290442  	0.244534 
6960.722100  	0.242113 
6962.153758  	0.243537 
6963.585416  	0.244345 
6965.017074  	0.243438 
6966.448732  	0.245662 
6967.880391  	0.243102 
6969.312049  	0.241821 
6970.743707  	0.243614 
6972.175365  	0.239798 
6973.607023  	0.240917 
6975.038682  	0.244031 
6976.470340  	0.240926 
6977.901998  	0.241060 
6979.333656  	0.240196 
6980.765314  	0.236745 
6982.196973  	0.236745 
6983.628631  	0.237506 
6985.060289  	0.241667 
6986.491947  	0.242883 
6987.923605  	0.238420 
6989.355263  	0.239491 
6990.786922  	0.239627 
6992.218580  	0.236749 
6993.650238  	0.237396 
6995.081896  	0.236999 
6996.513554  	0.238988 
6997.945213  	0.239765 
6999.376871  	0.234822 
7000.808529  	0.235828 
7002.240187  	0.237832 
7003.671845  	0.236198 
7005.103504  	0.236461 
7006.535162  	0.234479 
7007.966820  	0.236001 
7009.398478  	0.239709 
7010.830136  	0.237162 
7012.261794  	0.237883 
7013.693453  	0.237905 
7015.125111  	0.233322 
7016.556769  	0.233891 
7017.988427  	0.232249 
7019.420085  	0.229242 
7020.851744  	0.232158 
7022.283402  	0.232906 
7023.715060  	0.233617 
7025.146718  	0.235247 
7026.578376  	0.234445 
7028.010034  	0.234951 
7029.441693  	0.233401 
7030.873351  	0.232328 
7032.305009  	0.233449 
7033.736667  	0.231078 
7035.168325  	0.230979 
7036.599984  	0.230533 
7038.031642  	0.228391 
7039.463300  	0.232911 
7040.894958  	0.233580 
7042.326616  	0.229739 
7043.758275  	0.230168 
7045.189933  	0.226666 
7046.621591  	0.224177 
7048.053249  	0.226352 
7049.484907  	0.224997 
7050.916565  	0.225599 
7052.348224  	0.227492 
7053.779882  	0.228616 
7055.211540  	0.231836 
7056.643198  	0.230807 
7058.074856  	0.229138 
7059.506515  	0.229163 
7060.938173  	0.227160 
7062.369831  	0.228752 
7063.801489  	0.228135 
7065.233147  	0.224709 
7066.664806  	0.226988 
7068.096464  	0.226059 
7069.528122  	0.223314 
7070.959780  	0.222605 
7072.391438  	0.218629 
7073.823096  	0.221005 
7075.254755  	0.225895 
7076.686413  	0.224038 
7078.118071  	0.224468 
7079.549729  	0.224415 
7080.981387  	0.223022 
7082.413046  	0.225289 
7083.844704  	0.225337 
7085.276362  	0.226900 
7086.708020  	0.228732 
7088.139678  	0.225406 
7089.571336  	0.223953 
7091.002995  	0.221086 
7092.434653  	0.217591 
7093.866311  	0.217695 
7095.297969  	0.213653 
7096.729627  	0.213397 
7098.161286  	0.218890 
7099.592944  	0.219066 
7101.024602  	0.221158 
7102.456260  	0.223846 
7103.887918  	0.219918 
7105.319577  	0.215971 
7106.751235  	0.213298 
7108.182893  	0.214847 
7109.614551  	0.219321 
7111.046209  	0.219000 
7112.477867  	0.218844 
7113.909526  	0.219688 
7115.341184  	0.219513 
7116.772842  	0.215221 
7118.204500  	0.203957 
7119.636158  	0.203583 
7121.067817  	0.214235 
7122.499475  	0.217056 
7123.931133  	0.218991 
7125.362791  	0.219753 
7126.794449  	0.216717 
7128.226108  	0.220410 
7129.657766  	0.219761 
7131.089424  	0.215659 
7132.521082  	0.218171 
7133.952740  	0.214848 
7135.384398  	0.211051 
7136.816057  	0.211904 
7138.247715  	0.207272 
7139.679373  	0.205055 
7141.111031  	0.206044 
7142.542689  	0.207056 
7143.974348  	0.210160 
7145.406006  	0.206581 
7146.837664  	0.205537 
7148.269322  	0.213513 
7149.700980  	0.215744 
7151.132638  	0.215024 
7152.564297  	0.215379 
7153.995955  	0.214663 
7155.427613  	0.215059 
7156.859271  	0.212573 
7158.290929  	0.213802 
7159.722588  	0.213805 
7161.154246  	0.200802 
7162.585904  	0.198326 
7164.017562  	0.208857 
7165.449220  	0.209197 
7166.880879  	0.206155 
7168.312537  	0.203131 
7169.744195  	0.199838 
7171.175853  	0.204205 
7172.607511  	0.207296 
7174.039169  	0.209141 
7175.470828  	0.211264 
7176.902486  	0.206808 
7178.334144  	0.206449 
7179.765802  	0.206705 
7181.197460  	0.197233 
7182.629119  	0.193366 
7184.060777  	0.198663 
7185.492435  	0.203945 
7186.924093  	0.207494 
7188.355751  	0.206491 
7189.787409  	0.203563 
7191.219068  	0.202668 
7192.650726  	0.204310 
7194.082384  	0.206354 
7195.514042  	0.202781 
7196.945700  	0.201108 
7198.377359  	0.205110 
7199.809017  	0.205636 
7201.240675  	0.204154 
7202.672333  	0.200039 
7204.103991  	0.193008 
7205.535650  	0.192388 
7206.967308  	0.194966 
7208.398966  	0.197615 
7209.830624  	0.201028 
7211.262282  	0.200022 
7212.693940  	0.197697 
7214.125599  	0.195279 
7215.557257  	0.193277 
7216.988915  	0.197134 
7218.420573  	0.196427 
7219.852231  	0.188241 
7221.283890  	0.186284 
7222.715548  	0.190813 
7224.147206  	0.194778 
7225.578864  	0.192098 
7227.010522  	0.187143 
7228.442181  	0.191134 
7229.873839  	0.192086 
7231.305497  	0.181635 
7232.737155  	0.175280 
7234.168813  	0.179522 
7235.600471  	0.189669 
7237.032130  	0.195841 
7238.463788  	0.193381 
7239.895446  	0.191683 
7241.327104  	0.187790 
7242.758762  	0.177968 
7244.190421  	0.175705 
7245.622079  	0.183616 
7247.053737  	0.191306 
7248.485395  	0.192050 
7249.917053  	0.190949 
7251.348711  	0.193116 
7252.780370  	0.188732 
7254.212028  	0.183269 
7255.643686  	0.188111 
7257.075344  	0.189647 
7258.507002  	0.187337 
7259.938661  	0.188745 
7261.370319  	0.186402 
7262.801977  	0.185384 
7264.233635  	0.187938 
7265.665293  	0.188159 
7267.096952  	0.189546 
7268.528610  	0.188328 
7269.960268  	0.186305 
7271.391926  	0.188708 
7272.823584  	0.187110 
7274.255242  	0.185780 
7275.686901  	0.188223 
7277.118559  	0.186694 
7278.550217  	0.186310 
7279.981875  	0.187044 
7281.413533  	0.185453 
7282.845192  	0.184867 
7284.276850  	0.182548 
7285.708508  	0.182751 
7287.140166  	0.186404 
7288.571824  	0.184281 
7290.003483  	0.182282 
7291.435141  	0.184685 
7292.866799  	0.183297 
7294.298457  	0.174843 
7295.730115  	0.167182 
7297.161773  	0.171905 
7298.593432  	0.178713 
7300.025090  	0.175292 
7301.456748  	0.174789 
7302.888406  	0.178542 
7304.320064  	0.180956 
7305.751723  	0.181266 
7307.183381  	0.171466 
7308.615039  	0.167540 
7310.046697  	0.176886 
7311.478355  	0.173648 
7312.910013  	0.166999 
7314.341672  	0.171194 
7315.773330  	0.171332 
7317.204988  	0.172360 
7318.636646  	0.176980 
7320.068304  	0.176922 
7321.499963  	0.177554 
7322.931621  	0.174459 
7324.363279  	0.168990 
7325.794937  	0.169676 
7327.226595  	0.165805 
7328.658254  	0.160980 
7330.089912  	0.167308 
7331.521570  	0.175385 
7332.953228  	0.178512 
7334.384886  	0.177850 
7335.816544  	0.175593 
7337.248203  	0.174134 
7338.679861  	0.167714 
7340.111519  	0.156577 
7341.543177  	0.152245 
7342.974835  	0.158087 
7344.406494  	0.165289 
7345.838152  	0.166769 
7347.269810  	0.165224 
7348.701468  	0.162924 
7350.133126  	0.160490 
7351.564785  	0.162681 
7352.996443  	0.166905 
7354.428101  	0.167953 
7355.859759  	0.165721 
7357.291417  	0.162570 
7358.723075  	0.165457 
7360.154734  	0.169535 
7361.586392  	0.165458 
7363.018050  	0.163467 
7364.449708  	0.166533 
7365.881366  	0.165499 
7367.313025  	0.162549 
7368.744683  	0.160028 
7370.176341  	0.161074 
7371.607999  	0.166758 
7373.039657  	0.167968 
7374.471315  	0.163854 
7375.902974  	0.158580 
7377.334632  	0.156058 
7378.766290  	0.160496 
7380.197948  	0.162702 
7381.629606  	0.158648 
7383.061265  	0.156550 
7384.492923  	0.158099 
7385.924581  	0.163454 
7387.356239  	0.166113 
7388.787897  	0.161930 
7390.219556  	0.162299 
7391.651214  	0.164347 
7393.082872  	0.161591 
7394.514530  	0.161472 
7395.946188  	0.161745 
7397.377846  	0.160702 
7398.809505  	0.161945 
7400.241163  	0.160590 
7401.672821  	0.158987 
7403.104479  	0.159086 
7404.536137  	0.157354 
7405.967796  	0.157438 
7407.399454  	0.160056 
7408.831112  	0.162850 
7410.262770  	0.163347 
7411.694428  	0.160507 
7413.126086  	0.159194 
7414.557745  	0.158251 
7415.989403  	0.158024 
7417.421061  	0.160044 
7418.852719  	0.155574 
7420.284377  	0.152149 
7421.716036  	0.157741 
7423.147694  	0.157936 
7424.579352  	0.154150 
7426.011010  	0.154086 
7427.442668  	0.154094 
7428.874327  	0.157787 
7430.305985  	0.160544 
7431.737643  	0.158233 
7433.169301  	0.158642 
7434.600959  	0.158508 
7436.032617  	0.156848 
7437.464276  	0.156183 
7438.895934  	0.153341 
7440.327592  	0.153348 
7441.759250  	0.154914 
7443.190908  	0.153703 
7444.622567  	0.153852 
7446.054225  	0.151796 
7447.485883  	0.150379 
7448.917541  	0.152648 
7450.349199  	0.149911 
7451.780858  	0.148065 
7453.212516  	0.150594 
7454.644174  	0.150847 
7456.075832  	0.153642 
7457.507490  	0.155732 
7458.939148  	0.153629 
7460.370807  	0.153738 
7461.802465  	0.151881 
7463.234123  	0.149244 
7464.665781  	0.150700 
7466.097439  	0.150617 
7467.529098  	0.148725 
7468.960756  	0.145780 
7470.392414  	0.143544 
7471.824072  	0.146517 
7473.255730  	0.147440 
7474.687388  	0.144953 
7476.119047  	0.144534 
7477.550705  	0.144718 
7478.982363  	0.147738 
7480.414021  	0.150510 
7481.845679  	0.147499 
7483.277338  	0.144715 
7484.708996  	0.143893 
7486.140654  	0.145297 
7487.572312  	0.147493 
7489.003970  	0.144797 
7490.435629  	0.143454 
7491.867287  	0.145169 
7493.298945  	0.143402 
7494.730603  	0.142307 
7496.162261  	0.141870 
7497.593919  	0.140373 
7499.025578  	0.140759 
7500.457236  	0.140016 
7501.888894  	0.139615 
7503.320552  	0.140141 
7504.752210  	0.138859 
7506.183869  	0.140954 
7507.615527  	0.143728 
7509.047185  	0.142984 
7510.478843  	0.142930 
7511.910501  	0.141336 
7513.342160  	0.140049 
7514.773818  	0.140812 
7516.205476  	0.139575 
7517.637134  	0.141386 
7519.068792  	0.143674 
7520.500450  	0.139855 
7521.932109  	0.137944 
7523.363767  	0.139279 
7524.795425  	0.141117 
7526.227083  	0.143234 
7527.658741  	0.140905 
7529.090400  	0.138908 
7530.522058  	0.139712 
7531.953716  	0.138037 
7533.385374  	0.138655 
7534.817032  	0.140355 
7536.248690  	0.138784 
7537.680349  	0.139434 
7539.112007  	0.139724 
7540.543665  	0.136500 
7541.975323  	0.134056 
7543.406981  	0.133637 
7544.838640  	0.136325 
7546.270298  	0.140055 
7547.701956  	0.141042 
7549.133614  	0.139842 
7550.565272  	0.136900 
7551.996931  	0.136241 
7553.428589  	0.137118 
7554.860247  	0.135262 
7556.291905  	0.137016 
7557.723563  	0.139593 
7559.155221  	0.133491 
7560.586880  	0.128206 
7562.018538  	0.129746 
7563.450196  	0.131837 
7564.881854  	0.133161 
7566.313512  	0.133279 
7567.745171  	0.132654 
7569.176829  	0.132897 
7570.608487  	0.132525 
7572.040145  	0.131618 
7573.471803  	0.130821 
7574.903461  	0.129995 
7576.335120  	0.131204 
7577.766778  	0.132971 
7579.198436  	0.133343 
7580.630094  	0.133260 
7582.061752  	0.133114 
7583.493411  	0.132896 
7584.925069  	0.132615 
7586.356727  	0.132852 
7587.788385  	0.132629 
7589.220043  	0.130270 
7590.651702  	0.128104 
7592.083360  	0.126232 
7593.515018  	0.124009 
7594.946676  	0.124923 
7596.378334  	0.126089 
7597.809992  	0.125048 
7599.241651  	0.125935 
7600.673309  	0.127231 
7602.104967  	0.125172 
7603.536625  	0.121683 
7604.968283  	0.120033 
7606.399942  	0.121573 
7607.831600  	0.123745 
7609.263258  	0.125549 
7610.694916  	0.127667 
7612.126574  	0.127323 
7613.558233  	0.125538 
7614.989891  	0.125218 
7616.421549  	0.124982 
7617.853207  	0.125736 
7619.284865  	0.127118 
7620.716523  	0.125776 
7622.148182  	0.123277 
7623.579840  	0.122279 
7625.011498  	0.122640 
7626.443156  	0.122285 
7627.874814  	0.120458 
7629.306473  	0.120259 
7630.738131  	0.121107 
7632.169789  	0.119027 
7633.601447  	0.116127 
7635.033105  	0.116141 
7636.464763  	0.117847 
7637.896422  	0.118077 
7639.328080  	0.117867 
7640.759738  	0.118916 
7642.191396  	0.117805 
7643.623054  	0.116108 
7645.054713  	0.116769 
7646.486371  	0.116055 
7647.918029  	0.115190 
7649.349687  	0.116504 
7650.781345  	0.116553 
7652.213004  	0.116426 
7653.644662  	0.116349 
7655.076320  	0.115274 
7656.507978  	0.117410 
7657.939636  	0.119771 
7659.371294  	0.119576 
7660.802953  	0.120449 
7662.234611  	0.118251 
7663.666269  	0.113466 
7665.097927  	0.112935 
7666.529585  	0.114037 
7667.961244  	0.114138 
7669.392902  	0.114007 
7670.824560  	0.112938 
7672.256218  	0.112809 
7673.687876  	0.112434 
7675.119535  	0.110233 
7676.551193  	0.108819 
7677.982851  	0.107671 
7679.414509  	0.106629 
7680.846167  	0.108194 
7682.277825  	0.110877 
7683.709484  	0.113113 
7685.141142  	0.113083 
7686.572800  	0.110568 
7688.004458  	0.109400 
7689.436116  	0.110434 
7690.867775  	0.110700 
7692.299433  	0.110429 
7693.731091  	0.111746 
7695.162749  	0.114332 
7696.594407  	0.114318 
7698.026065  	0.111936 
7699.457724  	0.110028 
7700.889382  	0.108883 
7702.321040  	0.108939 
7703.752698  	0.108537 
7705.184356  	0.106890 
7706.616015  	0.106780 
7708.047673  	0.105576 
7709.479331  	0.103211 
7710.910989  	0.104746 
7712.342647  	0.106182 
7713.774306  	0.104114 
7715.205964  	0.104626 
7716.637622  	0.106794 
7718.069280  	0.107332 
7719.500938  	0.108091 
7720.932596  	0.108744 
7722.364255  	0.108035 
7723.795913  	0.107059 
7725.227571  	0.105625 
7726.659229  	0.104751 
7728.090887  	0.104401 
7729.522546  	0.103935 
7730.954204  	0.103376 
7732.385862  	0.103241 
7733.817520  	0.104284 
7735.249178  	0.106042 
7736.680837  	0.105648 
7738.112495  	0.102992 
7739.544153  	0.099984 
7740.975811  	0.098037 
7742.407469  	0.098923 
7743.839127  	0.100853 
7745.270786  	0.100683 
7746.702444  	0.101477 
7748.134102  	0.103570 
7749.565760  	0.102304 
7750.997418  	0.100621 
7752.429077  	0.101221 
7753.860735  	0.099921 
7755.292393  	0.098063 
7756.724051  	0.100104 
7758.155709  	0.102044 
7759.587367  	0.099951 
7761.019026  	0.098204 
7762.450684  	0.099762 
7763.882342  	0.101871 
7765.314000  	0.100614 
7766.745658  	0.097601 
7768.177317  	0.097868 
7769.608975  	0.099200 
7771.040633  	0.096114 
7772.472291  	0.092644 
7773.903949  	0.093905 
7775.335608  	0.097137 
7776.767266  	0.098451 
7778.198924  	0.098690 
7779.630582  	0.099296 
7781.062240  	0.097852 
7782.493898  	0.093678 
7783.925557  	0.091631 
7785.357215  	0.092085 
7786.788873  	0.093129 
7788.220531  	0.095224 
7789.652189  	0.094757 
7791.083848  	0.091565 
7792.515506  	0.092513 
7793.947164  	0.093980 
7795.378822  	0.091242 
7796.810480  	0.091002 
7798.242138  	0.091256 
7799.673797  	0.088901 
7801.105455  	0.090628 
7802.537113  	0.092494 
7803.968771  	0.089931 
7805.400429  	0.090421 
7806.832088  	0.091837 
7808.263746  	0.089702 
7809.695404  	0.090371 
7811.127062  	0.092807 
7812.558720  	0.092371 
7813.990379  	0.091654 
7815.422037  	0.091765 
7816.853695  	0.090390 
7818.285353  	0.088557 
7819.717011  	0.090099 
7821.148669  	0.091488 
7822.580328  	0.088162 
7824.011986  	0.085404 
7825.443644  	0.086973 
7826.875302  	0.087725 
7828.306960  	0.086954 
7829.738619  	0.085969 
7831.170277  	0.085060 
7832.601935  	0.085552 
7834.033593  	0.084757 
7835.465251  	0.082567 
7836.896910  	0.082215 
7838.328568  	0.082717 
7839.760226  	0.085068 
7841.191884  	0.087748 
7842.623542  	0.087676 
7844.055200  	0.087770 
7845.486859  	0.087481 
7846.918517  	0.083627 
7848.350175  	0.081500 
7849.781833  	0.082634 
7851.213491  	0.081792 
7852.645150  	0.080483 
7854.076808  	0.080981 
7855.508466  	0.080999 
7856.940124  	0.081822 
7858.371782  	0.085823 
7859.803440  	0.087501 
7861.235099  	0.084222 
7862.666757  	0.081180 
7864.098415  	0.079914 
7865.530073  	0.080471 
7866.961731  	0.083170 
7868.393390  	0.083247 
7869.825048  	0.080717 
7871.256706  	0.080197 
7872.688364  	0.079247 
7874.120022  	0.077315 
7875.551681  	0.077659 
7876.983339  	0.079547 
7878.414997  	0.082274 
7879.846655  	0.081708 
7881.278313  	0.077044 
7882.709971  	0.075745 
7884.141630  	0.077111 
7885.573288  	0.076819 
7887.004946  	0.077726 
7888.436604  	0.078819 
7889.868262  	0.077378 
7891.299921  	0.076141 
7892.731579  	0.076891 
7894.163237  	0.077545 
7895.594895  	0.076868 
7897.026553  	0.077281 
7898.458212  	0.078219 
7899.889870  	0.076018 