##TITLE=No Description
##DATA TYPE=INFRARED SPECTRUM
##XUNITS=1/CM
##YUNITS=%T
349.324597  	33.701153 
350.756256  	7.361084 
352.187914  	116.325675 
353.619572  	143.444421 
355.051230  	61.073249 
356.482888  	48.067512 
357.914546  	49.318981 
359.346205  	98.535576 
360.777863  	96.156393 
362.209521  	70.735544 
363.641179  	80.157028 
365.072837  	94.774759 
366.504496  	99.757458 
367.936154  	101.229617 
369.367812  	96.070936 
370.799470  	100.716927 
372.231128  	116.159915 
373.662787  	99.162447 
375.094445  	74.797423 
376.526103  	102.364305 
377.957761  	116.302690 
379.389419  	102.903854 
380.821077  	86.618918 
382.252736  	84.883240 
383.684394  	86.307244 
385.116052  	81.399457 
386.547710  	86.587291 
387.979368  	90.346828 
389.411027  	88.617931 
390.842685  	92.718097 
392.274343  	94.355590 
393.706001  	94.324481 
395.137659  	97.451014 
396.569317  	92.837292 
398.000976  	88.535738 
399.432634  	95.019310 
400.864292  	95.455936 
402.295950  	94.841249 
403.727608  	98.450585 
405.159267  	97.727930 
406.590925  	90.856973 
408.022583  	86.296585 
409.454241  	85.105286 
410.885899  	84.085266 
412.317558  	85.094542 
413.749216  	89.189311 
415.180874  	88.682918 
416.612532  	86.126661 
418.044190  	91.052786 
419.475848  	96.695501 
420.907507  	92.123673 
422.339165  	88.307917 
423.770823  	86.154010 
425.202481  	88.357595 
426.634139  	91.130854 
428.065798  	90.449313 
429.497456  	90.869969 
430.929114  	91.520172 
432.360772  	89.094767 
433.792430  	87.773312 
435.224089  	86.829492 
436.655747  	85.293704 
438.087405  	85.941536 
439.519063  	86.861397 
440.950721  	85.903173 
442.382379  	84.335174 
443.814038  	84.222751 
445.245696  	85.933541 
446.677354  	86.631977 
448.109012  	85.444035 
449.540670  	84.640608 
450.972329  	84.472209 
452.403987  	85.259602 
453.835645  	87.226504 
455.267303  	88.297274 
456.698961  	87.443109 
458.130619  	85.573171 
459.562278  	85.079739 
460.993936  	85.155793 
462.425594  	84.920786 
463.857252  	85.916576 
465.288910  	86.110449 
466.720569  	83.808529 
468.152227  	82.444167 
469.583885  	82.601482 
471.015543  	82.137305 
472.447201  	82.855573 
473.878860  	84.634993 
475.310518  	85.172384 
476.742176  	85.408854 
478.173834  	85.245035 
479.605492  	84.535106 
481.037150  	84.089290 
482.468809  	83.722490 
483.900467  	83.505378 
485.332125  	83.651411 
486.763783  	83.464842 
488.195441  	82.405105 
489.627100  	81.039046 
491.058758  	80.602276 
492.490416  	80.677371 
493.922074  	79.982078 
495.353732  	79.548974 
496.785391  	79.867650 
498.217049  	79.814902 
499.648707  	79.254554 
501.080365  	78.563585 
502.512023  	78.399920 
503.943681  	78.951645 
505.375340  	78.629014 
506.806998  	77.648533 
508.238656  	77.528694 
509.670314  	77.405417 
511.101972  	77.123515 
512.533631  	77.385851 
513.965289  	77.091447 
515.396947  	76.449537 
516.828605  	76.692653 
518.260263  	76.924977 
519.691921  	76.542889 
521.123580  	76.276946 
522.555238  	76.365105 
523.986896  	76.934684 
525.418554  	77.188729 
526.850212  	76.401813 
528.281871  	76.014439 
529.713529  	76.492832 
531.145187  	76.914311 
532.576845  	77.131543 
534.008503  	77.427345 
535.440162  	77.606319 
536.871820  	77.619112 
538.303478  	77.857052 
539.735136  	78.299001 
541.166794  	78.381035 
542.598452  	78.211286 
544.030111  	78.031572 
545.461769  	77.481205 
546.893427  	76.990262 
548.325085  	76.944717 
549.756743  	76.696939 
551.188402  	76.482371 
552.620060  	76.611232 
554.051718  	76.436488 
555.483376  	76.055695 
556.915034  	75.878096 
558.346692  	75.710372 
559.778351  	75.327382 
561.210009  	74.462659 
562.641667  	73.481812 
564.073325  	73.087750 
565.504983  	72.744041 
566.936642  	71.801614 
568.368300  	70.733429 
569.799958  	69.921933 
571.231616  	69.159447 
572.663274  	68.444101 
574.094933  	68.011127 
575.526591  	67.679685 
576.958249  	67.320299 
578.389907  	67.424743 
579.821565  	67.868203 
581.253223  	68.267327 
582.684882  	69.040641 
584.116540  	70.049150 
585.548198  	70.808689 
586.979856  	71.637682 
588.411514  	72.440223 
589.843173  	72.887841 
591.274831  	73.285028 
592.706489  	73.639088 
594.138147  	73.907222 
595.569805  	74.358058 
597.001464  	74.879826 
598.433122  	75.294920 
599.864780  	75.610721 
601.296438  	75.911111 
602.728096  	76.331447 
604.159754  	76.709665 
605.591413  	76.891618 
607.023071  	77.040966 
608.454729  	77.235725 
609.886387  	77.420579 
611.318045  	77.522149 
612.749704  	77.569138 
614.181362  	77.677213 
615.613020  	77.682091 
617.044678  	77.567255 
618.476336  	77.679093 
619.907994  	77.877259 
621.339653  	77.870947 
622.771311  	77.841636 
624.202969  	77.839692 
625.634627  	77.769176 
627.066285  	77.881803 
628.497944  	78.090024 
629.929602  	77.928961 
631.361260  	77.744036 
632.792918  	77.938060 
634.224576  	77.915985 
635.656235  	77.665000 
637.087893  	77.810241 
638.519551  	77.940023 
639.951209  	77.674070 
641.382867  	77.419439 
642.814525  	77.250772 
644.246184  	77.056241 
645.677842  	76.846078 
647.109500  	76.553976 
648.541158  	76.292328 
649.972816  	76.085590 
651.404475  	75.837850 
652.836133  	75.522155 
654.267791  	74.972835 
655.699449  	74.378420 
657.131107  	74.071772 
658.562766  	73.797746 
659.994424  	73.482973 
661.426082  	73.123667 
662.857740  	72.525567 
664.289398  	72.082270 
665.721056  	71.799653 
667.152715  	71.012678 
668.584373  	69.979159 
670.016031  	69.727520 
671.447689  	69.376906 
672.879347  	69.085517 
674.311006  	68.835080 
675.742664  	68.374502 
677.174322  	68.067965 
678.605980  	67.949358 
680.037638  	67.792903 
681.469296  	67.644815 
682.900955  	67.514596 
684.332613  	67.514980 
685.764271  	67.672766 
687.195929  	67.904233 
688.627587  	68.149830 
690.059246  	68.364526 
691.490904  	68.787630 
692.922562  	69.341822 
694.354220  	69.781029 
695.785878  	70.318812 
697.217537  	70.853243 
698.649195  	71.289527 
700.080853  	71.827716 
701.512511  	72.276279 
702.944169  	72.683572 
704.375827  	73.247501 
705.807486  	73.780465 
707.239144  	74.206335 
708.670802  	74.468255 
710.102460  	74.667341 
711.534118  	74.997157 
712.965777  	75.250058 
714.397435  	75.427495 
715.829093  	75.675184 
717.260751  	75.876429 
718.692409  	76.045865 
720.124067  	76.152715 
721.555726  	76.196861 
722.987384  	76.176796 
724.419042  	75.874832 
725.850700  	75.548954 
727.282358  	75.455682 
728.714017  	75.464343 
730.145675  	75.929428 
731.577333  	76.977244 
733.008991  	78.238516 
734.440649  	79.663706 
735.872308  	80.961628 
737.303966  	81.916883 
738.735624  	82.779405 
740.167282  	83.485228 
741.598940  	84.001132 
743.030598  	84.446884 
744.462257  	84.851243 
745.893915  	85.351694 
747.325573  	85.796302 
748.757231  	86.103322 
750.188889  	86.532646 
751.620548  	86.942991 
753.052206  	87.259040 
754.483864  	87.667015 
755.915522  	87.983499 
757.347180  	88.163357 
758.778839  	88.398354 
760.210497  	88.656830 
761.642155  	88.959787 
763.073813  	89.356134 
764.505471  	89.706310 
765.937129  	89.925580 
767.368788  	90.123201 
768.800446  	90.386589 
770.232104  	90.641200 
771.663762  	90.859109 
773.095420  	91.092444 
774.527079  	91.369912 
775.958737  	91.708146 
777.390395  	91.990466 
778.822053  	92.168279 
780.253711  	92.367162 
781.685369  	92.576012 
783.117028  	92.784064 
784.548686  	93.003953 
785.980344  	93.172171 
787.412002  	93.364289 
788.843660  	93.591642 
790.275319  	93.794563 
791.706977  	94.024815 
793.138635  	94.232150 
794.570293  	94.417501 
796.001951  	94.610849 
797.433610  	94.801901 
798.865268  	95.111120 
800.296926  	95.368269 
801.728584  	95.470153 
803.160242  	95.737465 
804.591900  	96.036076 
806.023559  	96.174685 
807.455217  	96.377703 
808.886875  	96.590391 
810.318533  	96.790719 
811.750191  	97.041308 
813.181850  	97.196765 
814.613508  	97.317567 
816.045166  	97.440314 
817.476824  	97.586522 
818.908482  	97.806788 
820.340141  	97.843990 
821.771799  	97.823419 
823.203457  	97.998045 
824.635115  	98.060337 
826.066773  	97.999581 
827.498431  	98.015887 
828.930090  	98.031777 
830.361748  	98.040569 
831.793406  	97.977089 
833.225064  	97.921400 
834.656722  	98.053797 
836.088381  	98.243371 
837.520039  	98.539398 
838.951697  	98.935694 
840.383355  	99.127830 
841.815013  	99.213300 
843.246671  	99.363103 
844.678330  	99.516865 
846.109988  	99.645569 
847.541646  	99.712808 
848.973304  	99.821078 
850.404962  	99.927166 
851.836621  	99.911801 
853.268279  	100.024436 
854.699937  	100.221314 
856.131595  	100.278754 
857.563253  	100.365615 
858.994912  	100.472304 
860.426570  	100.482441 
861.858228  	100.459520 
863.289886  	100.453548 
864.721544  	100.542781 
866.153202  	100.604172 
867.584861  	100.550895 
869.016519  	100.577805 
870.448177  	100.632957 
871.879835  	100.608773 
873.311493  	100.564488 
874.743152  	100.546281 
876.174810  	100.626820 
877.606468  	100.638217 
879.038126  	100.539123 
880.469784  	100.557379 
881.901443  	100.513922 
883.333101  	100.412359 
884.764759  	100.489458 
886.196417  	100.461281 
887.628075  	100.291660 
889.059733  	100.265851 
890.491392  	100.310359 
891.923050  	100.327136 
893.354708  	100.286498 
894.786366  	100.253498 
896.218024  	100.267510 
897.649683  	100.113635 
899.081341  	99.885836 
900.512999  	99.773790 
901.944657  	99.629957 
903.376315  	99.447882 
904.807973  	99.292926 
906.239632  	99.200053 
907.671290  	99.200485 
909.102948  	99.178571 
910.534606  	99.198515 
911.966264  	99.236838 
913.397923  	99.093688 
914.829581  	98.910865 
916.261239  	98.702137 
917.692897  	98.438862 
919.124555  	98.352391 
920.556214  	98.271572 
921.987872  	97.993544 
923.419530  	97.611247 
924.851188  	97.146315 
926.282846  	96.744650 
927.714504  	96.348000 
929.146163  	95.840921 
930.577821  	95.541297 
932.009479  	95.436932 
933.441137  	95.402734 
934.872795  	95.686658 
936.304454  	96.159690 
937.736112  	96.610940 
939.167770  	97.065036 
940.599428  	97.450985 
942.031086  	97.817039 
943.462744  	98.027304 
944.894403  	97.955778 
946.326061  	97.898104 
947.757719  	97.847326 
949.189377  	97.684641 
950.621035  	97.559387 
952.052694  	97.450234 
953.484352  	97.358465 
954.916010  	97.260798 
956.347668  	97.045338 
957.779326  	96.855929 
959.210985  	96.757264 
960.642643  	96.772512 
962.074301  	96.969805 
963.505959  	97.108904 
964.937617  	97.138493 
966.369275  	97.234346 
967.800934  	97.320064 
969.232592  	97.349887 
970.664250  	97.322011 
972.095908  	97.251710 
973.527566  	97.247037 
974.959225  	97.270345 
976.390883  	97.295386 
977.822541  	97.316236 
979.254199  	97.297175 
980.685857  	97.351779 
982.117516  	97.448201 
983.549174  	97.511886 
984.980832  	97.610793 
986.412490  	97.704903 
987.844148  	97.872631 
989.275806  	98.139222 
990.707465  	98.328114 
992.139123  	98.493785 
993.570781  	98.619184 
995.002439  	98.669845 
996.434097  	98.811843 
997.865756  	98.910352 
999.297414  	98.905690 
1000.729072  	98.971393 
1002.160730  	99.014186 
1003.592388  	99.000200 
1005.024046  	98.986035 
1006.455705  	98.960999 
1007.887363  	98.936969 
1009.319021  	98.831614 
1010.750679  	98.750457 
1012.182337  	98.748044 
1013.613996  	98.632209 
1015.045654  	98.577428 
1016.477312  	98.614355 
1017.908970  	98.478028 
1019.340628  	98.328424 
1020.772287  	98.234369 
1022.203945  	98.118619 
1023.635603  	98.039230 
1025.067261  	97.864544 
1026.498919  	97.696868 
1027.930577  	97.668356 
1029.362236  	97.596251 
1030.793894  	97.584954 
1032.225552  	97.672638 
1033.657210  	97.726652 
1035.088868  	97.843109 
1036.520527  	97.937043 
1037.952185  	97.977267 
1039.383843  	98.038114 
1040.815501  	98.029658 
1042.247159  	98.083518 
1043.678818  	98.148198 
1045.110476  	98.062754 
1046.542134  	98.027321 
1047.973792  	97.950604 
1049.405450  	97.764169 
1050.837108  	97.666386 
1052.268767  	97.558486 
1053.700425  	97.454312 
1055.132083  	97.337087 
1056.563741  	97.074686 
1057.995399  	96.903423 
1059.427058  	96.782782 
1060.858716  	96.541389 
1062.290374  	96.315895 
1063.722032  	96.087786 
1065.153690  	95.966134 
1066.585348  	95.929714 
1068.017007  	95.740969 
1069.448665  	95.677032 
1070.880323  	95.742277 
1072.311981  	95.684316 
1073.743639  	95.708693 
1075.175298  	95.723906 
1076.606956  	95.694180 
1078.038614  	95.844354 
1079.470272  	95.987980 
1080.901930  	96.131453 
1082.333589  	96.284168 
1083.765247  	96.247569 
1085.196905  	96.221945 
1086.628563  	96.242600 
1088.060221  	96.274558 
1089.491879  	96.417326 
1090.923538  	96.426476 
1092.355196  	96.366588 
1093.786854  	96.382265 
1095.218512  	96.253750 
1096.650170  	96.127920 
1098.081829  	96.070651 
1099.513487  	95.901744 
1100.945145  	95.705082 
1102.376803  	95.460730 
1103.808461  	95.175566 
1105.240120  	94.878430 
1106.671778  	94.476393 
1108.103436  	94.156259 
1109.535094  	93.934518 
1110.966752  	93.658790 
1112.398410  	93.447771 
1113.830069  	93.252032 
1115.261727  	93.051080 
1116.693385  	92.891740 
1118.125043  	92.646397 
1119.556701  	92.508753 
1120.988360  	92.551629 
1122.420018  	92.626730 
1123.851676  	92.942564 
1125.283334  	93.445936 
1126.714992  	93.995575 
1128.146650  	94.664063 
1129.578309  	95.171558 
1131.009967  	95.435405 
1132.441625  	95.550919 
1133.873283  	95.408792 
1135.304941  	95.094427 
1136.736600  	94.660185 
1138.168258  	94.207340 
1139.599916  	93.938112 
1141.031574  	93.705363 
1142.463232  	93.466355 
1143.894891  	93.288965 
1145.326549  	93.034229 
1146.758207  	92.774708 
1148.189865  	92.522158 
1149.621523  	92.234846 
1151.053181  	92.117619 
1152.484840  	92.055536 
1153.916498  	91.853842 
1155.348156  	91.575021 
1156.779814  	91.162643 
1158.211472  	90.619853 
1159.643131  	89.951499 
1161.074789  	89.077951 
1162.506447  	88.095082 
1163.938105  	87.021698 
1165.369763  	85.849832 
1166.801421  	84.767122 
1168.233080  	83.892565 
1169.664738  	83.329297 
1171.096396  	83.144036 
1172.528054  	83.266194 
1173.959712  	83.731868 
1175.391371  	84.372352 
1176.823029  	84.989332 
1178.254687  	85.652599 
1179.686345  	86.227322 
1181.118003  	86.715450 
1182.549662  	87.187918 
1183.981320  	87.456833 
1185.412978  	87.586484 
1186.844636  	87.533267 
1188.276294  	87.112348 
1189.707952  	86.461439 
1191.139611  	85.574803 
1192.571269  	84.447102 
1194.002927  	83.236739 
1195.434585  	81.865343 
1196.866243  	80.411264 
1198.297902  	79.102659 
1199.729560  	78.039763 
1201.161218  	77.645782 
1202.592876  	78.187168 
1204.024534  	79.407241 
1205.456193  	80.989183 
1206.887851  	82.428335 
1208.319509  	83.471311 
1209.751167  	84.163402 
1211.182825  	84.525815 
1212.614483  	84.817317 
1214.046142  	85.161778 
1215.477800  	85.561401 
1216.909458  	86.183578 
1218.341116  	86.859905 
1219.772774  	87.348159 
1221.204433  	87.612695 
1222.636091  	87.611440 
1224.067749  	87.398614 
1225.499407  	86.930206 
1226.931065  	86.210464 
1228.362723  	85.408534 
1229.794382  	84.474166 
1231.226040  	83.421173 
1232.657698  	82.428478 
1234.089356  	81.510139 
1235.521014  	80.765610 
1236.952673  	80.267759 
1238.384331  	79.928785 
1239.815989  	79.826040 
1241.247647  	79.866704 
1242.679305  	79.889501 
1244.110964  	79.912484 
1245.542622  	79.801232 
1246.974280  	79.581022 
1248.405938  	79.282832 
1249.837596  	78.773448 
1251.269254  	78.225091 
1252.700913  	77.632374 
1254.132571  	76.854260 
1255.564229  	76.106438 
1256.995887  	75.372319 
1258.427545  	74.641998 
1259.859204  	74.155832 
1261.290862  	73.833458 
1262.722520  	73.730412 
1264.154178  	73.971289 
1265.585836  	74.402723 
1267.017495  	75.044576 
1268.449153  	75.711133 
1269.880811  	76.205949 
1271.312469  	76.666307 
1272.744127  	77.029574 
1274.175785  	77.365854 
1275.607444  	77.800190 
1277.039102  	78.236690 
1278.470760  	78.797783 
1279.902418  	79.457147 
1281.334076  	80.113674 
1282.765735  	80.848781 
1284.197393  	81.506622 
1285.629051  	82.090443 
1287.060709  	82.671788 
1288.492367  	83.104292 
1289.924025  	83.446388 
1291.355684  	83.652242 
1292.787342  	83.728193 
1294.219000  	83.951703 
1295.650658  	84.229016 
1297.082316  	84.445655 
1298.513975  	84.647741 
1299.945633  	84.745211 
1301.377291  	84.869905 
1302.808949  	85.074017 
1304.240607  	85.250502 
1305.672266  	85.480404 
1307.103924  	85.707284 
1308.535582  	85.938658 
1309.967240  	86.229297 
1311.398898  	86.429631 
1312.830556  	86.620579 
1314.262215  	86.843382 
1315.693873  	87.011755 
1317.125531  	87.233055 
1318.557189  	87.430822 
1319.988847  	87.566039 
1321.420506  	87.717337 
1322.852164  	87.758979 
1324.283822  	87.725204 
1325.715480  	87.637474 
1327.147138  	87.410159 
1328.578796  	87.165985 
1330.010455  	86.912982 
1331.442113  	86.625819 
1332.873771  	86.430296 
1334.305429  	86.251686 
1335.737087  	86.084341 
1337.168746  	85.994982 
1338.600404  	85.869268 
1340.032062  	85.767958 
1341.463720  	85.661242 
1342.895378  	85.434522 
1344.327037  	85.210150 
1345.758695  	84.940219 
1347.190353  	84.581946 
1348.622011  	84.237643 
1350.053669  	83.831705 
1351.485327  	83.409583 
1352.916986  	83.031352 
1354.348644  	82.561653 
1355.780302  	82.123829 
1357.211960  	81.751642 
1358.643618  	81.305011 
1360.075277  	80.938231 
1361.506935  	80.585588 
1362.938593  	80.139118 
1364.370251  	79.823520 
1365.801909  	79.498614 
1367.233568  	79.155049 
1368.665226  	78.871096 
1370.096884  	78.574504 
1371.528542  	78.507020 
1372.960200  	78.619522 
1374.391858  	78.916849 
1375.823517  	79.651041 
1377.255175  	80.387929 
1378.686833  	81.249916 
1380.118491  	82.255182 
1381.550149  	83.068184 
1382.981808  	83.942319 
1384.413466  	84.654444 
1385.845124  	85.156663 
1387.276782  	85.832269 
1388.708440  	86.401744 
1390.140098  	86.887706 
1391.571757  	87.363975 
1393.003415  	87.661711 
1394.435073  	88.000753 
1395.866731  	88.224011 
1397.298389  	88.255467 
1398.730048  	88.280445 
1400.161706  	88.090748 
1401.593364  	87.885977 
1403.025022  	87.552328 
1404.456680  	86.850723 
1405.888339  	86.111204 
1407.319997  	85.199040 
1408.751655  	84.002357 
1410.183313  	82.670813 
1411.614971  	81.046037 
1413.046629  	79.430992 
1414.478288  	78.005466 
1415.909946  	76.807711 
1417.341604  	76.208269 
1418.773262  	76.219455 
1420.204920  	77.005326 
1421.636579  	77.919188 
1423.068237  	78.642912 
1424.499895  	79.365210 
1425.931553  	79.691714 
1427.363211  	79.635333 
1428.794870  	79.243027 
1430.226528  	78.471936 
1431.658186  	77.716786 
1433.089844  	77.117175 
1434.521502  	76.679201 
1435.953160  	76.452626 
1437.384819  	76.537638 
1438.816477  	76.672508 
1440.248135  	76.987954 
1441.679793  	77.400245 
1443.111451  	77.652303 
1444.543110  	77.961443 
1445.974768  	78.104337 
1447.406426  	78.015577 
1448.838084  	77.935679 
1450.269742  	77.636017 
1451.701400  	77.194404 
1453.133059  	76.673976 
1454.564717  	76.131278 
1455.996375  	75.669106 
1457.428033  	74.907095 
1458.859691  	73.875720 
1460.291350  	73.104498 
1461.723008  	72.593713 
1463.154666  	72.427353 
1464.586324  	73.298966 
1466.017982  	75.206809 
1467.449641  	76.833108 
1468.881299  	78.186070 
1470.312957  	78.803073 
1471.744615  	78.721906 
1473.176273  	78.119920 
1474.607931  	77.735176 
1476.039590  	78.105833 
1477.471248  	79.129899 
1478.902906  	80.440854 
1480.334564  	82.049843 
1481.766222  	83.749690 
1483.197881  	85.072881 
1484.629539  	86.071004 
1486.061197  	86.489479 
1487.492855  	86.483758 
1488.924513  	86.323637 
1490.356172  	85.733413 
1491.787830  	85.176582 
1493.219488  	84.651255 
1494.651146  	83.931283 
1496.082804  	83.094311 
1497.514462  	82.087030 
1498.946121  	81.092649 
1500.377779  	80.174355 
1501.809437  	79.084112 
1503.241095  	77.953623 
1504.672753  	76.920474 
1506.104412  	75.543704 
1507.536070  	73.545098 
1508.967728  	72.285408 
1510.399386  	71.052959 
1511.831044  	69.660286 
1513.262702  	68.039148 
1514.694361  	66.451220 
1516.126019  	64.914245 
1517.557677  	62.646589 
1518.989335  	60.873166 
1520.420993  	59.619403 
1521.852652  	57.050781 
1523.284310  	55.117919 
1524.715968  	53.823643 
1526.147626  	51.801911 
1527.579284  	50.183956 
1529.010943  	48.601402 
1530.442601  	47.107630 
1531.874259  	46.319421 
1533.305917  	45.118773 
1534.737575  	44.268017 
1536.169233  	44.115077 
1537.600892  	43.836814 
1539.032550  	44.277428 
1540.464208  	44.360063 
1541.895866  	44.887439 
1543.327524  	46.391294 
1544.759183  	47.212750 
1546.190841  	48.861372 
1547.622499  	50.441729 
1549.054157  	51.724731 
1550.485815  	54.017683 
1551.917473  	55.648495 
1553.349132  	57.118549 
1554.780790  	59.245339 
1556.212448  	60.400910 
1557.644106  	61.719368 
1559.075764  	63.722452 
1560.507423  	65.353661 
1561.939081  	67.125751 
1563.370739  	68.309689 
1564.802397  	69.799889 
1566.234055  	71.674881 
1567.665714  	72.797088 
1569.097372  	74.337613 
1570.529030  	76.075322 
1571.960688  	77.266006 
1573.392346  	78.710270 
1574.824004  	79.691382 
1576.255663  	80.855517 
1577.687321  	82.407410 
1579.118979  	83.079271 
1580.550637  	84.083418 
1581.982295  	84.916971 
1583.413954  	85.362265 
1584.845612  	86.073882 
1586.277270  	86.287709 
1587.708928  	86.529348 
1589.140586  	86.803246 
1590.572245  	86.527442 
1592.003903  	86.544823 
1593.435561  	86.191133 
1594.867219  	85.512982 
1596.298877  	85.080013 
1597.730535  	84.013136 
1599.162194  	83.038498 
1600.593852  	81.916894 
1602.025510  	80.153957 
1603.457168  	78.721460 
1604.888826  	76.763723 
1606.320485  	74.704489 
1607.752143  	72.982937 
1609.183801  	70.503727 
1610.615459  	68.525327 
1612.047117  	66.553625 
1613.478775  	64.043936 
1614.910434  	62.376325 
1616.342092  	59.869093 
1617.773750  	56.507310 
1619.205408  	54.759548 
1620.637066  	52.665864 
1622.068725  	50.912509 
1623.500383  	49.250742 
1624.932041  	47.047581 
1626.363699  	46.188175 
1627.795357  	44.975289 
1629.227016  	43.237681 
1630.658674  	42.540095 
1632.090332  	41.407399 
1633.521990  	40.807128 
1634.953648  	41.371424 
1636.385306  	41.464150 
1637.816965  	43.173927 
1639.248623  	45.312413 
1640.680281  	47.339960 
1642.111939  	50.102863 
1643.543597  	52.578666 
1644.975256  	54.682568 
1646.406914  	57.478021 
1647.838572  	60.271289 
1649.270230  	62.539907 
1650.701888  	64.549774 
1652.133547  	65.956358 
1653.565205  	68.719816 
1654.996863  	71.435595 
1656.428521  	72.727278 
1657.860179  	74.589955 
1659.291837  	76.498407 
1660.723496  	78.111817 
1662.155154  	80.125452 
1663.586812  	82.140717 
1665.018470  	84.069203 
1666.450128  	86.034603 
1667.881787  	87.607831 
1669.313445  	89.442196 
1670.745103  	91.574962 
1672.176761  	92.958459 
1673.608419  	94.244182 
1675.040077  	95.344234 
1676.471736  	96.352309 
1677.903394  	97.514003 
1679.335052  	98.213781 
1680.766710  	98.974475 
1682.198368  	99.871326 
1683.630027  	100.081632 
1685.061685  	100.937348 
1686.493343  	101.789031 
1687.925001  	102.010217 
1689.356659  	102.523152 
1690.788318  	102.801752 
1692.219976  	102.939448 
1693.651634  	103.346780 
1695.083292  	103.275089 
1696.514950  	103.274413 
1697.946608  	103.759199 
1699.378267  	103.530327 
1700.809925  	103.539364 
1702.241583  	104.016987 
1703.673241  	104.012175 
1705.104899  	104.105391 
1706.536558  	104.072669 
1707.968216  	104.213432 
1709.399874  	104.471755 
1710.831532  	104.369100 
1712.263190  	104.434270 
1713.694849  	104.532302 
1715.126507  	104.389294 
1716.558165  	104.551687 
1717.989823  	104.444248 
1719.421481  	104.446569 
1720.853139  	104.763922 
1722.284798  	104.709701 
1723.716456  	104.749927 
1725.148114  	104.888560 
1726.579772  	104.779869 
1728.011430  	104.850171 
1729.443089  	104.839993 
1730.874747  	104.777618 
1732.306405  	104.944126 
1733.738063  	104.719470 
1735.169721  	104.762434 
1736.601379  	105.095660 
1738.033038  	105.002422 
1739.464696  	105.045111 
1740.896354  	105.114392 
1742.328012  	105.039376 
1743.759670  	105.190655 
1745.191329  	105.189839 
1746.622987  	105.192483 
1748.054645  	105.348688 
1749.486303  	105.297003 
1750.917961  	105.389452 
1752.349620  	105.469462 
1753.781278  	105.469427 
1755.212936  	105.625758 
1756.644594  	105.581928 
1758.076252  	105.599435 
1759.507910  	105.755149 
1760.939569  	105.625845 
1762.371227  	105.702018 
1763.802885  	105.899277 
1765.234543  	105.862083 
1766.666201  	105.909931 
1768.097860  	105.836575 
1769.529518  	105.812545 
1770.961176  	105.925319 
1772.392834  	105.764923 
1773.824492  	105.910312 
1775.256150  	106.054950 
1776.687809  	105.972609 
1778.119467  	106.123764 
1779.551125  	106.127390 
1780.982783  	106.069901 
1782.414441  	106.258536 
1783.846100  	106.149265 
1785.277758  	106.102695 
1786.709416  	106.240822 
1788.141074  	106.143708 
1789.572732  	106.168881 
1791.004391  	106.105681 
1792.436049  	105.902149 
1793.867707  	106.136406 
1795.299365  	106.176580 
1796.731023  	106.185934 
1798.162681  	106.324534 
1799.594340  	106.196765 
1801.025998  	106.189031 
1802.457656  	106.247394 
1803.889314  	106.186249 
1805.320972  	106.332566 
1806.752631  	106.353002 
1808.184289  	106.326487 
1809.615947  	106.406422 
1811.047605  	106.254183 
1812.479263  	106.280411 
1813.910922  	106.387149 
1815.342580  	106.285912 
1816.774238  	106.369495 
1818.205896  	106.379722 
1819.637554  	106.313722 
1821.069212  	106.436568 
1822.500871  	106.393296 
1823.932529  	106.423498 
1825.364187  	106.500662 
1826.795845  	106.367531 
1828.227503  	106.431035 
1829.659162  	106.328525 
1831.090820  	106.198965 
1832.522478  	106.424034 
1833.954136  	106.358954 
1835.385794  	106.341897 
1836.817452  	106.506959 
1838.249111  	106.374888 
1839.680769  	106.382726 
1841.112427  	106.409700 
1842.544085  	106.275719 
1843.975743  	106.343529 
1845.407402  	106.249188 
1846.839060  	106.245026 
1848.270718  	106.403101 
1849.702376  	106.289477 
1851.134034  	106.339642 
1852.565693  	106.433967 
1853.997351  	106.408175 
1855.429009  	106.628257 
1856.860667  	106.618270 
1858.292325  	106.462259 
1859.723983  	106.494905 
1861.155642  	106.398867 
1862.587300  	106.469959 
1864.018958  	106.506865 
1865.450616  	106.358878 
1866.882274  	106.532863 
1868.313933  	106.478154 
1869.745591  	106.278545 
1871.177249  	106.466203 
1872.608907  	106.345846 
1874.040565  	106.323279 
1875.472224  	106.509255 
1876.903882  	106.406887 
1878.335540  	106.403368 
1879.767198  	106.377061 
1881.198856  	106.378692 
1882.630514  	106.543119 
1884.062173  	106.289050 
1885.493831  	106.264347 
1886.925489  	106.571206 
1888.357147  	106.403188 
1889.788805  	106.361708 
1891.220464  	106.387498 
1892.652122  	106.258812 
1894.083780  	106.506912 
1895.515438  	106.510383 
1896.947096  	106.378029 
1898.378754  	106.513028 
1899.810413  	106.338668 
1901.242071  	106.335575 
1902.673729  	106.505833 
1904.105387  	106.387444 
1905.537045  	106.501687 
1906.968704  	106.578479 
1908.400362  	106.524856 
1909.832020  	106.576482 
1911.263678  	106.397900 
1912.695336  	106.444468 
1914.126995  	106.552094 
1915.558653  	106.416370 
1916.990311  	106.534130 
1918.421969  	106.402420 
1919.853627  	106.322799 
1921.285285  	106.653911 
1922.716944  	106.425696 
1924.148602  	106.329121 
1925.580260  	106.641106 
1927.011918  	106.480510 
1928.443576  	106.501615 
1929.875235  	106.517433 
1931.306893  	106.315928 
1932.738551  	106.494066 
1934.170209  	106.351688 
1935.601867  	106.183324 
1937.033525  	106.374363 
1938.465184  	106.275983 
1939.896842  	106.393112 
1941.328500  	106.375428 
1942.760158  	106.083209 
1944.191816  	106.424880 
1945.623475  	106.346797 
1947.055133  	106.067672 
1948.486791  	106.207690 
1949.918449  	106.091790 
1951.350107  	106.315372 
1952.781766  	106.388264 
1954.213424  	106.189231 
1955.645082  	106.858613 
1957.076740  	106.715392 
1958.508398  	106.073569 
1959.940056  	106.408605 
1961.371715  	106.079282 
1962.803373  	105.910344 
1964.235031  	106.290148 
1965.666689  	105.783785 
1967.098347  	106.054255 
1968.530006  	106.515660 
1969.961664  	105.890909 
1971.393322  	105.673783 
1972.824980  	105.496942 
1974.256638  	105.443416 
1975.688297  	105.701316 
1977.119955  	105.719323 
1978.551613  	106.431658 
1979.983271  	106.585724 
1981.414929  	106.293923 
1982.846587  	106.534104 
1984.278246  	105.932776 
1985.709904  	105.802193 
1987.141562  	106.531796 
1988.573220  	106.145856 
1990.004878  	106.014393 
1991.436537  	106.311099 
1992.868195  	106.116961 
1994.299853  	106.349119 
1995.731511  	106.201647 
1997.163169  	106.225143 
1998.594827  	106.888527 
2000.026486  	106.396050 
2001.458144  	106.095748 
2002.889802  	106.597911 
2004.321460  	106.361081 
2005.753118  	106.327789 
2007.184777  	106.465490 
2008.616435  	106.401374 
2010.048093  	106.549929 
2011.479751  	106.197150 
2012.911409  	106.305532 
2014.343068  	106.535901 
2015.774726  	105.876958 
2017.206384  	105.879516 
2018.638042  	105.987367 
2020.069700  	105.797234 
2021.501358  	106.071228 
2022.933017  	105.741189 
2024.364675  	105.901338 
2025.796333  	106.438997 
2027.227991  	105.839113 
2028.659649  	105.774787 
2030.091308  	105.519649 
2031.522966  	104.889298 
2032.954624  	105.949966 
2034.386282  	106.355955 
2035.817940  	105.565640 
2037.249599  	105.512065 
2038.681257  	105.564120 
2040.112915  	106.022379 
2041.544573  	106.304417 
2042.976231  	105.748118 
2044.407889  	105.854590 
2045.839548  	106.066207 
2047.271206  	106.059770 
2048.702864  	106.265432 
2050.134522  	105.942460 
2051.566180  	106.049207 
2052.997839  	106.569173 
2054.429497  	106.530124 
2055.861155  	106.635433 
2057.292813  	106.563564 
2058.724471  	106.099005 
2060.156129  	106.114216 
2061.587788  	106.245639 
2063.019446  	106.310798 
2064.451104  	106.314392 
2065.882762  	106.080240 
2067.314420  	106.140314 
2068.746079  	106.154490 
2070.177737  	106.092745 
2071.609395  	106.396580 
2073.041053  	106.382632 
2074.472711  	106.303457 
2075.904370  	106.500772 
2077.336028  	106.394069 
2078.767686  	106.354780 
2080.199344  	106.463024 
2081.631002  	106.457434 
2083.062660  	106.542487 
2084.494319  	106.456743 
2085.925977  	106.309048 
2087.357635  	106.249169 
2088.789293  	106.182668 
2090.220951  	106.485552 
2091.652610  	106.700623 
2093.084268  	106.536808 
2094.515926  	106.538586 
2095.947584  	106.388315 
2097.379242  	106.203725 
2098.810901  	106.303836 
2100.242559  	106.229783 
2101.674217  	106.305792 
2103.105875  	106.545477 
2104.537533  	106.543068 
2105.969191  	106.612181 
2107.400850  	106.605397 
2108.832508  	106.489127 
2110.264166  	106.397966 
2111.695824  	106.212407 
2113.127482  	106.330875 
2114.559141  	106.424371 
2115.990799  	106.186253 
2117.422457  	106.287247 
2118.854115  	106.363350 
2120.285773  	106.161110 
2121.717431  	106.108434 
2123.149090  	106.045280 
2124.580748  	106.239786 
2126.012406  	106.448285 
2127.444064  	106.159494 
2128.875722  	106.192748 
2130.307381  	106.404516 
2131.739039  	106.322411 
2133.170697  	106.333371 
2134.602355  	106.039901 
2136.034013  	105.857616 
2137.465672  	106.044857 
2138.897330  	105.874803 
2140.328988  	106.130343 
2141.760646  	106.393164 
2143.192304  	105.884462 
2144.623962  	105.808913 
2146.055621  	105.901831 
2147.487279  	105.997338 
2148.918937  	106.436997 
2150.350595  	106.211878 
2151.782253  	106.111091 
2153.213912  	106.241095 
2154.645570  	105.845099 
2156.077228  	105.924208 
2157.508886  	105.423483 
2158.940544  	104.642240 
2160.372202  	105.393127 
2161.803861  	105.202614 
2163.235519  	104.868936 
2164.667177  	105.882139 
2166.098835  	106.058387 
2167.530493  	105.782411 
2168.962152  	105.897433 
2170.393810  	105.864627 
2171.825468  	105.749659 
2173.257126  	105.306925 
2174.688784  	105.220327 
2176.120443  	105.853511 
2177.552101  	106.203259 
2178.983759  	106.362456 
2180.415417  	106.137188 
2181.847075  	105.960551 
2183.278733  	106.423347 
2184.710392  	106.253401 
2186.142050  	106.103572 
2187.573708  	106.371812 
2189.005366  	105.802253 
2190.437024  	105.699921 
2191.868683  	106.232485 
2193.300341  	106.082996 
2194.731999  	106.114097 
2196.163657  	106.168462 
2197.595315  	105.946862 
2199.026974  	106.174127 
2200.458632  	106.215823 
2201.890290  	106.186384 
2203.321948  	106.446086 
2204.753606  	106.316234 
2206.185264  	106.060770 
2207.616923  	105.920366 
2209.048581  	106.058360 
2210.480239  	106.615018 
2211.911897  	106.563874 
2213.343555  	106.026213 
2214.775214  	105.995271 
2216.206872  	106.275433 
2217.638530  	106.356325 
2219.070188  	106.186005 
2220.501846  	106.227004 
2221.933504  	106.284902 
2223.365163  	105.953098 
2224.796821  	106.082911 
2226.228479  	106.394778 
2227.660137  	106.222798 
2229.091795  	106.454030 
2230.523454  	106.671223 
2231.955112  	106.371655 
2233.386770  	106.381626 
2234.818428  	106.445430 
2236.250086  	106.341389 
2237.681745  	106.287056 
2239.113403  	106.231901 
2240.545061  	106.395112 
2241.976719  	106.366071 
2243.408377  	106.256724 
2244.840035  	106.557859 
2246.271694  	106.459205 
2247.703352  	106.267895 
2249.135010  	106.524294 
2250.566668  	106.419928 
2251.998326  	106.374791 
2253.429985  	106.623610 
2254.861643  	106.552225 
2256.293301  	106.586134 
2257.724959  	106.634981 
2259.156617  	106.587732 
2260.588276  	106.791353 
2262.019934  	106.708388 
2263.451592  	106.502694 
2264.883250  	106.577320 
2266.314908  	106.556372 
2267.746566  	106.613949 
2269.178225  	106.703379 
2270.609883  	106.623868 
2272.041541  	106.568997 
2273.473199  	106.372376 
2274.904857  	106.306604 
2276.336516  	106.496031 
2277.768174  	106.486640 
2279.199832  	106.537047 
2280.631490  	106.644905 
2282.063148  	106.548740 
2283.494806  	106.525412 
2284.926465  	106.459130 
2286.358123  	106.379013 
2287.789781  	106.440045 
2289.221439  	106.387344 
2290.653097  	106.418240 
2292.084756  	106.507353 
2293.516414  	106.363604 
2294.948072  	106.357293 
2296.379730  	106.497785 
2297.811388  	106.479920 
2299.243047  	106.405296 
2300.674705  	106.298379 
2302.106363  	106.241143 
2303.538021  	106.251930 
2304.969679  	106.214182 
2306.401337  	106.209297 
2307.832996  	106.104073 
2309.264654  	105.911286 
2310.696312  	105.876833 
2312.127970  	105.816544 
2313.559628  	105.728210 
2314.991287  	105.774573 
2316.422945  	105.800035 
2317.854603  	105.759917 
2319.286261  	105.602277 
2320.717919  	105.417195 
2322.149577  	105.371990 
2323.581236  	105.254611 
2325.012894  	105.148838 
2326.444552  	105.170640 
2327.876210  	105.105965 
2329.307868  	105.019366 
2330.739527  	104.928856 
2332.171185  	104.888956 
2333.602843  	105.094687 
2335.034501  	105.148964 
2336.466159  	104.959054 
2337.897818  	104.914143 
2339.329476  	104.902827 
2340.761134  	104.867945 
2342.192792  	104.856127 
2343.624450  	104.786149 
2345.056108  	104.827116 
2346.487767  	105.077457 
2347.919425  	105.457099 
2349.351083  	105.648670 
2350.782741  	105.397215 
2352.214399  	105.037353 
2353.646058  	104.825805 
2355.077716  	104.515446 
2356.509374  	104.384613 
2357.941032  	104.291892 
2359.372690  	103.957846 
2360.804349  	103.990295 
2362.236007  	104.237641 
2363.667665  	104.324188 
2365.099323  	104.437482 
2366.530981  	104.507039 
2367.962639  	104.692948 
2369.394298  	105.000173 
2370.825956  	105.150121 
2372.257614  	105.229146 
2373.689272  	105.313045 
2375.120930  	105.533371 
2376.552589  	105.828536 
2377.984247  	105.989373 
2379.415905  	106.208570 
2380.847563  	106.404232 
2382.279221  	106.452152 
2383.710879  	106.592334 
2385.142538  	106.684662 
2386.574196  	106.637777 
2388.005854  	106.620189 
2389.437512  	106.578008 
2390.869170  	106.619078 
2392.300829  	106.716097 
2393.732487  	106.692643 
2395.164145  	106.735986 
2396.595803  	106.751904 
2398.027461  	106.661856 
2399.459120  	106.686333 
2400.890778  	106.667307 
2402.322436  	106.664331 
2403.754094  	106.788342 
2405.185752  	106.724938 
2406.617410  	106.644299 
2408.049069  	106.729716 
2409.480727  	106.733458 
2410.912385  	106.655170 
2412.344043  	106.556015 
2413.775701  	106.589990 
2415.207360  	106.773024 
2416.639018  	106.749165 
2418.070676  	106.670808 
2419.502334  	106.772938 
2420.933992  	106.806334 
2422.365651  	106.736986 
2423.797309  	106.653361 
2425.228967  	106.622951 
2426.660625  	106.687312 
2428.092283  	106.694894 
2429.523941  	106.684884 
2430.955600  	106.700009 
2432.387258  	106.697187 
2433.818916  	106.762640 
2435.250574  	106.763046 
2436.682232  	106.694146 
2438.113891  	106.693428 
2439.545549  	106.657913 
2440.977207  	106.691918 
2442.408865  	106.751834 
2443.840523  	106.678225 
2445.272181  	106.701976 
2446.703840  	106.691186 
2448.135498  	106.574434 
2449.567156  	106.667645 
2450.998814  	106.723424 
2452.430472  	106.637662 
2453.862131  	106.649603 
2455.293789  	106.630367 
2456.725447  	106.627811 
2458.157105  	106.681192 
2459.588763  	106.675119 
2461.020422  	106.723023 
2462.452080  	106.708148 
2463.883738  	106.600556 
2465.315396  	106.583200 
2466.747054  	106.562539 
2468.178712  	106.590962 
2469.610371  	106.655035 
2471.042029  	106.603701 
2472.473687  	106.626173 
2473.905345  	106.645445 
2475.337003  	106.545120 
2476.768662  	106.598113 
2478.200320  	106.713634 
2479.631978  	106.673588 
2481.063636  	106.596219 
2482.495294  	106.617798 
2483.926953  	106.685394 
2485.358611  	106.620032 
2486.790269  	106.560692 
2488.221927  	106.659682 
2489.653585  	106.721846 
2491.085243  	106.776351 
2492.516902  	106.776239 
2493.948560  	106.638088 
2495.380218  	106.664063 
2496.811876  	106.733477 
2498.243534  	106.682388 
2499.675193  	106.723962 
2501.106851  	106.705279 
2502.538509  	106.652522 
2503.970167  	106.680477 
2505.401825  	106.580934 
2506.833483  	106.576283 
2508.265142  	106.653539 
2509.696800  	106.513650 
2511.128458  	106.477245 
2512.560116  	106.564460 
2513.991774  	106.534599 
2515.423433  	106.526349 
2516.855091  	106.505441 
2518.286749  	106.521016 
2519.718407  	106.617123 
2521.150065  	106.572404 
2522.581724  	106.515036 
2524.013382  	106.552167 
2525.445040  	106.572378 
2526.876698  	106.595158 
2528.308356  	106.562815 
2529.740014  	106.525518 
2531.171673  	106.503442 
2532.603331  	106.404570 
2534.034989  	106.420434 
2535.466647  	106.515697 
2536.898305  	106.509540 
2538.329964  	106.536036 
2539.761622  	106.561306 
2541.193280  	106.542881 
2542.624938  	106.545040 
2544.056596  	106.529117 
2545.488254  	106.555812 
2546.919913  	106.491485 
2548.351571  	106.321286 
2549.783229  	106.395239 
2551.214887  	106.535395 
2552.646545  	106.452915 
2554.078204  	106.384277 
2555.509862  	106.429654 
2556.941520  	106.438957 
2558.373178  	106.320390 
2559.804836  	106.261961 
2561.236495  	106.430734 
2562.668153  	106.511161 
2564.099811  	106.444082 
2565.531469  	106.460368 
2566.963127  	106.458824 
2568.394785  	106.472357 
2569.826444  	106.480266 
2571.258102  	106.361221 
2572.689760  	106.387235 
2574.121418  	106.499335 
2575.553076  	106.444607 
2576.984735  	106.398489 
2578.416393  	106.370612 
2579.848051  	106.335422 
2581.279709  	106.384971 
2582.711367  	106.402393 
2584.143026  	106.407102 
2585.574684  	106.441376 
2587.006342  	106.435948 
2588.438000  	106.440856 
2589.869658  	106.434080 
2591.301316  	106.419192 
2592.732975  	106.403068 
2594.164633  	106.303473 
2595.596291  	106.248542 
2597.027949  	106.312721 
2598.459607  	106.411505 
2599.891266  	106.492536 
2601.322924  	106.446010 
2602.754582  	106.374655 
2604.186240  	106.360338 
2605.617898  	106.263156 
2607.049556  	106.243515 
2608.481215  	106.343508 
2609.912873  	106.338880 
2611.344531  	106.329789 
2612.776189  	106.342854 
2614.207847  	106.298706 
2615.639506  	106.313945 
2617.071164  	106.340341 
2618.502822  	106.324756 
2619.934480  	106.318918 
2621.366138  	106.302168 
2622.797797  	106.333695 
2624.229455  	106.370889 
2625.661113  	106.325392 
2627.092771  	106.312288 
2628.524429  	106.366265 
2629.956087  	106.414797 
2631.387746  	106.426232 
2632.819404  	106.420080 
2634.251062  	106.437356 
2635.682720  	106.400099 
2637.114378  	106.341150 
2638.546037  	106.368182 
2639.977695  	106.348210 
2641.409353  	106.282425 
2642.841011  	106.286627 
2644.272669  	106.269082 
2645.704328  	106.244191 
2647.135986  	106.254810 
2648.567644  	106.240292 
2649.999302  	106.261865 
2651.430960  	106.306821 
2652.862618  	106.295659 
2654.294277  	106.271698 
2655.725935  	106.244353 
2657.157593  	106.208106 
2658.589251  	106.199153 
2660.020909  	106.218793 
2661.452568  	106.215247 
2662.884226  	106.157320 
2664.315884  	106.149594 
2665.747542  	106.208568 
2667.179200  	106.209054 
2668.610858  	106.188117 
2670.042517  	106.164752 
2671.474175  	106.098372 
2672.905833  	106.094559 
2674.337491  	106.141531 
2675.769149  	106.154072 
2677.200808  	106.150543 
2678.632466  	106.118645 
2680.064124  	106.095212 
2681.495782  	106.083184 
2682.927440  	106.045546 
2684.359099  	106.056288 
2685.790757  	106.061395 
2687.222415  	106.024927 
2688.654073  	106.038711 
2690.085731  	106.010820 
2691.517389  	105.958942 
2692.949048  	105.992985 
2694.380706  	105.979068 
2695.812364  	105.917277 
2697.244022  	105.908857 
2698.675680  	105.916316 
2700.107339  	105.950473 
2701.538997  	105.960959 
2702.970655  	105.906546 
2704.402313  	105.862367 
2705.833971  	105.813903 
2707.265630  	105.780471 
2708.697288  	105.791409 
2710.128946  	105.787052 
2711.560604  	105.787255 
2712.992262  	105.792326 
2714.423920  	105.785903 
2715.855579  	105.768606 
2717.287237  	105.697767 
2718.718895  	105.667448 
2720.150553  	105.693149 
2721.582211  	105.658727 
2723.013870  	105.648675 
2724.445528  	105.641533 
2725.877186  	105.543119 
2727.308844  	105.492962 
2728.740502  	105.492094 
2730.172160  	105.465954 
2731.603819  	105.443933 
2733.035477  	105.382435 
2734.467135  	105.338427 
2735.898793  	105.338010 
2737.330451  	105.283709 
2738.762110  	105.247846 
2740.193768  	105.248120 
2741.625426  	105.210315 
2743.057084  	105.173380 
2744.488742  	105.133755 
2745.920401  	105.108640 
2747.352059  	105.096236 
2748.783717  	105.044587 
2750.215375  	105.064894 
2751.647033  	105.137039 
2753.078691  	105.115820 
2754.510350  	105.088735 
2755.942008  	105.089778 
2757.373666  	105.063303 
2758.805324  	105.059215 
2760.236982  	105.053202 
2761.668641  	105.023029 
2763.100299  	105.005028 
2764.531957  	104.966866 
2765.963615  	104.911004 
2767.395273  	104.895018 
2768.826931  	104.917190 
2770.258590  	104.898880 
2771.690248  	104.831647 
2773.121906  	104.802732 
2774.553564  	104.770436 
2775.985222  	104.696942 
2777.416881  	104.650081 
2778.848539  	104.580123 
2780.280197  	104.511165 
2781.711855  	104.533801 
2783.143513  	104.532143 
2784.575172  	104.454457 
2786.006830  	104.358860 
2787.438488  	104.250701 
2788.870146  	104.184350 
2790.301804  	104.139998 
2791.733462  	104.071083 
2793.165121  	104.029008 
2794.596779  	103.985670 
2796.028437  	103.938278 
2797.460095  	103.921939 
2798.891753  	103.853336 
2800.323412  	103.731144 
2801.755070  	103.644549 
2803.186728  	103.600089 
2804.618386  	103.542582 
2806.050044  	103.432089 
2807.481703  	103.320525 
2808.913361  	103.220697 
2810.345019  	103.099009 
2811.776677  	103.006652 
2813.208335  	102.895856 
2814.639993  	102.732465 
2816.071652  	102.621270 
2817.503310  	102.501486 
2818.934968  	102.335260 
2820.366626  	102.221410 
2821.798284  	102.097368 
2823.229943  	101.947700 
2824.661601  	101.837070 
2826.093259  	101.710212 
2827.524917  	101.579381 
2828.956575  	101.455561 
2830.388233  	101.288954 
2831.819892  	101.102163 
2833.251550  	100.850314 
2834.683208  	100.511823 
2836.114866  	100.176112 
2837.546524  	99.801632 
2838.978183  	99.284938 
2840.409841  	98.624180 
2841.841499  	97.838969 
2843.273157  	96.896172 
2844.704815  	95.733961 
2846.136474  	94.387659 
2847.568132  	92.988760 
2848.999790  	91.639576 
2850.431448  	90.436505 
2851.863106  	89.427266 
2853.294764  	88.548903 
2854.726423  	87.794049 
2856.158081  	87.173872 
2857.589739  	86.663101 
2859.021397  	86.315773 
2860.453055  	86.154123 
2861.884714  	86.152541 
2863.316372  	86.293647 
2864.748030  	86.562386 
2866.179688  	86.989923 
2867.611346  	87.477227 
2869.043005  	87.938167 
2870.474663  	88.484723 
2871.906321  	89.103104 
2873.337979  	89.784962 
2874.769637  	90.599702 
2876.201295  	91.397353 
2877.632954  	92.111694 
2879.064612  	92.808216 
2880.496270  	93.423775 
2881.927928  	93.937551 
2883.359586  	94.347090 
2884.791245  	94.610329 
2886.222903  	94.742045 
2887.654561  	94.746159 
2889.086219  	94.609627 
2890.517877  	94.317527 
2891.949535  	93.913039 
2893.381194  	93.500222 
2894.812852  	93.051989 
2896.244510  	92.535921 
2897.676168  	92.051264 
2899.107826  	91.609090 
2900.539485  	91.177006 
2901.971143  	90.764729 
2903.402801  	90.325883 
2904.834459  	89.853324 
2906.266117  	89.387500 
2907.697776  	88.942942 
2909.129434  	88.482005 
2910.561092  	87.921381 
2911.992750  	87.318417 
2913.424408  	86.738322 
2914.856066  	86.065771 
2916.287725  	85.298256 
2917.719383  	84.522667 
2919.151041  	83.757872 
2920.582699  	83.054740 
2922.014357  	82.358799 
2923.446016  	81.648643 
2924.877674  	81.044921 
2926.309332  	80.482721 
2927.740990  	79.939976 
2929.172648  	79.513015 
2930.604306  	79.129246 
2932.035965  	78.851816 
2933.467623  	78.789363 
2934.899281  	78.865342 
2936.330939  	79.136177 
2937.762597  	79.632202 
2939.194256  	80.234051 
2940.625914  	80.920546 
2942.057572  	81.722419 
2943.489230  	82.634141 
2944.920888  	83.578894 
2946.352547  	84.549240 
2947.784205  	85.655337 
2949.215863  	86.864173 
2950.647521  	88.077341 
2952.079179  	89.259825 
2953.510837  	90.422393 
2954.942496  	91.581323 
2956.374154  	92.598125 
2957.805812  	93.442154 
2959.237470  	94.254883 
2960.669128  	94.996621 
2962.100787  	95.636718 
2963.532445  	96.230100 
2964.964103  	96.784697 
2966.395761  	97.373525 
2967.827419  	97.977981 
2969.259078  	98.546981 
2970.690736  	99.134317 
2972.122394  	99.670912 
2973.554052  	100.142988 
2974.985710  	100.642404 
2976.417368  	101.096111 
2977.849027  	101.462496 
2979.280685  	101.811540 
2980.712343  	102.167274 
2982.144001  	102.502800 
2983.575659  	102.754058 
2985.007318  	102.935865 
2986.438976  	103.118295 
2987.870634  	103.294072 
2989.302292  	103.436398 
2990.733950  	103.551469 
2992.165608  	103.679160 
2993.597267  	103.801650 
2995.028925  	103.871518 
2996.460583  	103.953163 
2997.892241  	104.026500 
2999.323899  	104.042696 
3000.755558  	104.105069 
3002.187216  	104.164825 
3003.618874  	104.137672 
3005.050532  	104.120196 
3006.482190  	104.109348 
3007.913849  	104.078017 
3009.345507  	104.059488 
3010.777165  	104.050790 
3012.208823  	104.079303 
3013.640481  	104.071165 
3015.072139  	103.988397 
3016.503798  	103.951503 
3017.935456  	103.929778 
3019.367114  	103.895739 
3020.798772  	103.872873 
3022.230430  	103.763993 
3023.662089  	103.651342 
3025.093747  	103.607044 
3026.525405  	103.496603 
3027.957063  	103.380884 
3029.388721  	103.353042 
3030.820380  	103.318454 
3032.252038  	103.197261 
3033.683696  	103.004742 
3035.115354  	102.868181 
3036.547012  	102.768037 
3037.978670  	102.568494 
3039.410329  	102.390100 
3040.841987  	102.288569 
3042.273645  	102.140757 
3043.705303  	101.969226 
3045.136961  	101.761689 
3046.568620  	101.507545 
3048.000278  	101.297442 
3049.431936  	101.089533 
3050.863594  	100.854646 
3052.295252  	100.630879 
3053.726910  	100.390458 
3055.158569  	100.148717 
3056.590227  	99.906011 
3058.021885  	99.655276 
3059.453543  	99.460835 
3060.885201  	99.306529 
3062.316860  	99.133165 
3063.748518  	98.952277 
3065.180176  	98.815798 
3066.611834  	98.720142 
3068.043492  	98.568969 
3069.475151  	98.395390 
3070.906809  	98.290321 
3072.338467  	98.181207 
3073.770125  	98.065286 
3075.201783  	97.989660 
3076.633441  	97.899810 
3078.065100  	97.825551 
3079.496758  	97.826135 
3080.928416  	97.891125 
3082.360074  	97.948972 
3083.791732  	97.929579 
3085.223391  	97.946569 
3086.655049  	98.028972 
3088.086707  	98.084987 
3089.518365  	98.223438 
3090.950023  	98.392778 
3092.381682  	98.445937 
3093.813340  	98.548456 
3095.244998  	98.746489 
3096.676656  	98.940513 
3098.108314  	99.123662 
3099.539972  	99.244807 
3100.971631  	99.395371 
3102.403289  	99.634163 
3103.834947  	99.817011 
3105.266605  	99.985163 
3106.698263  	100.181852 
3108.129922  	100.355427 
3109.561580  	100.569738 
3110.993238  	100.774607 
3112.424896  	100.903509 
3113.856554  	101.033526 
3115.288212  	101.201305 
3116.719871  	101.395168 
3118.151529  	101.534191 
3119.583187  	101.599701 
3121.014845  	101.667384 
3122.446503  	101.706438 
3123.878162  	101.777250 
3125.309820  	101.915029 
3126.741478  	101.959252 
3128.173136  	101.963132 
3129.604794  	102.008647 
3131.036453  	102.009515 
3132.468111  	102.016560 
3133.899769  	102.034585 
3135.331427  	102.028250 
3136.763085  	102.069197 
3138.194743  	102.104028 
3139.626402  	102.099040 
3141.058060  	102.085123 
3142.489718  	102.016073 
3143.921376  	101.940712 
3145.353034  	101.922646 
3146.784693  	101.943545 
3148.216351  	101.936616 
3149.648009  	101.821203 
3151.079667  	101.739064 
3152.511325  	101.769122 
3153.942983  	101.703469 
3155.374642  	101.541870 
3156.806300  	101.407922 
3158.237958  	101.291096 
3159.669616  	101.227168 
3161.101274  	101.147818 
3162.532933  	100.970390 
3163.964591  	100.808711 
3165.396249  	100.686325 
3166.827907  	100.559999 
3168.259565  	100.454086 
3169.691224  	100.321187 
3171.122882  	100.129630 
3172.554540  	99.928861 
3173.986198  	99.752571 
3175.417856  	99.592309 
3176.849514  	99.418961 
3178.281173  	99.231519 
3179.712831  	99.054589 
3181.144489  	98.927758 
3182.576147  	98.807937 
3184.007805  	98.580168 
3185.439464  	98.348280 
3186.871122  	98.232724 
3188.302780  	98.100945 
3189.734438  	97.951689 
3191.166096  	97.849936 
3192.597755  	97.693413 
3194.029413  	97.513240 
3195.461071  	97.372709 
3196.892729  	97.223026 
3198.324387  	97.106970 
3199.756045  	97.029221 
3201.187704  	96.929738 
3202.619362  	96.833712 
3204.051020  	96.744322 
3205.482678  	96.612609 
3206.914336  	96.448346 
3208.345995  	96.349208 
3209.777653  	96.303120 
3211.209311  	96.168167 
3212.640969  	96.002544 
3214.072627  	95.888616 
3215.504285  	95.717657 
3216.935944  	95.507669 
3218.367602  	95.341161 
3219.799260  	95.195776 
3221.230918  	95.054285 
3222.662576  	94.891239 
3224.094235  	94.712579 
3225.525893  	94.485651 
3226.957551  	94.170973 
3228.389209  	93.906361 
3229.820867  	93.704840 
3231.252526  	93.456033 
3232.684184  	93.182016 
3234.115842  	92.823055 
3235.547500  	92.437205 
3236.979158  	92.178997 
3238.410816  	91.859344 
3239.842475  	91.396841 
3241.274133  	90.951321 
3242.705791  	90.508204 
3244.137449  	90.087905 
3245.569107  	89.712292 
3247.000766  	89.324170 
3248.432424  	88.991663 
3249.864082  	88.651768 
3251.295740  	88.188929 
3252.727398  	87.683046 
3254.159057  	87.188652 
3255.590715  	86.726852 
3257.022373  	86.247699 
3258.454031  	85.707792 
3259.885689  	85.273810 
3261.317347  	84.911160 
3262.749006  	84.410415 
3264.180664  	83.852427 
3265.612322  	83.360330 
3267.043980  	82.922364 
3268.475638  	82.494488 
3269.907297  	82.039584 
3271.338955  	81.595614 
3272.770613  	81.131195 
3274.202271  	80.637403 
3275.633929  	80.186961 
3277.065587  	79.679415 
3278.497246  	79.141895 
3279.928904  	78.718417 
3281.360562  	78.272261 
3282.792220  	77.753570 
3284.223878  	77.252313 
3285.655537  	76.721400 
3287.087195  	76.193321 
3288.518853  	75.743407 
3289.950511  	75.409654 
3291.382169  	75.170243 
3292.813828  	74.900904 
3294.245486  	74.699551 
3295.677144  	74.685527 
3297.108802  	74.730935 
3298.540460  	74.849708 
3299.972118  	75.086253 
3301.403777  	75.414733 
3302.835435  	75.934131 
3304.267093  	76.564960 
3305.698751  	77.172268 
3307.130409  	77.895771 
3308.562068  	78.775602 
3309.993726  	79.611472 
3311.425384  	80.375899 
3312.857042  	81.232980 
3314.288700  	82.139305 
3315.720359  	82.993398 
3317.152017  	83.889848 
3318.583675  	84.770781 
3320.015333  	85.551954 
3321.446991  	86.353767 
3322.878649  	87.141490 
3324.310308  	87.890906 
3325.741966  	88.684522 
3327.173624  	89.417470 
3328.605282  	90.078642 
3330.036940  	90.744638 
3331.468599  	91.380818 
3332.900257  	92.006975 
3334.331915  	92.563395 
3335.763573  	93.036804 
3337.195231  	93.578214 
3338.626889  	94.093733 
3340.058548  	94.470234 
3341.490206  	94.835313 
3342.921864  	95.214294 
3344.353522  	95.572773 
3345.785180  	95.967377 
3347.216839  	96.390467 
3348.648497  	96.723713 
3350.080155  	96.945857 
3351.511813  	97.218089 
3352.943471  	97.534003 
3354.375130  	97.743703 
3355.806788  	97.912989 
3357.238446  	98.115917 
3358.670104  	98.333465 
3360.101762  	98.553409 
3361.533420  	98.695900 
3362.965079  	98.823384 
3364.396737  	99.039525 
3365.828395  	99.236165 
3367.260053  	99.393783 
3368.691711  	99.571735 
3370.123370  	99.726553 
3371.555028  	99.841206 
3372.986686  	99.902621 
3374.418344  	99.928387 
3375.850002  	99.966509 
3377.281660  	100.024233 
3378.713319  	100.136495 
3380.144977  	100.288416 
3381.576635  	100.446720 
3383.008293  	100.575061 
3384.439951  	100.579444 
3385.871610  	100.591548 
3387.303268  	100.724166 
3388.734926  	100.792941 
3390.166584  	100.817219 
3391.598242  	100.882174 
3393.029901  	100.905283 
3394.461559  	100.958445 
3395.893217  	101.024069 
3397.324875  	101.005564 
3398.756533  	101.012780 
3400.188191  	101.072507 
3401.619850  	101.143531 
3403.051508  	101.201575 
3404.483166  	101.196400 
3405.914824  	101.214365 
3407.346482  	101.267602 
3408.778141  	101.314861 
3410.209799  	101.395058 
3411.641457  	101.394828 
3413.073115  	101.348986 
3414.504773  	101.412713 
3415.936432  	101.454186 
3417.368090  	101.440321 
3418.799748  	101.434669 
3420.231406  	101.394230 
3421.663064  	101.446554 
3423.094722  	101.600175 
3424.526381  	101.687683 
3425.958039  	101.703701 
3427.389697  	101.659872 
3428.821355  	101.633140 
3430.253013  	101.679343 
3431.684672  	101.702942 
3433.116330  	101.742342 
3434.547988  	101.807898 
3435.979646  	101.809945 
3437.411304  	101.795648 
3438.842962  	101.787280 
3440.274621  	101.820910 
3441.706279  	101.907522 
3443.137937  	101.921443 
3444.569595  	101.931384 
3446.001253  	101.991751 
3447.432912  	101.979453 
3448.864570  	101.987283 
3450.296228  	102.046133 
3451.727886  	102.025597 
3453.159544  	102.009621 
3454.591203  	102.060234 
3456.022861  	102.084132 
3457.454519  	102.081264 
3458.886177  	102.105679 
3460.317835  	102.128494 
3461.749493  	102.113582 
3463.181152  	102.121507 
3464.612810  	102.149820 
3466.044468  	102.147783 
3467.476126  	102.185095 
3468.907784  	102.209587 
3470.339443  	102.163216 
3471.771101  	102.212049 
3473.202759  	102.320790 
3474.634417  	102.342451 
3476.066075  	102.357413 
3477.497734  	102.402886 
3478.929392  	102.431976 
3480.361050  	102.405752 
3481.792708  	102.332040 
3483.224366  	102.353387 
3484.656024  	102.457145 
3486.087683  	102.504179 
3487.519341  	102.480933 
3488.950999  	102.410109 
3490.382657  	102.389988 
3491.814315  	102.463680 
3493.245974  	102.549184 
3494.677632  	102.634630 
3496.109290  	102.648642 
3497.540948  	102.598573 
3498.972606  	102.662021 
3500.404264  	102.756754 
3501.835923  	102.799955 
3503.267581  	102.865674 
3504.699239  	102.869419 
3506.130897  	102.902592 
3507.562555  	103.054062 
3508.994214  	103.067509 
3510.425872  	102.968039 
3511.857530  	103.062972 
3513.289188  	103.206921 
3514.720846  	103.215280 
3516.152505  	103.248841 
3517.584163  	103.345325 
3519.015821  	103.351641 
3520.447479  	103.349023 
3521.879137  	103.443429 
3523.310795  	103.524222 
3524.742454  	103.580012 
3526.174112  	103.640106 
3527.605770  	103.648496 
3529.037428  	103.676112 
3530.469086  	103.781913 
3531.900745  	103.945013 
3533.332403  	104.087912 
3534.764061  	104.091386 
3536.195719  	104.079557 
3537.627377  	104.142635 
3539.059035  	104.149564 
3540.490694  	104.221318 
3541.922352  	104.420171 
3543.354010  	104.522143 
3544.785668  	104.470877 
3546.217326  	104.373424 
3547.648985  	104.378384 
3549.080643  	104.508654 
3550.512301  	104.623612 
3551.943959  	104.717985 
3553.375617  	104.773222 
3554.807276  	104.819288 
3556.238934  	104.925265 
3557.670592  	104.949738 
3559.102250  	104.988118 
3560.533908  	105.087883 
3561.965566  	104.927033 
3563.397225  	104.805315 
3564.828883  	104.973047 
3566.260541  	104.955445 
3567.692199  	104.871917 
3569.123857  	105.114228 
3570.555516  	105.256791 
3571.987174  	105.359454 
3573.418832  	105.483194 
3574.850490  	105.507972 
3576.282148  	105.554801 
3577.713807  	105.655616 
3579.145465  	105.759256 
3580.577123  	105.792316 
3582.008781  	105.728364 
3583.440439  	105.736957 
3584.872097  	105.696069 
3586.303756  	105.480623 
3587.735414  	105.400886 
3589.167072  	105.536758 
3590.598730  	105.642449 
3592.030388  	105.735622 
3593.462047  	105.777424 
3594.893705  	105.810882 
3596.325363  	105.868072 
3597.757021  	105.924666 
3599.188679  	106.044121 
3600.620337  	106.102918 
3602.051996  	106.110243 
3603.483654  	106.213303 
3604.915312  	106.274956 
3606.346970  	106.264564 
3607.778628  	106.220694 
3609.210287  	106.147412 
3610.641945  	106.161478 
3612.073603  	106.138221 
3613.505261  	106.156012 
3614.936919  	106.358452 
3616.368578  	106.361382 
3617.800236  	106.220855 
3619.231894  	106.217465 
3620.663552  	106.369740 
3622.095210  	106.658508 
3623.526868  	106.795717 
3624.958527  	106.652395 
3626.390185  	106.535710 
3627.821843  	106.377806 
3629.253501  	105.989549 
3630.685159  	106.248177 
3632.116818  	106.607885 
3633.548476  	106.697409 
3634.980134  	106.785817 
3636.411792  	106.880780 
3637.843450  	106.882147 
3639.275109  	106.875233 
3640.706767  	106.967995 
3642.138425  	107.049614 
3643.570083  	107.003532 
3645.001741  	106.925508 
3646.433399  	106.733308 
3647.865058  	106.374246 
3649.296716  	106.235537 
3650.728374  	106.244283 
3652.160032  	106.556663 
3653.591690  	106.964376 
3655.023349  	107.015537 
3656.455007  	106.883503 
3657.886665  	106.963697 
3659.318323  	107.011156 
3660.749981  	107.047359 
3662.181639  	107.170808 
3663.613298  	107.198701 
3665.044956  	107.111775 
3666.476614  	106.983334 
3667.908272  	106.909255 
3669.339930  	106.864877 
3670.771589  	106.767835 
3672.203247  	106.928430 
3673.634905  	106.983064 
3675.066563  	106.664352 
3676.498221  	106.755615 
3677.929880  	107.195989 
3679.361538  	107.206620 
3680.793196  	107.222835 
3682.224854  	107.299443 
3683.656512  	107.350715 
3685.088170  	107.437455 
3686.519829  	107.334243 
3687.951487  	106.998041 
3689.383145  	106.807583 
3690.814803  	106.918950 
3692.246461  	107.038355 
3693.678120  	107.188144 
3695.109778  	107.296977 
3696.541436  	107.279027 
3697.973094  	107.237843 
3699.404752  	107.260775 
3700.836411  	107.179319 
3702.268069  	107.129118 
3703.699727  	107.364264 
3705.131385  	107.443507 
3706.563043  	107.311175 
3707.994701  	107.244572 
3709.426360  	107.137088 
3710.858018  	106.947745 
3712.289676  	106.906025 
3713.721334  	107.002945 
3715.152992  	107.201689 
3716.584651  	107.361893 
3718.016309  	107.360319 
3719.447967  	107.306594 
3720.879625  	107.248457 
3722.311283  	107.193789 
3723.742941  	107.249354 
3725.174600  	107.268896 
3726.606258  	107.231618 
3728.037916  	107.299789 
3729.469574  	107.315986 
3730.901232  	107.186654 
3732.332891  	107.055726 
3733.764549  	107.004415 
3735.196207  	106.856067 
3736.627865  	106.933638 
3738.059523  	107.273966 
3739.491182  	107.300957 
3740.922840  	107.328957 
3742.354498  	107.448131 
3743.786156  	107.202326 
3745.217814  	106.870427 
3746.649472  	107.263084 
3748.081131  	107.218180 
3749.512789  	106.892330 
3750.944447  	106.822288 
3752.376105  	106.847538 
3753.807763  	107.104520 
3755.239422  	107.415481 
3756.671080  	107.507442 
3758.102738  	107.536815 
3759.534396  	107.439340 
3760.966054  	107.314246 
3762.397712  	107.478547 
3763.829371  	107.568575 
3765.261029  	107.432421 
3766.692687  	107.396234 
3768.124345  	107.438413 
3769.556003  	107.365319 
3770.987662  	107.382932 
3772.419320  	107.505146 
3773.850978  	107.496153 
3775.282636  	107.400460 
3776.714294  	107.357116 
3778.145953  	107.309496 
3779.577611  	107.242974 
3781.009269  	107.334485 
3782.440927  	107.417617 
3783.872585  	107.371387 
3785.304243  	107.355302 
3786.735902  	107.401384 
3788.167560  	107.452428 
3789.599218  	107.524759 
3791.030876  	107.555446 
3792.462534  	107.573478 
3793.894193  	107.567786 
3795.325851  	107.409841 
3796.757509  	107.228538 
3798.189167  	107.311217 
3799.620825  	107.336738 
3801.052484  	107.031015 
3802.484142  	106.810940 
3803.915800  	107.145126 
3805.347458  	107.334565 
3806.779116  	107.367502 
3808.210774  	107.487304 
3809.642433  	107.574389 
3811.074091  	107.550226 
3812.505749  	107.530572 
3813.937407  	107.514843 
3815.369065  	107.345801 
3816.800724  	107.102516 
3818.232382  	107.194472 
3819.664040  	107.201809 
3821.095698  	106.925311 
3822.527356  	106.999724 
3823.959014  	107.317176 
3825.390673  	107.360743 
3826.822331  	107.334805 
3828.253989  	107.392695 
3829.685647  	107.468936 
3831.117305  	107.505050 
3832.548964  	107.360833 
3833.980622  	107.232718 
3835.412280  	107.301267 
3836.843938  	107.252467 
3838.275596  	107.060872 
3839.707255  	107.105105 
3841.138913  	107.204592 
3842.570571  	107.188528 
3844.002229  	107.213121 
3845.433887  	107.390259 
3846.865545  	107.551906 
3848.297204  	107.481673 
3849.728862  	107.319616 
3851.160520  	107.218741 
3852.592178  	106.804708 
3854.023836  	106.262368 
3855.455495  	106.964583 
3856.887153  	107.395337 
3858.318811  	107.409394 
3859.750469  	107.360531 
3861.182127  	107.351983 
3862.613786  	107.402269 
3864.045444  	107.356010 
3865.477102  	107.228428 
3866.908760  	107.341709 
3868.340418  	107.376674 
3869.772076  	107.154320 
3871.203735  	107.192233 
3872.635393  	107.329359 
3874.067051  	107.217253 
3875.498709  	107.270389 
3876.930367  	107.476207 
3878.362026  	107.455826 
3879.793684  	107.234476 
3881.225342  	107.083929 
3882.657000  	107.258614 
3884.088658  	107.361324 
3885.520316  	107.170519 
3886.951975  	107.165385 
3888.383633  	107.412696 
3889.815291  	107.374198 
3891.246949  	107.255596 
3892.678607  	107.447204 
3894.110266  	107.600879 
3895.541924  	107.569064 
3896.973582  	107.446819 
3898.405240  	107.239537 
3899.836898  	107.127119 
3901.268557  	107.178489 
3902.700215  	107.161143 
3904.131873  	107.152522 
3905.563531  	107.251153 
3906.995189  	107.352366 
3908.426847  	107.475396 
3909.858506  	107.552467 
3911.290164  	107.472364 
3912.721822  	107.349145 
3914.153480  	107.324494 
3915.585138  	107.335111 
3917.016797  	107.316541 
3918.448455  	107.312007 
3919.880113  	107.307469 
3921.311771  	107.284825 
3922.743429  	107.287662 
3924.175088  	107.281868 
3925.606746  	107.274450 
3927.038404  	107.333626 
3928.470062  	107.388529 
3929.901720  	107.404371 
3931.333378  	107.383045 
3932.765037  	107.293251 
3934.196695  	107.281241 
3935.628353  	107.410796 
3937.060011  	107.468508 
3938.491669  	107.419524 
3939.923328  	107.394156 
3941.354986  	107.331131 
3942.786644  	107.174907 
3944.218302  	107.124666 
3945.649960  	107.239294 
3947.081618  	107.324476 
3948.513277  	107.298917 
3949.944935  	107.259834 
3951.376593  	107.295297 
3952.808251  	107.330351 
3954.239909  	107.298936 
3955.671568  	107.278765 
3957.103226  	107.306178 
3958.534884  	107.293086 
3959.966542  	107.255764 
3961.398200  	107.255336 
3962.829859  	107.266757 
3964.261517  	107.321635 
3965.693175  	107.383711 
3967.124833  	107.354587 
3968.556491  	107.320265 
3969.988149  	107.312367 
3971.419808  	107.257109 
3972.851466  	107.232567 
3974.283124  	107.206157 
3975.714782  	107.112967 
3977.146440  	107.137519 
3978.578099  	107.267935 
3980.009757  	107.282720 
3981.441415  	107.242317 
3982.873073  	107.320903 
3984.304731  	107.432007 
3985.736389  	107.411185 
3987.168048  	107.326742 
3988.599706  	107.280295 
3990.031364  	107.218556 
3991.463022  	107.218307 
3992.894680  	107.320441 
3994.326339  	107.325607 
3995.757997  	107.265138 
3997.189655  	107.262635 
3998.621313  	107.199518 
4000.052971  	107.116852 
4001.484630  	107.126477 
4002.916288  	107.147155 
4004.347946  	107.173404 
4005.779604  	107.200066 
4007.211262  	107.162303 
4008.642920  	107.142662 
4010.074579  	107.180935 
4011.506237  	107.195180 
4012.937895  	107.183874 
4014.369553  	107.182578 
4015.801211  	107.200794 
4017.232870  	107.223673 
4018.664528  	107.199249 
4020.096186  	107.123539 
4021.527844  	107.087420 
4022.959502  	107.155618 
4024.391161  	107.249928 
4025.822819  	107.276762 
4027.254477  	107.277540 
4028.686135  	107.299342 
4030.117793  	107.275476 
4031.549451  	107.186884 
4032.981110  	107.142169 
4034.412768  	107.159353 
4035.844426  	107.140342 
4037.276084  	107.142153 
4038.707742  	107.233268 
4040.139401  	107.271809 
4041.571059  	107.210188 
4043.002717  	107.152478 
4044.434375  	107.135925 
4045.866033  	107.186872 
4047.297691  	107.246986 
4048.729350  	107.217490 
4050.161008  	107.184065 
4051.592666  	107.217218 
4053.024324  	107.225742 
4054.455982  	107.170633 
4055.887641  	107.136634 
4057.319299  	107.171946 
4058.750957  	107.181885 
4060.182615  	107.141867 
4061.614273  	107.175106 
4063.045932  	107.260633 
4064.477590  	107.281156 
4065.909248  	107.232741 
4067.340906  	107.232042 
4068.772564  	107.366850 
4070.204222  	107.427608 
4071.635881  	107.295989 
4073.067539  	107.266412 
4074.499197  	107.333158 
4075.930855  	107.258492 
4077.362513  	107.210162 
4078.794172  	107.285473 
4080.225830  	107.299541 
4081.657488  	107.217748 
4083.089146  	107.145958 
4084.520804  	107.150231 
4085.952463  	107.175804 
4087.384121  	107.193661 
4088.815779  	107.225581 
4090.247437  	107.199113 
4091.679095  	107.238184 
4093.110753  	107.379151 
4094.542412  	107.292168 
4095.974070  	107.124634 
4097.405728  	107.192548 
4098.837386  	107.238678 
4100.269044  	107.223675 
4101.700703  	107.303811 
4103.132361  	107.300395 
4104.564019  	107.210635 
4105.995677  	107.155798 
4107.427335  	107.144105 
4108.858993  	107.201718 
4110.290652  	107.241242 
4111.722310  	107.267572 
4113.153968  	107.325176 
4114.585626  	107.281034 
4116.017284  	107.233504 
4117.448943  	107.287526 
4118.880601  	107.294323 
4120.312259  	107.289266 
4121.743917  	107.280239 
4123.175575  	107.168211 
4124.607234  	107.115204 
4126.038892  	107.234360 
4127.470550  	107.396109 
4128.902208  	107.436086 
4130.333866  	107.316198 
4131.765524  	107.237042 
4133.197183  	107.298203 
4134.628841  	107.350993 
4136.060499  	107.347126 
4137.492157  	107.306014 
4138.923815  	107.233650 
4140.355474  	107.203806 
4141.787132  	107.218503 
4143.218790  	107.213582 
4144.650448  	107.183474 
4146.082106  	107.162169 
4147.513764  	107.177274 
4148.945423  	107.217239 
4150.377081  	107.255592 
4151.808739  	107.272090 
4153.240397  	107.277739 
4154.672055  	107.295093 
4156.103714  	107.276439 
4157.535372  	107.217077 
4158.967030  	107.177391 
4160.398688  	107.164426 
4161.830346  	107.222600 
4163.262005  	107.332262 
4164.693663  	107.343128 
4166.125321  	107.252643 
4167.556979  	107.177813 
4168.988637  	107.191232 
4170.420295  	107.250946 
4171.851954  	107.218990 
4173.283612  	107.188967 
4174.715270  	107.295728 
4176.146928  	107.352703 
4177.578586  	107.301554 
4179.010245  	107.280446 
4180.441903  	107.276340 
4181.873561  	107.269399 
4183.305219  	107.209437 
4184.736877  	107.069794 
4186.168536  	107.036510 
4187.600194  	107.142133 
4189.031852  	107.213299 
4190.463510  	107.198317 
4191.895168  	107.106972 
4193.326826  	107.012555 
4194.758485  	107.034460 
4196.190143  	107.118180 
4197.621801  	107.131094 
4199.053459  	107.075249 
4200.485117  	107.046181 
4201.916776  	107.095358 
4203.348434  	107.161194 
4204.780092  	107.136310 
4206.211750  	107.068077 
4207.643408  	107.128232 
4209.075066  	107.219445 
4210.506725  	107.127296 
4211.938383  	107.008066 
4213.370041  	107.003903 
4214.801699  	107.018514 
4216.233357  	107.103449 
4217.665016  	107.235993 
4219.096674  	107.259922 
4220.528332  	107.225029 
4221.959990  	107.168162 
4223.391648  	107.070276 
4224.823307  	107.015753 
4226.254965  	107.080085 
4227.686623  	107.239904 
4229.118281  	107.271236 
4230.549939  	107.131560 
4231.981597  	107.100935 
4233.413256  	107.097913 
4234.844914  	107.019310 
4236.276572  	107.115143 
4237.708230  	107.241056 
4239.139888  	107.191976 
4240.571547  	107.159636 
4242.003205  	107.176176 
4243.434863  	107.218489 
4244.866521  	107.270903 
4246.298179  	107.241413 
4247.729838  	107.261186 
4249.161496  	107.290356 
4250.593154  	107.209334 
4252.024812  	107.229306 
4253.456470  	107.249801 
4254.888128  	107.105899 
4256.319787  	107.062490 
4257.751445  	107.100476 
4259.183103  	107.069944 
4260.614761  	107.057137 
4262.046419  	106.997499 
4263.478078  	106.936009 
4264.909736  	107.014530 
4266.341394  	107.094894 
4267.773052  	107.138186 
4269.204710  	107.214525 
4270.636368  	107.248586 
4272.068027  	107.237821 
4273.499685  	107.196420 
4274.931343  	107.113857 
4276.363001  	107.117788 
4277.794659  	107.219197 
4279.226318  	107.212509 
4280.657976  	107.113849 
4282.089634  	107.163327 
4283.521292  	107.272661 
4284.952950  	107.208447 
4286.384609  	107.131415 
4287.816267  	107.148914 
4289.247925  	107.101886 
4290.679583  	107.115236 
4292.111241  	107.292953 
4293.542899  	107.341294 
4294.974558  	107.173664 
4296.406216  	107.078043 
4297.837874  	107.165835 
4299.269532  	107.216889 
4300.701190  	107.126437 
4302.132849  	107.115778 
4303.564507  	107.216080 
4304.996165  	107.223410 
4306.427823  	107.215818 
4307.859481  	107.246313 
4309.291140  	107.147791 
4310.722798  	107.027019 
4312.154456  	107.045046 
4313.586114  	107.098849 
4315.017772  	107.127261 
4316.449430  	107.130468 
4317.881089  	107.127545 
4319.312747  	107.167429 
4320.744405  	107.152728 
4322.176063  	107.076277 
4323.607721  	107.089245 
4325.039380  	107.103826 
4326.471038  	107.033181 
4327.902696  	107.030750 
4329.334354  	107.119331 
4330.766012  	107.223056 
4332.197670  	107.303102 
4333.629329  	107.255116 
4335.060987  	107.121255 
4336.492645  	107.069280 
4337.924303  	107.088178 
4339.355961  	107.080113 
4340.787620  	107.013514 
4342.219278  	106.987279 
4343.650936  	107.121173 
4345.082594  	107.233063 
4346.514252  	107.108503 
4347.945911  	106.922735 
4349.377569  	106.868989 
4350.809227  	106.904721 
4352.240885  	106.969867 
4353.672543  	107.011681 
4355.104201  	106.992486 
4356.535860  	106.936929 
4357.967518  	106.863289 
4359.399176  	106.817664 
4360.830834  	106.858278 
4362.262492  	106.932600 
4363.694151  	106.944347 
4365.125809  	106.914217 
4366.557467  	106.916310 
4367.989125  	106.931819 
4369.420783  	106.926362 
4370.852441  	106.927386 
4372.284100  	106.953165 
4373.715758  	107.024463 
4375.147416  	107.118149 
4376.579074  	107.136726 
4378.010732  	107.111555 
4379.442391  	107.131779 
4380.874049  	107.134909 
4382.305707  	107.112558 
4383.737365  	107.143562 
4385.169023  	107.156555 
4386.600682  	107.082478 
4388.032340  	107.028205 
4389.463998  	107.063334 
4390.895656  	107.123978 
4392.327314  	107.172533 
4393.758972  	107.212675 
4395.190631  	107.210073 
4396.622289  	107.163576 
4398.053947  	107.135218 
4399.485605  	107.136357 
4400.917263  	107.115332 
4402.348922  	107.088716 
4403.780580  	107.148410 
4405.212238  	107.265114 
4406.643896  	107.309495 
4408.075554  	107.289163 
4409.507213  	107.260308 
4410.938871  	107.220968 
4412.370529  	107.193547 
4413.802187  	107.148539 
4415.233845  	107.123001 
4416.665503  	107.219059 
4418.097162  	107.288621 
4419.528820  	107.270793 
4420.960478  	107.317598 
4422.392136  	107.288506 
4423.823794  	107.150529 
4425.255453  	107.193224 
4426.687111  	107.340761 
4428.118769  	107.362329 
4429.550427  	107.308911 
4430.982085  	107.276268 
4432.413743  	107.318543 
4433.845402  	107.368210 
4435.277060  	107.336997 
4436.708718  	107.299589 
4438.140376  	107.253713 
4439.572034  	107.229007 
4441.003693  	107.289953 
4442.435351  	107.273846 
4443.867009  	107.236319 
4445.298667  	107.333116 
4446.730325  	107.366448 
4448.161984  	107.350017 
4449.593642  	107.403037 
4451.025300  	107.358706 
4452.456958  	107.305907 
4453.888616  	107.352316 
4455.320274  	107.318002 
4456.751933  	107.249252 
4458.183591  	107.254411 
4459.615249  	107.322445 
4461.046907  	107.439398 
4462.478565  	107.405456 
4463.910224  	107.250531 
4465.341882  	107.274620 
4466.773540  	107.390436 
4468.205198  	107.438628 
4469.636856  	107.442437 
4471.068515  	107.372593 
4472.500173  	107.374291 
4473.931831  	107.449416 
4475.363489  	107.312927 
4476.795147  	107.170688 
4478.226805  	107.324209 
4479.658464  	107.479641 
4481.090122  	107.471425 
4482.521780  	107.490773 
4483.953438  	107.504778 
4485.385096  	107.421456 
4486.816755  	107.342247 
4488.248413  	107.322450 
4489.680071  	107.334872 
4491.111729  	107.360498 
4492.543387  	107.338045 
4493.975045  	107.272839 
4495.406704  	107.286636 
4496.838362  	107.357668 
4498.270020  	107.371701 
4499.701678  	107.358048 
4501.133336  	107.328715 
4502.564995  	107.283330 
4503.996653  	107.294317 
4505.428311  	107.310053 
4506.859969  	107.312559 
4508.291627  	107.337423 
4509.723286  	107.247172 
4511.154944  	107.130863 
4512.586602  	107.232194 
4514.018260  	107.398235 
4515.449918  	107.431678 
4516.881576  	107.345196 
4518.313235  	107.171419 
4519.744893  	107.070663 
4521.176551  	107.150052 
4522.608209  	107.330367 
4524.039867  	107.474023 
4525.471526  	107.401727 
4526.903184  	107.223421 
4528.334842  	107.234278 
4529.766500  	107.379819 
4531.198158  	107.480517 
4532.629817  	107.434250 
4534.061475  	107.277463 
4535.493133  	107.260094 
4536.924791  	107.308481 
4538.356449  	107.244929 
4539.788107  	107.277485 
4541.219766  	107.345102 
4542.651424  	107.295948 
4544.083082  	107.370992 
4545.514740  	107.496213 
4546.946398  	107.441875 
4548.378057  	107.390994 
4549.809715  	107.426805 
4551.241373  	107.405295 
4552.673031  	107.311516 
4554.104689  	107.236939 
4555.536347  	107.236750 
4556.968006  	107.289933 
4558.399664  	107.334086 
4559.831322  	107.269554 
4561.262980  	107.200746 
4562.694638  	107.316143 
4564.126297  	107.347658 
4565.557955  	107.219599 
4566.989613  	107.317196 
4568.421271  	107.422078 
4569.852929  	107.277139 
4571.284588  	107.257117 
4572.716246  	107.373805 
4574.147904  	107.422719 
4575.579562  	107.447541 
4577.011220  	107.393110 
4578.442878  	107.311434 
4579.874537  	107.209793 
4581.306195  	107.030052 
4582.737853  	107.037957 
4584.169511  	107.215214 
4585.601169  	107.294968 
4587.032828  	107.313903 
4588.464486  	107.270687 
4589.896144  	107.269231 
4591.327802  	107.432549 
4592.759460  	107.482840 
4594.191118  	107.365757 
4595.622777  	107.263203 
4597.054435  	107.206052 
4598.486093  	107.277767 
4599.917751  	107.350096 
4601.349409  	107.272089 
4602.781068  	107.224822 
4604.212726  	107.232471 
4605.644384  	107.234326 
4607.076042  	107.210065 
4608.507700  	107.091294 
4609.939359  	107.116416 
4611.371017  	107.321747 
4612.802675  	107.331849 
4614.234333  	107.224108 
4615.665991  	107.234032 
4617.097649  	107.271651 
4618.529308  	107.327571 
4619.960966  	107.386345 
4621.392624  	107.389689 
4622.824282  	107.429204 
4624.255940  	107.472018 
4625.687599  	107.401024 
4627.119257  	107.318910 
4628.550915  	107.340645 
4629.982573  	107.361551 
4631.414231  	107.338623 
4632.845890  	107.376996 
4634.277548  	107.390858 
4635.709206  	107.324431 
4637.140864  	107.347664 
4638.572522  	107.400216 
4640.004180  	107.372336 
4641.435839  	107.385171 
4642.867497  	107.416913 
4644.299155  	107.410886 
4645.730813  	107.405747 
4647.162471  	107.342269 
4648.594130  	107.278493 
4650.025788  	107.292124 
4651.457446  	107.252057 
4652.889104  	107.192722 
4654.320762  	107.286132 
4655.752420  	107.382120 
4657.184079  	107.282439 
4658.615737  	107.211765 
4660.047395  	107.315334 
4661.479053  	107.349485 
4662.910711  	107.333811 
4664.342370  	107.378595 
4665.774028  	107.332007 
4667.205686  	107.386418 
4668.637344  	107.599793 
4670.069002  	107.526740 
4671.500661  	107.305654 
4672.932319  	107.265407 
4674.363977  	107.215343 
4675.795635  	107.218579 
4677.227293  	107.360466 
4678.658951  	107.406270 
4680.090610  	107.433574 
4681.522268  	107.537371 
4682.953926  	107.559603 
4684.385584  	107.490093 
4685.817242  	107.406925 
4687.248901  	107.391157 
4688.680559  	107.426027 
4690.112217  	107.340471 
4691.543875  	107.214283 
4692.975533  	107.270711 
4694.407192  	107.336438 
4695.838850  	107.161324 
4697.270508  	107.036217 
4698.702166  	107.283075 
4700.133824  	107.567880 
4701.565482  	107.591142 
4702.997141  	107.545113 
4704.428799  	107.489658 
4705.860457  	107.379956 
4707.292115  	107.256085 
4708.723773  	107.128575 
4710.155432  	107.150024 
4711.587090  	107.324257 
4713.018748  	107.446459 
4714.450406  	107.512399 
4715.882064  	107.486701 
4717.313722  	107.393735 
4718.745381  	107.387851 
4720.177039  	107.310508 
4721.608697  	107.186507 
4723.040355  	107.243930 
4724.472013  	107.301207 
4725.903672  	107.351634 
4727.335330  	107.551019 
4728.766988  	107.664502 
4730.198646  	107.617467 
4731.630304  	107.513903 
4733.061963  	107.346320 
4734.493621  	107.254233 
4735.925279  	107.254026 
4737.356937  	107.216096 
4738.788595  	107.243373 
4740.220253  	107.366972 
4741.651912  	107.382650 
4743.083570  	107.273143 
4744.515228  	107.259302 
4745.946886  	107.359940 
4747.378544  	107.417954 
4748.810203  	107.448234 
4750.241861  	107.419396 
4751.673519  	107.318692 
4753.105177  	107.346002 
4754.536835  	107.385950 
4755.968493  	107.321437 
4757.400152  	107.390014 
4758.831810  	107.384983 
4760.263468  	107.153829 
4761.695126  	107.158416 
4763.126784  	107.338887 
4764.558443  	107.304623 
4765.990101  	107.247789 
4767.421759  	107.302410 
4768.853417  	107.299351 
4770.285075  	107.267384 
4771.716734  	107.304856 
4773.148392  	107.352444 
4774.580050  	107.373992 
4776.011708  	107.431457 
4777.443366  	107.431295 
4778.875024  	107.319158 
4780.306683  	107.317480 
4781.738341  	107.391186 
4783.169999  	107.385287 
4784.601657  	107.443203 
4786.033315  	107.470877 
4787.464974  	107.378283 
4788.896632  	107.397836 
4790.328290  	107.366870 
4791.759948  	107.173497 
4793.191606  	107.212299 
4794.623265  	107.437334 
4796.054923  	107.449140 
4797.486581  	107.261186 
4798.918239  	107.130107 
4800.349897  	107.174148 
4801.781555  	107.255653 
4803.213214  	107.316936 
4804.644872  	107.468740 
4806.076530  	107.526939 
4807.508188  	107.392268 
4808.939846  	107.350944 
4810.371505  	107.401405 
4811.803163  	107.402680 
4813.234821  	107.448770 
4814.666479  	107.474989 
4816.098137  	107.383642 
4817.529795  	107.309576 
4818.961454  	107.343197 
4820.393112  	107.428388 
4821.824770  	107.431005 
4823.256428  	107.357636 
4824.688086  	107.385506 
4826.119745  	107.421172 
4827.551403  	107.309439 
4828.983061  	107.286995 
4830.414719  	107.475835 
4831.846377  	107.605566 
4833.278036  	107.503324 
4834.709694  	107.314654 
4836.141352  	107.257115 
4837.573010  	107.298917 
4839.004668  	107.324836 
4840.436326  	107.383958 
4841.867985  	107.409037 
4843.299643  	107.352060 
4844.731301  	107.357252 
4846.162959  	107.321044 
4847.594617  	107.198078 
4849.026276  	107.235409 
4850.457934  	107.337171 
4851.889592  	107.336726 
4853.321250  	107.364098 
4854.752908  	107.401882 
4856.184567  	107.398115 
4857.616225  	107.388774 
4859.047883  	107.376274 
4860.479541  	107.393710 
4861.911199  	107.335642 
4863.342857  	107.239955 
4864.774516  	107.329806 
4866.206174  	107.408432 
4867.637832  	107.354869 
4869.069490  	107.314858 
4870.501148  	107.141178 
4871.932807  	106.992413 
4873.364465  	107.161281 
4874.796123  	107.305912 
4876.227781  	107.246305 
4877.659439  	107.178405 
4879.091097  	107.138732 
4880.522756  	107.171652 
4881.954414  	107.248488 
4883.386072  	107.320791 
4884.817730  	107.396378 
4886.249388  	107.330019 
4887.681047  	107.256497 
4889.112705  	107.351089 
4890.544363  	107.356917 
4891.976021  	107.292381 
4893.407679  	107.348790 
4894.839338  	107.374500 
4896.270996  	107.325866 
4897.702654  	107.282288 
4899.134312  	107.306089 
4900.565970  	107.432931 
4901.997628  	107.480154 
4903.429287  	107.433330 
4904.860945  	107.441651 
4906.292603  	107.411155 
4907.724261  	107.315855 
4909.155919  	107.216988 
4910.587578  	107.151483 
4912.019236  	107.261951 
4913.450894  	107.410406 
4914.882552  	107.323442 
4916.314210  	107.146815 
4917.745869  	107.090265 
4919.177527  	107.120198 
4920.609185  	107.208009 
4922.040843  	107.319290 
4923.472501  	107.306736 
4924.904159  	107.204796 
4926.335818  	107.298284 
4927.767476  	107.469850 
4929.199134  	107.363819 
4930.630792  	107.230147 
4932.062450  	107.302689 
4933.494109  	107.322841 
4934.925767  	107.329741 
4936.357425  	107.439442 
4937.789083  	107.437447 
4939.220741  	107.366623 
4940.652399  	107.431641 
4942.084058  	107.531373 
4943.515716  	107.493674 
4944.947374  	107.323512 
4946.379032  	107.142222 
4947.810690  	107.099868 
4949.242349  	107.268015 
4950.674007  	107.424176 
4952.105665  	107.332887 
4953.537323  	107.234935 
4954.968981  	107.335537 
4956.400640  	107.439342 
4957.832298  	107.511235 
4959.263956  	107.584247 
4960.695614  	107.609752 
4962.127272  	107.720826 
4963.558930  	107.803317 
4964.990589  	107.572028 
4966.422247  	107.267977 
4967.853905  	107.266264 
4969.285563  	107.441005 
4970.717221  	107.473598 
4972.148880  	107.426878 
4973.580538  	107.510961 
4975.012196  	107.529298 
4976.443854  	107.393941 
4977.875512  	107.397513 
4979.307170  	107.471851 
4980.738829  	107.446213 
4982.170487  	107.444518 
4983.602145  	107.399568 
4985.033803  	107.297618 
4986.465461  	107.312577 
4987.897120  	107.332891 
4989.328778  	107.291807 
4990.760436  	107.296075 
4992.192094  	107.287377 
4993.623752  	107.294140 
4995.055411  	107.347527 
4996.487069  	107.288756 
4997.918727  	107.215391 
4999.350385  	107.340062 
5000.782043  	107.545708 
5002.213701  	107.675037 
5003.645360  	107.649096 
5005.077018  	107.416943 
5006.508676  	107.231087 
5007.940334  	107.326728 
5009.371992  	107.451789 
5010.803651  	107.356733 
5012.235309  	107.205565 
5013.666967  	107.242411 
5015.098625  	107.388137 
5016.530283  	107.334765 
5017.961942  	107.211649 
5019.393600  	107.393326 
5020.825258  	107.557374 
5022.256916  	107.340434 
5023.688574  	107.129557 
5025.120232  	107.145452 
5026.551891  	107.207608 
5027.983549  	107.254500 
5029.415207  	107.195119 
5030.846865  	107.113370 
5032.278523  	107.242850 
5033.710182  	107.400971 
5035.141840  	107.378448 
5036.573498  	107.354516 
5038.005156  	107.425917 
5039.436814  	107.461779 
5040.868472  	107.405518 
5042.300131  	107.372828 
5043.731789  	107.392564 
5045.163447  	107.346914 
5046.595105  	107.330808 
5048.026763  	107.489442 
5049.458422  	107.605996 
5050.890080  	107.496460 
5052.321738  	107.367829 
5053.753396  	107.355540 
5055.185054  	107.329558 
5056.616713  	107.314148 
5058.048371  	107.409817 
5059.480029  	107.449637 
5060.911687  	107.415599 
5062.343345  	107.481867 
5063.775003  	107.472693 
5065.206662  	107.337582 
5066.638320  	107.345611 
5068.069978  	107.341097 
5069.501636  	107.178422 
5070.933294  	107.190733 
5072.364953  	107.383709 
5073.796611  	107.448090 
5075.228269  	107.349007 
5076.659927  	107.199157 
5078.091585  	107.133325 
5079.523244  	107.165787 
5080.954902  	107.160018 
5082.386560  	107.215301 
5083.818218  	107.373730 
5085.249876  	107.391411 
5086.681534  	107.373684 
5088.113193  	107.503310 
5089.544851  	107.494286 
5090.976509  	107.298067 
5092.408167  	107.192894 
5093.839825  	107.191606 
5095.271484  	107.233340 
5096.703142  	107.173910 
5098.134800  	106.971360 
5099.566458  	107.051701 
5100.998116  	107.299063 
5102.429774  	107.176178 
5103.861433  	107.056745 
5105.293091  	107.253202 
5106.724749  	107.366144 
5108.156407  	107.355545 
5109.588065  	107.297090 
5111.019724  	107.249298 
5112.451382  	107.426128 
5113.883040  	107.500096 
5115.314698  	107.359309 
5116.746356  	107.411302 
5118.178015  	107.418601 
5119.609673  	107.310565 
5121.041331  	107.450898 
5122.472989  	107.464386 
5123.904647  	107.225453 
5125.336305  	107.245552 
5126.767964  	107.434921 
5128.199622  	107.477511 
5129.631280  	107.422061 
5131.062938  	107.406971 
5132.494596  	107.464756 
5133.926255  	107.414374 
5135.357913  	107.335762 
5136.789571  	107.431797 
5138.221229  	107.420450 
5139.652887  	107.318405 
5141.084546  	107.437380 
5142.516204  	107.445831 
5143.947862  	107.183944 
5145.379520  	107.116366 
5146.811178  	107.314577 
5148.242836  	107.468909 
5149.674495  	107.469161 
5151.106153  	107.430013 
5152.537811  	107.396482 
5153.969469  	107.241776 
5155.401127  	107.070385 
5156.832786  	107.107920 
5158.264444  	107.208216 
5159.696102  	107.206065 
5161.127760  	107.137016 
5162.559418  	107.068264 
5163.991076  	107.168939 
5165.422735  	107.326350 
5166.854393  	107.289946 
5168.286051  	107.273577 
5169.717709  	107.357453 
5171.149367  	107.382976 
5172.581026  	107.448028 
5174.012684  	107.373655 
5175.444342  	107.080084 
5176.876000  	107.153029 
5178.307658  	107.465379 
5179.739317  	107.323763 
5181.170975  	107.108084 
5182.602633  	107.241811 
5184.034291  	107.314035 
5185.465949  	107.333527 
5186.897607  	107.555214 
5188.329266  	107.666814 
5189.760924  	107.512096 
5191.192582  	107.347110 
5192.624240  	107.297532 
5194.055898  	107.228923 
5195.487557  	107.115318 
5196.919215  	107.118449 
5198.350873  	107.241597 
5199.782531  	107.334259 
5201.214189  	107.416860 
5202.645847  	107.435204 
5204.077506  	107.302693 
5205.509164  	107.165956 
5206.940822  	107.078955 
5208.372480  	107.011736 
5209.804138  	107.061081 
5211.235797  	107.195674 
5212.667455  	107.285837 
5214.099113  	107.289912 
5215.530771  	107.257489 
5216.962429  	107.340386 
5218.394088  	107.446505 
5219.825746  	107.338551 
5221.257404  	107.250164 
5222.689062  	107.312083 
5224.120720  	107.221056 
5225.552378  	107.098454 
5226.984037  	107.188331 
5228.415695  	107.201987 
5229.847353  	107.145811 
5231.279011  	107.258195 
5232.710669  	107.426434 
5234.142328  	107.484716 
5235.573986  	107.380944 
5237.005644  	107.232996 
5238.437302  	107.306729 
5239.868960  	107.474724 
5241.300619  	107.510207 
5242.732277  	107.476849 
5244.163935  	107.332161 
5245.595593  	107.141232 
5247.027251  	107.069172 
5248.458909  	107.063115 
5249.890568  	107.249368 
5251.322226  	107.460987 
5252.753884  	107.393745 
5254.185542  	107.334631 
5255.617200  	107.427579 
5257.048859  	107.387541 
5258.480517  	107.284794 
5259.912175  	107.193214 
5261.343833  	107.150596 
5262.775491  	107.225798 
5264.207149  	107.264506 
5265.638808  	107.443627 
5267.070466  	107.688022 
5268.502124  	107.517740 
5269.933782  	107.363187 
5271.365440  	107.616114 
5272.797099  	107.601163 
5274.228757  	107.318515 
5275.660415  	107.359220 
5277.092073  	107.583059 
5278.523731  	107.586497 
5279.955390  	107.373814 
5281.387048  	107.328080 
5282.818706  	107.538222 
5284.250364  	107.537167 
5285.682022  	107.380961 
5287.113680  	107.457937 
5288.545339  	107.479231 
5289.976997  	107.246772 
5291.408655  	107.088604 
5292.840313  	107.225600 
5294.271971  	107.508131 
5295.703630  	107.622990 
5297.135288  	107.394724 
5298.566946  	107.135885 
5299.998604  	107.234584 
5301.430262  	107.603260 
5302.861921  	107.803043 
5304.293579  	107.728202 
5305.725237  	107.601203 
5307.156895  	107.497182 
5308.588553  	107.388297 
5310.020211  	107.259663 
5311.451870  	107.199242 
5312.883528  	107.305079 
5314.315186  	107.227311 
5315.746844  	106.940432 
5317.178502  	107.081914 
5318.610161  	107.471007 
5320.041819  	107.511835 
5321.473477  	107.358346 
5322.905135  	107.254067 
5324.336793  	107.351734 
5325.768451  	107.495135 
5327.200110  	107.221091 
5328.631768  	106.942697 
5330.063426  	107.037482 
5331.495084  	106.977584 
5332.926742  	106.994816 
5334.358401  	107.292471 
5335.790059  	107.391472 
5337.221717  	107.568537 
5338.653375  	107.835560 
5340.085033  	107.536644 
5341.516692  	107.153471 
5342.948350  	107.070077 
5344.380008  	107.067471 
5345.811666  	107.239908 
5347.243324  	107.278108 
5348.674982  	107.040673 
5350.106641  	107.020736 
5351.538299  	107.211968 
5352.969957  	107.282186 
5354.401615  	107.348810 
5355.833273  	107.523408 
5357.264932  	107.628104 
5358.696590  	107.520417 
5360.128248  	107.454728 
5361.559906  	107.676329 
5362.991564  	107.636795 
5364.423222  	107.152740 
5365.854881  	107.070341 
5367.286539  	107.415200 
5368.718197  	107.580283 
5370.149855  	107.637249 
5371.581513  	107.577056 
5373.013172  	107.266766 
5374.444830  	107.094835 
5375.876488  	107.115535 
5377.308146  	107.062764 
5378.739804  	107.159570 
5380.171463  	107.303187 
5381.603121  	107.213863 
5383.034779  	107.129374 
5384.466437  	107.090730 
5385.898095  	107.035765 
5387.329753  	107.291717 
5388.761412  	107.566066 
5390.193070  	107.454984 
5391.624728  	107.264739 
5393.056386  	107.110391 
5394.488044  	106.889692 
5395.919703  	106.919422 
5397.351361  	107.188363 
5398.783019  	107.361715 
5400.214677  	107.297696 
5401.646335  	107.199071 
5403.077994  	107.327489 
5404.509652  	107.361364 
5405.941310  	107.113679 
5407.372968  	107.132102 
5408.804626  	107.264563 
5410.236284  	107.023143 
5411.667943  	106.867589 
5413.099601  	107.031784 
5414.531259  	107.228309 
5415.962917  	107.400329 
5417.394575  	107.330247 
5418.826234  	107.212689 
5420.257892  	107.426954 
5421.689550  	107.517733 
5423.121208  	107.228887 
5424.552866  	107.027781 
5425.984524  	106.879941 
5427.416183  	106.715248 
5428.847841  	107.006075 
5430.279499  	107.537100 
5431.711157  	107.543378 
5433.142815  	107.450445 
5434.574474  	107.600618 
5436.006132  	107.535308 
5437.437790  	107.350237 
5438.869448  	107.269127 
5440.301106  	107.010484 
5441.732765  	106.946544 
5443.164423  	107.241311 
5444.596081  	107.264410 
5446.027739  	107.337281 
5447.459397  	107.607486 
5448.891055  	107.465396 
5450.322714  	107.216609 
5451.754372  	107.169521 
5453.186030  	107.118884 
5454.617688  	107.290029 
5456.049346  	107.634678 
5457.481005  	107.731607 
5458.912663  	107.626414 
5460.344321  	107.553769 
5461.775979  	107.542644 
5463.207637  	107.410837 
5464.639296  	107.352378 
5466.070954  	107.598539 
5467.502612  	107.576970 
5468.934270  	107.212738 
5470.365928  	107.094594 
5471.797586  	107.075517 
5473.229245  	107.077504 
5474.660903  	107.105670 
5476.092561  	106.898319 
5477.524219  	106.921571 
5478.955877  	107.192238 
5480.387536  	107.266018 
5481.819194  	107.322845 
5483.250852  	107.268197 
5484.682510  	107.212261 
5486.114168  	107.436655 
5487.545826  	107.347099 
5488.977485  	107.094293 
5490.409143  	107.219076 
5491.840801  	107.213399 
5493.272459  	107.180504 
5494.704117  	107.349604 
5496.135776  	107.259460 
5497.567434  	107.097852 
5498.999092  	107.066549 
5500.430750  	107.262846 
5501.862408  	107.653919 
5503.294067  	107.574865 
5504.725725  	107.225508 
5506.157383  	107.189878 
5507.589041  	107.149017 
5509.020699  	107.237777 
5510.452357  	107.466272 
5511.884016  	107.389932 
5513.315674  	107.353203 
5514.747332  	107.404926 
5516.178990  	107.292418 
5517.610648  	107.264286 
5519.042307  	107.276550 
5520.473965  	107.324621 
5521.905623  	107.405401 
5523.337281  	107.203121 
5524.768939  	107.027212 
5526.200598  	107.109638 
5527.632256  	107.196820 
5529.063914  	107.293959 
5530.495572  	107.208763 
5531.927230  	106.943643 
5533.358888  	106.942270 
5534.790547  	107.127203 
5536.222205  	107.181679 
5537.653863  	107.082591 
5539.085521  	107.092819 
5540.517179  	107.393692 
5541.948838  	107.543882 
5543.380496  	107.472136 
5544.812154  	107.531377 
5546.243812  	107.532543 
5547.675470  	107.530173 
5549.107128  	107.615592 
5550.538787  	107.481623 
5551.970445  	107.530254 
5553.402103  	107.885607 
5554.833761  	107.848369 
5556.265419  	107.578349 
5557.697078  	107.508649 
5559.128736  	107.433119 
5560.560394  	107.339676 
5561.992052  	107.241025 
5563.423710  	107.015432 
5564.855369  	107.049640 
5566.287027  	107.496820 
5567.718685  	107.562471 
5569.150343  	107.070253 
5570.582001  	106.939580 
5572.013659  	107.242587 
5573.445318  	107.417074 
5574.876976  	107.554796 
5576.308634  	107.545876 
5577.740292  	107.291973 
5579.171950  	107.194676 
5580.603609  	107.100910 
5582.035267  	106.935697 
5583.466925  	107.093306 
5584.898583  	107.249461 
5586.330241  	107.053230 
5587.761899  	106.891328 
5589.193558  	107.080164 
5590.625216  	107.386867 
5592.056874  	107.422058 
5593.488532  	107.421597 
5594.920190  	107.611123 
5596.351849  	107.433696 
5597.783507  	106.958505 
5599.215165  	106.963276 
5600.646823  	107.404127 
5602.078481  	107.579912 
5603.510140  	107.219071 
5604.941798  	106.943629 
5606.373456  	107.082949 
5607.805114  	107.096736 
5609.236772  	107.067250 
5610.668430  	107.219214 
5612.100089  	107.137562 
5613.531747  	107.104349 
5614.963405  	107.288359 
5616.395063  	107.169170 
5617.826721  	106.985499 
5619.258380  	107.085476 
5620.690038  	107.298090 
5622.121696  	107.411482 
5623.553354  	107.233692 
5624.985012  	107.155294 
5626.416671  	107.413213 
5627.848329  	107.609100 
5629.279987  	107.810173 
5630.711645  	107.691198 
5632.143303  	107.056215 
5633.574961  	107.027491 
5635.006620  	107.450031 
5636.438278  	107.403289 
5637.869936  	107.613100 
5639.301594  	107.878915 
5640.733252  	107.306632 
5642.164911  	107.066373 
5643.596569  	107.631213 
5645.028227  	107.713980 
5646.459885  	107.417875 
5647.891543  	107.403105 
5649.323201  	107.122569 
5650.754860  	106.781651 
5652.186518  	107.127294 
5653.618176  	107.365643 
5655.049834  	106.999887 
5656.481492  	107.086678 
5657.913151  	107.551922 
5659.344809  	107.414847 
5660.776467  	107.076730 
5662.208125  	107.141329 
5663.639783  	107.247445 
5665.071442  	107.089076 
5666.503100  	106.926967 
5667.934758  	107.051295 
5669.366416  	107.071865 
5670.798074  	106.661826 
5672.229732  	106.432644 
5673.661391  	106.605186 
5675.093049  	106.782293 
5676.524707  	107.006544 
5677.956365  	107.238957 
5679.388023  	107.412052 
5680.819682  	107.727919 
5682.251340  	107.786825 
5683.682998  	107.411038 
5685.114656  	107.238877 
5686.546314  	107.283843 
5687.977973  	107.222659 
5689.409631  	107.337654 
5690.841289  	107.552918 
5692.272947  	107.338010 
5693.704605  	106.947053 
5695.136263  	107.081397 
5696.567922  	107.443499 
5697.999580  	107.118385 
5699.431238  	106.509540 
5700.862896  	106.751312 
5702.294554  	107.519118 
5703.726213  	107.747963 
5705.157871  	107.407346 
5706.589529  	107.022761 
5708.021187  	106.907855 
5709.452845  	106.937271 
5710.884503  	106.769576 
5712.316162  	106.655639 
5713.747820  	106.950250 
5715.179478  	107.278804 
5716.611136  	107.346458 
5718.042794  	107.210628 
5719.474453  	106.875236 
5720.906111  	106.629449 
5722.337769  	106.781331 
5723.769427  	107.116930 
5725.201085  	107.267910 
5726.632744  	107.158158 
5728.064402  	107.120175 
5729.496060  	107.281334 
5730.927718  	107.218690 
5732.359376  	106.959202 
5733.791034  	106.989046 
5735.222693  	107.189612 
5736.654351  	107.279726 
5738.086009  	107.392484 
5739.517667  	107.483785 
5740.949325  	107.312687 
5742.380984  	106.909133 
5743.812642  	106.550535 
5745.244300  	106.541620 
5746.675958  	106.845731 
5748.107616  	107.057646 
5749.539275  	107.134998 
5750.970933  	107.268315 
5752.402591  	107.282580 
5753.834249  	107.099388 
5755.265907  	106.955318 
5756.697565  	106.958567 
5758.129224  	107.032465 
5759.560882  	106.992305 
5760.992540  	106.894262 
5762.424198  	106.991316 
5763.855856  	107.035242 
5765.287515  	106.960163 
5766.719173  	106.992993 
5768.150831  	106.813169 
5769.582489  	106.667391 
5771.014147  	107.053702 
5772.445805  	107.320512 
5773.877464  	107.287866 
5775.309122  	107.345588 
5776.740780  	107.163619 
5778.172438  	106.991878 
5779.604096  	107.198733 
5781.035755  	107.292101 
5782.467413  	107.189736 
5783.899071  	107.157293 
5785.330729  	107.360492 
5786.762387  	107.606887 
5788.194046  	107.284960 
5789.625704  	106.830440 
5791.057362  	106.686535 
5792.489020  	106.371852 
5793.920678  	106.438368 
5795.352336  	106.985286 
5796.783995  	106.936760 
5798.215653  	106.787497 
5799.647311  	107.090889 
5801.078969  	107.182927 
5802.510627  	107.150306 
5803.942286  	107.239752 
5805.373944  	107.289489 
5806.805602  	107.252732 
5808.237260  	107.116516 
5809.668918  	107.212158 
5811.100576  	107.451321 
5812.532235  	107.380062 
5813.963893  	107.238271 
5815.395551  	107.018828 
5816.827209  	106.669508 
5818.258867  	106.700926 
5819.690526  	107.050883 
5821.122184  	107.243835 
5822.553842  	107.111989 
5823.985500  	107.124891 
5825.417158  	107.785864 
5826.848817  	108.150903 
5828.280475  	107.619190 
5829.712133  	107.092698 
5831.143791  	106.677724 
5832.575449  	106.406379 
5834.007107  	106.810564 
5835.438766  	107.144383 
5836.870424  	106.945400 
5838.302082  	106.977175 
5839.733740  	107.221352 
5841.165398  	107.095524 
5842.597057  	106.823884 
5844.028715  	106.841894 
5845.460373  	106.910647 
5846.892031  	106.907800 
5848.323689  	107.098615 
5849.755348  	106.971021 
5851.187006  	106.458592 
5852.618664  	106.626574 
5854.050322  	107.248079 
5855.481980  	107.247138 
5856.913638  	106.700558 
5858.345297  	106.485492 
5859.776955  	106.976273 
5861.208613  	107.173908 
5862.640271  	106.672515 
5864.071929  	106.495899 
5865.503588  	106.461464 
5866.935246  	106.443228 
5868.366904  	106.975582 
5869.798562  	107.094055 
5871.230220  	107.013628 
5872.661878  	107.705780 
5874.093537  	107.681757 
5875.525195  	106.916756 
5876.956853  	106.988806 
5878.388511  	107.223128 
5879.820169  	107.121607 
5881.251828  	107.286494 
5882.683486  	107.341363 
5884.115144  	107.102159 
5885.546802  	107.133510 
5886.978460  	107.400370 
5888.410119  	107.347139 
5889.841777  	107.127057 
5891.273435  	107.320447 
5892.705093  	107.530640 
5894.136751  	107.421144 
5895.568409  	107.263144 
5897.000068  	106.977982 
5898.431726  	106.838802 
5899.863384  	106.802345 
5901.295042  	106.508939 
5902.726700  	106.743521 
5904.158359  	107.358631 
5905.590017  	107.177086 
5907.021675  	106.667488 
5908.453333  	106.621450 
5909.884991  	107.209769 
5911.316650  	108.007163 
5912.748308  	107.833554 
5914.179966  	107.125996 
5915.611624  	106.847167 
5917.043282  	106.536023 
5918.474940  	106.492596 
5919.906599  	107.041344 
5921.338257  	107.183836 
5922.769915  	106.740697 
5924.201573  	106.426672 
5925.633231  	106.633584 
5927.064890  	107.106684 
5928.496548  	107.114789 
5929.928206  	106.977641 
5931.359864  	107.538946 
5932.791522  	108.252052 
5934.223180  	107.945022 
5935.654839  	107.058879 
5937.086497  	107.143391 
5938.518155  	107.759178 
5939.949813  	107.606394 
5941.381471  	107.349095 
5942.813130  	107.257979 
5944.244788  	106.927217 
5945.676446  	107.017983 
5947.108104  	107.193202 
5948.539762  	106.813991 
5949.971421  	106.722796 
5951.403079  	107.209866 
5952.834737  	107.717079 
5954.266395  	107.519794 
5955.698053  	106.798760 
5957.129711  	106.847140 
5958.561370  	107.035547 
5959.993028  	106.429262 
5961.424686  	106.246067 
5962.856344  	106.303914 
5964.288002  	106.093280 
5965.719661  	106.660775 
5967.151319  	107.330510 
5968.582977  	107.306280 
5970.014635  	107.270593 
5971.446293  	107.127507 
5972.877951  	107.057204 
5974.309610  	107.168572 
5975.741268  	106.743361 
5977.172926  	106.593182 
5978.604584  	107.112236 
5980.036242  	107.137998 
5981.467901  	107.004884 
5982.899559  	107.230792 
5984.331217  	107.346423 
5985.762875  	107.528366 
5987.194533  	107.367723 
5988.626192  	106.628626 
5990.057850  	106.740562 
5991.489508  	107.490949 
5992.921166  	107.466443 
5994.352824  	107.392319 
5995.784482  	107.632827 
5997.216141  	107.248518 
5998.647799  	106.803613 
6000.079457  	106.888512 
6001.511115  	106.889321 
6002.942773  	106.703391 
6004.374432  	106.878848 
6005.806090  	107.722601 
6007.237748  	108.308862 
6008.669406  	107.634911 
6010.101064  	106.927306 
6011.532723  	106.998682 
6012.964381  	107.055900 
6014.396039  	107.021922 
6015.827697  	106.833599 
6017.259355  	106.823288 
6018.691013  	107.660971 
6020.122672  	108.018345 
6021.554330  	107.469672 
6022.985988  	107.465741 
6024.417646  	107.664487 
6025.849304  	107.596119 
6027.280963  	107.446777 
6028.712621  	106.912237 
6030.144279  	106.874333 
6031.575937  	107.429032 
6033.007595  	107.463958 
6034.439253  	107.542949 
6035.870912  	107.886218 
6037.302570  	107.816631 
6038.734228  	107.496551 
6040.165886  	107.028710 
6041.597544  	106.899513 
6043.029203  	107.063635 
6044.460861  	106.678140 
6045.892519  	106.601130 
6047.324177  	107.067084 
6048.755835  	107.055546 
6050.187494  	107.123848 
6051.619152  	107.329108 
6053.050810  	107.093925 
6054.482468  	106.977026 
6055.914126  	107.026795 
6057.345784  	107.313616 
6058.777443  	107.804741 
6060.209101  	107.380953 
6061.640759  	106.632059 
6063.072417  	106.779161 
6064.504075  	107.063171 
6065.935734  	106.974845 
6067.367392  	106.791242 
6068.799050  	106.813369 
6070.230708  	107.349630 
6071.662366  	107.547974 
6073.094025  	106.889530 
6074.525683  	106.534733 
6075.957341  	106.819492 
6077.388999  	107.010689 
6078.820657  	106.882412 
6080.252315  	106.696015 
6081.683974  	106.849616 
6083.115632  	107.167623 
6084.547290  	107.317855 
6085.978948  	107.618039 
6087.410606  	107.816383 
6088.842265  	107.746689 
6090.273923  	108.027786 
6091.705581  	107.723765 
6093.137239  	106.279369 
6094.568897  	105.933894 
6096.000555  	106.904808 
6097.432214  	107.120675 
6098.863872  	107.046158 
6100.295530  	107.361945 
6101.727188  	107.245039 
6103.158846  	107.350464 
6104.590505  	107.893340 
6106.022163  	107.673787 
6107.453821  	107.393714 
6108.885479  	107.684470 
6110.317137  	107.524951 
6111.748796  	107.366766 
6113.180454  	107.815643 
6114.612112  	107.426502 
6116.043770  	106.457738 
6117.475428  	106.808918 
6118.907086  	107.407456 
6120.338745  	106.963587 
6121.770403  	106.870118 
6123.202061  	107.278191 
6124.633719  	107.302185 
6126.065377  	107.177494 
6127.497036  	106.792986 
6128.928694  	106.827516 
6130.360352  	107.286424 
6131.792010  	106.782666 
6133.223668  	106.866852 
6134.655327  	108.144463 
6136.086985  	107.897924 
6137.518643  	106.874813 
6138.950301  	106.544903 
6140.381959  	106.204666 
6141.813617  	106.651925 
6143.245276  	107.187330 
6144.676934  	106.567250 
6146.108592  	106.346855 
6147.540250  	106.587436 
6148.971908  	107.112471 
6150.403567  	108.225303 
6151.835225  	107.966038 
6153.266883  	107.126022 
6154.698541  	107.343479 
6156.130199  	106.729505 
6157.561857  	105.834885 
6158.993516  	106.361869 
6160.425174  	107.084241 
6161.856832  	107.479235 
6163.288490  	107.658017 
6164.720148  	107.093153 
6166.151807  	106.439883 
6167.583465  	106.629572 
6169.015123  	107.529757 
6170.446781  	108.001263 
6171.878439  	107.897555 
6173.310098  	108.288842 
6174.741756  	107.891232 
6176.173414  	106.164313 
6177.605072  	105.748317 
6179.036730  	107.019533 
6180.468388  	108.017885 
6181.900047  	107.819418 
6183.331705  	106.809072 
6184.763363  	106.512160 
6186.195021  	107.183552 
6187.626679  	107.423922 
6189.058338  	107.071073 
6190.489996  	106.917413 
6191.921654  	107.063737 
6193.353312  	107.008942 
6194.784970  	106.723504 
6196.216628  	106.876413 
6197.648287  	107.130416 
6199.079945  	107.256065 
6200.511603  	107.703782 
6201.943261  	107.719896 
6203.374919  	107.576668 
6204.806578  	107.845235 
6206.238236  	107.298578 
6207.669894  	106.551197 
6209.101552  	106.666691 
6210.533210  	106.662939 
6211.964869  	106.475923 
6213.396527  	106.372183 
6214.828185  	106.588940 
6216.259843  	107.539425 
6217.691501  	107.974069 
6219.123159  	107.785992 
6220.554818  	107.788020 
6221.986476  	107.179113 
6223.418134  	107.040704 
6224.849792  	108.128072 
6226.281450  	108.294923 
6227.713109  	107.327958 
6229.144767  	106.712212 
6230.576425  	107.152586 
6232.008083  	108.082048 
6233.439741  	107.511200 
6234.871400  	106.369049 
6236.303058  	106.707901 
6237.734716  	106.965286 
6239.166374  	106.865068 
6240.598032  	107.504531 
6242.029690  	107.413334 
6243.461349  	106.810660 
6244.893007  	107.145979 
6246.324665  	107.466176 
6247.756323  	107.196909 
6249.187981  	107.111445 
6250.619640  	107.537335 
6252.051298  	107.830001 
6253.482956  	107.229247 
6254.914614  	106.821109 
6256.346272  	107.304186 
6257.777930  	107.289142 
6259.209589  	107.042523 
6260.641247  	107.820848 
6262.072905  	108.540949 
6263.504563  	108.449873 
6264.936221  	108.270106 
6266.367880  	107.739748 
6267.799538  	106.933771 
6269.231196  	106.976312 
6270.662854  	107.199082 
6272.094512  	106.575911 
6273.526171  	106.321185 
6274.957829  	106.683272 
6276.389487  	106.328052 
6277.821145  	105.943524 
6279.252803  	106.265985 
6280.684461  	106.387554 
6282.116120  	106.660161 
6283.547778  	107.554035 
6284.979436  	107.996244 
6286.411094  	107.780058 
6287.842752  	107.622022 
6289.274411  	107.526216 
6290.706069  	107.289807 
6292.137727  	106.771848 
6293.569385  	106.278571 
6295.001043  	106.851364 
6296.432702  	108.221923 
6297.864360  	108.454063 
6299.296018  	107.117729 
6300.727676  	106.106284 
6302.159334  	106.287140 
6303.590992  	106.440246 
6305.022651  	106.229240 
6306.454309  	106.928917 
6307.885967  	108.135955 
6309.317625  	108.328624 
6310.749283  	108.067414 
6312.180942  	108.225381 
6313.612600  	107.882072 
6315.044258  	106.975128 
6316.475916  	106.652091 
6317.907574  	106.995410 
6319.339232  	107.316665 
6320.770891  	107.513143 
6322.202549  	107.978731 
6323.634207  	108.131624 
6325.065865  	107.316699 
6326.497523  	106.834087 
6327.929182  	107.533845 
6329.360840  	108.134789 
6330.792498  	107.917129 
6332.224156  	107.187111 
6333.655814  	106.560568 
6335.087473  	106.840634 
6336.519131  	107.198446 
6337.950789  	106.647643 
6339.382447  	106.511624 
6340.814105  	107.173269 
6342.245763  	107.022288 
6343.677422  	106.187769 
6345.109080  	106.048981 
6346.540738  	106.498492 
6347.972396  	106.664487 
6349.404054  	106.805079 
6350.835713  	107.475019 
6352.267371  	107.979420 
6353.699029  	107.614003 
6355.130687  	106.748917 
6356.562345  	105.887246 
6357.994003  	105.791502 
6359.425662  	106.872436 
6360.857320  	107.603324 
6362.288978  	106.654814 
6363.720636  	105.857000 
6365.152294  	106.969693 
6366.583953  	107.846874 
6368.015611  	106.912967 
6369.447269  	106.629165 
6370.878927  	107.234952 
6372.310585  	106.592253 
6373.742244  	106.229841 
6375.173902  	107.470456 
6376.605560  	107.898555 
6378.037218  	107.000697 
6379.468876  	106.340025 
6380.900534  	106.214143 
6382.332193  	106.953027 
6383.763851  	108.027344 
6385.195509  	108.171028 
6386.627167  	107.945514 
6388.058825  	107.675134 
6389.490484  	107.171579 
6390.922142  	107.157776 
6392.353800  	106.847498 
6393.785458  	105.847143 
6395.217116  	106.147981 
6396.648775  	107.117461 
6398.080433  	106.817697 
6399.512091  	106.358052 
6400.943749  	106.584981 
6402.375407  	106.819661 
6403.807065  	106.824060 
6405.238724  	106.514949 
6406.670382  	106.489262 
6408.102040  	107.085226 
6409.533698  	107.418403 
6410.965356  	107.184791 
6412.397015  	106.800879 
6413.828673  	106.813998 
6415.260331  	107.105697 
6416.691989  	106.534034 
6418.123647  	106.151392 
6419.555305  	107.307146 
6420.986964  	108.071598 
6422.418622  	107.496330 
6423.850280  	106.810210 
6425.281938  	106.448912 
6426.713596  	106.892275 
6428.145255  	107.370238 
6429.576913  	106.499877 
6431.008571  	105.633249 
6432.440229  	105.759312 
6433.871887  	106.234017 
6435.303546  	106.950369 
6436.735204  	107.555077 
6438.166862  	107.543484 
6439.598520  	106.997238 
6441.030178  	106.339676 
6442.461836  	106.344347 
6443.893495  	107.025508 
6445.325153  	107.873242 
6446.756811  	108.030726 
6448.188469  	107.124794 
6449.620127  	107.372211 
6451.051786  	108.747806 
6452.483444  	108.146057 
6453.915102  	107.045318 
6455.346760  	107.694134 
6456.778418  	107.869103 
6458.210077  	107.129273 
6459.641735  	106.978621 
6461.073393  	106.914306 
6462.505051  	106.412088 
6463.936709  	105.774239 
6465.368367  	105.578908 
6466.800026  	105.967612 
6468.231684  	106.012902 
6469.663342  	105.458798 
6471.095000  	105.363239 
6472.526658  	106.223219 
6473.958317  	107.207673 
6475.389975  	107.356780 
6476.821633  	106.454912 
6478.253291  	105.424327 
6479.684949  	106.010202 
6481.116607  	107.567720 
6482.548266  	107.117057 
6483.979924  	106.038272 
6485.411582  	106.567039 
6486.843240  	106.235013 
6488.274898  	105.634536 
6489.706557  	106.927426 
6491.138215  	107.180797 
6492.569873  	105.809160 
6494.001531  	105.486578 
6495.433189  	105.678221 
6496.864848  	105.681236 
6498.296506  	105.471540 
6499.728164  	105.027617 
6501.159822  	105.841816 
6502.591480  	107.606566 
6504.023138  	108.096301 
6505.454797  	107.176620 
6506.886455  	106.268779 
6508.318113  	106.273936 
6509.749771  	106.113480 
6511.181429  	105.047876 
6512.613088  	104.642190 
6514.044746  	104.969173 
6515.476404  	105.282612 
6516.908062  	106.409254 
6518.339720  	107.427967 
6519.771379  	106.980411 
6521.203037  	106.877349 
6522.634695  	107.936884 
6524.066353  	107.647011 
6525.498011  	105.551963 
6526.929669  	104.893193 
6528.361328  	105.976298 
6529.792986  	106.261724 
6531.224644  	106.516142 
6532.656302  	107.392852 
6534.087960  	106.859092 
6535.519619  	106.197185 
6536.951277  	107.078024 
6538.382935  	107.412413 
6539.814593  	106.666748 
6541.246251  	106.439965 
6542.677909  	107.016771 
6544.109568  	107.365630 
6545.541226  	106.554853 
6546.972884  	106.053379 
6548.404542  	107.411372 
6549.836200  	108.270695 
6551.267859  	106.758004 
6552.699517  	105.351833 
6554.131175  	106.006187 
6555.562833  	106.663582 
6556.994491  	105.548969 
6558.426150  	104.581312 
6559.857808  	105.320610 
6561.289466  	106.210605 
6562.721124  	106.129093 
6564.152782  	105.723370 
6565.584440  	105.782987 
6567.016099  	106.827971 
6568.447757  	107.425808 
6569.879415  	106.390971 
6571.311073  	106.118115 
6572.742731  	107.113269 
6574.174390  	106.425743 
6575.606048  	105.309092 
6577.037706  	106.598115 
6578.469364  	107.422529 
6579.901022  	105.933281 
6581.332680  	105.317613 
6582.764339  	105.883351 
6584.195997  	105.783173 
6585.627655  	105.773573 
6587.059313  	105.938742 
6588.490971  	105.205592 
6589.922630  	104.898654 
6591.354288  	105.887295 
6592.785946  	106.343492 
6594.217604  	105.967147 
6595.649262  	106.241825 
6597.080921  	106.179042 
6598.512579  	105.434623 
6599.944237  	106.191685 
6601.375895  	107.478539 
6602.807553  	107.075178 
6604.239211  	106.481051 
6605.670870  	106.664493 
6607.102528  	106.729143 
6608.534186  	106.199215 
6609.965844  	104.870212 
6611.397502  	104.462937 
6612.829161  	105.978028 
6614.260819  	106.730472 
6615.692477  	105.584764 
6617.124135  	104.826528 
6618.555793  	105.343928 
6619.987452  	105.281180 
6621.419110  	104.260047 
6622.850768  	105.111710 
6624.282426  	107.597823 
6625.714084  	108.060568 
6627.145742  	106.815585 
6628.577401  	106.308824 
6630.009059  	107.052683 
6631.440717  	107.710436 
6632.872375  	105.790717 
6634.304033  	104.136915 
6635.735692  	106.148258 
6637.167350  	107.653909 
6638.599008  	107.153446 
6640.030666  	107.710251 
6641.462324  	107.367910 
6642.893982  	105.934823 
6644.325641  	105.654247 
6645.757299  	105.461535 
6647.188957  	105.611095 
6648.620615  	106.382223 
6650.052273  	106.318304 
6651.483932  	106.248196 
6652.915590  	106.622784 
6654.347248  	106.661437 
6655.778906  	106.038752 
6657.210564  	104.580490 
6658.642223  	103.879681 
6660.073881  	104.636593 
6661.505539  	105.639167 
6662.937197  	106.878618 
6664.368855  	107.793579 
6665.800513  	107.587069 
6667.232172  	107.339865 
6668.663830  	106.750758 
6670.095488  	105.916576 
6671.527146  	106.232800 
6672.958804  	106.963771 
6674.390463  	107.140405 
6675.822121  	107.490463 
6677.253779  	107.754118 
6678.685437  	107.186131 
6680.117095  	106.532137 
6681.548754  	106.208295 
6682.980412  	105.294457 
6684.412070  	105.014865 
6685.843728  	106.317195 
6687.275386  	106.835921 
6688.707044  	106.538652 
6690.138703  	107.094539 
6691.570361  	107.263562 
6693.002019  	107.008339 
6694.433677  	106.689122 
6695.865335  	105.934346 
6697.296994  	106.402085 
6698.728652  	107.201313 
6700.160310  	106.696162 
6701.591968  	106.382608 
6703.023626  	105.731606 
6704.455284  	105.119076 
6705.886943  	106.604883 
6707.318601  	107.421868 
6708.750259  	105.763767 
6710.181917  	105.004733 
6711.613575  	106.064691 
6713.045234  	106.822593 
6714.476892  	106.538371 
6715.908550  	106.400894 
6717.340208  	106.994634 
6718.771866  	106.988892 
6720.203525  	105.943433 
6721.635183  	105.129356 
6723.066841  	106.171077 
6724.498499  	108.511723 
6725.930157  	108.343373 
6727.361815  	105.825380 
6728.793474  	105.350825 
6730.225132  	106.725154 
6731.656790  	107.729861 
6733.088448  	108.301153 
6734.520106  	107.975544 
6735.951765  	106.724370 
6737.383423  	105.162162 
6738.815081  	104.534867 
6740.246739  	105.270134 
6741.678397  	106.186059 
6743.110056  	107.043853 
6744.541714  	107.296676 
6745.973372  	106.319058 
6747.405030  	106.457127 
6748.836688  	107.230412 
6750.268346  	106.953901 
6751.700005  	107.734682 
6753.131663  	108.587455 
6754.563321  	107.826269 
6755.994979  	107.394573 
6757.426637  	106.539893 
6758.858296  	105.447596 
6760.289954  	106.079256 
6761.721612  	106.595404 
6763.153270  	106.417720 
6764.584928  	106.825668 
6766.016586  	106.698988 
6767.448245  	105.920652 
6768.879903  	105.746937 
6770.311561  	106.386674 
6771.743219  	106.554464 
6773.174877  	105.625709 
6774.606536  	105.583450 
6776.038194  	106.525815 
6777.469852  	106.775248 
6778.901510  	107.051710 
6780.333168  	107.260166 
6781.764827  	106.959356 
6783.196485  	106.694031 
6784.628143  	104.985300 
6786.059801  	103.190234 
6787.491459  	104.223049 
6788.923117  	106.368880 
6790.354776  	107.337286 
6791.786434  	107.609852 
6793.218092  	107.552933 
6794.649750  	107.116502 
6796.081408  	106.518449 
6797.513067  	106.964802 
6798.944725  	107.583274 
6800.376383  	106.078777 
6801.808041  	104.990787 
6803.239699  	106.164787 
6804.671357  	106.876907 
6806.103016  	106.431617 
6807.534674  	105.428553 
6808.966332  	104.516620 
6810.397990  	105.552065 
6811.829648  	106.410787 
6813.261307  	104.871286 
6814.692965  	104.601158 
6816.124623  	105.551020 
6817.556281  	104.487947 
6818.987939  	104.794392 
6820.419598  	107.823636 
6821.851256  	108.047804 
6823.282914  	105.846078 
6824.714572  	105.551806 
6826.146230  	105.253673 
6827.577888  	104.289995 
6829.009547  	104.913430 
6830.441205  	105.751147 
6831.872863  	106.391530 
6833.304521  	107.111820 
6834.736179  	106.109904 
6836.167838  	105.449723 
6837.599496  	106.679976 
6839.031154  	106.757623 
6840.462812  	106.423602 
6841.894470  	107.963846 
6843.326129  	109.234360 
6844.757787  	108.098157 
6846.189445  	105.746267 
6847.621103  	105.306747 
6849.052761  	106.615611 
6850.484419  	106.778094 
6851.916078  	106.398997 
6853.347736  	106.915296 
6854.779394  	107.428973 
6856.211052  	107.880357 
6857.642710  	107.709366 
6859.074369  	106.577319 
6860.506027  	106.417748 
6861.937685  	107.330187 
6863.369343  	107.202789 
6864.801001  	106.101962 
6866.232659  	105.716378 
6867.664318  	105.961198 
6869.095976  	105.506291 
6870.527634  	105.122943 
6871.959292  	105.469823 
6873.390950  	105.527543 
6874.822609  	105.868019 
6876.254267  	106.434716 
6877.685925  	105.659961 
6879.117583  	104.700821 
6880.549241  	105.231162 
6881.980900  	106.271971 
6883.412558  	106.546341 
6884.844216  	106.641872 
6886.275874  	107.622083 
6887.707532  	107.953442 
6889.139190  	106.848607 
6890.570849  	106.751528 
6892.002507  	107.540968 
6893.434165  	107.980869 
6894.865823  	108.600229 
6896.297481  	108.195140 
6897.729140  	106.945250 
6899.160798  	106.628478 
6900.592456  	106.595887 
6902.024114  	107.036648 
6903.455772  	107.952894 
6904.887431  	107.149224 
6906.319089  	105.468504 
6907.750747  	105.052823 
6909.182405  	105.779117 
6910.614063  	106.925323 
6912.045721  	107.080779 
6913.477380  	105.893127 
6914.909038  	105.608291 
6916.340696  	107.371201 
6917.772354  	108.910162 
6919.204012  	108.448570 
6920.635671  	107.609219 
6922.067329  	107.289829 
6923.498987  	107.002370 
6924.930645  	107.306046 
6926.362303  	107.077869 
6927.793961  	105.668320 
6929.225620  	105.598203 
6930.657278  	106.011431 
6932.088936  	105.161902 
6933.520594  	105.252858 
6934.952252  	105.877817 
6936.383911  	105.060679 
6937.815569  	104.340510 
6939.247227  	104.596677 
6940.678885  	104.953948 
6942.110543  	105.479990 
6943.542202  	106.537868 
6944.973860  	107.218100 
6946.405518  	106.159343 
6947.837176  	105.763319 
6949.268834  	107.615857 
6950.700492  	107.847916 
6952.132151  	106.470055 
6953.563809  	106.889034 
6954.995467  	106.876020 
6956.427125  	105.295974 
6957.858783  	105.579476 
6959.290442  	107.079085 
6960.722100  	106.779952 
6962.153758  	105.565951 
6963.585416  	105.291354 
6965.017074  	105.921198 
6966.448732  	106.698901 
6967.880391  	107.064717 
6969.312049  	107.270276 
6970.743707  	107.590573 
6972.175365  	107.193621 
6973.607023  	106.042724 
6975.038682  	105.665387 
6976.470340  	106.493249 
6977.901998  	107.311622 
6979.333656  	106.950401 
6980.765314  	106.571035 
6982.196973  	107.656041 
6983.628631  	107.979024 
6985.060289  	106.466683 
6986.491947  	106.217764 
6987.923605  	106.999128 
6989.355263  	106.642782 
6990.786922  	106.530098 
6992.218580  	107.408564 
6993.650238  	107.930539 
6995.081896  	107.214582 
6996.513554  	105.736671 
6997.945213  	105.728762 
6999.376871  	107.125752 
7000.808529  	107.532546 
7002.240187  	106.728105 
7003.671845  	105.702132 
7005.103504  	105.638117 
7006.535162  	105.974207 
7007.966820  	104.979718 
7009.398478  	104.802450 
7010.830136  	105.732710 
7012.261794  	104.859260 
7013.693453  	104.510170 
7015.125111  	106.151567 
7016.556769  	106.515421 
7017.988427  	106.443214 
7019.420085  	107.648738 
7020.851744  	108.111271 
7022.283402  	107.367079 
7023.715060  	106.007911 
7025.146718  	104.839289 
7026.578376  	105.097173 
7028.010034  	106.171701 
7029.441693  	106.496080 
7030.873351  	106.300396 
7032.305009  	106.464592 
7033.736667  	106.079069 
7035.168325  	105.834324 
7036.599984  	107.155620 
7038.031642  	106.580600 
7039.463300  	104.402014 
7040.894958  	106.013443 
7042.326616  	108.379781 
7043.758275  	107.562524 
7045.189933  	107.290339 
7046.621591  	107.191178 
7048.053249  	105.953148 
7049.484907  	106.919546 
7050.916565  	108.785254 
7052.348224  	107.989050 
7053.779882  	105.297743 
7055.211540  	103.832179 
7056.643198  	105.010005 
7058.074856  	106.415819 
7059.506515  	106.469123 
7060.938173  	106.363420 
7062.369831  	106.023845 
7063.801489  	105.881741 
7065.233147  	106.215941 
7066.664806  	105.845673 
7068.096464  	105.566335 
7069.528122  	105.696323 
7070.959780  	105.855945 
7072.391438  	106.242754 
7073.823096  	105.942173 
7075.254755  	105.656690 
7076.686413  	106.131403 
7078.118071  	106.338901 
7079.549729  	106.818438 
7080.981387  	107.337849 
7082.413046  	107.164320 
7083.844704  	107.195087 
7085.276362  	106.001156 
7086.708020  	104.054090 
7088.139678  	104.346626 
7089.571336  	106.084858 
7091.002995  	107.609327 
7092.434653  	108.037659 
7093.866311  	106.504247 
7095.297969  	105.630661 
7096.729627  	106.334553 
7098.161286  	106.486809 
7099.592944  	106.386016 
7101.024602  	106.226719 
7102.456260  	106.103865 
7103.887918  	106.960755 
7105.319577  	107.888766 
7106.751235  	107.404855 
7108.182893  	106.024920 
7109.614551  	105.229487 
7111.046209  	105.760151 
7112.477867  	106.715393 
7113.909526  	106.579935 
7115.341184  	105.007532 
7116.772842  	105.244859 
7118.204500  	108.549674 
7119.636158  	108.620172 
7121.067817  	104.896316 
7122.499475  	104.079021 
7123.931133  	105.421963 
7125.362791  	105.664952 
7126.794449  	105.203533 
7128.226108  	104.866768 
7129.657766  	105.253038 
7131.089424  	104.997970 
7132.521082  	104.102668 
7133.952740  	104.532523 
7135.384398  	104.534843 
7136.816057  	104.528651 
7138.247715  	106.135707 
7139.679373  	105.315076 
7141.111031  	104.071094 
7142.542689  	106.277220 
7143.974348  	107.160174 
7145.406006  	106.827974 
7146.837664  	107.879056 
7148.269322  	106.919254 
7149.700980  	104.795898 
7151.132638  	104.104085 
7152.564297  	103.836749 
7153.995955  	104.458038 
7155.427613  	106.192830 
7156.859271  	106.399371 
7158.290929  	104.234977 
7159.722588  	103.579753 
7161.154246  	106.473227 
7162.585904  	108.080701 
7164.017562  	105.929962 
7165.449220  	104.563257 
7166.880879  	105.045600 
7168.312537  	106.267898 
7169.744195  	107.162724 
7171.175853  	107.036682 
7172.607511  	106.833114 
7174.039169  	105.490535 
7175.470828  	103.961859 
7176.902486  	105.057876 
7178.334144  	105.891520 
7179.765802  	105.411889 
7181.197460  	106.270798 
7182.629119  	106.470996 
7184.060777  	106.655570 
7185.492435  	107.833624 
7186.924093  	106.026567 
7188.355751  	104.099662 
7189.787409  	106.013025 
7191.219068  	107.427359 
7192.650726  	106.643094 
7194.082384  	106.137869 
7195.514042  	106.530433 
7196.945700  	106.816937 
7198.377359  	105.942044 
7199.809017  	105.375881 
7201.240675  	105.979782 
7202.672333  	105.584803 
7204.103991  	104.626453 
7205.535650  	104.830894 
7206.967308  	105.846101 
7208.398966  	107.252954 
7209.830624  	107.974111 
7211.262282  	108.256835 
7212.693940  	109.423762 
7214.125599  	109.230784 
7215.557257  	107.393270 
7216.988915  	106.742457 
7218.420573  	106.772881 
7219.852231  	107.293719 
7221.283890  	108.645851 
7222.715548  	108.575073 
7224.147206  	108.149659 
7225.578864  	108.687504 
7227.010522  	107.911938 
7228.442181  	106.500035 
7229.873839  	106.990282 
7231.305497  	107.739008 
7232.737155  	106.291968 
7234.168813  	103.487262 
7235.600471  	102.743952 
7237.032130  	104.979212 
7238.463788  	107.178554 
7239.895446  	106.866930 
7241.327104  	104.697305 
7242.758762  	103.507365 
7244.190421  	105.577357 
7245.622079  	107.610013 
7247.053737  	107.938390 
7248.485395  	108.918397 
7249.917053  	108.414382 
7251.348711  	106.293183 
7252.780370  	106.391401 
7254.212028  	105.838637 
7255.643686  	103.950504 
7257.075344  	105.249977 
7258.507002  	107.141439 
7259.938661  	107.445219 
7261.370319  	107.801092 
7262.801977  	106.834790 
7264.233635  	106.553490 
7265.665293  	107.656358 
7267.096952  	106.698776 
7268.528610  	106.386971 
7269.960268  	108.245638 
7271.391926  	108.581541 
7272.823584  	107.811523 
7274.255242  	107.327574 
7275.686901  	107.220676 
7277.118559  	107.779273 
7278.550217  	107.207034 
7279.981875  	105.727229 
7281.413533  	105.369092 
7282.845192  	106.946546 
7284.276850  	109.418533 
7285.708508  	108.637949 
7287.140166  	105.056769 
7288.571824  	104.501935 
7290.003483  	106.583759 
7291.435141  	107.003889 
7292.866799  	105.975180 
7294.298457  	106.768881 
7295.730115  	110.516144 
7297.161773  	111.545722 
7298.593432  	108.010767 
7300.025090  	105.603319 
7301.456748  	105.727747 
7302.888406  	105.792070 
7304.320064  	104.948137 
7305.751723  	104.233719 
7307.183381  	105.694393 
7308.615039  	107.429162 
7310.046697  	106.261587 
7311.478355  	105.733224 
7312.910013  	106.830024 
7314.341672  	108.250600 
7315.773330  	110.446815 
7317.204988  	110.520945 
7318.636646  	108.075579 
7320.068304  	106.697042 
7321.499963  	106.033698 
7322.931621  	106.669342 
7324.363279  	109.066014 
7325.794937  	109.312938 
7327.226595  	107.713323 
7328.658254  	107.265341 
7330.089912  	107.429178 
7331.521570  	107.079743 
7332.953228  	106.823686 
7334.384886  	107.043728 
7335.816544  	105.904762 
7337.248203  	104.095274 
7338.679861  	105.326531 
7340.111519  	108.377039 
7341.543177  	108.224796 
7342.974835  	105.717504 
7344.406494  	104.519023 
7345.838152  	105.466477 
7347.269810  	106.332199 
7348.701468  	106.142418 
7350.133126  	107.768715 
7351.564785  	108.674913 
7352.996443  	105.405718 
7354.428101  	103.000554 
7355.859759  	104.392893 
7357.291417  	105.783189 
7358.723075  	104.648683 
7360.154734  	103.627229 
7361.586392  	106.484430 
7363.018050  	109.421948 
7364.449708  	106.971865 
7365.881366  	105.573068 
7367.313025  	108.242561 
7368.744683  	108.358056 
7370.176341  	105.746223 
7371.607999  	104.631986 
7373.039657  	105.187485 
7374.471315  	106.178214 
7375.902974  	105.614877 
7377.334632  	104.960161 
7378.766290  	106.560908 
7380.197948  	106.085466 
7381.629606  	104.021788 
7383.061265  	106.094526 
7384.492923  	108.747959 
7385.924581  	106.927006 
7387.356239  	105.021297 
7388.787897  	105.902041 
7390.219556  	106.267131 
7391.651214  	104.575170 
7393.082872  	104.476460 
7394.514530  	106.886898 
7395.946188  	107.481423 
7397.377846  	105.648983 
7398.809505  	104.558113 
7400.241163  	105.642676 
7401.672821  	107.837046 
7403.104479  	108.513825 
7404.536137  	107.608788 
7405.967796  	107.249923 
7407.399454  	105.875262 
7408.831112  	103.644943 
7410.262770  	103.832948 
7411.694428  	104.706363 
7413.126086  	105.766141 
7414.557745  	108.046517 
7415.989403  	106.764379 
7417.421061  	104.299916 
7418.852719  	106.923952 
7420.284377  	107.949954 
7421.716036  	104.634361 
7423.147694  	105.367734 
7424.579352  	108.444620 
7426.011010  	108.230550 
7427.442668  	106.185280 
7428.874327  	103.999384 
7430.305985  	103.614007 
7431.737643  	105.365975 
7433.169301  	106.606744 
7434.600959  	106.524843 
7436.032617  	105.960354 
7437.464276  	105.467273 
7438.895934  	105.566245 
7440.327592  	106.181798 
7441.759250  	107.084791 
7443.190908  	107.008796 
7444.622567  	106.278638 
7446.054225  	106.500296 
7447.485883  	106.014023 
7448.917541  	105.871005 
7450.349199  	108.057006 
7451.780858  	109.038207 
7453.212516  	107.892468 
7454.644174  	106.687396 
7456.075832  	104.923697 
7457.507490  	104.817146 
7458.939148  	106.319492 
7460.370807  	106.807140 
7461.802465  	107.054167 
7463.234123  	105.687257 
7464.665781  	102.320267 
7466.097439  	101.500753 
7467.529098  	104.421690 
7468.960756  	108.336009 
7470.392414  	109.213673 
7471.824072  	105.453605 
7473.255730  	103.459590 
7474.687388  	106.055768 
7476.119047  	108.143915 
7477.550705  	107.775320 
7478.982363  	106.622839 
7480.414021  	105.475578 
7481.845679  	105.663136 
7483.277338  	106.762031 
7484.708996  	106.756662 
7486.140654  	105.421176 
7487.572312  	104.188379 
7489.003970  	103.618549 
7490.435629  	103.152269 
7491.867287  	103.208314 
7493.298945  	104.440010 
7494.730603  	106.175009 
7496.162261  	107.254024 
7497.593919  	107.229062 
7499.025578  	106.520157 
7500.457236  	105.926321 
7501.888894  	106.119621 
7503.320552  	107.267707 
7504.752210  	105.912520 
7506.183869  	102.999392 
7507.615527  	104.519409 
7509.047185  	107.055568 
7510.478843  	106.318060 
7511.910501  	106.527161 
7513.342160  	107.044500 
7514.773818  	106.494343 
7516.205476  	107.861951 
7517.637134  	108.096600 
7519.068792  	106.312112 
7520.500450  	106.350249 
7521.932109  	107.691679 
7523.363767  	108.516605 
7524.795425  	106.969913 
7526.227083  	103.985227 
7527.658741  	103.981123 
7529.090400  	105.582802 
7530.522058  	105.528098 
7531.953716  	104.116800 
7533.385374  	102.166552 
7534.817032  	103.935456 
7536.248690  	108.540254 
7537.680349  	108.893549 
7539.112007  	106.718907 
7540.543665  	106.644056 
7541.975323  	108.141035 
7543.406981  	109.390485 
7544.838640  	107.831524 
7546.270298  	105.091018 
7547.701956  	104.685662 
7549.133614  	106.364797 
7550.565272  	108.614779 
7551.996931  	108.792793 
7553.428589  	107.828522 
7554.860247  	107.964447 
7556.291905  	104.253557 
7557.723563  	99.722610 
7559.155221  	102.695995 
7560.586880  	108.251386 
7562.018538  	109.397652 
7563.450196  	107.959046 
7564.881854  	106.079431 
7566.313512  	106.713297 
7567.745171  	107.393753 
7569.176829  	106.007706 
7570.608487  	107.065705 
7572.040145  	107.431617 
7573.471803  	105.367238 
7574.903461  	107.384790 
7576.335120  	108.797675 
7577.766778  	106.476124 
7579.198436  	104.579763 
7580.630094  	102.742955 
7582.061752  	103.766646 
7583.493411  	107.525396 
7584.925069  	106.475472 
7586.356727  	104.029873 
7587.788385  	105.588933 
7589.220043  	108.092634 
7590.651702  	109.946598 
7592.083360  	109.262221 
7593.515018  	106.576051 
7594.946676  	105.899227 
7596.378334  	106.686755 
7597.809992  	108.239281 
7599.241651  	109.280172 
7600.673309  	106.602938 
7602.104967  	104.620356 
7603.536625  	106.848786 
7604.968283  	108.173580 
7606.399942  	107.202588 
7607.831600  	107.543316 
7609.263258  	108.692553 
7610.694916  	108.640348 
7612.126574  	106.757015 
7613.558233  	103.771920 
7614.989891  	101.420958 
7616.421549  	101.209762 
7617.853207  	102.641906 
7619.284865  	103.055389 
7620.716523  	103.345785 
7622.148182  	105.465217 
7623.579840  	106.684235 
7625.011498  	106.355805 
7626.443156  	106.976220 
7627.874814  	108.035968 
7629.306473  	108.742595 
7630.738131  	108.148520 
7632.169789  	106.727772 
7633.601447  	108.108071 
7635.033105  	111.194925 
7636.464763  	110.664831 
7637.896422  	108.329070 
7639.328080  	106.513952 
7640.759738  	104.354745 
7642.191396  	103.221572 
7643.623054  	102.985855 
7645.054713  	104.125753 
7646.486371  	107.189599 
7647.918029  	109.951701 
7649.349687  	110.370138 
7650.781345  	108.812357 
7652.213004  	106.223439 
7653.644662  	106.201642 
7655.076320  	107.003562 
7656.507978  	104.083667 
7657.939636  	101.888205 
7659.371294  	102.200858 
7660.802953  	102.290145 
7662.234611  	104.365111 
7663.666269  	107.151157 
7665.097927  	107.270505 
7666.529585  	107.750459 
7667.961244  	107.633598 
7669.392902  	105.138742 
7670.824560  	104.214078 
7672.256218  	104.003141 
7673.687876  	104.977951 
7675.119535  	109.307472 
7676.551193  	109.880429 
7677.982851  	105.784321 
7679.414509  	105.345992 
7680.846167  	106.371235 
7682.277825  	105.072587 
7683.709484  	104.166697 
7685.141142  	104.944062 
7686.572800  	106.725557 
7688.004458  	107.339156 
7689.436116  	106.801945 
7690.867775  	108.962603 
7692.299433  	110.823922 
7693.731091  	107.434359 
7695.162749  	104.611365 
7696.594407  	106.458289 
7698.026065  	107.751368 
7699.457724  	106.490835 
7700.889382  	105.803566 
7702.321040  	106.450745 
7703.752698  	106.956099 
7705.184356  	105.751665 
7706.616015  	103.680614 
7708.047673  	104.450149 
7709.479331  	106.101835 
7710.910989  	105.550733 
7712.342647  	106.700979 
7713.774306  	108.624013 
7715.205964  	106.382147 
7716.637622  	104.630574 
7718.069280  	106.303112 
7719.500938  	106.913385 
7720.932596  	106.458458 
7722.364255  	105.659982 
7723.795913  	102.934482 
7725.227571  	102.903742 
7726.659229  	105.306343 
7728.090887  	104.602638 
7729.522546  	102.857072 
7730.954204  	103.786319 
7732.385862  	105.121293 
7733.817520  	106.030231 
7735.249178  	105.422795 
7736.680837  	104.859397 
7738.112495  	107.057230 
7739.544153  	108.660646 
7740.975811  	107.174661 
7742.407469  	104.995421 
7743.839127  	104.165742 
7745.270786  	106.441374 
7746.702444  	107.347447 
7748.134102  	103.705977 
7749.565760  	102.676562 
7750.997418  	105.125785 
7752.429077  	106.904980 
7753.860735  	109.805474 
7755.292393  	111.010961 
7756.724051  	108.270886 
7758.155709  	106.950521 
7759.587367  	106.178933 
7761.019026  	104.346306 
7762.450684  	104.423558 
7763.882342  	103.965998 
7765.314000  	103.511588 
7766.745658  	106.050672 
7768.177317  	107.238514 
7769.608975  	105.645691 
7771.040633  	105.942070 
7772.472291  	107.194872 
7773.903949  	107.091117 
7775.335608  	104.727600 
7776.767266  	102.847760 
7778.198924  	104.881038 
7779.630582  	107.208638 
7781.062240  	107.830759 
7782.493898  	109.807313 
7783.925557  	110.112166 
7785.357215  	108.998997 
7786.788873  	108.495882 
7788.220531  	105.963228 
7789.652189  	107.479152 
7791.083848  	115.050828 
7792.515506  	114.766349 
7793.947164  	109.222938 
7795.378822  	110.989904 
7796.810480  	112.054450 
7798.242138  	108.596002 
7799.673797  	106.632925 
7801.105455  	102.641564 
7802.537113  	99.525283 
7803.968771  	103.546089 
7805.400429  	106.013155 
7806.832088  	103.795085 
7808.263746  	105.099420 
7809.695404  	105.030984 
7811.127062  	101.388444 
7812.558720  	101.613337 
7813.990379  	103.407683 
7815.422037  	103.601049 
7816.853695  	107.302365 
7818.285353  	111.648047 
7819.717011  	107.330193 
7821.148669  	101.422280 
7822.580328  	103.609750 
7824.011986  	108.075089 
7825.443644  	106.687951 
7826.875302  	106.211709 
7828.306960  	109.687154 
7829.738619  	111.951147 
7831.170277  	111.534381 
7832.601935  	109.941558 
7834.033593  	108.981856 
7835.465251  	109.561492 
7836.896910  	110.505000 
7838.328568  	110.750183 
7839.760226  	106.443196 
7841.191884  	99.747011 
7842.623542  	99.583818 
7844.055200  	104.312982 
7845.486859  	105.335394 
7846.918517  	107.747870 
7848.350175  	111.766167 
7849.781833  	110.487490 
7851.213491  	110.909807 
7852.645150  	113.430681 
7854.076808  	110.566007 
7855.508466  	107.953461 
7856.940124  	107.577562 
7858.371782  	103.433724 
7859.803440  	100.553876 
7861.235099  	103.518530 
7862.666757  	107.075482 
7864.098415  	107.016005 
7865.530073  	104.264994 
7866.961731  	103.098565 
7868.393390  	105.431064 
7869.825048  	108.206842 
7871.256706  	107.965449 
7872.688364  	107.929785 
7874.120022  	111.181335 
7875.551681  	111.749027 
7876.983339  	107.059789 
7878.414997  	103.241787 
7879.846655  	103.211472 
7881.278313  	104.795746 
7882.709971  	107.131904 
7884.141630  	108.377832 
7885.573288  	106.147119 
7887.004946  	104.228558 
7888.436604  	107.086492 
7889.868262  	111.008772 
7891.299921  	111.141776 
7892.731579  	109.246562 
7894.163237  	105.703842 
7895.594895  	100.690532 
7897.026553  	98.877049 
7898.458212  	100.416187 
7899.889870  	103.754726 