##TITLE=No Description
##DATA TYPE=INFRARED SPECTRUM
##XUNITS=1/CM
##YUNITS=Abs
349.324597  	0.514693 
350.756256  	0.630683 
352.187914  	-0.279147 
353.619572  	-0.176425 
355.051230  	0.056290 
356.482888  	0.015244 
357.914546  	-0.053018 
359.346205  	-0.061177 
360.777863  	-0.018879 
362.209521  	0.053143 
363.641179  	0.025018 
365.072837  	-0.044399 
366.504496  	-0.101775 
367.936154  	-0.153779 
369.367812  	-0.196559 
370.799470  	-0.182631 
372.231128  	-0.173020 
373.662787  	-0.123299 
375.094445  	0.046202 
376.526103  	0.043434 
377.957761  	-0.029719 
379.389419  	-0.031910 
380.821077  	-0.006672 
382.252736  	0.007667 
383.684394  	0.001954 
385.116052  	-0.005196 
386.547710  	-0.023854 
387.979368  	-0.040349 
389.411027  	-0.039938 
390.842685  	-0.049441 
392.274343  	-0.077095 
393.706001  	-0.093984 
395.137659  	-0.085205 
396.569317  	-0.053604 
398.000976  	-0.018330 
399.432634  	-0.037345 
400.864292  	-0.052236 
402.295950  	-0.041309 
403.727608  	-0.038914 
405.159267  	-0.039648 
406.590925  	-0.019604 
408.022583  	-0.001317 
409.454241  	0.007481 
410.885899  	0.013975 
412.317558  	0.003278 
413.749216  	-0.023399 
415.180874  	-0.034725 
416.612532  	-0.033793 
418.044190  	-0.048539 
419.475848  	-0.064567 
420.907507  	-0.043433 
422.339165  	-0.017489 
423.770823  	-0.005619 
425.202481  	-0.015174 
426.634139  	-0.023177 
428.065798  	-0.025970 
429.497456  	-0.029974 
430.929114  	-0.021042 
432.360772  	-0.008426 
433.792430  	-0.016720 
435.224089  	-0.025881 
436.655747  	-0.018559 
438.087405  	-0.011773 
439.519063  	-0.010125 
440.950721  	-0.008388 
442.382379  	-0.011862 
443.814038  	-0.019824 
445.245696  	-0.027697 
446.677354  	-0.028543 
448.109012  	-0.021246 
449.540670  	-0.017246 
450.972329  	-0.018397 
452.403987  	-0.021502 
453.835645  	-0.025637 
455.267303  	-0.024000 
456.698961  	-0.014725 
458.130619  	-0.007587 
459.562278  	-0.011207 
460.993936  	-0.017432 
462.425594  	-0.021909 
463.857252  	-0.024723 
465.288910  	-0.022105 
466.720569  	-0.013977 
468.152227  	-0.011832 
469.583885  	-0.016326 
471.015543  	-0.017624 
472.447201  	-0.020661 
473.878860  	-0.025268 
475.310518  	-0.024556 
476.742176  	-0.025787 
478.173834  	-0.026702 
479.605492  	-0.021539 
481.037150  	-0.020251 
482.468809  	-0.024683 
483.900467  	-0.026674 
485.332125  	-0.026117 
486.763783  	-0.023654 
488.195441  	-0.020422 
489.627100  	-0.019687 
491.058758  	-0.020459 
492.490416  	-0.020411 
493.922074  	-0.018128 
495.353732  	-0.015806 
496.785391  	-0.018229 
498.217049  	-0.021757 
499.648707  	-0.020661 
501.080365  	-0.019668 
502.512023  	-0.022126 
503.943681  	-0.024050 
505.375340  	-0.023676 
506.806998  	-0.021208 
508.238656  	-0.018015 
509.670314  	-0.016593 
511.101972  	-0.018279 
512.533631  	-0.021656 
513.965289  	-0.023039 
515.396947  	-0.023627 
516.828605  	-0.026112 
518.260263  	-0.026975 
519.691921  	-0.025280 
521.123580  	-0.025206 
522.555238  	-0.026405 
523.986896  	-0.026716 
525.418554  	-0.025058 
526.850212  	-0.021776 
528.281871  	-0.019814 
529.713529  	-0.019452 
531.145187  	-0.019224 
532.576845  	-0.020113 
534.008503  	-0.022564 
535.440162  	-0.023895 
536.871820  	-0.022613 
538.303478  	-0.021365 
539.735136  	-0.022294 
541.166794  	-0.023351 
542.598452  	-0.022658 
544.030111  	-0.021940 
545.461769  	-0.022281 
546.893427  	-0.022244 
548.325085  	-0.021325 
549.756743  	-0.021283 
551.188402  	-0.023215 
552.620060  	-0.024634 
554.051718  	-0.023127 
555.483376  	-0.021379 
556.915034  	-0.022925 
558.346692  	-0.025077 
559.778351  	-0.024169 
561.210009  	-0.022649 
562.641667  	-0.023455 
564.073325  	-0.024407 
565.504983  	-0.023644 
566.936642  	-0.022743 
568.368300  	-0.022830 
569.799958  	-0.023137 
571.231616  	-0.022983 
572.663274  	-0.023657 
574.094933  	-0.025490 
575.526591  	-0.025519 
576.958249  	-0.023603 
578.389907  	-0.023134 
579.821565  	-0.022983 
581.253223  	-0.022037 
582.684882  	-0.022779 
584.116540  	-0.024646 
585.548198  	-0.025759 
586.979856  	-0.026297 
588.411514  	-0.025675 
589.843173  	-0.024015 
591.274831  	-0.023470 
592.706489  	-0.024221 
594.138147  	-0.024082 
595.569805  	-0.022794 
597.001464  	-0.022443 
598.433122  	-0.023406 
599.864780  	-0.023809 
601.296438  	-0.023782 
602.728096  	-0.024299 
604.159754  	-0.024576 
605.591413  	-0.024365 
607.023071  	-0.024113 
608.454729  	-0.024150 
609.886387  	-0.024960 
611.318045  	-0.025541 
612.749704  	-0.024924 
614.181362  	-0.024503 
615.613020  	-0.024790 
617.044678  	-0.024597 
618.476336  	-0.024173 
619.907994  	-0.024012 
621.339653  	-0.023514 
622.771311  	-0.023179 
624.202969  	-0.023519 
625.634627  	-0.023677 
627.066285  	-0.024043 
628.497944  	-0.024963 
629.929602  	-0.024759 
631.361260  	-0.024410 
632.792918  	-0.025637 
634.224576  	-0.025756 
635.656235  	-0.024230 
637.087893  	-0.024241 
638.519551  	-0.024999 
639.951209  	-0.024448 
641.382867  	-0.023480 
642.814525  	-0.023207 
644.246184  	-0.024054 
645.677842  	-0.025178 
647.109500  	-0.025291 
648.541158  	-0.024960 
649.972816  	-0.024708 
651.404475  	-0.024418 
652.836133  	-0.024105 
654.267791  	-0.023522 
655.699449  	-0.023674 
657.131107  	-0.024800 
658.562766  	-0.025036 
659.994424  	-0.024607 
661.426082  	-0.024535 
662.857740  	-0.024432 
664.289398  	-0.024551 
665.721056  	-0.024530 
667.152715  	-0.024221 
668.584373  	-0.025180 
670.016031  	-0.024887 
671.447689  	-0.023351 
672.879347  	-0.022607 
674.311006  	-0.022535 
675.742664  	-0.022302 
677.174322  	-0.022618 
678.605980  	-0.022936 
680.037638  	-0.022373 
681.469296  	-0.021160 
682.900955  	-0.020034 
684.332613  	-0.020157 
685.764271  	-0.021188 
687.195929  	-0.021560 
688.627587  	-0.021106 
690.059246  	-0.020254 
691.490904  	-0.019492 
692.922562  	-0.019024 
694.354220  	-0.018457 
695.785878  	-0.017909 
697.217537  	-0.017189 
698.649195  	-0.015688 
700.080853  	-0.013743 
701.512511  	-0.011750 
702.944169  	-0.009864 
704.375827  	-0.007738 
705.807486  	-0.004406 
707.239144  	0.000102 
708.670802  	0.006529 
710.102460  	0.016367 
711.534118  	0.030050 
712.965777  	0.050969 
714.397435  	0.080178 
715.829093  	0.106112 
717.260751  	0.119222 
718.692409  	0.120246 
720.124067  	0.103763 
721.555726  	0.074840 
722.987384  	0.051398 
724.419042  	0.038635 
725.850700  	0.032116 
727.282358  	0.031357 
728.714017  	0.038694 
730.145675  	0.045153 
731.577333  	0.034923 
733.008991  	0.013481 
734.440649  	-0.001820 
735.872308  	-0.008631 
737.303966  	-0.012278 
738.735624  	-0.014352 
740.167282  	-0.016042 
741.598940  	-0.017359 
743.030598  	-0.017389 
744.462257  	-0.017490 
745.893915  	-0.018321 
747.325573  	-0.019173 
748.757231  	-0.019708 
750.188889  	-0.019806 
751.620548  	-0.020183 
753.052206  	-0.021014 
754.483864  	-0.021406 
755.915522  	-0.021302 
757.347180  	-0.021126 
758.778839  	-0.021466 
760.210497  	-0.022275 
761.642155  	-0.022225 
763.073813  	-0.021576 
764.505471  	-0.021622 
765.937129  	-0.021866 
767.368788  	-0.021791 
768.800446  	-0.021649 
770.232104  	-0.021444 
771.663762  	-0.021394 
773.095420  	-0.021535 
774.527079  	-0.021798 
775.958737  	-0.022335 
777.390395  	-0.022649 
778.822053  	-0.022470 
780.253711  	-0.022487 
781.685369  	-0.022761 
783.117028  	-0.022770 
784.548686  	-0.022810 
785.980344  	-0.023051 
787.412002  	-0.022902 
788.843660  	-0.022706 
790.275319  	-0.023073 
791.706977  	-0.023499 
793.138635  	-0.023797 
794.570293  	-0.023794 
796.001951  	-0.023318 
797.433610  	-0.023555 
798.865268  	-0.024185 
800.296926  	-0.023836 
801.728584  	-0.023798 
803.160242  	-0.024445 
804.591900  	-0.024276 
806.023559  	-0.023891 
807.455217  	-0.023981 
808.886875  	-0.024121 
810.318533  	-0.024400 
811.750191  	-0.024607 
813.181850  	-0.024664 
814.613508  	-0.024599 
816.045166  	-0.024435 
817.476824  	-0.024948 
818.908482  	-0.025301 
820.340141  	-0.024315 
821.771799  	-0.023617 
823.203457  	-0.023993 
824.635115  	-0.024298 
826.066773  	-0.024347 
827.498431  	-0.024353 
828.930090  	-0.024453 
830.361748  	-0.024601 
831.793406  	-0.024491 
833.225064  	-0.024516 
834.656722  	-0.024694 
836.088381  	-0.024596 
837.520039  	-0.024537 
838.951697  	-0.024624 
840.383355  	-0.024744 
841.815013  	-0.024829 
843.246671  	-0.024705 
844.678330  	-0.024772 
846.109988  	-0.025032 
847.541646  	-0.025072 
848.973304  	-0.025098 
850.404962  	-0.024881 
851.836621  	-0.024380 
853.268279  	-0.024320 
854.699937  	-0.024507 
856.131595  	-0.024532 
857.563253  	-0.024694 
858.994912  	-0.024957 
860.426570  	-0.024913 
861.858228  	-0.024590 
863.289886  	-0.024649 
864.721544  	-0.025066 
866.153202  	-0.024914 
867.584861  	-0.024356 
869.016519  	-0.024213 
870.448177  	-0.024423 
871.879835  	-0.024461 
873.311493  	-0.024227 
874.743152  	-0.024425 
876.174810  	-0.024897 
877.606468  	-0.024655 
879.038126  	-0.024496 
880.469784  	-0.024791 
881.901443  	-0.024396 
883.333101  	-0.024004 
884.764759  	-0.024210 
886.196417  	-0.023998 
887.628075  	-0.023528 
889.059733  	-0.023424 
890.491392  	-0.023715 
891.923050  	-0.024121 
893.354708  	-0.024075 
894.786366  	-0.024075 
896.218024  	-0.024489 
897.649683  	-0.024538 
899.081341  	-0.024452 
900.512999  	-0.024688 
901.944657  	-0.024830 
903.376315  	-0.024803 
904.807973  	-0.024664 
906.239632  	-0.024530 
907.671290  	-0.024455 
909.102948  	-0.024256 
910.534606  	-0.024249 
911.966264  	-0.024544 
913.397923  	-0.024879 
914.829581  	-0.025091 
916.261239  	-0.024740 
917.692897  	-0.024306 
919.124555  	-0.024543 
920.556214  	-0.024674 
921.987872  	-0.024330 
923.419530  	-0.024131 
924.851188  	-0.024234 
926.282846  	-0.024547 
927.714504  	-0.024675 
929.146163  	-0.024532 
930.577821  	-0.024585 
932.009479  	-0.024684 
933.441137  	-0.024790 
934.872795  	-0.024991 
936.304454  	-0.024853 
937.736112  	-0.024669 
939.167770  	-0.024712 
940.599428  	-0.024606 
942.031086  	-0.024657 
943.462744  	-0.024871 
944.894403  	-0.024700 
946.326061  	-0.024501 
947.757719  	-0.024585 
949.189377  	-0.024470 
950.621035  	-0.024116 
952.052694  	-0.024119 
953.484352  	-0.024514 
954.916010  	-0.024729 
956.347668  	-0.024808 
957.779326  	-0.024911 
959.210985  	-0.024745 
960.642643  	-0.024663 
962.074301  	-0.024840 
963.505959  	-0.024662 
964.937617  	-0.024429 
966.369275  	-0.024670 
967.800934  	-0.024930 
969.232592  	-0.025024 
970.664250  	-0.025113 
972.095908  	-0.025037 
973.527566  	-0.024912 
974.959225  	-0.025002 
976.390883  	-0.025116 
977.822541  	-0.025156 
979.254199  	-0.025239 
980.685857  	-0.025161 
982.117516  	-0.024954 
983.549174  	-0.024909 
984.980832  	-0.024865 
986.412490  	-0.024978 
987.844148  	-0.025370 
989.275806  	-0.025408 
990.707465  	-0.025209 
992.139123  	-0.025148 
993.570781  	-0.024898 
995.002439  	-0.024908 
996.434097  	-0.025409 
997.865756  	-0.025553 
999.297414  	-0.025301 
1000.729072  	-0.025182 
1002.160730  	-0.025311 
1003.592388  	-0.025443 
1005.024046  	-0.025303 
1006.455705  	-0.025247 
1007.887363  	-0.025289 
1009.319021  	-0.025119 
1010.750679  	-0.025202 
1012.182337  	-0.025319 
1013.613996  	-0.025089 
1015.045654  	-0.025118 
1016.477312  	-0.025206 
1017.908970  	-0.025091 
1019.340628  	-0.025200 
1020.772287  	-0.025341 
1022.203945  	-0.025478 
1023.635603  	-0.025568 
1025.067261  	-0.025384 
1026.498919  	-0.025409 
1027.930577  	-0.025456 
1029.362236  	-0.025176 
1030.793894  	-0.025073 
1032.225552  	-0.025068 
1033.657210  	-0.025079 
1035.088868  	-0.025195 
1036.520527  	-0.025081 
1037.952185  	-0.025020 
1039.383843  	-0.025067 
1040.815501  	-0.025007 
1042.247159  	-0.025127 
1043.678818  	-0.025045 
1045.110476  	-0.024682 
1046.542134  	-0.024543 
1047.973792  	-0.024493 
1049.405450  	-0.024656 
1050.837108  	-0.024761 
1052.268767  	-0.024502 
1053.700425  	-0.024695 
1055.132083  	-0.024874 
1056.563741  	-0.024446 
1057.995399  	-0.024483 
1059.427058  	-0.024798 
1060.858716  	-0.024571 
1062.290374  	-0.024031 
1063.722032  	-0.023709 
1065.153690  	-0.024187 
1066.585348  	-0.024607 
1068.017007  	-0.024200 
1069.448665  	-0.024210 
1070.880323  	-0.024475 
1072.311981  	-0.024070 
1073.743639  	-0.023853 
1075.175298  	-0.023979 
1076.606956  	-0.023904 
1078.038614  	-0.023840 
1079.470272  	-0.023875 
1080.901930  	-0.023996 
1082.333589  	-0.024044 
1083.765247  	-0.023863 
1085.196905  	-0.023671 
1086.628563  	-0.023632 
1088.060221  	-0.024025 
1089.491879  	-0.024612 
1090.923538  	-0.024710 
1092.355196  	-0.024667 
1093.786854  	-0.024814 
1095.218512  	-0.024869 
1096.650170  	-0.024904 
1098.081829  	-0.024930 
1099.513487  	-0.024936 
1100.945145  	-0.025020 
1102.376803  	-0.025083 
1103.808461  	-0.025102 
1105.240120  	-0.025011 
1106.671778  	-0.024916 
1108.103436  	-0.024941 
1109.535094  	-0.024929 
1110.966752  	-0.025012 
1112.398410  	-0.025000 
1113.830069  	-0.024730 
1115.261727  	-0.024784 
1116.693385  	-0.024913 
1118.125043  	-0.024779 
1119.556701  	-0.024893 
1120.988360  	-0.025021 
1122.420018  	-0.025007 
1123.851676  	-0.025031 
1125.283334  	-0.024800 
1126.714992  	-0.024690 
1128.146650  	-0.024901 
1129.578309  	-0.025012 
1131.009967  	-0.025085 
1132.441625  	-0.024990 
1133.873283  	-0.024889 
1135.304941  	-0.025105 
1136.736600  	-0.025061 
1138.168258  	-0.024822 
1139.599916  	-0.024785 
1141.031574  	-0.024670 
1142.463232  	-0.024614 
1143.894891  	-0.024681 
1145.326549  	-0.024784 
1146.758207  	-0.024928 
1148.189865  	-0.024701 
1149.621523  	-0.024523 
1151.053181  	-0.024818 
1152.484840  	-0.024844 
1153.916498  	-0.024695 
1155.348156  	-0.024797 
1156.779814  	-0.024848 
1158.211472  	-0.024891 
1159.643131  	-0.024922 
1161.074789  	-0.024851 
1162.506447  	-0.024832 
1163.938105  	-0.024804 
1165.369763  	-0.024801 
1166.801421  	-0.024760 
1168.233080  	-0.024691 
1169.664738  	-0.024810 
1171.096396  	-0.024765 
1172.528054  	-0.024629 
1173.959712  	-0.024741 
1175.391371  	-0.024671 
1176.823029  	-0.024610 
1178.254687  	-0.024800 
1179.686345  	-0.024781 
1181.118003  	-0.024776 
1182.549662  	-0.024801 
1183.981320  	-0.024591 
1185.412978  	-0.024623 
1186.844636  	-0.024827 
1188.276294  	-0.024826 
1189.707952  	-0.024726 
1191.139611  	-0.024544 
1192.571269  	-0.024547 
1194.002927  	-0.024762 
1195.434585  	-0.024832 
1196.866243  	-0.024933 
1198.297902  	-0.025062 
1199.729560  	-0.024939 
1201.161218  	-0.024742 
1202.592876  	-0.024704 
1204.024534  	-0.024819 
1205.456193  	-0.024865 
1206.887851  	-0.024756 
1208.319509  	-0.024629 
1209.751167  	-0.024415 
1211.182825  	-0.024303 
1212.614483  	-0.024444 
1214.046142  	-0.024469 
1215.477800  	-0.024359 
1216.909458  	-0.024293 
1218.341116  	-0.024279 
1219.772774  	-0.024282 
1221.204433  	-0.024088 
1222.636091  	-0.023962 
1224.067749  	-0.024053 
1225.499407  	-0.023815 
1226.931065  	-0.023508 
1228.362723  	-0.023529 
1229.794382  	-0.023485 
1231.226040  	-0.023435 
1232.657698  	-0.023531 
1234.089356  	-0.023602 
1235.521014  	-0.023708 
1236.952673  	-0.023843 
1238.384331  	-0.024019 
1239.815989  	-0.024180 
1241.247647  	-0.024302 
1242.679305  	-0.024540 
1244.110964  	-0.024524 
1245.542622  	-0.024307 
1246.974280  	-0.024490 
1248.405938  	-0.024611 
1249.837596  	-0.024396 
1251.269254  	-0.024331 
1252.700913  	-0.024338 
1254.132571  	-0.024346 
1255.564229  	-0.024324 
1256.995887  	-0.024126 
1258.427545  	-0.024030 
1259.859204  	-0.024062 
1261.290862  	-0.024116 
1262.722520  	-0.024175 
1264.154178  	-0.024002 
1265.585836  	-0.023798 
1267.017495  	-0.023732 
1268.449153  	-0.023661 
1269.880811  	-0.023692 
1271.312469  	-0.023638 
1272.744127  	-0.023507 
1274.175785  	-0.023567 
1275.607444  	-0.023519 
1277.039102  	-0.023438 
1278.470760  	-0.023494 
1279.902418  	-0.023350 
1281.334076  	-0.023172 
1282.765735  	-0.023136 
1284.197393  	-0.023139 
1285.629051  	-0.023167 
1287.060709  	-0.022975 
1288.492367  	-0.022795 
1289.924025  	-0.022874 
1291.355684  	-0.022721 
1292.787342  	-0.022368 
1294.219000  	-0.022115 
1295.650658  	-0.021860 
1297.082316  	-0.021582 
1298.513975  	-0.021304 
1299.945633  	-0.021200 
1301.377291  	-0.021208 
1302.808949  	-0.021074 
1304.240607  	-0.021122 
1305.672266  	-0.021301 
1307.103924  	-0.021324 
1308.535582  	-0.021500 
1309.967240  	-0.021671 
1311.398898  	-0.021761 
1312.830556  	-0.022057 
1314.262215  	-0.022245 
1315.693873  	-0.022419 
1317.125531  	-0.022804 
1318.557189  	-0.023096 
1319.988847  	-0.023378 
1321.420506  	-0.023657 
1322.852164  	-0.023897 
1324.283822  	-0.024110 
1325.715480  	-0.024009 
1327.147138  	-0.023958 
1328.578796  	-0.024119 
1330.010455  	-0.024117 
1331.442113  	-0.024141 
1332.873771  	-0.024052 
1334.305429  	-0.023787 
1335.737087  	-0.023605 
1337.168746  	-0.023085 
1338.600404  	-0.022455 
1340.032062  	-0.022176 
1341.463720  	-0.021803 
1342.895378  	-0.021444 
1344.327037  	-0.021139 
1345.758695  	-0.020730 
1347.190353  	-0.020344 
1348.622011  	-0.019744 
1350.053669  	-0.019210 
1351.485327  	-0.019098 
1352.916986  	-0.019027 
1354.348644  	-0.019097 
1355.780302  	-0.019200 
1357.211960  	-0.019065 
1358.643618  	-0.018983 
1360.075277  	-0.018552 
1361.506935  	-0.017558 
1362.938593  	-0.016215 
1364.370251  	-0.014584 
1365.801909  	-0.013416 
1367.233568  	-0.012971 
1368.665226  	-0.013390 
1370.096884  	-0.014677 
1371.528542  	-0.015730 
1372.960200  	-0.016121 
1374.391858  	-0.016113 
1375.823517  	-0.015120 
1377.255175  	-0.013956 
1378.686833  	-0.014120 
1380.118491  	-0.016024 
1381.550149  	-0.018705 
1382.981808  	-0.021016 
1384.413466  	-0.021957 
1385.845124  	-0.022327 
1387.276782  	-0.022533 
1388.708440  	-0.022760 
1390.140098  	-0.023357 
1391.571757  	-0.023720 
1393.003415  	-0.024076 
1394.435073  	-0.024650 
1395.866731  	-0.024977 
1397.298389  	-0.025255 
1398.730048  	-0.025139 
1400.161706  	-0.025173 
1401.593364  	-0.025749 
1403.025022  	-0.025608 
1404.456680  	-0.025419 
1405.888339  	-0.025708 
1407.319997  	-0.025509 
1408.751655  	-0.025487 
1410.183313  	-0.025292 
1411.614971  	-0.024819 
1413.046629  	-0.024985 
1414.478288  	-0.024755 
1415.909946  	-0.024410 
1417.341604  	-0.024487 
1418.773262  	-0.023858 
1420.204920  	-0.023586 
1421.636579  	-0.023307 
1423.068237  	-0.022438 
1424.499895  	-0.021802 
1425.931553  	-0.020584 
1427.363211  	-0.019371 
1428.794870  	-0.018219 
1430.226528  	-0.015868 
1431.658186  	-0.014025 
1433.089844  	-0.012372 
1434.521502  	-0.010100 
1435.953160  	-0.008682 
1437.384819  	-0.007079 
1438.816477  	-0.005361 
1440.248135  	-0.004526 
1441.679793  	-0.002966 
1443.111451  	-0.001581 
1444.543110  	-0.000563 
1445.974768  	0.001326 
1447.406426  	0.002650 
1448.838084  	0.004956 
1450.269742  	0.008470 
1451.701400  	0.012218 
1453.133059  	0.019262 
1454.564717  	0.025962 
1455.996375  	0.031401 
1457.428033  	0.039506 
1458.859691  	0.046093 
1460.291350  	0.061464 
1461.723008  	0.083106 
1463.154666  	0.095758 
1464.586324  	0.092364 
1466.017982  	0.085011 
1467.449641  	0.087154 
1468.881299  	0.089777 
1470.312957  	0.097040 
1471.744615  	0.116745 
1473.176273  	0.107947 
1474.607931  	0.061859 
1476.039590  	0.023921 
1477.471248  	-0.001059 
1478.902906  	-0.008524 
1480.334564  	-0.013113 
1481.766222  	-0.016730 
1483.197881  	-0.017577 
1484.629539  	-0.019561 
1486.061197  	-0.020252 
1487.492855  	-0.020597 
1488.924513  	-0.022239 
1490.356172  	-0.022241 
1491.787830  	-0.023303 
1493.219488  	-0.024039 
1494.651146  	-0.023683 
1496.082804  	-0.024457 
1497.514462  	-0.024710 
1498.946121  	-0.024880 
1500.377779  	-0.025850 
1501.809437  	-0.025543 
1503.241095  	-0.025644 
1504.672753  	-0.026039 
1506.104412  	-0.025120 
1507.536070  	-0.025974 
1508.967728  	-0.026523 
1510.399386  	-0.026318 
1511.831044  	-0.026741 
1513.262702  	-0.026571 
1514.694361  	-0.026659 
1516.126019  	-0.026938 
1517.557677  	-0.026499 
1518.989335  	-0.026849 
1520.420993  	-0.026807 
1521.852652  	-0.026425 
1523.284310  	-0.027240 
1524.715968  	-0.027096 
1526.147626  	-0.027230 
1527.579284  	-0.027931 
1529.010943  	-0.027797 
1530.442601  	-0.027823 
1531.874259  	-0.027668 
1533.305917  	-0.027369 
1534.737575  	-0.028065 
1536.169233  	-0.027929 
1537.600892  	-0.027627 
1539.032550  	-0.027762 
1540.464208  	-0.027242 
1541.895866  	-0.027970 
1543.327524  	-0.028533 
1544.759183  	-0.028284 
1546.190841  	-0.028619 
1547.622499  	-0.028457 
1549.054157  	-0.028026 
1550.485815  	-0.028360 
1551.917473  	-0.028572 
1553.349132  	-0.028689 
1554.780790  	-0.028817 
1556.212448  	-0.028534 
1557.644106  	-0.028428 
1559.075764  	-0.027882 
1560.507423  	-0.028507 
1561.939081  	-0.029086 
1563.370739  	-0.028767 
1564.802397  	-0.028720 
1566.234055  	-0.029148 
1567.665714  	-0.029035 
1569.097372  	-0.028987 
1570.529030  	-0.029022 
1571.960688  	-0.028979 
1573.392346  	-0.029117 
1574.824004  	-0.028861 
1576.255663  	-0.028717 
1577.687321  	-0.029182 
1579.118979  	-0.029087 
1580.550637  	-0.029149 
1581.982295  	-0.029311 
1583.413954  	-0.029196 
1584.845612  	-0.029253 
1586.277270  	-0.029239 
1587.708928  	-0.029202 
1589.140586  	-0.029270 
1590.572245  	-0.029141 
1592.003903  	-0.029245 
1593.435561  	-0.029353 
1594.867219  	-0.029152 
1596.298877  	-0.029243 
1597.730535  	-0.029347 
1599.162194  	-0.029303 
1600.593852  	-0.029319 
1602.025510  	-0.029231 
1603.457168  	-0.029350 
1604.888826  	-0.029417 
1606.320485  	-0.029243 
1607.752143  	-0.029381 
1609.183801  	-0.029383 
1610.615459  	-0.029293 
1612.047117  	-0.029595 
1613.478775  	-0.029534 
1614.910434  	-0.029179 
1616.342092  	-0.028950 
1617.773750  	-0.028997 
1619.205408  	-0.029475 
1620.637066  	-0.029647 
1622.068725  	-0.029348 
1623.500383  	-0.029239 
1624.932041  	-0.029329 
1626.363699  	-0.029342 
1627.795357  	-0.029442 
1629.227016  	-0.029577 
1630.658674  	-0.029728 
1632.090332  	-0.029640 
1633.521990  	-0.029408 
1634.953648  	-0.029427 
1636.385306  	-0.029490 
1637.816965  	-0.029620 
1639.248623  	-0.029723 
1640.680281  	-0.029688 
1642.111939  	-0.029871 
1643.543597  	-0.029920 
1644.975256  	-0.029606 
1646.406914  	-0.029494 
1647.838572  	-0.029700 
1649.270230  	-0.029987 
1650.701888  	-0.030052 
1652.133547  	-0.029557 
1653.565205  	-0.029575 
1654.996863  	-0.030135 
1656.428521  	-0.029827 
1657.860179  	-0.029912 
1659.291837  	-0.030243 
1660.723496  	-0.030269 
1662.155154  	-0.030104 
1663.586812  	-0.029980 
1665.018470  	-0.030244 
1666.450128  	-0.030411 
1667.881787  	-0.030231 
1669.313445  	-0.030287 
1670.745103  	-0.030574 
1672.176761  	-0.030660 
1673.608419  	-0.030715 
1675.040077  	-0.030523 
1676.471736  	-0.030326 
1677.903394  	-0.030241 
1679.335052  	-0.030045 
1680.766710  	-0.030209 
1682.198368  	-0.030223 
1683.630027  	-0.029789 
1685.061685  	-0.030313 
1686.493343  	-0.030565 
1687.925001  	-0.030512 
1689.356659  	-0.030621 
1690.788318  	-0.030499 
1692.219976  	-0.030481 
1693.651634  	-0.030438 
1695.083292  	-0.030014 
1696.514950  	-0.030207 
1697.946608  	-0.030493 
1699.378267  	-0.030012 
1700.809925  	-0.029575 
1702.241583  	-0.029983 
1703.673241  	-0.030065 
1705.104899  	-0.029805 
1706.536558  	-0.029473 
1707.968216  	-0.029549 
1709.399874  	-0.029539 
1710.831532  	-0.029477 
1712.263190  	-0.029596 
1713.694849  	-0.029508 
1715.126507  	-0.029247 
1716.558165  	-0.029031 
1717.989823  	-0.028713 
1719.421481  	-0.028671 
1720.853139  	-0.028511 
1722.284798  	-0.028357 
1723.716456  	-0.028586 
1725.148114  	-0.028678 
1726.579772  	-0.028694 
1728.011430  	-0.028908 
1729.443089  	-0.028919 
1730.874747  	-0.028868 
1732.306405  	-0.028721 
1733.738063  	-0.028303 
1735.169721  	-0.028855 
1736.601379  	-0.029309 
1738.033038  	-0.029222 
1739.464696  	-0.029102 
1740.896354  	-0.028938 
1742.328012  	-0.028864 
1743.759670  	-0.028854 
1745.191329  	-0.028867 
1746.622987  	-0.029110 
1748.054645  	-0.029314 
1749.486303  	-0.029266 
1750.917961  	-0.029348 
1752.349620  	-0.029507 
1753.781278  	-0.029625 
1755.212936  	-0.029637 
1756.644594  	-0.029540 
1758.076252  	-0.029649 
1759.507910  	-0.029726 
1760.939569  	-0.029773 
1762.371227  	-0.030068 
1763.802885  	-0.030208 
1765.234543  	-0.030157 
1766.666201  	-0.030015 
1768.097860  	-0.029873 
1769.529518  	-0.029947 
1770.961176  	-0.029754 
1772.392834  	-0.029638 
1773.824492  	-0.030059 
1775.256150  	-0.029979 
1776.687809  	-0.029987 
1778.119467  	-0.030186 
1779.551125  	-0.029950 
1780.982783  	-0.029994 
1782.414441  	-0.030236 
1783.846100  	-0.030076 
1785.277758  	-0.030215 
1786.709416  	-0.030357 
1788.141074  	-0.030205 
1789.572732  	-0.030212 
1791.004391  	-0.029915 
1792.436049  	-0.029508 
1793.867707  	-0.029847 
1795.299365  	-0.030059 
1796.731023  	-0.029990 
1798.162681  	-0.029852 
1799.594340  	-0.029697 
1801.025998  	-0.029720 
1802.457656  	-0.029877 
1803.889314  	-0.030025 
1805.320972  	-0.029955 
1806.752631  	-0.029838 
1808.184289  	-0.030086 
1809.615947  	-0.030065 
1811.047605  	-0.029794 
1812.479263  	-0.030062 
1813.910922  	-0.030093 
1815.342580  	-0.029889 
1816.774238  	-0.030081 
1818.205896  	-0.030001 
1819.637554  	-0.029640 
1821.069212  	-0.029645 
1822.500871  	-0.029928 
1823.932529  	-0.030303 
1825.364187  	-0.030360 
1826.795845  	-0.030112 
1828.227503  	-0.029986 
1829.659162  	-0.029616 
1831.090820  	-0.029332 
1832.522478  	-0.029519 
1833.954136  	-0.029852 
1835.385794  	-0.030308 
1836.817452  	-0.030380 
1838.249111  	-0.030146 
1839.680769  	-0.030022 
1841.112427  	-0.029753 
1842.544085  	-0.029628 
1843.975743  	-0.029719 
1845.407402  	-0.029442 
1846.839060  	-0.029381 
1848.270718  	-0.029538 
1849.702376  	-0.029597 
1851.134034  	-0.029743 
1852.565693  	-0.029865 
1853.997351  	-0.030000 
1855.429009  	-0.030081 
1856.860667  	-0.029928 
1858.292325  	-0.029872 
1859.723983  	-0.029848 
1861.155642  	-0.030010 
1862.587300  	-0.030571 
1864.018958  	-0.030778 
1865.450616  	-0.030715 
1866.882274  	-0.030568 
1868.313933  	-0.029896 
1869.745591  	-0.029550 
1871.177249  	-0.029638 
1872.608907  	-0.029513 
1874.040565  	-0.029728 
1875.472224  	-0.029995 
1876.903882  	-0.029865 
1878.335540  	-0.029633 
1879.767198  	-0.029568 
1881.198856  	-0.029941 
1882.630514  	-0.029739 
1884.062173  	-0.028834 
1885.493831  	-0.029104 
1886.925489  	-0.029785 
1888.357147  	-0.029466 
1889.788805  	-0.029229 
1891.220464  	-0.029113 
1892.652122  	-0.028828 
1894.083780  	-0.029209 
1895.515438  	-0.029845 
1896.947096  	-0.029832 
1898.378754  	-0.029213 
1899.810413  	-0.028521 
1901.242071  	-0.028503 
1902.673729  	-0.029200 
1904.105387  	-0.029911 
1905.537045  	-0.030064 
1906.968704  	-0.029925 
1908.400362  	-0.030113 
1909.832020  	-0.030068 
1911.263678  	-0.029787 
1912.695336  	-0.029704 
1914.126995  	-0.029346 
1915.558653  	-0.029557 
1916.990311  	-0.030473 
1918.421969  	-0.030384 
1919.853627  	-0.029881 
1921.285285  	-0.029918 
1922.716944  	-0.030095 
1924.148602  	-0.030710 
1925.580260  	-0.030684 
1927.011918  	-0.029644 
1928.443576  	-0.029081 
1929.875235  	-0.029036 
1931.306893  	-0.028760 
1932.738551  	-0.028793 
1934.170209  	-0.029369 
1935.601867  	-0.029540 
1937.033525  	-0.029211 
1938.465184  	-0.029776 
1939.896842  	-0.030156 
1941.328500  	-0.029115 
1942.760158  	-0.029491 
1944.191816  	-0.030758 
1945.623475  	-0.029745 
1947.055133  	-0.028312 
1948.486791  	-0.027810 
1949.918449  	-0.028404 
1951.350107  	-0.030064 
1952.781766  	-0.030424 
1954.213424  	-0.030021 
1955.645082  	-0.030448 
1957.076740  	-0.030329 
1958.508398  	-0.030001 
1959.940056  	-0.029436 
1961.371715  	-0.028961 
1962.803373  	-0.029991 
1964.235031  	-0.029669 
1965.666689  	-0.028039 
1967.098347  	-0.028710 
1968.530006  	-0.030225 
1969.961664  	-0.030871 
1971.393322  	-0.030618 
1972.824980  	-0.029067 
1974.256638  	-0.028221 
1975.688297  	-0.027678 
1977.119955  	-0.026305 
1978.551613  	-0.025450 
1979.983271  	-0.026062 
1981.414929  	-0.028398 
1982.846587  	-0.029846 
1984.278246  	-0.028872 
1985.709904  	-0.029357 
1987.141562  	-0.030344 
1988.573220  	-0.028947 
1990.004878  	-0.028140 
1991.436537  	-0.028823 
1992.868195  	-0.029487 
1994.299853  	-0.030189 
1995.731511  	-0.030855 
1997.163169  	-0.032044 
1998.594827  	-0.032453 
2000.026486  	-0.030741 
2001.458144  	-0.029366 
2002.889802  	-0.029550 
2004.321460  	-0.030058 
2005.753118  	-0.030496 
2007.184777  	-0.031195 
2008.616435  	-0.031045 
2010.048093  	-0.028837 
2011.479751  	-0.028658 
2012.911409  	-0.030649 
2014.343068  	-0.028402 
2015.774726  	-0.025446 
2017.206384  	-0.027123 
2018.638042  	-0.028114 
2020.069700  	-0.027611 
2021.501358  	-0.029002 
2022.933017  	-0.029980 
2024.364675  	-0.029352 
2025.796333  	-0.026944 
2027.227991  	-0.025640 
2028.659649  	-0.027733 
2030.091308  	-0.027223 
2031.522966  	-0.024251 
2032.954624  	-0.026204 
2034.386282  	-0.028886 
2035.817940  	-0.026919 
2037.249599  	-0.026236 
2038.681257  	-0.028698 
2040.112915  	-0.028935 
2041.544573  	-0.027231 
2042.976231  	-0.027938 
2044.407889  	-0.029076 
2045.839548  	-0.028063 
2047.271206  	-0.027671 
2048.702864  	-0.027894 
2050.134522  	-0.027307 
2051.566180  	-0.028057 
2052.997839  	-0.030048 
2054.429497  	-0.030931 
2055.861155  	-0.030273 
2057.292813  	-0.029013 
2058.724471  	-0.028555 
2060.156129  	-0.029451 
2061.587788  	-0.030862 
2063.019446  	-0.031621 
2064.451104  	-0.031105 
2065.882762  	-0.030381 
2067.314420  	-0.030277 
2068.746079  	-0.030003 
2070.177737  	-0.029839 
2071.609395  	-0.030408 
2073.041053  	-0.030681 
2074.472711  	-0.030270 
2075.904370  	-0.030297 
2077.336028  	-0.030708 
2078.767686  	-0.030494 
2080.199344  	-0.030538 
2081.631002  	-0.031129 
2083.062660  	-0.030803 
2084.494319  	-0.030386 
2085.925977  	-0.030604 
2087.357635  	-0.030255 
2088.789293  	-0.030182 
2090.220951  	-0.031002 
2091.652610  	-0.031740 
2093.084268  	-0.032146 
2094.515926  	-0.031494 
2095.947584  	-0.030431 
2097.379242  	-0.030117 
2098.810901  	-0.029425 
2100.242559  	-0.029356 
2101.674217  	-0.030180 
2103.105875  	-0.029925 
2104.537533  	-0.030111 
2105.969191  	-0.031155 
2107.400850  	-0.031336 
2108.832508  	-0.031472 
2110.264166  	-0.031005 
2111.695824  	-0.029979 
2113.127482  	-0.030218 
2114.559141  	-0.030396 
2115.990799  	-0.030184 
2117.422457  	-0.030514 
2118.854115  	-0.030251 
2120.285773  	-0.029843 
2121.717431  	-0.029820 
2123.149090  	-0.030043 
2124.580748  	-0.031096 
2126.012406  	-0.031240 
2127.444064  	-0.030181 
2128.875722  	-0.030142 
2130.307381  	-0.030802 
2131.739039  	-0.031575 
2133.170697  	-0.031518 
2134.602355  	-0.029904 
2136.034013  	-0.029079 
2137.465672  	-0.028125 
2138.897330  	-0.026573 
2140.328988  	-0.027539 
2141.760646  	-0.028961 
2143.192304  	-0.029056 
2144.623962  	-0.029566 
2146.055621  	-0.029009 
2147.487279  	-0.027910 
2148.918937  	-0.028351 
2150.350595  	-0.029361 
2151.782253  	-0.030042 
2153.213912  	-0.029620 
2154.645570  	-0.029116 
2156.077228  	-0.028715 
2157.508886  	-0.026470 
2158.940544  	-0.025881 
2160.372202  	-0.027366 
2161.803861  	-0.027178 
2163.235519  	-0.028107 
2164.667177  	-0.029544 
2166.098835  	-0.029210 
2167.530493  	-0.029157 
2168.962152  	-0.029041 
2170.393810  	-0.028699 
2171.825468  	-0.028066 
2173.257126  	-0.026600 
2174.688784  	-0.026570 
2176.120443  	-0.027554 
2177.552101  	-0.028294 
2178.983759  	-0.029834 
2180.415417  	-0.030404 
2181.847075  	-0.030770 
2183.278733  	-0.032104 
2184.710392  	-0.031172 
2186.142050  	-0.029534 
2187.573708  	-0.029219 
2189.005366  	-0.029140 
2190.437024  	-0.030120 
2191.868683  	-0.030815 
2193.300341  	-0.030256 
2194.731999  	-0.030795 
2196.163657  	-0.031163 
2197.595315  	-0.030388 
2199.026974  	-0.030447 
2200.458632  	-0.030561 
2201.890290  	-0.029983 
2203.321948  	-0.030279 
2204.753606  	-0.031322 
2206.185264  	-0.030997 
2207.616923  	-0.029613 
2209.048581  	-0.029990 
2210.480239  	-0.031396 
2211.911897  	-0.031308 
2213.343555  	-0.030636 
2214.775214  	-0.030733 
2216.206872  	-0.031109 
2217.638530  	-0.030748 
2219.070188  	-0.030350 
2220.501846  	-0.031209 
2221.933504  	-0.031147 
2223.365163  	-0.029989 
2224.796821  	-0.030830 
2226.228479  	-0.031604 
2227.660137  	-0.030738 
2229.091795  	-0.031073 
2230.523454  	-0.031422 
2231.955112  	-0.030362 
2233.386770  	-0.030076 
2234.818428  	-0.030478 
2236.250086  	-0.030104 
2237.681745  	-0.029636 
2239.113403  	-0.030187 
2240.545061  	-0.030702 
2241.976719  	-0.030242 
2243.408377  	-0.030369 
2244.840035  	-0.030529 
2246.271694  	-0.029554 
2247.703352  	-0.029735 
2249.135010  	-0.030631 
2250.566668  	-0.030525 
2251.998326  	-0.031030 
2253.429985  	-0.031760 
2254.861643  	-0.031539 
2256.293301  	-0.031229 
2257.724959  	-0.031039 
2259.156617  	-0.031344 
2260.588276  	-0.031379 
2262.019934  	-0.030381 
2263.451592  	-0.030259 
2264.883250  	-0.030812 
2266.314908  	-0.030916 
2267.746566  	-0.031512 
2269.178225  	-0.031991 
2270.609883  	-0.032058 
2272.041541  	-0.032117 
2273.473199  	-0.031301 
2274.904857  	-0.030507 
2276.336516  	-0.030452 
2277.768174  	-0.030319 
2279.199832  	-0.030468 
2280.631490  	-0.030678 
2282.063148  	-0.030547 
2283.494806  	-0.030591 
2284.926465  	-0.030411 
2286.358123  	-0.030230 
2287.789781  	-0.030409 
2289.221439  	-0.030219 
2290.653097  	-0.030209 
2292.084756  	-0.030657 
2293.516414  	-0.030476 
2294.948072  	-0.030064 
2296.379730  	-0.030264 
2297.811388  	-0.030624 
2299.243047  	-0.030807 
2300.674705  	-0.030885 
2302.106363  	-0.030693 
2303.538021  	-0.030272 
2304.969679  	-0.030212 
2306.401337  	-0.030585 
2307.832996  	-0.030686 
2309.264654  	-0.030339 
2310.696312  	-0.029894 
2312.127970  	-0.029755 
2313.559628  	-0.030085 
2314.991287  	-0.030364 
2316.422945  	-0.030425 
2317.854603  	-0.030346 
2319.286261  	-0.029949 
2320.717919  	-0.029881 
2322.149577  	-0.030058 
2323.581236  	-0.029514 
2325.012894  	-0.029040 
2326.444552  	-0.029276 
2327.876210  	-0.029678 
2329.307868  	-0.029981 
2330.739527  	-0.029767 
2332.171185  	-0.029407 
2333.602843  	-0.029726 
2335.034501  	-0.029858 
2336.466159  	-0.029488 
2337.897818  	-0.029501 
2339.329476  	-0.029655 
2340.761134  	-0.029539 
2342.192792  	-0.029471 
2343.624450  	-0.029616 
2345.056108  	-0.029827 
2346.487767  	-0.029885 
2347.919425  	-0.029946 
2349.351083  	-0.030157 
2350.782741  	-0.030405 
2352.214399  	-0.030489 
2353.646058  	-0.030170 
2355.077716  	-0.029895 
2356.509374  	-0.029960 
2357.941032  	-0.029703 
2359.372690  	-0.029468 
2360.804349  	-0.029833 
2362.236007  	-0.030279 
2363.667665  	-0.030576 
2365.099323  	-0.030451 
2366.530981  	-0.030235 
2367.962639  	-0.030531 
2369.394298  	-0.030604 
2370.825956  	-0.030521 
2372.257614  	-0.030777 
2373.689272  	-0.030903 
2375.120930  	-0.031094 
2376.552589  	-0.031258 
2377.984247  	-0.031098 
2379.415905  	-0.031310 
2380.847563  	-0.031704 
2382.279221  	-0.031628 
2383.710879  	-0.031411 
2385.142538  	-0.031413 
2386.574196  	-0.031604 
2388.005854  	-0.031530 
2389.437512  	-0.031168 
2390.869170  	-0.031207 
2392.300829  	-0.031367 
2393.732487  	-0.031376 
2395.164145  	-0.031577 
2396.595803  	-0.031410 
2398.027461  	-0.031118 
2399.459120  	-0.031425 
2400.890778  	-0.031482 
2402.322436  	-0.031261 
2403.754094  	-0.031453 
2405.185752  	-0.031498 
2406.617410  	-0.031290 
2408.049069  	-0.031290 
2409.480727  	-0.031280 
2410.912385  	-0.030885 
2412.344043  	-0.030426 
2413.775701  	-0.030718 
2415.207360  	-0.031274 
2416.639018  	-0.031117 
2418.070676  	-0.030923 
2419.502334  	-0.031048 
2420.933992  	-0.030991 
2422.365651  	-0.030980 
2423.797309  	-0.031085 
2425.228967  	-0.031252 
2426.660625  	-0.031444 
2428.092283  	-0.031278 
2429.523941  	-0.031103 
2430.955600  	-0.031138 
2432.387258  	-0.031046 
2433.818916  	-0.031046 
2435.250574  	-0.030977 
2436.682232  	-0.030682 
2438.113891  	-0.030772 
2439.545549  	-0.031188 
2440.977207  	-0.031513 
2442.408865  	-0.031709 
2443.840523  	-0.031773 
2445.272181  	-0.031767 
2446.703840  	-0.031475 
2448.135498  	-0.031053 
2449.567156  	-0.031120 
2450.998814  	-0.031343 
2452.430472  	-0.031191 
2453.862131  	-0.030933 
2455.293789  	-0.030900 
2456.725447  	-0.031140 
2458.157105  	-0.031338 
2459.588763  	-0.031327 
2461.020422  	-0.031343 
2462.452080  	-0.031383 
2463.883738  	-0.031384 
2465.315396  	-0.031233 
2466.747054  	-0.030954 
2468.178712  	-0.031021 
2469.610371  	-0.031205 
2471.042029  	-0.031140 
2472.473687  	-0.031282 
2473.905345  	-0.031341 
2475.337003  	-0.030978 
2476.768662  	-0.031060 
2478.200320  	-0.031537 
2479.631978  	-0.031454 
2481.063636  	-0.031146 
2482.495294  	-0.031229 
2483.926953  	-0.031233 
2485.358611  	-0.031080 
2486.790269  	-0.031320 
2488.221927  	-0.031638 
2489.653585  	-0.031740 
2491.085243  	-0.031858 
2492.516902  	-0.031659 
2493.948560  	-0.031342 
2495.380218  	-0.031416 
2496.811876  	-0.031400 
2498.243534  	-0.031305 
2499.675193  	-0.031237 
2501.106851  	-0.030900 
2502.538509  	-0.030967 
2503.970167  	-0.031194 
2505.401825  	-0.030794 
2506.833483  	-0.030785 
2508.265142  	-0.031228 
2509.696800  	-0.031164 
2511.128458  	-0.031114 
2512.560116  	-0.031221 
2513.991774  	-0.031102 
2515.423433  	-0.030936 
2516.855091  	-0.030665 
2518.286749  	-0.030574 
2519.718407  	-0.030790 
2521.150065  	-0.030803 
2522.581724  	-0.030852 
2524.013382  	-0.031141 
2525.445040  	-0.031283 
2526.876698  	-0.031225 
2528.308356  	-0.030980 
2529.740014  	-0.030698 
2531.171673  	-0.030566 
2532.603331  	-0.030467 
2534.034989  	-0.030482 
2535.466647  	-0.030625 
2536.898305  	-0.030851 
2538.329964  	-0.031200 
2539.761622  	-0.031245 
2541.193280  	-0.030911 
2542.624938  	-0.030729 
2544.056596  	-0.030771 
2545.488254  	-0.030785 
2546.919913  	-0.030655 
2548.351571  	-0.030534 
2549.783229  	-0.030609 
2551.214887  	-0.030662 
2552.646545  	-0.030669 
2554.078204  	-0.030774 
2555.509862  	-0.030753 
2556.941520  	-0.030530 
2558.373178  	-0.030196 
2559.804836  	-0.030062 
2561.236495  	-0.030406 
2562.668153  	-0.030502 
2564.099811  	-0.030036 
2565.531469  	-0.030008 
2566.963127  	-0.030445 
2568.394785  	-0.030440 
2569.826444  	-0.030222 
2571.258102  	-0.030435 
2572.689760  	-0.030693 
2574.121418  	-0.030550 
2575.553076  	-0.030460 
2576.984735  	-0.030533 
2578.416393  	-0.030309 
2579.848051  	-0.030070 
2581.279709  	-0.030127 
2582.711367  	-0.030131 
2584.143026  	-0.030060 
2585.574684  	-0.030053 
2587.006342  	-0.030028 
2588.438000  	-0.029980 
2589.869658  	-0.029849 
2591.301316  	-0.029677 
2592.732975  	-0.029558 
2594.164633  	-0.029333 
2595.596291  	-0.029010 
2597.027949  	-0.028923 
2598.459607  	-0.029187 
2599.891266  	-0.029389 
2601.322924  	-0.029257 
2602.754582  	-0.029206 
2604.186240  	-0.029230 
2605.617898  	-0.028969 
2607.049556  	-0.028879 
2608.481215  	-0.029012 
2609.912873  	-0.028802 
2611.344531  	-0.028592 
2612.776189  	-0.028616 
2614.207847  	-0.028533 
2615.639506  	-0.028580 
2617.071164  	-0.028650 
2618.502822  	-0.028286 
2619.934480  	-0.028056 
2621.366138  	-0.028257 
2622.797797  	-0.028218 
2624.229455  	-0.027962 
2625.661113  	-0.027868 
2627.092771  	-0.027777 
2628.524429  	-0.027793 
2629.956087  	-0.027847 
2631.387746  	-0.027524 
2632.819404  	-0.027282 
2634.251062  	-0.027403 
2635.682720  	-0.027320 
2637.114378  	-0.027286 
2638.546037  	-0.027546 
2639.977695  	-0.027457 
2641.409353  	-0.027281 
2642.841011  	-0.027472 
2644.272669  	-0.027484 
2645.704328  	-0.027352 
2647.135986  	-0.027459 
2648.567644  	-0.027491 
2649.999302  	-0.027453 
2651.430960  	-0.027583 
2652.862618  	-0.027630 
2654.294277  	-0.027498 
2655.725935  	-0.027344 
2657.157593  	-0.027174 
2658.589251  	-0.027102 
2660.020909  	-0.027221 
2661.452568  	-0.027287 
2662.884226  	-0.027173 
2664.315884  	-0.027129 
2665.747542  	-0.027266 
2667.179200  	-0.027373 
2668.610858  	-0.027301 
2670.042517  	-0.027168 
2671.474175  	-0.027195 
2672.905833  	-0.027389 
2674.337491  	-0.027597 
2675.769149  	-0.027689 
2677.200808  	-0.027543 
2678.632466  	-0.027380 
2680.064124  	-0.027512 
2681.495782  	-0.027636 
2682.927440  	-0.027611 
2684.359099  	-0.027702 
2685.790757  	-0.027684 
2687.222415  	-0.027539 
2688.654073  	-0.027645 
2690.085731  	-0.027775 
2691.517389  	-0.027762 
2692.949048  	-0.027826 
2694.380706  	-0.027867 
2695.812364  	-0.027878 
2697.244022  	-0.027969 
2698.675680  	-0.027966 
2700.107339  	-0.027873 
2701.538997  	-0.027829 
2702.970655  	-0.027782 
2704.402313  	-0.027693 
2705.833971  	-0.027607 
2707.265630  	-0.027545 
2708.697288  	-0.027461 
2710.128946  	-0.027368 
2711.560604  	-0.027415 
2712.992262  	-0.027557 
2714.423920  	-0.027556 
2715.855579  	-0.027353 
2717.287237  	-0.027188 
2718.718895  	-0.027280 
2720.150553  	-0.027350 
2721.582211  	-0.027078 
2723.013870  	-0.026753 
2724.445528  	-0.026600 
2725.877186  	-0.026454 
2727.308844  	-0.026365 
2728.740502  	-0.026491 
2730.172160  	-0.026703 
2731.603819  	-0.026698 
2733.035477  	-0.026374 
2734.467135  	-0.026088 
2735.898793  	-0.026100 
2737.330451  	-0.026147 
2738.762110  	-0.026101 
2740.193768  	-0.026163 
2741.625426  	-0.026258 
2743.057084  	-0.026119 
2744.488742  	-0.025894 
2745.920401  	-0.025879 
2747.352059  	-0.025928 
2748.783717  	-0.025934 
2750.215375  	-0.026077 
2751.647033  	-0.026151 
2753.078691  	-0.026044 
2754.510350  	-0.026112 
2755.942008  	-0.026151 
2757.373666  	-0.025817 
2758.805324  	-0.025598 
2760.236982  	-0.025639 
2761.668641  	-0.025452 
2763.100299  	-0.025200 
2764.531957  	-0.025127 
2765.963615  	-0.024930 
2767.395273  	-0.024757 
2768.826931  	-0.024806 
2770.258590  	-0.024606 
2771.690248  	-0.024132 
2773.121906  	-0.023850 
2774.553564  	-0.023661 
2775.985222  	-0.023338 
2777.416881  	-0.022891 
2778.848539  	-0.022384 
2780.280197  	-0.022112 
2781.711855  	-0.021989 
2783.143513  	-0.021468 
2784.575172  	-0.020734 
2786.006830  	-0.020264 
2787.438488  	-0.019799 
2788.870146  	-0.019150 
2790.301804  	-0.018589 
2791.733462  	-0.018140 
2793.165121  	-0.017641 
2794.596779  	-0.017056 
2796.028437  	-0.016384 
2797.460095  	-0.015647 
2798.891753  	-0.014846 
2800.323412  	-0.013982 
2801.755070  	-0.013176 
2803.186728  	-0.012435 
2804.618386  	-0.011552 
2806.050044  	-0.010433 
2807.481703  	-0.009241 
2808.913361  	-0.008069 
2810.345019  	-0.006860 
2811.776677  	-0.005649 
2813.208335  	-0.004328 
2814.639993  	-0.002666 
2816.071652  	-0.000925 
2817.503310  	0.000756 
2818.934968  	0.002813 
2820.366626  	0.005172 
2821.798284  	0.007645 
2823.229943  	0.010579 
2824.661601  	0.013807 
2826.093259  	0.017173 
2827.524917  	0.021224 
2828.956575  	0.026084 
2830.388233  	0.031666 
2831.819892  	0.038253 
2833.251550  	0.046217 
2834.683208  	0.056062 
2836.114866  	0.068167 
2837.546524  	0.083394 
2838.978183  	0.103376 
2840.409841  	0.129647 
2841.841499  	0.164534 
2843.273157  	0.209994 
2844.704815  	0.265866 
2846.136474  	0.330186 
2847.568132  	0.388217 
2848.999790  	0.408926 
2850.431448  	0.377391 
2851.863106  	0.315021 
2853.294764  	0.252353 
2854.726423  	0.201100 
2856.158081  	0.160669 
2857.589739  	0.129266 
2859.021397  	0.104630 
2860.453055  	0.085396 
2861.884714  	0.070793 
2863.316372  	0.059717 
2864.748030  	0.051805 
2866.179688  	0.046606 
2867.611346  	0.043382 
2869.043005  	0.041921 
2870.474663  	0.041819 
2871.906321  	0.042672 
2873.337979  	0.044305 
2874.769637  	0.046474 
2876.201295  	0.049751 
2877.632954  	0.054439 
2879.064612  	0.059740 
2880.496270  	0.065790 
2881.927928  	0.072835 
2883.359586  	0.080356 
2884.791245  	0.088552 
2886.222903  	0.097127 
2887.654561  	0.105859 
2889.086219  	0.115595 
2890.517877  	0.125641 
2891.949535  	0.135129 
2893.381194  	0.144578 
2894.812852  	0.154057 
2896.244510  	0.163695 
2897.676168  	0.173498 
2899.107826  	0.183543 
2900.539485  	0.194639 
2901.971143  	0.206829 
2903.402801  	0.220821 
2904.834459  	0.237861 
2906.266117  	0.258116 
2907.697776  	0.282901 
2909.129434  	0.313064 
2910.561092  	0.347906 
2911.992750  	0.386241 
2913.424408  	0.421678 
2914.856066  	0.444577 
2916.287725  	0.446794 
2917.719383  	0.426009 
2919.151041  	0.391064 
2920.582699  	0.350884 
2922.014357  	0.311138 
2923.446016  	0.275338 
2924.877674  	0.242647 
2926.309332  	0.213211 
2927.740990  	0.187581 
2929.172648  	0.164383 
2930.604306  	0.143526 
2932.035965  	0.125130 
2933.467623  	0.108375 
2934.899281  	0.093071 
2936.330939  	0.079265 
2937.762597  	0.066859 
2939.194256  	0.055834 
2940.625914  	0.046059 
2942.057572  	0.037370 
2943.489230  	0.029892 
2944.920888  	0.023686 
2946.352547  	0.018425 
2947.784205  	0.014223 
2949.215863  	0.011332 
2950.647521  	0.009368 
2952.079179  	0.007996 
2953.510837  	0.006852 
2954.942496  	0.005615 
2956.374154  	0.004594 
2957.805812  	0.003720 
2959.237470  	0.002511 
2960.669128  	0.001058 
2962.100787  	-0.000576 
2963.532445  	-0.002415 
2964.964103  	-0.004170 
2966.395761  	-0.005889 
2967.827419  	-0.007741 
2969.259078  	-0.009596 
2970.690736  	-0.011390 
2972.122394  	-0.013124 
2973.554052  	-0.014722 
2974.985710  	-0.016026 
2976.417368  	-0.016970 
2977.849027  	-0.017710 
2979.280685  	-0.018554 
2980.712343  	-0.019662 
2982.144001  	-0.020617 
2983.575659  	-0.021143 
2985.007318  	-0.021658 
2986.438976  	-0.022288 
2987.870634  	-0.022839 
2989.302292  	-0.023260 
2990.733950  	-0.023460 
2992.165608  	-0.023734 
2993.597267  	-0.024308 
2995.028925  	-0.024773 
2996.460583  	-0.025028 
2997.892241  	-0.025281 
2999.323899  	-0.025628 
3000.755558  	-0.026090 
3002.187216  	-0.026422 
3003.618874  	-0.026670 
3005.050532  	-0.026990 
3006.482190  	-0.027051 
3007.913849  	-0.026994 
3009.345507  	-0.027258 
3010.777165  	-0.027745 
3012.208823  	-0.028170 
3013.640481  	-0.028203 
3015.072139  	-0.028027 
3016.503798  	-0.028171 
3017.935456  	-0.028418 
3019.367114  	-0.028561 
3020.798772  	-0.028706 
3022.230430  	-0.028687 
3023.662089  	-0.028689 
3025.093747  	-0.028829 
3026.525405  	-0.028863 
3027.957063  	-0.028974 
3029.388721  	-0.029251 
3030.820380  	-0.029500 
3032.252038  	-0.029559 
3033.683696  	-0.029288 
3035.115354  	-0.029206 
3036.547012  	-0.029617 
3037.978670  	-0.029837 
3039.410329  	-0.029758 
3040.841987  	-0.029813 
3042.273645  	-0.029962 
3043.705303  	-0.030129 
3045.136961  	-0.030218 
3046.568620  	-0.030188 
3048.000278  	-0.030328 
3049.431936  	-0.030636 
3050.863594  	-0.030858 
3052.295252  	-0.030955 
3053.726910  	-0.030936 
3055.158569  	-0.030846 
3056.590227  	-0.030817 
3058.021885  	-0.030912 
3059.453543  	-0.031077 
3060.885201  	-0.031223 
3062.316860  	-0.031298 
3063.748518  	-0.031330 
3065.180176  	-0.031368 
3066.611834  	-0.031304 
3068.043492  	-0.031139 
3069.475151  	-0.031154 
3070.906809  	-0.031304 
3072.338467  	-0.031444 
3073.770125  	-0.031633 
3075.201783  	-0.031617 
3076.633441  	-0.031404 
3078.065100  	-0.031372 
3079.496758  	-0.031428 
3080.928416  	-0.031570 
3082.360074  	-0.031811 
3083.791732  	-0.031847 
3085.223391  	-0.031913 
3086.655049  	-0.032043 
3088.086707  	-0.031900 
3089.518365  	-0.031959 
3090.950023  	-0.032285 
3092.381682  	-0.032195 
3093.813340  	-0.031923 
3095.244998  	-0.032046 
3096.676656  	-0.032302 
3098.108314  	-0.032224 
3099.539972  	-0.032079 
3100.971631  	-0.032334 
3102.403289  	-0.032600 
3103.834947  	-0.032589 
3105.266605  	-0.032700 
3106.698263  	-0.032827 
3108.129922  	-0.032811 
3109.561580  	-0.032866 
3110.993238  	-0.032919 
3112.424896  	-0.033014 
3113.856554  	-0.033108 
3115.288212  	-0.032990 
3116.719871  	-0.032964 
3118.151529  	-0.033027 
3119.583187  	-0.032910 
3121.014845  	-0.032892 
3122.446503  	-0.033001 
3123.878162  	-0.033045 
3125.309820  	-0.033097 
3126.741478  	-0.033135 
3128.173136  	-0.033167 
3129.604794  	-0.033140 
3131.036453  	-0.033142 
3132.468111  	-0.033355 
3133.899769  	-0.033303 
3135.331427  	-0.033008 
3136.763085  	-0.033205 
3138.194743  	-0.033492 
3139.626402  	-0.033341 
3141.058060  	-0.033203 
3142.489718  	-0.033169 
3143.921376  	-0.033044 
3145.353034  	-0.032980 
3146.784693  	-0.033173 
3148.216351  	-0.033563 
3149.648009  	-0.033624 
3151.079667  	-0.033400 
3152.511325  	-0.033581 
3153.942983  	-0.033775 
3155.374642  	-0.033413 
3156.806300  	-0.033155 
3158.237958  	-0.033270 
3159.669616  	-0.033270 
3161.101274  	-0.033147 
3162.532933  	-0.033090 
3163.964591  	-0.033065 
3165.396249  	-0.033081 
3166.827907  	-0.033228 
3168.259565  	-0.033555 
3169.691224  	-0.033816 
3171.122882  	-0.033743 
3172.554540  	-0.033568 
3173.986198  	-0.033544 
3175.417856  	-0.033489 
3176.849514  	-0.033308 
3178.281173  	-0.033145 
3179.712831  	-0.033082 
3181.144489  	-0.033198 
3182.576147  	-0.033407 
3184.007805  	-0.033425 
3185.439464  	-0.033319 
3186.871122  	-0.033344 
3188.302780  	-0.033398 
3189.734438  	-0.033440 
3191.166096  	-0.033603 
3192.597755  	-0.033702 
3194.029413  	-0.033534 
3195.461071  	-0.033336 
3196.892729  	-0.033392 
3198.324387  	-0.033643 
3199.756045  	-0.033728 
3201.187704  	-0.033514 
3202.619362  	-0.033393 
3204.051020  	-0.033433 
3205.482678  	-0.033243 
3206.914336  	-0.033140 
3208.345995  	-0.033508 
3209.777653  	-0.033727 
3211.209311  	-0.033552 
3212.640969  	-0.033533 
3214.072627  	-0.033537 
3215.504285  	-0.033268 
3216.935944  	-0.033124 
3218.367602  	-0.033249 
3219.799260  	-0.033371 
3221.230918  	-0.033489 
3222.662576  	-0.033611 
3224.094235  	-0.033533 
3225.525893  	-0.033396 
3226.957551  	-0.033553 
3228.389209  	-0.033760 
3229.820867  	-0.033663 
3231.252526  	-0.033532 
3232.684184  	-0.033546 
3234.115842  	-0.033565 
3235.547500  	-0.033683 
3236.979158  	-0.033953 
3238.410816  	-0.034133 
3239.842475  	-0.033929 
3241.274133  	-0.033394 
3242.705791  	-0.033051 
3244.137449  	-0.033061 
3245.569107  	-0.033148 
3247.000766  	-0.033421 
3248.432424  	-0.033920 
3249.864082  	-0.034239 
3251.295740  	-0.034170 
3252.727398  	-0.033894 
3254.159057  	-0.033750 
3255.590715  	-0.033758 
3257.022373  	-0.033602 
3258.454031  	-0.033429 
3259.885689  	-0.033594 
3261.317347  	-0.033849 
3262.749006  	-0.033739 
3264.180664  	-0.033377 
3265.612322  	-0.033301 
3267.043980  	-0.033488 
3268.475638  	-0.033519 
3269.907297  	-0.033645 
3271.338955  	-0.033978 
3272.770613  	-0.033952 
3274.202271  	-0.033642 
3275.633929  	-0.033564 
3277.065587  	-0.033632 
3278.497246  	-0.033551 
3279.928904  	-0.033351 
3281.360562  	-0.033390 
3282.792220  	-0.033652 
3284.223878  	-0.033571 
3285.655537  	-0.033249 
3287.087195  	-0.033253 
3288.518853  	-0.033431 
3289.950511  	-0.033469 
3291.382169  	-0.033456 
3292.813828  	-0.033577 
3294.245486  	-0.033833 
3295.677144  	-0.033867 
3297.108802  	-0.033650 
3298.540460  	-0.033703 
3299.972118  	-0.033933 
3301.403777  	-0.033861 
3302.835435  	-0.033673 
3304.267093  	-0.033566 
3305.698751  	-0.033433 
3307.130409  	-0.033600 
3308.562068  	-0.034041 
3309.993726  	-0.033875 
3311.425384  	-0.033197 
3312.857042  	-0.033059 
3314.288700  	-0.033350 
3315.720359  	-0.033418 
3317.152017  	-0.033401 
3318.583675  	-0.033344 
3320.015333  	-0.033263 
3321.446991  	-0.033516 
3322.878649  	-0.033700 
3324.310308  	-0.033399 
3325.741966  	-0.033391 
3327.173624  	-0.033867 
3328.605282  	-0.033958 
3330.036940  	-0.033725 
3331.468599  	-0.033788 
3332.900257  	-0.033988 
3334.331915  	-0.034057 
3335.763573  	-0.034058 
3337.195231  	-0.034024 
3338.626889  	-0.033904 
3340.058548  	-0.033643 
3341.490206  	-0.033427 
3342.921864  	-0.033451 
3344.353522  	-0.033506 
3345.785180  	-0.033531 
3347.216839  	-0.033593 
3348.648497  	-0.033502 
3350.080155  	-0.033408 
3351.511813  	-0.033686 
3352.943471  	-0.034200 
3354.375130  	-0.034432 
3355.806788  	-0.034054 
3357.238446  	-0.033569 
3358.670104  	-0.033596 
3360.101762  	-0.033676 
3361.533420  	-0.033386 
3362.965079  	-0.033219 
3364.396737  	-0.033466 
3365.828395  	-0.033772 
3367.260053  	-0.033859 
3368.691711  	-0.034007 
3370.123370  	-0.034239 
3371.555028  	-0.034031 
3372.986686  	-0.033706 
3374.418344  	-0.033799 
3375.850002  	-0.033842 
3377.281660  	-0.033694 
3378.713319  	-0.033592 
3380.144977  	-0.033572 
3381.576635  	-0.033860 
3383.008293  	-0.033978 
3384.439951  	-0.033649 
3385.871610  	-0.033761 
3387.303268  	-0.034105 
3388.734926  	-0.034016 
3390.166584  	-0.033943 
3391.598242  	-0.033912 
3393.029901  	-0.033768 
3394.461559  	-0.033707 
3395.893217  	-0.033557 
3397.324875  	-0.033492 
3398.756533  	-0.033593 
3400.188191  	-0.033610 
3401.619850  	-0.033873 
3403.051508  	-0.034105 
3404.483166  	-0.033714 
3405.914824  	-0.033298 
3407.346482  	-0.033345 
3408.778141  	-0.033666 
3410.209799  	-0.033894 
3411.641457  	-0.033572 
3413.073115  	-0.033188 
3414.504773  	-0.033506 
3415.936432  	-0.034007 
3417.368090  	-0.034017 
3418.799748  	-0.033768 
3420.231406  	-0.033680 
3421.663064  	-0.033675 
3423.094722  	-0.033511 
3424.526381  	-0.033472 
3425.958039  	-0.033701 
3427.389697  	-0.033799 
3428.821355  	-0.033770 
3430.253013  	-0.033749 
3431.684672  	-0.033525 
3433.116330  	-0.033379 
3434.547988  	-0.033639 
3435.979646  	-0.033765 
3437.411304  	-0.033521 
3438.842962  	-0.033480 
3440.274621  	-0.033655 
3441.706279  	-0.033642 
3443.137937  	-0.033618 
3444.569595  	-0.033713 
3446.001253  	-0.033784 
3447.432912  	-0.033808 
3448.864570  	-0.033746 
3450.296228  	-0.033790 
3451.727886  	-0.033967 
3453.159544  	-0.033941 
3454.591203  	-0.033871 
3456.022861  	-0.033897 
3457.454519  	-0.033869 
3458.886177  	-0.033917 
3460.317835  	-0.033835 
3461.749493  	-0.033667 
3463.181152  	-0.033842 
3464.612810  	-0.033885 
3466.044468  	-0.033751 
3467.476126  	-0.033861 
3468.907784  	-0.033709 
3470.339443  	-0.033448 
3471.771101  	-0.033621 
3473.202759  	-0.033815 
3474.634417  	-0.033968 
3476.066075  	-0.034120 
3477.497734  	-0.034112 
3478.929392  	-0.034150 
3480.361050  	-0.033958 
3481.792708  	-0.033609 
3483.224366  	-0.033730 
3484.656024  	-0.033952 
3486.087683  	-0.033994 
3487.519341  	-0.033923 
3488.950999  	-0.033599 
3490.382657  	-0.033486 
3491.814315  	-0.033646 
3493.245974  	-0.033717 
3494.677632  	-0.033865 
3496.109290  	-0.033854 
3497.540948  	-0.033666 
3498.972606  	-0.033798 
3500.404264  	-0.033884 
3501.835923  	-0.033826 
3503.267581  	-0.034112 
3504.699239  	-0.034407 
3506.130897  	-0.034373 
3507.562555  	-0.034202 
3508.994214  	-0.033926 
3510.425872  	-0.033715 
3511.857530  	-0.033826 
3513.289188  	-0.034079 
3514.720846  	-0.034038 
3516.152505  	-0.033783 
3517.584163  	-0.033826 
3519.015821  	-0.033944 
3520.447479  	-0.033723 
3521.879137  	-0.033514 
3523.310795  	-0.033599 
3524.742454  	-0.033784 
3526.174112  	-0.033725 
3527.605770  	-0.033443 
3529.037428  	-0.033449 
3530.469086  	-0.033742 
3531.900745  	-0.033785 
3533.332403  	-0.033664 
3534.764061  	-0.033816 
3536.195719  	-0.034090 
3537.627377  	-0.033909 
3539.059035  	-0.033577 
3540.490694  	-0.033727 
3541.922352  	-0.033965 
3543.354010  	-0.033950 
3544.785668  	-0.033931 
3546.217326  	-0.033833 
3547.648985  	-0.033773 
3549.080643  	-0.033924 
3550.512301  	-0.034140 
3551.943959  	-0.034467 
3553.375617  	-0.034438 
3554.807276  	-0.033967 
3556.238934  	-0.033854 
3557.670592  	-0.033993 
3559.102250  	-0.034094 
3560.533908  	-0.034133 
3561.965566  	-0.033703 
3563.397225  	-0.033239 
3564.828883  	-0.033245 
3566.260541  	-0.033308 
3567.692199  	-0.033576 
3569.123857  	-0.033898 
3570.555516  	-0.033746 
3571.987174  	-0.033711 
3573.418832  	-0.033912 
3574.850490  	-0.033927 
3576.282148  	-0.033811 
3577.713807  	-0.033842 
3579.145465  	-0.034033 
3580.577123  	-0.034083 
3582.008781  	-0.034037 
3583.440439  	-0.034090 
3584.872097  	-0.033757 
3586.303756  	-0.033016 
3587.735414  	-0.032570 
3589.167072  	-0.032644 
3590.598730  	-0.033035 
3592.030388  	-0.033525 
3593.462047  	-0.033712 
3594.893705  	-0.033636 
3596.325363  	-0.033621 
3597.757021  	-0.033575 
3599.188679  	-0.033489 
3600.620337  	-0.033481 
3602.051996  	-0.033493 
3603.483654  	-0.033299 
3604.915312  	-0.033076 
3606.346970  	-0.033018 
3607.778628  	-0.032779 
3609.210287  	-0.032683 
3610.641945  	-0.033007 
3612.073603  	-0.032840 
3613.505261  	-0.032698 
3614.936919  	-0.033201 
3616.368578  	-0.033261 
3617.800236  	-0.033111 
3619.231894  	-0.033461 
3620.663552  	-0.034064 
3622.095210  	-0.034492 
3623.526868  	-0.034339 
3624.958527  	-0.033873 
3626.390185  	-0.033782 
3627.821843  	-0.033499 
3629.253501  	-0.032578 
3630.685159  	-0.032916 
3632.116818  	-0.033507 
3633.548476  	-0.033653 
3634.980134  	-0.034009 
3636.411792  	-0.034435 
3637.843450  	-0.034400 
3639.275109  	-0.034139 
3640.706767  	-0.034296 
3642.138425  	-0.034378 
3643.570083  	-0.033981 
3645.001741  	-0.033835 
3646.433399  	-0.033618 
3647.865058  	-0.032717 
3649.296716  	-0.032275 
3650.728374  	-0.032641 
3652.160032  	-0.033402 
3653.591690  	-0.033846 
3655.023349  	-0.033698 
3656.455007  	-0.033705 
3657.886665  	-0.033995 
3659.318323  	-0.033768 
3660.749981  	-0.033739 
3662.181639  	-0.034029 
3663.613298  	-0.034063 
3665.044956  	-0.033966 
3666.476614  	-0.033692 
3667.908272  	-0.033416 
3669.339930  	-0.033506 
3670.771589  	-0.033747 
3672.203247  	-0.033837 
3673.634905  	-0.033358 
3675.066563  	-0.032371 
3676.498221  	-0.033230 
3677.929880  	-0.034289 
3679.361538  	-0.033917 
3680.793196  	-0.033747 
3682.224854  	-0.033917 
3683.656512  	-0.034120 
3685.088170  	-0.034505 
3686.519829  	-0.034249 
3687.951487  	-0.033152 
3689.383145  	-0.032364 
3690.814803  	-0.032783 
3692.246461  	-0.033520 
3693.678120  	-0.033990 
3695.109778  	-0.034068 
3696.541436  	-0.034131 
3697.973094  	-0.034111 
3699.404752  	-0.033673 
3700.836411  	-0.033076 
3702.268069  	-0.033241 
3703.699727  	-0.034058 
3705.131385  	-0.034156 
3706.563043  	-0.033809 
3707.994701  	-0.033706 
3709.426360  	-0.033427 
3710.858018  	-0.032671 
3712.289676  	-0.032311 
3713.721334  	-0.032858 
3715.152992  	-0.033463 
3716.584651  	-0.033655 
3718.016309  	-0.033658 
3719.447967  	-0.033610 
3720.879625  	-0.033461 
3722.311283  	-0.033569 
3723.742941  	-0.033735 
3725.174600  	-0.033462 
3726.606258  	-0.033635 
3728.037916  	-0.034350 
3729.469574  	-0.034178 
3730.901232  	-0.033359 
3732.332891  	-0.032802 
3733.764549  	-0.032930 
3735.196207  	-0.033005 
3736.627865  	-0.033435 
3738.059523  	-0.034155 
3739.491182  	-0.034265 
3740.922840  	-0.034372 
3742.354498  	-0.034263 
3743.786156  	-0.033043 
3745.217814  	-0.032547 
3746.649472  	-0.034353 
3748.081131  	-0.034152 
3749.512789  	-0.033189 
3750.944447  	-0.033229 
3752.376105  	-0.033088 
3753.807763  	-0.033245 
3755.239422  	-0.034091 
3756.671080  	-0.034500 
3758.102738  	-0.034491 
3759.534396  	-0.034183 
3760.966054  	-0.033895 
3762.397712  	-0.034084 
3763.829371  	-0.034160 
3765.261029  	-0.034080 
3766.692687  	-0.034250 
3768.124345  	-0.034190 
3769.556003  	-0.033840 
3770.987662  	-0.033777 
3772.419320  	-0.033951 
3773.850978  	-0.033929 
3775.282636  	-0.033732 
3776.714294  	-0.033555 
3778.145953  	-0.033434 
3779.577611  	-0.033464 
3781.009269  	-0.033770 
3782.440927  	-0.033762 
3783.872585  	-0.033550 
3785.304243  	-0.033645 
3786.735902  	-0.033739 
3788.167560  	-0.033811 
3789.599218  	-0.034077 
3791.030876  	-0.034095 
3792.462534  	-0.034040 
3793.894193  	-0.034013 
3795.325851  	-0.033668 
3796.757509  	-0.033529 
3798.189167  	-0.033606 
3799.620825  	-0.032974 
3801.052484  	-0.032130 
3802.484142  	-0.032434 
3803.915800  	-0.033238 
3805.347458  	-0.033260 
3806.779116  	-0.033055 
3808.210774  	-0.033541 
3809.642433  	-0.033890 
3811.074091  	-0.033605 
3812.505749  	-0.033584 
3813.937407  	-0.033770 
3815.369065  	-0.033374 
3816.800724  	-0.033236 
3818.232382  	-0.033743 
3819.664040  	-0.033380 
3821.095698  	-0.032563 
3822.527356  	-0.032923 
3823.959014  	-0.033433 
3825.390673  	-0.033447 
3826.822331  	-0.033624 
3828.253989  	-0.033947 
3829.685647  	-0.034034 
3831.117305  	-0.033945 
3832.548964  	-0.033563 
3833.980622  	-0.033105 
3835.412280  	-0.032931 
3836.843938  	-0.032770 
3838.275596  	-0.032602 
3839.707255  	-0.033022 
3841.138913  	-0.033379 
3842.570571  	-0.033150 
3844.002229  	-0.033008 
3845.433887  	-0.033396 
3846.865545  	-0.033786 
3848.297204  	-0.033744 
3849.728862  	-0.033514 
3851.160520  	-0.033416 
3852.592178  	-0.033044 
3854.023836  	-0.032531 
3855.455495  	-0.033291 
3856.887153  	-0.033575 
3858.318811  	-0.033430 
3859.750469  	-0.033489 
3861.182127  	-0.033697 
3862.613786  	-0.033875 
3864.045444  	-0.033823 
3865.477102  	-0.033529 
3866.908760  	-0.033446 
3868.340418  	-0.033387 
3869.772076  	-0.033273 
3871.203735  	-0.033533 
3872.635393  	-0.033225 
3874.067051  	-0.032582 
3875.498709  	-0.033144 
3876.930367  	-0.034039 
3878.362026  	-0.033809 
3879.793684  	-0.032973 
3881.225342  	-0.032773 
3882.657000  	-0.033333 
3884.088658  	-0.033387 
3885.520316  	-0.033133 
3886.951975  	-0.033605 
3888.383633  	-0.033792 
3889.815291  	-0.033190 
3891.246949  	-0.033120 
3892.678607  	-0.034213 
3894.110266  	-0.034378 
3895.541924  	-0.033782 
3896.973582  	-0.033584 
3898.405240  	-0.033524 
3899.836898  	-0.033314 
3901.268557  	-0.033482 
3902.700215  	-0.033443 
3904.131873  	-0.032929 
3905.563531  	-0.033122 
3906.995189  	-0.033748 
3908.426847  	-0.034056 
3909.858506  	-0.034110 
3911.290164  	-0.033765 
3912.721822  	-0.033370 
3914.153480  	-0.033488 
3915.585138  	-0.033741 
3917.016797  	-0.033915 
3918.448455  	-0.033969 
3919.880113  	-0.033650 
3921.311771  	-0.033374 
3922.743429  	-0.033370 
3924.175088  	-0.033323 
3925.606746  	-0.033434 
3927.038404  	-0.033604 
3928.470062  	-0.033477 
3929.901720  	-0.033355 
3931.333378  	-0.033362 
3932.765037  	-0.033406 
3934.196695  	-0.033643 
3935.628353  	-0.033859 
3937.060011  	-0.033915 
3938.491669  	-0.033971 
3939.923328  	-0.033928 
3941.354986  	-0.033633 
3942.786644  	-0.033262 
3944.218302  	-0.033219 
3945.649960  	-0.033513 
3947.081618  	-0.033854 
3948.513277  	-0.034024 
3949.944935  	-0.033869 
3951.376593  	-0.033738 
3952.808251  	-0.033838 
3954.239909  	-0.033790 
3955.671568  	-0.033622 
3957.103226  	-0.033620 
3958.534884  	-0.033526 
3959.966542  	-0.033292 
3961.398200  	-0.033226 
3962.829859  	-0.033308 
3964.261517  	-0.033462 
3965.693175  	-0.033616 
3967.124833  	-0.033635 
3968.556491  	-0.033593 
3969.988149  	-0.033551 
3971.419808  	-0.033456 
3972.851466  	-0.033337 
3974.283124  	-0.033253 
3975.714782  	-0.033237 
3977.146440  	-0.033327 
3978.578099  	-0.033555 
3980.009757  	-0.033706 
3981.441415  	-0.033622 
3982.873073  	-0.033715 
3984.304731  	-0.033963 
3985.736389  	-0.033845 
3987.168048  	-0.033656 
3988.599706  	-0.033549 
3990.031364  	-0.033165 
3991.463022  	-0.033190 
3992.894680  	-0.033901 
3994.326339  	-0.034078 
3995.757997  	-0.033533 
3997.189655  	-0.033196 
3998.621313  	-0.033083 
4000.052971  	-0.032994 
4001.484630  	-0.033160 
4002.916288  	-0.033295 
4004.347946  	-0.033115 
4005.779604  	-0.033048 
4007.211262  	-0.033219 
4008.642920  	-0.033316 
4010.074579  	-0.033380 
4011.506237  	-0.033430 
4012.937895  	-0.033378 
4014.369553  	-0.033402 
4015.801211  	-0.033509 
4017.232870  	-0.033472 
4018.664528  	-0.033226 
4020.096186  	-0.032998 
4021.527844  	-0.033126 
4022.959502  	-0.033409 
4024.391161  	-0.033400 
4025.822819  	-0.033228 
4027.254477  	-0.033254 
4028.686135  	-0.033499 
4030.117793  	-0.033414 
4031.549451  	-0.032891 
4032.981110  	-0.033022 
4034.412768  	-0.033632 
4035.844426  	-0.033408 
4037.276084  	-0.033034 
4038.707742  	-0.033234 
4040.139401  	-0.033249 
4041.571059  	-0.033206 
4043.002717  	-0.033275 
4044.434375  	-0.033164 
4045.866033  	-0.033298 
4047.297691  	-0.033388 
4048.729350  	-0.033107 
4050.161008  	-0.033111 
4051.592666  	-0.033255 
4053.024324  	-0.033227 
4054.455982  	-0.033252 
4055.887641  	-0.033139 
4057.319299  	-0.033008 
4058.750957  	-0.032935 
4060.182615  	-0.032600 
4061.614273  	-0.032418 
4063.045932  	-0.032643 
4064.477590  	-0.032885 
4065.909248  	-0.033078 
4067.340906  	-0.033354 
4068.772564  	-0.033696 
4070.204222  	-0.033554 
4071.635881  	-0.032805 
4073.067539  	-0.032724 
4074.499197  	-0.033345 
4075.930855  	-0.033211 
4077.362513  	-0.032558 
4078.794172  	-0.032437 
4080.225830  	-0.032750 
4081.657488  	-0.032970 
4083.089146  	-0.032845 
4084.520804  	-0.032618 
4085.952463  	-0.032516 
4087.384121  	-0.032456 
4088.815779  	-0.032560 
4090.247437  	-0.032684 
4091.679095  	-0.032572 
4093.110753  	-0.032448 
4094.542412  	-0.032304 
4095.974070  	-0.032188 
4097.405728  	-0.032307 
4098.837386  	-0.032258 
4100.269044  	-0.031992 
4101.700703  	-0.032018 
4103.132361  	-0.032285 
4104.564019  	-0.032425 
4105.995677  	-0.032225 
4107.427335  	-0.031987 
4108.858993  	-0.032156 
4110.290652  	-0.032354 
4111.722310  	-0.032298 
4113.153968  	-0.032221 
4114.585626  	-0.032123 
4116.017284  	-0.032307 
4117.448943  	-0.032725 
4118.880601  	-0.032626 
4120.312259  	-0.032404 
4121.743917  	-0.032627 
4123.175575  	-0.032666 
4124.607234  	-0.032415 
4126.038892  	-0.032339 
4127.470550  	-0.032486 
4128.902208  	-0.032642 
4130.333866  	-0.032385 
4131.765524  	-0.032124 
4133.197183  	-0.032608 
4134.628841  	-0.032944 
4136.060499  	-0.032577 
4137.492157  	-0.032424 
4138.923815  	-0.032382 
4140.355474  	-0.032061 
4141.787132  	-0.031977 
4143.218790  	-0.032037 
4144.650448  	-0.032038 
4146.082106  	-0.032193 
4147.513764  	-0.032329 
4148.945423  	-0.032532 
4150.377081  	-0.032776 
4151.808739  	-0.032501 
4153.240397  	-0.032080 
4154.672055  	-0.032103 
4156.103714  	-0.032206 
4157.535372  	-0.032267 
4158.967030  	-0.032468 
4160.398688  	-0.032668 
4161.830346  	-0.032810 
4163.262005  	-0.032748 
4164.693663  	-0.032325 
4166.125321  	-0.031941 
4167.556979  	-0.032059 
4168.988637  	-0.032498 
4170.420295  	-0.032642 
4171.851954  	-0.032402 
4173.283612  	-0.032394 
4174.715270  	-0.032773 
4176.146928  	-0.033016 
4177.578586  	-0.032900 
4179.010245  	-0.032700 
4180.441903  	-0.032648 
4181.873561  	-0.032688 
4183.305219  	-0.032721 
4184.736877  	-0.032674 
4186.168536  	-0.032455 
4187.600194  	-0.032339 
4189.031852  	-0.032437 
4190.463510  	-0.032264 
4191.895168  	-0.031964 
4193.326826  	-0.032063 
4194.758485  	-0.032269 
4196.190143  	-0.032340 
4197.621801  	-0.032350 
4199.053459  	-0.032127 
4200.485117  	-0.032028 
4201.916776  	-0.032359 
4203.348434  	-0.032418 
4204.780092  	-0.032084 
4206.211750  	-0.032221 
4207.643408  	-0.032698 
4209.075066  	-0.032679 
4210.506725  	-0.032387 
4211.938383  	-0.032382 
4213.370041  	-0.032488 
4214.801699  	-0.032635 
4216.233357  	-0.032894 
4217.665016  	-0.032981 
4219.096674  	-0.032901 
4220.528332  	-0.032813 
4221.959990  	-0.032576 
4223.391648  	-0.032207 
4224.823307  	-0.031956 
4226.254965  	-0.032215 
4227.686623  	-0.032865 
4229.118281  	-0.032965 
4230.549939  	-0.032561 
4231.981597  	-0.032546 
4233.413256  	-0.032638 
4234.844914  	-0.032566 
4236.276572  	-0.032784 
4237.708230  	-0.033116 
4239.139888  	-0.033314 
4240.571547  	-0.033312 
4242.003205  	-0.033057 
4243.434863  	-0.033043 
4244.866521  	-0.033055 
4246.298179  	-0.032560 
4247.729838  	-0.032347 
4249.161496  	-0.032486 
4250.593154  	-0.032141 
4252.024812  	-0.031776 
4253.456470  	-0.031661 
4254.888128  	-0.031351 
4256.319787  	-0.031336 
4257.751445  	-0.031760 
4259.183103  	-0.031952 
4260.614761  	-0.031927 
4262.046419  	-0.031956 
4263.478078  	-0.031990 
4264.909736  	-0.032100 
4266.341394  	-0.032378 
4267.773052  	-0.032733 
4269.204710  	-0.032958 
4270.636368  	-0.033101 
4272.068027  	-0.033344 
4273.499685  	-0.033446 
4274.931343  	-0.033316 
4276.363001  	-0.033212 
4277.794659  	-0.033081 
4279.226318  	-0.032997 
4280.657976  	-0.033229 
4282.089634  	-0.033564 
4283.521292  	-0.033607 
4284.952950  	-0.033185 
4286.384609  	-0.032730 
4287.816267  	-0.032928 
4289.247925  	-0.033307 
4290.679583  	-0.033191 
4292.111241  	-0.033138 
4293.542899  	-0.033236 
4294.974558  	-0.032946 
4296.406216  	-0.032819 
4297.837874  	-0.033272 
4299.269532  	-0.033570 
4300.701190  	-0.033450 
4302.132849  	-0.033359 
4303.564507  	-0.033225 
4304.996165  	-0.032804 
4306.427823  	-0.032519 
4307.859481  	-0.032626 
4309.291140  	-0.032629 
4310.722798  	-0.032460 
4312.154456  	-0.032445 
4313.586114  	-0.032338 
4315.017772  	-0.032153 
4316.449430  	-0.032129 
4317.881089  	-0.031778 
4319.312747  	-0.030883 
4320.744405  	-0.030053 
4322.176063  	-0.029777 
4323.607721  	-0.029966 
4325.039380  	-0.029990 
4326.471038  	-0.029724 
4327.902696  	-0.029989 
4329.334354  	-0.030853 
4330.766012  	-0.031469 
4332.197670  	-0.031610 
4333.629329  	-0.031596 
4335.060987  	-0.031691 
4336.492645  	-0.031864 
4337.924303  	-0.031855 
4339.355961  	-0.031805 
4340.787620  	-0.031877 
4342.219278  	-0.032017 
4343.650936  	-0.032424 
4345.082594  	-0.032720 
4346.514252  	-0.032429 
4347.945911  	-0.032243 
4349.377569  	-0.032408 
4350.809227  	-0.032498 
4352.240885  	-0.032851 
4353.672543  	-0.033297 
4355.104201  	-0.033249 
4356.535860  	-0.033169 
4357.967518  	-0.033190 
4359.399176  	-0.033004 
4360.830834  	-0.033154 
4362.262492  	-0.033793 
4363.694151  	-0.034072 
4365.125809  	-0.033673 
4366.557467  	-0.033374 
4367.989125  	-0.033683 
4369.420783  	-0.033794 
4370.852441  	-0.033279 
4372.284100  	-0.032994 
4373.715758  	-0.033119 
4375.147416  	-0.033266 
4376.579074  	-0.033485 
4378.010732  	-0.033483 
4379.442391  	-0.033340 
4380.874049  	-0.033643 
4382.305707  	-0.034053 
4383.737365  	-0.034042 
4385.169023  	-0.033640 
4386.600682  	-0.033260 
4388.032340  	-0.033498 
4389.463998  	-0.033892 
4390.895656  	-0.033822 
4392.327314  	-0.033812 
4393.758972  	-0.033830 
4395.190631  	-0.033616 
4396.622289  	-0.033665 
4398.053947  	-0.033718 
4399.485605  	-0.033552 
4400.917263  	-0.033643 
4402.348922  	-0.033731 
4403.780580  	-0.033684 
4405.212238  	-0.033859 
4406.643896  	-0.034137 
4408.075554  	-0.034399 
4409.507213  	-0.034314 
4410.938871  	-0.033699 
4412.370529  	-0.033370 
4413.802187  	-0.033580 
4415.233845  	-0.033844 
4416.665503  	-0.034047 
4418.097162  	-0.033920 
4419.528820  	-0.033645 
4420.960478  	-0.033857 
4422.392136  	-0.034027 
4423.823794  	-0.033715 
4425.255453  	-0.033753 
4426.687111  	-0.034413 
4428.118769  	-0.034860 
4429.550427  	-0.034572 
4430.982085  	-0.034078 
4432.413743  	-0.034068 
4433.845402  	-0.034192 
4435.277060  	-0.033903 
4436.708718  	-0.033580 
4438.140376  	-0.033711 
4439.572034  	-0.034096 
4441.003693  	-0.034111 
4442.435351  	-0.033698 
4443.867009  	-0.033794 
4445.298667  	-0.034497 
4446.730325  	-0.034763 
4448.161984  	-0.034691 
4449.593642  	-0.034653 
4451.025300  	-0.034116 
4452.456958  	-0.033649 
4453.888616  	-0.033957 
4455.320274  	-0.034192 
4456.751933  	-0.034049 
4458.183591  	-0.033916 
4459.615249  	-0.033888 
4461.046907  	-0.034294 
4462.478565  	-0.034526 
4463.910224  	-0.034064 
4465.341882  	-0.034057 
4466.773540  	-0.034429 
4468.205198  	-0.034311 
4469.636856  	-0.034324 
4471.068515  	-0.034326 
4472.500173  	-0.033975 
4473.931831  	-0.033990 
4475.363489  	-0.033970 
4476.795147  	-0.033803 
4478.226805  	-0.034257 
4479.658464  	-0.034649 
4481.090122  	-0.034661 
4482.521780  	-0.034820 
4483.953438  	-0.034653 
4485.385096  	-0.034208 
4486.816755  	-0.034030 
4488.248413  	-0.034043 
4489.680071  	-0.034385 
4491.111729  	-0.034656 
4492.543387  	-0.034241 
4493.975045  	-0.033807 
4495.406704  	-0.033832 
4496.838362  	-0.033964 
4498.270020  	-0.034024 
4499.701678  	-0.033718 
4501.133336  	-0.033172 
4502.564995  	-0.033369 
4503.996653  	-0.034191 
4505.428311  	-0.034398 
4506.859969  	-0.034169 
4508.291627  	-0.034330 
4509.723286  	-0.034335 
4511.154944  	-0.034052 
4512.586602  	-0.034104 
4514.018260  	-0.034102 
4515.449918  	-0.033935 
4516.881576  	-0.033860 
4518.313235  	-0.033550 
4519.744893  	-0.033593 
4521.176551  	-0.034181 
4522.608209  	-0.034328 
4524.039867  	-0.034529 
4525.471526  	-0.035163 
4526.903184  	-0.035098 
4528.334842  	-0.034598 
4529.766500  	-0.034601 
4531.198158  	-0.034673 
4532.629817  	-0.034289 
4534.061475  	-0.033825 
4535.493133  	-0.033859 
4536.924791  	-0.034100 
4538.356449  	-0.034086 
4539.788107  	-0.034148 
4541.219766  	-0.034282 
4542.651424  	-0.034385 
4544.083082  	-0.034650 
4545.514740  	-0.034810 
4546.946398  	-0.035065 
4548.378057  	-0.035369 
4549.809715  	-0.034863 
4551.241373  	-0.034308 
4552.673031  	-0.034446 
4554.104689  	-0.034196 
4555.536347  	-0.033679 
4556.968006  	-0.033800 
4558.399664  	-0.033965 
4559.831322  	-0.033622 
4561.262980  	-0.033566 
4562.694638  	-0.034352 
4564.126297  	-0.034779 
4565.557955  	-0.034293 
4566.989613  	-0.034315 
4568.421271  	-0.034616 
4569.852929  	-0.034185 
4571.284588  	-0.034084 
4572.716246  	-0.034466 
4574.147904  	-0.034638 
4575.579562  	-0.034941 
4577.011220  	-0.034766 
4578.442878  	-0.033948 
4579.874537  	-0.033701 
4581.306195  	-0.033841 
4582.737853  	-0.033883 
4584.169511  	-0.034137 
4585.601169  	-0.034367 
4587.032828  	-0.034402 
4588.464486  	-0.034391 
4589.896144  	-0.034556 
4591.327802  	-0.034956 
4592.759460  	-0.034916 
4594.191118  	-0.034390 
4595.622777  	-0.034061 
4597.054435  	-0.033936 
4598.486093  	-0.034161 
4599.917751  	-0.034751 
4601.349409  	-0.034854 
4602.781068  	-0.034399 
4604.212726  	-0.034114 
4605.644384  	-0.033994 
4607.076042  	-0.033604 
4608.507700  	-0.033233 
4609.939359  	-0.033583 
4611.371017  	-0.034245 
4612.802675  	-0.034396 
4614.234333  	-0.034305 
4615.665991  	-0.034206 
4617.097649  	-0.034067 
4618.529308  	-0.034386 
4619.960966  	-0.034893 
4621.392624  	-0.034766 
4622.824282  	-0.034353 
4624.255940  	-0.034378 
4625.687599  	-0.034633 
4627.119257  	-0.034628 
4628.550915  	-0.034608 
4629.982573  	-0.034914 
4631.414231  	-0.035041 
4632.845890  	-0.034760 
4634.277548  	-0.034663 
4635.709206  	-0.034693 
4637.140864  	-0.034311 
4638.572522  	-0.033922 
4640.004180  	-0.034204 
4641.435839  	-0.034718 
4642.867497  	-0.034741 
4644.299155  	-0.034545 
4645.730813  	-0.034564 
4647.162471  	-0.034606 
4648.594130  	-0.034552 
4650.025788  	-0.034379 
4651.457446  	-0.034099 
4652.889104  	-0.034176 
4654.320762  	-0.034695 
4655.752420  	-0.034894 
4657.184079  	-0.034568 
4658.615737  	-0.034322 
4660.047395  	-0.034135 
4661.479053  	-0.033823 
4662.910711  	-0.034014 
4664.342370  	-0.034528 
4665.774028  	-0.034536 
4667.205686  	-0.034572 
4668.637344  	-0.034789 
4670.069002  	-0.034314 
4671.500661  	-0.033806 
4672.932319  	-0.034009 
4674.363977  	-0.034084 
4675.795635  	-0.033900 
4677.227293  	-0.034114 
4678.658951  	-0.034546 
4680.090610  	-0.034662 
4681.522268  	-0.034430 
4682.953926  	-0.034241 
4684.385584  	-0.034174 
4685.817242  	-0.034275 
4687.248901  	-0.034851 
4688.680559  	-0.035206 
4690.112217  	-0.034669 
4691.543875  	-0.034175 
4692.975533  	-0.034258 
4694.407192  	-0.034248 
4695.838850  	-0.033931 
4697.270508  	-0.033809 
4698.702166  	-0.034134 
4700.133824  	-0.034452 
4701.565482  	-0.034593 
4702.997141  	-0.034723 
4704.428799  	-0.034436 
4705.860457  	-0.034104 
4707.292115  	-0.034278 
4708.723773  	-0.034014 
4710.155432  	-0.033406 
4711.587090  	-0.033734 
4713.018748  	-0.034625 
4714.450406  	-0.034937 
4715.882064  	-0.034499 
4717.313722  	-0.034215 
4718.745381  	-0.034298 
4720.177039  	-0.033574 
4721.608697  	-0.033111 
4723.040355  	-0.034365 
4724.472013  	-0.035186 
4725.903672  	-0.035025 
4727.335330  	-0.035521 
4728.766988  	-0.035569 
4730.198646  	-0.034767 
4731.630304  	-0.034409 
4733.061963  	-0.034310 
4734.493621  	-0.034605 
4735.925279  	-0.035071 
4737.356937  	-0.034726 
4738.788595  	-0.034358 
4740.220253  	-0.034144 
4741.651912  	-0.033680 
4743.083570  	-0.034019 
4744.515228  	-0.034426 
4745.946886  	-0.033933 
4747.378544  	-0.034164 
4748.810203  	-0.034906 
4750.241861  	-0.034594 
4751.673519  	-0.034201 
4753.105177  	-0.034368 
4754.536835  	-0.034192 
4755.968493  	-0.033995 
4757.400152  	-0.034311 
4758.831810  	-0.034288 
4760.263468  	-0.033627 
4761.695126  	-0.033493 
4763.126784  	-0.034205 
4764.558443  	-0.034508 
4765.990101  	-0.034036 
4767.421759  	-0.033669 
4768.853417  	-0.033625 
4770.285075  	-0.033822 
4771.716734  	-0.034351 
4773.148392  	-0.034538 
4774.580050  	-0.034169 
4776.011708  	-0.034076 
4777.443366  	-0.034034 
4778.875024  	-0.033656 
4780.306683  	-0.033849 
4781.738341  	-0.034486 
4783.169999  	-0.034620 
4784.601657  	-0.034554 
4786.033315  	-0.034533 
4787.464974  	-0.034456 
4788.896632  	-0.034532 
4790.328290  	-0.034342 
4791.759948  	-0.033893 
4793.191606  	-0.034017 
4794.623265  	-0.034574 
4796.054923  	-0.034765 
4797.486581  	-0.034162 
4798.918239  	-0.033255 
4800.349897  	-0.033029 
4801.781555  	-0.033101 
4803.213214  	-0.033078 
4804.644872  	-0.033708 
4806.076530  	-0.034274 
4807.508188  	-0.034144 
4808.939846  	-0.034521 
4810.371505  	-0.035034 
4811.803163  	-0.034771 
4813.234821  	-0.034694 
4814.666479  	-0.034795 
4816.098137  	-0.034277 
4817.529795  	-0.033836 
4818.961454  	-0.033992 
4820.393112  	-0.034346 
4821.824770  	-0.034455 
4823.256428  	-0.034146 
4824.688086  	-0.034087 
4826.119745  	-0.034527 
4827.551403  	-0.034558 
4828.983061  	-0.034372 
4830.414719  	-0.034693 
4831.846377  	-0.034676 
4833.278036  	-0.034030 
4834.709694  	-0.033784 
4836.141352  	-0.033870 
4837.573010  	-0.033926 
4839.004668  	-0.034263 
4840.436326  	-0.034342 
4841.867985  	-0.034026 
4843.299643  	-0.034185 
4844.731301  	-0.034250 
4846.162959  	-0.033780 
4847.594617  	-0.034134 
4849.026276  	-0.035076 
4850.457934  	-0.035073 
4851.889592  	-0.034708 
4853.321250  	-0.034940 
4854.752908  	-0.035072 
4856.184567  	-0.034581 
4857.616225  	-0.033987 
4859.047883  	-0.033981 
4860.479541  	-0.034413 
4861.911199  	-0.034366 
4863.342857  	-0.034027 
4864.774516  	-0.034400 
4866.206174  	-0.034997 
4867.637832  	-0.034903 
4869.069490  	-0.034436 
4870.501148  	-0.033842 
4871.932807  	-0.033227 
4873.364465  	-0.033411 
4874.796123  	-0.034285 
4876.227781  	-0.034336 
4877.659439  	-0.033505 
4879.091097  	-0.033475 
4880.522756  	-0.034218 
4881.954414  	-0.034378 
4883.386072  	-0.034314 
4884.817730  	-0.034460 
4886.249388  	-0.034311 
4887.681047  	-0.034581 
4889.112705  	-0.035132 
4890.544363  	-0.034460 
4891.976021  	-0.033632 
4893.407679  	-0.033961 
4894.839338  	-0.034118 
4896.270996  	-0.033827 
4897.702654  	-0.034063 
4899.134312  	-0.034620 
4900.565970  	-0.034999 
4901.997628  	-0.034871 
4903.429287  	-0.034550 
4904.860945  	-0.034812 
4906.292603  	-0.034987 
4907.724261  	-0.034377 
4909.155919  	-0.033864 
4910.587578  	-0.033962 
4912.019236  	-0.034332 
4913.450894  	-0.034528 
4914.882552  	-0.034203 
4916.314210  	-0.033748 
4917.745869  	-0.033639 
4919.177527  	-0.033756 
4920.609185  	-0.034143 
4922.040843  	-0.034540 
4923.472501  	-0.034180 
4924.904159  	-0.033679 
4926.335818  	-0.034359 
4927.767476  	-0.035047 
4929.199134  	-0.034213 
4930.630792  	-0.033740 
4932.062450  	-0.034725 
4933.494109  	-0.035090 
4934.925767  	-0.034788 
4936.357425  	-0.035110 
4937.789083  	-0.035104 
4939.220741  	-0.034720 
4940.652399  	-0.035080 
4942.084058  	-0.035374 
4943.515716  	-0.034758 
4944.947374  	-0.033998 
4946.379032  	-0.033785 
4947.810690  	-0.033885 
4949.242349  	-0.033842 
4950.674007  	-0.033869 
4952.105665  	-0.034169 
4953.537323  	-0.034238 
4954.968981  	-0.034029 
4956.400640  	-0.034055 
4957.832298  	-0.034446 
4959.263956  	-0.034779 
4960.695614  	-0.034716 
4962.127272  	-0.034793 
4963.558930  	-0.035107 
4964.990589  	-0.034711 
4966.422247  	-0.034026 
4967.853905  	-0.034328 
4969.285563  	-0.035105 
4970.717221  	-0.035208 
4972.148880  	-0.034795 
4973.580538  	-0.034563 
4975.012196  	-0.034520 
4976.443854  	-0.034508 
4977.875512  	-0.034706 
4979.307170  	-0.034740 
4980.738829  	-0.034353 
4982.170487  	-0.034193 
4983.602145  	-0.034295 
4985.033803  	-0.034218 
4986.465461  	-0.033838 
4987.897120  	-0.033324 
4989.328778  	-0.033724 
4990.760436  	-0.034931 
4992.192094  	-0.035234 
4993.623752  	-0.034866 
4995.055411  	-0.034538 
4996.487069  	-0.033839 
4997.918727  	-0.033798 
4999.350385  	-0.034723 
5000.782043  	-0.035069 
5002.213701  	-0.034822 
5003.645360  	-0.034435 
5005.077018  	-0.033820 
5006.508676  	-0.033668 
5007.940334  	-0.034122 
5009.371992  	-0.034652 
5010.803651  	-0.034809 
5012.235309  	-0.034260 
5013.666967  	-0.033911 
5015.098625  	-0.034188 
5016.530283  	-0.033968 
5017.961942  	-0.033678 
5019.393600  	-0.034413 
5020.825258  	-0.035149 
5022.256916  	-0.034747 
5023.688574  	-0.033733 
5025.120232  	-0.033347 
5026.551891  	-0.033957 
5027.983549  	-0.034340 
5029.415207  	-0.033837 
5030.846865  	-0.033592 
5032.278523  	-0.034133 
5033.710182  	-0.034534 
5035.141840  	-0.034426 
5036.573498  	-0.034327 
5038.005156  	-0.034260 
5039.436814  	-0.034067 
5040.868472  	-0.034136 
5042.300131  	-0.034276 
5043.731789  	-0.033825 
5045.163447  	-0.033413 
5046.595105  	-0.033875 
5048.026763  	-0.034543 
5049.458422  	-0.034580 
5050.890080  	-0.034193 
5052.321738  	-0.034171 
5053.753396  	-0.034699 
5055.185054  	-0.034734 
5056.616713  	-0.034185 
5058.048371  	-0.034574 
5059.480029  	-0.035557 
5060.911687  	-0.035676 
5062.343345  	-0.035713 
5063.775003  	-0.036011 
5065.206662  	-0.035388 
5066.638320  	-0.034558 
5068.069978  	-0.034542 
5069.501636  	-0.034640 
5070.933294  	-0.034751 
5072.364953  	-0.034914 
5073.796611  	-0.034584 
5075.228269  	-0.034346 
5076.659927  	-0.034640 
5078.091585  	-0.034748 
5079.523244  	-0.034394 
5080.954902  	-0.033925 
5082.386560  	-0.034083 
5083.818218  	-0.034932 
5085.249876  	-0.034960 
5086.681534  	-0.034170 
5088.113193  	-0.034281 
5089.544851  	-0.034615 
5090.976509  	-0.033825 
5092.408167  	-0.033096 
5093.839825  	-0.033378 
5095.271484  	-0.033945 
5096.703142  	-0.034374 
5098.134800  	-0.034714 
5099.566458  	-0.034682 
5100.998116  	-0.034001 
5102.429774  	-0.033370 
5103.861433  	-0.033748 
5105.293091  	-0.034380 
5106.724749  	-0.034183 
5108.156407  	-0.033812 
5109.588065  	-0.033998 
5111.019724  	-0.034643 
5112.451382  	-0.035263 
5113.883040  	-0.034887 
5115.314698  	-0.033846 
5116.746356  	-0.033543 
5118.178015  	-0.033960 
5119.609673  	-0.034622 
5121.041331  	-0.035235 
5122.472989  	-0.035079 
5123.904647  	-0.034504 
5125.336305  	-0.034354 
5126.767964  	-0.034581 
5128.199622  	-0.034818 
5129.631280  	-0.034501 
5131.062938  	-0.034077 
5132.494596  	-0.034548 
5133.926255  	-0.034963 
5135.357913  	-0.034615 
5136.789571  	-0.034543 
5138.221229  	-0.034843 
5139.652887  	-0.034807 
5141.084546  	-0.034117 
5142.516204  	-0.033209 
5143.947862  	-0.033157 
5145.379520  	-0.033664 
5146.811178  	-0.034139 
5148.242836  	-0.034620 
5149.674495  	-0.034318 
5151.106153  	-0.034043 
5152.537811  	-0.035026 
5153.969469  	-0.035204 
5155.401127  	-0.034204 
5156.832786  	-0.034361 
5158.264444  	-0.035347 
5159.696102  	-0.035436 
5161.127760  	-0.034249 
5162.559418  	-0.033000 
5163.991076  	-0.033284 
5165.422735  	-0.034015 
5166.854393  	-0.034270 
5168.286051  	-0.034888 
5169.717709  	-0.034799 
5171.149367  	-0.034229 
5172.581026  	-0.034642 
5174.012684  	-0.034203 
5175.444342  	-0.033175 
5176.876000  	-0.033889 
5178.307658  	-0.034638 
5179.739317  	-0.034257 
5181.170975  	-0.034179 
5182.602633  	-0.034215 
5184.034291  	-0.034039 
5185.465949  	-0.034024 
5186.897607  	-0.034407 
5188.329266  	-0.035126 
5189.760924  	-0.035052 
5191.192582  	-0.034256 
5192.624240  	-0.033970 
5194.055898  	-0.033465 
5195.487557  	-0.032947 
5196.919215  	-0.033542 
5198.350873  	-0.034057 
5199.782531  	-0.034288 
5201.214189  	-0.035143 
5202.645847  	-0.035316 
5204.077506  	-0.034750 
5205.509164  	-0.034795 
5206.940822  	-0.034541 
5208.372480  	-0.033888 
5209.804138  	-0.034206 
5211.235797  	-0.034487 
5212.667455  	-0.034105 
5214.099113  	-0.033876 
5215.530771  	-0.033501 
5216.962429  	-0.033066 
5218.394088  	-0.033444 
5219.825746  	-0.034170 
5221.257404  	-0.034854 
5222.689062  	-0.035297 
5224.120720  	-0.034480 
5225.552378  	-0.033322 
5226.984037  	-0.033427 
5228.415695  	-0.033600 
5229.847353  	-0.033559 
5231.279011  	-0.034509 
5232.710669  	-0.035525 
5234.142328  	-0.035261 
5235.573986  	-0.034289 
5237.005644  	-0.033641 
5238.437302  	-0.033676 
5239.868960  	-0.033914 
5241.300619  	-0.034234 
5242.732277  	-0.034800 
5244.163935  	-0.034951 
5245.595593  	-0.034348 
5247.027251  	-0.033622 
5248.458909  	-0.033322 
5249.890568  	-0.033882 
5251.322226  	-0.034405 
5252.753884  	-0.034270 
5254.185542  	-0.034345 
5255.617200  	-0.034501 
5257.048859  	-0.034104 
5258.480517  	-0.033857 
5259.912175  	-0.033807 
5261.343833  	-0.034091 
5262.775491  	-0.035024 
5264.207149  	-0.035409 
5265.638808  	-0.034813 
5267.070466  	-0.034462 
5268.502124  	-0.034686 
5269.933782  	-0.035156 
5271.365440  	-0.035215 
5272.797099  	-0.034890 
5274.228757  	-0.035021 
5275.660415  	-0.035191 
5277.092073  	-0.035008 
5278.523731  	-0.034930 
5279.955390  	-0.034697 
5281.387048  	-0.034491 
5282.818706  	-0.034440 
5284.250364  	-0.034083 
5285.682022  	-0.034422 
5287.113680  	-0.035110 
5288.545339  	-0.034320 
5289.976997  	-0.033366 
5291.408655  	-0.033772 
5292.840313  	-0.034458 
5294.271971  	-0.034939 
5295.703630  	-0.034854 
5297.135288  	-0.033914 
5298.566946  	-0.033406 
5299.998604  	-0.033664 
5301.430262  	-0.034188 
5302.861921  	-0.034950 
5304.293579  	-0.035029 
5305.725237  	-0.033987 
5307.156895  	-0.033399 
5308.588553  	-0.034142 
5310.020211  	-0.034668 
5311.451870  	-0.034082 
5312.883528  	-0.033610 
5314.315186  	-0.033790 
5315.746844  	-0.033678 
5317.178502  	-0.033261 
5318.610161  	-0.033407 
5320.041819  	-0.034046 
5321.473477  	-0.034160 
5322.905135  	-0.033668 
5324.336793  	-0.033887 
5325.768451  	-0.034263 
5327.200110  	-0.033352 
5328.631768  	-0.032641 
5330.063426  	-0.033098 
5331.495084  	-0.033410 
5332.926742  	-0.033754 
5334.358401  	-0.034205 
5335.790059  	-0.034458 
5337.221717  	-0.034808 
5338.653375  	-0.034472 
5340.085033  	-0.033699 
5341.516692  	-0.033545 
5342.948350  	-0.033270 
5344.380008  	-0.033316 
5345.811666  	-0.034203 
5347.243324  	-0.034301 
5348.674982  	-0.033751 
5350.106641  	-0.033264 
5351.538299  	-0.033318 
5352.969957  	-0.034309 
5354.401615  	-0.034844 
5355.833273  	-0.034378 
5357.264932  	-0.034262 
5358.696590  	-0.034102 
5360.128248  	-0.034315 
5361.559906  	-0.035435 
5362.991564  	-0.035510 
5364.423222  	-0.034111 
5365.854881  	-0.033406 
5367.286539  	-0.033975 
5368.718197  	-0.034663 
5370.149855  	-0.034688 
5371.581513  	-0.034223 
5373.013172  	-0.033824 
5374.444830  	-0.034134 
5375.876488  	-0.034919 
5377.308146  	-0.034749 
5378.739804  	-0.034168 
5380.171463  	-0.034476 
5381.603121  	-0.034551 
5383.034779  	-0.034459 
5384.466437  	-0.034590 
5385.898095  	-0.034108 
5387.329753  	-0.034424 
5388.761412  	-0.035381 
5390.193070  	-0.034679 
5391.624728  	-0.033824 
5393.056386  	-0.033744 
5394.488044  	-0.032984 
5395.919703  	-0.032947 
5397.351361  	-0.033953 
5398.783019  	-0.034263 
5400.214677  	-0.033906 
5401.646335  	-0.033364 
5403.077994  	-0.033270 
5404.509652  	-0.033822 
5405.941310  	-0.034102 
5407.372968  	-0.034469 
5408.804626  	-0.034794 
5410.236284  	-0.034272 
5411.667943  	-0.034047 
5413.099601  	-0.034492 
5414.531259  	-0.034720 
5415.962917  	-0.034514 
5417.394575  	-0.033542 
5418.826234  	-0.033061 
5420.257892  	-0.034177 
5421.689550  	-0.034670 
5423.121208  	-0.033943 
5424.552866  	-0.033806 
5425.984524  	-0.033538 
5427.416183  	-0.032816 
5428.847841  	-0.033420 
5430.279499  	-0.034501 
5431.711157  	-0.034260 
5433.142815  	-0.034453 
5434.574474  	-0.035356 
5436.006132  	-0.034950 
5437.437790  	-0.034215 
5438.869448  	-0.034029 
5440.301106  	-0.032651 
5441.732765  	-0.031493 
5443.164423  	-0.032856 
5444.596081  	-0.033818 
5446.027739  	-0.033410 
5447.459397  	-0.033830 
5448.891055  	-0.034448 
5450.322714  	-0.034009 
5451.754372  	-0.033397 
5453.186030  	-0.033156 
5454.617688  	-0.033627 
5456.049346  	-0.035080 
5457.481005  	-0.035639 
5458.912663  	-0.034635 
5460.344321  	-0.034343 
5461.775979  	-0.034553 
5463.207637  	-0.033635 
5464.639296  	-0.033245 
5466.070954  	-0.033554 
5467.502612  	-0.033107 
5468.934270  	-0.033183 
5470.365928  	-0.033719 
5471.797586  	-0.033365 
5473.229245  	-0.033731 
5474.660903  	-0.034590 
5476.092561  	-0.034163 
5477.524219  	-0.034227 
5478.955877  	-0.035168 
5480.387536  	-0.035428 
5481.819194  	-0.035556 
5483.250852  	-0.035624 
5484.682510  	-0.035263 
5486.114168  	-0.034972 
5487.545826  	-0.034169 
5488.977485  	-0.033170 
5490.409143  	-0.033371 
5491.840801  	-0.033561 
5493.272459  	-0.033242 
5494.704117  	-0.034071 
5496.135776  	-0.035032 
5497.567434  	-0.034792 
5498.999092  	-0.034359 
5500.430750  	-0.034167 
5501.862408  	-0.034067 
5503.294067  	-0.034426 
5504.725725  	-0.034588 
5506.157383  	-0.033692 
5507.589041  	-0.032592 
5509.020699  	-0.032744 
5510.452357  	-0.033998 
5511.884016  	-0.034740 
5513.315674  	-0.034726 
5514.747332  	-0.034621 
5516.178990  	-0.033998 
5517.610648  	-0.033310 
5519.042307  	-0.033780 
5520.473965  	-0.034470 
5521.905623  	-0.034773 
5523.337281  	-0.035036 
5524.768939  	-0.034576 
5526.200598  	-0.033882 
5527.632256  	-0.034017 
5529.063914  	-0.034447 
5530.495572  	-0.034468 
5531.927230  	-0.033695 
5533.358888  	-0.032837 
5534.790547  	-0.033033 
5536.222205  	-0.032963 
5537.653863  	-0.032369 
5539.085521  	-0.033266 
5540.517179  	-0.034559 
5541.948838  	-0.034552 
5543.380496  	-0.034289 
5544.812154  	-0.034163 
5546.243812  	-0.034462 
5547.675470  	-0.036082 
5549.107128  	-0.037357 
5550.538787  	-0.036562 
5551.970445  	-0.035390 
5553.402103  	-0.035283 
5554.833761  	-0.035323 
5556.265419  	-0.035114 
5557.697078  	-0.034868 
5559.128736  	-0.034622 
5560.560394  	-0.035173 
5561.992052  	-0.035585 
5563.423710  	-0.033897 
5564.855369  	-0.032834 
5566.287027  	-0.034912 
5567.718685  	-0.036296 
5569.150343  	-0.034761 
5570.582001  	-0.033502 
5572.013659  	-0.033790 
5573.445318  	-0.034071 
5574.876976  	-0.034325 
5576.308634  	-0.034867 
5577.740292  	-0.035068 
5579.171950  	-0.035500 
5580.603609  	-0.035983 
5582.035267  	-0.034578 
5583.466925  	-0.032998 
5584.898583  	-0.033551 
5586.330241  	-0.033363 
5587.761899  	-0.032100 
5589.193558  	-0.032893 
5590.625216  	-0.034174 
5592.056874  	-0.034371 
5593.488532  	-0.035369 
5594.920190  	-0.036304 
5596.351849  	-0.035257 
5597.783507  	-0.033701 
5599.215165  	-0.033718 
5600.646823  	-0.034684 
5602.078481  	-0.034488 
5603.510140  	-0.033253 
5604.941798  	-0.032663 
5606.373456  	-0.032712 
5607.805114  	-0.032842 
5609.236772  	-0.033345 
5610.668430  	-0.034276 
5612.100089  	-0.034426 
5613.531747  	-0.032872 
5614.963405  	-0.031899 
5616.395063  	-0.033297 
5617.826721  	-0.034668 
5619.258380  	-0.034629 
5620.690038  	-0.034305 
5622.121696  	-0.033754 
5623.553354  	-0.033239 
5624.985012  	-0.033442 
5626.416671  	-0.033862 
5627.848329  	-0.034030 
5629.279987  	-0.034209 
5630.711645  	-0.033934 
5632.143303  	-0.032919 
5633.574961  	-0.032635 
5635.006620  	-0.032880 
5636.438278  	-0.032257 
5637.869936  	-0.033504 
5639.301594  	-0.036287 
5640.733252  	-0.035290 
5642.164911  	-0.033170 
5643.596569  	-0.034563 
5645.028227  	-0.035980 
5646.459885  	-0.036271 
5647.891543  	-0.036646 
5649.323201  	-0.035089 
5650.754860  	-0.033347 
5652.186518  	-0.033695 
5653.618176  	-0.033520 
5655.049834  	-0.032176 
5656.481492  	-0.031717 
5657.913151  	-0.032252 
5659.344809  	-0.032480 
5660.776467  	-0.032216 
5662.208125  	-0.032266 
5663.639783  	-0.032516 
5665.071442  	-0.033315 
5666.503100  	-0.034507 
5667.934758  	-0.034023 
5669.366416  	-0.032776 
5670.798074  	-0.032168 
5672.229732  	-0.030515 
5673.661391  	-0.029582 
5675.093049  	-0.031331 
5676.524707  	-0.032932 
5677.956365  	-0.033269 
5679.388023  	-0.033036 
5680.819682  	-0.032447 
5682.251340  	-0.032342 
5683.682998  	-0.032329 
5685.114656  	-0.032608 
5686.546314  	-0.033280 
5687.977973  	-0.032635 
5689.409631  	-0.032676 
5690.841289  	-0.034538 
5692.272947  	-0.033706 
5693.704605  	-0.030771 
5695.136263  	-0.030629 
5696.567922  	-0.031868 
5697.999580  	-0.031026 
5699.431238  	-0.029885 
5700.862896  	-0.031405 
5702.294554  	-0.033743 
5703.726213  	-0.033577 
5705.157871  	-0.032181 
5706.589529  	-0.032078 
5708.021187  	-0.033006 
5709.452845  	-0.033765 
5710.884503  	-0.033231 
5712.316162  	-0.031702 
5713.747820  	-0.031295 
5715.179478  	-0.032303 
5716.611136  	-0.032517 
5718.042794  	-0.031368 
5719.474453  	-0.030778 
5720.906111  	-0.031386 
5722.337769  	-0.032681 
5723.769427  	-0.035065 
5725.201085  	-0.036913 
5726.632744  	-0.035670 
5728.064402  	-0.033427 
5729.496060  	-0.032958 
5730.927718  	-0.033187 
5732.359376  	-0.033473 
5733.791034  	-0.034579 
5735.222693  	-0.035257 
5736.654351  	-0.034325 
5738.086009  	-0.033266 
5739.517667  	-0.032911 
5740.949325  	-0.032229 
5742.380984  	-0.031618 
5743.812642  	-0.031265 
5745.244300  	-0.031198 
5746.675958  	-0.033141 
5748.107616  	-0.034990 
5749.539275  	-0.033781 
5750.970933  	-0.033125 
5752.402591  	-0.034374 
5753.834249  	-0.033642 
5755.265907  	-0.032128 
5756.697565  	-0.032884 
5758.129224  	-0.033550 
5759.560882  	-0.032430 
5760.992540  	-0.031771 
5762.424198  	-0.031186 
5763.855856  	-0.029453 
5765.287515  	-0.030524 
5766.719173  	-0.033589 
5768.150831  	-0.032454 
5769.582489  	-0.030939 
5771.014147  	-0.032780 
5772.445805  	-0.032347 
5773.877464  	-0.031209 
5775.309122  	-0.032975 
5776.740780  	-0.033452 
5778.172438  	-0.032772 
5779.604096  	-0.032927 
5781.035755  	-0.032707 
5782.467413  	-0.033264 
5783.899071  	-0.033795 
5785.330729  	-0.032808 
5786.762387  	-0.031942 
5788.194046  	-0.031459 
5789.625704  	-0.031029 
5791.057362  	-0.029987 
5792.489020  	-0.029349 
5793.920678  	-0.031933 
5795.352336  	-0.033993 
5796.783995  	-0.032776 
5798.215653  	-0.032495 
5799.647311  	-0.032673 
5801.078969  	-0.031975 
5802.510627  	-0.032657 
5803.942286  	-0.033474 
5805.373944  	-0.033377 
5806.805602  	-0.032314 
5808.237260  	-0.030695 
5809.668918  	-0.031067 
5811.100576  	-0.031393 
5812.532235  	-0.030660 
5813.963893  	-0.031958 
5815.395551  	-0.031641 
5816.827209  	-0.028630 
5818.258867  	-0.029057 
5819.690526  	-0.031939 
5821.122184  	-0.032897 
5822.553842  	-0.031963 
5823.985500  	-0.031362 
5825.417158  	-0.033562 
5826.848817  	-0.035777 
5828.280475  	-0.033986 
5829.712133  	-0.031065 
5831.143791  	-0.029844 
5832.575449  	-0.029082 
5834.007107  	-0.028901 
5835.438766  	-0.029952 
5836.870424  	-0.030605 
5838.302082  	-0.030480 
5839.733740  	-0.031898 
5841.165398  	-0.033637 
5842.597057  	-0.032932 
5844.028715  	-0.031768 
5845.460373  	-0.031241 
5846.892031  	-0.031049 
5848.323689  	-0.032614 
5849.755348  	-0.033277 
5851.187006  	-0.031230 
5852.618664  	-0.030008 
5854.050322  	-0.030181 
5855.481980  	-0.030399 
5856.913638  	-0.030241 
5858.345297  	-0.029807 
5859.776955  	-0.030853 
5861.208613  	-0.032191 
5862.640271  	-0.031643 
5864.071929  	-0.030178 
5865.503588  	-0.027958 
5866.935246  	-0.027882 
5868.366904  	-0.031831 
5869.798562  	-0.034582 
5871.230220  	-0.035048 
5872.661878  	-0.034759 
5874.093537  	-0.032154 
5875.525195  	-0.030965 
5876.956853  	-0.032535 
5878.388511  	-0.032631 
5879.820169  	-0.032828 
5881.251828  	-0.034147 
5882.683486  	-0.034052 
5884.115144  	-0.033963 
5885.546802  	-0.034987 
5886.978460  	-0.036077 
5888.410119  	-0.036393 
5889.841777  	-0.035161 
5891.273435  	-0.034331 
5892.705093  	-0.035366 
5894.136751  	-0.036204 
5895.568409  	-0.035710 
5897.000068  	-0.034397 
5898.431726  	-0.032937 
5899.863384  	-0.031678 
5901.295042  	-0.030656 
5902.726700  	-0.030816 
5904.158359  	-0.032581 
5905.590017  	-0.033902 
5907.021675  	-0.033503 
5908.453333  	-0.033738 
5909.884991  	-0.035575 
5911.316650  	-0.035207 
5912.748308  	-0.032497 
5914.179966  	-0.031530 
5915.611624  	-0.031010 
5917.043282  	-0.029981 
5918.474940  	-0.031345 
5919.906599  	-0.033400 
5921.338257  	-0.033596 
5922.769915  	-0.032941 
5924.201573  	-0.032112 
5925.633231  	-0.032129 
5927.064890  	-0.033169 
5928.496548  	-0.033632 
5929.928206  	-0.033641 
5931.359864  	-0.034230 
5932.791522  	-0.035370 
5934.223180  	-0.035084 
5935.654839  	-0.033249 
5937.086497  	-0.032954 
5938.518155  	-0.032640 
5939.949813  	-0.031061 
5941.381471  	-0.032198 
5942.813130  	-0.033849 
5944.244788  	-0.032992 
5945.676446  	-0.032987 
5947.108104  	-0.032801 
5948.539762  	-0.031348 
5949.971421  	-0.031795 
5951.403079  	-0.033265 
5952.834737  	-0.034419 
5954.266395  	-0.034159 
5955.698053  	-0.031881 
5957.129711  	-0.032387 
5958.561370  	-0.034728 
5959.993028  	-0.033219 
5961.424686  	-0.031357 
5962.856344  	-0.031342 
5964.288002  	-0.030064 
5965.719661  	-0.029162 
5967.151319  	-0.029668 
5968.582977  	-0.030426 
5970.014635  	-0.032179 
5971.446293  	-0.033708 
5972.877951  	-0.033779 
5974.309610  	-0.032932 
5975.741268  	-0.032307 
5977.172926  	-0.033693 
5978.604584  	-0.034684 
5980.036242  	-0.033591 
5981.467901  	-0.034575 
5982.899559  	-0.035652 
5984.331217  	-0.032775 
5985.762875  	-0.031040 
5987.194533  	-0.031799 
5988.626192  	-0.031982 
5990.057850  	-0.034196 
5991.489508  	-0.036723 
5992.921166  	-0.035264 
5994.352824  	-0.033144 
5995.784482  	-0.033245 
5997.216141  	-0.034709 
5998.647799  	-0.034877 
6000.079457  	-0.032184 
6001.511115  	-0.032061 
6002.942773  	-0.034903 
6004.374432  	-0.035018 
6005.806090  	-0.035877 
6007.237748  	-0.036917 
6008.669406  	-0.033243 
6010.101064  	-0.032647 
6011.532723  	-0.035499 
6012.964381  	-0.033336 
6014.396039  	-0.031138 
6015.827697  	-0.031777 
6017.259355  	-0.031593 
6018.691013  	-0.033810 
6020.122672  	-0.036237 
6021.554330  	-0.034496 
6022.985988  	-0.033595 
6024.417646  	-0.034736 
6025.849304  	-0.034506 
6027.280963  	-0.033536 
6028.712621  	-0.033138 
6030.144279  	-0.033287 
6031.575937  	-0.032687 
6033.007595  	-0.031948 
6034.439253  	-0.033476 
6035.870912  	-0.035336 
6037.302570  	-0.035243 
6038.734228  	-0.033886 
6040.165886  	-0.032303 
6041.597544  	-0.032820 
6043.029203  	-0.034511 
6044.460861  	-0.034147 
6045.892519  	-0.033499 
6047.324177  	-0.033426 
6048.755835  	-0.033152 
6050.187494  	-0.034277 
6051.619152  	-0.035052 
6053.050810  	-0.033547 
6054.482468  	-0.032607 
6055.914126  	-0.033720 
6057.345784  	-0.036230 
6058.777443  	-0.037872 
6060.209101  	-0.035422 
6061.640759  	-0.032377 
6063.072417  	-0.033589 
6064.504075  	-0.034244 
6065.935734  	-0.030602 
6067.367392  	-0.029183 
6068.799050  	-0.032640 
6070.230708  	-0.035219 
6071.662366  	-0.035022 
6073.094025  	-0.034447 
6074.525683  	-0.034241 
6075.957341  	-0.033440 
6077.388999  	-0.031741 
6078.820657  	-0.031513 
6080.252315  	-0.033623 
6081.683974  	-0.034579 
6083.115632  	-0.033630 
6084.547290  	-0.033494 
6085.978948  	-0.034038 
6087.410606  	-0.034031 
6088.842265  	-0.034731 
6090.273923  	-0.037758 
6091.705581  	-0.039338 
6093.137239  	-0.035538 
6094.568897  	-0.032811 
6096.000555  	-0.034120 
6097.432214  	-0.033026 
6098.863872  	-0.032626 
6100.295530  	-0.036223 
6101.727188  	-0.035880 
6103.158846  	-0.033402 
6104.590505  	-0.034469 
6106.022163  	-0.034279 
6107.453821  	-0.034450 
6108.885479  	-0.037969 
6110.317137  	-0.037750 
6111.748796  	-0.034327 
6113.180454  	-0.033906 
6114.612112  	-0.034117 
6116.043770  	-0.034606 
6117.475428  	-0.037322 
6118.907086  	-0.037127 
6120.338745  	-0.034261 
6121.770403  	-0.035207 
6123.202061  	-0.037363 
6124.633719  	-0.036074 
6126.065377  	-0.033783 
6127.497036  	-0.032768 
6128.928694  	-0.033613 
6130.360352  	-0.033769 
6131.792010  	-0.032079 
6133.223668  	-0.033673 
6134.655327  	-0.035671 
6136.086985  	-0.032831 
6137.518643  	-0.032283 
6138.950301  	-0.034008 
6140.381959  	-0.032172 
6141.813617  	-0.031990 
6143.245276  	-0.033850 
6144.676934  	-0.033381 
6146.108592  	-0.032642 
6147.540250  	-0.032164 
6148.971908  	-0.034165 
6150.403567  	-0.037599 
6151.835225  	-0.035097 
6153.266883  	-0.032645 
6154.698541  	-0.035342 
6156.130199  	-0.034048 
6157.561857  	-0.030894 
6158.993516  	-0.032449 
6160.425174  	-0.033115 
6161.856832  	-0.030735 
6163.288490  	-0.029468 
6164.720148  	-0.030702 
6166.151807  	-0.032488 
6167.583465  	-0.032916 
6169.015123  	-0.033650 
6170.446781  	-0.034335 
6171.878439  	-0.033287 
6173.310098  	-0.034136 
6174.741756  	-0.035122 
6176.173414  	-0.030919 
6177.605072  	-0.027280 
6179.036730  	-0.029967 
6180.468388  	-0.033443 
6181.900047  	-0.033329 
6183.331705  	-0.032691 
6184.763363  	-0.032408 
6186.195021  	-0.031740 
6187.626679  	-0.033760 
6189.058338  	-0.035978 
6190.489996  	-0.033945 
6191.921654  	-0.034012 
6193.353312  	-0.037750 
6194.784970  	-0.037846 
6196.216628  	-0.035898 
6197.648287  	-0.034539 
6199.079945  	-0.033703 
6200.511603  	-0.036172 
6201.943261  	-0.037636 
6203.374919  	-0.034793 
6204.806578  	-0.033066 
6206.238236  	-0.032346 
6207.669894  	-0.029868 
6209.101552  	-0.028677 
6210.533210  	-0.030361 
6211.964869  	-0.031600 
6213.396527  	-0.029713 
6214.828185  	-0.029022 
6216.259843  	-0.032501 
6217.691501  	-0.035538 
6219.123159  	-0.037733 
6220.554818  	-0.038882 
6221.986476  	-0.035611 
6223.418134  	-0.034020 
6224.849792  	-0.036735 
6226.281450  	-0.036654 
6227.713109  	-0.034053 
6229.144767  	-0.032189 
6230.576425  	-0.031441 
6232.008083  	-0.031913 
6233.439741  	-0.032103 
6234.871400  	-0.034614 
6236.303058  	-0.038075 
6237.734716  	-0.035163 
6239.166374  	-0.032020 
6240.598032  	-0.034750 
6242.029690  	-0.035670 
6243.461349  	-0.034835 
6244.893007  	-0.036358 
6246.324665  	-0.036120 
6247.756323  	-0.034335 
6249.187981  	-0.034593 
6250.619640  	-0.035820 
6252.051298  	-0.035168 
6253.482956  	-0.031293 
6254.914614  	-0.028599 
6256.346272  	-0.030417 
6257.777930  	-0.032861 
6259.209589  	-0.034019 
6260.641247  	-0.035211 
6262.072905  	-0.036008 
6263.504563  	-0.036174 
6264.936221  	-0.035186 
6266.367880  	-0.034141 
6267.799538  	-0.035102 
6269.231196  	-0.034792 
6270.662854  	-0.031873 
6272.094512  	-0.031660 
6273.526171  	-0.033603 
6274.957829  	-0.033001 
6276.389487  	-0.031960 
6277.821145  	-0.032797 
6279.252803  	-0.031599 
6280.684461  	-0.027721 
6282.116120  	-0.027130 
6283.547778  	-0.032201 
6284.979436  	-0.036524 
6286.411094  	-0.036312 
6287.842752  	-0.036387 
6289.274411  	-0.038132 
6290.706069  	-0.036574 
6292.137727  	-0.033435 
6293.569385  	-0.033145 
6295.001043  	-0.034555 
6296.432702  	-0.037683 
6297.864360  	-0.040120 
6299.296018  	-0.035438 
6300.727676  	-0.028633 
6302.159334  	-0.028958 
6303.590992  	-0.032314 
6305.022651  	-0.032867 
6306.454309  	-0.032802 
6307.885967  	-0.032982 
6309.317625  	-0.033175 
6310.749283  	-0.034221 
6312.180942  	-0.035672 
6313.612600  	-0.037409 
6315.044258  	-0.038333 
6316.475916  	-0.036053 
6317.907574  	-0.032824 
6319.339232  	-0.032504 
6320.770891  	-0.033811 
6322.202549  	-0.035196 
6323.634207  	-0.035343 
6325.065865  	-0.032541 
6326.497523  	-0.030182 
6327.929182  	-0.032176 
6329.360840  	-0.035373 
6330.792498  	-0.036485 
6332.224156  	-0.036142 
6333.655814  	-0.035072 
6335.087473  	-0.034037 
6336.519131  	-0.031777 
6337.950789  	-0.028542 
6339.382447  	-0.031035 
6340.814105  	-0.037208 
6342.245763  	-0.034806 
6343.677422  	-0.028302 
6345.109080  	-0.030642 
6346.540738  	-0.035189 
6347.972396  	-0.032923 
6349.404054  	-0.030655 
6350.835713  	-0.032655 
6352.267371  	-0.034253 
6353.699029  	-0.033309 
6355.130687  	-0.031095 
6356.562345  	-0.029011 
6357.994003  	-0.028350 
6359.425662  	-0.030218 
6360.857320  	-0.033679 
6362.288978  	-0.034678 
6363.720636  	-0.034370 
6365.152294  	-0.037647 
6366.583953  	-0.039090 
6368.015611  	-0.034599 
6369.447269  	-0.033513 
6370.878927  	-0.035393 
6372.310585  	-0.031891 
6373.742244  	-0.030458 
6375.173902  	-0.036746 
6376.605560  	-0.038610 
6378.037218  	-0.031379 
6379.468876  	-0.027210 
6380.900534  	-0.032207 
6382.332193  	-0.038081 
6383.763851  	-0.037865 
6385.195509  	-0.034116 
6386.627167  	-0.030437 
6388.058825  	-0.030723 
6389.490484  	-0.036641 
6390.922142  	-0.037874 
6392.353800  	-0.029439 
6393.785458  	-0.024067 
6395.217116  	-0.026579 
6396.648775  	-0.028708 
6398.080433  	-0.029158 
6399.512091  	-0.029088 
6400.943749  	-0.030829 
6402.375407  	-0.036117 
6403.807065  	-0.035311 
6405.238724  	-0.028078 
6406.670382  	-0.029138 
6408.102040  	-0.035666 
6409.533698  	-0.036591 
6410.965356  	-0.035090 
6412.397015  	-0.033719 
6413.828673  	-0.032017 
6415.260331  	-0.030993 
6416.691989  	-0.028488 
6418.123647  	-0.029653 
6419.555305  	-0.037083 
6420.986964  	-0.038991 
6422.418622  	-0.033716 
6423.850280  	-0.031267 
6425.281938  	-0.030942 
6426.713596  	-0.030081 
6428.145255  	-0.029868 
6429.576913  	-0.028324 
6431.008571  	-0.026542 
6432.440229  	-0.027915 
6433.871887  	-0.030839 
6435.303546  	-0.031967 
6436.735204  	-0.031218 
6438.166862  	-0.031200 
6439.598520  	-0.032343 
6441.030178  	-0.032039 
6442.461836  	-0.030981 
6443.893495  	-0.032117 
6445.325153  	-0.034734 
6446.756811  	-0.035113 
6448.188469  	-0.033692 
6449.620127  	-0.036148 
6451.051786  	-0.039294 
6452.483444  	-0.034620 
6453.915102  	-0.029612 
6455.346760  	-0.032708 
6456.778418  	-0.035528 
6458.210077  	-0.034614 
6459.641735  	-0.035331 
6461.073393  	-0.034825 
6462.505051  	-0.032641 
6463.936709  	-0.034907 
6465.368367  	-0.038611 
6466.800026  	-0.036601 
6468.231684  	-0.032141 
6469.663342  	-0.030253 
6471.095000  	-0.028893 
6472.526658  	-0.028168 
6473.958317  	-0.031007 
6475.389975  	-0.034848 
6476.821633  	-0.033928 
6478.253291  	-0.029559 
6479.684949  	-0.029968 
6481.116607  	-0.034444 
6482.548266  	-0.032717 
6483.979924  	-0.028616 
6485.411582  	-0.031163 
6486.843240  	-0.032066 
6488.274898  	-0.028813 
6489.706557  	-0.031639 
6491.138215  	-0.035339 
6492.569873  	-0.030730 
6494.001531  	-0.025955 
6495.433189  	-0.026937 
6496.864848  	-0.028193 
6498.296506  	-0.026683 
6499.728164  	-0.025025 
6501.159822  	-0.025323 
6502.591480  	-0.028947 
6504.023138  	-0.034995 
6505.454797  	-0.036336 
6506.886455  	-0.031912 
6508.318113  	-0.032435 
6509.749771  	-0.035168 
6511.181429  	-0.031073 
6512.613088  	-0.030067 
6514.044746  	-0.034565 
6515.476404  	-0.033151 
6516.908062  	-0.031457 
6518.339720  	-0.033691 
6519.771379  	-0.031872 
6521.203037  	-0.031547 
6522.634695  	-0.036109 
6524.066353  	-0.035181 
6525.498011  	-0.029669 
6526.929669  	-0.027888 
6528.361328  	-0.029189 
6529.792986  	-0.030091 
6531.224644  	-0.030354 
6532.656302  	-0.031204 
6534.087960  	-0.031444 
6535.519619  	-0.032092 
6536.951277  	-0.035762 
6538.382935  	-0.035900 
6539.814593  	-0.030643 
6541.246251  	-0.030758 
6542.677909  	-0.036510 
6544.109568  	-0.038761 
6545.541226  	-0.036687 
6546.972884  	-0.035363 
6548.404542  	-0.037012 
6549.836200  	-0.036521 
6551.267859  	-0.034457 
6552.699517  	-0.038577 
6554.131175  	-0.041028 
6555.562833  	-0.034182 
6556.994491  	-0.028832 
6558.426150  	-0.027715 
6559.857808  	-0.026302 
6561.289466  	-0.028216 
6562.721124  	-0.031042 
6564.152782  	-0.032181 
6565.584440  	-0.033820 
6567.016099  	-0.035002 
6568.447757  	-0.035400 
6569.879415  	-0.033178 
6571.311073  	-0.031103 
6572.742731  	-0.035133 
6574.174390  	-0.034172 
6575.606048  	-0.026921 
6577.037706  	-0.029927 
6578.469364  	-0.035156 
6579.901022  	-0.032024 
6581.332680  	-0.032111 
6582.764339  	-0.035213 
6584.195997  	-0.035194 
6585.627655  	-0.035582 
6587.059313  	-0.034550 
6588.490971  	-0.031004 
6589.922630  	-0.030184 
6591.354288  	-0.033804 
6592.785946  	-0.037008 
6594.217604  	-0.034572 
6595.649262  	-0.031889 
6597.080921  	-0.034278 
6598.512579  	-0.035685 
6599.944237  	-0.034204 
6601.375895  	-0.032120 
6602.807553  	-0.028983 
6604.239211  	-0.027651 
6605.670870  	-0.029253 
6607.102528  	-0.030832 
6608.534186  	-0.029682 
6609.965844  	-0.027671 
6611.397502  	-0.029264 
6612.829161  	-0.030574 
6614.260819  	-0.029749 
6615.692477  	-0.031959 
6617.124135  	-0.031515 
6618.555793  	-0.028309 
6619.987452  	-0.029919 
6621.419110  	-0.029771 
6622.850768  	-0.029348 
6624.282426  	-0.036732 
6625.714084  	-0.041937 
6627.145742  	-0.039170 
6628.577401  	-0.035480 
6630.009059  	-0.035869 
6631.440717  	-0.038131 
6632.872375  	-0.031750 
6634.304033  	-0.024679 
6635.735692  	-0.031044 
6637.167350  	-0.036860 
6638.599008  	-0.034641 
6640.030666  	-0.033005 
6641.462324  	-0.030066 
6642.893982  	-0.029009 
6644.325641  	-0.029374 
6645.757299  	-0.024241 
6647.188957  	-0.023296 
6648.620615  	-0.029471 
6650.052273  	-0.033041 
6651.483932  	-0.033943 
6652.915590  	-0.032756 
6654.347248  	-0.031708 
6655.778906  	-0.031261 
6657.210564  	-0.027353 
6658.642223  	-0.028174 
6660.073881  	-0.035073 
6661.505539  	-0.037954 
6662.937197  	-0.039708 
6664.368855  	-0.040035 
6665.800513  	-0.035341 
6667.232172  	-0.033546 
6668.663830  	-0.033229 
6670.095488  	-0.029153 
6671.527146  	-0.026041 
6672.958804  	-0.026635 
6674.390463  	-0.029638 
6675.822121  	-0.032091 
6677.253779  	-0.033262 
6678.685437  	-0.037307 
6680.117095  	-0.040926 
6681.548754  	-0.038992 
6682.980412  	-0.033326 
6684.412070  	-0.028814 
6685.843728  	-0.032438 
6687.275386  	-0.039193 
6688.707044  	-0.037046 
6690.138703  	-0.031727 
6691.570361  	-0.031115 
6693.002019  	-0.031152 
6694.433677  	-0.031398 
6695.865335  	-0.034389 
6697.296994  	-0.036942 
6698.728652  	-0.035056 
6700.160310  	-0.031820 
6701.591968  	-0.031290 
6703.023626  	-0.028670 
6704.455284  	-0.026227 
6705.886943  	-0.031916 
6707.318601  	-0.036230 
6708.750259  	-0.031732 
6710.181917  	-0.031600 
6711.613575  	-0.037639 
6713.045234  	-0.037384 
6714.476892  	-0.031241 
6715.908550  	-0.026604 
6717.340208  	-0.024934 
6718.771866  	-0.027037 
6720.203525  	-0.029331 
6721.635183  	-0.026613 
6723.066841  	-0.026727 
6724.498499  	-0.033710 
6725.930157  	-0.033762 
6727.361815  	-0.027685 
6728.793474  	-0.028276 
6730.225132  	-0.031956 
6731.656790  	-0.035157 
6733.088448  	-0.038198 
6734.520106  	-0.034635 
6735.951765  	-0.030053 
6737.383423  	-0.030717 
6738.815081  	-0.030606 
6740.246739  	-0.031576 
6741.678397  	-0.036213 
6743.110056  	-0.037167 
6744.541714  	-0.032144 
6745.973372  	-0.027856 
6747.405030  	-0.031297 
6748.836688  	-0.036965 
6750.268346  	-0.035493 
6751.700005  	-0.033754 
6753.131663  	-0.035315 
6754.563321  	-0.033772 
6755.994979  	-0.033769 
6757.426637  	-0.036519 
6758.858296  	-0.035120 
6760.289954  	-0.032705 
6761.721612  	-0.031194 
6763.153270  	-0.029991 
6764.584928  	-0.032875 
6766.016586  	-0.034445 
6767.448245  	-0.030200 
6768.879903  	-0.027813 
6770.311561  	-0.029228 
6771.743219  	-0.029810 
6773.174877  	-0.031031 
6774.606536  	-0.033085 
6776.038194  	-0.033309 
6777.469852  	-0.032822 
6778.901510  	-0.034142 
6780.333168  	-0.036060 
6781.764827  	-0.037100 
6783.196485  	-0.037541 
6784.628143  	-0.034060 
6786.059801  	-0.027827 
6787.491459  	-0.026336 
6788.923117  	-0.029006 
6790.354776  	-0.029980 
6791.786434  	-0.032266 
6793.218092  	-0.034853 
6794.649750  	-0.031975 
6796.081408  	-0.030536 
6797.513067  	-0.034726 
6798.944725  	-0.034317 
6800.376383  	-0.028718 
6801.808041  	-0.028026 
6803.239699  	-0.031922 
6804.671357  	-0.033654 
6806.103016  	-0.030822 
6807.534674  	-0.025592 
6808.966332  	-0.023743 
6810.397990  	-0.027619 
6811.829648  	-0.030572 
6813.261307  	-0.027433 
6814.692965  	-0.026813 
6816.124623  	-0.032111 
6817.556281  	-0.032606 
6818.987939  	-0.031111 
6820.419598  	-0.035530 
6821.851256  	-0.035990 
6823.282914  	-0.031989 
6824.714572  	-0.033043 
6826.146230  	-0.031973 
6827.577888  	-0.027403 
6829.009547  	-0.026624 
6830.441205  	-0.026783 
6831.872863  	-0.028951 
6833.304521  	-0.032648 
6834.736179  	-0.032440 
6836.167838  	-0.032144 
6837.599496  	-0.031966 
6839.031154  	-0.029795 
6840.462812  	-0.031963 
6841.894470  	-0.035245 
6843.326129  	-0.035077 
6844.757787  	-0.035652 
6846.189445  	-0.034629 
6847.621103  	-0.031072 
6849.052761  	-0.028006 
6850.484419  	-0.026391 
6851.916078  	-0.028421 
6853.347736  	-0.032197 
6854.779394  	-0.034184 
6856.211052  	-0.035518 
6857.642710  	-0.033799 
6859.074369  	-0.031635 
6860.506027  	-0.034573 
6861.937685  	-0.035537 
6863.369343  	-0.032172 
6864.801001  	-0.033583 
6866.232659  	-0.037627 
6867.664318  	-0.036023 
6869.095976  	-0.030853 
6870.527634  	-0.027724 
6871.959292  	-0.026377 
6873.390950  	-0.027416 
6874.822609  	-0.032016 
6876.254267  	-0.035851 
6877.685925  	-0.034983 
6879.117583  	-0.029380 
6880.549241  	-0.026023 
6881.980900  	-0.033174 
6883.412558  	-0.040895 
6884.844216  	-0.039367 
6886.275874  	-0.037856 
6887.707532  	-0.038316 
6889.139190  	-0.035890 
6890.570849  	-0.034887 
6892.002507  	-0.034197 
6893.434165  	-0.033744 
6894.865823  	-0.035267 
6896.297481  	-0.032790 
6897.729140  	-0.029705 
6899.160798  	-0.030607 
6900.592456  	-0.031552 
6902.024114  	-0.033503 
6903.455772  	-0.033949 
6904.887431  	-0.030096 
6906.319089  	-0.028553 
6907.750747  	-0.027788 
6909.182405  	-0.027294 
6910.614063  	-0.030921 
6912.045721  	-0.031789 
6913.477380  	-0.029476 
6914.909038  	-0.032096 
6916.340696  	-0.038367 
6917.772354  	-0.041865 
6919.204012  	-0.037619 
6920.635671  	-0.029814 
6922.067329  	-0.027336 
6923.498987  	-0.030361 
6924.930645  	-0.034401 
6926.362303  	-0.032884 
6927.793961  	-0.025697 
6929.225620  	-0.025237 
6930.657278  	-0.028680 
6932.088936  	-0.024304 
6933.520594  	-0.020891 
6934.952252  	-0.026200 
6936.383911  	-0.030955 
6937.815569  	-0.030366 
6939.247227  	-0.028389 
6940.678885  	-0.027016 
6942.110543  	-0.027181 
6943.542202  	-0.032137 
6944.973860  	-0.035572 
6946.405518  	-0.029921 
6947.837176  	-0.030197 
6949.268834  	-0.036991 
6950.700492  	-0.031491 
6952.132151  	-0.027387 
6953.563809  	-0.033881 
6954.995467  	-0.030637 
6956.427125  	-0.025461 
6957.858783  	-0.031578 
6959.290442  	-0.035162 
6960.722100  	-0.035305 
6962.153758  	-0.036679 
6963.585416  	-0.032067 
6965.017074  	-0.025888 
6966.448732  	-0.027601 
6967.880391  	-0.031590 
6969.312049  	-0.029609 
6970.743707  	-0.026189 
6972.175365  	-0.027706 
6973.607023  	-0.027922 
6975.038682  	-0.026629 
6976.470340  	-0.032523 
6977.901998  	-0.038552 
6979.333656  	-0.038209 
6980.765314  	-0.040369 
6982.196973  	-0.044164 
6983.628631  	-0.039191 
6985.060289  	-0.028992 
6986.491947  	-0.027352 
6987.923605  	-0.032537 
6989.355263  	-0.033206 
6990.786922  	-0.032381 
6992.218580  	-0.034829 
6993.650238  	-0.034825 
6995.081896  	-0.031228 
6996.513554  	-0.027187 
6997.945213  	-0.027733 
6999.376871  	-0.033705 
7000.808529  	-0.034400 
7002.240187  	-0.030174 
7003.671845  	-0.030838 
7005.103504  	-0.032898 
7006.535162  	-0.031710 
7007.966820  	-0.029034 
7009.398478  	-0.026666 
7010.830136  	-0.027809 
7012.261794  	-0.030554 
7013.693453  	-0.033702 
7015.125111  	-0.038794 
7016.556769  	-0.038346 
7017.988427  	-0.034831 
7019.420085  	-0.037797 
7020.851744  	-0.036608 
7022.283402  	-0.027087 
7023.715060  	-0.023146 
7025.146718  	-0.025708 
7026.578376  	-0.026454 
7028.010034  	-0.027002 
7029.441693  	-0.028771 
7030.873351  	-0.029663 
7032.305009  	-0.031489 
7033.736667  	-0.035403 
7035.168325  	-0.036576 
7036.599984  	-0.033937 
7038.031642  	-0.032139 
7039.463300  	-0.032062 
7040.894958  	-0.031399 
7042.326616  	-0.030125 
7043.758275  	-0.029731 
7045.189933  	-0.032736 
7046.621591  	-0.035981 
7048.053249  	-0.034165 
7049.484907  	-0.033250 
7050.916565  	-0.036486 
7052.348224  	-0.035067 
7053.779882  	-0.027310 
7055.211540  	-0.021788 
7056.643198  	-0.021984 
7058.074856  	-0.028908 
7059.506515  	-0.037769 
7060.938173  	-0.036668 
7062.369831  	-0.028886 
7063.801489  	-0.028213 
7065.233147  	-0.029568 
7066.664806  	-0.027960 
7068.096464  	-0.032925 
7069.528122  	-0.039044 
7070.959780  	-0.036650 
7072.391438  	-0.032736 
7073.823096  	-0.030159 
7075.254755  	-0.028823 
7076.686413  	-0.033011 
7078.118071  	-0.037541 
7079.549729  	-0.035513 
7080.981387  	-0.031505 
7082.413046  	-0.030381 
7083.844704  	-0.028878 
7085.276362  	-0.023427 
7086.708020  	-0.019415 
7088.139678  	-0.021695 
7089.571336  	-0.026981 
7091.002995  	-0.033148 
7092.434653  	-0.037690 
7093.866311  	-0.035427 
7095.297969  	-0.029829 
7096.729627  	-0.028206 
7098.161286  	-0.033348 
7099.592944  	-0.038107 
7101.024602  	-0.032364 
7102.456260  	-0.026023 
7103.887918  	-0.031875 
7105.319577  	-0.036119 
7106.751235  	-0.031142 
7108.182893  	-0.031191 
7109.614551  	-0.035087 
7111.046209  	-0.034206 
7112.477867  	-0.033538 
7113.909526  	-0.033658 
7115.341184  	-0.028483 
7116.772842  	-0.027196 
7118.204500  	-0.035645 
7119.636158  	-0.040144 
7121.067817  	-0.034986 
7122.499475  	-0.029014 
7123.931133  	-0.028454 
7125.362791  	-0.033468 
7126.794449  	-0.030451 
7128.226108  	-0.019549 
7129.657766  	-0.022999 
7131.089424  	-0.031698 
7132.521082  	-0.027561 
7133.952740  	-0.025611 
7135.384398  	-0.029119 
7136.816057  	-0.026658 
7138.247715  	-0.024859 
7139.679373  	-0.026508 
7141.111031  	-0.029636 
7142.542689  	-0.032381 
7143.974348  	-0.030928 
7145.406006  	-0.034748 
7146.837664  	-0.039018 
7148.269322  	-0.030433 
7149.700980  	-0.028473 
7151.132638  	-0.036278 
7152.564297  	-0.032899 
7153.995955  	-0.027449 
7155.427613  	-0.030775 
7156.859271  	-0.029916 
7158.290929  	-0.022189 
7159.722588  	-0.017598 
7161.154246  	-0.021179 
7162.585904  	-0.028907 
7164.017562  	-0.030038 
7165.449220  	-0.026304 
7166.880879  	-0.023830 
7168.312537  	-0.025330 
7169.744195  	-0.029851 
7171.175853  	-0.030572 
7172.607511  	-0.026295 
7174.039169  	-0.022686 
7175.470828  	-0.025014 
7176.902486  	-0.031073 
7178.334144  	-0.032717 
7179.765802  	-0.033019 
7181.197460  	-0.037880 
7182.629119  	-0.038261 
7184.060777  	-0.034898 
7185.492435  	-0.034598 
7186.924093  	-0.032161 
7188.355751  	-0.031425 
7189.787409  	-0.030872 
7191.219068  	-0.022060 
7192.650726  	-0.020150 
7194.082384  	-0.028575 
7195.514042  	-0.033885 
7196.945700  	-0.036434 
7198.377359  	-0.030773 
7199.809017  	-0.016909 
7201.240675  	-0.017906 
7202.672333  	-0.030972 
7204.103991  	-0.034731 
7205.535650  	-0.034998 
7206.967308  	-0.040712 
7208.398966  	-0.043261 
7209.830624  	-0.039126 
7211.262282  	-0.035283 
7212.693940  	-0.037397 
7214.125599  	-0.039253 
7215.557257  	-0.033965 
7216.988915  	-0.029973 
7218.420573  	-0.032933 
7219.852231  	-0.037356 
7221.283890  	-0.041601 
7222.715548  	-0.044129 
7224.147206  	-0.042312 
7225.578864  	-0.041368 
7227.010522  	-0.040928 
7228.442181  	-0.033925 
7229.873839  	-0.029371 
7231.305497  	-0.032613 
7232.737155  	-0.029023 
7234.168813  	-0.019532 
7235.600471  	-0.021830 
7237.032130  	-0.029687 
7238.463788  	-0.032235 
7239.895446  	-0.028741 
7241.327104  	-0.021902 
7242.758762  	-0.021786 
7244.190421  	-0.030731 
7245.622079  	-0.033520 
7247.053737  	-0.035006 
7248.485395  	-0.041961 
7249.917053  	-0.039435 
7251.348711  	-0.030396 
7252.780370  	-0.032490 
7254.212028  	-0.036457 
7255.643686  	-0.034244 
7257.075344  	-0.034638 
7258.507002  	-0.032203 
7259.938661  	-0.028896 
7261.370319  	-0.032904 
7262.801977  	-0.033127 
7264.233635  	-0.030234 
7265.665293  	-0.031977 
7267.096952  	-0.030233 
7268.528610  	-0.030013 
7269.960268  	-0.034717 
7271.391926  	-0.030960 
7272.823584  	-0.028788 
7274.255242  	-0.033973 
7275.686901  	-0.029516 
7277.118559  	-0.025975 
7278.550217  	-0.034220 
7279.981875  	-0.036166 
7281.413533  	-0.030805 
7282.845192  	-0.032514 
7284.276850  	-0.037719 
7285.708508  	-0.034123 
7287.140166  	-0.023220 
7288.571824  	-0.021091 
7290.003483  	-0.029607 
7291.435141  	-0.030389 
7292.866799  	-0.025110 
7294.298457  	-0.030338 
7295.730115  	-0.040312 
7297.161773  	-0.038188 
7298.593432  	-0.029784 
7300.025090  	-0.029069 
7301.456748  	-0.033129 
7302.888406  	-0.033287 
7304.320064  	-0.030921 
7305.751723  	-0.028410 
7307.183381  	-0.028672 
7308.615039  	-0.032521 
7310.046697  	-0.031057 
7311.478355  	-0.031218 
7312.910013  	-0.039049 
7314.341672  	-0.041166 
7315.773330  	-0.038436 
7317.204988  	-0.039226 
7318.636646  	-0.038427 
7320.068304  	-0.038095 
7321.499963  	-0.038239 
7322.931621  	-0.033547 
7324.363279  	-0.032205 
7325.794937  	-0.036266 
7327.226595  	-0.037682 
7328.658254  	-0.035523 
7330.089912  	-0.029051 
7331.521570  	-0.023378 
7332.953228  	-0.023202 
7334.384886  	-0.020710 
7335.816544  	-0.018047 
7337.248203  	-0.025039 
7338.679861  	-0.033126 
7340.111519  	-0.035451 
7341.543177  	-0.033618 
7342.974835  	-0.026204 
7344.406494  	-0.022111 
7345.838152  	-0.030099 
7347.269810  	-0.039522 
7348.701468  	-0.038717 
7350.133126  	-0.035939 
7351.564785  	-0.036696 
7352.996443  	-0.032409 
7354.428101  	-0.023084 
7355.859759  	-0.022099 
7357.291417  	-0.032065 
7358.723075  	-0.035045 
7360.154734  	-0.025662 
7361.586392  	-0.023849 
7363.018050  	-0.031824 
7364.449708  	-0.030682 
7365.881366  	-0.032856 
7367.313025  	-0.044643 
7368.744683  	-0.040670 
7370.176341  	-0.026278 
7371.607999  	-0.026243 
7373.039657  	-0.031693 
7374.471315  	-0.034077 
7375.902974  	-0.032360 
7377.334632  	-0.028020 
7378.766290  	-0.030288 
7380.197948  	-0.030279 
7381.629606  	-0.026245 
7383.061265  	-0.035116 
7384.492923  	-0.039634 
7385.924581  	-0.027242 
7387.356239  	-0.026482 
7388.787897  	-0.036328 
7390.219556  	-0.032631 
7391.651214  	-0.022540 
7393.082872  	-0.019512 
7394.514530  	-0.025448 
7395.946188  	-0.035909 
7397.377846  	-0.040929 
7398.809505  	-0.037727 
7400.241163  	-0.037381 
7401.672821  	-0.041137 
7403.104479  	-0.042232 
7404.536137  	-0.041719 
7405.967796  	-0.037446 
7407.399454  	-0.025513 
7408.831112  	-0.019574 
7410.262770  	-0.028738 
7411.694428  	-0.037813 
7413.126086  	-0.041876 
7414.557745  	-0.044261 
7415.989403  	-0.037220 
7417.421061  	-0.029781 
7418.852719  	-0.034496 
7420.284377  	-0.034433 
7421.716036  	-0.023798 
7423.147694  	-0.020107 
7424.579352  	-0.023407 
7426.011010  	-0.027547 
7427.442668  	-0.029105 
7428.874327  	-0.023961 
7430.305985  	-0.017570 
7431.737643  	-0.017832 
7433.169301  	-0.020602 
7434.600959  	-0.023608 
7436.032617  	-0.029835 
7437.464276  	-0.032467 
7438.895934  	-0.029269 
7440.327592  	-0.031826 
7441.759250  	-0.036153 
7443.190908  	-0.031902 
7444.622567  	-0.031787 
7446.054225  	-0.041697 
7447.485883  	-0.041850 
7448.917541  	-0.033461 
7450.349199  	-0.033495 
7451.780858  	-0.035986 
7453.212516  	-0.032000 
7454.644174  	-0.026107 
7456.075832  	-0.021610 
7457.507490  	-0.021274 
7458.939148  	-0.025855 
7460.370807  	-0.030103 
7461.802465  	-0.030349 
7463.234123  	-0.027254 
7464.665781  	-0.020971 
7466.097439  	-0.016112 
7467.529098  	-0.025372 
7468.960756  	-0.041118 
7470.392414  	-0.039647 
7471.824072  	-0.025670 
7473.255730  	-0.022218 
7474.687388  	-0.030701 
7476.119047  	-0.040903 
7477.550705  	-0.040519 
7478.982363  	-0.029524 
7480.414021  	-0.026067 
7481.845679  	-0.032386 
7483.277338  	-0.037683 
7484.708996  	-0.040375 
7486.140654  	-0.034988 
7487.572312  	-0.023714 
7489.003970  	-0.022154 
7490.435629  	-0.025243 
7491.867287  	-0.026062 
7493.298945  	-0.031018 
7494.730603  	-0.036130 
7496.162261  	-0.034993 
7497.593919  	-0.030363 
7499.025578  	-0.026644 
7500.457236  	-0.030674 
7501.888894  	-0.036897 
7503.320552  	-0.034816 
7504.752210  	-0.029543 
7506.183869  	-0.025701 
7507.615527  	-0.023804 
7509.047185  	-0.027105 
7510.478843  	-0.033714 
7511.910501  	-0.037486 
7513.342160  	-0.037506 
7514.773818  	-0.038352 
7516.205476  	-0.038771 
7517.637134  	-0.027931 
7519.068792  	-0.015169 
7520.500450  	-0.022931 
7521.932109  	-0.037080 
7523.363767  	-0.031600 
7524.795425  	-0.018099 
7526.227083  	-0.017521 
7527.658741  	-0.027995 
7529.090400  	-0.032943 
7530.522058  	-0.026091 
7531.953716  	-0.021045 
7533.385374  	-0.023225 
7534.817032  	-0.023640 
7536.248690  	-0.021519 
7537.680349  	-0.018988 
7539.112007  	-0.016043 
7540.543665  	-0.017984 
7541.975323  	-0.027156 
7543.406981  	-0.037135 
7544.838640  	-0.037289 
7546.270298  	-0.026480 
7547.701956  	-0.018497 
7549.133614  	-0.021367 
7550.565272  	-0.028333 
7551.996931  	-0.026839 
7553.428589  	-0.019830 
7554.860247  	-0.019976 
7556.291905  	-0.019849 
7557.723563  	-0.013949 
7559.155221  	-0.026390 
7560.586880  	-0.046653 
7562.018538  	-0.040188 
7563.450196  	-0.029847 
7564.881854  	-0.035552 
7566.313512  	-0.037682 
7567.745171  	-0.036884 
7569.176829  	-0.035219 
7570.608487  	-0.024013 
7572.040145  	-0.019411 
7573.471803  	-0.028608 
7574.903461  	-0.035164 
7576.335120  	-0.032879 
7577.766778  	-0.028370 
7579.198436  	-0.026503 
7580.630094  	-0.022845 
7582.061752  	-0.017753 
7583.493411  	-0.023037 
7584.925069  	-0.030057 
7586.356727  	-0.026425 
7587.788385  	-0.022838 
7589.220043  	-0.025661 
7590.651702  	-0.031693 
7592.083360  	-0.036803 
7593.515018  	-0.034775 
7594.946676  	-0.032614 
7596.378334  	-0.037540 
7597.809992  	-0.038343 
7599.241651  	-0.030479 
7600.673309  	-0.023383 
7602.104967  	-0.021907 
7603.536625  	-0.027295 
7604.968283  	-0.037503 
7606.399942  	-0.043002 
7607.831600  	-0.038381 
7609.263258  	-0.029666 
7610.694916  	-0.027927 
7612.126574  	-0.031134 
7613.558233  	-0.029204 
7614.989891  	-0.019417 
7616.421549  	-0.018458 
7617.853207  	-0.032849 
7619.284865  	-0.034877 
7620.716523  	-0.021293 
7622.148182  	-0.023898 
7623.579840  	-0.033064 
7625.011498  	-0.028387 
7626.443156  	-0.031093 
7627.874814  	-0.042201 
7629.306473  	-0.039737 
7630.738131  	-0.025750 
7632.169789  	-0.015346 
7633.601447  	-0.022834 
7635.033105  	-0.038716 
7636.464763  	-0.041729 
7637.896422  	-0.041260 
7639.328080  	-0.042037 
7640.759738  	-0.035555 
7642.191396  	-0.026295 
7643.623054  	-0.018227 
7645.054713  	-0.024196 
7646.486371  	-0.040888 
7647.918029  	-0.042501 
7649.349687  	-0.043673 
7650.781345  	-0.053753 
7652.213004  	-0.046899 
7653.644662  	-0.039459 
7655.076320  	-0.046240 
7656.507978  	-0.038863 
7657.939636  	-0.026466 
7659.371294  	-0.025718 
7660.802953  	-0.024912 
7662.234611  	-0.029243 
7663.666269  	-0.038281 
7665.097927  	-0.038531 
7666.529585  	-0.033692 
7667.961244  	-0.030482 
7669.392902  	-0.035606 
7670.824560  	-0.042569 
7672.256218  	-0.038116 
7673.687876  	-0.034878 
7675.119535  	-0.035001 
7676.551193  	-0.030857 
7677.982851  	-0.038504 
7679.414509  	-0.051408 
7680.846167  	-0.045008 
7682.277825  	-0.027467 
7683.709484  	-0.018165 
7685.141142  	-0.026106 
7686.572800  	-0.038193 
7688.004458  	-0.033733 
7689.436116  	-0.024539 
7690.867775  	-0.029160 
7692.299433  	-0.033980 
7693.731091  	-0.029707 
7695.162749  	-0.023288 
7696.594407  	-0.021428 
7698.026065  	-0.023904 
7699.457724  	-0.026369 
7700.889382  	-0.027684 
7702.321040  	-0.027337 
7703.752698  	-0.024822 
7705.184356  	-0.025138 
7706.616015  	-0.028691 
7708.047673  	-0.031418 
7709.479331  	-0.031243 
7710.910989  	-0.030020 
7712.342647  	-0.037078 
7713.774306  	-0.043847 
7715.205964  	-0.034313 
7716.637622  	-0.021738 
7718.069280  	-0.020986 
7719.500938  	-0.023200 
7720.932596  	-0.020732 
7722.364255  	-0.020580 
7723.795913  	-0.024236 
7725.227571  	-0.034092 
7726.659229  	-0.045555 
7728.090887  	-0.043770 
7729.522546  	-0.027890 
7730.954204  	-0.021396 
7732.385862  	-0.027775 
7733.817520  	-0.031518 
7735.249178  	-0.030823 
7736.680837  	-0.028696 
7738.112495  	-0.026593 
7739.544153  	-0.033772 
7740.975811  	-0.043949 
7742.407469  	-0.036461 
7743.839127  	-0.028795 
7745.270786  	-0.042376 
7746.702444  	-0.042179 
7748.134102  	-0.014426 
7749.565760  	-0.012431 
7750.997418  	-0.036077 
7752.429077  	-0.039832 
7753.860735  	-0.036747 
7755.292393  	-0.037821 
7756.724051  	-0.023119 
7758.155709  	-0.019870 
7759.587367  	-0.033784 
7761.019026  	-0.025059 
7762.450684  	-0.008797 
7763.882342  	-0.015794 
7765.314000  	-0.027178 
7766.745658  	-0.034542 
7768.177317  	-0.031728 
7769.608975  	-0.023069 
7771.040633  	-0.030956 
7772.472291  	-0.040276 
7773.903949  	-0.036153 
7775.335608  	-0.034689 
7776.767266  	-0.027502 
7778.198924  	-0.016526 
7779.630582  	-0.024291 
7781.062240  	-0.039434 
7782.493898  	-0.044753 
7783.925557  	-0.044158 
7785.357215  	-0.049355 
7786.788873  	-0.048332 
7788.220531  	-0.029329 
7789.652189  	-0.027964 
7791.083848  	-0.050678 
7792.515506  	-0.050944 
7793.947164  	-0.043350 
7795.378822  	-0.049434 
7796.810480  	-0.039396 
7798.242138  	-0.033093 
7799.673797  	-0.038113 
7801.105455  	-0.027396 
7802.537113  	-0.030251 
7803.968771  	-0.042999 
7805.400429  	-0.030231 
7806.832088  	-0.023414 
7808.263746  	-0.026087 
7809.695404  	-0.009240 
7811.127062  	0.000938 
7812.558720  	-0.006346 
7813.990379  	-0.016422 
7815.422037  	-0.028869 
7816.853695  	-0.039727 
7818.285353  	-0.039442 
7819.717011  	-0.023171 
7821.148669  	-0.013035 
7822.580328  	-0.026523 
7824.011986  	-0.036616 
7825.443644  	-0.032904 
7826.875302  	-0.042396 
7828.306960  	-0.053501 
7829.738619  	-0.054694 
7831.170277  	-0.055323 
7832.601935  	-0.051434 
7834.033593  	-0.048687 
7835.465251  	-0.050751 
7836.896910  	-0.059336 
7838.328568  	-0.069354 
7839.760226  	-0.049144 
7841.191884  	-0.012118 
7842.623542  	-0.003418 
7844.055200  	-0.020642 
7845.486859  	-0.037836 
7846.918517  	-0.050180 
7848.350175  	-0.045915 
7849.781833  	-0.032940 
7851.213491  	-0.032835 
7852.645150  	-0.043909 
7854.076808  	-0.054006 
7855.508466  	-0.056676 
7856.940124  	-0.045165 
7858.371782  	-0.018074 
7859.803440  	-0.009456 
7861.235099  	-0.036439 
7862.666757  	-0.052690 
7864.098415  	-0.033830 
7865.530073  	-0.016643 
7866.961731  	-0.016605 
7868.393390  	-0.024796 
7869.825048  	-0.033996 
7871.256706  	-0.025704 
7872.688364  	-0.025971 
7874.120022  	-0.042548 
7875.551681  	-0.043312 
7876.983339  	-0.032595 
7878.414997  	-0.023043 
7879.846655  	-0.025003 
7881.278313  	-0.046720 
7882.709971  	-0.053689 
7884.141630  	-0.038633 
7885.573288  	-0.030602 
7887.004946  	-0.020548 
7888.436604  	-0.012638 
7889.868262  	-0.021697 
7891.299921  	-0.023958 
7892.731579  	-0.021014 
7894.163237  	-0.027142 
7895.594895  	-0.030432 
7897.026553  	-0.021946 
7898.458212  	-0.011462 
7899.889870  	-0.020866 