##TITLE=No Description
##DATA TYPE=INFRARED SPECTRUM
##XUNITS=1/CM
##YUNITS=%T
349.324597  	90.687921 
350.756256  	165.219795 
352.187914  	208.206590 
353.619572  	96.866418 
355.051230  	82.757851 
356.482888  	124.643061 
357.914546  	139.609701 
359.346205  	144.008352 
360.777863  	123.663157 
362.209521  	80.434424 
363.641179  	81.603497 
365.072837  	117.501658 
366.504496  	127.451628 
367.936154  	117.991443 
369.367812  	113.369061 
370.799470  	92.816492 
372.231128  	109.694183 
373.662787  	142.464537 
375.094445  	137.366667 
376.526103  	122.065283 
377.957761  	116.349418 
379.389419  	107.465978 
380.821077  	100.615623 
382.252736  	99.672237 
383.684394  	98.034705 
385.116052  	93.483399 
386.547710  	95.464120 
387.979368  	100.693882 
389.411027  	103.717920 
390.842685  	110.543083 
392.274343  	115.357760 
393.706001  	108.450533 
395.137659  	104.387585 
396.569317  	107.992776 
398.000976  	96.483550 
399.432634  	89.379708 
400.864292  	101.245376 
402.295950  	111.284887 
403.727608  	113.280897 
405.159267  	110.024815 
406.590925  	103.259354 
408.022583  	99.993825 
409.454241  	103.658309 
410.885899  	104.790423 
412.317558  	101.130250 
413.749216  	103.042168 
415.180874  	107.480271 
416.612532  	107.655043 
418.044190  	111.198659 
419.475848  	115.423902 
420.907507  	107.552642 
422.339165  	99.987092 
423.770823  	96.605059 
425.202481  	99.273664 
426.634139  	103.282317 
428.065798  	104.612457 
429.497456  	106.358492 
430.929114  	107.469416 
432.360772  	103.991904 
433.792430  	102.638337 
435.224089  	105.256689 
436.655747  	105.551262 
438.087405  	104.333865 
439.519063  	104.475829 
440.950721  	104.423867 
442.382379  	103.933375 
443.814038  	104.080372 
445.245696  	105.106839 
446.677354  	104.935593 
448.109012  	102.890177 
449.540670  	102.012284 
450.972329  	102.330886 
452.403987  	102.494769 
453.835645  	103.590903 
455.267303  	104.663670 
456.698961  	104.871377 
458.130619  	105.295493 
459.562278  	104.546630 
460.993936  	102.834006 
462.425594  	103.132765 
463.857252  	105.294423 
465.288910  	104.807759 
466.720569  	102.194738 
468.152227  	101.678566 
469.583885  	102.785389 
471.015543  	102.938259 
472.447201  	102.843304 
473.878860  	103.451038 
475.310518  	104.781305 
476.742176  	106.380426 
478.173834  	106.046878 
479.605492  	104.611218 
481.037150  	104.808190 
482.468809  	105.713899 
483.900467  	105.597059 
485.332125  	104.966162 
486.763783  	104.879395 
488.195441  	105.275645 
489.627100  	104.911935 
491.058758  	103.733142 
492.490416  	103.225999 
493.922074  	103.142141 
495.353732  	103.043526 
496.785391  	103.955921 
498.217049  	105.156382 
499.648707  	104.882181 
501.080365  	103.909814 
502.512023  	103.794197 
503.943681  	104.363270 
505.375340  	104.328049 
506.806998  	103.801473 
508.238656  	103.867930 
509.670314  	104.200790 
511.101972  	104.431838 
512.533631  	105.162652 
513.965289  	105.612383 
515.396947  	105.258564 
516.828605  	105.447766 
518.260263  	105.781311 
519.691921  	105.043018 
521.123580  	104.783847 
522.555238  	105.316716 
523.986896  	105.358615 
525.418554  	105.127966 
526.850212  	104.773490 
528.281871  	104.220276 
529.713529  	104.208641 
531.145187  	104.433277 
532.576845  	104.504754 
534.008503  	105.048405 
535.440162  	105.419000 
536.871820  	105.042782 
538.303478  	104.949796 
539.735136  	105.225708 
541.166794  	105.226336 
542.598452  	105.002269 
544.030111  	104.617223 
545.461769  	104.250364 
546.893427  	104.237445 
548.325085  	104.392347 
549.756743  	104.419807 
551.188402  	104.443985 
552.620060  	104.691942 
554.051718  	105.024298 
555.483376  	105.230607 
556.915034  	105.435054 
558.346692  	105.485684 
559.778351  	105.132616 
561.210009  	104.807986 
562.641667  	104.918664 
564.073325  	105.127295 
565.504983  	104.982037 
566.936642  	104.784892 
568.368300  	105.094510 
569.799958  	105.492159 
571.231616  	105.454919 
572.663274  	105.438380 
574.094933  	105.584159 
575.526591  	105.475848 
576.958249  	105.290446 
578.389907  	105.301622 
579.821565  	105.119972 
581.253223  	104.646420 
582.684882  	104.590144 
584.116540  	105.160565 
585.548198  	105.661135 
586.979856  	105.799826 
588.411514  	105.830299 
589.843173  	105.696309 
591.274831  	105.491940 
592.706489  	105.427985 
594.138147  	105.331195 
595.569805  	105.190395 
597.001464  	105.179977 
598.433122  	105.329391 
599.864780  	105.500291 
601.296438  	105.474351 
602.728096  	105.374639 
604.159754  	105.401663 
605.591413  	105.466174 
607.023071  	105.520370 
608.454729  	105.490365 
609.886387  	105.445035 
611.318045  	105.657688 
612.749704  	105.855872 
614.181362  	105.758563 
615.613020  	105.566906 
617.044678  	105.318500 
618.476336  	105.184969 
619.907994  	105.237382 
621.339653  	105.203026 
622.771311  	105.280533 
624.202969  	105.489712 
625.634627  	105.414014 
627.066285  	105.316107 
628.497944  	105.399543 
629.929602  	105.372396 
631.361260  	105.406262 
632.792918  	105.590206 
634.224576  	105.530283 
635.656235  	105.269866 
637.087893  	105.302905 
638.519551  	105.590886 
639.951209  	105.574529 
641.382867  	105.325880 
642.814525  	105.313598 
644.246184  	105.321503 
645.677842  	105.236810 
647.109500  	105.266191 
648.541158  	105.230658 
649.972816  	105.263976 
651.404475  	105.454697 
652.836133  	105.259540 
654.267791  	104.943239 
655.699449  	105.101958 
657.131107  	105.286689 
658.562766  	105.252395 
659.994424  	105.373818 
661.426082  	105.465604 
662.857740  	105.379846 
664.289398  	105.426201 
665.721056  	105.428617 
667.152715  	105.066335 
668.584373  	104.977529 
670.016031  	105.328899 
671.447689  	105.160774 
672.879347  	104.907515 
674.311006  	104.967127 
675.742664  	104.924020 
677.174322  	104.788407 
678.605980  	104.896020 
680.037638  	104.962451 
681.469296  	104.777936 
682.900955  	104.600302 
684.332613  	104.637587 
685.764271  	104.725090 
687.195929  	104.635300 
688.627587  	104.510512 
690.059246  	104.400181 
691.490904  	104.185070 
692.922562  	104.066153 
694.354220  	104.087374 
695.785878  	103.956183 
697.217537  	103.621148 
698.649195  	103.289274 
700.080853  	103.047948 
701.512511  	102.691387 
702.944169  	102.124377 
704.375827  	101.523221 
705.807486  	100.791712 
707.239144  	99.727364 
708.670802  	98.246213 
710.102460  	96.197845 
711.534118  	93.401926 
712.965777  	89.112049 
714.397435  	83.233052 
715.829093  	78.239804 
717.260751  	75.988946 
718.692409  	75.979435 
720.124067  	78.821815 
721.555726  	83.989561 
722.987384  	88.428726 
724.419042  	91.002649 
725.850700  	92.534625 
727.282358  	92.921241 
728.714017  	91.617960 
730.145675  	90.576782 
731.577333  	92.852081 
733.008991  	97.340849 
734.440649  	100.521738 
735.872308  	101.914575 
737.303966  	102.751596 
738.735624  	103.211603 
740.167282  	103.415628 
741.598940  	103.659781 
743.030598  	103.900083 
744.462257  	104.079609 
745.893915  	104.219504 
747.325573  	104.373225 
748.757231  	104.455069 
750.188889  	104.450667 
751.620548  	104.589590 
753.052206  	104.791992 
754.483864  	104.873280 
755.915522  	104.857659 
757.347180  	104.742051 
758.778839  	104.741829 
760.210497  	104.936288 
761.642155  	105.022670 
763.073813  	104.997679 
764.505471  	104.967026 
765.937129  	104.921795 
767.368788  	104.930707 
768.800446  	104.904421 
770.232104  	104.878173 
771.663762  	104.961054 
773.095420  	104.999931 
774.527079  	105.047410 
775.958737  	105.156203 
777.390395  	105.204970 
778.822053  	105.265598 
780.253711  	105.233695 
781.685369  	105.102948 
783.117028  	105.157699 
784.548686  	105.234373 
785.980344  	105.203276 
787.412002  	105.252041 
788.843660  	105.285573 
790.275319  	105.286406 
791.706977  	105.348721 
793.138635  	105.383758 
794.570293  	105.348924 
796.001951  	105.237515 
797.433610  	105.238121 
798.865268  	105.448203 
800.296926  	105.503298 
801.728584  	105.402463 
803.160242  	105.458559 
804.591900  	105.557688 
806.023559  	105.538257 
807.455217  	105.459208 
808.886875  	105.482990 
810.318533  	105.583574 
811.750191  	105.532120 
813.181850  	105.541469 
814.613508  	105.700487 
816.045166  	105.662160 
817.476824  	105.687907 
818.908482  	105.899434 
820.340141  	105.814998 
821.771799  	105.660568 
823.203457  	105.740845 
824.635115  	105.700428 
826.066773  	105.521566 
827.498431  	105.483982 
828.930090  	105.570676 
830.361748  	105.613617 
831.793406  	105.612596 
833.225064  	105.700322 
834.656722  	105.728700 
836.088381  	105.620208 
837.520039  	105.636121 
838.951697  	105.714514 
840.383355  	105.727636 
841.815013  	105.768577 
843.246671  	105.702250 
844.678330  	105.578789 
846.109988  	105.627601 
847.541646  	105.697959 
848.973304  	105.685966 
850.404962  	105.660161 
851.836621  	105.604338 
853.268279  	105.584395 
854.699937  	105.615779 
856.131595  	105.641186 
857.563253  	105.716345 
858.994912  	105.809211 
860.426570  	105.764403 
861.858228  	105.589439 
863.289886  	105.503780 
864.721544  	105.585849 
866.153202  	105.661927 
867.584861  	105.682107 
869.016519  	105.716074 
870.448177  	105.733983 
871.879835  	105.709610 
873.311493  	105.646170 
874.743152  	105.624345 
876.174810  	105.677596 
877.606468  	105.644218 
879.038126  	105.583347 
880.469784  	105.647312 
881.901443  	105.650778 
883.333101  	105.562942 
884.764759  	105.563423 
886.196417  	105.545847 
887.628075  	105.425823 
889.059733  	105.378676 
890.491392  	105.429993 
891.923050  	105.426436 
893.354708  	105.425220 
894.786366  	105.535096 
896.218024  	105.594270 
897.649683  	105.559998 
899.081341  	105.578241 
900.512999  	105.618420 
901.944657  	105.685371 
903.376315  	105.740456 
904.807973  	105.626674 
906.239632  	105.520596 
907.671290  	105.535686 
909.102948  	105.529471 
910.534606  	105.600680 
911.966264  	105.721877 
913.397923  	105.708051 
914.829581  	105.661664 
916.261239  	105.604464 
917.692897  	105.510336 
919.124555  	105.529130 
920.556214  	105.624752 
921.987872  	105.622995 
923.419530  	105.512326 
924.851188  	105.488075 
926.282846  	105.630703 
927.714504  	105.671810 
929.146163  	105.585916 
930.577821  	105.618117 
932.009479  	105.666374 
933.441137  	105.642932 
934.872795  	105.653240 
936.304454  	105.664465 
937.736112  	105.676089 
939.167770  	105.682620 
940.599428  	105.669196 
942.031086  	105.726344 
943.462744  	105.756608 
944.894403  	105.686064 
946.326061  	105.660162 
947.757719  	105.666086 
949.189377  	105.649097 
950.621035  	105.642087 
952.052694  	105.609981 
953.484352  	105.579150 
954.916010  	105.596029 
956.347668  	105.623576 
957.779326  	105.641790 
959.210985  	105.669657 
960.642643  	105.735236 
962.074301  	105.759810 
963.505959  	105.673436 
964.937617  	105.608762 
966.369275  	105.635928 
967.800934  	105.700093 
969.232592  	105.767337 
970.664250  	105.755134 
972.095908  	105.693870 
973.527566  	105.705581 
974.959225  	105.747516 
976.390883  	105.765775 
977.822541  	105.788086 
979.254199  	105.804814 
980.685857  	105.801829 
982.117516  	105.793126 
983.549174  	105.794048 
984.980832  	105.775487 
986.412490  	105.759105 
987.844148  	105.817162 
989.275806  	105.860679 
990.707465  	105.827408 
992.139123  	105.810572 
993.570781  	105.795720 
995.002439  	105.770195 
996.434097  	105.785472 
997.865756  	105.797461 
999.297414  	105.797404 
1000.729072  	105.828909 
1002.160730  	105.878154 
1003.592388  	105.876686 
1005.024046  	105.817837 
1006.455705  	105.834715 
1007.887363  	105.867834 
1009.319021  	105.795980 
1010.750679  	105.811028 
1012.182337  	105.870587 
1013.613996  	105.783412 
1015.045654  	105.770142 
1016.477312  	105.868345 
1017.908970  	105.883911 
1019.340628  	105.878891 
1020.772287  	105.879895 
1022.203945  	105.890859 
1023.635603  	105.920385 
1025.067261  	105.867874 
1026.498919  	105.839269 
1027.930577  	105.881984 
1029.362236  	105.840254 
1030.793894  	105.785052 
1032.225552  	105.789713 
1033.657210  	105.786659 
1035.088868  	105.791542 
1036.520527  	105.816979 
1037.952185  	105.850411 
1039.383843  	105.848391 
1040.815501  	105.818335 
1042.247159  	105.835987 
1043.678818  	105.821494 
1045.110476  	105.773501 
1046.542134  	105.770697 
1047.973792  	105.723793 
1049.405450  	105.702590 
1050.837108  	105.757742 
1052.268767  	105.754871 
1053.700425  	105.757428 
1055.132083  	105.723956 
1056.563741  	105.591584 
1057.995399  	105.604876 
1059.427058  	105.716781 
1060.858716  	105.714817 
1062.290374  	105.664451 
1063.722032  	105.612512 
1065.153690  	105.614096 
1066.585348  	105.656393 
1068.017007  	105.625941 
1069.448665  	105.610253 
1070.880323  	105.598359 
1072.311981  	105.512255 
1073.743639  	105.485336 
1075.175298  	105.487225 
1076.606956  	105.445964 
1078.038614  	105.475872 
1079.470272  	105.552496 
1080.901930  	105.583650 
1082.333589  	105.585823 
1083.765247  	105.591927 
1085.196905  	105.558602 
1086.628563  	105.465255 
1088.060221  	105.486935 
1089.491879  	105.615527 
1090.923538  	105.620794 
1092.355196  	105.622181 
1093.786854  	105.718400 
1095.218512  	105.710446 
1096.650170  	105.668165 
1098.081829  	105.730262 
1099.513487  	105.780380 
1100.945145  	105.791217 
1102.376803  	105.827417 
1103.808461  	105.845971 
1105.240120  	105.797389 
1106.671778  	105.750180 
1108.103436  	105.777358 
1109.535094  	105.814034 
1110.966752  	105.798943 
1112.398410  	105.768737 
1113.830069  	105.773564 
1115.261727  	105.794458 
1116.693385  	105.754447 
1118.125043  	105.712901 
1119.556701  	105.763012 
1120.988360  	105.811262 
1122.420018  	105.807830 
1123.851676  	105.779212 
1125.283334  	105.745507 
1126.714992  	105.777044 
1128.146650  	105.790440 
1129.578309  	105.736889 
1131.009967  	105.762791 
1132.441625  	105.808763 
1133.873283  	105.788762 
1135.304941  	105.794348 
1136.736600  	105.803106 
1138.168258  	105.800665 
1139.599916  	105.810380 
1141.031574  	105.784375 
1142.463232  	105.754525 
1143.894891  	105.756975 
1145.326549  	105.796303 
1146.758207  	105.835568 
1148.189865  	105.778856 
1149.621523  	105.716874 
1151.053181  	105.736710 
1152.484840  	105.742141 
1153.916498  	105.734983 
1155.348156  	105.726792 
1156.779814  	105.721443 
1158.211472  	105.783131 
1159.643131  	105.811349 
1161.074789  	105.771229 
1162.506447  	105.781247 
1163.938105  	105.808317 
1165.369763  	105.818614 
1166.801421  	105.829907 
1168.233080  	105.817778 
1169.664738  	105.799129 
1171.096396  	105.767024 
1172.528054  	105.757983 
1173.959712  	105.804718 
1175.391371  	105.800278 
1176.823029  	105.756291 
1178.254687  	105.755766 
1179.686345  	105.768514 
1181.118003  	105.794364 
1182.549662  	105.802065 
1183.981320  	105.768523 
1185.412978  	105.768982 
1186.844636  	105.795223 
1188.276294  	105.810231 
1189.707952  	105.803593 
1191.139611  	105.759412 
1192.571269  	105.739191 
1194.002927  	105.759429 
1195.434585  	105.787609 
1196.866243  	105.834346 
1198.297902  	105.856038 
1199.729560  	105.832468 
1201.161218  	105.789770 
1202.592876  	105.743666 
1204.024534  	105.742772 
1205.456193  	105.765063 
1206.887851  	105.773513 
1208.319509  	105.782519 
1209.751167  	105.758695 
1211.182825  	105.743187 
1212.614483  	105.762449 
1214.046142  	105.725202 
1215.477800  	105.669625 
1216.909458  	105.662776 
1218.341116  	105.670808 
1219.772774  	105.663645 
1221.204433  	105.621801 
1222.636091  	105.612116 
1224.067749  	105.625273 
1225.499407  	105.537133 
1226.931065  	105.454766 
1228.362723  	105.471396 
1229.794382  	105.473623 
1231.226040  	105.469204 
1232.657698  	105.497488 
1234.089356  	105.532180 
1235.521014  	105.576393 
1236.952673  	105.608105 
1238.384331  	105.644785 
1239.815989  	105.680899 
1241.247647  	105.680081 
1242.679305  	105.688704 
1244.110964  	105.689931 
1245.542622  	105.697330 
1246.974280  	105.754358 
1248.405938  	105.748209 
1249.837596  	105.699595 
1251.269254  	105.702652 
1252.700913  	105.691188 
1254.132571  	105.679835 
1255.564229  	105.676657 
1256.995887  	105.640690 
1258.427545  	105.626429 
1259.859204  	105.616695 
1261.290862  	105.608229 
1262.722520  	105.622419 
1264.154178  	105.597237 
1265.585836  	105.575549 
1267.017495  	105.561804 
1268.449153  	105.508126 
1269.880811  	105.487904 
1271.312469  	105.475420 
1272.744127  	105.467536 
1274.175785  	105.522060 
1275.607444  	105.529071 
1277.039102  	105.489992 
1278.470760  	105.471484 
1279.902418  	105.442481 
1281.334076  	105.461514 
1282.765735  	105.483527 
1284.197393  	105.442154 
1285.629051  	105.423368 
1287.060709  	105.383702 
1288.492367  	105.327736 
1289.924025  	105.334868 
1291.355684  	105.304181 
1292.787342  	105.229068 
1294.219000  	105.163278 
1295.650658  	105.079447 
1297.082316  	105.021676 
1298.513975  	104.989768 
1299.945633  	104.967606 
1301.377291  	104.970091 
1302.808949  	104.947226 
1304.240607  	104.941288 
1305.672266  	104.975387 
1307.103924  	104.989732 
1308.535582  	105.028755 
1309.967240  	105.076897 
1311.398898  	105.103778 
1312.830556  	105.158359 
1314.262215  	105.203684 
1315.693873  	105.252420 
1317.125531  	105.331562 
1318.557189  	105.401878 
1319.988847  	105.484329 
1321.420506  	105.541692 
1322.852164  	105.581426 
1324.283822  	105.644247 
1325.715480  	105.643919 
1327.147138  	105.619361 
1328.578796  	105.617892 
1330.010455  	105.597878 
1331.442113  	105.610401 
1332.873771  	105.594662 
1334.305429  	105.522751 
1335.737087  	105.465824 
1337.168746  	105.343113 
1338.600404  	105.212320 
1340.032062  	105.156148 
1341.463720  	105.065601 
1342.895378  	105.005119 
1344.327037  	104.968277 
1345.758695  	104.857569 
1347.190353  	104.720822 
1348.622011  	104.566685 
1350.053669  	104.465655 
1351.485327  	104.466318 
1352.916986  	104.452469 
1354.348644  	104.451798 
1355.780302  	104.473447 
1357.211960  	104.460728 
1358.643618  	104.454917 
1360.075277  	104.345208 
1361.506935  	104.097751 
1362.938593  	103.795543 
1364.370251  	103.424491 
1365.801909  	103.128288 
1367.233568  	103.017620 
1368.665226  	103.135020 
1370.096884  	103.410273 
1371.528542  	103.613695 
1372.960200  	103.716905 
1374.391858  	103.748106 
1375.823517  	103.510987 
1377.255175  	103.234821 
1378.686833  	103.272184 
1380.118491  	103.691898 
1381.550149  	104.302699 
1382.981808  	104.857683 
1384.413466  	105.090877 
1385.845124  	105.189341 
1387.276782  	105.268600 
1388.708440  	105.320614 
1390.140098  	105.414300 
1391.571757  	105.472138 
1393.003415  	105.576712 
1394.435073  	105.743989 
1395.866731  	105.832000 
1397.298389  	105.914518 
1398.730048  	105.908941 
1400.161706  	105.900766 
1401.593364  	106.001110 
1403.025022  	105.939264 
1404.456680  	105.879069 
1405.888339  	105.977021 
1407.319997  	105.984571 
1408.751655  	105.994514 
1410.183313  	105.921323 
1411.614971  	105.810099 
1413.046629  	105.864938 
1414.478288  	105.765705 
1415.909946  	105.629415 
1417.341604  	105.645303 
1418.773262  	105.514219 
1420.204920  	105.479919 
1421.636579  	105.413788 
1423.068237  	105.170623 
1424.499895  	105.023990 
1425.931553  	104.774442 
1427.363211  	104.473351 
1428.794870  	104.187549 
1430.226528  	103.666394 
1431.658186  	103.246583 
1433.089844  	102.831173 
1434.521502  	102.275656 
1435.953160  	101.961532 
1437.384819  	101.625393 
1438.816477  	101.207084 
1440.248135  	101.017201 
1441.679793  	100.703491 
1443.111451  	100.420745 
1444.543110  	100.206050 
1445.974768  	99.762879 
1447.406426  	99.428448 
1448.838084  	98.917378 
1450.269742  	98.142166 
1451.701400  	97.297507 
1453.133059  	95.733914 
1454.564717  	94.248511 
1455.996375  	93.044102 
1457.428033  	91.329355 
1458.859691  	90.061652 
1460.291350  	87.154511 
1461.723008  	83.061564 
1463.154666  	80.554583 
1464.586324  	80.843756 
1466.017982  	81.967655 
1467.449641  	81.498902 
1468.881299  	81.084526 
1470.312957  	79.972954 
1471.744615  	76.832638 
1473.176273  	78.737628 
1474.607931  	87.273811 
1476.039590  	94.908908 
1477.471248  	100.357676 
1478.902906  	102.045980 
1480.334564  	103.097847 
1481.766222  	103.937002 
1483.197881  	104.114991 
1484.629539  	104.587691 
1486.061197  	104.791069 
1487.492855  	104.877321 
1488.924513  	105.202389 
1490.356172  	105.147791 
1491.787830  	105.445994 
1493.219488  	105.657833 
1494.651146  	105.553357 
1496.082804  	105.732361 
1497.514462  	105.814882 
1498.946121  	105.814483 
1500.377779  	106.026431 
1501.809437  	105.983497 
1503.241095  	105.998538 
1504.672753  	106.060691 
1506.104412  	105.824822 
1507.536070  	105.969600 
1508.967728  	106.125253 
1510.399386  	106.155638 
1511.831044  	106.299844 
1513.262702  	106.267190 
1514.694361  	106.301376 
1516.126019  	106.365915 
1517.557677  	106.252992 
1518.989335  	106.356635 
1520.420993  	106.357504 
1521.852652  	106.241620 
1523.284310  	106.398685 
1524.715968  	106.336010 
1526.147626  	106.339473 
1527.579284  	106.487325 
1529.010943  	106.461739 
1530.442601  	106.498042 
1531.874259  	106.479310 
1533.305917  	106.438697 
1534.737575  	106.641916 
1536.169233  	106.588602 
1537.600892  	106.496952 
1539.032550  	106.520240 
1540.464208  	106.368496 
1541.895866  	106.534289 
1543.327524  	106.643140 
1544.759183  	106.553792 
1546.190841  	106.680019 
1547.622499  	106.686526 
1549.054157  	106.587226 
1550.485815  	106.662050 
1551.917473  	106.728355 
1553.349132  	106.781258 
1554.780790  	106.800364 
1556.212448  	106.687876 
1557.644106  	106.650589 
1559.075764  	106.541924 
1560.507423  	106.671554 
1561.939081  	106.788752 
1563.370739  	106.709175 
1564.802397  	106.730431 
1566.234055  	106.850160 
1567.665714  	106.788970 
1569.097372  	106.762195 
1570.529030  	106.810504 
1571.960688  	106.819008 
1573.392346  	106.845360 
1574.824004  	106.741456 
1576.255663  	106.644076 
1577.687321  	106.806961 
1579.118979  	106.841454 
1580.550637  	106.844321 
1581.982295  	106.853181 
1583.413954  	106.845165 
1584.845612  	106.880081 
1586.277270  	106.851319 
1587.708928  	106.838768 
1589.140586  	106.890359 
1590.572245  	106.866320 
1592.003903  	106.882894 
1593.435561  	106.904438 
1594.867219  	106.851028 
1596.298877  	106.898973 
1597.730535  	106.939868 
1599.162194  	106.908118 
1600.593852  	106.914653 
1602.025510  	106.898085 
1603.457168  	106.905228 
1604.888826  	106.935462 
1606.320485  	106.919770 
1607.752143  	106.934921 
1609.183801  	106.902500 
1610.615459  	106.867199 
1612.047117  	106.941758 
1613.478775  	106.939620 
1614.910434  	106.872114 
1616.342092  	106.845313 
1617.773750  	106.851429 
1619.205408  	106.923875 
1620.637066  	106.939487 
1622.068725  	106.879165 
1623.500383  	106.912482 
1624.932041  	106.963225 
1626.363699  	106.944403 
1627.795357  	106.950354 
1629.227016  	106.976579 
1630.658674  	106.999428 
1632.090332  	106.982677 
1633.521990  	106.954736 
1634.953648  	106.957729 
1636.385306  	106.899530 
1637.816965  	106.903697 
1639.248623  	106.931194 
1640.680281  	106.933086 
1642.111939  	107.011308 
1643.543597  	107.044687 
1644.975256  	106.962168 
1646.406914  	106.936001 
1647.838572  	106.996539 
1649.270230  	107.057058 
1650.701888  	107.068989 
1652.133547  	106.934612 
1653.565205  	106.897383 
1654.996863  	107.075027 
1656.428521  	107.017896 
1657.860179  	107.032851 
1659.291837  	107.115927 
1660.723496  	107.136242 
1662.155154  	107.107308 
1663.586812  	107.074704 
1665.018470  	107.113631 
1666.450128  	107.130274 
1667.881787  	107.083944 
1669.313445  	107.093078 
1670.745103  	107.120999 
1672.176761  	107.141501 
1673.608419  	107.182165 
1675.040077  	107.138485 
1676.471736  	107.129760 
1677.903394  	107.181215 
1679.335052  	107.152183 
1680.766710  	107.115756 
1682.198368  	107.063068 
1683.630027  	106.982132 
1685.061685  	107.153121 
1686.493343  	107.169788 
1687.925001  	107.123238 
1689.356659  	107.126176 
1690.788318  	107.076587 
1692.219976  	107.108888 
1693.651634  	107.173301 
1695.083292  	107.104006 
1696.514950  	107.113656 
1697.946608  	107.157378 
1699.378267  	106.992231 
1700.809925  	106.857423 
1702.241583  	107.005483 
1703.673241  	106.981899 
1705.104899  	106.885703 
1706.536558  	106.910036 
1707.968216  	106.994598 
1709.399874  	106.980028 
1710.831532  	106.934180 
1712.263190  	106.956681 
1713.694849  	106.962024 
1715.126507  	106.899640 
1716.558165  	106.796563 
1717.989823  	106.676000 
1719.421481  	106.671537 
1720.853139  	106.662481 
1722.284798  	106.638063 
1723.716456  	106.680114 
1725.148114  	106.728339 
1726.579772  	106.762309 
1728.011430  	106.781476 
1729.443089  	106.769643 
1730.874747  	106.789309 
1732.306405  	106.731584 
1733.738063  	106.585851 
1735.169721  	106.736501 
1736.601379  	106.828328 
1738.033038  	106.774932 
1739.464696  	106.767947 
1740.896354  	106.758621 
1742.328012  	106.703846 
1743.759670  	106.715390 
1745.191329  	106.797103 
1746.622987  	106.857019 
1748.054645  	106.858993 
1749.486303  	106.812168 
1750.917961  	106.752335 
1752.349620  	106.785682 
1753.781278  	106.893712 
1755.212936  	106.900197 
1756.644594  	106.876778 
1758.076252  	106.979829 
1759.507910  	107.008977 
1760.939569  	106.982699 
1762.371227  	107.070525 
1763.802885  	107.125865 
1765.234543  	107.084992 
1766.666201  	107.010613 
1768.097860  	106.972202 
1769.529518  	107.000145 
1770.961176  	106.897555 
1772.392834  	106.806631 
1773.824492  	106.976096 
1775.256150  	107.003251 
1776.687809  	106.976602 
1778.119467  	106.997811 
1779.551125  	106.983752 
1780.982783  	107.085451 
1782.414441  	107.156396 
1783.846100  	107.064709 
1785.277758  	107.073940 
1786.709416  	107.114119 
1788.141074  	107.057722 
1789.572732  	107.008798 
1791.004391  	106.904599 
1792.436049  	106.854160 
1793.867707  	106.978389 
1795.299365  	107.011295 
1796.731023  	107.013086 
1798.162681  	107.035614 
1799.594340  	107.039230 
1801.025998  	107.076101 
1802.457656  	107.080549 
1803.889314  	107.047562 
1805.320972  	107.019807 
1806.752631  	106.991821 
1808.184289  	107.010449 
1809.615947  	107.001299 
1811.047605  	106.969708 
1812.479263  	107.041462 
1813.910922  	107.053602 
1815.342580  	106.977980 
1816.774238  	106.967521 
1818.205896  	106.987190 
1819.637554  	106.973649 
1821.069212  	106.944430 
1822.500871  	106.969374 
1823.932529  	107.081061 
1825.364187  	107.124372 
1826.795845  	107.079083 
1828.227503  	107.059300 
1829.659162  	106.992243 
1831.090820  	106.987321 
1832.522478  	107.078374 
1833.954136  	107.148868 
1835.385794  	107.201253 
1836.817452  	107.170201 
1838.249111  	107.110303 
1839.680769  	107.062351 
1841.112427  	106.973288 
1842.544085  	106.981244 
1843.975743  	107.040910 
1845.407402  	106.931721 
1846.839060  	106.914775 
1848.270718  	106.959444 
1849.702376  	106.892085 
1851.134034  	106.841992 
1852.565693  	106.894513 
1853.997351  	106.998888 
1855.429009  	107.039631 
1856.860667  	107.026293 
1858.292325  	107.051894 
1859.723983  	106.998983 
1861.155642  	106.971420 
1862.587300  	107.118381 
1864.018958  	107.161366 
1865.450616  	107.099997 
1866.882274  	107.073400 
1868.313933  	106.997516 
1869.745591  	107.061612 
1871.177249  	107.149079 
1872.608907  	107.037675 
1874.040565  	106.955808 
1875.472224  	106.934235 
1876.903882  	106.927744 
1878.335540  	107.010869 
1879.767198  	107.045901 
1881.198856  	107.030144 
1882.630514  	106.962273 
1884.062173  	106.762559 
1885.493831  	106.685450 
1886.925489  	106.784989 
1888.357147  	106.816678 
1889.788805  	106.812831 
1891.220464  	106.831229 
1892.652122  	106.852891 
1894.083780  	106.880999 
1895.515438  	106.849855 
1896.947096  	106.788189 
1898.378754  	106.735982 
1899.810413  	106.689858 
1901.242071  	106.697251 
1902.673729  	106.772963 
1904.105387  	106.831370 
1905.537045  	106.834953 
1906.968704  	106.953271 
1908.400362  	107.117278 
1909.832020  	106.999679 
1911.263678  	106.862981 
1912.695336  	106.878266 
1914.126995  	106.806206 
1915.558653  	106.894294 
1916.990311  	107.038685 
1918.421969  	106.874324 
1919.853627  	106.926245 
1921.285285  	107.106946 
1922.716944  	106.975623 
1924.148602  	106.932469 
1925.580260  	107.062225 
1927.011918  	107.032123 
1928.443576  	106.935254 
1929.875235  	106.912685 
1931.306893  	106.962558 
1932.738551  	106.918321 
1934.170209  	106.844993 
1935.601867  	106.921418 
1937.033525  	106.901633 
1938.465184  	106.865332 
1939.896842  	106.887514 
1941.328500  	106.690962 
1942.760158  	106.697587 
1944.191816  	106.945659 
1945.623475  	106.838244 
1947.055133  	106.665754 
1948.486791  	106.569055 
1949.918449  	106.524013 
1951.350107  	106.647992 
1952.781766  	106.661196 
1954.213424  	106.690446 
1955.645082  	106.827561 
1957.076740  	106.800688 
1958.508398  	106.889892 
1959.940056  	106.827781 
1961.371715  	106.624091 
1962.803373  	106.919326 
1964.235031  	106.873298 
1965.666689  	106.417037 
1967.098347  	106.625027 
1968.530006  	106.831009 
1969.961664  	106.516223 
1971.393322  	106.397241 
1972.824980  	106.557873 
1974.256638  	106.595687 
1975.688297  	106.310321 
1977.119955  	106.157977 
1978.551613  	106.285625 
1979.983271  	106.298857 
1981.414929  	106.373977 
1982.846587  	106.302699 
1984.278246  	106.240827 
1985.709904  	106.801073 
1987.141562  	107.014282 
1988.573220  	106.510508 
1990.004878  	106.398185 
1991.436537  	106.548446 
1992.868195  	106.641237 
1994.299853  	106.584411 
1995.731511  	106.273114 
1997.163169  	106.531494 
1998.594827  	107.149502 
2000.026486  	107.073578 
2001.458144  	106.852213 
2002.889802  	106.757328 
2004.321460  	106.530344 
2005.753118  	106.660033 
2007.184777  	107.254437 
2008.616435  	107.518733 
2010.048093  	106.975256 
2011.479751  	106.464727 
2012.911409  	106.505769 
2014.343068  	106.266934 
2015.774726  	105.953677 
2017.206384  	106.177249 
2018.638042  	106.354710 
2020.069700  	106.441875 
2021.501358  	106.478620 
2022.933017  	106.373034 
2024.364675  	106.635840 
2025.796333  	106.530186 
2027.227991  	105.993662 
2028.659649  	106.123236 
2030.091308  	106.122492 
2031.522966  	105.749715 
2032.954624  	106.084516 
2034.386282  	106.267826 
2035.817940  	105.839318 
2037.249599  	106.000837 
2038.681257  	106.547180 
2040.112915  	106.468880 
2041.544573  	106.106154 
2042.976231  	106.391256 
2044.407889  	106.812776 
2045.839548  	106.526561 
2047.271206  	106.214163 
2048.702864  	106.410850 
2050.134522  	106.702582 
2051.566180  	106.951791 
2052.997839  	107.146780 
2054.429497  	107.125361 
2055.861155  	106.912262 
2057.292813  	106.756746 
2058.724471  	106.789661 
2060.156129  	106.823594 
2061.587788  	106.847490 
2063.019446  	106.917271 
2064.451104  	106.880348 
2065.882762  	106.839544 
2067.314420  	106.822469 
2068.746079  	106.816775 
2070.177737  	107.024045 
2071.609395  	107.122165 
2073.041053  	106.961762 
2074.472711  	106.994425 
2075.904370  	107.064997 
2077.336028  	106.943662 
2078.767686  	106.889620 
2080.199344  	106.968674 
2081.631002  	107.070868 
2083.062660  	107.117162 
2084.494319  	107.194936 
2085.925977  	107.273190 
2087.357635  	107.085062 
2088.789293  	106.949375 
2090.220951  	107.114897 
2091.652610  	107.184346 
2093.084268  	107.162519 
2094.515926  	107.165900 
2095.947584  	107.089702 
2097.379242  	107.039713 
2098.810901  	106.965061 
2100.242559  	106.984105 
2101.674217  	107.140392 
2103.105875  	107.030020 
2104.537533  	106.895754 
2105.969191  	107.044771 
2107.400850  	107.194305 
2108.832508  	107.256231 
2110.264166  	107.076557 
2111.695824  	106.825294 
2113.127482  	106.987718 
2114.559141  	107.171994 
2115.990799  	107.088408 
2117.422457  	107.047819 
2118.854115  	106.982842 
2120.285773  	106.925047 
2121.717431  	107.015156 
2123.149090  	107.134065 
2124.580748  	107.191896 
2126.012406  	107.081639 
2127.444064  	106.997670 
2128.875722  	107.074028 
2130.307381  	107.089043 
2131.739039  	107.191567 
2133.170697  	107.249025 
2134.602355  	107.077526 
2136.034013  	107.167592 
2137.465672  	107.113597 
2138.897330  	106.761838 
2140.328988  	106.876427 
2141.760646  	106.925895 
2143.192304  	106.652827 
2144.623962  	106.675584 
2146.055621  	106.638629 
2147.487279  	106.514489 
2148.918937  	106.595834 
2150.350595  	106.722183 
2151.782253  	106.814829 
2153.213912  	106.491340 
2154.645570  	106.316053 
2156.077228  	106.716693 
2157.508886  	106.275758 
2158.940544  	105.715188 
2160.372202  	106.508169 
2161.803861  	106.826345 
2163.235519  	106.518033 
2164.667177  	106.596333 
2166.098835  	106.760509 
2167.530493  	107.000037 
2168.962152  	107.077951 
2170.393810  	106.709030 
2171.825468  	106.305315 
2173.257126  	106.144638 
2174.688784  	106.277310 
2176.120443  	106.722183 
2177.552101  	107.199422 
2178.983759  	107.351713 
2180.415417  	107.095381 
2181.847075  	107.132803 
2183.278733  	107.447182 
2184.710392  	107.239225 
2186.142050  	107.028605 
2187.573708  	107.191214 
2189.005366  	107.159776 
2190.437024  	107.058052 
2191.868683  	107.018584 
2193.300341  	106.840298 
2194.731999  	106.905957 
2196.163657  	107.333035 
2197.595315  	107.480861 
2199.026974  	107.223530 
2200.458632  	107.083186 
2201.890290  	107.111216 
2203.321948  	107.183772 
2204.753606  	107.357444 
2206.185264  	107.219936 
2207.616923  	106.971286 
2209.048581  	107.345468 
2210.480239  	107.620108 
2211.911897  	107.162442 
2213.343555  	106.761668 
2214.775214  	106.826529 
2216.206872  	107.150105 
2217.638530  	107.268669 
2219.070188  	107.131507 
2220.501846  	107.304075 
2221.933504  	107.384274 
2223.365163  	107.128132 
2224.796821  	107.249097 
2226.228479  	107.383675 
2227.660137  	107.297499 
2229.091795  	107.563154 
2230.523454  	107.697013 
2231.955112  	107.434920 
2233.386770  	107.305330 
2234.818428  	107.259371 
2236.250086  	107.133391 
2237.681745  	107.074453 
2239.113403  	107.267098 
2240.545061  	107.500854 
2241.976719  	107.413498 
2243.408377  	107.307131 
2244.840035  	107.266390 
2246.271694  	107.110317 
2247.703352  	107.169501 
2249.135010  	107.203658 
2250.566668  	107.039272 
2251.998326  	107.213694 
2253.429985  	107.424840 
2254.861643  	107.341804 
2256.293301  	107.329171 
2257.724959  	107.334131 
2259.156617  	107.349307 
2260.588276  	107.410254 
2262.019934  	107.331156 
2263.451592  	107.290575 
2264.883250  	107.312689 
2266.314908  	107.278837 
2267.746566  	107.305326 
2269.178225  	107.393305 
2270.609883  	107.527381 
2272.041541  	107.494563 
2273.473199  	107.215107 
2274.904857  	107.168734 
2276.336516  	107.327990 
2277.768174  	107.355234 
2279.199832  	107.363461 
2280.631490  	107.336425 
2282.063148  	107.273292 
2283.494806  	107.267182 
2284.926465  	107.239008 
2286.358123  	107.237726 
2287.789781  	107.191574 
2289.221439  	107.087249 
2290.653097  	107.191724 
2292.084756  	107.289724 
2293.516414  	107.121421 
2294.948072  	106.992657 
2296.379730  	107.039826 
2297.811388  	107.122699 
2299.243047  	107.198005 
2300.674705  	107.223508 
2302.106363  	107.162990 
2303.538021  	107.082927 
2304.969679  	107.106162 
2306.401337  	107.131285 
2307.832996  	107.029498 
2309.264654  	106.994814 
2310.696312  	107.010627 
2312.127970  	106.941055 
2313.559628  	106.981595 
2314.991287  	107.071584 
2316.422945  	107.044064 
2317.854603  	107.020468 
2319.286261  	106.981306 
2320.717919  	106.951047 
2322.149577  	106.948441 
2323.581236  	106.798944 
2325.012894  	106.673309 
2326.444552  	106.713794 
2327.876210  	106.747445 
2329.307868  	106.735540 
2330.739527  	106.677959 
2332.171185  	106.620093 
2333.602843  	106.700764 
2335.034501  	106.798284 
2336.466159  	106.755392 
2337.897818  	106.641675 
2339.329476  	106.588320 
2340.761134  	106.610855 
2342.192792  	106.652466 
2343.624450  	106.745486 
2345.056108  	106.779502 
2346.487767  	106.722853 
2347.919425  	106.855011 
2349.351083  	107.010144 
2350.782741  	106.949982 
2352.214399  	106.839364 
2353.646058  	106.717943 
2355.077716  	106.564853 
2356.509374  	106.623672 
2357.941032  	106.601510 
2359.372690  	106.398609 
2360.804349  	106.507316 
2362.236007  	106.735562 
2363.667665  	106.743652 
2365.099323  	106.628878 
2366.530981  	106.551378 
2367.962639  	106.701938 
2369.394298  	106.933099 
2370.825956  	107.021242 
2372.257614  	107.084854 
2373.689272  	107.165606 
2375.120930  	107.214710 
2376.552589  	107.172096 
2377.984247  	107.105449 
2379.415905  	107.216848 
2380.847563  	107.368276 
2382.279221  	107.362943 
2383.710879  	107.336768 
2385.142538  	107.350859 
2386.574196  	107.332915 
2388.005854  	107.287164 
2389.437512  	107.267780 
2390.869170  	107.291526 
2392.300829  	107.284585 
2393.732487  	107.296255 
2395.164145  	107.372801 
2396.595803  	107.342590 
2398.027461  	107.272034 
2399.459120  	107.303531 
2400.890778  	107.297133 
2402.322436  	107.293911 
2403.754094  	107.369037 
2405.185752  	107.378861 
2406.617410  	107.348880 
2408.049069  	107.354912 
2409.480727  	107.360765 
2410.912385  	107.333771 
2412.344043  	107.268108 
2413.775701  	107.266584 
2415.207360  	107.337339 
2416.639018  	107.364471 
2418.070676  	107.357918 
2419.502334  	107.333868 
2420.933992  	107.322711 
2422.365651  	107.339704 
2423.797309  	107.314396 
2425.228967  	107.317335 
2426.660625  	107.344280 
2428.092283  	107.320809 
2429.523941  	107.366780 
2430.955600  	107.389834 
2432.387258  	107.298929 
2433.818916  	107.317513 
2435.250574  	107.398982 
2436.682232  	107.378162 
2438.113891  	107.340848 
2439.545549  	107.359670 
2440.977207  	107.444324 
2442.408865  	107.512986 
2443.840523  	107.532038 
2445.272181  	107.562797 
2446.703840  	107.490642 
2448.135498  	107.377504 
2449.567156  	107.420956 
2450.998814  	107.478248 
2452.430472  	107.434059 
2453.862131  	107.343783 
2455.293789  	107.286790 
2456.725447  	107.366458 
2458.157105  	107.436275 
2459.588763  	107.407539 
2461.020422  	107.432028 
2462.452080  	107.442227 
2463.883738  	107.391220 
2465.315396  	107.357785 
2466.747054  	107.339936 
2468.178712  	107.425011 
2469.610371  	107.524900 
2471.042029  	107.480691 
2472.473687  	107.425808 
2473.905345  	107.353060 
2475.337003  	107.264470 
2476.768662  	107.341681 
2478.200320  	107.429533 
2479.631978  	107.385505 
2481.063636  	107.353233 
2482.495294  	107.342741 
2483.926953  	107.337635 
2485.358611  	107.372505 
2486.790269  	107.416403 
2488.221927  	107.470648 
2489.653585  	107.520483 
2491.085243  	107.528055 
2492.516902  	107.451267 
2493.948560  	107.318232 
2495.380218  	107.288092 
2496.811876  	107.361837 
2498.243534  	107.403372 
2499.675193  	107.386227 
2501.106851  	107.321725 
2502.538509  	107.304903 
2503.970167  	107.371677 
2505.401825  	107.381556 
2506.833483  	107.377282 
2508.265142  	107.419538 
2509.696800  	107.373172 
2511.128458  	107.282151 
2512.560116  	107.258183 
2513.991774  	107.247533 
2515.423433  	107.235112 
2516.855091  	107.238453 
2518.286749  	107.258733 
2519.718407  	107.294579 
2521.150065  	107.297211 
2522.581724  	107.279792 
2524.013382  	107.289580 
2525.445040  	107.296569 
2526.876698  	107.297888 
2528.308356  	107.312653 
2529.740014  	107.298223 
2531.171673  	107.256281 
2532.603331  	107.254517 
2534.034989  	107.290109 
2535.466647  	107.310445 
2536.898305  	107.306430 
2538.329964  	107.305646 
2539.761622  	107.342514 
2541.193280  	107.360299 
2542.624938  	107.294691 
2544.056596  	107.275037 
2545.488254  	107.327531 
2546.919913  	107.288757 
2548.351571  	107.244740 
2549.783229  	107.303469 
2551.214887  	107.317197 
2552.646545  	107.286896 
2554.078204  	107.322775 
2555.509862  	107.353892 
2556.941520  	107.291665 
2558.373178  	107.177086 
2559.804836  	107.144737 
2561.236495  	107.215598 
2562.668153  	107.247304 
2564.099811  	107.208495 
2565.531469  	107.183533 
2566.963127  	107.194900 
2568.394785  	107.181759 
2569.826444  	107.099508 
2571.258102  	107.080553 
2572.689760  	107.177225 
2574.121418  	107.186262 
2575.553076  	107.108316 
2576.984735  	107.118438 
2578.416393  	107.154223 
2579.848051  	107.120585 
2581.279709  	107.081354 
2582.711367  	107.080206 
2584.143026  	107.087271 
2585.574684  	107.097697 
2587.006342  	107.109946 
2588.438000  	107.055679 
2589.869658  	106.979187 
2591.301316  	106.990113 
2592.732975  	106.962550 
2594.164633  	106.840416 
2595.596291  	106.828850 
2597.027949  	106.946796 
2598.459607  	107.019221 
2599.891266  	106.987423 
2601.322924  	106.915395 
2602.754582  	106.884218 
2604.186240  	106.862150 
2605.617898  	106.807635 
2607.049556  	106.791884 
2608.481215  	106.823521 
2609.912873  	106.847452 
2611.344531  	106.853732 
2612.776189  	106.819735 
2614.207847  	106.746162 
2615.639506  	106.704629 
2617.071164  	106.721140 
2618.502822  	106.701441 
2619.934480  	106.636220 
2621.366138  	106.654507 
2622.797797  	106.700419 
2624.229455  	106.653735 
2625.661113  	106.595309 
2627.092771  	106.553851 
2628.524429  	106.518712 
2629.956087  	106.511299 
2631.387746  	106.455721 
2632.819404  	106.412483 
2634.251062  	106.449339 
2635.682720  	106.443491 
2637.114378  	106.438516 
2638.546037  	106.460832 
2639.977695  	106.404956 
2641.409353  	106.395571 
2642.841011  	106.460250 
2644.272669  	106.464549 
2645.704328  	106.470021 
2647.135986  	106.467383 
2648.567644  	106.427590 
2649.999302  	106.462972 
2651.430960  	106.496902 
2652.862618  	106.444781 
2654.294277  	106.415513 
2655.725935  	106.425084 
2657.157593  	106.417412 
2658.589251  	106.408138 
2660.020909  	106.432952 
2661.452568  	106.458611 
2662.884226  	106.422866 
2664.315884  	106.399896 
2665.747542  	106.444443 
2667.179200  	106.477151 
2668.610858  	106.497658 
2670.042517  	106.500495 
2671.474175  	106.455070 
2672.905833  	106.446142 
2674.337491  	106.473753 
2675.769149  	106.485667 
2677.200808  	106.499034 
2678.632466  	106.473497 
2680.064124  	106.439704 
2681.495782  	106.462352 
2682.927440  	106.481110 
2684.359099  	106.494807 
2685.790757  	106.508540 
2687.222415  	106.486928 
2688.654073  	106.499389 
2690.085731  	106.537483 
2691.517389  	106.535313 
2692.949048  	106.539219 
2694.380706  	106.548363 
2695.812364  	106.535819 
2697.244022  	106.514606 
2698.675680  	106.485282 
2700.107339  	106.506870 
2701.538997  	106.557159 
2702.970655  	106.515307 
2704.402313  	106.446882 
2705.833971  	106.457615 
2707.265630  	106.474231 
2708.697288  	106.448848 
2710.128946  	106.427324 
2711.560604  	106.416187 
2712.992262  	106.407511 
2714.423920  	106.422243 
2715.855579  	106.432087 
2717.287237  	106.398937 
2718.718895  	106.386897 
2720.150553  	106.405343 
2721.582211  	106.358704 
2723.013870  	106.294004 
2724.445528  	106.286192 
2725.877186  	106.249260 
2727.308844  	106.186590 
2728.740502  	106.197442 
2730.172160  	106.226638 
2731.603819  	106.201937 
2733.035477  	106.180909 
2734.467135  	106.191064 
2735.898793  	106.180019 
2737.330451  	106.140938 
2738.762110  	106.122207 
2740.193768  	106.127845 
2741.625426  	106.110199 
2743.057084  	106.056139 
2744.488742  	106.020300 
2745.920401  	106.044251 
2747.352059  	106.073789 
2748.783717  	106.059992 
2750.215375  	106.064650 
2751.647033  	106.103085 
2753.078691  	106.098077 
2754.510350  	106.069061 
2755.942008  	106.063119 
2757.373666  	106.034904 
2758.805324  	106.000016 
2760.236982  	105.991858 
2761.668641  	105.941671 
2763.100299  	105.876124 
2764.531957  	105.879138 
2765.963615  	105.869746 
2767.395273  	105.795405 
2768.826931  	105.725886 
2770.258590  	105.661848 
2771.690248  	105.601889 
2773.121906  	105.574365 
2774.553564  	105.526308 
2775.985222  	105.432480 
2777.416881  	105.330974 
2778.848539  	105.235227 
2780.280197  	105.159719 
2781.711855  	105.084748 
2783.143513  	104.973283 
2784.575172  	104.866299 
2786.006830  	104.773625 
2787.438488  	104.636508 
2788.870146  	104.477409 
2790.301804  	104.348308 
2791.733462  	104.226817 
2793.165121  	104.099262 
2794.596779  	103.976006 
2796.028437  	103.841026 
2797.460095  	103.682007 
2798.891753  	103.489059 
2800.323412  	103.268894 
2801.755070  	103.072254 
2803.186728  	102.903624 
2804.618386  	102.717340 
2806.050044  	102.501619 
2807.481703  	102.247769 
2808.913361  	101.962396 
2810.345019  	101.693304 
2811.776677  	101.444397 
2813.208335  	101.165643 
2814.639993  	100.819133 
2816.071652  	100.429678 
2817.503310  	100.030880 
2818.934968  	99.571879 
2820.366626  	99.036791 
2821.798284  	98.464924 
2823.229943  	97.809735 
2824.661601  	97.058989 
2826.093259  	96.247590 
2827.524917  	95.344935 
2828.956575  	94.340241 
2830.388233  	93.168538 
2831.819892  	91.730112 
2833.251550  	90.022535 
2834.683208  	87.978665 
2836.114866  	85.508130 
2837.546524  	82.509543 
2838.978183  	78.737395 
2840.409841  	74.053665 
2841.841499  	68.381640 
2843.273157  	61.705507 
2844.704815  	54.418532 
2846.136474  	47.251991 
2847.568132  	41.730655 
2848.999790  	39.923716 
2850.431448  	42.736492 
2851.863106  	49.017884 
2853.294764  	56.373783 
2854.726423  	63.291300 
2856.158081  	69.394485 
2857.589739  	74.564647 
2859.021397  	78.878601 
2860.453055  	82.402295 
2861.884714  	85.183869 
2863.316372  	87.339642 
2864.748030  	88.924684 
2866.179688  	90.016502 
2867.611346  	90.684160 
2869.043005  	90.960495 
2870.474663  	90.947541 
2871.906321  	90.753693 
2873.337979  	90.442711 
2874.769637  	89.990782 
2876.201295  	89.297539 
2877.632954  	88.385898 
2879.064612  	87.314792 
2880.496270  	86.062592 
2881.927928  	84.720602 
2883.359586  	83.333070 
2884.791245  	81.813116 
2886.222903  	80.231323 
2887.654561  	78.602692 
2889.086219  	76.866360 
2890.517877  	75.170838 
2891.949535  	73.562016 
2893.381194  	71.991730 
2894.812852  	70.496733 
2896.244510  	69.004566 
2897.676168  	67.486842 
2899.107826  	65.927216 
2900.539485  	64.273635 
2901.971143  	62.566010 
2903.402801  	60.622770 
2904.834459  	58.282607 
2906.266117  	55.643989 
2907.697776  	52.635846 
2909.129434  	49.246743 
2910.561092  	45.600996 
2911.992750  	41.869217 
2913.424408  	38.711072 
2914.856066  	36.835109 
2916.287725  	36.691987 
2917.719383  	38.428147 
2919.151041  	41.471246 
2920.582699  	45.259203 
2922.014357  	49.442046 
2923.446016  	53.652381 
2924.877674  	57.797687 
2926.309332  	61.750204 
2927.740990  	65.445069 
2929.172648  	68.973538 
2930.604306  	72.274751 
2932.035965  	75.407035 
2933.467623  	78.396841 
2934.899281  	81.101002 
2936.330939  	83.601290 
2937.762597  	85.982009 
2939.194256  	88.151916 
2940.625914  	90.089938 
2942.057572  	91.840450 
2943.489230  	93.408827 
2944.920888  	94.750674 
2946.352547  	95.872518 
2947.784205  	96.810234 
2949.215863  	97.498528 
2950.647521  	97.908188 
2952.079179  	98.167364 
2953.510837  	98.420002 
2954.942496  	98.691952 
2956.374154  	98.944127 
2957.805812  	99.194491 
2959.237470  	99.468818 
2960.669128  	99.746561 
2962.100787  	100.082190 
2963.532445  	100.517466 
2964.964103  	100.954610 
2966.395761  	101.355523 
2967.827419  	101.782543 
2969.259078  	102.226025 
2970.690736  	102.633409 
2972.122394  	103.018614 
2973.554052  	103.413436 
2974.985710  	103.751900 
2976.417368  	103.968685 
2977.849027  	104.156150 
2979.280685  	104.410920 
2980.712343  	104.659464 
2982.144001  	104.809233 
2983.575659  	104.918033 
2985.007318  	105.061272 
2986.438976  	105.218274 
2987.870634  	105.362672 
2989.302292  	105.459506 
2990.733950  	105.499285 
2992.165608  	105.556156 
2993.597267  	105.637818 
2995.028925  	105.733731 
2996.460583  	105.881395 
2997.892241  	105.999899 
2999.323899  	106.059375 
3000.755558  	106.160365 
3002.187216  	106.261480 
3003.618874  	106.300266 
3005.050532  	106.329860 
3006.482190  	106.361754 
3007.913849  	106.379779 
3009.345507  	106.409600 
3010.777165  	106.519880 
3012.208823  	106.677442 
3013.640481  	106.703084 
3015.072139  	106.625065 
3016.503798  	106.623384 
3017.935456  	106.688077 
3019.367114  	106.756745 
3020.798772  	106.792153 
3022.230430  	106.771593 
3023.662089  	106.770724 
3025.093747  	106.806714 
3026.525405  	106.845295 
3027.957063  	106.894208 
3029.388721  	106.938925 
3030.820380  	106.989979 
3032.252038  	106.996694 
3033.683696  	106.920747 
3035.115354  	106.919788 
3036.547012  	106.988070 
3037.978670  	106.972619 
3039.410329  	106.959931 
3040.841987  	107.007169 
3042.273645  	107.029532 
3043.705303  	107.049091 
3045.136961  	107.081421 
3046.568620  	107.095205 
3048.000278  	107.130334 
3049.431936  	107.203675 
3050.863594  	107.227582 
3052.295252  	107.184911 
3053.726910  	107.211756 
3055.158569  	107.279342 
3056.590227  	107.254978 
3058.021885  	107.271264 
3059.453543  	107.368091 
3060.885201  	107.370300 
3062.316860  	107.341939 
3063.748518  	107.378106 
3065.180176  	107.390970 
3066.611834  	107.359412 
3068.043492  	107.335203 
3069.475151  	107.380481 
3070.906809  	107.464325 
3072.338467  	107.473116 
3073.770125  	107.450396 
3075.201783  	107.436483 
3076.633441  	107.369880 
3078.065100  	107.318297 
3079.496758  	107.357588 
3080.928416  	107.440998 
3082.360074  	107.493548 
3083.791732  	107.492437 
3085.223391  	107.497039 
3086.655049  	107.493861 
3088.086707  	107.475713 
3089.518365  	107.534570 
3090.950023  	107.580408 
3092.381682  	107.528211 
3093.813340  	107.509515 
3095.244998  	107.535288 
3096.676656  	107.558026 
3098.108314  	107.593499 
3099.539972  	107.599669 
3100.971631  	107.617525 
3102.403289  	107.657542 
3103.834947  	107.629724 
3105.266605  	107.618000 
3106.698263  	107.700435 
3108.129922  	107.782012 
3109.561580  	107.801937 
3110.993238  	107.781594 
3112.424896  	107.786808 
3113.856554  	107.810443 
3115.288212  	107.769799 
3116.719871  	107.729749 
3118.151529  	107.775294 
3119.583187  	107.836362 
3121.014845  	107.846009 
3122.446503  	107.795002 
3123.878162  	107.735592 
3125.309820  	107.736975 
3126.741478  	107.755815 
3128.173136  	107.755512 
3129.604794  	107.770145 
3131.036453  	107.783154 
3132.468111  	107.777421 
3133.899769  	107.774613 
3135.331427  	107.770517 
3136.763085  	107.768837 
3138.194743  	107.795539 
3139.626402  	107.827340 
3141.058060  	107.817085 
3142.489718  	107.790012 
3143.921376  	107.804265 
3145.353034  	107.852563 
3146.784693  	107.886058 
3148.216351  	107.878188 
3149.648009  	107.853625 
3151.079667  	107.877299 
3152.511325  	107.957420 
3153.942983  	107.982077 
3155.374642  	107.872645 
3156.806300  	107.769151 
3158.237958  	107.812546 
3159.669616  	107.873717 
3161.101274  	107.832610 
3162.532933  	107.789977 
3163.964591  	107.799451 
3165.396249  	107.814494 
3166.827907  	107.842488 
3168.259565  	107.882567 
3169.691224  	107.879710 
3171.122882  	107.837772 
3172.554540  	107.837553 
3173.986198  	107.866905 
3175.417856  	107.854966 
3176.849514  	107.840874 
3178.281173  	107.829670 
3179.712831  	107.813352 
3181.144489  	107.881159 
3182.576147  	107.936886 
3184.007805  	107.864138 
3185.439464  	107.809690 
3186.871122  	107.818912 
3188.302780  	107.837358 
3189.734438  	107.899498 
3191.166096  	107.947074 
3192.597755  	107.950131 
3194.029413  	107.926544 
3195.461071  	107.857187 
3196.892729  	107.858790 
3198.324387  	107.936000 
3199.756045  	107.919505 
3201.187704  	107.859870 
3202.619362  	107.868538 
3204.051020  	107.895133 
3205.482678  	107.835537 
3206.914336  	107.716119 
3208.345995  	107.753164 
3209.777653  	107.899621 
3211.209311  	107.893374 
3212.640969  	107.858520 
3214.072627  	107.903405 
3215.504285  	107.848060 
3216.935944  	107.754545 
3218.367602  	107.760963 
3219.799260  	107.820578 
3221.230918  	107.905780 
3222.662576  	107.955521 
3224.094235  	107.917958 
3225.525893  	107.885492 
3226.957551  	107.919682 
3228.389209  	107.946724 
3229.820867  	107.927569 
3231.252526  	107.930015 
3232.684184  	107.925525 
3234.115842  	107.860650 
3235.547500  	107.853898 
3236.979158  	107.906025 
3238.410816  	107.906802 
3239.842475  	107.892741 
3241.274133  	107.838590 
3242.705791  	107.761936 
3244.137449  	107.796114 
3245.569107  	107.843377 
3247.000766  	107.846756 
3248.432424  	107.919306 
3249.864082  	107.955250 
3251.295740  	107.898876 
3252.727398  	107.894867 
3254.159057  	107.946851 
3255.590715  	107.976742 
3257.022373  	107.944888 
3258.454031  	107.878952 
3259.885689  	107.888765 
3261.317347  	107.945957 
3262.749006  	107.929995 
3264.180664  	107.874737 
3265.612322  	107.851306 
3267.043980  	107.845251 
3268.475638  	107.862649 
3269.907297  	107.918093 
3271.338955  	107.938581 
3272.770613  	107.902940 
3274.202271  	107.907055 
3275.633929  	107.931270 
3277.065587  	107.898282 
3278.497246  	107.860762 
3279.928904  	107.858180 
3281.360562  	107.893304 
3282.792220  	107.940035 
3284.223878  	107.896283 
3285.655537  	107.798724 
3287.087195  	107.791153 
3288.518853  	107.863616 
3289.950511  	107.908297 
3291.382169  	107.879037 
3292.813828  	107.857586 
3294.245486  	107.885248 
3295.677144  	107.866604 
3297.108802  	107.842740 
3298.540460  	107.885012 
3299.972118  	107.889538 
3301.403777  	107.856138 
3302.835435  	107.849253 
3304.267093  	107.843618 
3305.698751  	107.866467 
3307.130409  	107.917560 
3308.562068  	107.953904 
3309.993726  	107.953605 
3311.425384  	107.890307 
3312.857042  	107.852846 
3314.288700  	107.870636 
3315.720359  	107.839653 
3317.152017  	107.834316 
3318.583675  	107.877836 
3320.015333  	107.855313 
3321.446991  	107.875449 
3322.878649  	107.961493 
3324.310308  	107.945425 
3325.741966  	107.899424 
3327.173624  	107.911115 
3328.605282  	107.897881 
3330.036940  	107.879285 
3331.468599  	107.898772 
3332.900257  	107.921031 
3334.331915  	107.933111 
3335.763573  	107.945077 
3337.195231  	107.969144 
3338.626889  	107.969392 
3340.058548  	107.914129 
3341.490206  	107.870824 
3342.921864  	107.858876 
3344.353522  	107.845793 
3345.785180  	107.888228 
3347.216839  	107.955250 
3348.648497  	107.922114 
3350.080155  	107.846400 
3351.511813  	107.849285 
3352.943471  	107.917027 
3354.375130  	107.989156 
3355.806788  	107.995447 
3357.238446  	107.935002 
3358.670104  	107.905967 
3360.101762  	107.884691 
3361.533420  	107.805351 
3362.965079  	107.777623 
3364.396737  	107.854972 
3365.828395  	107.906266 
3367.260053  	107.894895 
3368.691711  	107.920287 
3370.123370  	107.949897 
3371.555028  	107.891049 
3372.986686  	107.839989 
3374.418344  	107.861732 
3375.850002  	107.848973 
3377.281660  	107.805412 
3378.713319  	107.784896 
3380.144977  	107.783276 
3381.576635  	107.868108 
3383.008293  	107.969119 
3384.439951  	107.937513 
3385.871610  	107.873444 
3387.303268  	107.878123 
3388.734926  	107.889832 
3390.166584  	107.864715 
3391.598242  	107.832784 
3393.029901  	107.881805 
3394.461559  	107.939289 
3395.893217  	107.890272 
3397.324875  	107.869662 
3398.756533  	107.892950 
3400.188191  	107.878754 
3401.619850  	107.927191 
3403.051508  	107.945608 
3404.483166  	107.849962 
3405.914824  	107.829015 
3407.346482  	107.886770 
3408.778141  	107.964407 
3410.209799  	108.045717 
3411.641457  	107.993570 
3413.073115  	107.903757 
3414.504773  	107.905540 
3415.936432  	107.899740 
3417.368090  	107.938449 
3418.799748  	108.010331 
3420.231406  	107.973807 
3421.663064  	107.938675 
3423.094722  	107.946053 
3424.526381  	107.896347 
3425.958039  	107.863510 
3427.389697  	107.876587 
3428.821355  	107.902829 
3430.253013  	107.954267 
3431.684672  	107.966656 
3433.116330  	107.933864 
3434.547988  	107.935248 
3435.979646  	107.926256 
3437.411304  	107.846807 
3438.842962  	107.804866 
3440.274621  	107.884910 
3441.706279  	107.943410 
3443.137937  	107.895346 
3444.569595  	107.895920 
3446.001253  	107.956797 
3447.432912  	107.934242 
3448.864570  	107.883885 
3450.296228  	107.912418 
3451.727886  	107.961054 
3453.159544  	107.974830 
3454.591203  	107.952894 
3456.022861  	107.911745 
3457.454519  	107.916651 
3458.886177  	107.985557 
3460.317835  	108.013795 
3461.749493  	107.969623 
3463.181152  	107.934620 
3464.612810  	107.918797 
3466.044468  	107.910210 
3467.476126  	107.900375 
3468.907784  	107.857342 
3470.339443  	107.857612 
3471.771101  	107.934236 
3473.202759  	107.980197 
3474.634417  	107.989272 
3476.066075  	107.988664 
3477.497734  	107.974743 
3478.929392  	107.994905 
3480.361050  	107.983275 
3481.792708  	107.895378 
3483.224366  	107.886200 
3484.656024  	107.967801 
3486.087683  	107.976204 
3487.519341  	107.895938 
3488.950999  	107.844956 
3490.382657  	107.856513 
3491.814315  	107.887524 
3493.245974  	107.945898 
3494.677632  	107.953184 
3496.109290  	107.843308 
3497.540948  	107.809423 
3498.972606  	107.891964 
3500.404264  	107.912219 
3501.835923  	107.928455 
3503.267581  	107.980931 
3504.699239  	107.973439 
3506.130897  	107.980355 
3507.562555  	108.007985 
3508.994214  	107.976609 
3510.425872  	107.936578 
3511.857530  	107.944611 
3513.289188  	107.976787 
3514.720846  	107.970708 
3516.152505  	107.930201 
3517.584163  	107.934629 
3519.015821  	107.922839 
3520.447479  	107.823385 
3521.879137  	107.730261 
3523.310795  	107.748009 
3524.742454  	107.869686 
3526.174112  	107.900921 
3527.605770  	107.813327 
3529.037428  	107.820331 
3530.469086  	107.896975 
3531.900745  	107.942280 
3533.332403  	107.989818 
3534.764061  	107.965759 
3536.195719  	107.918674 
3537.627377  	107.946866 
3539.059035  	107.942131 
3540.490694  	107.927721 
3541.922352  	107.935417 
3543.354010  	107.896013 
3544.785668  	107.892509 
3546.217326  	107.926649 
3547.648985  	107.915239 
3549.080643  	107.923164 
3550.512301  	107.955854 
3551.943959  	108.007722 
3553.375617  	108.030942 
3554.807276  	107.978560 
3556.238934  	107.959244 
3557.670592  	107.950498 
3559.102250  	107.935173 
3560.533908  	107.974124 
3561.965566  	107.924105 
3563.397225  	107.832242 
3564.828883  	107.839265 
3566.260541  	107.743257 
3567.692199  	107.598213 
3569.123857  	107.720130 
3570.555516  	107.845265 
3571.987174  	107.911790 
3573.418832  	107.982196 
3574.850490  	107.970662 
3576.282148  	107.887554 
3577.713807  	107.851371 
3579.145465  	107.931124 
3580.577123  	107.987197 
3582.008781  	107.907688 
3583.440439  	107.872183 
3584.872097  	107.877555 
3586.303756  	107.781668 
3587.735414  	107.690405 
3589.167072  	107.673375 
3590.598730  	107.712851 
3592.030388  	107.828199 
3593.462047  	107.870717 
3594.893705  	107.801004 
3596.325363  	107.778332 
3597.757021  	107.780702 
3599.188679  	107.767161 
3600.620337  	107.731971 
3602.051996  	107.697008 
3603.483654  	107.739848 
3604.915312  	107.782737 
3606.346970  	107.743984 
3607.778628  	107.654988 
3609.210287  	107.597321 
3610.641945  	107.619728 
3612.073603  	107.603045 
3613.505261  	107.586729 
3614.936919  	107.697307 
3616.368578  	107.732773 
3617.800236  	107.656314 
3619.231894  	107.653446 
3620.663552  	107.842675 
3622.095210  	108.086036 
3623.526868  	108.099714 
3624.958527  	107.894779 
3626.390185  	107.782308 
3627.821843  	107.673220 
3629.253501  	107.373405 
3630.685159  	107.611380 
3632.116818  	107.877211 
3633.548476  	107.862638 
3634.980134  	107.944966 
3636.411792  	108.085753 
3637.843450  	108.024881 
3639.275109  	107.934066 
3640.706767  	107.949920 
3642.138425  	107.967817 
3643.570083  	107.988755 
3645.001741  	107.936488 
3646.433399  	107.689183 
3647.865058  	107.402116 
3649.296716  	107.315828 
3650.728374  	107.265005 
3652.160032  	107.520113 
3653.591690  	107.812685 
3655.023349  	107.811081 
3656.455007  	107.723285 
3657.886665  	107.807922 
3659.318323  	107.831916 
3660.749981  	107.823240 
3662.181639  	107.874424 
3663.613298  	107.884360 
3665.044956  	107.845039 
3666.476614  	107.799492 
3667.908272  	107.773753 
3669.339930  	107.764354 
3670.771589  	107.779018 
3672.203247  	107.872121 
3673.634905  	107.812581 
3675.066563  	107.534482 
3676.498221  	107.590744 
3677.929880  	107.871431 
3679.361538  	107.876675 
3680.793196  	107.925185 
3682.224854  	107.934307 
3683.656512  	107.875292 
3685.088170  	107.974863 
3686.519829  	107.990061 
3687.951487  	107.725075 
3689.383145  	107.598644 
3690.814803  	107.739644 
3692.246461  	107.753609 
3693.678120  	107.806504 
3695.109778  	107.933284 
3696.541436  	108.042609 
3697.973094  	108.069674 
3699.404752  	107.945572 
3700.836411  	107.780330 
3702.268069  	107.836163 
3703.699727  	108.016269 
3705.131385  	108.015587 
3706.563043  	107.945413 
3707.994701  	107.899990 
3709.426360  	107.776463 
3710.858018  	107.606304 
3712.289676  	107.588692 
3713.721334  	107.710742 
3715.152992  	107.800051 
3716.584651  	107.814032 
3718.016309  	107.810584 
3719.447967  	107.867977 
3720.879625  	107.920619 
3722.311283  	107.885023 
3723.742941  	107.801613 
3725.174600  	107.739003 
3726.606258  	107.785929 
3728.037916  	107.956763 
3729.469574  	107.953534 
3730.901232  	107.766572 
3732.332891  	107.695631 
3733.764549  	107.763421 
3735.196207  	107.596155 
3736.627865  	107.608735 
3738.059523  	107.920355 
3739.491182  	107.958760 
3740.922840  	107.989310 
3742.354498  	107.975745 
3743.786156  	107.597015 
3745.217814  	107.445825 
3746.649472  	107.911737 
3748.081131  	107.771463 
3749.512789  	107.453650 
3750.944447  	107.455709 
3752.376105  	107.533228 
3753.807763  	107.787996 
3755.239422  	107.959601 
3756.671080  	107.918192 
3758.102738  	107.961107 
3759.534396  	107.969798 
3760.966054  	107.876228 
3762.397712  	107.991725 
3763.829371  	108.046826 
3765.261029  	107.907663 
3766.692687  	107.888589 
3768.124345  	107.975133 
3769.556003  	107.955494 
3770.987662  	107.893653 
3772.419320  	107.886719 
3773.850978  	107.914756 
3775.282636  	107.933978 
3776.714294  	107.885872 
3778.145953  	107.788537 
3779.577611  	107.743739 
3781.009269  	107.775521 
3782.440927  	107.748179 
3783.872585  	107.758532 
3785.304243  	107.888892 
3786.735902  	107.875581 
3788.167560  	107.807690 
3789.599218  	107.940707 
3791.030876  	108.063914 
3792.462534  	108.029470 
3793.894193  	107.938466 
3795.325851  	107.815391 
3796.757509  	107.733431 
3798.189167  	107.735954 
3799.620825  	107.611976 
3801.052484  	107.343525 
3802.484142  	107.322637 
3803.915800  	107.651531 
3805.347458  	107.773638 
3806.779116  	107.722849 
3808.210774  	107.765694 
3809.642433  	107.887437 
3811.074091  	107.926609 
3812.505749  	107.930338 
3813.937407  	107.844741 
3815.369065  	107.653399 
3816.800724  	107.621736 
3818.232382  	107.744413 
3819.664040  	107.664057 
3821.095698  	107.529181 
3822.527356  	107.679651 
3823.959014  	107.814446 
3825.390673  	107.826718 
3826.822331  	107.881356 
3828.253989  	107.953491 
3829.685647  	107.933013 
3831.117305  	107.887279 
3832.548964  	107.853288 
3833.980622  	107.793421 
3835.412280  	107.730900 
3836.843938  	107.654700 
3838.275596  	107.514811 
3839.707255  	107.473777 
3841.138913  	107.620975 
3842.570571  	107.716184 
3844.002229  	107.691917 
3845.433887  	107.766336 
3846.865545  	107.892032 
3848.297204  	107.827736 
3849.728862  	107.692467 
3851.160520  	107.620317 
3852.592178  	107.343744 
3854.023836  	107.100338 
3855.455495  	107.607562 
3856.887153  	107.808737 
3858.318811  	107.823921 
3859.750469  	107.806441 
3861.182127  	107.729194 
3862.613786  	107.767184 
3864.045444  	107.862443 
3865.477102  	107.850302 
3866.908760  	107.860380 
3868.340418  	107.787073 
3869.772076  	107.653022 
3871.203735  	107.728915 
3872.635393  	107.631650 
3874.067051  	107.445603 
3875.498709  	107.661696 
3876.930367  	107.870253 
3878.362026  	107.799350 
3879.793684  	107.677978 
3881.225342  	107.616898 
3882.657000  	107.712278 
3884.088658  	107.772568 
3885.520316  	107.643121 
3886.951975  	107.628961 
3888.383633  	107.753684 
3889.815291  	107.699726 
3891.246949  	107.644992 
3892.678607  	107.811076 
3894.110266  	107.942893 
3895.541924  	107.954854 
3896.973582  	107.883134 
3898.405240  	107.729297 
3899.836898  	107.639871 
3901.268557  	107.693702 
3902.700215  	107.656255 
3904.131873  	107.586306 
3905.563531  	107.708498 
3906.995189  	107.794046 
3908.426847  	107.786200 
3909.858506  	107.833569 
3911.290164  	107.847058 
3912.721822  	107.789467 
3914.153480  	107.782622 
3915.585138  	107.791822 
3917.016797  	107.794355 
3918.448455  	107.807524 
3919.880113  	107.785321 
3921.311771  	107.787064 
3922.743429  	107.782040 
3924.175088  	107.726055 
3925.606746  	107.758409 
3927.038404  	107.821568 
3928.470062  	107.804438 
3929.901720  	107.829502 
3931.333378  	107.859612 
3932.765037  	107.783975 
3934.196695  	107.730645 
3935.628353  	107.778353 
3937.060011  	107.831793 
3938.491669  	107.805266 
3939.923328  	107.752172 
3941.354986  	107.741835 
3942.786644  	107.669049 
3944.218302  	107.638801 
3945.649960  	107.835365 
3947.081618  	107.981088 
3948.513277  	107.913676 
3949.944935  	107.867575 
3951.376593  	107.895677 
3952.808251  	107.878681 
3954.239909  	107.849563 
3955.671568  	107.831238 
3957.103226  	107.832329 
3958.534884  	107.837784 
3959.966542  	107.810248 
3961.398200  	107.806904 
3962.829859  	107.849808 
3964.261517  	107.883042 
3965.693175  	107.869159 
3967.124833  	107.788557 
3968.556491  	107.744208 
3969.988149  	107.802155 
3971.419808  	107.794918 
3972.851466  	107.696935 
3974.283124  	107.653112 
3975.714782  	107.649081 
3977.146440  	107.691650 
3978.578099  	107.799374 
3980.009757  	107.813805 
3981.441415  	107.755134 
3982.873073  	107.819279 
3984.304731  	107.917259 
3985.736389  	107.887168 
3987.168048  	107.811304 
3988.599706  	107.763043 
3990.031364  	107.736138 
3991.463022  	107.790480 
3992.894680  	107.874643 
3994.326339  	107.818853 
3995.757997  	107.688991 
3997.189655  	107.676386 
3998.621313  	107.691620 
4000.052971  	107.646442 
4001.484630  	107.691604 
4002.916288  	107.787291 
4004.347946  	107.761053 
4005.779604  	107.710860 
4007.211262  	107.722605 
4008.642920  	107.726061 
4010.074579  	107.748734 
4011.506237  	107.775646 
4012.937895  	107.739212 
4014.369553  	107.720333 
4015.801211  	107.749605 
4017.232870  	107.730917 
4018.664528  	107.663670 
4020.096186  	107.622614 
4021.527844  	107.653382 
4022.959502  	107.744656 
4024.391161  	107.793464 
4025.822819  	107.739525 
4027.254477  	107.707280 
4028.686135  	107.773696 
4030.117793  	107.784090 
4031.549451  	107.703255 
4032.981110  	107.719417 
4034.412768  	107.779585 
4035.844426  	107.705049 
4037.276084  	107.643313 
4038.707742  	107.721768 
4040.139401  	107.781136 
4041.571059  	107.759160 
4043.002717  	107.720113 
4044.434375  	107.661601 
4045.866033  	107.636797 
4047.297691  	107.683376 
4048.729350  	107.686874 
4050.161008  	107.640154 
4051.592666  	107.678513 
4053.024324  	107.738436 
4054.455982  	107.675398 
4055.887641  	107.593935 
4057.319299  	107.612870 
4058.750957  	107.655391 
4060.182615  	107.653293 
4061.614273  	107.631365 
4063.045932  	107.634866 
4064.477590  	107.644293 
4065.909248  	107.613094 
4067.340906  	107.637712 
4068.772564  	107.735930 
4070.204222  	107.716385 
4071.635881  	107.621654 
4073.067539  	107.658257 
4074.499197  	107.739700 
4075.930855  	107.688567 
4077.362513  	107.542024 
4078.794172  	107.472178 
4080.225830  	107.558415 
4081.657488  	107.632809 
4083.089146  	107.575155 
4084.520804  	107.502815 
4085.952463  	107.483314 
4087.384121  	107.508792 
4088.815779  	107.564754 
4090.247437  	107.572828 
4091.679095  	107.538436 
4093.110753  	107.487858 
4094.542412  	107.383983 
4095.974070  	107.332991 
4097.405728  	107.402961 
4098.837386  	107.450871 
4100.269044  	107.431619 
4101.700703  	107.418657 
4103.132361  	107.441656 
4104.564019  	107.496142 
4105.995677  	107.484013 
4107.427335  	107.398305 
4108.858993  	107.423908 
4110.290652  	107.544953 
4111.722310  	107.585525 
4113.153968  	107.538056 
4114.585626  	107.442470 
4116.017284  	107.371669 
4117.448943  	107.407574 
4118.880601  	107.434130 
4120.312259  	107.413799 
4121.743917  	107.463328 
4123.175575  	107.501732 
4124.607234  	107.473066 
4126.038892  	107.491089 
4127.470550  	107.545852 
4128.902208  	107.581201 
4130.333866  	107.559841 
4131.765524  	107.476355 
4133.197183  	107.481854 
4134.628841  	107.575843 
4136.060499  	107.583475 
4137.492157  	107.535666 
4138.923815  	107.493510 
4140.355474  	107.450599 
4141.787132  	107.452033 
4143.218790  	107.445430 
4144.650448  	107.422659 
4146.082106  	107.468882 
4147.513764  	107.512674 
4148.945423  	107.498993 
4150.377081  	107.475269 
4151.808739  	107.439063 
4153.240397  	107.407165 
4154.672055  	107.407017 
4156.103714  	107.454043 
4157.535372  	107.512498 
4158.967030  	107.456900 
4160.398688  	107.353097 
4161.830346  	107.368721 
4163.262005  	107.431825 
4164.693663  	107.460421 
4166.125321  	107.462988 
4167.556979  	107.441659 
4168.988637  	107.478221 
4170.420295  	107.542905 
4171.851954  	107.529361 
4173.283612  	107.527807 
4174.715270  	107.577139 
4176.146928  	107.584766 
4177.578586  	107.555481 
4179.010245  	107.506528 
4180.441903  	107.468627 
4181.873561  	107.513329 
4183.305219  	107.556860 
4184.736877  	107.481316 
4186.168536  	107.400663 
4187.600194  	107.438530 
4189.031852  	107.462899 
4190.463510  	107.388570 
4191.895168  	107.353295 
4193.326826  	107.369328 
4194.758485  	107.369941 
4196.190143  	107.419618 
4197.621801  	107.452809 
4199.053459  	107.383149 
4200.485117  	107.374442 
4201.916776  	107.484992 
4203.348434  	107.523567 
4204.780092  	107.426873 
4206.211750  	107.384189 
4207.643408  	107.491230 
4209.075066  	107.558495 
4210.506725  	107.526946 
4211.938383  	107.543153 
4213.370041  	107.546577 
4214.801699  	107.504619 
4216.233357  	107.543428 
4217.665016  	107.586977 
4219.096674  	107.577613 
4220.528332  	107.599190 
4221.959990  	107.611560 
4223.391648  	107.576011 
4224.823307  	107.506470 
4226.254965  	107.469905 
4227.686623  	107.552719 
4229.118281  	107.582624 
4230.549939  	107.487644 
4231.981597  	107.465286 
4233.413256  	107.440131 
4234.844914  	107.401204 
4236.276572  	107.551157 
4237.708230  	107.664370 
4239.139888  	107.580733 
4240.571547  	107.558458 
4242.003205  	107.590477 
4243.434863  	107.570453 
4244.866521  	107.565793 
4246.298179  	107.544936 
4247.729838  	107.526669 
4249.161496  	107.500438 
4250.593154  	107.354280 
4252.024812  	107.250207 
4253.456470  	107.301877 
4254.888128  	107.306598 
4256.319787  	107.257220 
4257.751445  	107.303499 
4259.183103  	107.380379 
4260.614761  	107.388218 
4262.046419  	107.365908 
4263.478078  	107.369819 
4264.909736  	107.397993 
4266.341394  	107.468985 
4267.773052  	107.579824 
4269.204710  	107.631098 
4270.636368  	107.646837 
4272.068027  	107.710814 
4273.499685  	107.716042 
4274.931343  	107.645686 
4276.363001  	107.615542 
4277.794659  	107.615115 
4279.226318  	107.650884 
4280.657976  	107.695631 
4282.089634  	107.666056 
4283.521292  	107.672899 
4284.952950  	107.729943 
4286.384609  	107.675461 
4287.816267  	107.565584 
4289.247925  	107.528589 
4290.679583  	107.610287 
4292.111241  	107.766286 
4293.542899  	107.764710 
4294.974558  	107.599872 
4296.406216  	107.565350 
4297.837874  	107.675078 
4299.269532  	107.743412 
4300.701190  	107.757568 
4302.132849  	107.765710 
4303.564507  	107.717897 
4304.996165  	107.589680 
4306.427823  	107.525728 
4307.859481  	107.533222 
4309.291140  	107.424429 
4310.722798  	107.319656 
4312.154456  	107.372478 
4313.586114  	107.389510 
4315.017772  	107.319216 
4316.449430  	107.262097 
4317.881089  	107.226175 
4319.312747  	107.218912 
4320.744405  	107.111611 
4322.176063  	106.888170 
4323.607721  	106.786281 
4325.039380  	106.777735 
4326.471038  	106.744367 
4327.902696  	106.768916 
4329.334354  	106.895419 
4330.766012  	107.152930 
4332.197670  	107.387934 
4333.629329  	107.364720 
4335.060987  	107.272209 
4336.492645  	107.282379 
4337.924303  	107.293106 
4339.355961  	107.328496 
4340.787620  	107.336063 
4342.219278  	107.300865 
4343.650936  	107.406675 
4345.082594  	107.525027 
4346.514252  	107.504130 
4347.945911  	107.494794 
4349.377569  	107.486524 
4350.809227  	107.472304 
4352.240885  	107.550798 
4353.672543  	107.585044 
4355.104201  	107.521885 
4356.535860  	107.504355 
4357.967518  	107.534736 
4359.399176  	107.579388 
4360.830834  	107.655684 
4362.262492  	107.734658 
4363.694151  	107.750901 
4365.125809  	107.676798 
4366.557467  	107.649100 
4367.989125  	107.762582 
4369.420783  	107.851573 
4370.852441  	107.835121 
4372.284100  	107.822114 
4373.715758  	107.801622 
4375.147416  	107.747262 
4376.579074  	107.760173 
4378.010732  	107.820715 
4379.442391  	107.784782 
4380.874049  	107.722513 
4382.305707  	107.807411 
4383.737365  	107.891550 
4385.169023  	107.787156 
4386.600682  	107.707954 
4388.032340  	107.790915 
4389.463998  	107.817962 
4390.895656  	107.768660 
4392.327314  	107.797736 
4393.758972  	107.817833 
4395.190631  	107.757564 
4396.622289  	107.693669 
4398.053947  	107.642971 
4399.485605  	107.685056 
4400.917263  	107.837473 
4402.348922  	107.871908 
4403.780580  	107.770466 
4405.212238  	107.766579 
4406.643896  	107.870509 
4408.075554  	107.960020 
4409.507213  	107.954402 
4410.938871  	107.831664 
4412.370529  	107.759038 
4413.802187  	107.821517 
4415.233845  	107.864484 
4416.665503  	107.839179 
4418.097162  	107.814649 
4419.528820  	107.837600 
4420.960478  	107.897564 
4422.392136  	107.860255 
4423.823794  	107.759009 
4425.255453  	107.808366 
4426.687111  	107.944582 
4428.118769  	107.979261 
4429.550427  	107.933237 
4430.982085  	107.913032 
4432.413743  	107.940547 
4433.845402  	107.900716 
4435.277060  	107.815396 
4436.708718  	107.855822 
4438.140376  	107.890731 
4439.572034  	107.812438 
4441.003693  	107.809649 
4442.435351  	107.851937 
4443.867009  	107.875675 
4445.298667  	107.955991 
4446.730325  	107.971457 
4448.161984  	107.977103 
4449.593642  	108.086096 
4451.025300  	108.036542 
4452.456958  	107.865779 
4453.888616  	107.854416 
4455.320274  	107.889238 
4456.751933  	107.899977 
4458.183591  	107.955962 
4459.615249  	107.989962 
4461.046907  	108.008437 
4462.478565  	107.971342 
4463.910224  	107.847685 
4465.341882  	107.823564 
4466.773540  	107.917988 
4468.205198  	107.971300 
4469.636856  	107.935494 
4471.068515  	107.881931 
4472.500173  	107.967384 
4473.931831  	108.072958 
4475.363489  	107.934157 
4476.795147  	107.795837 
4478.226805  	107.911750 
4479.658464  	108.052616 
4481.090122  	108.100736 
4482.521780  	108.131091 
4483.953438  	108.115828 
4485.385096  	108.056737 
4486.816755  	107.986518 
4488.248413  	107.919453 
4489.680071  	107.886059 
4491.111729  	107.888061 
4492.543387  	107.897716 
4493.975045  	107.873013 
4495.406704  	107.847078 
4496.838362  	107.895534 
4498.270020  	107.921957 
4499.701678  	107.808493 
4501.133336  	107.692183 
4502.564995  	107.774419 
4503.996653  	107.946693 
4505.428311  	107.957763 
4506.859969  	107.925004 
4508.291627  	108.006373 
4509.723286  	107.984527 
4511.154944  	107.886083 
4512.586602  	107.932279 
4514.018260  	107.977042 
4515.449918  	107.973927 
4516.881576  	107.980465 
4518.313235  	107.851209 
4519.744893  	107.766423 
4521.176551  	107.906142 
4522.608209  	107.980194 
4524.039867  	107.945893 
4525.471526  	107.992189 
4526.903184  	108.016094 
4528.334842  	107.942739 
4529.766500  	107.870872 
4531.198158  	107.868092 
4532.629817  	107.913262 
4534.061475  	107.920588 
4535.493133  	107.891861 
4536.924791  	107.867044 
4538.356449  	107.832467 
4539.788107  	107.846027 
4541.219766  	107.921060 
4542.651424  	107.980611 
4544.083082  	108.037110 
4545.514740  	108.104500 
4546.946398  	108.153266 
4548.378057  	108.183706 
4549.809715  	108.126905 
4551.241373  	107.976206 
4552.673031  	107.926068 
4554.104689  	107.999529 
4555.536347  	107.991517 
4556.968006  	107.962028 
4558.399664  	108.020228 
4559.831322  	107.961667 
4561.262980  	107.856982 
4562.694638  	107.920868 
4564.126297  	107.886322 
4565.557955  	107.781880 
4566.989613  	107.980447 
4568.421271  	108.175949 
4569.852929  	108.094774 
4571.284588  	108.065274 
4572.716246  	108.087435 
4574.147904  	107.999660 
4575.579562  	107.957476 
4577.011220  	107.977388 
4578.442878  	107.952296 
4579.874537  	107.887216 
4581.306195  	107.850456 
4582.737853  	107.916741 
4584.169511  	107.987081 
4585.601169  	107.952172 
4587.032828  	107.890149 
4588.464486  	107.865203 
4589.896144  	107.950137 
4591.327802  	108.147845 
4592.759460  	108.234257 
4594.191118  	108.115182 
4595.622777  	107.929949 
4597.054435  	107.811430 
4598.486093  	107.829335 
4599.917751  	107.916066 
4601.349409  	107.958415 
4602.781068  	107.937718 
4604.212726  	107.857979 
4605.644384  	107.779383 
4607.076042  	107.732997 
4608.507700  	107.666269 
4609.939359  	107.676256 
4611.371017  	107.813248 
4612.802675  	107.878836 
4614.234333  	107.829648 
4615.665991  	107.813156 
4617.097649  	107.847088 
4618.529308  	107.935670 
4619.960966  	108.075092 
4621.392624  	108.078334 
4622.824282  	107.916983 
4624.255940  	107.853737 
4625.687599  	107.907669 
4627.119257  	107.895744 
4628.550915  	107.899389 
4629.982573  	107.977112 
4631.414231  	107.980998 
4632.845890  	107.911423 
4634.277548  	107.859893 
4635.709206  	107.874981 
4637.140864  	107.956396 
4638.572522  	107.949117 
4640.004180  	107.878429 
4641.435839  	107.956885 
4642.867497  	108.042290 
4644.299155  	108.005443 
4645.730813  	108.054234 
4647.162471  	108.135432 
4648.594130  	108.081463 
4650.025788  	108.018311 
4651.457446  	107.959732 
4652.889104  	107.865702 
4654.320762  	107.882717 
4655.752420  	107.937740 
4657.184079  	107.849837 
4658.615737  	107.756749 
4660.047395  	107.820785 
4661.479053  	107.969377 
4662.910711  	108.060638 
4664.342370  	108.036441 
4665.774028  	107.984087 
4667.205686  	107.975148 
4668.637344  	107.975083 
4670.069002  	107.986736 
4671.500661  	107.987405 
4672.932319  	107.954098 
4674.363977  	107.960781 
4675.795635  	107.968146 
4677.227293  	107.923965 
4678.658951  	107.915508 
4680.090610  	107.899535 
4681.522268  	107.853425 
4682.953926  	107.894660 
4684.385584  	107.947313 
4685.817242  	107.931535 
4687.248901  	107.948464 
4688.680559  	108.005447 
4690.112217  	108.039401 
4691.543875  	108.006765 
4692.975533  	107.944046 
4694.407192  	107.940688 
4695.838850  	107.898547 
4697.270508  	107.796113 
4698.702166  	107.799420 
4700.133824  	107.861007 
4701.565482  	107.946843 
4702.997141  	108.057951 
4704.428799  	108.008308 
4705.860457  	107.935592 
4707.292115  	108.003529 
4708.723773  	107.948053 
4710.155432  	107.826435 
4711.587090  	107.872664 
4713.018748  	107.915264 
4714.450406  	107.889244 
4715.882064  	107.924568 
4717.313722  	108.008517 
4718.745381  	107.996168 
4720.177039  	107.776381 
4721.608697  	107.636446 
4723.040355  	107.772121 
4724.472013  	107.837995 
4725.903672  	107.867996 
4727.335330  	108.117501 
4728.766988  	108.228296 
4730.198646  	108.072923 
4731.630304  	107.982424 
4733.061963  	107.967344 
4734.493621  	107.978646 
4735.925279  	108.040047 
4737.356937  	108.033332 
4738.788595  	107.963378 
4740.220253  	107.868953 
4741.651912  	107.774652 
4743.083570  	107.809563 
4744.515228  	107.852298 
4745.946886  	107.771687 
4747.378544  	107.828914 
4748.810203  	108.004806 
4750.241861  	107.975078 
4751.673519  	107.883593 
4753.105177  	107.904273 
4754.536835  	107.852128 
4755.968493  	107.821523 
4757.400152  	107.927043 
4758.831810  	107.868529 
4760.263468  	107.692311 
4761.695126  	107.768922 
4763.126784  	107.975624 
4764.558443  	108.041977 
4765.990101  	108.028051 
4767.421759  	107.975610 
4768.853417  	107.868543 
4770.285075  	107.823623 
4771.716734  	107.864672 
4773.148392  	107.848949 
4774.580050  	107.804610 
4776.011708  	107.858967 
4777.443366  	107.879785 
4778.875024  	107.795562 
4780.306683  	107.796636 
4781.738341  	107.881049 
4783.169999  	107.943545 
4784.601657  	107.973514 
4786.033315  	107.904909 
4787.464974  	107.881356 
4788.896632  	107.995451 
4790.328290  	107.918138 
4791.759948  	107.702236 
4793.191606  	107.724273 
4794.623265  	107.835579 
4796.054923  	107.851417 
4797.486581  	107.873671 
4798.918239  	107.881869 
4800.349897  	107.866048 
4801.781555  	107.810375 
4803.213214  	107.718167 
4804.644872  	107.797850 
4806.076530  	107.945024 
4807.508188  	107.878167 
4808.939846  	107.869167 
4810.371505  	108.069111 
4811.803163  	108.039671 
4813.234821  	107.796231 
4814.666479  	107.838848 
4816.098137  	108.036020 
4817.529795  	107.958869 
4818.961454  	107.818050 
4820.393112  	107.895028 
4821.824770  	107.973196 
4823.256428  	107.963931 
4824.688086  	108.017094 
4826.119745  	108.055616 
4827.551403  	107.984081 
4828.983061  	107.926628 
4830.414719  	107.971360 
4831.846377  	108.000639 
4833.278036  	107.899953 
4834.709694  	107.826484 
4836.141352  	107.912444 
4837.573010  	107.964928 
4839.004668  	107.914779 
4840.436326  	107.934735 
4841.867985  	107.989384 
4843.299643  	107.929921 
4844.731301  	107.792683 
4846.162959  	107.737199 
4847.594617  	107.860030 
4849.026276  	108.005993 
4850.457934  	107.971748 
4851.889592  	107.873815 
4853.321250  	107.900236 
4854.752908  	107.967938 
4856.184567  	107.936626 
4857.616225  	107.875704 
4859.047883  	107.932476 
4860.479541  	108.020264 
4861.911199  	107.964901 
4863.342857  	107.920901 
4864.774516  	108.074056 
4866.206174  	108.180350 
4867.637832  	108.027544 
4869.069490  	107.842551 
4870.501148  	107.807715 
4871.932807  	107.789268 
4873.364465  	107.749210 
4874.796123  	107.814533 
4876.227781  	107.888807 
4877.659439  	107.818570 
4879.091097  	107.764934 
4880.522756  	107.843454 
4881.954414  	107.907730 
4883.386072  	107.916069 
4884.817730  	107.894262 
4886.249388  	107.824874 
4887.681047  	107.848243 
4889.112705  	107.969865 
4890.544363  	107.941596 
4891.976021  	107.801659 
4893.407679  	107.776339 
4894.839338  	107.779592 
4896.270996  	107.693913 
4897.702654  	107.694694 
4899.134312  	107.859257 
4900.565970  	107.944581 
4901.997628  	107.875644 
4903.429287  	107.891943 
4904.860945  	107.996278 
4906.292603  	108.002677 
4907.724261  	107.976275 
4909.155919  	107.943678 
4910.587578  	107.804021 
4912.019236  	107.717665 
4913.450894  	107.787180 
4914.882552  	107.778917 
4916.314210  	107.635821 
4917.745869  	107.579491 
4919.177527  	107.688069 
4920.609185  	107.859965 
4922.040843  	107.947082 
4923.472501  	107.878903 
4924.904159  	107.842890 
4926.335818  	107.976484 
4927.767476  	108.034354 
4929.199134  	107.911390 
4930.630792  	107.873105 
4932.062450  	107.925729 
4933.494109  	107.893909 
4934.925767  	107.914269 
4936.357425  	108.030903 
4937.789083  	108.011051 
4939.220741  	107.908794 
4940.652399  	107.989576 
4942.084058  	108.172027 
4943.515716  	108.206062 
4944.947374  	108.097048 
4946.379032  	107.934849 
4947.810690  	107.756040 
4949.242349  	107.707353 
4950.674007  	107.804498 
4952.105665  	107.823075 
4953.537323  	107.753282 
4954.968981  	107.804824 
4956.400640  	107.969772 
4957.832298  	108.053800 
4959.263956  	108.023335 
4960.695614  	108.023331 
4962.127272  	108.043424 
4963.558930  	107.969255 
4964.990589  	107.893515 
4966.422247  	107.871591 
4967.853905  	107.849810 
4969.285563  	107.907846 
4970.717221  	107.988000 
4972.148880  	107.968791 
4973.580538  	107.967289 
4975.012196  	107.962876 
4976.443854  	107.865140 
4977.875512  	107.848556 
4979.307170  	107.960981 
4980.738829  	108.056634 
4982.170487  	108.083287 
4983.602145  	108.018869 
4985.033803  	107.891007 
4986.465461  	107.785595 
4987.897120  	107.766095 
4989.328778  	107.827365 
4990.760436  	107.853904 
4992.192094  	107.835541 
4993.623752  	107.865273 
4995.055411  	107.850878 
4996.487069  	107.790186 
4997.918727  	107.874055 
4999.350385  	108.040793 
5000.782043  	108.096011 
5002.213701  	108.058933 
5003.645360  	107.990720 
5005.077018  	107.867499 
5006.508676  	107.748544 
5007.940334  	107.765847 
5009.371992  	107.881550 
5010.803651  	107.929337 
5012.235309  	107.886285 
5013.666967  	107.861822 
5015.098625  	107.866157 
5016.530283  	107.799789 
5017.961942  	107.733682 
5019.393600  	107.827764 
5020.825258  	107.878988 
5022.256916  	107.702279 
5023.688574  	107.601489 
5025.120232  	107.698930 
5026.551891  	107.735039 
5027.983549  	107.677199 
5029.415207  	107.668137 
5030.846865  	107.790062 
5032.278523  	108.006219 
5033.710182  	108.107230 
5035.141840  	108.030500 
5036.573498  	107.939867 
5038.005156  	107.918456 
5039.436814  	107.937918 
5040.868472  	107.939006 
5042.300131  	107.944962 
5043.731789  	107.987450 
5045.163447  	107.964007 
5046.595105  	107.917464 
5048.026763  	107.990389 
5049.458422  	108.055657 
5050.890080  	107.999883 
5052.321738  	107.993994 
5053.753396  	108.118821 
5055.185054  	108.190339 
5056.616713  	108.143587 
5058.048371  	108.094256 
5059.480029  	107.980365 
5060.911687  	107.895120 
5062.343345  	108.057987 
5063.775003  	108.099903 
5065.206662  	107.874485 
5066.638320  	107.860021 
5068.069978  	107.878650 
5069.501636  	107.737712 
5070.933294  	107.917194 
5072.364953  	108.150475 
5073.796611  	107.980222 
5075.228269  	107.875870 
5076.659927  	107.992015 
5078.091585  	107.969282 
5079.523244  	107.855477 
5080.954902  	107.874321 
5082.386560  	108.049796 
5083.818218  	108.170140 
5085.249876  	108.151078 
5086.681534  	108.189257 
5088.113193  	108.138462 
5089.544851  	107.859694 
5090.976509  	107.683496 
5092.408167  	107.679180 
5093.839825  	107.796262 
5095.271484  	108.119546 
5096.703142  	108.232984 
5098.134800  	107.960950 
5099.566458  	107.904574 
5100.998116  	108.056149 
5102.429774  	107.916543 
5103.861433  	107.786907 
5105.293091  	107.986560 
5106.724749  	108.115620 
5108.156407  	108.016405 
5109.588065  	107.945821 
5111.019724  	107.987754 
5112.451382  	108.086623 
5113.883040  	108.092810 
5115.314698  	107.982645 
5116.746356  	107.971674 
5118.178015  	108.034340 
5119.609673  	108.095055 
5121.041331  	108.193337 
5122.472989  	108.070513 
5123.904647  	107.760129 
5125.336305  	107.704779 
5126.767964  	107.831750 
5128.199622  	107.909806 
5129.631280  	107.988603 
5131.062938  	107.965172 
5132.494596  	107.900553 
5133.926255  	108.059470 
5135.357913  	108.300743 
5136.789571  	108.338074 
5138.221229  	108.187587 
5139.652887  	108.057040 
5141.084546  	108.032824 
5142.516204  	107.919696 
5143.947862  	107.688106 
5145.379520  	107.689916 
5146.811178  	107.960671 
5148.242836  	108.039472 
5149.674495  	107.857209 
5151.106153  	107.884372 
5152.537811  	108.029559 
5153.969469  	107.831861 
5155.401127  	107.616869 
5156.832786  	107.713240 
5158.264444  	107.787774 
5159.696102  	107.825429 
5161.127760  	107.882516 
5162.559418  	107.758691 
5163.991076  	107.727320 
5165.422735  	107.893022 
5166.854393  	107.910756 
5168.286051  	107.930139 
5169.717709  	108.011582 
5171.149367  	107.917528 
5172.581026  	107.893553 
5174.012684  	108.004317 
5175.444342  	107.976964 
5176.876000  	107.969130 
5178.307658  	108.012949 
5179.739317  	107.889587 
5181.170975  	107.839539 
5182.602633  	107.955073 
5184.034291  	107.851973 
5185.465949  	107.643105 
5186.897607  	107.837627 
5188.329266  	108.121920 
5189.760924  	107.922313 
5191.192582  	107.649458 
5192.624240  	107.809721 
5194.055898  	107.902676 
5195.487557  	107.705472 
5196.919215  	107.700050 
5198.350873  	107.848901 
5199.782531  	107.893113 
5201.214189  	107.996652 
5202.645847  	108.104010 
5204.077506  	108.093935 
5205.509164  	108.029340 
5206.940822  	107.837226 
5208.372480  	107.691950 
5209.804138  	107.763836 
5211.235797  	107.851132 
5212.667455  	107.930348 
5214.099113  	107.960251 
5215.530771  	107.859292 
5216.962429  	107.868201 
5218.394088  	107.958909 
5219.825746  	107.927310 
5221.257404  	107.947323 
5222.689062  	107.996721 
5224.120720  	107.947323 
5225.552378  	107.943513 
5226.984037  	107.939275 
5228.415695  	107.851674 
5229.847353  	107.763635 
5231.279011  	107.708368 
5232.710669  	107.789804 
5234.142328  	107.929748 
5235.573986  	107.994316 
5237.005644  	108.057632 
5238.437302  	108.016083 
5239.868960  	107.954432 
5241.300619  	108.160223 
5242.732277  	108.283755 
5244.163935  	108.067493 
5245.595593  	107.837740 
5247.027251  	107.636216 
5248.458909  	107.507219 
5249.890568  	107.683475 
5251.322226  	107.777959 
5252.753884  	107.673883 
5254.185542  	107.672488 
5255.617200  	107.703120 
5257.048859  	107.700824 
5258.480517  	107.732247 
5259.912175  	107.714124 
5261.343833  	107.724882 
5262.775491  	107.700265 
5264.207149  	107.581526 
5265.638808  	107.786171 
5267.070466  	108.104443 
5268.502124  	108.090112 
5269.933782  	108.126187 
5271.365440  	108.258816 
5272.797099  	108.046239 
5274.228757  	107.814791 
5275.660415  	107.851867 
5277.092073  	107.842366 
5278.523731  	107.731275 
5279.955390  	107.653414 
5281.387048  	107.740602 
5282.818706  	108.019265 
5284.250364  	108.115820 
5285.682022  	107.993113 
5287.113680  	107.982831 
5288.545339  	107.912206 
5289.976997  	107.765406 
5291.408655  	107.871380 
5292.840313  	107.966427 
5294.271971  	107.880852 
5295.703630  	107.922277 
5297.135288  	107.994512 
5298.566946  	107.924350 
5299.998604  	107.912429 
5301.430262  	107.987541 
5302.861921  	108.056206 
5304.293579  	108.091340 
5305.725237  	107.972768 
5307.156895  	107.861330 
5308.588553  	107.885390 
5310.020211  	107.724377 
5311.451870  	107.623510 
5312.883528  	107.889813 
5314.315186  	107.865959 
5315.746844  	107.466293 
5317.178502  	107.361984 
5318.610161  	107.396708 
5320.041819  	107.478270 
5321.473477  	107.769742 
5322.905135  	107.897377 
5324.336793  	108.011343 
5325.768451  	108.210714 
5327.200110  	108.033508 
5328.631768  	107.898517 
5330.063426  	107.970541 
5331.495084  	107.705447 
5332.926742  	107.634121 
5334.358401  	107.953267 
5335.790059  	107.949004 
5337.221717  	107.856944 
5338.653375  	107.947958 
5340.085033  	107.979406 
5341.516692  	107.993699 
5342.948350  	107.811317 
5344.380008  	107.475028 
5345.811666  	107.553852 
5347.243324  	107.738381 
5348.674982  	107.608021 
5350.106641  	107.580379 
5351.538299  	107.832766 
5352.969957  	108.017353 
5354.401615  	107.993470 
5355.833273  	108.016551 
5357.264932  	108.105513 
5358.696590  	108.060966 
5360.128248  	107.999502 
5361.559906  	108.013652 
5362.991564  	107.932277 
5364.423222  	107.724869 
5365.854881  	107.672308 
5367.286539  	107.966444 
5368.718197  	108.219610 
5370.149855  	108.088782 
5371.581513  	107.957180 
5373.013172  	107.984724 
5374.444830  	107.973055 
5375.876488  	108.020222 
5377.308146  	108.060575 
5378.739804  	107.975263 
5380.171463  	107.904718 
5381.603121  	107.832441 
5383.034779  	107.779040 
5384.466437  	107.698649 
5385.898095  	107.678043 
5387.329753  	108.076660 
5388.761412  	108.407781 
5390.193070  	108.292322 
5391.624728  	108.151566 
5393.056386  	107.983304 
5394.488044  	107.705541 
5395.919703  	107.652361 
5397.351361  	107.680087 
5398.783019  	107.716241 
5400.214677  	107.730498 
5401.646335  	107.617869 
5403.077994  	107.666415 
5404.509652  	107.770041 
5405.941310  	107.790981 
5407.372968  	108.042144 
5408.804626  	108.093441 
5410.236284  	107.650725 
5411.667943  	107.386797 
5413.099601  	107.527577 
5414.531259  	107.897534 
5415.962917  	108.131837 
5417.394575  	107.861440 
5418.826234  	107.656243 
5420.257892  	107.845542 
5421.689550  	107.979970 
5423.121208  	107.964896 
5424.552866  	107.852983 
5425.984524  	107.516621 
5427.416183  	107.238028 
5428.847841  	107.416035 
5430.279499  	107.891346 
5431.711157  	108.108215 
5433.142815  	108.141788 
5434.574474  	108.094238 
5436.006132  	107.858282 
5437.437790  	107.855963 
5438.869448  	107.850992 
5440.301106  	107.328351 
5441.732765  	107.158939 
5443.164423  	107.692737 
5444.596081  	107.779414 
5446.027739  	107.641788 
5447.459397  	107.851047 
5448.891055  	107.908105 
5450.322714  	107.763478 
5451.754372  	107.678390 
5453.186030  	107.596125 
5454.617688  	107.617672 
5456.049346  	107.879502 
5457.481005  	108.061631 
5458.912663  	107.899731 
5460.344321  	107.896102 
5461.775979  	108.119203 
5463.207637  	107.933156 
5464.639296  	107.950197 
5466.070954  	108.417533 
5467.502612  	108.176134 
5468.934270  	107.601706 
5470.365928  	107.693578 
5471.797586  	107.924613 
5473.229245  	108.047580 
5474.660903  	108.082230 
5476.092561  	107.885639 
5477.524219  	108.014522 
5478.955877  	108.183469 
5480.387536  	107.982423 
5481.819194  	107.975952 
5483.250852  	108.046214 
5484.682510  	107.853411 
5486.114168  	107.762712 
5487.545826  	107.765529 
5488.977485  	107.821885 
5490.409143  	107.961265 
5491.840801  	107.904692 
5493.272459  	107.856362 
5494.704117  	107.962592 
5496.135776  	107.970379 
5497.567434  	107.899589 
5498.999092  	107.660178 
5500.430750  	107.477725 
5501.862408  	107.833557 
5503.294067  	108.169591 
5504.725725  	107.874818 
5506.157383  	107.488355 
5507.589041  	107.544750 
5509.020699  	107.819360 
5510.452357  	107.852814 
5511.884016  	107.722601 
5513.315674  	107.797546 
5514.747332  	107.923140 
5516.178990  	107.824154 
5517.610648  	107.718298 
5519.042307  	107.880282 
5520.473965  	108.248284 
5521.905623  	108.338858 
5523.337281  	107.910886 
5524.768939  	107.644396 
5526.200598  	107.756273 
5527.632256  	107.660264 
5529.063914  	107.543202 
5530.495572  	107.711983 
5531.927230  	107.659426 
5533.358888  	107.520182 
5534.790547  	107.765035 
5536.222205  	107.844705 
5537.653863  	107.582148 
5539.085521  	107.727141 
5540.517179  	108.116521 
5541.948838  	108.019388 
5543.380496  	107.769197 
5544.812154  	107.849143 
5546.243812  	107.888851 
5547.675470  	107.890131 
5549.107128  	108.262180 
5550.538787  	108.459570 
5551.970445  	108.078917 
5553.402103  	107.841935 
5554.833761  	107.929611 
5556.265419  	107.930741 
5557.697078  	107.940190 
5559.128736  	107.870779 
5560.560394  	107.698346 
5561.992052  	107.778761 
5563.423710  	107.798240 
5564.855369  	107.688894 
5566.287027  	107.952426 
5567.718685  	108.061957 
5569.150343  	107.679135 
5570.582001  	107.528380 
5572.013659  	107.522018 
5573.445318  	107.394883 
5574.876976  	107.663404 
5576.308634  	108.088880 
5577.740292  	108.134421 
5579.171950  	108.091146 
5580.603609  	107.929493 
5582.035267  	107.436676 
5583.466925  	107.213898 
5584.898583  	107.478195 
5586.330241  	107.669556 
5587.761899  	107.756401 
5589.193558  	107.905785 
5590.625216  	107.898688 
5592.056874  	108.020598 
5593.488532  	108.516924 
5594.920190  	108.625554 
5596.351849  	108.021835 
5597.783507  	107.534043 
5599.215165  	107.596821 
5600.646823  	107.803126 
5602.078481  	107.756982 
5603.510140  	107.568212 
5604.941798  	107.536830 
5606.373456  	107.554151 
5607.805114  	107.515516 
5609.236772  	107.668778 
5610.668430  	107.953674 
5612.100089  	108.024622 
5613.531747  	107.775654 
5614.963405  	107.480463 
5616.395063  	107.583831 
5617.826721  	107.783837 
5619.258380  	107.570930 
5620.690038  	107.542089 
5622.121696  	107.813484 
5623.553354  	107.597960 
5624.985012  	107.363407 
5626.416671  	107.706599 
5627.848329  	108.001577 
5629.279987  	108.088506 
5630.711645  	107.983686 
5632.143303  	107.525308 
5633.574961  	107.334870 
5635.006620  	107.431840 
5636.438278  	107.431040 
5637.869936  	107.995285 
5639.301594  	108.652123 
5640.733252  	108.099602 
5642.164911  	107.396524 
5643.596569  	107.803042 
5645.028227  	108.277027 
5646.459885  	108.124876 
5647.891543  	108.019977 
5649.323201  	107.959006 
5650.754860  	107.645419 
5652.186518  	107.568118 
5653.618176  	107.690710 
5655.049834  	107.502108 
5656.481492  	107.526334 
5657.913151  	108.024558 
5659.344809  	108.150503 
5660.776467  	107.822256 
5662.208125  	107.527668 
5663.639783  	107.368943 
5665.071442  	107.558240 
5666.503100  	107.878211 
5667.934758  	107.879571 
5669.366416  	107.700403 
5670.798074  	107.330224 
5672.229732  	106.948472 
5673.661391  	107.163767 
5675.093049  	107.723114 
5676.524707  	108.020305 
5677.956365  	107.870390 
5679.388023  	107.343827 
5680.819682  	107.178107 
5682.251340  	107.663165 
5683.682998  	107.932052 
5685.114656  	107.778884 
5686.546314  	107.646748 
5687.977973  	107.419245 
5689.409631  	107.272172 
5690.841289  	107.539994 
5692.272947  	107.554877 
5693.704605  	106.997159 
5695.136263  	106.854378 
5696.567922  	107.217046 
5697.999580  	107.066382 
5699.431238  	106.815906 
5700.862896  	107.252126 
5702.294554  	107.605713 
5703.726213  	107.536523 
5705.157871  	107.628033 
5706.589529  	107.759771 
5708.021187  	107.662864 
5709.452845  	107.316230 
5710.884503  	106.861545 
5712.316162  	106.925946 
5713.747820  	107.579104 
5715.179478  	108.059020 
5716.611136  	107.973339 
5718.042794  	107.505202 
5719.474453  	107.124813 
5720.906111  	107.162424 
5722.337769  	107.389900 
5723.769427  	107.584239 
5725.201085  	107.765336 
5726.632744  	107.851267 
5728.064402  	107.822357 
5729.496060  	107.697125 
5730.927718  	107.424742 
5732.359376  	107.205458 
5733.791034  	107.423972 
5735.222693  	107.961062 
5736.654351  	108.187082 
5738.086009  	108.006232 
5739.517667  	107.869748 
5740.949325  	107.734177 
5742.380984  	107.295413 
5743.812642  	106.962274 
5745.244300  	107.400572 
5746.675958  	108.123591 
5748.107616  	108.136961 
5749.539275  	107.827926 
5750.970933  	107.798384 
5752.402591  	107.674687 
5753.834249  	107.567131 
5755.265907  	107.639989 
5756.697565  	107.524225 
5758.129224  	107.492299 
5759.560882  	107.594820 
5760.992540  	107.345656 
5762.424198  	106.967541 
5763.855856  	106.803923 
5765.287515  	106.972904 
5766.719173  	107.290982 
5768.150831  	107.176829 
5769.582489  	107.046577 
5771.014147  	107.305806 
5772.445805  	107.283169 
5773.877464  	107.213133 
5775.309122  	107.448434 
5776.740780  	107.355482 
5778.172438  	107.236926 
5779.604096  	107.507017 
5781.035755  	107.642036 
5782.467413  	107.629061 
5783.899071  	107.688666 
5785.330729  	107.634415 
5786.762387  	107.453678 
5788.194046  	107.280212 
5789.625704  	107.192260 
5791.057362  	107.131599 
5792.489020  	107.123447 
5793.920678  	107.271042 
5795.352336  	107.342953 
5796.783995  	107.270196 
5798.215653  	107.265510 
5799.647311  	107.324456 
5801.078969  	107.434892 
5802.510627  	107.525122 
5803.942286  	107.570928 
5805.373944  	107.644002 
5806.805602  	107.431805 
5808.237260  	107.130139 
5809.668918  	107.306187 
5811.100576  	107.549254 
5812.532235  	107.614406 
5813.963893  	107.661673 
5815.395551  	107.231907 
5816.827209  	106.580582 
5818.258867  	106.595420 
5819.690526  	107.106851 
5821.122184  	107.374427 
5822.553842  	107.245779 
5823.985500  	107.345359 
5825.417158  	107.900047 
5826.848817  	108.037208 
5828.280475  	107.596029 
5829.712133  	107.417930 
5831.143791  	107.522362 
5832.575449  	107.398333 
5834.007107  	107.058510 
5835.438766  	106.886727 
5836.870424  	107.142898 
5838.302082  	107.532972 
5839.733740  	107.612420 
5841.165398  	107.413402 
5842.597057  	107.288082 
5844.028715  	107.309181 
5845.460373  	107.206323 
5846.892031  	107.173742 
5848.323689  	107.554389 
5849.755348  	107.745060 
5851.187006  	107.288694 
5852.618664  	106.872003 
5854.050322  	106.905574 
5855.481980  	106.959148 
5856.913638  	106.758189 
5858.345297  	106.671904 
5859.776955  	106.972606 
5861.208613  	107.405093 
5862.640271  	107.606661 
5864.071929  	107.290892 
5865.503588  	106.687284 
5866.935246  	106.685166 
5868.366904  	107.150821 
5869.798562  	107.285102 
5871.230220  	107.534911 
5872.661878  	107.910752 
5874.093537  	107.387882 
5875.525195  	106.615817 
5876.956853  	106.758547 
5878.388511  	107.224613 
5879.820169  	107.500802 
5881.251828  	107.891466 
5882.683486  	107.913381 
5884.115144  	107.294563 
5885.546802  	107.156490 
5886.978460  	107.900443 
5888.410119  	108.401735 
5889.841777  	108.279669 
5891.273435  	108.232076 
5892.705093  	108.381833 
5894.136751  	108.471647 
5895.568409  	108.404374 
5897.000068  	108.052619 
5898.431726  	107.629842 
5899.863384  	107.334069 
5901.295042  	106.997107 
5902.726700  	106.945908 
5904.158359  	107.614982 
5905.590017  	108.320221 
5907.021675  	108.292305 
5908.453333  	107.853218 
5909.884991  	107.748251 
5911.316650  	108.190645 
5912.748308  	108.467557 
5914.179966  	107.973777 
5915.611624  	107.374911 
5917.043282  	107.245254 
5918.474940  	107.284358 
5919.906599  	107.499357 
5921.338257  	107.706361 
5922.769915  	107.417802 
5924.201573  	107.107962 
5925.633231  	107.320920 
5927.064890  	107.884778 
5928.496548  	108.312758 
5929.928206  	108.119075 
5931.359864  	107.919975 
5932.791522  	108.307953 
5934.223180  	108.209594 
5935.654839  	107.739589 
5937.086497  	108.046579 
5938.518155  	108.006382 
5939.949813  	107.218967 
5941.381471  	107.382593 
5942.813130  	108.023788 
5944.244788  	107.914075 
5945.676446  	107.927328 
5947.108104  	108.044459 
5948.539762  	107.404543 
5949.971421  	107.027993 
5951.403079  	107.590066 
5952.834737  	107.930377 
5954.266395  	107.599287 
5955.698053  	107.387735 
5957.129711  	107.662593 
5958.561370  	107.970281 
5959.993028  	107.872346 
5961.424686  	107.690183 
5962.856344  	107.584723 
5964.288002  	107.274509 
5965.719661  	107.072989 
5967.151319  	107.286349 
5968.582977  	107.778293 
5970.014635  	108.288057 
5971.446293  	108.082307 
5972.877951  	107.578486 
5974.309610  	107.753894 
5975.741268  	107.664518 
5977.172926  	107.285756 
5978.604584  	107.614899 
5980.036242  	107.619454 
5981.467901  	107.382082 
5982.899559  	107.867574 
5984.331217  	107.860597 
5985.762875  	107.483349 
5987.194533  	107.571528 
5988.626192  	107.339368 
5990.057850  	107.453885 
5991.489508  	108.247406 
5992.921166  	108.348232 
5994.352824  	108.065085 
5995.784482  	107.896356 
5997.216141  	107.588619 
5998.647799  	107.393663 
6000.079457  	107.129776 
6001.511115  	107.077301 
6002.942773  	107.363487 
6004.374432  	107.391089 
6005.806090  	107.772977 
6007.237748  	108.159489 
6008.669406  	107.568579 
6010.101064  	107.459845 
6011.532723  	108.067280 
6012.964381  	108.160670 
6014.396039  	108.000937 
6015.827697  	107.543725 
6017.259355  	107.441909 
6018.691013  	108.477646 
6020.122672  	108.665232 
6021.554330  	107.633747 
6022.985988  	107.522065 
6024.417646  	107.884925 
6025.849304  	107.584383 
6027.280963  	107.299366 
6028.712621  	107.331464 
6030.144279  	107.487289 
6031.575937  	107.820026 
6033.007595  	107.864939 
6034.439253  	107.293579 
6035.870912  	107.145680 
6037.302570  	107.851413 
6038.734228  	107.991169 
6040.165886  	107.623119 
6041.597544  	107.916996 
6043.029203  	107.897959 
6044.460861  	107.265899 
6045.892519  	107.317333 
6047.324177  	107.626317 
6048.755835  	107.749651 
6050.187494  	108.050388 
6051.619152  	107.936752 
6053.050810  	107.314958 
6054.482468  	106.655565 
6055.914126  	106.459798 
6057.345784  	107.620402 
6058.777443  	108.992556 
6060.209101  	108.583108 
6061.640759  	107.717358 
6063.072417  	107.993940 
6064.504075  	108.257285 
6065.935734  	107.617051 
6067.367392  	107.032406 
6068.799050  	107.350901 
6070.230708  	108.136767 
6071.662366  	108.404788 
6073.094025  	108.071437 
6074.525683  	107.864442 
6075.957341  	107.833679 
6077.388999  	107.487600 
6078.820657  	107.085167 
6080.252315  	107.187941 
6081.683974  	107.477267 
6083.115632  	107.439455 
6084.547290  	107.532029 
6085.978948  	108.049744 
6087.410606  	108.319073 
6088.842265  	108.405404 
6090.273923  	108.694740 
6091.705581  	108.399893 
6093.137239  	107.509780 
6094.568897  	107.410798 
6096.000555  	107.995770 
6097.432214  	108.164880 
6098.863872  	107.999704 
6100.295530  	107.855117 
6101.727188  	107.577031 
6103.158846  	107.307654 
6104.590505  	107.400124 
6106.022163  	107.687784 
6107.453821  	107.981982 
6108.885479  	108.236806 
6110.317137  	108.060630 
6111.748796  	107.656199 
6113.180454  	107.499628 
6114.612112  	107.101557 
6116.043770  	106.895294 
6117.475428  	107.723374 
6118.907086  	108.203494 
6120.338745  	107.870897 
6121.770403  	107.900636 
6123.202061  	108.052441 
6124.633719  	108.016239 
6126.065377  	107.681171 
6127.497036  	106.978706 
6128.928694  	107.310340 
6130.360352  	107.878807 
6131.792010  	107.403660 
6133.223668  	108.097677 
6134.655327  	109.392663 
6136.086985  	108.789106 
6137.518643  	108.059243 
6138.950301  	107.949931 
6140.381959  	107.522981 
6141.813617  	107.710970 
6143.245276  	108.008448 
6144.676934  	107.665941 
6146.108592  	107.398030 
6147.540250  	107.205836 
6148.971908  	107.622272 
6150.403567  	108.387439 
6151.835225  	108.129954 
6153.266883  	108.038913 
6154.698541  	108.461189 
6156.130199  	107.713059 
6157.561857  	106.985809 
6158.993516  	107.545005 
6160.425174  	107.827186 
6161.856832  	107.321793 
6163.288490  	107.390838 
6164.720148  	107.949405 
6166.151807  	107.707795 
6167.583465  	107.151977 
6169.015123  	107.527377 
6170.446781  	108.155477 
6171.878439  	108.378534 
6173.310098  	108.496027 
6174.741756  	107.925059 
6176.173414  	106.936447 
6177.605072  	106.985652 
6179.036730  	107.994802 
6180.468388  	108.583972 
6181.900047  	108.127055 
6183.331705  	107.614282 
6184.763363  	107.976682 
6186.195021  	108.573671 
6187.626679  	108.580300 
6189.058338  	108.111352 
6190.489996  	107.804139 
6191.921654  	108.021764 
6193.353312  	108.155963 
6194.784970  	107.949926 
6196.216628  	107.880899 
6197.648287  	107.945827 
6199.079945  	108.489408 
6200.511603  	109.355180 
6201.943261  	109.209105 
6203.374919  	108.427776 
6204.806578  	108.015809 
6206.238236  	107.640597 
6207.669894  	107.360342 
6209.101552  	107.327495 
6210.533210  	107.401780 
6211.964869  	107.666733 
6213.396527  	107.756971 
6214.828185  	107.956811 
6216.259843  	108.709920 
6217.691501  	109.133527 
6219.123159  	109.089040 
6220.554818  	108.924997 
6221.986476  	108.308031 
6223.418134  	108.101860 
6224.849792  	108.692268 
6226.281450  	108.661518 
6227.713109  	107.734042 
6229.144767  	107.012731 
6230.576425  	107.105411 
6232.008083  	107.776560 
6233.439741  	108.191389 
6234.871400  	108.284241 
6236.303058  	108.234893 
6237.734716  	107.665812 
6239.166374  	107.298028 
6240.598032  	107.954750 
6242.029690  	108.570686 
6243.461349  	108.354485 
6244.893007  	108.076215 
6246.324665  	108.201228 
6247.756323  	108.160893 
6249.187981  	107.757331 
6250.619640  	107.911248 
6252.051298  	108.479065 
6253.482956  	108.211322 
6254.914614  	107.942279 
6256.346272  	108.298184 
6257.777930  	107.975834 
6259.209589  	107.459511 
6260.641247  	107.777308 
6262.072905  	108.011890 
6263.504563  	108.095897 
6264.936221  	108.061956 
6266.367880  	107.383776 
6267.799538  	107.271018 
6269.231196  	108.014832 
6270.662854  	108.228589 
6272.094512  	108.138038 
6273.526171  	108.165746 
6274.957829  	107.732250 
6276.389487  	107.134226 
6277.821145  	106.928476 
6279.252803  	107.002358 
6280.684461  	107.155737 
6282.116120  	107.546998 
6283.547778  	107.880942 
6284.979436  	107.560277 
6286.411094  	107.678836 
6287.842752  	108.771266 
6289.274411  	108.856835 
6290.706069  	107.906345 
6292.137727  	107.666203 
6293.569385  	107.845969 
6295.001043  	107.975423 
6296.432702  	108.170698 
6297.864360  	108.126952 
6299.296018  	107.871360 
6300.727676  	107.359802 
6302.159334  	107.082928 
6303.590992  	107.268011 
6305.022651  	106.951149 
6306.454309  	107.014195 
6307.885967  	107.992507 
6309.317625  	107.858946 
6310.749283  	107.211182 
6312.180942  	107.735597 
6313.612600  	108.082928 
6315.044258  	107.930713 
6316.475916  	107.935403 
6317.907574  	107.320382 
6319.339232  	106.790925 
6320.770891  	107.500097 
6322.202549  	108.296488 
6323.634207  	107.734732 
6325.065865  	106.634466 
6326.497523  	106.649593 
6327.929182  	107.578230 
6329.360840  	108.049962 
6330.792498  	107.962057 
6332.224156  	108.072960 
6333.655814  	108.554419 
6335.087473  	108.923345 
6336.519131  	108.503862 
6337.950789  	107.552850 
6339.382447  	107.374549 
6340.814105  	108.147456 
6342.245763  	108.159225 
6343.677422  	107.398335 
6345.109080  	107.682062 
6346.540738  	108.126171 
6347.972396  	107.273391 
6349.404054  	106.873697 
6350.835713  	107.588161 
6352.267371  	107.911817 
6353.699029  	107.682078 
6355.130687  	107.352942 
6356.562345  	106.865547 
6357.994003  	106.488565 
6359.425662  	106.653408 
6360.857320  	107.188685 
6362.288978  	106.973068 
6363.720636  	106.744346 
6365.152294  	108.370499 
6366.583953  	109.690148 
6368.015611  	108.555054 
6369.447269  	107.948983 
6370.878927  	108.658769 
6372.310585  	107.763195 
6373.742244  	106.395293 
6375.173902  	107.557657 
6376.605560  	108.981079 
6378.037218  	107.595286 
6379.468876  	106.049319 
6380.900534  	106.811928 
6382.332193  	108.266046 
6383.763851  	108.977646 
6385.195509  	108.555890 
6386.627167  	107.487614 
6388.058825  	107.591900 
6389.490484  	108.311004 
6390.922142  	107.950340 
6392.353800  	107.218514 
6393.785458  	106.856853 
6395.217116  	106.814943 
6396.648775  	106.913130 
6398.080433  	106.967875 
6399.512091  	107.379139 
6400.943749  	107.826242 
6402.375407  	107.781137 
6403.807065  	107.441004 
6405.238724  	106.802330 
6406.670382  	107.024929 
6408.102040  	108.173543 
6409.533698  	108.303485 
6410.965356  	108.208647 
6412.397015  	108.631774 
6413.828673  	108.355808 
6415.260331  	108.556563 
6416.691989  	108.828422 
6418.123647  	107.662746 
6419.555305  	107.190634 
6420.986964  	107.812495 
6422.418622  	107.976420 
6423.850280  	107.874266 
6425.281938  	107.337869 
6426.713596  	107.107844 
6428.145255  	107.688112 
6429.576913  	107.267294 
6431.008571  	106.589876 
6432.440229  	107.148764 
6433.871887  	107.702249 
6435.303546  	108.028681 
6436.735204  	108.415670 
6438.166862  	108.049819 
6439.598520  	107.528178 
6441.030178  	107.640227 
6442.461836  	108.004197 
6443.893495  	108.486935 
6445.325153  	108.946121 
6446.756811  	108.718576 
6448.188469  	108.210769 
6449.620127  	108.396689 
6451.051786  	108.240455 
6452.483444  	107.453996 
6453.915102  	107.563759 
6455.346760  	107.533481 
6456.778418  	106.862856 
6458.210077  	107.194916 
6459.641735  	107.502898 
6461.073393  	107.076910 
6462.505051  	107.424108 
6463.936709  	108.241040 
6465.368367  	108.662490 
6466.800026  	108.179656 
6468.231684  	107.149231 
6469.663342  	107.056222 
6471.095000  	107.048405 
6472.526658  	106.701870 
6473.958317  	107.651602 
6475.389975  	108.560977 
6476.821633  	107.786459 
6478.253291  	106.671224 
6479.684949  	106.623777 
6481.116607  	107.932738 
6482.548266  	108.526440 
6483.979924  	107.383719 
6485.411582  	106.777485 
6486.843240  	106.939945 
6488.274898  	107.752921 
6489.706557  	109.388364 
6491.138215  	108.585962 
6492.569873  	105.724032 
6494.001531  	105.140695 
6495.433189  	106.074472 
6496.864848  	106.091473 
6498.296506  	105.783505 
6499.728164  	106.013879 
6501.159822  	106.694050 
6502.591480  	107.575256 
6504.023138  	108.578657 
6505.454797  	108.619566 
6506.886455  	107.228086 
6508.318113  	106.832639 
6509.749771  	107.251693 
6511.181429  	106.821437 
6512.613088  	107.428600 
6514.044746  	108.875137 
6515.476404  	108.773984 
6516.908062  	108.178602 
6518.339720  	107.931146 
6519.771379  	107.660520 
6521.203037  	107.848749 
6522.634695  	108.225365 
6524.066353  	107.919814 
6525.498011  	106.803754 
6526.929669  	106.449366 
6528.361328  	107.396386 
6529.792986  	107.373803 
6531.224644  	106.887893 
6532.656302  	107.770801 
6534.087960  	107.990889 
6535.519619  	107.373989 
6536.951277  	107.205645 
6538.382935  	106.736317 
6539.814593  	107.159822 
6541.246251  	108.501888 
6542.677909  	108.424668 
6544.109568  	107.789249 
6545.541226  	107.487787 
6546.972884  	107.378610 
6548.404542  	108.253753 
6549.836200  	108.958631 
6551.267859  	108.809787 
6552.699517  	108.372401 
6554.131175  	107.103275 
6555.562833  	106.306687 
6556.994491  	106.682099 
6558.426150  	106.384928 
6559.857808  	106.197193 
6561.289466  	107.269978 
6562.721124  	108.159053 
6564.152782  	108.212925 
6565.584440  	107.886335 
6567.016099  	108.155204 
6568.447757  	108.733133 
6569.879415  	107.920929 
6571.311073  	106.983493 
6572.742731  	107.237718 
6574.174390  	106.649565 
6575.606048  	105.682047 
6577.037706  	106.131513 
6578.469364  	106.506981 
6579.901022  	106.504024 
6581.332680  	107.552884 
6582.764339  	108.757861 
6584.195997  	108.676920 
6585.627655  	107.863608 
6587.059313  	107.112840 
6588.490971  	106.212778 
6589.922630  	105.875569 
6591.354288  	107.344686 
6592.785946  	109.136900 
6594.217604  	109.475677 
6595.649262  	108.699844 
6597.080921  	106.930892 
6598.512579  	105.559684 
6599.944237  	106.347236 
6601.375895  	107.389314 
6602.807553  	107.477818 
6604.239211  	107.995536 
6605.670870  	108.819992 
6607.102528  	108.957720 
6608.534186  	107.791732 
6609.965844  	106.102869 
6611.397502  	106.119935 
6612.829161  	107.270575 
6614.260819  	107.741871 
6615.692477  	107.514497 
6617.124135  	106.519939 
6618.555793  	106.092670 
6619.987452  	106.696589 
6621.419110  	106.105112 
6622.850768  	105.926793 
6624.282426  	108.228130 
6625.714084  	109.638904 
6627.145742  	108.526003 
6628.577401  	107.507896 
6630.009059  	108.002417 
6631.440717  	108.623319 
6632.872375  	106.778605 
6634.304033  	105.042674 
6635.735692  	106.987937 
6637.167350  	109.174550 
6638.599008  	108.451850 
6640.030666  	107.351279 
6641.462324  	107.293971 
6642.893982  	107.767041 
6644.325641  	107.562736 
6645.757299  	106.533954 
6647.188957  	106.549085 
6648.620615  	107.332933 
6650.052273  	107.828940 
6651.483932  	108.420513 
6652.915590  	108.011046 
6654.347248  	106.768593 
6655.778906  	106.586501 
6657.210564  	106.960175 
6658.642223  	107.057642 
6660.073881  	107.399958 
6661.505539  	107.936508 
6662.937197  	107.791698 
6664.368855  	107.161991 
6665.800513  	107.901515 
6667.232172  	109.226954 
6668.663830  	108.541565 
6670.095488  	107.245118 
6671.527146  	106.585232 
6672.958804  	105.986360 
6674.390463  	106.758187 
6675.822121  	108.178280 
6677.253779  	108.111815 
6678.685437  	108.244041 
6680.117095  	109.188381 
6681.548754  	108.736786 
6682.980412  	106.951745 
6684.412070  	106.246627 
6685.843728  	107.568117 
6687.275386  	108.742422 
6688.707044  	108.317304 
6690.138703  	107.939614 
6691.570361  	107.759628 
6693.002019  	107.235858 
6694.433677  	107.545915 
6695.865335  	108.403950 
6697.296994  	108.588156 
6698.728652  	108.605170 
6700.160310  	108.956960 
6701.591968  	108.776816 
6703.023626  	107.113860 
6704.455284  	105.658998 
6705.886943  	106.434706 
6707.318601  	107.860712 
6708.750259  	107.995988 
6710.181917  	108.106138 
6711.613575  	108.096497 
6713.045234  	107.063861 
6714.476892  	106.880652 
6715.908550  	107.532713 
6717.340208  	106.766166 
6718.771866  	105.952062 
6720.203525  	106.139436 
6721.635183  	105.888658 
6723.066841  	106.647102 
6724.498499  	108.134219 
6725.930157  	106.710085 
6727.361815  	104.546924 
6728.793474  	104.877344 
6730.225132  	105.851169 
6731.656790  	106.774351 
6733.088448  	107.964966 
6734.520106  	108.135095 
6735.951765  	107.451779 
6737.383423  	106.632141 
6738.815081  	106.219587 
6740.246739  	106.414246 
6741.678397  	106.682015 
6743.110056  	107.175943 
6744.541714  	107.142806 
6745.973372  	106.304894 
6747.405030  	106.891972 
6748.836688  	107.747399 
6750.268346  	106.944036 
6751.700005  	107.040163 
6753.131663  	107.905821 
6754.563321  	107.624755 
6755.994979  	108.058814 
6757.426637  	109.082271 
6758.858296  	108.390748 
6760.289954  	107.006685 
6761.721612  	106.577950 
6763.153270  	107.047971 
6764.584928  	107.912426 
6766.016586  	108.179838 
6767.448245  	107.264037 
6768.879903  	106.757739 
6770.311561  	107.763311 
6771.743219  	108.064376 
6773.174877  	107.075991 
6774.606536  	107.030527 
6776.038194  	107.569823 
6777.469852  	108.061768 
6778.901510  	108.872077 
6780.333168  	108.584937 
6781.764827  	107.696331 
6783.196485  	107.460580 
6784.628143  	106.411913 
6786.059801  	105.306836 
6787.491459  	105.518659 
6788.923117  	105.976434 
6790.354776  	106.512869 
6791.786434  	107.744808 
6793.218092  	108.695407 
6794.649750  	108.483677 
6796.081408  	108.006172 
6797.513067  	108.387169 
6798.944725  	107.640761 
6800.376383  	105.228296 
6801.808041  	105.083300 
6803.239699  	107.276749 
6804.671357  	107.857228 
6806.103016  	106.236145 
6807.534674  	104.525845 
6808.966332  	104.809487 
6810.397990  	106.787350 
6811.829648  	107.463436 
6813.261307  	106.727064 
6814.692965  	106.713027 
6816.124623  	106.541810 
6817.556281  	105.828820 
6818.987939  	106.741397 
6820.419598  	108.609913 
6821.851256  	108.393941 
6823.282914  	106.935348 
6824.714572  	106.519608 
6826.146230  	105.735151 
6827.577888  	104.684296 
6829.009547  	105.302789 
6830.441205  	106.584152 
6831.872863  	107.676467 
6833.304521  	108.038351 
6834.736179  	106.495764 
6836.167838  	105.808062 
6837.599496  	107.300856 
6839.031154  	107.928755 
6840.462812  	108.246858 
6841.894470  	109.628394 
6843.326129  	109.946303 
6844.757787  	108.832681 
6846.189445  	107.576322 
6847.621103  	107.060223 
6849.052761  	106.932030 
6850.484419  	106.348869 
6851.916078  	106.167209 
6853.347736  	107.038517 
6854.779394  	107.713209 
6856.211052  	107.838637 
6857.642710  	107.894748 
6859.074369  	107.888948 
6860.506027  	108.102594 
6861.937685  	108.917066 
6863.369343  	109.399678 
6864.801001  	108.045490 
6866.232659  	106.473363 
6867.664318  	106.874486 
6869.095976  	107.053126 
6870.527634  	105.767482 
6871.959292  	104.942690 
6873.390950  	105.553485 
6874.822609  	107.457222 
6876.254267  	108.502791 
6877.685925  	107.107584 
6879.117583  	106.079936 
6880.549241  	106.225281 
6881.980900  	105.751057 
6883.412558  	106.026018 
6884.844216  	107.979942 
6886.275874  	109.363192 
6887.707532  	109.249109 
6889.139190  	108.981968 
6890.570849  	108.808013 
6892.002507  	107.178995 
6893.434165  	105.661314 
6894.865823  	106.454572 
6896.297481  	107.272776 
6897.729140  	106.843938 
6899.160798  	106.830883 
6900.592456  	106.980481 
6902.024114  	107.098887 
6903.455772  	107.290953 
6904.887431  	106.652082 
6906.319089  	105.776428 
6907.750747  	105.603353 
6909.182405  	106.133178 
6910.614063  	106.321825 
6912.045721  	105.457170 
6913.477380  	105.598040 
6914.909038  	107.111068 
6916.340696  	108.198577 
6917.772354  	109.354835 
6919.204012  	109.582656 
6920.635671  	107.499307 
6922.067329  	106.083154 
6923.498987  	107.049280 
6924.930645  	108.495479 
6926.362303  	108.173554 
6927.793961  	106.416866 
6929.225620  	106.304873 
6930.657278  	107.203716 
6932.088936  	106.748753 
6933.520594  	106.988078 
6934.952252  	107.305409 
6936.383911  	105.701593 
6937.815569  	105.642656 
6939.247227  	107.571078 
6940.678885  	107.641683 
6942.110543  	106.772211 
6943.542202  	107.044864 
6944.973860  	107.321272 
6946.405518  	107.062265 
6947.837176  	107.496143 
6949.268834  	107.995516 
6950.700492  	107.193767 
6952.132151  	106.830943 
6953.563809  	107.342242 
6954.995467  	106.486746 
6956.427125  	105.737379 
6957.858783  	106.980082 
6959.290442  	107.841169 
6960.722100  	107.480858 
6962.153758  	107.470764 
6963.585416  	107.532604 
6965.017074  	106.641880 
6966.448732  	105.925498 
6967.880391  	106.350524 
6969.312049  	106.583674 
6970.743707  	106.633733 
6972.175365  	107.672889 
6973.607023  	107.587370 
6975.038682  	106.257097 
6976.470340  	106.525521 
6977.901998  	106.980640 
6979.333656  	106.343983 
6980.765314  	106.850884 
6982.196973  	107.836295 
6983.628631  	107.459325 
6985.060289  	106.171545 
6986.491947  	105.394632 
6987.923605  	106.372455 
6989.355263  	107.647582 
6990.786922  	107.388742 
6992.218580  	107.300948 
6993.650238  	108.090892 
6995.081896  	108.215432 
6996.513554  	107.727239 
6997.945213  	107.472267 
6999.376871  	107.480016 
7000.808529  	107.350370 
7002.240187  	106.739950 
7003.671845  	106.605013 
7005.103504  	108.231985 
7006.535162  	109.492961 
7007.966820  	107.891427 
7009.398478  	106.350825 
7010.830136  	106.589781 
7012.261794  	105.647203 
7013.693453  	104.513186 
7015.125111  	105.940872 
7016.556769  	107.620038 
7017.988427  	108.673433 
7019.420085  	110.009680 
7020.851744  	108.989473 
7022.283402  	106.464056 
7023.715060  	105.404576 
7025.146718  	104.980638 
7026.578376  	105.189121 
7028.010034  	106.423618 
7029.441693  	106.695741 
7030.873351  	106.525193 
7032.305009  	107.118529 
7033.736667  	106.744728 
7035.168325  	106.135843 
7036.599984  	107.593331 
7038.031642  	108.710847 
7039.463300  	106.954086 
7040.894958  	105.163074 
7042.326616  	105.586228 
7043.758275  	106.634083 
7045.189933  	107.103864 
7046.621591  	107.091914 
7048.053249  	106.368832 
7049.484907  	106.649606 
7050.916565  	108.390200 
7052.348224  	107.887342 
7053.779882  	104.733609 
7055.211540  	103.924298 
7056.643198  	105.852144 
7058.074856  	107.215721 
7059.506515  	108.130311 
7060.938173  	108.533978 
7062.369831  	107.386667 
7063.801489  	107.241474 
7065.233147  	107.922601 
7066.664806  	106.574062 
7068.096464  	105.633663 
7069.528122  	106.401523 
7070.959780  	106.781266 
7072.391438  	107.435665 
7073.823096  	107.529204 
7075.254755  	106.245089 
7076.686413  	107.191951 
7078.118071  	109.064664 
7079.549729  	107.997038 
7080.981387  	106.959086 
7082.413046  	107.200804 
7083.844704  	105.898526 
7085.276362  	104.426571 
7086.708020  	104.609725 
7088.139678  	105.592843 
7089.571336  	107.127314 
7091.002995  	108.409744 
7092.434653  	108.384285 
7093.866311  	107.600523 
7095.297969  	107.074368 
7096.729627  	107.184447 
7098.161286  	107.647292 
7099.592944  	107.784307 
7101.024602  	107.496329 
7102.456260  	106.939251 
7103.887918  	106.609301 
7105.319577  	106.980867 
7106.751235  	107.098882 
7108.182893  	106.352549 
7109.614551  	105.765665 
7111.046209  	105.827094 
7112.477867  	106.469446 
7113.909526  	106.956342 
7115.341184  	106.122777 
7116.772842  	105.796493 
7118.204500  	107.204023 
7119.636158  	107.849631 
7121.067817  	107.348435 
7122.499475  	106.407468 
7123.931133  	104.662182 
7125.362791  	104.580896 
7126.794449  	105.647142 
7128.226108  	105.013233 
7129.657766  	105.244980 
7131.089424  	106.498888 
7132.521082  	105.311957 
7133.952740  	104.044062 
7135.384398  	104.714984 
7136.816057  	105.405197 
7138.247715  	105.644782 
7139.679373  	105.196495 
7141.111031  	105.490837 
7142.542689  	107.474943 
7143.974348  	107.799930 
7145.406006  	107.424278 
7146.837664  	108.188232 
7148.269322  	106.819332 
7149.700980  	105.106720 
7151.132638  	106.071231 
7152.564297  	106.055081 
7153.995955  	104.749534 
7155.427613  	105.477616 
7156.859271  	106.144055 
7158.290929  	105.129519 
7159.722588  	105.613104 
7161.154246  	107.534642 
7162.585904  	106.995804 
7164.017562  	105.036306 
7165.449220  	105.371504 
7166.880879  	106.483132 
7168.312537  	106.369032 
7169.744195  	106.571565 
7171.175853  	106.924380 
7172.607511  	106.100962 
7174.039169  	104.672855 
7175.470828  	104.711029 
7176.902486  	106.449456 
7178.334144  	106.559675 
7179.765802  	104.829854 
7181.197460  	104.838136 
7182.629119  	105.740022 
7184.060777  	106.099898 
7185.492435  	107.094384 
7186.924093  	106.945824 
7188.355751  	106.681298 
7189.787409  	108.487247 
7191.219068  	108.666362 
7192.650726  	106.769620 
7194.082384  	106.296518 
7195.514042  	106.718605 
7196.945700  	106.614777 
7198.377359  	105.767066 
7199.809017  	104.811866 
7201.240675  	105.822607 
7202.672333  	107.492241 
7204.103991  	107.321362 
7205.535650  	106.468089 
7206.967308  	106.726109 
7208.398966  	108.157370 
7209.830624  	109.213776 
7211.262282  	108.416656 
7212.693940  	108.054790 
7214.125599  	108.916341 
7215.557257  	108.188975 
7216.988915  	106.198642 
7218.420573  	105.343514 
7219.852231  	106.188849 
7221.283890  	107.907433 
7222.715548  	108.324164 
7224.147206  	107.938410 
7225.578864  	108.029299 
7227.010522  	106.808617 
7228.442181  	105.215241 
7229.873839  	106.677734 
7231.305497  	109.161054 
7232.737155  	107.977128 
7234.168813  	104.742424 
7235.600471  	104.726181 
7237.032130  	107.042097 
7238.463788  	108.043824 
7239.895446  	107.675148 
7241.327104  	107.073810 
7242.758762  	106.007828 
7244.190421  	105.483649 
7245.622079  	106.015488 
7247.053737  	107.589998 
7248.485395  	110.304357 
7249.917053  	110.925440 
7251.348711  	108.676450 
7252.780370  	107.976226 
7254.212028  	108.734249 
7255.643686  	108.386748 
7257.075344  	107.804004 
7258.507002  	106.877266 
7259.938661  	106.595636 
7261.370319  	108.117155 
7262.801977  	107.782916 
7264.233635  	106.198169 
7265.665293  	107.527230 
7267.096952  	108.518659 
7268.528610  	107.476859 
7269.960268  	107.939189 
7271.391926  	108.254765 
7272.823584  	106.869726 
7274.255242  	106.531493 
7275.686901  	107.058383 
7277.118559  	107.368808 
7278.550217  	107.853444 
7279.981875  	107.770786 
7281.413533  	107.542959 
7282.845192  	108.077972 
7284.276850  	108.043527 
7285.708508  	106.680894 
7287.140166  	104.768402 
7288.571824  	104.217515 
7290.003483  	105.993357 
7291.435141  	106.279932 
7292.866799  	104.623967 
7294.298457  	106.503868 
7295.730115  	110.781223 
7297.161773  	110.521515 
7298.593432  	107.025600 
7300.025090  	105.339086 
7301.456748  	106.372310 
7302.888406  	107.670420 
7304.320064  	106.892868 
7305.751723  	105.650513 
7307.183381  	106.291458 
7308.615039  	106.942030 
7310.046697  	105.854613 
7311.478355  	106.378677 
7312.910013  	108.894838 
7314.341672  	109.631436 
7315.773330  	109.086115 
7317.204988  	108.671350 
7318.636646  	107.167378 
7320.068304  	106.006369 
7321.499963  	106.355736 
7322.931621  	106.739325 
7324.363279  	108.175571 
7325.794937  	110.350390 
7327.226595  	110.657609 
7328.658254  	108.463542 
7330.089912  	104.680906 
7331.521570  	102.731486 
7332.953228  	104.026605 
7334.384886  	104.919286 
7335.816544  	105.018286 
7337.248203  	106.930010 
7338.679861  	108.245765 
7340.111519  	109.009183 
7341.543177  	109.881229 
7342.974835  	106.775583 
7344.406494  	103.791046 
7345.838152  	106.143113 
7347.269810  	108.414119 
7348.701468  	107.667448 
7350.133126  	107.445467 
7351.564785  	107.276612 
7352.996443  	105.172557 
7354.428101  	102.377274 
7355.859759  	102.202564 
7357.291417  	106.036331 
7358.723075  	108.881789 
7360.154734  	107.519441 
7361.586392  	106.543897 
7363.018050  	107.441656 
7364.449708  	106.753926 
7365.881366  	105.250406 
7367.313025  	105.595592 
7368.744683  	106.520788 
7370.176341  	106.555691 
7371.607999  	106.097635 
7373.039657  	105.719776 
7374.471315  	106.460127 
7375.902974  	107.005651 
7377.334632  	105.495035 
7378.766290  	105.109390 
7380.197948  	106.729872 
7381.629606  	107.415693 
7383.061265  	108.350629 
7384.492923  	108.663787 
7385.924581  	105.708005 
7387.356239  	104.943521 
7388.787897  	107.771465 
7390.219556  	107.980851 
7391.651214  	106.643880 
7393.082872  	106.784732 
7394.514530  	106.532914 
7395.946188  	107.297390 
7397.377846  	108.521104 
7398.809505  	106.283429 
7400.241163  	105.893690 
7401.672821  	109.799133 
7403.104479  	109.638215 
7404.536137  	106.114996 
7405.967796  	105.678320 
7407.399454  	105.594891 
7408.831112  	105.301436 
7410.262770  	107.811576 
7411.694428  	109.147688 
7413.126086  	108.105633 
7414.557745  	107.575783 
7415.989403  	105.438482 
7417.421061  	103.925720 
7418.852719  	106.662335 
7420.284377  	108.602675 
7421.716036  	106.865942 
7423.147694  	105.770860 
7424.579352  	106.569048 
7426.011010  	108.648414 
7427.442668  	109.098159 
7428.874327  	105.748807 
7430.305985  	103.291216 
7431.737643  	104.084429 
7433.169301  	104.909035 
7434.600959  	104.593050 
7436.032617  	104.852048 
7437.464276  	106.682777 
7438.895934  	108.044218 
7440.327592  	107.000795 
7441.759250  	105.989881 
7443.190908  	106.617934 
7444.622567  	106.935198 
7446.054225  	107.525833 
7447.485883  	108.645823 
7448.917541  	109.218651 
7450.349199  	109.956540 
7451.780858  	109.893029 
7453.212516  	107.795643 
7454.644174  	105.218499 
7456.075832  	102.960975 
7457.507490  	102.191097 
7458.939148  	102.775249 
7460.370807  	103.277024 
7461.802465  	105.276732 
7463.234123  	108.146606 
7464.665781  	105.806958 
7466.097439  	102.147268 
7467.529098  	104.897629 
7468.960756  	109.161796 
7470.392414  	109.370995 
7471.824072  	108.532084 
7473.255730  	107.851536 
7474.687388  	107.366870 
7476.119047  	107.827315 
7477.550705  	106.839091 
7478.982363  	105.328878 
7480.414021  	105.377406 
7481.845679  	105.873412 
7483.277338  	107.078917 
7484.708996  	107.953311 
7486.140654  	105.585230 
7487.572312  	103.828011 
7489.003970  	105.073757 
7490.435629  	105.987600 
7491.867287  	106.525827 
7493.298945  	108.119885 
7494.730603  	109.198711 
7496.162261  	108.737933 
7497.593919  	106.524002 
7499.025578  	104.480994 
7500.457236  	105.191881 
7501.888894  	107.413919 
7503.320552  	108.102014 
7504.752210  	106.322969 
7506.183869  	104.894201 
7507.615527  	105.951805 
7509.047185  	106.509741 
7510.478843  	105.396402 
7511.910501  	105.060389 
7513.342160  	105.019087 
7514.773818  	105.679969 
7516.205476  	107.506170 
7517.637134  	107.057214 
7519.068792  	104.817567 
7520.500450  	104.792087 
7521.932109  	106.263428 
7523.363767  	107.255972 
7524.795425  	106.769301 
7526.227083  	105.898410 
7527.658741  	106.835829 
7529.090400  	107.836969 
7530.522058  	107.170534 
7531.953716  	106.062351 
7533.385374  	104.697195 
7534.817032  	104.738264 
7536.248690  	106.179488 
7537.680349  	105.428694 
7539.112007  	104.206871 
7540.543665  	106.279940 
7541.975323  	109.053148 
7543.406981  	109.317838 
7544.838640  	107.579387 
7546.270298  	105.004216 
7547.701956  	103.382018 
7549.133614  	104.126027 
7550.565272  	106.269542 
7551.996931  	106.816979 
7553.428589  	106.166551 
7554.860247  	106.493619 
7556.291905  	104.784538 
7557.723563  	101.811230 
7559.155221  	104.687017 
7560.586880  	110.324640 
7562.018538  	110.197575 
7563.450196  	108.238367 
7564.881854  	107.617847 
7566.313512  	107.307842 
7567.745171  	108.199906 
7569.176829  	107.416128 
7570.608487  	105.500539 
7572.040145  	107.502137 
7573.471803  	108.945526 
7574.903461  	107.145899 
7576.335120  	106.251500 
7577.766778  	105.392209 
7579.198436  	103.621689 
7580.630094  	103.676573 
7582.061752  	105.124568 
7583.493411  	105.745759 
7584.925069  	104.124557 
7586.356727  	102.594049 
7587.788385  	104.377681 
7589.220043  	106.174061 
7590.651702  	105.647937 
7592.083360  	106.072375 
7593.515018  	107.475063 
7594.946676  	108.138438 
7596.378334  	108.715515 
7597.809992  	109.207108 
7599.241651  	109.358798 
7600.673309  	108.369976 
7602.104967  	106.955898 
7603.536625  	107.314211 
7604.968283  	107.920660 
7606.399942  	106.866369 
7607.831600  	107.010485 
7609.263258  	107.899856 
7610.694916  	107.208985 
7612.126574  	105.125057 
7613.558233  	102.542534 
7614.989891  	101.219742 
7616.421549  	102.377249 
7617.853207  	103.548980 
7619.284865  	103.969726 
7620.716523  	106.003093 
7622.148182  	109.423086 
7623.579840  	109.773663 
7625.011498  	107.407074 
7626.443156  	106.320245 
7627.874814  	106.580575 
7629.306473  	107.097550 
7630.738131  	107.424035 
7632.169789  	107.136665 
7633.601447  	108.364912 
7635.033105  	109.872338 
7636.464763  	108.501542 
7637.896422  	107.811094 
7639.328080  	107.229241 
7640.759738  	104.494416 
7642.191396  	105.018808 
7643.623054  	107.429119 
7645.054713  	107.026856 
7646.486371  	108.446484 
7647.918029  	110.580361 
7649.349687  	108.683985 
7650.781345  	107.595859 
7652.213004  	108.736057 
7653.644662  	108.600328 
7655.076320  	107.717498 
7656.507978  	107.548530 
7657.939636  	107.974620 
7659.371294  	107.180376 
7660.802953  	105.171776 
7662.234611  	105.220961 
7663.666269  	106.646789 
7665.097927  	107.295470 
7666.529585  	107.982062 
7667.961244  	107.739612 
7669.392902  	107.053652 
7670.824560  	107.379752 
7672.256218  	107.781234 
7673.687876  	109.690721 
7675.119535  	111.467456 
7676.551193  	110.853633 
7677.982851  	111.418213 
7679.414509  	112.075355 
7680.846167  	109.247081 
7682.277825  	106.374581 
7683.709484  	104.731195 
7685.141142  	105.510665 
7686.572800  	109.489766 
7688.004458  	110.891192 
7689.436116  	109.779905 
7690.867775  	111.905619 
7692.299433  	113.150599 
7693.731091  	109.562865 
7695.162749  	104.854508 
7696.594407  	102.961073 
7698.026065  	104.132768 
7699.457724  	105.875010 
7700.889382  	106.756036 
7702.321040  	106.768226 
7703.752698  	106.682124 
7705.184356  	107.908782 
7706.616015  	108.101356 
7708.047673  	106.179681 
7709.479331  	105.710513 
7710.910989  	107.302084 
7712.342647  	109.378373 
7713.774306  	111.700907 
7715.205964  	109.099068 
7716.637622  	103.050660 
7718.069280  	101.127742 
7719.500938  	102.421338 
7720.932596  	103.404654 
7722.364255  	105.183318 
7723.795913  	104.989204 
7725.227571  	103.994684 
7726.659229  	105.928434 
7728.090887  	108.155175 
7729.522546  	107.317854 
7730.954204  	107.348609 
7732.385862  	107.617082 
7733.817520  	104.685476 
7735.249178  	103.343476 
7736.680837  	107.220486 
7738.112495  	109.397809 
7739.544153  	107.665080 
7740.975811  	107.362423 
7742.407469  	107.233703 
7743.839127  	107.790897 
7745.270786  	111.011042 
7746.702444  	107.989239 
7748.134102  	101.046942 
7749.565760  	101.651655 
7750.997418  	104.531434 
7752.429077  	104.372152 
7753.860735  	107.089559 
7755.292393  	110.317740 
7756.724051  	109.218089 
7758.155709  	107.804450 
7759.587367  	107.437108 
7761.019026  	105.467387 
7762.450684  	102.525748 
7763.882342  	100.700870 
7765.314000  	102.988693 
7766.745658  	108.184919 
7768.177317  	109.502649 
7769.608975  	107.660970 
7771.040633  	108.236844 
7772.472291  	109.654820 
7773.903949  	109.481763 
7775.335608  	106.892611 
7776.767266  	103.222719 
7778.198924  	102.576728 
7779.630582  	103.688050 
7781.062240  	104.731272 
7782.493898  	108.145223 
7783.925557  	109.444231 
7785.357215  	107.662295 
7786.788873  	107.189709 
7788.220531  	105.982148 
7789.652189  	106.022544 
7791.083848  	109.368726 
7792.515506  	107.794010 
7793.947164  	106.369840 
7795.378822  	110.467160 
7796.810480  	108.439381 
7798.242138  	105.200585 
7799.673797  	108.160471 
7801.105455  	107.593351 
7802.537113  	106.064949 
7803.968771  	107.348494 
7805.400429  	106.877556 
7806.832088  	108.305627 
7808.263746  	108.723970 
7809.695404  	103.577531 
7811.127062  	103.114925 
7812.558720  	105.618647 
7813.990379  	104.833520 
7815.422037  	106.294155 
7816.853695  	110.277695 
7818.285353  	111.713846 
7819.717011  	108.562139 
7821.148669  	105.181854 
7822.580328  	106.638746 
7824.011986  	109.167146 
7825.443644  	107.458794 
7826.875302  	106.503861 
7828.306960  	107.338891 
7829.738619  	107.952768 
7831.170277  	107.627041 
7832.601935  	105.081293 
7834.033593  	104.080496 
7835.465251  	106.764593 
7836.896910  	110.655296 
7838.328568  	113.209410 
7839.760226  	109.939525 
7841.191884  	103.729417 
7842.623542  	101.456653 
7844.055200  	102.612493 
7845.486859  	104.157842 
7846.918517  	106.727071 
7848.350175  	108.675509 
7849.781833  	108.692207 
7851.213491  	109.168820 
7852.645150  	110.503375 
7854.076808  	110.545022 
7855.508466  	110.011679 
7856.940124  	108.236859 
7858.371782  	102.502049 
7859.803440  	98.865213 
7861.235099  	100.921237 
7862.666757  	103.767336 
7864.098415  	105.849075 
7865.530073  	106.323551 
7866.961731  	104.755867 
7868.393390  	108.356124 
7869.825048  	110.590835 
7871.256706  	104.789326 
7872.688364  	103.541989 
7874.120022  	106.884231 
7875.551681  	106.255653 
7876.983339  	107.286031 
7878.414997  	107.187387 
7879.846655  	106.581016 
7881.278313  	110.829086 
7882.709971  	110.387743 
7884.141630  	106.266197 
7885.573288  	106.913096 
7887.004946  	103.943413 
7888.436604  	100.317680 
7889.868262  	103.432276 
7891.299921  	106.554316 
7892.731579  	109.599750 
7894.163237  	112.555508 
7895.594895  	108.712700 
7897.026553  	102.518572 
7898.458212  	101.074561 
7899.889870  	102.328195 