##TITLE=No Description
##DATA TYPE=INFRARED SPECTRUM
##XUNITS=1/CM
##YUNITS=Abs
349.324597  	-0.007911 
350.756256  	-0.586923 
352.187914  	-0.177832 
353.619572  	0.062576 
355.051230  	-0.151023 
356.482888  	0.007223 
357.914546  	0.282981 
359.346205  	0.368952 
360.777863  	0.106035 
362.209521  	0.026399 
363.641179  	-0.081865 
365.072837  	-0.073493 
366.504496  	-0.039493 
367.936154  	-0.151572 
369.367812  	-0.327316 
370.799470  	-0.166073 
372.231128  	-0.037212 
373.662787  	0.005531 
375.094445  	0.144585 
376.526103  	0.199955 
377.957761  	0.061334 
379.389419  	-0.089617 
380.821077  	-0.233356 
382.252736  	-0.190472 
383.684394  	-0.080337 
385.116052  	-0.021099 
386.547710  	-0.053375 
387.979368  	0.009156 
389.411027  	0.065780 
390.842685  	0.070108 
392.274343  	0.090111 
393.706001  	0.061325 
395.137659  	-0.005099 
396.569317  	-0.054114 
398.000976  	-0.097240 
399.432634  	-0.090659 
400.864292  	-0.044239 
402.295950  	-0.019186 
403.727608  	0.005780 
405.159267  	0.042960 
406.590925  	0.049705 
408.022583  	-0.001140 
409.454241  	-0.061844 
410.885899  	-0.070991 
412.317558  	-0.047051 
413.749216  	-0.033070 
415.180874  	-0.030031 
416.612532  	-0.024502 
418.044190  	-0.025773 
419.475848  	-0.059517 
420.907507  	-0.064146 
422.339165  	-0.041649 
423.770823  	-0.013114 
425.202481  	0.002992 
426.634139  	-0.008599 
428.065798  	-0.023769 
429.497456  	-0.013691 
430.929114  	-0.012642 
432.360772  	-0.028007 
433.792430  	-0.030905 
435.224089  	-0.039674 
436.655747  	-0.047226 
438.087405  	-0.039057 
439.519063  	-0.032199 
440.950721  	-0.011819 
442.382379  	0.006992 
443.814038  	-0.014484 
445.245696  	-0.033722 
446.677354  	-0.026220 
448.109012  	-0.031401 
449.540670  	-0.045591 
450.972329  	-0.047073 
452.403987  	-0.037957 
453.835645  	-0.017232 
455.267303  	-0.012042 
456.698961  	-0.025446 
458.130619  	-0.027673 
459.562278  	-0.021688 
460.993936  	-0.020028 
462.425594  	-0.015778 
463.857252  	-0.015248 
465.288910  	-0.018911 
466.720569  	-0.020435 
468.152227  	-0.019694 
469.583885  	-0.019065 
471.015543  	-0.020342 
472.447201  	-0.018155 
473.878860  	-0.016100 
475.310518  	-0.023803 
476.742176  	-0.031526 
478.173834  	-0.031699 
479.605492  	-0.031002 
481.037150  	-0.026194 
482.468809  	-0.023442 
483.900467  	-0.034772 
485.332125  	-0.042788 
486.763783  	-0.032718 
488.195441  	-0.022630 
489.627100  	-0.022899 
491.058758  	-0.025232 
492.490416  	-0.023636 
493.922074  	-0.024343 
495.353732  	-0.031036 
496.785391  	-0.035452 
498.217049  	-0.031558 
499.648707  	-0.024927 
501.080365  	-0.022680 
502.512023  	-0.026039 
503.943681  	-0.026840 
505.375340  	-0.023778 
506.806998  	-0.023592 
508.238656  	-0.024752 
509.670314  	-0.024370 
511.101972  	-0.024518 
512.533631  	-0.021955 
513.965289  	-0.019376 
515.396947  	-0.023268 
516.828605  	-0.027367 
518.260263  	-0.027339 
519.691921  	-0.026481 
521.123580  	-0.023880 
522.555238  	-0.023142 
523.986896  	-0.026041 
525.418554  	-0.026909 
526.850212  	-0.027347 
528.281871  	-0.028793 
529.713529  	-0.025888 
531.145187  	-0.021793 
532.576845  	-0.022235 
534.008503  	-0.023531 
535.440162  	-0.023500 
536.871820  	-0.024767 
538.303478  	-0.026243 
539.735136  	-0.026624 
541.166794  	-0.027453 
542.598452  	-0.027331 
544.030111  	-0.025053 
545.461769  	-0.023940 
546.893427  	-0.025099 
548.325085  	-0.027315 
549.756743  	-0.029389 
551.188402  	-0.027995 
552.620060  	-0.025655 
554.051718  	-0.027536 
555.483376  	-0.029916 
556.915034  	-0.029094 
558.346692  	-0.026613 
559.778351  	-0.023786 
561.210009  	-0.023896 
562.641667  	-0.026433 
564.073325  	-0.026354 
565.504983  	-0.024572 
566.936642  	-0.024203 
568.368300  	-0.025429 
569.799958  	-0.027385 
571.231616  	-0.028005 
572.663274  	-0.027920 
574.094933  	-0.028427 
575.526591  	-0.028366 
576.958249  	-0.028036 
578.389907  	-0.026826 
579.821565  	-0.024342 
581.253223  	-0.024238 
582.684882  	-0.026476 
584.116540  	-0.027713 
585.548198  	-0.028276 
586.979856  	-0.028818 
588.411514  	-0.028705 
589.843173  	-0.027058 
591.274831  	-0.024767 
592.706489  	-0.025125 
594.138147  	-0.027142 
595.569805  	-0.027566 
597.001464  	-0.027025 
598.433122  	-0.026636 
599.864780  	-0.026371 
601.296438  	-0.025431 
602.728096  	-0.024302 
604.159754  	-0.026238 
605.591413  	-0.029190 
607.023071  	-0.028527 
608.454729  	-0.027638 
609.886387  	-0.028446 
611.318045  	-0.027207 
612.749704  	-0.025018 
614.181362  	-0.024835 
615.613020  	-0.025581 
617.044678  	-0.026098 
618.476336  	-0.026601 
619.907994  	-0.027668 
621.339653  	-0.028842 
622.771311  	-0.028794 
624.202969  	-0.027918 
625.634627  	-0.027002 
627.066285  	-0.026472 
628.497944  	-0.027334 
629.929602  	-0.028660 
631.361260  	-0.028302 
632.792918  	-0.027187 
634.224576  	-0.027410 
635.656235  	-0.028167 
637.087893  	-0.028156 
638.519551  	-0.027760 
639.951209  	-0.027134 
641.382867  	-0.026946 
642.814525  	-0.027810 
644.246184  	-0.027763 
645.677842  	-0.026435 
647.109500  	-0.026403 
648.541158  	-0.027375 
649.972816  	-0.027367 
651.404475  	-0.026966 
652.836133  	-0.027783 
654.267791  	-0.029279 
655.699449  	-0.028805 
657.131107  	-0.027201 
658.562766  	-0.027838 
659.994424  	-0.028554 
661.426082  	-0.027175 
662.857740  	-0.026838 
664.289398  	-0.027762 
665.721056  	-0.027258 
667.152715  	-0.025165 
668.584373  	-0.024133 
670.016031  	-0.026273 
671.447689  	-0.026870 
672.879347  	-0.025704 
674.311006  	-0.025278 
675.742664  	-0.026110 
677.174322  	-0.025994 
678.605980  	-0.025664 
680.037638  	-0.026158 
681.469296  	-0.026016 
682.900955  	-0.025325 
684.332613  	-0.025232 
685.764271  	-0.025235 
687.195929  	-0.024949 
688.627587  	-0.024626 
690.059246  	-0.024259 
691.490904  	-0.024213 
692.922562  	-0.024342 
694.354220  	-0.023918 
695.785878  	-0.023438 
697.217537  	-0.023266 
698.649195  	-0.022678 
700.080853  	-0.021595 
701.512511  	-0.020232 
702.944169  	-0.018815 
704.375827  	-0.017394 
705.807486  	-0.015104 
707.239144  	-0.011884 
708.670802  	-0.007734 
710.102460  	-0.001386 
711.534118  	0.007257 
712.965777  	0.019783 
714.397435  	0.040349 
715.829093  	0.066229 
717.260751  	0.087087 
718.692409  	0.095616 
720.124067  	0.087843 
721.555726  	0.069235 
722.987384  	0.051604 
724.419042  	0.038284 
725.850700  	0.027823 
727.282358  	0.019991 
728.714017  	0.016091 
730.145675  	0.014009 
731.577333  	0.007604 
733.008991  	-0.002629 
734.440649  	-0.010664 
735.872308  	-0.014779 
737.303966  	-0.016374 
738.735624  	-0.017291 
740.167282  	-0.018818 
741.598940  	-0.019950 
743.030598  	-0.020325 
744.462257  	-0.020901 
745.893915  	-0.021564 
747.325573  	-0.022128 
748.757231  	-0.022478 
750.188889  	-0.022490 
751.620548  	-0.022678 
753.052206  	-0.023277 
754.483864  	-0.023968 
755.915522  	-0.024094 
757.347180  	-0.023805 
758.778839  	-0.024163 
760.210497  	-0.024789 
761.642155  	-0.025182 
763.073813  	-0.025656 
764.505471  	-0.025640 
765.937129  	-0.025371 
767.368788  	-0.025279 
768.800446  	-0.024965 
770.232104  	-0.025467 
771.663762  	-0.026390 
773.095420  	-0.025920 
774.527079  	-0.025150 
775.958737  	-0.025061 
777.390395  	-0.025363 
778.822053  	-0.026082 
780.253711  	-0.026087 
781.685369  	-0.025834 
783.117028  	-0.026465 
784.548686  	-0.026255 
785.980344  	-0.025492 
787.412002  	-0.025973 
788.843660  	-0.026328 
790.275319  	-0.026022 
791.706977  	-0.026363 
793.138635  	-0.027247 
794.570293  	-0.027771 
796.001951  	-0.027566 
797.433610  	-0.027592 
798.865268  	-0.028353 
800.296926  	-0.028542 
801.728584  	-0.028026 
803.160242  	-0.027531 
804.591900  	-0.027105 
806.023559  	-0.027299 
807.455217  	-0.027787 
808.886875  	-0.027709 
810.318533  	-0.027580 
811.750191  	-0.027613 
813.181850  	-0.027661 
814.613508  	-0.027984 
816.045166  	-0.028246 
817.476824  	-0.028189 
818.908482  	-0.028048 
820.340141  	-0.028021 
821.771799  	-0.028140 
823.203457  	-0.028181 
824.635115  	-0.028349 
826.066773  	-0.028584 
827.498431  	-0.028276 
828.930090  	-0.028081 
830.361748  	-0.028498 
831.793406  	-0.028756 
833.225064  	-0.028805 
834.656722  	-0.028610 
836.088381  	-0.028055 
837.520039  	-0.028012 
838.951697  	-0.028278 
840.383355  	-0.027949 
841.815013  	-0.027574 
843.246671  	-0.027783 
844.678330  	-0.028272 
846.109988  	-0.028485 
847.541646  	-0.028264 
848.973304  	-0.028206 
850.404962  	-0.028430 
851.836621  	-0.028340 
853.268279  	-0.028083 
854.699937  	-0.028075 
856.131595  	-0.028125 
857.563253  	-0.028105 
858.994912  	-0.028277 
860.426570  	-0.028579 
861.858228  	-0.028464 
863.289886  	-0.028066 
864.721544  	-0.028110 
866.153202  	-0.028321 
867.584861  	-0.028193 
869.016519  	-0.028148 
870.448177  	-0.028373 
871.879835  	-0.028518 
873.311493  	-0.028561 
874.743152  	-0.028605 
876.174810  	-0.028569 
877.606468  	-0.028338 
879.038126  	-0.028018 
880.469784  	-0.027951 
881.901443  	-0.028139 
883.333101  	-0.028246 
884.764759  	-0.028221 
886.196417  	-0.028178 
887.628075  	-0.028049 
889.059733  	-0.027812 
890.491392  	-0.027542 
891.923050  	-0.027417 
893.354708  	-0.027639 
894.786366  	-0.027755 
896.218024  	-0.027380 
897.649683  	-0.027482 
899.081341  	-0.028380 
900.512999  	-0.028686 
901.944657  	-0.028287 
903.376315  	-0.028294 
904.807973  	-0.028351 
906.239632  	-0.027895 
907.671290  	-0.027606 
909.102948  	-0.027868 
910.534606  	-0.028141 
911.966264  	-0.028010 
913.397923  	-0.027813 
914.829581  	-0.027947 
916.261239  	-0.028145 
917.692897  	-0.028174 
919.124555  	-0.028256 
920.556214  	-0.028528 
921.987872  	-0.028800 
923.419530  	-0.028664 
924.851188  	-0.028194 
926.282846  	-0.027988 
927.714504  	-0.028105 
929.146163  	-0.028264 
930.577821  	-0.028473 
932.009479  	-0.028705 
933.441137  	-0.028867 
934.872795  	-0.028862 
936.304454  	-0.028784 
937.736112  	-0.028975 
939.167770  	-0.029171 
940.599428  	-0.028971 
942.031086  	-0.028840 
943.462744  	-0.029062 
944.894403  	-0.029324 
946.326061  	-0.029560 
947.757719  	-0.029675 
949.189377  	-0.029475 
950.621035  	-0.029186 
952.052694  	-0.029097 
953.484352  	-0.029096 
954.916010  	-0.028961 
956.347668  	-0.028753 
957.779326  	-0.028575 
959.210985  	-0.028470 
960.642643  	-0.028655 
962.074301  	-0.029067 
963.505959  	-0.029261 
964.937617  	-0.029226 
966.369275  	-0.029118 
967.800934  	-0.028814 
969.232592  	-0.028662 
970.664250  	-0.029085 
972.095908  	-0.029443 
973.527566  	-0.029231 
974.959225  	-0.029147 
976.390883  	-0.029413 
977.822541  	-0.029380 
979.254199  	-0.029269 
980.685857  	-0.029548 
982.117516  	-0.029747 
983.549174  	-0.029550 
984.980832  	-0.029359 
986.412490  	-0.029533 
987.844148  	-0.029760 
989.275806  	-0.029385 
990.707465  	-0.028800 
992.139123  	-0.028889 
993.570781  	-0.029354 
995.002439  	-0.029698 
996.434097  	-0.030059 
997.865756  	-0.030279 
999.297414  	-0.030111 
1000.729072  	-0.029790 
1002.160730  	-0.029679 
1003.592388  	-0.029710 
1005.024046  	-0.029616 
1006.455705  	-0.029676 
1007.887363  	-0.029974 
1009.319021  	-0.030001 
1010.750679  	-0.029918 
1012.182337  	-0.029983 
1013.613996  	-0.029836 
1015.045654  	-0.029619 
1016.477312  	-0.029544 
1017.908970  	-0.029473 
1019.340628  	-0.029619 
1020.772287  	-0.029916 
1022.203945  	-0.029988 
1023.635603  	-0.029917 
1025.067261  	-0.029837 
1026.498919  	-0.029908 
1027.930577  	-0.030200 
1029.362236  	-0.030198 
1030.793894  	-0.029768 
1032.225552  	-0.029588 
1033.657210  	-0.029716 
1035.088868  	-0.029554 
1036.520527  	-0.029436 
1037.952185  	-0.029937 
1039.383843  	-0.030296 
1040.815501  	-0.029933 
1042.247159  	-0.029588 
1043.678818  	-0.029661 
1045.110476  	-0.029859 
1046.542134  	-0.029920 
1047.973792  	-0.029699 
1049.405450  	-0.029539 
1050.837108  	-0.029701 
1052.268767  	-0.029818 
1053.700425  	-0.029627 
1055.132083  	-0.029221 
1056.563741  	-0.028966 
1057.995399  	-0.029078 
1059.427058  	-0.029236 
1060.858716  	-0.029260 
1062.290374  	-0.029099 
1063.722032  	-0.028803 
1065.153690  	-0.028873 
1066.585348  	-0.029082 
1068.017007  	-0.028860 
1069.448665  	-0.028713 
1070.880323  	-0.028900 
1072.311981  	-0.028943 
1073.743639  	-0.028782 
1075.175298  	-0.028524 
1076.606956  	-0.028173 
1078.038614  	-0.027721 
1079.470272  	-0.027437 
1080.901930  	-0.027673 
1082.333589  	-0.027862 
1083.765247  	-0.027674 
1085.196905  	-0.027905 
1086.628563  	-0.028457 
1088.060221  	-0.028598 
1089.491879  	-0.028665 
1090.923538  	-0.029100 
1092.355196  	-0.029588 
1093.786854  	-0.029706 
1095.218512  	-0.029547 
1096.650170  	-0.029462 
1098.081829  	-0.029387 
1099.513487  	-0.029394 
1100.945145  	-0.029681 
1102.376803  	-0.029752 
1103.808461  	-0.029450 
1105.240120  	-0.029409 
1106.671778  	-0.029705 
1108.103436  	-0.029871 
1109.535094  	-0.029787 
1110.966752  	-0.029667 
1112.398410  	-0.029661 
1113.830069  	-0.029691 
1115.261727  	-0.029648 
1116.693385  	-0.029605 
1118.125043  	-0.029651 
1119.556701  	-0.029623 
1120.988360  	-0.029447 
1122.420018  	-0.029439 
1123.851676  	-0.029581 
1125.283334  	-0.029589 
1126.714992  	-0.029602 
1128.146650  	-0.029584 
1129.578309  	-0.029378 
1131.009967  	-0.029289 
1132.441625  	-0.029361 
1133.873283  	-0.029358 
1135.304941  	-0.029393 
1136.736600  	-0.029630 
1138.168258  	-0.029943 
1139.599916  	-0.029944 
1141.031574  	-0.029634 
1142.463232  	-0.029546 
1143.894891  	-0.029645 
1145.326549  	-0.029548 
1146.758207  	-0.029456 
1148.189865  	-0.029533 
1149.621523  	-0.029545 
1151.053181  	-0.029440 
1152.484840  	-0.029485 
1153.916498  	-0.029780 
1155.348156  	-0.029999 
1156.779814  	-0.029934 
1158.211472  	-0.029737 
1159.643131  	-0.029560 
1161.074789  	-0.029402 
1162.506447  	-0.029202 
1163.938105  	-0.029189 
1165.369763  	-0.029460 
1166.801421  	-0.029552 
1168.233080  	-0.029446 
1169.664738  	-0.029422 
1171.096396  	-0.029316 
1172.528054  	-0.029241 
1173.959712  	-0.029305 
1175.391371  	-0.029346 
1176.823029  	-0.029434 
1178.254687  	-0.029325 
1179.686345  	-0.029057 
1181.118003  	-0.029145 
1182.549662  	-0.029247 
1183.981320  	-0.029169 
1185.412978  	-0.029280 
1186.844636  	-0.029263 
1188.276294  	-0.029018 
1189.707952  	-0.028874 
1191.139611  	-0.028762 
1192.571269  	-0.028742 
1194.002927  	-0.028843 
1195.434585  	-0.028886 
1196.866243  	-0.028922 
1198.297902  	-0.029058 
1199.729560  	-0.029293 
1201.161218  	-0.029368 
1202.592876  	-0.029190 
1204.024534  	-0.029103 
1205.456193  	-0.029038 
1206.887851  	-0.028971 
1208.319509  	-0.029089 
1209.751167  	-0.029079 
1211.182825  	-0.029046 
1212.614483  	-0.029194 
1214.046142  	-0.029123 
1215.477800  	-0.029037 
1216.909458  	-0.029119 
1218.341116  	-0.029094 
1219.772774  	-0.029165 
1221.204433  	-0.029217 
1222.636091  	-0.029048 
1224.067749  	-0.028998 
1225.499407  	-0.029018 
1226.931065  	-0.029011 
1228.362723  	-0.029064 
1229.794382  	-0.029049 
1231.226040  	-0.029041 
1232.657698  	-0.029017 
1234.089356  	-0.028969 
1235.521014  	-0.029121 
1236.952673  	-0.029233 
1238.384331  	-0.029187 
1239.815989  	-0.029188 
1241.247647  	-0.029129 
1242.679305  	-0.029041 
1244.110964  	-0.029029 
1245.542622  	-0.029091 
1246.974280  	-0.029145 
1248.405938  	-0.028945 
1249.837596  	-0.028794 
1251.269254  	-0.028928 
1252.700913  	-0.028864 
1254.132571  	-0.028715 
1255.564229  	-0.028807 
1256.995887  	-0.028894 
1258.427545  	-0.028911 
1259.859204  	-0.028799 
1261.290862  	-0.028600 
1262.722520  	-0.028616 
1264.154178  	-0.028709 
1265.585836  	-0.028699 
1267.017495  	-0.028689 
1268.449153  	-0.028714 
1269.880811  	-0.028658 
1271.312469  	-0.028380 
1272.744127  	-0.028220 
1274.175785  	-0.028283 
1275.607444  	-0.028116 
1277.039102  	-0.027978 
1278.470760  	-0.028114 
1279.902418  	-0.028176 
1281.334076  	-0.028220 
1282.765735  	-0.028131 
1284.197393  	-0.027863 
1285.629051  	-0.027826 
1287.060709  	-0.027794 
1288.492367  	-0.027644 
1289.924025  	-0.027534 
1291.355684  	-0.027219 
1292.787342  	-0.026907 
1294.219000  	-0.026747 
1295.650658  	-0.026534 
1297.082316  	-0.026508 
1298.513975  	-0.026513 
1299.945633  	-0.026283 
1301.377291  	-0.026179 
1302.808949  	-0.026252 
1304.240607  	-0.026328 
1305.672266  	-0.026362 
1307.103924  	-0.026438 
1308.535582  	-0.026674 
1309.967240  	-0.026730 
1311.398898  	-0.026731 
1312.830556  	-0.027118 
1314.262215  	-0.027477 
1315.693873  	-0.027699 
1317.125531  	-0.027958 
1318.557189  	-0.028117 
1319.988847  	-0.028456 
1321.420506  	-0.028727 
1322.852164  	-0.028688 
1324.283822  	-0.028927 
1325.715480  	-0.029212 
1327.147138  	-0.029122 
1328.578796  	-0.028995 
1330.010455  	-0.029024 
1331.442113  	-0.029223 
1332.873771  	-0.029158 
1334.305429  	-0.028642 
1335.737087  	-0.028270 
1337.168746  	-0.028011 
1338.600404  	-0.027705 
1340.032062  	-0.027602 
1341.463720  	-0.027459 
1342.895378  	-0.027287 
1344.327037  	-0.027162 
1345.758695  	-0.026868 
1347.190353  	-0.026542 
1348.622011  	-0.026175 
1350.053669  	-0.025871 
1351.485327  	-0.025866 
1352.916986  	-0.025832 
1354.348644  	-0.025769 
1355.780302  	-0.025828 
1357.211960  	-0.025813 
1358.643618  	-0.025773 
1360.075277  	-0.025561 
1361.506935  	-0.025201 
1362.938593  	-0.024889 
1364.370251  	-0.024285 
1365.801909  	-0.023683 
1367.233568  	-0.023285 
1368.665226  	-0.022868 
1370.096884  	-0.022870 
1371.528542  	-0.023266 
1372.960200  	-0.023602 
1374.391858  	-0.023715 
1375.823517  	-0.023022 
1377.255175  	-0.022398 
1378.686833  	-0.023359 
1380.118491  	-0.025399 
1381.550149  	-0.027234 
1382.981808  	-0.028666 
1384.413466  	-0.029399 
1385.845124  	-0.029879 
1387.276782  	-0.030289 
1388.708440  	-0.030496 
1390.140098  	-0.030742 
1391.571757  	-0.030726 
1393.003415  	-0.030696 
1394.435073  	-0.030844 
1395.866731  	-0.030857 
1397.298389  	-0.031046 
1398.730048  	-0.031082 
1400.161706  	-0.030929 
1401.593364  	-0.031013 
1403.025022  	-0.030806 
1404.456680  	-0.030703 
1405.888339  	-0.030903 
1407.319997  	-0.030731 
1408.751655  	-0.030693 
1410.183313  	-0.030624 
1411.614971  	-0.030474 
1413.046629  	-0.030632 
1414.478288  	-0.030243 
1415.909946  	-0.029844 
1417.341604  	-0.029925 
1418.773262  	-0.029478 
1420.204920  	-0.029188 
1421.636579  	-0.028764 
1423.068237  	-0.027863 
1424.499895  	-0.027355 
1425.931553  	-0.026334 
1427.363211  	-0.024963 
1428.794870  	-0.023736 
1430.226528  	-0.021820 
1431.658186  	-0.020236 
1433.089844  	-0.018836 
1434.521502  	-0.016859 
1435.953160  	-0.015577 
1437.384819  	-0.014649 
1438.816477  	-0.013467 
1440.248135  	-0.012794 
1441.679793  	-0.011566 
1443.111451  	-0.010416 
1444.543110  	-0.009604 
1445.974768  	-0.007911 
1447.406426  	-0.006639 
1448.838084  	-0.004856 
1450.269742  	-0.001588 
1451.701400  	0.002219 
1453.133059  	0.008570 
1454.564717  	0.014912 
1455.996375  	0.019735 
1457.428033  	0.025457 
1458.859691  	0.030903 
1460.291350  	0.040818 
1461.723008  	0.055414 
1463.154666  	0.067913 
1464.586324  	0.076817 
1466.017982  	0.083912 
1467.449641  	0.088758 
1468.881299  	0.086921 
1470.312957  	0.082457 
1471.744615  	0.078299 
1473.176273  	0.055859 
1474.607931  	0.025565 
1476.039590  	0.001963 
1477.471248  	-0.013998 
1478.902906  	-0.018828 
1480.334564  	-0.022087 
1481.766222  	-0.024729 
1483.197881  	-0.025454 
1484.629539  	-0.027062 
1486.061197  	-0.027603 
1487.492855  	-0.027857 
1488.924513  	-0.028894 
1490.356172  	-0.028676 
1491.787830  	-0.029468 
1493.219488  	-0.030095 
1494.651146  	-0.029732 
1496.082804  	-0.030342 
1497.514462  	-0.030657 
1498.946121  	-0.030598 
1500.377779  	-0.031102 
1501.809437  	-0.030960 
1503.241095  	-0.031094 
1504.672753  	-0.031148 
1506.104412  	-0.030365 
1507.536070  	-0.031420 
1508.967728  	-0.031793 
1510.399386  	-0.031464 
1511.831044  	-0.031859 
1513.262702  	-0.031887 
1514.694361  	-0.031902 
1516.126019  	-0.032169 
1517.557677  	-0.032059 
1518.989335  	-0.032108 
1520.420993  	-0.031916 
1521.852652  	-0.032124 
1523.284310  	-0.032829 
1524.715968  	-0.032494 
1526.147626  	-0.032485 
1527.579284  	-0.032845 
1529.010943  	-0.032646 
1530.442601  	-0.032764 
1531.874259  	-0.032612 
1533.305917  	-0.032353 
1534.737575  	-0.033131 
1536.169233  	-0.033055 
1537.600892  	-0.032702 
1539.032550  	-0.033081 
1540.464208  	-0.033386 
1541.895866  	-0.033732 
1543.327524  	-0.033675 
1544.759183  	-0.033387 
1546.190841  	-0.033695 
1547.622499  	-0.033470 
1549.054157  	-0.033111 
1550.485815  	-0.033434 
1551.917473  	-0.033505 
1553.349132  	-0.033637 
1554.780790  	-0.033965 
1556.212448  	-0.033693 
1557.644106  	-0.033504 
1559.075764  	-0.033785 
1560.507423  	-0.034395 
1561.939081  	-0.034384 
1563.370739  	-0.034031 
1564.802397  	-0.034181 
1566.234055  	-0.034310 
1567.665714  	-0.033879 
1569.097372  	-0.034041 
1570.529030  	-0.034361 
1571.960688  	-0.034175 
1573.392346  	-0.034162 
1574.824004  	-0.033927 
1576.255663  	-0.034171 
1577.687321  	-0.034863 
1579.118979  	-0.034512 
1580.550637  	-0.034317 
1581.982295  	-0.034480 
1583.413954  	-0.034437 
1584.845612  	-0.034533 
1586.277270  	-0.034508 
1587.708928  	-0.034395 
1589.140586  	-0.034483 
1590.572245  	-0.034407 
1592.003903  	-0.034525 
1593.435561  	-0.034761 
1594.867219  	-0.034699 
1596.298877  	-0.034743 
1597.730535  	-0.034719 
1599.162194  	-0.034741 
1600.593852  	-0.035016 
1602.025510  	-0.034868 
1603.457168  	-0.034685 
1604.888826  	-0.034839 
1606.320485  	-0.034825 
1607.752143  	-0.034864 
1609.183801  	-0.034892 
1610.615459  	-0.034825 
1612.047117  	-0.035030 
1613.478775  	-0.035069 
1614.910434  	-0.034889 
1616.342092  	-0.034986 
1617.773750  	-0.035329 
1619.205408  	-0.035298 
1620.637066  	-0.034798 
1622.068725  	-0.034579 
1623.500383  	-0.035317 
1624.932041  	-0.035489 
1626.363699  	-0.035093 
1627.795357  	-0.035124 
1629.227016  	-0.035220 
1630.658674  	-0.035231 
1632.090332  	-0.035199 
1633.521990  	-0.034990 
1634.953648  	-0.035140 
1636.385306  	-0.035744 
1637.816965  	-0.035655 
1639.248623  	-0.035385 
1640.680281  	-0.035319 
1642.111939  	-0.035421 
1643.543597  	-0.035424 
1644.975256  	-0.035406 
1646.406914  	-0.035683 
1647.838572  	-0.036014 
1649.270230  	-0.035970 
1650.701888  	-0.035513 
1652.133547  	-0.034698 
1653.565205  	-0.035568 
1654.996863  	-0.036551 
1656.428521  	-0.036025 
1657.860179  	-0.035702 
1659.291837  	-0.035687 
1660.723496  	-0.035652 
1662.155154  	-0.035753 
1663.586812  	-0.036019 
1665.018470  	-0.036138 
1666.450128  	-0.036018 
1667.881787  	-0.035873 
1669.313445  	-0.036031 
1670.745103  	-0.036151 
1672.176761  	-0.035964 
1673.608419  	-0.035709 
1675.040077  	-0.035825 
1676.471736  	-0.036549 
1677.903394  	-0.036452 
1679.335052  	-0.036025 
1680.766710  	-0.036091 
1682.198368  	-0.035928 
1683.630027  	-0.035743 
1685.061685  	-0.036821 
1686.493343  	-0.036779 
1687.925001  	-0.036366 
1689.356659  	-0.036221 
1690.788318  	-0.036107 
1692.219976  	-0.036241 
1693.651634  	-0.036169 
1695.083292  	-0.035970 
1696.514950  	-0.036609 
1697.946608  	-0.036351 
1699.378267  	-0.035631 
1700.809925  	-0.036455 
1702.241583  	-0.036699 
1703.673241  	-0.036060 
1705.104899  	-0.035920 
1706.536558  	-0.036265 
1707.968216  	-0.036370 
1709.399874  	-0.036305 
1710.831532  	-0.036337 
1712.263190  	-0.036354 
1713.694849  	-0.036075 
1715.126507  	-0.035952 
1716.558165  	-0.036065 
1717.989823  	-0.036100 
1719.421481  	-0.036437 
1720.853139  	-0.036511 
1722.284798  	-0.036334 
1723.716456  	-0.036284 
1725.148114  	-0.036159 
1726.579772  	-0.036109 
1728.011430  	-0.036153 
1729.443089  	-0.036006 
1730.874747  	-0.036069 
1732.306405  	-0.036176 
1733.738063  	-0.036223 
1735.169721  	-0.036688 
1736.601379  	-0.036476 
1738.033038  	-0.036123 
1739.464696  	-0.036255 
1740.896354  	-0.036382 
1742.328012  	-0.036381 
1743.759670  	-0.036402 
1745.191329  	-0.036196 
1746.622987  	-0.036135 
1748.054645  	-0.036164 
1749.486303  	-0.036148 
1750.917961  	-0.036375 
1752.349620  	-0.036456 
1753.781278  	-0.036305 
1755.212936  	-0.036247 
1756.644594  	-0.036406 
1758.076252  	-0.036733 
1759.507910  	-0.036639 
1760.939569  	-0.036362 
1762.371227  	-0.036596 
1763.802885  	-0.036793 
1765.234543  	-0.036628 
1766.666201  	-0.036522 
1768.097860  	-0.036620 
1769.529518  	-0.036695 
1770.961176  	-0.036462 
1772.392834  	-0.036503 
1773.824492  	-0.037003 
1775.256150  	-0.036889 
1776.687809  	-0.036715 
1778.119467  	-0.036820 
1779.551125  	-0.036817 
1780.982783  	-0.036985 
1782.414441  	-0.036982 
1783.846100  	-0.036605 
1785.277758  	-0.036551 
1786.709416  	-0.036617 
1788.141074  	-0.036599 
1789.572732  	-0.036633 
1791.004391  	-0.036381 
1792.436049  	-0.036448 
1793.867707  	-0.036911 
1795.299365  	-0.036751 
1796.731023  	-0.036566 
1798.162681  	-0.036622 
1799.594340  	-0.036672 
1801.025998  	-0.036874 
1802.457656  	-0.036963 
1803.889314  	-0.037004 
1805.320972  	-0.037084 
1806.752631  	-0.036880 
1808.184289  	-0.036708 
1809.615947  	-0.036644 
1811.047605  	-0.036594 
1812.479263  	-0.036804 
1813.910922  	-0.036853 
1815.342580  	-0.036747 
1816.774238  	-0.036830 
1818.205896  	-0.036785 
1819.637554  	-0.036703 
1821.069212  	-0.036717 
1822.500871  	-0.036778 
1823.932529  	-0.037115 
1825.364187  	-0.037230 
1826.795845  	-0.036920 
1828.227503  	-0.036897 
1829.659162  	-0.036955 
1831.090820  	-0.036757 
1832.522478  	-0.036608 
1833.954136  	-0.036802 
1835.385794  	-0.037192 
1836.817452  	-0.037099 
1838.249111  	-0.036828 
1839.680769  	-0.036898 
1841.112427  	-0.036901 
1842.544085  	-0.036977 
1843.975743  	-0.037346 
1845.407402  	-0.037421 
1846.839060  	-0.037133 
1848.270718  	-0.036792 
1849.702376  	-0.037015 
1851.134034  	-0.037491 
1852.565693  	-0.037133 
1853.997351  	-0.036718 
1855.429009  	-0.036859 
1856.860667  	-0.036787 
1858.292325  	-0.036740 
1859.723983  	-0.036951 
1861.155642  	-0.037249 
1862.587300  	-0.037594 
1864.018958  	-0.037424 
1865.450616  	-0.036981 
1866.882274  	-0.036783 
1868.313933  	-0.036785 
1869.745591  	-0.037080 
1871.177249  	-0.036990 
1872.608907  	-0.036752 
1874.040565  	-0.037060 
1875.472224  	-0.036940 
1876.903882  	-0.036360 
1878.335540  	-0.036261 
1879.767198  	-0.036328 
1881.198856  	-0.036463 
1882.630514  	-0.036437 
1884.062173  	-0.036227 
1885.493831  	-0.036603 
1886.925489  	-0.036806 
1888.357147  	-0.036533 
1889.788805  	-0.036544 
1891.220464  	-0.036455 
1892.652122  	-0.036477 
1894.083780  	-0.036478 
1895.515438  	-0.035882 
1896.947096  	-0.035810 
1898.378754  	-0.036058 
1899.810413  	-0.035983 
1901.242071  	-0.036277 
1902.673729  	-0.036237 
1904.105387  	-0.035819 
1905.537045  	-0.035819 
1906.968704  	-0.035716 
1908.400362  	-0.036045 
1909.832020  	-0.036661 
1911.263678  	-0.036290 
1912.695336  	-0.036101 
1914.126995  	-0.036390 
1915.558653  	-0.036204 
1916.990311  	-0.035846 
1918.421969  	-0.035329 
1919.853627  	-0.035525 
1921.285285  	-0.036728 
1922.716944  	-0.037069 
1924.148602  	-0.036609 
1925.580260  	-0.036912 
1927.011918  	-0.036902 
1928.443576  	-0.036148 
1929.875235  	-0.036353 
1931.306893  	-0.037204 
1932.738551  	-0.036860 
1934.170209  	-0.035962 
1935.601867  	-0.035756 
1937.033525  	-0.035716 
1938.465184  	-0.036107 
1939.896842  	-0.036739 
1941.328500  	-0.036301 
1942.760158  	-0.035928 
1944.191816  	-0.036583 
1945.623475  	-0.036605 
1947.055133  	-0.035728 
1948.486791  	-0.035358 
1949.918449  	-0.036386 
1951.350107  	-0.037111 
1952.781766  	-0.036310 
1954.213424  	-0.036395 
1955.645082  	-0.037094 
1957.076740  	-0.036792 
1958.508398  	-0.037454 
1959.940056  	-0.037698 
1961.371715  	-0.035917 
1962.803373  	-0.035286 
1964.235031  	-0.035846 
1965.666689  	-0.035922 
1967.098347  	-0.036026 
1968.530006  	-0.036479 
1969.961664  	-0.037211 
1971.393322  	-0.036293 
1972.824980  	-0.034647 
1974.256638  	-0.035395 
1975.688297  	-0.035456 
1977.119955  	-0.034288 
1978.551613  	-0.035437 
1979.983271  	-0.036297 
1981.414929  	-0.035678 
1982.846587  	-0.035583 
1984.278246  	-0.035969 
1985.709904  	-0.036644 
1987.141562  	-0.036540 
1988.573220  	-0.035369 
1990.004878  	-0.034603 
1991.436537  	-0.034693 
1992.868195  	-0.035961 
1994.299853  	-0.036952 
1995.731511  	-0.036507 
1997.163169  	-0.036659 
1998.594827  	-0.037205 
2000.026486  	-0.037149 
2001.458144  	-0.036812 
2002.889802  	-0.035326 
2004.321460  	-0.034634 
2005.753118  	-0.035488 
2007.184777  	-0.035218 
2008.616435  	-0.035456 
2010.048093  	-0.037080 
2011.479751  	-0.037211 
2012.911409  	-0.035777 
2014.343068  	-0.033715 
2015.774726  	-0.032957 
2017.206384  	-0.033431 
2018.638042  	-0.033762 
2020.069700  	-0.035662 
2021.501358  	-0.036638 
2022.933017  	-0.033989 
2024.364675  	-0.033380 
2025.796333  	-0.035412 
2027.227991  	-0.035594 
2028.659649  	-0.034747 
2030.091308  	-0.034041 
2031.522966  	-0.034618 
2032.954624  	-0.036158 
2034.386282  	-0.036438 
2035.817940  	-0.036578 
2037.249599  	-0.035962 
2038.681257  	-0.034460 
2040.112915  	-0.034787 
2041.544573  	-0.035189 
2042.976231  	-0.034846 
2044.407889  	-0.035575 
2045.839548  	-0.035623 
2047.271206  	-0.035116 
2048.702864  	-0.035668 
2050.134522  	-0.036191 
2051.566180  	-0.036540 
2052.997839  	-0.036659 
2054.429497  	-0.036405 
2055.861155  	-0.036298 
2057.292813  	-0.035966 
2058.724471  	-0.035932 
2060.156129  	-0.036546 
2061.587788  	-0.036800 
2063.019446  	-0.036722 
2064.451104  	-0.036443 
2065.882762  	-0.036243 
2067.314420  	-0.036592 
2068.746079  	-0.037092 
2070.177737  	-0.038060 
2071.609395  	-0.038708 
2073.041053  	-0.037642 
2074.472711  	-0.036767 
2075.904370  	-0.036858 
2077.336028  	-0.036908 
2078.767686  	-0.037755 
2080.199344  	-0.038572 
2081.631002  	-0.038087 
2083.062660  	-0.037927 
2084.494319  	-0.038252 
2085.925977  	-0.037850 
2087.357635  	-0.037502 
2088.789293  	-0.037844 
2090.220951  	-0.037947 
2091.652610  	-0.037653 
2093.084268  	-0.037632 
2094.515926  	-0.037740 
2095.947584  	-0.037645 
2097.379242  	-0.037353 
2098.810901  	-0.036750 
2100.242559  	-0.036790 
2101.674217  	-0.037934 
2103.105875  	-0.038580 
2104.537533  	-0.038283 
2105.969191  	-0.038089 
2107.400850  	-0.038261 
2108.832508  	-0.038619 
2110.264166  	-0.038399 
2111.695824  	-0.037602 
2113.127482  	-0.037287 
2114.559141  	-0.037206 
2115.990799  	-0.037285 
2117.422457  	-0.038042 
2118.854115  	-0.038517 
2120.285773  	-0.038053 
2121.717431  	-0.037213 
2123.149090  	-0.036950 
2124.580748  	-0.037646 
2126.012406  	-0.037758 
2127.444064  	-0.037076 
2128.875722  	-0.037487 
2130.307381  	-0.037875 
2131.739039  	-0.036841 
2133.170697  	-0.036208 
2134.602355  	-0.036413 
2136.034013  	-0.036436 
2137.465672  	-0.036693 
2138.897330  	-0.036886 
2140.328988  	-0.036773 
2141.760646  	-0.037309 
2143.192304  	-0.037871 
2144.623962  	-0.037284 
2146.055621  	-0.036891 
2147.487279  	-0.037527 
2148.918937  	-0.037177 
2150.350595  	-0.035576 
2151.782253  	-0.035268 
2153.213912  	-0.036592 
2154.645570  	-0.037034 
2156.077228  	-0.036152 
2157.508886  	-0.036621 
2158.940544  	-0.037401 
2160.372202  	-0.035468 
2161.803861  	-0.034785 
2163.235519  	-0.036085 
2164.667177  	-0.035757 
2166.098835  	-0.035855 
2167.530493  	-0.037397 
2168.962152  	-0.037248 
2170.393810  	-0.036714 
2171.825468  	-0.037426 
2173.257126  	-0.037654 
2174.688784  	-0.037236 
2176.120443  	-0.036536 
2177.552101  	-0.035768 
2178.983759  	-0.036019 
2180.415417  	-0.037199 
2181.847075  	-0.037516 
2183.278733  	-0.036071 
2184.710392  	-0.035409 
2186.142050  	-0.036681 
2187.573708  	-0.037004 
2189.005366  	-0.036823 
2190.437024  	-0.037929 
2191.868683  	-0.038151 
2193.300341  	-0.037711 
2194.731999  	-0.038639 
2196.163657  	-0.039847 
2197.595315  	-0.039968 
2199.026974  	-0.038356 
2200.458632  	-0.036847 
2201.890290  	-0.037809 
2203.321948  	-0.038485 
2204.753606  	-0.037221 
2206.185264  	-0.037124 
2207.616923  	-0.038313 
2209.048581  	-0.038541 
2210.480239  	-0.038012 
2211.911897  	-0.037571 
2213.343555  	-0.037372 
2214.775214  	-0.037528 
2216.206872  	-0.038030 
2217.638530  	-0.038255 
2219.070188  	-0.037838 
2220.501846  	-0.037753 
2221.933504  	-0.038311 
2223.365163  	-0.038290 
2224.796821  	-0.037602 
2226.228479  	-0.037617 
2227.660137  	-0.038523 
2229.091795  	-0.038697 
2230.523454  	-0.037553 
2231.955112  	-0.036601 
2233.386770  	-0.036862 
2234.818428  	-0.037891 
2236.250086  	-0.038050 
2237.681745  	-0.036668 
2239.113403  	-0.035743 
2240.545061  	-0.036186 
2241.976719  	-0.036887 
2243.408377  	-0.037704 
2244.840035  	-0.038283 
2246.271694  	-0.038221 
2247.703352  	-0.038293 
2249.135010  	-0.038136 
2250.566668  	-0.037472 
2251.998326  	-0.037267 
2253.429985  	-0.037557 
2254.861643  	-0.038257 
2256.293301  	-0.039119 
2257.724959  	-0.039067 
2259.156617  	-0.038459 
2260.588276  	-0.038253 
2262.019934  	-0.038111 
2263.451592  	-0.037900 
2264.883250  	-0.037977 
2266.314908  	-0.037848 
2267.746566  	-0.037274 
2269.178225  	-0.037595 
2270.609883  	-0.039028 
2272.041541  	-0.039724 
2273.473199  	-0.039322 
2274.904857  	-0.038811 
2276.336516  	-0.038209 
2277.768174  	-0.037686 
2279.199832  	-0.037728 
2280.631490  	-0.038279 
2282.063148  	-0.038678 
2283.494806  	-0.038392 
2284.926465  	-0.038184 
2286.358123  	-0.038298 
2287.789781  	-0.038123 
2289.221439  	-0.038320 
2290.653097  	-0.038814 
2292.084756  	-0.038901 
2293.516414  	-0.039306 
2294.948072  	-0.039488 
2296.379730  	-0.038689 
2297.811388  	-0.038300 
2299.243047  	-0.038449 
2300.674705  	-0.038292 
2302.106363  	-0.038220 
2303.538021  	-0.038399 
2304.969679  	-0.038729 
2306.401337  	-0.038955 
2307.832996  	-0.038824 
2309.264654  	-0.038838 
2310.696312  	-0.038766 
2312.127970  	-0.038353 
2313.559628  	-0.038404 
2314.991287  	-0.038763 
2316.422945  	-0.038992 
2317.854603  	-0.039063 
2319.286261  	-0.038810 
2320.717919  	-0.039014 
2322.149577  	-0.039666 
2323.581236  	-0.039675 
2325.012894  	-0.039568 
2326.444552  	-0.039658 
2327.876210  	-0.039488 
2329.307868  	-0.039410 
2330.739527  	-0.039456 
2332.171185  	-0.039524 
2333.602843  	-0.039793 
2335.034501  	-0.039736 
2336.466159  	-0.039426 
2337.897818  	-0.039516 
2339.329476  	-0.039778 
2340.761134  	-0.039878 
2342.192792  	-0.039892 
2343.624450  	-0.039799 
2345.056108  	-0.039716 
2346.487767  	-0.039881 
2347.919425  	-0.039885 
2349.351083  	-0.039463 
2350.782741  	-0.039253 
2352.214399  	-0.039647 
2353.646058  	-0.040063 
2355.077716  	-0.040471 
2356.509374  	-0.040526 
2357.941032  	-0.039714 
2359.372690  	-0.039813 
2360.804349  	-0.041007 
2362.236007  	-0.041632 
2363.667665  	-0.041730 
2365.099323  	-0.041101 
2366.530981  	-0.040374 
2367.962639  	-0.040822 
2369.394298  	-0.041301 
2370.825956  	-0.040868 
2372.257614  	-0.040225 
2373.689272  	-0.039786 
2375.120930  	-0.039555 
2376.552589  	-0.039599 
2377.984247  	-0.039820 
2379.415905  	-0.039587 
2380.847563  	-0.038969 
2382.279221  	-0.038966 
2383.710879  	-0.039145 
2385.142538  	-0.038782 
2386.574196  	-0.038666 
2388.005854  	-0.038891 
2389.437512  	-0.038934 
2390.869170  	-0.038974 
2392.300829  	-0.038924 
2393.732487  	-0.038960 
2395.164145  	-0.039246 
2396.595803  	-0.039251 
2398.027461  	-0.039204 
2399.459120  	-0.039328 
2400.890778  	-0.039348 
2402.322436  	-0.039469 
2403.754094  	-0.039457 
2405.185752  	-0.039213 
2406.617410  	-0.039203 
2408.049069  	-0.039290 
2409.480727  	-0.039479 
2410.912385  	-0.039580 
2412.344043  	-0.039213 
2413.775701  	-0.039142 
2415.207360  	-0.039434 
2416.639018  	-0.039408 
2418.070676  	-0.039362 
2419.502334  	-0.039316 
2420.933992  	-0.039251 
2422.365651  	-0.039402 
2423.797309  	-0.039312 
2425.228967  	-0.039202 
2426.660625  	-0.039409 
2428.092283  	-0.039220 
2429.523941  	-0.038834 
2430.955600  	-0.039010 
2432.387258  	-0.039443 
2433.818916  	-0.039707 
2435.250574  	-0.039763 
2436.682232  	-0.039584 
2438.113891  	-0.039309 
2439.545549  	-0.039329 
2440.977207  	-0.039577 
2442.408865  	-0.039536 
2443.840523  	-0.039431 
2445.272181  	-0.039617 
2446.703840  	-0.039691 
2448.135498  	-0.039556 
2449.567156  	-0.039525 
2450.998814  	-0.039772 
2452.430472  	-0.040171 
2453.862131  	-0.040323 
2455.293789  	-0.040314 
2456.725447  	-0.040152 
2458.157105  	-0.039611 
2459.588763  	-0.039288 
2461.020422  	-0.039319 
2462.452080  	-0.039409 
2463.883738  	-0.039807 
2465.315396  	-0.039943 
2466.747054  	-0.039484 
2468.178712  	-0.039165 
2469.610371  	-0.039068 
2471.042029  	-0.039310 
2472.473687  	-0.039777 
2473.905345  	-0.039727 
2475.337003  	-0.039629 
2476.768662  	-0.039682 
2478.200320  	-0.039290 
2479.631978  	-0.038999 
2481.063636  	-0.039160 
2482.495294  	-0.039589 
2483.926953  	-0.040013 
2485.358611  	-0.039701 
2486.790269  	-0.039242 
2488.221927  	-0.039277 
2489.653585  	-0.039084 
2491.085243  	-0.039148 
2492.516902  	-0.039791 
2493.948560  	-0.039940 
2495.380218  	-0.039900 
2496.811876  	-0.040088 
2498.243534  	-0.039815 
2499.675193  	-0.039397 
2501.106851  	-0.039536 
2502.538509  	-0.039941 
2503.970167  	-0.040015 
2505.401825  	-0.039819 
2506.833483  	-0.039819 
2508.265142  	-0.039698 
2509.696800  	-0.039214 
2511.128458  	-0.039087 
2512.560116  	-0.039289 
2513.991774  	-0.039217 
2515.423433  	-0.039285 
2516.855091  	-0.039730 
2518.286749  	-0.039847 
2519.718407  	-0.039528 
2521.150065  	-0.039316 
2522.581724  	-0.039251 
2524.013382  	-0.039304 
2525.445040  	-0.039504 
2526.876698  	-0.039494 
2528.308356  	-0.039406 
2529.740014  	-0.039429 
2531.171673  	-0.039184 
2532.603331  	-0.039065 
2534.034989  	-0.039308 
2535.466647  	-0.039261 
2536.898305  	-0.039330 
2538.329964  	-0.039800 
2539.761622  	-0.039825 
2541.193280  	-0.039634 
2542.624938  	-0.039677 
2544.056596  	-0.039515 
2545.488254  	-0.039366 
2546.919913  	-0.039474 
2548.351571  	-0.039441 
2549.783229  	-0.039451 
2551.214887  	-0.039643 
2552.646545  	-0.039468 
2554.078204  	-0.039112 
2555.509862  	-0.039197 
2556.941520  	-0.039302 
2558.373178  	-0.039179 
2559.804836  	-0.039320 
2561.236495  	-0.039359 
2562.668153  	-0.039029 
2564.099811  	-0.038978 
2565.531469  	-0.039106 
2566.963127  	-0.039055 
2568.394785  	-0.038952 
2569.826444  	-0.038786 
2571.258102  	-0.038759 
2572.689760  	-0.038845 
2574.121418  	-0.038785 
2575.553076  	-0.038862 
2576.984735  	-0.038977 
2578.416393  	-0.038963 
2579.848051  	-0.039075 
2581.279709  	-0.038944 
2582.711367  	-0.038569 
2584.143026  	-0.038508 
2585.574684  	-0.038568 
2587.006342  	-0.038606 
2588.438000  	-0.038603 
2589.869658  	-0.038335 
2591.301316  	-0.038152 
2592.732975  	-0.038200 
2594.164633  	-0.038239 
2595.596291  	-0.038434 
2597.027949  	-0.038664 
2598.459607  	-0.038457 
2599.891266  	-0.038027 
2601.322924  	-0.038113 
2602.754582  	-0.038535 
2604.186240  	-0.038443 
2605.617898  	-0.038210 
2607.049556  	-0.038283 
2608.481215  	-0.038024 
2609.912873  	-0.037635 
2611.344531  	-0.037566 
2612.776189  	-0.037533 
2614.207847  	-0.037631 
2615.639506  	-0.037594 
2617.071164  	-0.037284 
2618.502822  	-0.037356 
2619.934480  	-0.037348 
2621.366138  	-0.037001 
2622.797797  	-0.037093 
2624.229455  	-0.037115 
2625.661113  	-0.036758 
2627.092771  	-0.036781 
2628.524429  	-0.036874 
2629.956087  	-0.036732 
2631.387746  	-0.036754 
2632.819404  	-0.036803 
2634.251062  	-0.036819 
2635.682720  	-0.036870 
2637.114378  	-0.036798 
2638.546037  	-0.036729 
2639.977695  	-0.036682 
2641.409353  	-0.036564 
2642.841011  	-0.036514 
2644.272669  	-0.036452 
2645.704328  	-0.036356 
2647.135986  	-0.036451 
2648.567644  	-0.036575 
2649.999302  	-0.036487 
2651.430960  	-0.036397 
2652.862618  	-0.036441 
2654.294277  	-0.036423 
2655.725935  	-0.036291 
2657.157593  	-0.036159 
2658.589251  	-0.036040 
2660.020909  	-0.035976 
2661.452568  	-0.035986 
2662.884226  	-0.035963 
2664.315884  	-0.035914 
2665.747542  	-0.035887 
2667.179200  	-0.035881 
2668.610858  	-0.035945 
2670.042517  	-0.036035 
2671.474175  	-0.036041 
2672.905833  	-0.035946 
2674.337491  	-0.035836 
2675.769149  	-0.035899 
2677.200808  	-0.036081 
2678.632466  	-0.036119 
2680.064124  	-0.036116 
2681.495782  	-0.036270 
2682.927440  	-0.036460 
2684.359099  	-0.036544 
2685.790757  	-0.036511 
2687.222415  	-0.036489 
2688.654073  	-0.036625 
2690.085731  	-0.036765 
2691.517389  	-0.036743 
2692.949048  	-0.036702 
2694.380706  	-0.036738 
2695.812364  	-0.036736 
2697.244022  	-0.036673 
2698.675680  	-0.036652 
2700.107339  	-0.036672 
2701.538997  	-0.036705 
2702.970655  	-0.036730 
2704.402313  	-0.036639 
2705.833971  	-0.036505 
2707.265630  	-0.036521 
2708.697288  	-0.036603 
2710.128946  	-0.036694 
2711.560604  	-0.036828 
2712.992262  	-0.036820 
2714.423920  	-0.036665 
2715.855579  	-0.036569 
2717.287237  	-0.036471 
2718.718895  	-0.036303 
2720.150553  	-0.036125 
2721.582211  	-0.035945 
2723.013870  	-0.035917 
2724.445528  	-0.036108 
2725.877186  	-0.036214 
2727.308844  	-0.036086 
2728.740502  	-0.035897 
2730.172160  	-0.035699 
2731.603819  	-0.035455 
2733.035477  	-0.035319 
2734.467135  	-0.035467 
2735.898793  	-0.035703 
2737.330451  	-0.035677 
2738.762110  	-0.035553 
2740.193768  	-0.035569 
2741.625426  	-0.035464 
2743.057084  	-0.035301 
2744.488742  	-0.035397 
2745.920401  	-0.035473 
2747.352059  	-0.035397 
2748.783717  	-0.035398 
2750.215375  	-0.035369 
2751.647033  	-0.035338 
2753.078691  	-0.035410 
2754.510350  	-0.035405 
2755.942008  	-0.035323 
2757.373666  	-0.035095 
2758.805324  	-0.034720 
2760.236982  	-0.034604 
2761.668641  	-0.034637 
2763.100299  	-0.034537 
2764.531957  	-0.034499 
2765.963615  	-0.034383 
2767.395273  	-0.034077 
2768.826931  	-0.033926 
2770.258590  	-0.033808 
2771.690248  	-0.033404 
2773.121906  	-0.032946 
2774.553564  	-0.032776 
2775.985222  	-0.032752 
2777.416881  	-0.032509 
2778.848539  	-0.032155 
2780.280197  	-0.031867 
2781.711855  	-0.031441 
2783.143513  	-0.030934 
2784.575172  	-0.030507 
2786.006830  	-0.030036 
2787.438488  	-0.029577 
2788.870146  	-0.029241 
2790.301804  	-0.028920 
2791.733462  	-0.028425 
2793.165121  	-0.027686 
2794.596779  	-0.026943 
2796.028437  	-0.026279 
2797.460095  	-0.025539 
2798.891753  	-0.024827 
2800.323412  	-0.024168 
2801.755070  	-0.023475 
2803.186728  	-0.022761 
2804.618386  	-0.021865 
2806.050044  	-0.020756 
2807.481703  	-0.019654 
2808.913361  	-0.018618 
2810.345019  	-0.017530 
2811.776677  	-0.016235 
2813.208335  	-0.014833 
2814.639993  	-0.013389 
2816.071652  	-0.011640 
2817.503310  	-0.009762 
2818.934968  	-0.008050 
2820.366626  	-0.006151 
2821.798284  	-0.003708 
2823.229943  	-0.000784 
2824.661601  	0.002333 
2826.093259  	0.005746 
2827.524917  	0.009871 
2828.956575  	0.014427 
2830.388233  	0.019419 
2831.819892  	0.025746 
2833.251550  	0.033674 
2834.683208  	0.043320 
2836.114866  	0.055192 
2837.546524  	0.069761 
2838.978183  	0.088195 
2840.409841  	0.111706 
2841.841499  	0.140608 
2843.273157  	0.173793 
2844.704815  	0.208427 
2846.136474  	0.241209 
2847.568132  	0.265016 
2848.999790  	0.269959 
2850.431448  	0.253346 
2851.863106  	0.221618 
2853.294764  	0.184721 
2854.726423  	0.149236 
2856.158081  	0.118244 
2857.589739  	0.093123 
2859.021397  	0.073251 
2860.453055  	0.057554 
2861.884714  	0.045435 
2863.316372  	0.036495 
2864.748030  	0.030216 
2866.179688  	0.026010 
2867.611346  	0.023581 
2869.043005  	0.022510 
2870.474663  	0.022139 
2871.906321  	0.022215 
2873.337979  	0.022876 
2874.769637  	0.024371 
2876.201295  	0.026968 
2877.632954  	0.030645 
2879.064612  	0.035142 
2880.496270  	0.040276 
2881.927928  	0.045773 
2883.359586  	0.051666 
2884.791245  	0.058367 
2886.222903  	0.065380 
2887.654561  	0.072159 
2889.086219  	0.079285 
2890.517877  	0.086838 
2891.949535  	0.094379 
2893.381194  	0.101849 
2894.812852  	0.108963 
2896.244510  	0.115559 
2897.676168  	0.122012 
2899.107826  	0.129051 
2900.539485  	0.136874 
2901.971143  	0.145035 
2903.402801  	0.154299 
2904.834459  	0.165588 
2906.266117  	0.178848 
2907.697776  	0.194815 
2909.129434  	0.213940 
2910.561092  	0.236218 
2911.992750  	0.261554 
2913.424408  	0.286304 
2914.856066  	0.304691 
2916.287725  	0.311157 
2917.719383  	0.302693 
2919.151041  	0.283698 
2920.582699  	0.259139 
2922.014357  	0.231913 
2923.446016  	0.205488 
2924.877674  	0.180709 
2926.309332  	0.157562 
2927.740990  	0.136712 
2929.172648  	0.117835 
2930.604306  	0.100711 
2932.035965  	0.085397 
2933.467623  	0.071595 
2934.899281  	0.059197 
2936.330939  	0.048117 
2937.762597  	0.038067 
2939.194256  	0.029032 
2940.625914  	0.021104 
2942.057572  	0.014046 
2943.489230  	0.007948 
2944.920888  	0.002971 
2946.352547  	-0.001353 
2947.784205  	-0.004788 
2949.215863  	-0.006857 
2950.647521  	-0.008365 
2952.079179  	-0.009741 
2953.510837  	-0.010702 
2954.942496  	-0.011655 
2956.374154  	-0.012864 
2957.805812  	-0.014227 
2959.237470  	-0.015874 
2960.669128  	-0.017558 
2962.100787  	-0.019143 
2963.532445  	-0.020906 
2964.964103  	-0.022594 
2966.395761  	-0.024125 
2967.827419  	-0.025784 
2969.259078  	-0.027119 
2970.690736  	-0.028050 
2972.122394  	-0.029288 
2973.554052  	-0.030507 
2974.985710  	-0.031228 
2976.417368  	-0.032040 
2977.849027  	-0.032890 
2979.280685  	-0.033331 
2980.712343  	-0.033692 
2982.144001  	-0.034112 
2983.575659  	-0.034587 
2985.007318  	-0.035103 
2986.438976  	-0.035355 
2987.870634  	-0.035628 
2989.302292  	-0.036033 
2990.733950  	-0.036150 
2992.165608  	-0.036341 
2993.597267  	-0.036708 
2995.028925  	-0.036780 
2996.460583  	-0.036833 
2997.892241  	-0.037068 
2999.323899  	-0.037316 
3000.755558  	-0.037523 
3002.187216  	-0.037542 
3003.618874  	-0.037637 
3005.050532  	-0.037992 
3006.482190  	-0.038270 
3007.913849  	-0.038432 
3009.345507  	-0.038434 
3010.777165  	-0.038337 
3012.208823  	-0.038478 
3013.640481  	-0.038562 
3015.072139  	-0.038512 
3016.503798  	-0.038725 
3017.935456  	-0.038963 
3019.367114  	-0.038990 
3020.798772  	-0.038860 
3022.230430  	-0.038652 
3023.662089  	-0.038702 
3025.093747  	-0.038999 
3026.525405  	-0.039216 
3027.957063  	-0.039274 
3029.388721  	-0.039290 
3030.820380  	-0.039552 
3032.252038  	-0.039798 
3033.683696  	-0.039562 
3035.115354  	-0.039368 
3036.547012  	-0.039533 
3037.978670  	-0.039583 
3039.410329  	-0.039507 
3040.841987  	-0.039601 
3042.273645  	-0.039872 
3043.705303  	-0.040096 
3045.136961  	-0.040156 
3046.568620  	-0.040215 
3048.000278  	-0.040171 
3049.431936  	-0.040003 
3050.863594  	-0.040085 
3052.295252  	-0.040300 
3053.726910  	-0.040355 
3055.158569  	-0.040306 
3056.590227  	-0.040236 
3058.021885  	-0.040334 
3059.453543  	-0.040546 
3060.885201  	-0.040584 
3062.316860  	-0.040519 
3063.748518  	-0.040507 
3065.180176  	-0.040635 
3066.611834  	-0.040812 
3068.043492  	-0.040759 
3069.475151  	-0.040676 
3070.906809  	-0.040777 
3072.338467  	-0.040847 
3073.770125  	-0.040849 
3075.201783  	-0.040791 
3076.633441  	-0.040817 
3078.065100  	-0.041122 
3079.496758  	-0.041241 
3080.928416  	-0.041007 
3082.360074  	-0.041057 
3083.791732  	-0.041447 
3085.223391  	-0.041588 
3086.655049  	-0.041445 
3088.086707  	-0.041486 
3089.518365  	-0.041673 
3090.950023  	-0.041653 
3092.381682  	-0.041677 
3093.813340  	-0.041960 
3095.244998  	-0.042195 
3096.676656  	-0.042229 
3098.108314  	-0.042070 
3099.539972  	-0.041861 
3100.971631  	-0.041766 
3102.403289  	-0.041680 
3103.834947  	-0.041690 
3105.266605  	-0.041769 
3106.698263  	-0.041704 
3108.129922  	-0.041742 
3109.561580  	-0.041903 
3110.993238  	-0.042058 
3112.424896  	-0.042412 
3113.856554  	-0.042548 
3115.288212  	-0.042269 
3116.719871  	-0.042294 
3118.151529  	-0.042522 
3119.583187  	-0.042394 
3121.014845  	-0.042242 
3122.446503  	-0.042380 
3123.878162  	-0.042472 
3125.309820  	-0.042344 
3126.741478  	-0.042362 
3128.173136  	-0.042494 
3129.604794  	-0.042311 
3131.036453  	-0.042221 
3132.468111  	-0.042592 
3133.899769  	-0.042801 
3135.331427  	-0.042593 
3136.763085  	-0.042429 
3138.194743  	-0.042575 
3139.626402  	-0.042755 
3141.058060  	-0.042563 
3142.489718  	-0.042338 
3143.921376  	-0.042465 
3145.353034  	-0.042564 
3146.784693  	-0.042549 
3148.216351  	-0.042650 
3149.648009  	-0.042738 
3151.079667  	-0.042748 
3152.511325  	-0.042698 
3153.942983  	-0.042695 
3155.374642  	-0.042878 
3156.806300  	-0.042931 
3158.237958  	-0.042717 
3159.669616  	-0.042692 
3161.101274  	-0.042903 
3162.532933  	-0.042937 
3163.964591  	-0.042833 
3165.396249  	-0.042831 
3166.827907  	-0.042770 
3168.259565  	-0.042699 
3169.691224  	-0.042832 
3171.122882  	-0.042910 
3172.554540  	-0.042979 
3173.986198  	-0.043222 
3175.417856  	-0.043153 
3176.849514  	-0.042896 
3178.281173  	-0.043063 
3179.712831  	-0.043277 
3181.144489  	-0.043138 
3182.576147  	-0.043003 
3184.007805  	-0.043175 
3185.439464  	-0.043384 
3186.871122  	-0.043235 
3188.302780  	-0.043099 
3189.734438  	-0.043311 
3191.166096  	-0.043455 
3192.597755  	-0.043434 
3194.029413  	-0.043265 
3195.461071  	-0.042924 
3196.892729  	-0.042828 
3198.324387  	-0.042905 
3199.756045  	-0.042963 
3201.187704  	-0.043058 
3202.619362  	-0.042936 
3204.051020  	-0.042981 
3205.482678  	-0.043328 
3206.914336  	-0.043175 
3208.345995  	-0.042976 
3209.777653  	-0.043292 
3211.209311  	-0.043383 
3212.640969  	-0.043199 
3214.072627  	-0.043090 
3215.504285  	-0.043025 
3216.935944  	-0.043085 
3218.367602  	-0.043062 
3219.799260  	-0.043094 
3221.230918  	-0.043443 
3222.662576  	-0.043571 
3224.094235  	-0.043420 
3225.525893  	-0.043330 
3226.957551  	-0.043167 
3228.389209  	-0.043089 
3229.820867  	-0.043328 
3231.252526  	-0.043608 
3232.684184  	-0.043513 
3234.115842  	-0.043104 
3235.547500  	-0.043019 
3236.979158  	-0.043198 
3238.410816  	-0.043092 
3239.842475  	-0.043002 
3241.274133  	-0.043133 
3242.705791  	-0.043231 
3244.137449  	-0.043272 
3245.569107  	-0.043070 
3247.000766  	-0.042776 
3248.432424  	-0.042911 
3249.864082  	-0.043277 
3251.295740  	-0.043345 
3252.727398  	-0.043062 
3254.159057  	-0.042909 
3255.590715  	-0.043191 
3257.022373  	-0.043416 
3258.454031  	-0.043376 
3259.885689  	-0.043363 
3261.317347  	-0.043229 
3262.749006  	-0.043012 
3264.180664  	-0.043097 
3265.612322  	-0.043361 
3267.043980  	-0.043444 
3268.475638  	-0.043302 
3269.907297  	-0.043227 
3271.338955  	-0.043278 
3272.770613  	-0.043090 
3274.202271  	-0.042885 
3275.633929  	-0.043295 
3277.065587  	-0.043904 
3278.497246  	-0.043724 
3279.928904  	-0.042947 
3281.360562  	-0.042693 
3282.792220  	-0.043054 
3284.223878  	-0.043236 
3285.655537  	-0.043220 
3287.087195  	-0.043190 
3288.518853  	-0.042975 
3289.950511  	-0.042935 
3291.382169  	-0.043334 
3292.813828  	-0.043568 
3294.245486  	-0.043300 
3295.677144  	-0.043074 
3297.108802  	-0.043256 
3298.540460  	-0.043454 
3299.972118  	-0.043434 
3301.403777  	-0.043382 
3302.835435  	-0.043245 
3304.267093  	-0.043066 
3305.698751  	-0.043080 
3307.130409  	-0.043300 
3308.562068  	-0.043543 
3309.993726  	-0.043359 
3311.425384  	-0.043007 
3312.857042  	-0.043334 
3314.288700  	-0.043728 
3315.720359  	-0.043514 
3317.152017  	-0.043470 
3318.583675  	-0.043510 
3320.015333  	-0.043160 
3321.446991  	-0.043089 
3322.878649  	-0.043331 
3324.310308  	-0.043431 
3325.741966  	-0.043558 
3327.173624  	-0.043521 
3328.605282  	-0.043209 
3330.036940  	-0.043155 
3331.468599  	-0.043401 
3332.900257  	-0.043535 
3334.331915  	-0.043476 
3335.763573  	-0.043360 
3337.195231  	-0.043269 
3338.626889  	-0.043324 
3340.058548  	-0.043564 
3341.490206  	-0.043637 
3342.921864  	-0.043318 
3344.353522  	-0.043042 
3345.785180  	-0.043178 
3347.216839  	-0.043488 
3348.648497  	-0.043587 
3350.080155  	-0.043491 
3351.511813  	-0.043531 
3352.943471  	-0.043655 
3354.375130  	-0.043564 
3355.806788  	-0.043413 
3357.238446  	-0.043380 
3358.670104  	-0.043353 
3360.101762  	-0.043400 
3361.533420  	-0.043502 
3362.965079  	-0.043325 
3364.396737  	-0.042996 
3365.828395  	-0.043074 
3367.260053  	-0.043387 
3368.691711  	-0.043353 
3370.123370  	-0.043274 
3371.555028  	-0.043434 
3372.986686  	-0.043311 
3374.418344  	-0.043087 
3375.850002  	-0.043329 
3377.281660  	-0.043482 
3378.713319  	-0.043254 
3380.144977  	-0.043314 
3381.576635  	-0.043598 
3383.008293  	-0.043620 
3384.439951  	-0.043548 
3385.871610  	-0.043524 
3387.303268  	-0.043545 
3388.734926  	-0.043666 
3390.166584  	-0.043610 
3391.598242  	-0.043304 
3393.029901  	-0.043235 
3394.461559  	-0.043544 
3395.893217  	-0.043705 
3397.324875  	-0.043509 
3398.756533  	-0.043466 
3400.188191  	-0.043619 
3401.619850  	-0.043404 
3403.051508  	-0.043165 
3404.483166  	-0.043359 
3405.914824  	-0.043435 
3407.346482  	-0.043322 
3408.778141  	-0.043322 
3410.209799  	-0.043317 
3411.641457  	-0.043523 
3413.073115  	-0.043742 
3414.504773  	-0.043533 
3415.936432  	-0.043417 
3417.368090  	-0.043435 
3418.799748  	-0.043331 
3420.231406  	-0.043631 
3421.663064  	-0.043910 
3423.094722  	-0.043453 
3424.526381  	-0.042997 
3425.958039  	-0.043152 
3427.389697  	-0.043597 
3428.821355  	-0.043668 
3430.253013  	-0.043275 
3431.684672  	-0.043218 
3433.116330  	-0.043544 
3434.547988  	-0.043655 
3435.979646  	-0.043630 
3437.411304  	-0.043563 
3438.842962  	-0.043656 
3440.274621  	-0.044039 
3441.706279  	-0.044115 
3443.137937  	-0.043859 
3444.569595  	-0.043643 
3446.001253  	-0.043405 
3447.432912  	-0.043453 
3448.864570  	-0.043649 
3450.296228  	-0.043490 
3451.727886  	-0.043502 
3453.159544  	-0.043753 
3454.591203  	-0.043667 
3456.022861  	-0.043554 
3457.454519  	-0.043605 
3458.886177  	-0.043480 
3460.317835  	-0.043428 
3461.749493  	-0.043681 
3463.181152  	-0.043805 
3464.612810  	-0.043687 
3466.044468  	-0.043783 
3467.476126  	-0.044072 
3468.907784  	-0.044031 
3470.339443  	-0.043555 
3471.771101  	-0.043111 
3473.202759  	-0.043154 
3474.634417  	-0.043445 
3476.066075  	-0.043476 
3477.497734  	-0.043442 
3478.929392  	-0.043640 
3480.361050  	-0.043851 
3481.792708  	-0.043844 
3483.224366  	-0.043765 
3484.656024  	-0.044073 
3486.087683  	-0.044519 
3487.519341  	-0.044375 
3488.950999  	-0.043972 
3490.382657  	-0.043754 
3491.814315  	-0.043558 
3493.245974  	-0.043664 
3494.677632  	-0.043905 
3496.109290  	-0.043868 
3497.540948  	-0.043858 
3498.972606  	-0.043877 
3500.404264  	-0.043929 
3501.835923  	-0.044051 
3503.267581  	-0.043801 
3504.699239  	-0.043617 
3506.130897  	-0.043772 
3507.562555  	-0.043584 
3508.994214  	-0.043411 
3510.425872  	-0.043668 
3511.857530  	-0.043880 
3513.289188  	-0.044006 
3514.720846  	-0.043916 
3516.152505  	-0.043508 
3517.584163  	-0.043359 
3519.015821  	-0.043625 
3520.447479  	-0.043804 
3521.879137  	-0.043670 
3523.310795  	-0.043645 
3524.742454  	-0.043805 
3526.174112  	-0.043669 
3527.605770  	-0.043685 
3529.037428  	-0.044054 
3530.469086  	-0.043925 
3531.900745  	-0.043572 
3533.332403  	-0.043429 
3534.764061  	-0.043125 
3536.195719  	-0.042960 
3537.627377  	-0.043232 
3539.059035  	-0.043526 
3540.490694  	-0.043534 
3541.922352  	-0.043390 
3543.354010  	-0.043609 
3544.785668  	-0.043818 
3546.217326  	-0.043542 
3547.648985  	-0.043690 
3549.080643  	-0.044068 
3550.512301  	-0.044007 
3551.943959  	-0.044158 
3553.375617  	-0.044405 
3554.807276  	-0.044222 
3556.238934  	-0.043924 
3557.670592  	-0.043701 
3559.102250  	-0.043843 
3560.533908  	-0.044147 
3561.965566  	-0.044147 
3563.397225  	-0.044108 
3564.828883  	-0.043868 
3566.260541  	-0.043516 
3567.692199  	-0.043818 
3569.123857  	-0.044062 
3570.555516  	-0.043788 
3571.987174  	-0.043679 
3573.418832  	-0.043879 
3574.850490  	-0.044078 
3576.282148  	-0.043859 
3577.713807  	-0.043731 
3579.145465  	-0.044140 
3580.577123  	-0.044158 
3582.008781  	-0.043932 
3583.440439  	-0.044061 
3584.872097  	-0.043865 
3586.303756  	-0.043720 
3587.735414  	-0.044225 
3589.167072  	-0.044308 
3590.598730  	-0.043948 
3592.030388  	-0.043800 
3593.462047  	-0.043954 
3594.893705  	-0.044360 
3596.325363  	-0.044384 
3597.757021  	-0.043824 
3599.188679  	-0.043205 
3600.620337  	-0.043171 
3602.051996  	-0.043812 
3603.483654  	-0.043945 
3604.915312  	-0.043368 
3606.346970  	-0.043130 
3607.778628  	-0.043683 
3609.210287  	-0.044479 
3610.641945  	-0.044092 
3612.073603  	-0.043242 
3613.505261  	-0.043762 
3614.936919  	-0.044430 
3616.368578  	-0.043918 
3617.800236  	-0.043682 
3619.231894  	-0.043994 
3620.663552  	-0.044153 
3622.095210  	-0.043964 
3623.526868  	-0.043647 
3624.958527  	-0.043892 
3626.390185  	-0.044036 
3627.821843  	-0.043768 
3629.253501  	-0.045093 
3630.685159  	-0.045720 
3632.116818  	-0.044281 
3633.548476  	-0.043839 
3634.980134  	-0.044254 
3636.411792  	-0.044002 
3637.843450  	-0.043518 
3639.275109  	-0.043245 
3640.706767  	-0.043379 
3642.138425  	-0.043871 
3643.570083  	-0.043883 
3645.001741  	-0.043323 
3646.433399  	-0.043296 
3647.865058  	-0.044210 
3649.296716  	-0.044571 
3650.728374  	-0.044841 
3652.160032  	-0.045588 
3653.591690  	-0.044612 
3655.023349  	-0.043479 
3656.455007  	-0.044558 
3657.886665  	-0.045341 
3659.318323  	-0.044175 
3660.749981  	-0.043480 
3662.181639  	-0.043608 
3663.613298  	-0.043979 
3665.044956  	-0.043982 
3666.476614  	-0.043391 
3667.908272  	-0.043356 
3669.339930  	-0.044357 
3670.771589  	-0.046001 
3672.203247  	-0.045843 
3673.634905  	-0.043928 
3675.066563  	-0.043702 
3676.498221  	-0.046415 
3677.929880  	-0.045115 
3679.361538  	-0.043459 
3680.793196  	-0.043802 
3682.224854  	-0.043849 
3683.656512  	-0.043710 
3685.088170  	-0.044002 
3686.519829  	-0.043761 
3687.951487  	-0.044263 
3689.383145  	-0.045731 
3690.814803  	-0.045460 
3692.246461  	-0.044572 
3693.678120  	-0.043883 
3695.109778  	-0.043395 
3696.541436  	-0.043663 
3697.973094  	-0.044174 
3699.404752  	-0.043938 
3700.836411  	-0.043504 
3702.268069  	-0.043821 
3703.699727  	-0.044299 
3705.131385  	-0.044197 
3706.563043  	-0.044176 
3707.994701  	-0.044351 
3709.426360  	-0.044315 
3710.858018  	-0.044620 
3712.289676  	-0.045470 
3713.721334  	-0.045562 
3715.152992  	-0.044764 
3716.584651  	-0.044098 
3718.016309  	-0.043959 
3719.447967  	-0.043915 
3720.879625  	-0.043871 
3722.311283  	-0.044154 
3723.742941  	-0.044154 
3725.174600  	-0.044002 
3726.606258  	-0.044639 
3728.037916  	-0.045105 
3729.469574  	-0.044363 
3730.901232  	-0.043811 
3732.332891  	-0.044549 
3733.764549  	-0.044952 
3735.196207  	-0.044628 
3736.627865  	-0.045864 
3738.059523  	-0.046426 
3739.491182  	-0.045585 
3740.922840  	-0.045218 
3742.354498  	-0.044485 
3743.786156  	-0.044228 
3745.217814  	-0.047562 
3746.649472  	-0.047057 
3748.081131  	-0.044798 
3749.512789  	-0.045391 
3750.944447  	-0.046664 
3752.376105  	-0.046130 
3753.807763  	-0.045928 
3755.239422  	-0.044868 
3756.671080  	-0.043903 
3758.102738  	-0.044231 
3759.534396  	-0.044624 
3760.966054  	-0.044934 
3762.397712  	-0.044710 
3763.829371  	-0.043863 
3765.261029  	-0.044195 
3766.692687  	-0.045085 
3768.124345  	-0.044663 
3769.556003  	-0.044466 
3770.987662  	-0.044781 
3772.419320  	-0.044313 
3773.850978  	-0.043709 
3775.282636  	-0.043672 
3776.714294  	-0.043758 
3778.145953  	-0.043664 
3779.577611  	-0.044248 
3781.009269  	-0.045018 
3782.440927  	-0.044656 
3783.872585  	-0.044350 
3785.304243  	-0.044386 
3786.735902  	-0.044102 
3788.167560  	-0.044216 
3789.599218  	-0.044390 
3791.030876  	-0.044204 
3792.462534  	-0.044451 
3793.894193  	-0.044292 
3795.325851  	-0.043639 
3796.757509  	-0.044303 
3798.189167  	-0.045098 
3799.620825  	-0.044423 
3801.052484  	-0.044697 
3802.484142  	-0.046941 
3803.915800  	-0.046090 
3805.347458  	-0.043867 
3806.779116  	-0.043948 
3808.210774  	-0.045501 
3809.642433  	-0.044538 
3811.074091  	-0.043837 
3812.505749  	-0.044222 
3813.937407  	-0.043725 
3815.369065  	-0.043834 
3816.800724  	-0.045870 
3818.232382  	-0.045188 
3819.664040  	-0.043349 
3821.095698  	-0.044104 
3822.527356  	-0.046284 
3823.959014  	-0.045248 
3825.390673  	-0.044113 
3826.822331  	-0.044590 
3828.253989  	-0.044741 
3829.685647  	-0.043940 
3831.117305  	-0.043961 
3832.548964  	-0.044499 
3833.980622  	-0.044368 
3835.412280  	-0.044340 
3836.843938  	-0.044918 
3838.275596  	-0.045600 
3839.707255  	-0.045705 
3841.138913  	-0.045323 
3842.570571  	-0.044797 
3844.002229  	-0.044384 
3845.433887  	-0.044394 
3846.865545  	-0.044282 
3848.297204  	-0.044006 
3849.728862  	-0.044089 
3851.160520  	-0.043928 
3852.592178  	-0.044348 
3854.023836  	-0.047763 
3855.455495  	-0.047905 
3856.887153  	-0.045734 
3858.318811  	-0.044810 
3859.750469  	-0.044187 
3861.182127  	-0.043900 
3862.613786  	-0.044271 
3864.045444  	-0.044248 
3865.477102  	-0.044876 
3866.908760  	-0.045279 
3868.340418  	-0.044148 
3869.772076  	-0.044446 
3871.203735  	-0.045970 
3872.635393  	-0.044651 
3874.067051  	-0.043939 
3875.498709  	-0.045194 
3876.930367  	-0.045016 
3878.362026  	-0.043939 
3879.793684  	-0.043925 
3881.225342  	-0.044792 
3882.657000  	-0.044755 
3884.088658  	-0.044243 
3885.520316  	-0.045134 
3886.951975  	-0.046604 
3888.383633  	-0.045575 
3889.815291  	-0.044163 
3891.246949  	-0.044175 
3892.678607  	-0.044743 
3894.110266  	-0.044477 
3895.541924  	-0.044182 
3896.973582  	-0.044164 
3898.405240  	-0.044169 
3899.836898  	-0.044442 
3901.268557  	-0.044833 
3902.700215  	-0.044937 
3904.131873  	-0.045361 
3905.563531  	-0.045687 
3906.995189  	-0.045043 
3908.426847  	-0.044449 
3909.858506  	-0.044367 
3911.290164  	-0.044334 
3912.721822  	-0.044349 
3914.153480  	-0.044211 
3915.585138  	-0.043920 
3917.016797  	-0.044262 
3918.448455  	-0.044941 
3919.880113  	-0.045080 
3921.311771  	-0.044737 
3922.743429  	-0.044188 
3924.175088  	-0.044278 
3925.606746  	-0.045011 
3927.038404  	-0.044805 
3928.470062  	-0.044162 
3929.901720  	-0.044415 
3931.333378  	-0.045045 
3932.765037  	-0.045335 
3934.196695  	-0.045148 
3935.628353  	-0.044599 
3937.060011  	-0.044459 
3938.491669  	-0.044702 
3939.923328  	-0.044609 
3941.354986  	-0.044545 
3942.786644  	-0.044766 
3944.218302  	-0.044745 
3945.649960  	-0.044555 
3947.081618  	-0.044540 
3948.513277  	-0.044838 
3949.944935  	-0.045269 
3951.376593  	-0.045390 
3952.808251  	-0.045377 
3954.239909  	-0.045253 
3955.671568  	-0.044707 
3957.103226  	-0.044412 
3958.534884  	-0.044721 
3959.966542  	-0.044886 
3961.398200  	-0.044926 
3962.829859  	-0.045108 
3964.261517  	-0.045086 
3965.693175  	-0.044974 
3967.124833  	-0.044980 
3968.556491  	-0.044965 
3969.988149  	-0.044885 
3971.419808  	-0.044723 
3972.851466  	-0.044733 
3974.283124  	-0.045026 
3975.714782  	-0.045055 
3977.146440  	-0.044832 
3978.578099  	-0.044894 
3980.009757  	-0.045019 
3981.441415  	-0.044927 
3982.873073  	-0.044832 
3984.304731  	-0.044800 
3985.736389  	-0.044843 
3987.168048  	-0.044995 
3988.599706  	-0.045069 
3990.031364  	-0.045124 
3991.463022  	-0.045283 
3992.894680  	-0.045240 
3994.326339  	-0.045082 
3995.757997  	-0.045216 
3997.189655  	-0.045288 
3998.621313  	-0.045031 
4000.052971  	-0.044896 
4001.484630  	-0.044875 
4002.916288  	-0.044765 
4004.347946  	-0.044824 
4005.779604  	-0.045071 
4007.211262  	-0.045341 
4008.642920  	-0.045458 
4010.074579  	-0.045164 
4011.506237  	-0.044867 
4012.937895  	-0.045013 
4014.369553  	-0.045142 
4015.801211  	-0.045018 
4017.232870  	-0.045082 
4018.664528  	-0.045257 
4020.096186  	-0.045061 
4021.527844  	-0.044726 
4022.959502  	-0.044773 
4024.391161  	-0.044894 
4025.822819  	-0.044673 
4027.254477  	-0.044522 
4028.686135  	-0.044716 
4030.117793  	-0.044909 
4031.549451  	-0.044917 
4032.981110  	-0.044897 
4034.412768  	-0.044965 
4035.844426  	-0.045010 
4037.276084  	-0.044915 
4038.707742  	-0.044818 
4040.139401  	-0.044854 
4041.571059  	-0.044982 
4043.002717  	-0.045139 
4044.434375  	-0.045308 
4045.866033  	-0.045479 
4047.297691  	-0.045443 
4048.729350  	-0.045073 
4050.161008  	-0.044695 
4051.592666  	-0.044634 
4053.024324  	-0.044908 
4054.455982  	-0.045256 
4055.887641  	-0.045239 
4057.319299  	-0.044974 
4058.750957  	-0.044954 
4060.182615  	-0.045071 
4061.614273  	-0.045079 
4063.045932  	-0.045074 
4064.477590  	-0.045024 
4065.909248  	-0.044919 
4067.340906  	-0.045046 
4068.772564  	-0.045365 
4070.204222  	-0.045402 
4071.635881  	-0.045207 
4073.067539  	-0.045122 
4074.499197  	-0.044910 
4075.930855  	-0.044659 
4077.362513  	-0.044807 
4078.794172  	-0.044929 
4080.225830  	-0.044838 
4081.657488  	-0.044881 
4083.089146  	-0.044707 
4084.520804  	-0.044378 
4085.952463  	-0.044360 
4087.384121  	-0.044251 
4088.815779  	-0.044207 
4090.247437  	-0.044745 
4091.679095  	-0.045124 
4093.110753  	-0.045025 
4094.542412  	-0.044987 
4095.974070  	-0.044799 
4097.405728  	-0.044410 
4098.837386  	-0.044369 
4100.269044  	-0.044553 
4101.700703  	-0.044667 
4103.132361  	-0.044734 
4104.564019  	-0.044613 
4105.995677  	-0.044420 
4107.427335  	-0.044330 
4108.858993  	-0.044150 
4110.290652  	-0.044135 
4111.722310  	-0.044457 
4113.153968  	-0.044557 
4114.585626  	-0.044496 
4116.017284  	-0.044669 
4117.448943  	-0.044792 
4118.880601  	-0.044726 
4120.312259  	-0.044496 
4121.743917  	-0.044262 
4123.175575  	-0.044482 
4124.607234  	-0.044761 
4126.038892  	-0.044726 
4127.470550  	-0.044867 
4128.902208  	-0.044974 
4130.333866  	-0.044990 
4131.765524  	-0.045338 
4133.197183  	-0.045289 
4134.628841  	-0.044826 
4136.060499  	-0.044933 
4137.492157  	-0.044995 
4138.923815  	-0.044549 
4140.355474  	-0.044526 
4141.787132  	-0.044843 
4143.218790  	-0.044788 
4144.650448  	-0.044616 
4146.082106  	-0.044683 
4147.513764  	-0.044665 
4148.945423  	-0.044343 
4150.377081  	-0.044148 
4151.808739  	-0.044234 
4153.240397  	-0.044272 
4154.672055  	-0.044349 
4156.103714  	-0.044564 
4157.535372  	-0.044666 
4158.967030  	-0.044685 
4160.398688  	-0.044889 
4161.830346  	-0.045173 
4163.262005  	-0.044956 
4164.693663  	-0.044337 
4166.125321  	-0.044220 
4167.556979  	-0.044420 
4168.988637  	-0.044327 
4170.420295  	-0.044282 
4171.851954  	-0.044265 
4173.283612  	-0.044222 
4174.715270  	-0.044472 
4176.146928  	-0.044494 
4177.578586  	-0.044295 
4179.010245  	-0.044594 
4180.441903  	-0.044804 
4181.873561  	-0.044489 
4183.305219  	-0.044488 
4184.736877  	-0.044819 
4186.168536  	-0.044585 
4187.600194  	-0.043987 
4189.031852  	-0.044123 
4190.463510  	-0.044808 
4191.895168  	-0.045036 
4193.326826  	-0.044927 
4194.758485  	-0.044640 
4196.190143  	-0.044070 
4197.621801  	-0.044063 
4199.053459  	-0.044711 
4200.485117  	-0.045033 
4201.916776  	-0.044963 
4203.348434  	-0.044812 
4204.780092  	-0.044709 
4206.211750  	-0.044807 
4207.643408  	-0.044852 
4209.075066  	-0.044855 
4210.506725  	-0.044924 
4211.938383  	-0.044731 
4213.370041  	-0.044597 
4214.801699  	-0.044935 
4216.233357  	-0.045133 
4217.665016  	-0.044776 
4219.096674  	-0.044400 
4220.528332  	-0.044591 
4221.959990  	-0.045074 
4223.391648  	-0.045125 
4224.823307  	-0.044790 
4226.254965  	-0.044688 
4227.686623  	-0.045038 
4229.118281  	-0.045470 
4230.549939  	-0.045465 
4231.981597  	-0.045191 
4233.413256  	-0.045132 
4234.844914  	-0.045182 
4236.276572  	-0.045205 
4237.708230  	-0.045228 
4239.139888  	-0.045144 
4240.571547  	-0.045097 
4242.003205  	-0.045132 
4243.434863  	-0.045012 
4244.866521  	-0.044778 
4246.298179  	-0.044574 
4247.729838  	-0.044462 
4249.161496  	-0.044415 
4250.593154  	-0.044181 
4252.024812  	-0.043815 
4253.456470  	-0.043725 
4254.888128  	-0.043886 
4256.319787  	-0.044095 
4257.751445  	-0.044485 
4259.183103  	-0.044954 
4260.614761  	-0.045117 
4262.046419  	-0.045126 
4263.478078  	-0.045218 
4264.909736  	-0.045116 
4266.341394  	-0.044947 
4267.773052  	-0.045115 
4269.204710  	-0.045327 
4270.636368  	-0.045286 
4272.068027  	-0.045182 
4273.499685  	-0.045224 
4274.931343  	-0.045462 
4276.363001  	-0.045575 
4277.794659  	-0.045307 
4279.226318  	-0.045095 
4280.657976  	-0.045281 
4282.089634  	-0.045500 
4283.521292  	-0.045479 
4284.952950  	-0.045513 
4286.384609  	-0.045665 
4287.816267  	-0.045624 
4289.247925  	-0.045626 
4290.679583  	-0.045720 
4292.111241  	-0.045502 
4293.542899  	-0.045535 
4294.974558  	-0.045967 
4296.406216  	-0.045799 
4297.837874  	-0.045297 
4299.269532  	-0.045244 
4300.701190  	-0.045439 
4302.132849  	-0.045665 
4303.564507  	-0.045676 
4304.996165  	-0.045522 
4306.427823  	-0.045457 
4307.859481  	-0.045136 
4309.291140  	-0.045012 
4310.722798  	-0.045370 
4312.154456  	-0.045151 
4313.586114  	-0.044595 
4315.017772  	-0.044337 
4316.449430  	-0.043878 
4317.881089  	-0.043514 
4319.312747  	-0.043401 
4320.744405  	-0.043349 
4322.176063  	-0.043790 
4323.607721  	-0.043979 
4325.039380  	-0.043526 
4326.471038  	-0.043381 
4327.902696  	-0.043238 
4329.334354  	-0.043025 
4330.766012  	-0.043351 
4332.197670  	-0.043616 
4333.629329  	-0.043784 
4335.060987  	-0.044076 
4336.492645  	-0.044072 
4337.924303  	-0.044348 
4339.355961  	-0.044794 
4340.787620  	-0.044420 
4342.219278  	-0.043937 
4343.650936  	-0.044186 
4345.082594  	-0.044804 
4346.514252  	-0.045154 
4347.945911  	-0.044775 
4349.377569  	-0.044322 
4350.809227  	-0.044522 
4352.240885  	-0.044887 
4353.672543  	-0.045243 
4355.104201  	-0.045554 
4356.535860  	-0.045306 
4357.967518  	-0.044922 
4359.399176  	-0.044970 
4360.830834  	-0.045077 
4362.262492  	-0.045176 
4363.694151  	-0.045468 
4365.125809  	-0.045661 
4366.557467  	-0.045633 
4367.989125  	-0.045673 
4369.420783  	-0.045971 
4370.852441  	-0.046435 
4372.284100  	-0.046570 
4373.715758  	-0.046207 
4375.147416  	-0.046049 
4376.579074  	-0.046224 
4378.010732  	-0.046147 
4379.442391  	-0.046069 
4380.874049  	-0.046269 
4382.305707  	-0.046379 
4383.737365  	-0.046284 
4385.169023  	-0.045994 
4386.600682  	-0.045956 
4388.032340  	-0.046511 
4389.463998  	-0.046700 
4390.895656  	-0.046364 
4392.327314  	-0.046354 
4393.758972  	-0.046246 
4395.190631  	-0.045974 
4396.622289  	-0.046216 
4398.053947  	-0.046419 
4399.485605  	-0.046282 
4400.917263  	-0.046301 
4402.348922  	-0.046473 
4403.780580  	-0.046668 
4405.212238  	-0.046635 
4406.643896  	-0.046287 
4408.075554  	-0.046112 
4409.507213  	-0.046113 
4410.938871  	-0.046165 
4412.370529  	-0.046467 
4413.802187  	-0.046639 
4415.233845  	-0.046467 
4416.665503  	-0.046555 
4418.097162  	-0.046885 
4419.528820  	-0.046709 
4420.960478  	-0.046272 
4422.392136  	-0.046395 
4423.823794  	-0.046680 
4425.255453  	-0.046567 
4426.687111  	-0.046423 
4428.118769  	-0.046377 
4429.550427  	-0.046485 
4430.982085  	-0.046730 
4432.413743  	-0.046655 
4433.845402  	-0.046631 
4435.277060  	-0.046828 
4436.708718  	-0.046601 
4438.140376  	-0.046416 
4439.572034  	-0.046654 
4441.003693  	-0.046843 
4442.435351  	-0.046922 
4443.867009  	-0.046608 
4445.298667  	-0.046393 
4446.730325  	-0.047035 
4448.161984  	-0.047125 
4449.593642  	-0.046411 
4451.025300  	-0.046548 
4452.456958  	-0.047011 
4453.888616  	-0.046875 
4455.320274  	-0.046743 
4456.751933  	-0.046785 
4458.183591  	-0.046896 
4459.615249  	-0.046997 
4461.046907  	-0.046897 
4462.478565  	-0.046621 
4463.910224  	-0.046294 
4465.341882  	-0.046437 
4466.773540  	-0.046856 
4468.205198  	-0.046735 
4469.636856  	-0.046682 
4471.068515  	-0.046991 
4472.500173  	-0.046997 
4473.931831  	-0.047076 
4475.363489  	-0.047161 
4476.795147  	-0.046809 
4478.226805  	-0.046687 
4479.658464  	-0.046936 
4481.090122  	-0.047146 
4482.521780  	-0.047003 
4483.953438  	-0.046478 
4485.385096  	-0.046577 
4486.816755  	-0.047190 
4488.248413  	-0.047258 
4489.680071  	-0.047253 
4491.111729  	-0.047090 
4492.543387  	-0.046523 
4493.975045  	-0.046786 
4495.406704  	-0.047159 
4496.838362  	-0.046416 
4498.270020  	-0.046103 
4499.701678  	-0.046761 
4501.133336  	-0.047088 
4502.564995  	-0.047055 
4503.996653  	-0.047179 
4505.428311  	-0.047262 
4506.859969  	-0.046977 
4508.291627  	-0.046683 
4509.723286  	-0.046986 
4511.154944  	-0.047285 
4512.586602  	-0.046925 
4514.018260  	-0.046630 
4515.449918  	-0.046847 
4516.881576  	-0.047230 
4518.313235  	-0.047513 
4519.744893  	-0.047451 
4521.176551  	-0.047258 
4522.608209  	-0.047229 
4524.039867  	-0.046970 
4525.471526  	-0.046623 
4526.903184  	-0.046823 
4528.334842  	-0.047123 
4529.766500  	-0.046987 
4531.198158  	-0.046898 
4532.629817  	-0.047031 
4534.061475  	-0.047170 
4535.493133  	-0.047560 
4536.924791  	-0.047966 
4538.356449  	-0.047852 
4539.788107  	-0.047549 
4541.219766  	-0.047170 
4542.651424  	-0.046647 
4544.083082  	-0.046757 
4545.514740  	-0.047180 
4546.946398  	-0.046800 
4548.378057  	-0.046574 
4549.809715  	-0.047349 
4551.241373  	-0.047720 
4552.673031  	-0.047213 
4554.104689  	-0.046940 
4555.536347  	-0.047164 
4556.968006  	-0.047460 
4558.399664  	-0.047489 
4559.831322  	-0.047191 
4561.262980  	-0.047112 
4562.694638  	-0.047412 
4564.126297  	-0.047490 
4565.557955  	-0.047294 
4566.989613  	-0.047269 
4568.421271  	-0.047301 
4569.852929  	-0.047186 
4571.284588  	-0.047225 
4572.716246  	-0.047439 
4574.147904  	-0.047417 
4575.579562  	-0.047230 
4577.011220  	-0.047056 
4578.442878  	-0.046814 
4579.874537  	-0.046739 
4581.306195  	-0.046804 
4582.737853  	-0.046812 
4584.169511  	-0.047162 
4585.601169  	-0.047597 
4587.032828  	-0.047541 
4588.464486  	-0.047350 
4589.896144  	-0.047109 
4591.327802  	-0.047009 
4592.759460  	-0.047551 
4594.191118  	-0.047801 
4595.622777  	-0.047404 
4597.054435  	-0.047452 
4598.486093  	-0.047583 
4599.917751  	-0.047263 
4601.349409  	-0.047256 
4602.781068  	-0.047610 
4604.212726  	-0.047885 
4605.644384  	-0.047791 
4607.076042  	-0.047158 
4608.507700  	-0.046800 
4609.939359  	-0.047259 
4611.371017  	-0.047751 
4612.802675  	-0.047779 
4614.234333  	-0.047729 
4615.665991  	-0.047914 
4617.097649  	-0.047950 
4618.529308  	-0.047666 
4619.960966  	-0.047763 
4621.392624  	-0.048148 
4622.824282  	-0.047998 
4624.255940  	-0.047558 
4625.687599  	-0.047357 
4627.119257  	-0.047367 
4628.550915  	-0.047475 
4629.982573  	-0.047566 
4631.414231  	-0.047624 
4632.845890  	-0.047478 
4634.277548  	-0.047064 
4635.709206  	-0.046805 
4637.140864  	-0.046814 
4638.572522  	-0.047081 
4640.004180  	-0.047480 
4641.435839  	-0.047366 
4642.867497  	-0.047035 
4644.299155  	-0.047102 
4645.730813  	-0.047029 
4647.162471  	-0.046851 
4648.594130  	-0.047045 
4650.025788  	-0.047249 
4651.457446  	-0.047391 
4652.889104  	-0.047559 
4654.320762  	-0.047479 
4655.752420  	-0.047117 
4657.184079  	-0.046674 
4658.615737  	-0.046604 
4660.047395  	-0.046737 
4661.479053  	-0.046415 
4662.910711  	-0.046565 
4664.342370  	-0.047723 
4665.774028  	-0.048000 
4667.205686  	-0.046942 
4668.637344  	-0.046611 
4670.069002  	-0.047433 
4671.500661  	-0.047813 
4672.932319  	-0.047357 
4674.363977  	-0.047241 
4675.795635  	-0.047806 
4677.227293  	-0.048022 
4678.658951  	-0.047544 
4680.090610  	-0.047260 
4681.522268  	-0.047322 
4682.953926  	-0.046944 
4684.385584  	-0.046506 
4685.817242  	-0.046894 
4687.248901  	-0.047480 
4688.680559  	-0.047794 
4690.112217  	-0.048223 
4691.543875  	-0.048125 
4692.975533  	-0.047355 
4694.407192  	-0.047184 
4695.838850  	-0.047602 
4697.270508  	-0.047731 
4698.702166  	-0.047713 
4700.133824  	-0.047826 
4701.565482  	-0.047947 
4702.997141  	-0.047914 
4704.428799  	-0.047632 
4705.860457  	-0.047318 
4707.292115  	-0.047468 
4708.723773  	-0.048176 
4710.155432  	-0.048508 
4711.587090  	-0.047877 
4713.018748  	-0.047281 
4714.450406  	-0.047166 
4715.882064  	-0.046838 
4717.313722  	-0.046652 
4718.745381  	-0.047279 
4720.177039  	-0.048069 
4721.608697  	-0.048168 
4723.040355  	-0.047720 
4724.472013  	-0.047461 
4725.903672  	-0.047542 
4727.335330  	-0.047509 
4728.766988  	-0.047465 
4730.198646  	-0.047699 
4731.630304  	-0.047867 
4733.061963  	-0.047731 
4734.493621  	-0.047552 
4735.925279  	-0.047430 
4737.356937  	-0.047372 
4738.788595  	-0.047544 
4740.220253  	-0.047677 
4741.651912  	-0.047624 
4743.083570  	-0.047956 
4744.515228  	-0.048357 
4745.946886  	-0.048169 
4747.378544  	-0.047999 
4748.810203  	-0.047866 
4750.241861  	-0.047598 
4751.673519  	-0.048078 
4753.105177  	-0.048594 
4754.536835  	-0.048141 
4755.968493  	-0.047866 
4757.400152  	-0.048010 
4758.831810  	-0.047834 
4760.263468  	-0.047759 
4761.695126  	-0.047933 
4763.126784  	-0.048124 
4764.558443  	-0.048349 
4765.990101  	-0.048133 
4767.421759  	-0.047279 
4768.853417  	-0.046721 
4770.285075  	-0.047202 
4771.716734  	-0.047655 
4773.148392  	-0.047192 
4774.580050  	-0.047016 
4776.011708  	-0.047450 
4777.443366  	-0.047833 
4778.875024  	-0.048410 
4780.306683  	-0.048435 
4781.738341  	-0.047895 
4783.169999  	-0.048065 
4784.601657  	-0.047925 
4786.033315  	-0.047519 
4787.464974  	-0.048174 
4788.896632  	-0.048117 
4790.328290  	-0.047198 
4791.759948  	-0.047378 
4793.191606  	-0.047689 
4794.623265  	-0.047616 
4796.054923  	-0.047860 
4797.486581  	-0.047787 
4798.918239  	-0.047530 
4800.349897  	-0.047503 
4801.781555  	-0.047562 
4803.213214  	-0.047705 
4804.644872  	-0.047479 
4806.076530  	-0.047399 
4807.508188  	-0.047894 
4808.939846  	-0.047854 
4810.371505  	-0.047555 
4811.803163  	-0.047720 
4813.234821  	-0.047841 
4814.666479  	-0.047769 
4816.098137  	-0.047394 
4817.529795  	-0.047177 
4818.961454  	-0.047542 
4820.393112  	-0.047572 
4821.824770  	-0.047651 
4823.256428  	-0.048171 
4824.688086  	-0.048130 
4826.119745  	-0.048358 
4827.551403  	-0.049083 
4828.983061  	-0.048760 
4830.414719  	-0.047854 
4831.846377  	-0.047249 
4833.278036  	-0.047128 
4834.709694  	-0.047729 
4836.141352  	-0.048111 
4837.573010  	-0.048063 
4839.004668  	-0.048177 
4840.436326  	-0.047807 
4841.867985  	-0.047182 
4843.299643  	-0.047189 
4844.731301  	-0.047647 
4846.162959  	-0.048260 
4847.594617  	-0.048341 
4849.026276  	-0.047565 
4850.457934  	-0.047060 
4851.889592  	-0.047291 
4853.321250  	-0.047358 
4854.752908  	-0.047075 
4856.184567  	-0.047288 
4857.616225  	-0.047698 
4859.047883  	-0.047501 
4860.479541  	-0.047778 
4861.911199  	-0.048660 
4863.342857  	-0.048709 
4864.774516  	-0.048613 
4866.206174  	-0.048784 
4867.637832  	-0.048280 
4869.069490  	-0.047842 
4870.501148  	-0.047763 
4871.932807  	-0.047612 
4873.364465  	-0.047804 
4874.796123  	-0.047951 
4876.227781  	-0.047951 
4877.659439  	-0.047948 
4879.091097  	-0.047492 
4880.522756  	-0.047435 
4881.954414  	-0.047699 
4883.386072  	-0.047475 
4884.817730  	-0.047849 
4886.249388  	-0.048174 
4887.681047  	-0.047476 
4889.112705  	-0.047461 
4890.544363  	-0.048024 
4891.976021  	-0.048209 
4893.407679  	-0.048489 
4894.839338  	-0.048255 
4896.270996  	-0.047584 
4897.702654  	-0.047261 
4899.134312  	-0.046975 
4900.565970  	-0.047164 
4901.997628  	-0.047592 
4903.429287  	-0.047380 
4904.860945  	-0.047428 
4906.292603  	-0.047793 
4907.724261  	-0.047595 
4909.155919  	-0.047309 
4910.587578  	-0.047272 
4912.019236  	-0.047280 
4913.450894  	-0.047253 
4914.882552  	-0.047514 
4916.314210  	-0.048415 
4917.745869  	-0.048746 
4919.177527  	-0.048037 
4920.609185  	-0.047896 
4922.040843  	-0.048172 
4923.472501  	-0.047755 
4924.904159  	-0.047345 
4926.335818  	-0.047479 
4927.767476  	-0.047719 
4929.199134  	-0.047814 
4930.630792  	-0.047870 
4932.062450  	-0.047925 
4933.494109  	-0.047792 
4934.925767  	-0.047863 
4936.357425  	-0.048156 
4937.789083  	-0.047863 
4939.220741  	-0.047674 
4940.652399  	-0.048220 
4942.084058  	-0.048281 
4943.515716  	-0.047915 
4944.947374  	-0.048020 
4946.379032  	-0.048192 
4947.810690  	-0.048488 
4949.242349  	-0.048844 
4950.674007  	-0.048295 
4952.105665  	-0.047504 
4953.537323  	-0.047688 
4954.968981  	-0.048232 
4956.400640  	-0.048295 
4957.832298  	-0.047834 
4959.263956  	-0.047293 
4960.695614  	-0.047610 
4962.127272  	-0.048289 
4963.558930  	-0.047910 
4964.990589  	-0.047401 
4966.422247  	-0.047658 
4967.853905  	-0.047270 
4969.285563  	-0.046570 
4970.717221  	-0.047036 
4972.148880  	-0.047774 
4973.580538  	-0.048204 
4975.012196  	-0.048721 
4976.443854  	-0.048614 
4977.875512  	-0.048092 
4979.307170  	-0.048059 
4980.738829  	-0.047887 
4982.170487  	-0.047418 
4983.602145  	-0.047432 
4985.033803  	-0.047712 
4986.465461  	-0.048040 
4987.897120  	-0.048504 
4989.328778  	-0.048336 
4990.760436  	-0.047585 
4992.192094  	-0.047573 
4993.623752  	-0.048129 
4995.055411  	-0.048302 
4996.487069  	-0.048520 
4997.918727  	-0.048702 
4999.350385  	-0.048048 
5000.782043  	-0.047349 
5002.213701  	-0.047591 
5003.645360  	-0.048031 
5005.077018  	-0.047882 
5006.508676  	-0.047646 
5007.940334  	-0.047598 
5009.371992  	-0.047324 
5010.803651  	-0.047525 
5012.235309  	-0.048457 
5013.666967  	-0.048381 
5015.098625  	-0.047693 
5016.530283  	-0.048185 
5017.961942  	-0.048512 
5019.393600  	-0.047992 
5020.825258  	-0.048212 
5022.256916  	-0.048584 
5023.688574  	-0.048112 
5025.120232  	-0.047595 
5026.551891  	-0.047547 
5027.983549  	-0.048006 
5029.415207  	-0.048442 
5030.846865  	-0.048197 
5032.278523  	-0.047922 
5033.710182  	-0.048069 
5035.141840  	-0.047987 
5036.573498  	-0.047572 
5038.005156  	-0.047717 
5039.436814  	-0.048510 
5040.868472  	-0.048576 
5042.300131  	-0.047926 
5043.731789  	-0.047777 
5045.163447  	-0.047777 
5046.595105  	-0.047825 
5048.026763  	-0.048190 
5049.458422  	-0.048280 
5050.890080  	-0.048658 
5052.321738  	-0.048984 
5053.753396  	-0.048221 
5055.185054  	-0.048118 
5056.616713  	-0.048605 
5058.048371  	-0.048034 
5059.480029  	-0.048180 
5060.911687  	-0.048977 
5062.343345  	-0.048555 
5063.775003  	-0.048203 
5065.206662  	-0.048089 
5066.638320  	-0.047536 
5068.069978  	-0.047755 
5069.501636  	-0.048262 
5070.933294  	-0.048491 
5072.364953  	-0.048972 
5073.796611  	-0.048577 
5075.228269  	-0.047391 
5076.659927  	-0.046808 
5078.091585  	-0.046718 
5079.523244  	-0.047286 
5080.954902  	-0.048270 
5082.386560  	-0.048624 
5083.818218  	-0.048790 
5085.249876  	-0.048794 
5086.681534  	-0.048003 
5088.113193  	-0.047599 
5089.544851  	-0.048389 
5090.976509  	-0.049287 
5092.408167  	-0.049304 
5093.839825  	-0.048461 
5095.271484  	-0.047759 
5096.703142  	-0.047816 
5098.134800  	-0.047834 
5099.566458  	-0.047389 
5100.998116  	-0.047042 
5102.429774  	-0.047184 
5103.861433  	-0.047786 
5105.293091  	-0.048104 
5106.724749  	-0.047778 
5108.156407  	-0.047874 
5109.588065  	-0.048469 
5111.019724  	-0.048549 
5112.451382  	-0.048496 
5113.883040  	-0.048466 
5115.314698  	-0.047788 
5116.746356  	-0.047127 
5118.178015  	-0.047007 
5119.609673  	-0.047003 
5121.041331  	-0.047294 
5122.472989  	-0.047655 
5123.904647  	-0.047695 
5125.336305  	-0.047929 
5126.767964  	-0.048285 
5128.199622  	-0.048424 
5129.631280  	-0.048543 
5131.062938  	-0.048304 
5132.494596  	-0.047686 
5133.926255  	-0.047565 
5135.357913  	-0.047909 
5136.789571  	-0.048032 
5138.221229  	-0.048120 
5139.652887  	-0.048119 
5141.084546  	-0.047276 
5142.516204  	-0.046637 
5143.947862  	-0.047537 
5145.379520  	-0.048186 
5146.811178  	-0.047730 
5148.242836  	-0.047749 
5149.674495  	-0.047430 
5151.106153  	-0.046318 
5152.537811  	-0.046548 
5153.969469  	-0.047440 
5155.401127  	-0.047553 
5156.832786  	-0.048077 
5158.264444  	-0.048834 
5159.696102  	-0.048797 
5161.127760  	-0.048578 
5162.559418  	-0.048747 
5163.991076  	-0.049108 
5165.422735  	-0.048547 
5166.854393  	-0.047028 
5168.286051  	-0.046747 
5169.717709  	-0.047881 
5171.149367  	-0.048570 
5172.581026  	-0.048563 
5174.012684  	-0.048268 
5175.444342  	-0.048229 
5176.876000  	-0.048602 
5178.307658  	-0.047952 
5179.739317  	-0.046721 
5181.170975  	-0.046992 
5182.602633  	-0.048083 
5184.034291  	-0.048522 
5185.465949  	-0.048334 
5186.897607  	-0.047894 
5188.329266  	-0.047883 
5189.760924  	-0.048284 
5191.192582  	-0.048371 
5192.624240  	-0.048093 
5194.055898  	-0.047530 
5195.487557  	-0.047086 
5196.919215  	-0.047297 
5198.350873  	-0.047675 
5199.782531  	-0.047902 
5201.214189  	-0.047996 
5202.645847  	-0.047624 
5204.077506  	-0.047306 
5205.509164  	-0.047360 
5206.940822  	-0.047347 
5208.372480  	-0.047421 
5209.804138  	-0.047555 
5211.235797  	-0.047759 
5212.667455  	-0.048122 
5214.099113  	-0.047848 
5215.530771  	-0.047207 
5216.962429  	-0.047033 
5218.394088  	-0.046752 
5219.825746  	-0.046696 
5221.257404  	-0.047359 
5222.689062  	-0.047828 
5224.120720  	-0.048115 
5225.552378  	-0.048338 
5226.984037  	-0.047922 
5228.415695  	-0.047346 
5229.847353  	-0.047133 
5231.279011  	-0.047651 
5232.710669  	-0.048234 
5234.142328  	-0.047470 
5235.573986  	-0.047078 
5237.005644  	-0.048258 
5238.437302  	-0.048677 
5239.868960  	-0.048249 
5241.300619  	-0.048163 
5242.732277  	-0.047890 
5244.163935  	-0.048163 
5245.595593  	-0.048803 
5247.027251  	-0.048069 
5248.458909  	-0.047224 
5249.890568  	-0.047798 
5251.322226  	-0.048108 
5252.753884  	-0.046932 
5254.185542  	-0.046162 
5255.617200  	-0.047761 
5257.048859  	-0.048720 
5258.480517  	-0.047328 
5259.912175  	-0.047020 
5261.343833  	-0.047513 
5262.775491  	-0.046528 
5264.207149  	-0.046868 
5265.638808  	-0.048744 
5267.070466  	-0.048541 
5268.502124  	-0.047543 
5269.933782  	-0.047504 
5271.365440  	-0.047501 
5272.797099  	-0.047593 
5274.228757  	-0.047941 
5275.660415  	-0.047779 
5277.092073  	-0.047359 
5278.523731  	-0.047268 
5279.955390  	-0.047072 
5281.387048  	-0.046624 
5282.818706  	-0.046768 
5284.250364  	-0.047533 
5285.682022  	-0.047726 
5287.113680  	-0.046714 
5288.545339  	-0.045899 
5289.976997  	-0.047038 
5291.408655  	-0.048469 
5292.840313  	-0.047690 
5294.271971  	-0.047188 
5295.703630  	-0.048086 
5297.135288  	-0.047832 
5298.566946  	-0.047111 
5299.998604  	-0.047336 
5301.430262  	-0.047256 
5302.861921  	-0.047129 
5304.293579  	-0.047289 
5305.725237  	-0.047451 
5307.156895  	-0.048225 
5308.588553  	-0.048112 
5310.020211  	-0.046746 
5311.451870  	-0.046997 
5312.883528  	-0.048243 
5314.315186  	-0.048152 
5315.746844  	-0.047543 
5317.178502  	-0.047242 
5318.610161  	-0.047009 
5320.041819  	-0.047241 
5321.473477  	-0.047883 
5322.905135  	-0.048233 
5324.336793  	-0.048303 
5325.768451  	-0.048363 
5327.200110  	-0.047861 
5328.631768  	-0.047231 
5330.063426  	-0.047744 
5331.495084  	-0.048011 
5332.926742  	-0.046980 
5334.358401  	-0.046263 
5335.790059  	-0.046122 
5337.221717  	-0.046355 
5338.653375  	-0.047825 
5340.085033  	-0.048556 
5341.516692  	-0.047146 
5342.948350  	-0.046361 
5344.380008  	-0.047687 
5345.811666  	-0.048774 
5347.243324  	-0.047690 
5348.674982  	-0.046931 
5350.106641  	-0.047659 
5351.538299  	-0.047552 
5352.969957  	-0.046987 
5354.401615  	-0.047976 
5355.833273  	-0.048401 
5357.264932  	-0.047424 
5358.696590  	-0.047057 
5360.128248  	-0.047241 
5361.559906  	-0.047273 
5362.991564  	-0.047162 
5364.423222  	-0.047111 
5365.854881  	-0.047870 
5367.286539  	-0.048620 
5368.718197  	-0.048153 
5370.149855  	-0.047340 
5371.581513  	-0.046866 
5373.013172  	-0.046689 
5374.444830  	-0.047025 
5375.876488  	-0.047652 
5377.308146  	-0.048426 
5378.739804  	-0.048377 
5380.171463  	-0.046848 
5381.603121  	-0.045619 
5383.034779  	-0.045779 
5384.466437  	-0.046376 
5385.898095  	-0.047065 
5387.329753  	-0.047617 
5388.761412  	-0.047447 
5390.193070  	-0.046888 
5391.624728  	-0.046495 
5393.056386  	-0.046732 
5394.488044  	-0.047083 
5395.919703  	-0.046873 
5397.351361  	-0.047479 
5398.783019  	-0.048965 
5400.214677  	-0.049423 
5401.646335  	-0.048894 
5403.077994  	-0.047992 
5404.509652  	-0.047174 
5405.941310  	-0.047221 
5407.372968  	-0.046891 
5408.804626  	-0.046099 
5410.236284  	-0.047251 
5411.667943  	-0.048764 
5413.099601  	-0.047816 
5414.531259  	-0.046448 
5415.962917  	-0.046459 
5417.394575  	-0.047248 
5418.826234  	-0.048427 
5420.257892  	-0.048648 
5421.689550  	-0.047823 
5423.121208  	-0.047686 
5424.552866  	-0.047801 
5425.984524  	-0.047489 
5427.416183  	-0.047677 
5428.847841  	-0.048139 
5430.279499  	-0.048299 
5431.711157  	-0.047963 
5433.142815  	-0.046497 
5434.574474  	-0.045372 
5436.006132  	-0.047066 
5437.437790  	-0.049015 
5438.869448  	-0.048413 
5440.301106  	-0.047519 
5441.732765  	-0.047996 
5443.164423  	-0.048147 
5444.596081  	-0.047849 
5446.027739  	-0.048137 
5447.459397  	-0.048154 
5448.891055  	-0.047689 
5450.322714  	-0.047536 
5451.754372  	-0.047036 
5453.186030  	-0.046060 
5454.617688  	-0.046464 
5456.049346  	-0.048262 
5457.481005  	-0.048625 
5458.912663  	-0.047601 
5460.344321  	-0.047817 
5461.775979  	-0.048492 
5463.207637  	-0.048105 
5464.639296  	-0.048015 
5466.070954  	-0.047999 
5467.502612  	-0.047201 
5468.934270  	-0.046858 
5470.365928  	-0.046917 
5471.797586  	-0.046742 
5473.229245  	-0.047003 
5474.660903  	-0.047400 
5476.092561  	-0.047390 
5477.524219  	-0.047051 
5478.955877  	-0.046749 
5480.387536  	-0.047046 
5481.819194  	-0.047176 
5483.250852  	-0.047133 
5484.682510  	-0.048052 
5486.114168  	-0.047940 
5487.545826  	-0.046476 
5488.977485  	-0.046843 
5490.409143  	-0.048049 
5491.840801  	-0.048181 
5493.272459  	-0.048380 
5494.704117  	-0.048396 
5496.135776  	-0.048620 
5497.567434  	-0.049478 
5498.999092  	-0.049220 
5500.430750  	-0.048352 
5501.862408  	-0.048121 
5503.294067  	-0.048027 
5504.725725  	-0.047991 
5506.157383  	-0.046974 
5507.589041  	-0.045872 
5509.020699  	-0.047329 
5510.452357  	-0.048660 
5511.884016  	-0.047915 
5513.315674  	-0.047986 
5514.747332  	-0.048725 
5516.178990  	-0.048427 
5517.610648  	-0.047534 
5519.042307  	-0.046522 
5520.473965  	-0.046680 
5521.905623  	-0.047991 
5523.337281  	-0.048039 
5524.768939  	-0.047149 
5526.200598  	-0.047119 
5527.632256  	-0.047537 
5529.063914  	-0.047939 
5530.495572  	-0.048533 
5531.927230  	-0.048659 
5533.358888  	-0.047725 
5534.790547  	-0.047076 
5536.222205  	-0.047363 
5537.653863  	-0.047064 
5539.085521  	-0.047134 
5540.517179  	-0.049049 
5541.948838  	-0.049972 
5543.380496  	-0.048792 
5544.812154  	-0.047731 
5546.243812  	-0.047122 
5547.675470  	-0.047170 
5549.107128  	-0.047753 
5550.538787  	-0.047395 
5551.970445  	-0.047246 
5553.402103  	-0.048478 
5554.833761  	-0.049226 
5556.265419  	-0.048818 
5557.697078  	-0.048176 
5559.128736  	-0.047876 
5560.560394  	-0.048231 
5561.992052  	-0.048294 
5563.423710  	-0.047371 
5564.855369  	-0.047097 
5566.287027  	-0.048491 
5567.718685  	-0.049111 
5569.150343  	-0.047808 
5570.582001  	-0.047537 
5572.013659  	-0.048502 
5573.445318  	-0.048184 
5574.876976  	-0.048327 
5576.308634  	-0.049650 
5577.740292  	-0.049051 
5579.171950  	-0.047841 
5580.603609  	-0.048764 
5582.035267  	-0.049757 
5583.466925  	-0.048917 
5584.898583  	-0.047653 
5586.330241  	-0.048105 
5587.761899  	-0.049471 
5589.193558  	-0.048576 
5590.625216  	-0.046290 
5592.056874  	-0.045977 
5593.488532  	-0.046937 
5594.920190  	-0.047660 
5596.351849  	-0.048878 
5597.783507  	-0.050103 
5599.215165  	-0.049926 
5600.646823  	-0.048993 
5602.078481  	-0.048731 
5603.510140  	-0.048060 
5604.941798  	-0.046412 
5606.373456  	-0.046748 
5607.805114  	-0.049044 
5609.236772  	-0.049673 
5610.668430  	-0.049057 
5612.100089  	-0.048908 
5613.531747  	-0.048058 
5614.963405  	-0.047120 
5616.395063  	-0.047916 
5617.826721  	-0.049250 
5619.258380  	-0.048871 
5620.690038  	-0.047280 
5622.121696  	-0.046678 
5623.553354  	-0.046825 
5624.985012  	-0.046225 
5626.416671  	-0.045924 
5627.848329  	-0.047185 
5629.279987  	-0.048935 
5630.711645  	-0.049910 
5632.143303  	-0.049955 
5633.574961  	-0.048938 
5635.006620  	-0.046712 
5636.438278  	-0.045307 
5637.869936  	-0.046544 
5639.301594  	-0.048063 
5640.733252  	-0.048596 
5642.164911  	-0.049539 
5643.596569  	-0.049422 
5645.028227  	-0.048151 
5646.459885  	-0.048330 
5647.891543  	-0.048773 
5649.323201  	-0.048357 
5650.754860  	-0.048043 
5652.186518  	-0.047076 
5653.618176  	-0.046811 
5655.049834  	-0.048747 
5656.481492  	-0.049984 
5657.913151  	-0.049016 
5659.344809  	-0.047366 
5660.776467  	-0.046647 
5662.208125  	-0.047177 
5663.639783  	-0.047177 
5665.071442  	-0.047082 
5666.503100  	-0.047949 
5667.934758  	-0.047439 
5669.366416  	-0.046610 
5670.798074  	-0.047378 
5672.229732  	-0.046572 
5673.661391  	-0.044875 
5675.093049  	-0.045552 
5676.524707  	-0.046977 
5677.956365  	-0.048426 
5679.388023  	-0.049694 
5680.819682  	-0.048629 
5682.251340  	-0.046483 
5683.682998  	-0.045709 
5685.114656  	-0.046207 
5686.546314  	-0.046122 
5687.977973  	-0.044249 
5689.409631  	-0.044152 
5690.841289  	-0.046788 
5692.272947  	-0.047072 
5693.704605  	-0.045992 
5695.136263  	-0.046940 
5696.567922  	-0.047055 
5697.999580  	-0.046043 
5699.431238  	-0.046069 
5700.862896  	-0.046418 
5702.294554  	-0.046691 
5703.726213  	-0.046168 
5705.157871  	-0.045975 
5706.589529  	-0.048579 
5708.021187  	-0.049811 
5709.452845  	-0.047070 
5710.884503  	-0.045678 
5712.316162  	-0.046337 
5713.747820  	-0.045721 
5715.179478  	-0.045993 
5716.611136  	-0.048348 
5718.042794  	-0.049237 
5719.474453  	-0.048014 
5720.906111  	-0.047529 
5722.337769  	-0.047972 
5723.769427  	-0.047635 
5725.201085  	-0.047410 
5726.632744  	-0.048546 
5728.064402  	-0.049899 
5729.496060  	-0.050085 
5730.927718  	-0.049079 
5732.359376  	-0.048267 
5733.791034  	-0.048218 
5735.222693  	-0.047955 
5736.654351  	-0.048181 
5738.086009  	-0.049110 
5739.517667  	-0.049039 
5740.949325  	-0.048678 
5742.380984  	-0.048401 
5743.812642  	-0.047188 
5745.244300  	-0.047279 
5746.675958  	-0.048416 
5748.107616  	-0.047174 
5749.539275  	-0.045871 
5750.970933  	-0.047382 
5752.402591  	-0.048791 
5753.834249  	-0.048321 
5755.265907  	-0.047320 
5756.697565  	-0.046754 
5758.129224  	-0.047231 
5759.560882  	-0.048506 
5760.992540  	-0.048614 
5762.424198  	-0.046809 
5763.855856  	-0.045902 
5765.287515  	-0.047134 
5766.719173  	-0.047913 
5768.150831  	-0.048338 
5769.582489  	-0.048979 
5771.014147  	-0.046967 
5772.445805  	-0.044540 
5773.877464  	-0.045682 
5775.309122  	-0.046505 
5776.740780  	-0.045406 
5778.172438  	-0.046077 
5779.604096  	-0.047248 
5781.035755  	-0.047124 
5782.467413  	-0.047008 
5783.899071  	-0.046706 
5785.330729  	-0.046711 
5786.762387  	-0.046930 
5788.194046  	-0.046047 
5789.625704  	-0.046332 
5791.057362  	-0.047404 
5792.489020  	-0.045996 
5793.920678  	-0.045048 
5795.352336  	-0.045743 
5796.783995  	-0.044961 
5798.215653  	-0.044826 
5799.647311  	-0.046189 
5801.078969  	-0.046142 
5802.510627  	-0.045999 
5803.942286  	-0.046605 
5805.373944  	-0.046999 
5806.805602  	-0.047689 
5808.237260  	-0.047626 
5809.668918  	-0.047581 
5811.100576  	-0.049034 
5812.532235  	-0.048578 
5813.963893  	-0.046271 
5815.395551  	-0.045791 
5816.827209  	-0.046338 
5818.258867  	-0.046828 
5819.690526  	-0.046583 
5821.122184  	-0.045102 
5822.553842  	-0.045158 
5823.985500  	-0.046162 
5825.417158  	-0.046255 
5826.848817  	-0.047254 
5828.280475  	-0.047442 
5829.712133  	-0.046019 
5831.143791  	-0.046600 
5832.575449  	-0.047121 
5834.007107  	-0.046342 
5835.438766  	-0.047453 
5836.870424  	-0.047606 
5838.302082  	-0.045503 
5839.733740  	-0.045424 
5841.165398  	-0.046035 
5842.597057  	-0.045146 
5844.028715  	-0.044134 
5845.460373  	-0.043239 
5846.892031  	-0.044332 
5848.323689  	-0.047639 
5849.755348  	-0.048032 
5851.187006  	-0.045028 
5852.618664  	-0.044018 
5854.050322  	-0.046179 
5855.481980  	-0.047450 
5856.913638  	-0.046448 
5858.345297  	-0.046730 
5859.776955  	-0.048518 
5861.208613  	-0.047886 
5862.640271  	-0.046431 
5864.071929  	-0.047117 
5865.503588  	-0.047505 
5866.935246  	-0.047360 
5868.366904  	-0.048111 
5869.798562  	-0.047483 
5871.230220  	-0.045659 
5872.661878  	-0.045808 
5874.093537  	-0.047889 
5875.525195  	-0.049655 
5876.956853  	-0.049772 
5878.388511  	-0.048929 
5879.820169  	-0.047838 
5881.251828  	-0.046339 
5882.683486  	-0.046722 
5884.115144  	-0.048888 
5885.546802  	-0.048249 
5886.978460  	-0.046592 
5888.410119  	-0.047911 
5889.841777  	-0.048221 
5891.273435  	-0.045705 
5892.705093  	-0.045309 
5894.136751  	-0.048127 
5895.568409  	-0.049734 
5897.000068  	-0.047549 
5898.431726  	-0.045818 
5899.863384  	-0.048055 
5901.295042  	-0.048330 
5902.726700  	-0.044700 
5904.158359  	-0.045214 
5905.590017  	-0.049363 
5907.021675  	-0.050651 
5908.453333  	-0.050917 
5909.884991  	-0.052009 
5911.316650  	-0.051417 
5912.748308  	-0.049693 
5914.179966  	-0.048816 
5915.611624  	-0.049558 
5917.043282  	-0.050237 
5918.474940  	-0.048957 
5919.906599  	-0.048795 
5921.338257  	-0.050073 
5922.769915  	-0.048292 
5924.201573  	-0.046023 
5925.633231  	-0.046810 
5927.064890  	-0.047714 
5928.496548  	-0.048615 
5929.928206  	-0.050217 
5931.359864  	-0.050463 
5932.791522  	-0.050814 
5934.223180  	-0.051977 
5935.654839  	-0.051769 
5937.086497  	-0.051098 
5938.518155  	-0.051066 
5939.949813  	-0.050401 
5941.381471  	-0.048444 
5942.813130  	-0.046352 
5944.244788  	-0.046252 
5945.676446  	-0.047985 
5947.108104  	-0.049888 
5948.539762  	-0.051433 
5949.971421  	-0.051238 
5951.403079  	-0.049808 
5952.834737  	-0.049320 
5954.266395  	-0.048858 
5955.698053  	-0.048411 
5957.129711  	-0.048521 
5958.561370  	-0.047007 
5959.993028  	-0.045627 
5961.424686  	-0.046504 
5962.856344  	-0.047195 
5964.288002  	-0.047604 
5965.719661  	-0.047527 
5967.151319  	-0.045902 
5968.582977  	-0.045880 
5970.014635  	-0.047961 
5971.446293  	-0.049437 
5972.877951  	-0.049927 
5974.309610  	-0.048705 
5975.741268  	-0.048055 
5977.172926  	-0.050253 
5978.604584  	-0.050506 
5980.036242  	-0.047274 
5981.467901  	-0.045651 
5982.899559  	-0.046244 
5984.331217  	-0.047083 
5985.762875  	-0.048254 
5987.194533  	-0.049642 
5988.626192  	-0.050224 
5990.057850  	-0.049691 
5991.489508  	-0.049212 
5992.921166  	-0.048576 
5994.352824  	-0.047357 
5995.784482  	-0.047712 
5997.216141  	-0.049278 
5998.647799  	-0.050353 
6000.079457  	-0.051840 
6001.511115  	-0.051983 
6002.942773  	-0.049996 
6004.374432  	-0.049318 
6005.806090  	-0.049406 
6007.237748  	-0.049120 
6008.669406  	-0.050295 
6010.101064  	-0.051204 
6011.532723  	-0.049965 
6012.964381  	-0.048057 
6014.396039  	-0.047048 
6015.827697  	-0.047432 
6017.259355  	-0.046691 
6018.691013  	-0.044903 
6020.122672  	-0.046611 
6021.554330  	-0.048830 
6022.985988  	-0.047196 
6024.417646  	-0.046938 
6025.849304  	-0.049391 
6027.280963  	-0.049314 
6028.712621  	-0.047513 
6030.144279  	-0.046511 
6031.575937  	-0.045740 
6033.007595  	-0.045919 
6034.439253  	-0.046120 
6035.870912  	-0.044608 
6037.302570  	-0.044339 
6038.734228  	-0.046924 
6040.165886  	-0.049327 
6041.597544  	-0.050670 
6043.029203  	-0.050657 
6044.460861  	-0.047910 
6045.892519  	-0.045861 
6047.324177  	-0.047100 
6048.755835  	-0.047586 
6050.187494  	-0.046531 
6051.619152  	-0.046346 
6053.050810  	-0.046437 
6054.482468  	-0.047891 
6055.914126  	-0.050398 
6057.345784  	-0.050160 
6058.777443  	-0.048385 
6060.209101  	-0.047531 
6061.640759  	-0.046785 
6063.072417  	-0.047701 
6064.504075  	-0.050363 
6065.935734  	-0.052459 
6067.367392  	-0.053069 
6068.799050  	-0.050731 
6070.230708  	-0.048887 
6071.662366  	-0.051985 
6073.094025  	-0.054017 
6074.525683  	-0.052561 
6075.957341  	-0.052918 
6077.388999  	-0.052308 
6078.820657  	-0.048818 
6080.252315  	-0.048061 
6081.683974  	-0.048860 
6083.115632  	-0.047935 
6084.547290  	-0.047279 
6085.978948  	-0.047384 
6087.410606  	-0.046818 
6088.842265  	-0.045589 
6090.273923  	-0.045318 
6091.705581  	-0.046638 
6093.137239  	-0.047067 
6094.568897  	-0.047564 
6096.000555  	-0.050282 
6097.432214  	-0.050603 
6098.863872  	-0.048125 
6100.295530  	-0.048298 
6101.727188  	-0.048793 
6103.158846  	-0.047686 
6104.590505  	-0.049233 
6106.022163  	-0.051190 
6107.453821  	-0.049280 
6108.885479  	-0.047314 
6110.317137  	-0.048160 
6111.748796  	-0.049219 
6113.180454  	-0.048478 
6114.612112  	-0.046373 
6116.043770  	-0.045823 
6117.475428  	-0.048979 
6118.907086  	-0.051497 
6120.338745  	-0.050192 
6121.770403  	-0.048968 
6123.202061  	-0.049142 
6124.633719  	-0.048124 
6126.065377  	-0.046575 
6127.497036  	-0.046052 
6128.928694  	-0.047107 
6130.360352  	-0.048127 
6131.792010  	-0.047052 
6133.223668  	-0.048322 
6134.655327  	-0.052760 
6136.086985  	-0.051181 
6137.518643  	-0.045945 
6138.950301  	-0.047135 
6140.381959  	-0.050638 
6141.813617  	-0.051413 
6143.245276  	-0.052374 
6144.676934  	-0.050825 
6146.108592  	-0.046231 
6147.540250  	-0.044922 
6148.971908  	-0.046219 
6150.403567  	-0.046635 
6151.835225  	-0.047936 
6153.266883  	-0.049631 
6154.698541  	-0.050032 
6156.130199  	-0.050430 
6157.561857  	-0.050602 
6158.993516  	-0.050334 
6160.425174  	-0.050053 
6161.856832  	-0.048766 
6163.288490  	-0.048883 
6164.720148  	-0.049870 
6166.151807  	-0.046279 
6167.583465  	-0.043208 
6169.015123  	-0.045980 
6170.446781  	-0.047938 
6171.878439  	-0.048043 
6173.310098  	-0.048497 
6174.741756  	-0.046861 
6176.173414  	-0.047036 
6177.605072  	-0.048711 
6179.036730  	-0.046502 
6180.468388  	-0.046335 
6181.900047  	-0.049880 
6183.331705  	-0.050527 
6184.763363  	-0.049710 
6186.195021  	-0.049557 
6187.626679  	-0.050445 
6189.058338  	-0.052531 
6190.489996  	-0.051370 
6191.921654  	-0.049823 
6193.353312  	-0.051860 
6194.784970  	-0.051477 
6196.216628  	-0.049688 
6197.648287  	-0.050465 
6199.079945  	-0.050409 
6200.511603  	-0.050197 
6201.943261  	-0.050400 
6203.374919  	-0.047718 
6204.806578  	-0.044908 
6206.238236  	-0.046681 
6207.669894  	-0.051784 
6209.101552  	-0.053741 
6210.533210  	-0.050758 
6211.964869  	-0.048947 
6213.396527  	-0.049393 
6214.828185  	-0.051372 
6216.259843  	-0.055630 
6217.691501  	-0.055472 
6219.123159  	-0.051278 
6220.554818  	-0.049761 
6221.986476  	-0.047847 
6223.418134  	-0.047207 
6224.849792  	-0.051159 
6226.281450  	-0.052390 
6227.713109  	-0.051134 
6229.144767  	-0.051040 
6230.576425  	-0.049609 
6232.008083  	-0.050208 
6233.439741  	-0.052346 
6234.871400  	-0.050753 
6236.303058  	-0.049018 
6237.734716  	-0.049599 
6239.166374  	-0.050459 
6240.598032  	-0.050552 
6242.029690  	-0.049244 
6243.461349  	-0.049667 
6244.893007  	-0.050084 
6246.324665  	-0.047139 
6247.756323  	-0.047764 
6249.187981  	-0.050626 
6250.619640  	-0.047766 
6252.051298  	-0.046546 
6253.482956  	-0.049016 
6254.914614  	-0.046663 
6256.346272  	-0.044112 
6257.777930  	-0.046391 
6259.209589  	-0.047003 
6260.641247  	-0.045389 
6262.072905  	-0.046361 
6263.504563  	-0.049051 
6264.936221  	-0.050414 
6266.367880  	-0.051032 
6267.799538  	-0.051049 
6269.231196  	-0.049720 
6270.662854  	-0.048334 
6272.094512  	-0.047964 
6273.526171  	-0.048571 
6274.957829  	-0.049972 
6276.389487  	-0.049550 
6277.821145  	-0.047102 
6279.252803  	-0.046928 
6280.684461  	-0.049233 
6282.116120  	-0.050138 
6283.547778  	-0.048428 
6284.979436  	-0.045388 
6286.411094  	-0.043920 
6287.842752  	-0.046097 
6289.274411  	-0.050176 
6290.706069  	-0.053135 
6292.137727  	-0.054363 
6293.569385  	-0.055375 
6295.001043  	-0.054617 
6296.432702  	-0.051534 
6297.864360  	-0.050246 
6299.296018  	-0.050585 
6300.727676  	-0.050557 
6302.159334  	-0.052129 
6303.590992  	-0.052500 
6305.022651  	-0.050286 
6306.454309  	-0.049965 
6307.885967  	-0.050192 
6309.317625  	-0.050446 
6310.749283  	-0.053331 
6312.180942  	-0.053617 
6313.612600  	-0.049692 
6315.044258  	-0.046790 
6316.475916  	-0.046045 
6317.907574  	-0.048292 
6319.339232  	-0.050892 
6320.770891  	-0.049382 
6322.202549  	-0.048623 
6323.634207  	-0.050968 
6325.065865  	-0.051625 
6326.497523  	-0.050116 
6327.929182  	-0.048439 
6329.360840  	-0.049488 
6330.792498  	-0.053094 
6332.224156  	-0.053021 
6333.655814  	-0.049732 
6335.087473  	-0.047912 
6336.519131  	-0.047363 
6337.950789  	-0.049189 
6339.382447  	-0.051549 
6340.814105  	-0.050628 
6342.245763  	-0.049635 
6343.677422  	-0.048584 
6345.109080  	-0.045745 
6346.540738  	-0.045619 
6347.972396  	-0.046969 
6349.404054  	-0.046881 
6350.835713  	-0.049214 
6352.267371  	-0.052051 
6353.699029  	-0.049999 
6355.130687  	-0.046739 
6356.562345  	-0.047896 
6357.994003  	-0.051942 
6359.425662  	-0.053317 
6360.857320  	-0.050760 
6362.288978  	-0.048770 
6363.720636  	-0.049045 
6365.152294  	-0.050009 
6366.583953  	-0.051337 
6368.015611  	-0.051403 
6369.447269  	-0.049590 
6370.878927  	-0.048053 
6372.310585  	-0.047518 
6373.742244  	-0.048462 
6375.173902  	-0.049131 
6376.605560  	-0.046854 
6378.037218  	-0.046056 
6379.468876  	-0.049783 
6380.900534  	-0.052628 
6382.332193  	-0.054135 
6383.763851  	-0.056521 
6385.195509  	-0.056713 
6386.627167  	-0.054318 
6388.058825  	-0.049941 
6389.490484  	-0.044150 
6390.922142  	-0.043742 
6392.353800  	-0.047935 
6393.785458  	-0.048286 
6395.217116  	-0.045993 
6396.648775  	-0.045931 
6398.080433  	-0.048336 
6399.512091  	-0.051341 
6400.943749  	-0.051868 
6402.375407  	-0.052718 
6403.807065  	-0.055666 
6405.238724  	-0.054308 
6406.670382  	-0.050371 
6408.102040  	-0.049201 
6409.533698  	-0.047782 
6410.965356  	-0.047304 
6412.397015  	-0.047844 
6413.828673  	-0.045064 
6415.260331  	-0.044373 
6416.691989  	-0.047758 
6418.123647  	-0.048885 
6419.555305  	-0.047955 
6420.986964  	-0.047377 
6422.418622  	-0.048652 
6423.850280  	-0.052495 
6425.281938  	-0.053638 
6426.713596  	-0.051222 
6428.145255  	-0.049353 
6429.576913  	-0.046874 
6431.008571  	-0.044934 
6432.440229  	-0.045915 
6433.871887  	-0.048927 
6435.303546  	-0.053363 
6436.735204  	-0.053306 
6438.166862  	-0.046583 
6439.598520  	-0.044485 
6441.030178  	-0.048855 
6442.461836  	-0.049957 
6443.893495  	-0.048483 
6445.325153  	-0.049478 
6446.756811  	-0.050033 
6448.188469  	-0.049020 
6449.620127  	-0.049360 
6451.051786  	-0.050615 
6452.483444  	-0.051083 
6453.915102  	-0.050699 
6455.346760  	-0.049277 
6456.778418  	-0.048745 
6458.210077  	-0.049958 
6459.641735  	-0.049346 
6461.073393  	-0.048274 
6462.505051  	-0.049293 
6463.936709  	-0.049577 
6465.368367  	-0.051658 
6466.800026  	-0.055144 
6468.231684  	-0.053691 
6469.663342  	-0.052996 
6471.095000  	-0.056522 
6472.526658  	-0.056977 
6473.958317  	-0.056996 
6475.389975  	-0.057849 
6476.821633  	-0.054278 
6478.253291  	-0.051005 
6479.684949  	-0.049392 
6481.116607  	-0.047952 
6482.548266  	-0.051392 
6483.979924  	-0.055951 
6485.411582  	-0.056362 
6486.843240  	-0.054589 
6488.274898  	-0.051787 
6489.706557  	-0.052864 
6491.138215  	-0.055610 
6492.569873  	-0.050967 
6494.001531  	-0.047085 
6495.433189  	-0.050480 
6496.864848  	-0.053683 
6498.296506  	-0.057146 
6499.728164  	-0.059288 
6501.159822  	-0.056348 
6502.591480  	-0.054652 
6504.023138  	-0.053294 
6505.454797  	-0.050665 
6506.886455  	-0.052048 
6508.318113  	-0.052786 
6509.749771  	-0.051362 
6511.181429  	-0.051994 
6512.613088  	-0.051169 
6514.044746  	-0.051435 
6515.476404  	-0.052736 
6516.908062  	-0.046899 
6518.339720  	-0.041696 
6519.771379  	-0.045412 
6521.203037  	-0.049075 
6522.634695  	-0.048070 
6524.066353  	-0.047036 
6525.498011  	-0.049098 
6526.929669  	-0.052021 
6528.361328  	-0.052769 
6529.792986  	-0.052919 
6531.224644  	-0.052544 
6532.656302  	-0.052788 
6534.087960  	-0.055681 
6535.519619  	-0.052462 
6536.951277  	-0.044978 
6538.382935  	-0.045766 
6539.814593  	-0.047219 
6541.246251  	-0.046084 
6542.677909  	-0.050880 
6544.109568  	-0.051773 
6545.541226  	-0.046195 
6546.972884  	-0.047149 
6548.404542  	-0.050609 
6549.836200  	-0.051166 
6551.267859  	-0.052916 
6552.699517  	-0.052923 
6554.131175  	-0.051100 
6555.562833  	-0.051342 
6556.994491  	-0.052638 
6558.426150  	-0.052559 
6559.857808  	-0.050083 
6561.289466  	-0.047871 
6562.721124  	-0.046918 
6564.152782  	-0.044629 
6565.584440  	-0.044709 
6567.016099  	-0.050263 
6568.447757  	-0.056656 
6569.879415  	-0.058203 
6571.311073  	-0.053481 
6572.742731  	-0.048528 
6574.174390  	-0.047952 
6575.606048  	-0.047213 
6577.037706  	-0.046003 
6578.469364  	-0.046189 
6579.901022  	-0.046246 
6581.332680  	-0.049514 
6582.764339  	-0.053867 
6584.195997  	-0.052629 
6585.627655  	-0.050671 
6587.059313  	-0.051217 
6588.490971  	-0.050289 
6589.922630  	-0.050001 
6591.354288  	-0.051353 
6592.785946  	-0.051987 
6594.217604  	-0.053184 
6595.649262  	-0.054870 
6597.080921  	-0.054982 
6598.512579  	-0.053613 
6599.944237  	-0.052893 
6601.375895  	-0.053565 
6602.807553  	-0.051127 
6604.239211  	-0.044767 
6605.670870  	-0.043408 
6607.102528  	-0.048657 
6608.534186  	-0.051153 
6609.965844  	-0.052974 
6611.397502  	-0.057972 
6612.829161  	-0.056207 
6614.260819  	-0.048902 
6615.692477  	-0.048293 
6617.124135  	-0.047835 
6618.555793  	-0.045108 
6619.987452  	-0.052386 
6621.419110  	-0.060309 
6622.850768  	-0.054969 
6624.282426  	-0.049978 
6625.714084  	-0.052133 
6627.145742  	-0.052334 
6628.577401  	-0.051207 
6630.009059  	-0.052125 
6631.440717  	-0.053086 
6632.872375  	-0.053063 
6634.304033  	-0.050328 
6635.735692  	-0.045960 
6637.167350  	-0.045224 
6638.599008  	-0.049626 
6640.030666  	-0.054931 
6641.462324  	-0.055648 
6642.893982  	-0.051210 
6644.325641  	-0.047622 
6645.757299  	-0.047353 
6647.188957  	-0.047714 
6648.620615  	-0.049919 
6650.052273  	-0.054341 
6651.483932  	-0.055027 
6652.915590  	-0.052204 
6654.347248  	-0.051444 
6655.778906  	-0.052985 
6657.210564  	-0.055516 
6658.642223  	-0.056868 
6660.073881  	-0.055396 
6661.505539  	-0.054999 
6662.937197  	-0.054700 
6664.368855  	-0.052908 
6665.800513  	-0.054764 
6667.232172  	-0.055022 
6668.663830  	-0.050339 
6670.095488  	-0.050980 
6671.527146  	-0.053046 
6672.958804  	-0.050087 
6674.390463  	-0.050306 
6675.822121  	-0.051404 
6677.253779  	-0.049720 
6678.685437  	-0.052360 
6680.117095  	-0.055057 
6681.548754  	-0.052505 
6682.980412  	-0.051650 
6684.412070  	-0.055354 
6685.843728  	-0.059842 
6687.275386  	-0.060076 
6688.707044  	-0.056933 
6690.138703  	-0.056360 
6691.570361  	-0.055095 
6693.002019  	-0.052039 
6694.433677  	-0.053140 
6695.865335  	-0.054067 
6697.296994  	-0.052827 
6698.728652  	-0.054806 
6700.160310  	-0.056130 
6701.591968  	-0.055014 
6703.023626  	-0.053311 
6704.455284  	-0.049883 
6705.886943  	-0.050242 
6707.318601  	-0.052889 
6708.750259  	-0.047441 
6710.181917  	-0.043145 
6711.613575  	-0.049419 
6713.045234  	-0.052383 
6714.476892  	-0.049467 
6715.908550  	-0.052623 
6717.340208  	-0.056494 
6718.771866  	-0.053112 
6720.203525  	-0.050756 
6721.635183  	-0.051737 
6723.066841  	-0.049054 
6724.498499  	-0.046530 
6725.930157  	-0.047880 
6727.361815  	-0.045830 
6728.793474  	-0.040443 
6730.225132  	-0.041511 
6731.656790  	-0.050367 
6733.088448  	-0.057154 
6734.520106  	-0.053447 
6735.951765  	-0.047566 
6737.383423  	-0.052066 
6738.815081  	-0.058182 
6740.246739  	-0.057235 
6741.678397  	-0.056383 
6743.110056  	-0.053229 
6744.541714  	-0.048486 
6745.973372  	-0.052738 
6747.405030  	-0.054849 
6748.836688  	-0.047337 
6750.268346  	-0.047534 
6751.700005  	-0.054103 
6753.131663  	-0.054604 
6754.563321  	-0.053464 
6755.994979  	-0.053117 
6757.426637  	-0.053362 
6758.858296  	-0.053912 
6760.289954  	-0.049720 
6761.721612  	-0.048180 
6763.153270  	-0.052424 
6764.584928  	-0.049579 
6766.016586  	-0.046030 
6767.448245  	-0.051973 
6768.879903  	-0.055689 
6770.311561  	-0.054047 
6771.743219  	-0.053376 
6773.174877  	-0.051492 
6774.606536  	-0.050670 
6776.038194  	-0.052683 
6777.469852  	-0.051711 
6778.901510  	-0.048807 
6780.333168  	-0.046915 
6781.764827  	-0.045666 
6783.196485  	-0.048807 
6784.628143  	-0.053088 
6786.059801  	-0.049941 
6787.491459  	-0.046787 
6788.923117  	-0.050252 
6790.354776  	-0.053618 
6791.786434  	-0.055756 
6793.218092  	-0.057051 
6794.649750  	-0.053534 
6796.081408  	-0.051707 
6797.513067  	-0.055736 
6798.944725  	-0.056137 
6800.376383  	-0.050874 
6801.808041  	-0.049205 
6803.239699  	-0.054497 
6804.671357  	-0.058562 
6806.103016  	-0.055009 
6807.534674  	-0.049915 
6808.966332  	-0.048995 
6810.397990  	-0.050352 
6811.829648  	-0.052464 
6813.261307  	-0.052646 
6814.692965  	-0.051134 
6816.124623  	-0.050229 
6817.556281  	-0.047477 
6818.987939  	-0.046704 
6820.419598  	-0.048962 
6821.851256  	-0.048181 
6823.282914  	-0.050467 
6824.714572  	-0.053762 
6826.146230  	-0.048328 
6827.577888  	-0.046346 
6829.009547  	-0.052351 
6830.441205  	-0.053118 
6831.872863  	-0.051001 
6833.304521  	-0.053855 
6834.736179  	-0.058392 
6836.167838  	-0.057340 
6837.599496  	-0.050412 
6839.031154  	-0.049791 
6840.462812  	-0.053751 
6841.894470  	-0.049725 
6843.326129  	-0.045257 
6844.757787  	-0.045573 
6846.189445  	-0.046291 
6847.621103  	-0.050680 
6849.052761  	-0.055650 
6850.484419  	-0.055177 
6851.916078  	-0.052420 
6853.347736  	-0.051526 
6854.779394  	-0.055860 
6856.211052  	-0.058368 
6857.642710  	-0.053893 
6859.074369  	-0.052471 
6860.506027  	-0.050894 
6861.937685  	-0.046245 
6863.369343  	-0.049135 
6864.801001  	-0.050895 
6866.232659  	-0.046057 
6867.664318  	-0.046144 
6869.095976  	-0.047978 
6870.527634  	-0.047991 
6871.959292  	-0.048816 
6873.390950  	-0.045496 
6874.822609  	-0.043144 
6876.254267  	-0.046808 
6877.685925  	-0.049944 
6879.117583  	-0.052155 
6880.549241  	-0.052075 
6881.980900  	-0.044733 
6883.412558  	-0.040099 
6884.844216  	-0.047933 
6886.275874  	-0.057626 
6887.707532  	-0.056720 
6889.139190  	-0.053029 
6890.570849  	-0.054690 
6892.002507  	-0.054108 
6893.434165  	-0.051354 
6894.865823  	-0.052624 
6896.297481  	-0.051946 
6897.729140  	-0.050952 
6899.160798  	-0.055544 
6900.592456  	-0.056013 
6902.024114  	-0.049015 
6903.455772  	-0.044742 
6904.887431  	-0.045439 
6906.319089  	-0.049383 
6907.750747  	-0.055305 
6909.182405  	-0.054675 
6910.614063  	-0.048608 
6912.045721  	-0.048908 
6913.477380  	-0.052231 
6914.909038  	-0.050670 
6916.340696  	-0.048915 
6917.772354  	-0.049324 
6919.204012  	-0.052488 
6920.635671  	-0.055778 
6922.067329  	-0.051728 
6923.498987  	-0.051157 
6924.930645  	-0.060020 
6926.362303  	-0.058765 
6927.793961  	-0.049558 
6929.225620  	-0.048717 
6930.657278  	-0.048723 
6932.088936  	-0.047008 
6933.520594  	-0.048581 
6934.952252  	-0.050252 
6936.383911  	-0.052613 
6937.815569  	-0.051626 
6939.247227  	-0.045356 
6940.678885  	-0.045276 
6942.110543  	-0.051286 
6943.542202  	-0.054573 
6944.973860  	-0.054186 
6946.405518  	-0.052218 
6947.837176  	-0.052821 
6949.268834  	-0.054581 
6950.700492  	-0.054117 
6952.132151  	-0.055546 
6953.563809  	-0.056631 
6954.995467  	-0.054149 
6956.427125  	-0.055820 
6957.858783  	-0.060050 
6959.290442  	-0.058629 
6960.722100  	-0.055358 
6962.153758  	-0.054892 
6963.585416  	-0.053200 
6965.017074  	-0.050946 
6966.448732  	-0.053925 
6967.880391  	-0.056414 
6969.312049  	-0.054131 
6970.743707  	-0.054661 
6972.175365  	-0.056277 
6973.607023  	-0.055245 
6975.038682  	-0.055217 
6976.470340  	-0.051895 
6977.901998  	-0.048237 
6979.333656  	-0.051030 
6980.765314  	-0.052209 
6982.196973  	-0.051742 
6983.628631  	-0.054880 
6985.060289  	-0.053957 
6986.491947  	-0.050098 
6987.923605  	-0.052111 
6989.355263  	-0.059155 
6990.786922  	-0.062558 
6992.218580  	-0.056162 
6993.650238  	-0.047359 
6995.081896  	-0.044150 
6996.513554  	-0.044291 
6997.945213  	-0.048047 
6999.376871  	-0.050305 
7000.808529  	-0.048646 
7002.240187  	-0.053841 
7003.671845  	-0.062885 
7005.103504  	-0.063541 
7006.535162  	-0.056762 
7007.966820  	-0.049170 
7009.398478  	-0.050376 
7010.830136  	-0.057666 
7012.261794  	-0.057589 
7013.693453  	-0.052330 
7015.125111  	-0.049546 
7016.556769  	-0.049608 
7017.988427  	-0.050710 
7019.420085  	-0.048159 
7020.851744  	-0.048432 
7022.283402  	-0.052742 
7023.715060  	-0.048962 
7025.146718  	-0.046728 
7026.578376  	-0.054114 
7028.010034  	-0.055928 
7029.441693  	-0.053179 
7030.873351  	-0.056489 
7032.305009  	-0.060702 
7033.736667  	-0.059751 
7035.168325  	-0.055282 
7036.599984  	-0.054421 
7038.031642  	-0.055121 
7039.463300  	-0.051839 
7040.894958  	-0.054602 
7042.326616  	-0.061440 
7043.758275  	-0.060256 
7045.189933  	-0.060060 
7046.621591  	-0.062182 
7048.053249  	-0.058302 
7049.484907  	-0.056729 
7050.916565  	-0.057788 
7052.348224  	-0.053695 
7053.779882  	-0.050328 
7055.211540  	-0.049873 
7056.643198  	-0.049463 
7058.074856  	-0.050223 
7059.506515  	-0.051766 
7060.938173  	-0.056202 
7062.369831  	-0.061600 
7063.801489  	-0.059490 
7065.233147  	-0.054307 
7066.664806  	-0.054766 
7068.096464  	-0.056542 
7069.528122  	-0.054073 
7070.959780  	-0.050955 
7072.391438  	-0.054224 
7073.823096  	-0.062574 
7075.254755  	-0.062264 
7076.686413  	-0.050540 
7078.118071  	-0.042807 
7079.549729  	-0.048460 
7080.981387  	-0.060461 
7082.413046  	-0.064919 
7083.844704  	-0.061073 
7085.276362  	-0.064114 
7086.708020  	-0.069883 
7088.139678  	-0.061324 
7089.571336  	-0.051822 
7091.002995  	-0.053881 
7092.434653  	-0.056420 
7093.866311  	-0.061077 
7095.297969  	-0.066691 
7096.729627  	-0.063099 
7098.161286  	-0.058283 
7099.592944  	-0.054730 
7101.024602  	-0.050296 
7102.456260  	-0.054350 
7103.887918  	-0.059621 
7105.319577  	-0.056444 
7106.751235  	-0.054071 
7108.182893  	-0.056341 
7109.614551  	-0.055822 
7111.046209  	-0.048330 
7112.477867  	-0.043506 
7113.909526  	-0.047567 
7115.341184  	-0.047490 
7116.772842  	-0.043438 
7118.204500  	-0.046186 
7119.636158  	-0.050853 
7121.067817  	-0.057504 
7122.499475  	-0.064263 
7123.931133  	-0.059690 
7125.362791  	-0.054379 
7126.794449  	-0.055673 
7128.226108  	-0.056096 
7129.657766  	-0.058094 
7131.089424  	-0.057621 
7132.521082  	-0.051333 
7133.952740  	-0.046593 
7135.384398  	-0.042873 
7136.816057  	-0.045093 
7138.247715  	-0.053522 
7139.679373  	-0.056002 
7141.111031  	-0.055676 
7142.542689  	-0.057769 
7143.974348  	-0.061871 
7145.406006  	-0.068771 
7146.837664  	-0.064831 
7148.269322  	-0.053706 
7149.700980  	-0.050537 
7151.132638  	-0.043079 
7152.564297  	-0.036047 
7153.995955  	-0.045428 
7155.427613  	-0.052444 
7156.859271  	-0.051036 
7158.290929  	-0.054815 
7159.722588  	-0.056894 
7161.154246  	-0.056345 
7162.585904  	-0.058032 
7164.017562  	-0.055590 
7165.449220  	-0.055006 
7166.880879  	-0.059298 
7168.312537  	-0.055798 
7169.744195  	-0.046793 
7171.175853  	-0.043964 
7172.607511  	-0.047306 
7174.039169  	-0.051227 
7175.470828  	-0.049936 
7176.902486  	-0.045102 
7178.334144  	-0.046818 
7179.765802  	-0.051389 
7181.197460  	-0.049469 
7182.629119  	-0.048694 
7184.060777  	-0.056186 
7185.492435  	-0.063325 
7186.924093  	-0.059162 
7188.355751  	-0.047756 
7189.787409  	-0.046403 
7191.219068  	-0.051654 
7192.650726  	-0.050070 
7194.082384  	-0.053355 
7195.514042  	-0.064702 
7196.945700  	-0.065739 
7198.377359  	-0.058796 
7199.809017  	-0.053902 
7201.240675  	-0.050334 
7202.672333  	-0.049591 
7204.103991  	-0.050881 
7205.535650  	-0.054207 
7206.967308  	-0.056153 
7208.398966  	-0.051915 
7209.830624  	-0.051516 
7211.262282  	-0.052993 
7212.693940  	-0.048525 
7214.125599  	-0.047495 
7215.557257  	-0.044970 
7216.988915  	-0.041410 
7218.420573  	-0.053390 
7219.852231  	-0.064681 
7221.283890  	-0.056661 
7222.715548  	-0.045772 
7224.147206  	-0.040710 
7225.578864  	-0.042148 
7227.010522  	-0.046028 
7228.442181  	-0.048358 
7229.873839  	-0.054451 
7231.305497  	-0.053637 
7232.737155  	-0.047191 
7234.168813  	-0.053388 
7235.600471  	-0.054984 
7237.032130  	-0.048577 
7238.463788  	-0.050331 
7239.895446  	-0.050249 
7241.327104  	-0.052103 
7242.758762  	-0.060626 
7244.190421  	-0.056041 
7245.622079  	-0.050704 
7247.053737  	-0.054874 
7248.485395  	-0.052870 
7249.917053  	-0.049600 
7251.348711  	-0.054168 
7252.780370  	-0.059426 
7254.212028  	-0.057717 
7255.643686  	-0.047477 
7257.075344  	-0.043036 
7258.507002  	-0.046821 
7259.938661  	-0.048723 
7261.370319  	-0.052399 
7262.801977  	-0.057761 
7264.233635  	-0.061921 
7265.665293  	-0.064998 
7267.096952  	-0.055448 
7268.528610  	-0.043437 
7269.960268  	-0.049159 
7271.391926  	-0.056285 
7272.823584  	-0.050998 
7274.255242  	-0.047087 
7275.686901  	-0.051551 
7277.118559  	-0.054539 
7278.550217  	-0.050069 
7279.981875  	-0.047814 
7281.413533  	-0.051739 
7282.845192  	-0.051206 
7284.276850  	-0.050396 
7285.708508  	-0.053360 
7287.140166  	-0.047573 
7288.571824  	-0.042983 
7290.003483  	-0.050898 
7291.435141  	-0.054575 
7292.866799  	-0.048770 
7294.298457  	-0.049489 
7295.730115  	-0.059341 
7297.161773  	-0.062880 
7298.593432  	-0.057087 
7300.025090  	-0.057342 
7301.456748  	-0.063487 
7302.888406  	-0.063183 
7304.320064  	-0.064969 
7305.751723  	-0.071459 
7307.183381  	-0.065361 
7308.615039  	-0.049588 
7310.046697  	-0.043743 
7311.478355  	-0.048004 
7312.910013  	-0.057079 
7314.341672  	-0.062838 
7315.773330  	-0.057529 
7317.204988  	-0.051887 
7318.636646  	-0.053764 
7320.068304  	-0.050220 
7321.499963  	-0.045460 
7322.931621  	-0.052449 
7324.363279  	-0.059302 
7325.794937  	-0.059740 
7327.226595  	-0.061245 
7328.658254  	-0.060677 
7330.089912  	-0.056378 
7331.521570  	-0.050736 
7332.953228  	-0.045576 
7334.384886  	-0.051007 
7335.816544  	-0.063666 
7337.248203  	-0.065057 
7338.679861  	-0.057764 
7340.111519  	-0.053286 
7341.543177  	-0.051396 
7342.974835  	-0.052076 
7344.406494  	-0.059524 
7345.838152  	-0.069368 
7347.269810  	-0.071252 
7348.701468  	-0.065684 
7350.133126  	-0.061579 
7351.564785  	-0.058927 
7352.996443  	-0.053051 
7354.428101  	-0.048779 
7355.859759  	-0.051216 
7357.291417  	-0.054966 
7358.723075  	-0.054564 
7360.154734  	-0.055406 
7361.586392  	-0.057415 
7363.018050  	-0.058019 
7364.449708  	-0.061734 
7365.881366  	-0.059922 
7367.313025  	-0.049454 
7368.744683  	-0.042740 
7370.176341  	-0.040968 
7371.607999  	-0.045167 
7373.039657  	-0.051488 
7374.471315  	-0.049006 
7375.902974  	-0.048848 
7377.334632  	-0.057910 
7378.766290  	-0.062386 
7380.197948  	-0.065150 
7381.629606  	-0.062445 
7383.061265  	-0.055385 
7384.492923  	-0.062764 
7385.924581  	-0.066911 
7387.356239  	-0.059081 
7388.787897  	-0.064415 
7390.219556  	-0.069802 
7391.651214  	-0.059326 
7393.082872  	-0.052427 
7394.514530  	-0.052547 
7395.946188  	-0.055181 
7397.377846  	-0.054176 
7398.809505  	-0.048339 
7400.241163  	-0.053946 
7401.672821  	-0.062654 
7403.104479  	-0.056376 
7404.536137  	-0.049912 
7405.967796  	-0.052058 
7407.399454  	-0.060172 
7408.831112  	-0.069234 
7410.262770  	-0.062704 
7411.694428  	-0.050702 
7413.126086  	-0.059231 
7414.557745  	-0.076015 
7415.989403  	-0.079117 
7417.421061  	-0.070865 
7418.852719  	-0.064256 
7420.284377  	-0.057274 
7421.716036  	-0.045245 
7423.147694  	-0.042500 
7424.579352  	-0.049771 
7426.011010  	-0.054064 
7427.442668  	-0.059261 
7428.874327  	-0.063063 
7430.305985  	-0.062899 
7431.737643  	-0.071548 
7433.169301  	-0.076092 
7434.600959  	-0.065686 
7436.032617  	-0.060992 
7437.464276  	-0.063867 
7438.895934  	-0.062436 
7440.327592  	-0.058496 
7441.759250  	-0.054502 
7443.190908  	-0.055362 
7444.622567  	-0.059467 
7446.054225  	-0.059849 
7447.485883  	-0.056938 
7448.917541  	-0.048481 
7450.349199  	-0.041436 
7451.780858  	-0.043437 
7453.212516  	-0.042289 
7454.644174  	-0.038646 
7456.075832  	-0.041569 
7457.507490  	-0.042993 
7458.939148  	-0.043643 
7460.370807  	-0.048636 
7461.802465  	-0.054310 
7463.234123  	-0.063348 
7464.665781  	-0.070602 
7466.097439  	-0.071879 
7467.529098  	-0.069987 
7468.960756  	-0.057845 
7470.392414  	-0.045808 
7471.824072  	-0.055083 
7473.255730  	-0.063202 
7474.687388  	-0.056928 
7476.119047  	-0.058078 
7477.550705  	-0.063077 
7478.982363  	-0.061756 
7480.414021  	-0.062019 
7481.845679  	-0.058464 
7483.277338  	-0.047865 
7484.708996  	-0.046475 
7486.140654  	-0.058563 
7487.572312  	-0.069840 
7489.003970  	-0.074791 
7490.435629  	-0.074472 
7491.867287  	-0.064789 
7493.298945  	-0.050718 
7494.730603  	-0.044514 
7496.162261  	-0.042654 
7497.593919  	-0.044879 
7499.025578  	-0.060344 
7500.457236  	-0.070366 
7501.888894  	-0.062896 
7503.320552  	-0.061175 
7504.752210  	-0.063345 
7506.183869  	-0.056916 
7507.615527  	-0.054731 
7509.047185  	-0.054909 
7510.478843  	-0.054386 
7511.910501  	-0.060640 
7513.342160  	-0.060589 
7514.773818  	-0.059002 
7516.205476  	-0.070023 
7517.637134  	-0.073320 
7519.068792  	-0.063234 
7520.500450  	-0.052164 
7521.932109  	-0.047217 
7523.363767  	-0.055690 
7524.795425  	-0.059938 
7526.227083  	-0.047405 
7527.658741  	-0.052058 
7529.090400  	-0.069826 
7530.522058  	-0.067636 
7531.953716  	-0.060382 
7533.385374  	-0.056505 
7534.817032  	-0.049891 
7536.248690  	-0.059819 
7537.680349  	-0.072431 
7539.112007  	-0.064563 
7540.543665  	-0.062835 
7541.975323  	-0.069420 
7543.406981  	-0.056988 
7544.838640  	-0.047745 
7546.270298  	-0.061424 
7547.701956  	-0.069028 
7549.133614  	-0.060258 
7550.565272  	-0.054926 
7551.996931  	-0.056760 
7553.428589  	-0.065104 
7554.860247  	-0.070110 
7556.291905  	-0.058549 
7557.723563  	-0.048665 
7559.155221  	-0.053181 
7560.586880  	-0.057937 
7562.018538  	-0.062585 
7563.450196  	-0.067312 
7564.881854  	-0.069910 
7566.313512  	-0.078125 
7567.745171  	-0.075881 
7569.176829  	-0.056346 
7570.608487  	-0.044379 
7572.040145  	-0.039018 
7573.471803  	-0.038172 
7574.903461  	-0.051234 
7576.335120  	-0.057578 
7577.766778  	-0.061564 
7579.198436  	-0.068729 
7580.630094  	-0.056645 
7582.061752  	-0.048439 
7583.493411  	-0.061151 
7584.925069  	-0.061542 
7586.356727  	-0.058820 
7587.788385  	-0.060692 
7589.220043  	-0.044340 
7590.651702  	-0.036818 
7592.083360  	-0.045703 
7593.515018  	-0.048959 
7594.946676  	-0.061640 
7596.378334  	-0.068856 
7597.809992  	-0.050554 
7599.241651  	-0.041621 
7600.673309  	-0.048932 
7602.104967  	-0.058318 
7603.536625  	-0.072058 
7604.968283  	-0.068505 
7606.399942  	-0.048799 
7607.831600  	-0.045835 
7609.263258  	-0.053651 
7610.694916  	-0.060557 
7612.126574  	-0.070628 
7613.558233  	-0.071162 
7614.989891  	-0.059061 
7616.421549  	-0.054661 
7617.853207  	-0.070528 
7619.284865  	-0.085871 
7620.716523  	-0.080011 
7622.148182  	-0.073566 
7623.579840  	-0.073749 
7625.011498  	-0.062077 
7626.443156  	-0.054150 
7627.874814  	-0.067445 
7629.306473  	-0.082489 
7630.738131  	-0.088020 
7632.169789  	-0.090639 
7633.601447  	-0.088499 
7635.033105  	-0.076274 
7636.464763  	-0.057811 
7637.896422  	-0.049430 
7639.328080  	-0.054927 
7640.759738  	-0.055872 
7642.191396  	-0.056027 
7643.623054  	-0.063484 
7645.054713  	-0.063600 
7646.486371  	-0.059194 
7647.918029  	-0.055748 
7649.349687  	-0.047315 
7650.781345  	-0.041081 
7652.213004  	-0.041461 
7653.644662  	-0.040923 
7655.076320  	-0.046920 
7656.507978  	-0.059732 
7657.939636  	-0.063106 
7659.371294  	-0.057928 
7660.802953  	-0.055566 
7662.234611  	-0.057263 
7663.666269  	-0.060181 
7665.097927  	-0.057664 
7666.529585  	-0.050857 
7667.961244  	-0.049865 
7669.392902  	-0.055719 
7670.824560  	-0.064749 
7672.256218  	-0.072677 
7673.687876  	-0.075061 
7675.119535  	-0.076430 
7676.551193  	-0.075067 
7677.982851  	-0.063955 
7679.414509  	-0.061992 
7680.846167  	-0.077772 
7682.277825  	-0.083572 
7683.709484  	-0.074070 
7685.141142  	-0.070689 
7686.572800  	-0.074097 
7688.004458  	-0.079205 
7689.436116  	-0.078459 
7690.867775  	-0.056350 
7692.299433  	-0.028560 
7693.731091  	-0.031995 
7695.162749  	-0.056666 
7696.594407  	-0.061821 
7698.026065  	-0.052835 
7699.457724  	-0.048696 
7700.889382  	-0.045909 
7702.321040  	-0.051405 
7703.752698  	-0.059300 
7705.184356  	-0.040213 
7706.616015  	-0.019607 
7708.047673  	-0.035801 
7709.479331  	-0.065570 
7710.910989  	-0.068316 
7712.342647  	-0.045604 
7713.774306  	-0.031669 
7715.205964  	-0.044668 
7716.637622  	-0.057179 
7718.069280  	-0.057319 
7719.500938  	-0.058719 
7720.932596  	-0.058115 
7722.364255  	-0.063288 
7723.795913  	-0.071605 
7725.227571  	-0.062746 
7726.659229  	-0.054918 
7728.090887  	-0.057997 
7729.522546  	-0.047782 
7730.954204  	-0.046622 
7732.385862  	-0.061641 
7733.817520  	-0.062507 
7735.249178  	-0.062238 
7736.680837  	-0.071014 
7738.112495  	-0.072584 
7739.544153  	-0.064028 
7740.975811  	-0.050399 
7742.407469  	-0.045949 
7743.839127  	-0.057459 
7745.270786  	-0.059060 
7746.702444  	-0.055382 
7748.134102  	-0.055071 
7749.565760  	-0.047342 
7750.997418  	-0.047832 
7752.429077  	-0.060726 
7753.860735  	-0.061568 
7755.292393  	-0.052750 
7756.724051  	-0.044219 
7758.155709  	-0.043760 
7759.587367  	-0.057197 
7761.019026  	-0.060524 
7762.450684  	-0.052508 
7763.882342  	-0.052158 
7765.314000  	-0.055277 
7766.745658  	-0.065322 
7768.177317  	-0.069353 
7769.608975  	-0.051268 
7771.040633  	-0.039466 
7772.472291  	-0.048405 
7773.903949  	-0.055609 
7775.335608  	-0.062941 
7776.767266  	-0.064055 
7778.198924  	-0.054439 
7779.630582  	-0.060238 
7781.062240  	-0.072767 
7782.493898  	-0.059204 
7783.925557  	-0.045339 
7785.357215  	-0.054898 
7786.788873  	-0.059551 
7788.220531  	-0.053388 
7789.652189  	-0.053372 
7791.083848  	-0.053841 
7792.515506  	-0.057101 
7793.947164  	-0.065198 
7795.378822  	-0.042875 
7796.810480  	-0.008233 
7798.242138  	-0.025711 
7799.673797  	-0.062169 
7801.105455  	-0.068884 
7802.537113  	-0.072610 
7803.968771  	-0.076529 
7805.400429  	-0.068619 
7806.832088  	-0.065536 
7808.263746  	-0.054174 
7809.695404  	-0.036150 
7811.127062  	-0.048540 
7812.558720  	-0.076538 
7813.990379  	-0.080245 
7815.422037  	-0.067313 
7816.853695  	-0.075436 
7818.285353  	-0.094137 
7819.717011  	-0.082376 
7821.148669  	-0.068042 
7822.580328  	-0.074879 
7824.011986  	-0.071082 
7825.443644  	-0.064381 
7826.875302  	-0.059955 
7828.306960  	-0.044576 
7829.738619  	-0.049601 
7831.170277  	-0.066999 
7832.601935  	-0.063489 
7834.033593  	-0.064637 
7835.465251  	-0.066312 
7836.896910  	-0.058878 
7838.328568  	-0.064582 
7839.760226  	-0.066688 
7841.191884  	-0.055621 
7842.623542  	-0.046152 
7844.055200  	-0.039250 
7845.486859  	-0.052523 
7846.918517  	-0.070668 
7848.350175  	-0.067710 
7849.781833  	-0.076606 
7851.213491  	-0.103302 
7852.645150  	-0.096560 
7854.076808  	-0.062104 
7855.508466  	-0.043032 
7856.940124  	-0.054395 
7858.371782  	-0.062856 
7859.803440  	-0.059052 
7861.235099  	-0.063835 
7862.666757  	-0.072971 
7864.098415  	-0.077699 
7865.530073  	-0.076790 
7866.961731  	-0.062821 
7868.393390  	-0.053019 
7869.825048  	-0.051615 
7871.256706  	-0.051269 
7872.688364  	-0.069311 
7874.120022  	-0.086706 
7875.551681  	-0.083100 
7876.983339  	-0.072773 
7878.414997  	-0.047119 
7879.846655  	-0.030421 
7881.278313  	-0.050682 
7882.709971  	-0.060479 
7884.141630  	-0.047567 
7885.573288  	-0.051580 
7887.004946  	-0.059625 
7888.436604  	-0.057590 
7889.868262  	-0.059877 
7891.299921  	-0.070803 
7892.731579  	-0.075380 
7894.163237  	-0.061714 
7895.594895  	-0.048960 
7897.026553  	-0.050905 
7898.458212  	-0.057286 
7899.889870  	-0.073060 