##TITLE=No Description
##DATA TYPE=INFRARED SPECTRUM
##XUNITS=1/CM
##YUNITS=Abs
349.324597  	0.183666 
350.756256  	-0.114015 
352.187914  	-0.211124 
353.619572  	-0.117503 
355.051230  	0.085945 
356.482888  	0.131106 
357.914546  	-0.085850 
359.346205  	-0.164278 
360.777863  	-0.100731 
362.209521  	0.066449 
363.641179  	-0.013340 
365.072837  	-0.132524 
366.504496  	-0.068249 
367.936154  	0.038426 
369.367812  	-0.035819 
370.799470  	-0.065997 
372.231128  	-0.001870 
373.662787  	0.103943 
375.094445  	0.075058 
376.526103  	-0.048349 
377.957761  	-0.008980 
379.389419  	0.054330 
380.821077  	0.052985 
382.252736  	0.043797 
383.684394  	0.051629 
385.116052  	0.067311 
386.547710  	0.077258 
387.979368  	0.079700 
389.411027  	0.056658 
390.842685  	0.010842 
392.274343  	-0.008297 
393.706001  	0.041394 
395.137659  	0.101877 
396.569317  	0.075738 
398.000976  	0.054992 
399.432634  	0.051017 
400.864292  	0.017279 
402.295950  	0.009823 
403.727608  	0.017259 
405.159267  	0.021917 
406.590925  	0.050867 
408.022583  	0.074333 
409.454241  	0.073002 
410.885899  	0.067100 
412.317558  	0.047891 
413.749216  	0.031714 
415.180874  	0.045308 
416.612532  	0.046794 
418.044190  	0.009886 
419.475848  	-0.005628 
420.907507  	0.030340 
422.339165  	0.059236 
423.770823  	0.070244 
425.202481  	0.063290 
426.634139  	0.053913 
428.065798  	0.040168 
429.497456  	0.038853 
430.929114  	0.054370 
432.360772  	0.062849 
433.792430  	0.058275 
435.224089  	0.053985 
436.655747  	0.055017 
438.087405  	0.058781 
439.519063  	0.054580 
440.950721  	0.044888 
442.382379  	0.046585 
443.814038  	0.056484 
445.245696  	0.056396 
446.677354  	0.051683 
448.109012  	0.058721 
449.540670  	0.071739 
450.972329  	0.070807 
452.403987  	0.061425 
453.835645  	0.062425 
455.267303  	0.063657 
456.698961  	0.055327 
458.130619  	0.051714 
459.562278  	0.062545 
460.993936  	0.071250 
462.425594  	0.067142 
463.857252  	0.059259 
465.288910  	0.065549 
466.720569  	0.076097 
468.152227  	0.073081 
469.583885  	0.065705 
471.015543  	0.067599 
472.447201  	0.075165 
473.878860  	0.073861 
475.310518  	0.065940 
476.742176  	0.064170 
478.173834  	0.068017 
479.605492  	0.068749 
481.037150  	0.069478 
482.468809  	0.073338 
483.900467  	0.075517 
485.332125  	0.076320 
486.763783  	0.078531 
488.195441  	0.081339 
489.627100  	0.084894 
491.058758  	0.085504 
492.490416  	0.083171 
493.922074  	0.086856 
495.353732  	0.091636 
496.785391  	0.085869 
498.217049  	0.080801 
499.648707  	0.088363 
501.080365  	0.096035 
502.512023  	0.095862 
503.943681  	0.095767 
505.375340  	0.097121 
506.806998  	0.097612 
508.238656  	0.099544 
509.670314  	0.102203 
511.101972  	0.101702 
512.533631  	0.099499 
513.965289  	0.100943 
515.396947  	0.103030 
516.828605  	0.101002 
518.260263  	0.101756 
519.691921  	0.105879 
521.123580  	0.105562 
522.555238  	0.104680 
523.986896  	0.105633 
525.418554  	0.105275 
526.850212  	0.106651 
528.281871  	0.107326 
529.713529  	0.103383 
531.145187  	0.101202 
532.576845  	0.102077 
534.008503  	0.100118 
535.440162  	0.097276 
536.871820  	0.097577 
538.303478  	0.099461 
539.735136  	0.099941 
541.166794  	0.098150 
542.598452  	0.096902 
544.030111  	0.099071 
545.461769  	0.102118 
546.893427  	0.102399 
548.325085  	0.102260 
549.756743  	0.104363 
551.188402  	0.105057 
552.620060  	0.103125 
554.051718  	0.103293 
555.483376  	0.105948 
556.915034  	0.107705 
558.346692  	0.109452 
559.778351  	0.113252 
561.210009  	0.117576 
562.641667  	0.120651 
564.073325  	0.123867 
565.504983  	0.128194 
566.936642  	0.131728 
568.368300  	0.134704 
569.799958  	0.138561 
571.231616  	0.141789 
572.663274  	0.144909 
574.094933  	0.149218 
575.526591  	0.152650 
576.958249  	0.153640 
578.389907  	0.152597 
579.821565  	0.150745 
581.253223  	0.149171 
582.684882  	0.145980 
584.116540  	0.140655 
585.548198  	0.135297 
586.979856  	0.129880 
588.411514  	0.125101 
589.843173  	0.122680 
591.274831  	0.121466 
592.706489  	0.120522 
594.138147  	0.119562 
595.569805  	0.117243 
597.001464  	0.113970 
598.433122  	0.111670 
599.864780  	0.110766 
601.296438  	0.109629 
602.728096  	0.107348 
604.159754  	0.105907 
605.591413  	0.105794 
607.023071  	0.104499 
608.454729  	0.101879 
609.886387  	0.099815 
611.318045  	0.099000 
612.749704  	0.099180 
614.181362  	0.099187 
615.613020  	0.098700 
617.044678  	0.098891 
618.476336  	0.099163 
619.907994  	0.098672 
621.339653  	0.098621 
622.771311  	0.099149 
624.202969  	0.099124 
625.634627  	0.098451 
627.066285  	0.097684 
628.497944  	0.097604 
629.929602  	0.098498 
631.361260  	0.098821 
632.792918  	0.097915 
634.224576  	0.097650 
635.656235  	0.098319 
637.087893  	0.098350 
638.519551  	0.098196 
639.951209  	0.098811 
641.382867  	0.099716 
642.814525  	0.100854 
644.246184  	0.101866 
645.677842  	0.101870 
647.109500  	0.102536 
648.541158  	0.104883 
649.972816  	0.106323 
651.404475  	0.107142 
652.836133  	0.109976 
654.267791  	0.112848 
655.699449  	0.113792 
657.131107  	0.114861 
658.562766  	0.116829 
659.994424  	0.118958 
661.426082  	0.121777 
662.857740  	0.124585 
664.289398  	0.125950 
665.721056  	0.127713 
667.152715  	0.131996 
668.584373  	0.136465 
670.016031  	0.137699 
671.447689  	0.139895 
672.879347  	0.141922 
674.311006  	0.143587 
675.742664  	0.146359 
677.174322  	0.148569 
678.605980  	0.149450 
680.037638  	0.150311 
681.469296  	0.151177 
682.900955  	0.151912 
684.332613  	0.151846 
685.764271  	0.151179 
687.195929  	0.150946 
688.627587  	0.149630 
690.059246  	0.146714 
691.490904  	0.144392 
692.922562  	0.142648 
694.354220  	0.140044 
695.785878  	0.137354 
697.217537  	0.135253 
698.649195  	0.132402 
700.080853  	0.129178 
701.512511  	0.126544 
702.944169  	0.123726 
704.375827  	0.121435 
705.807486  	0.119683 
707.239144  	0.117204 
708.670802  	0.115246 
710.102460  	0.113766 
711.534118  	0.111855 
712.965777  	0.110807 
714.397435  	0.110239 
715.829093  	0.109394 
717.260751  	0.108629 
718.692409  	0.107679 
720.124067  	0.107163 
721.555726  	0.106839 
722.987384  	0.106557 
724.419042  	0.107924 
725.850700  	0.109515 
727.282358  	0.109885 
728.714017  	0.109955 
730.145675  	0.107840 
731.577333  	0.102864 
733.008991  	0.096878 
734.440649  	0.089911 
735.872308  	0.083456 
737.303966  	0.078708 
738.735624  	0.074344 
740.167282  	0.070735 
741.598940  	0.068378 
743.030598  	0.066456 
744.462257  	0.064516 
745.893915  	0.062154 
747.325573  	0.059914 
748.757231  	0.058434 
750.188889  	0.057047 
751.620548  	0.055334 
753.052206  	0.053517 
754.483864  	0.051993 
755.915522  	0.050658 
757.347180  	0.049306 
758.778839  	0.048328 
760.210497  	0.047137 
761.642155  	0.045529 
763.073813  	0.044459 
764.505471  	0.043239 
765.937129  	0.041612 
767.368788  	0.040478 
768.800446  	0.039359 
770.232104  	0.038261 
771.663762  	0.037297 
773.095420  	0.035796 
774.527079  	0.034255 
775.958737  	0.032859 
777.390395  	0.031792 
778.822053  	0.031655 
780.253711  	0.031012 
781.685369  	0.029505 
783.117028  	0.028688 
784.548686  	0.027909 
785.980344  	0.026674 
787.412002  	0.026019 
788.843660  	0.025360 
790.275319  	0.023997 
791.706977  	0.022917 
793.138635  	0.022455 
794.570293  	0.021760 
796.001951  	0.020762 
797.433610  	0.019722 
798.865268  	0.018413 
800.296926  	0.017387 
801.728584  	0.016788 
803.160242  	0.015746 
804.591900  	0.014689 
806.023559  	0.014078 
807.455217  	0.013341 
808.886875  	0.012358 
810.318533  	0.011147 
811.750191  	0.010226 
813.181850  	0.009879 
814.613508  	0.009258 
816.045166  	0.008504 
817.476824  	0.007795 
818.908482  	0.007013 
820.340141  	0.006963 
821.771799  	0.006815 
823.203457  	0.005976 
824.635115  	0.005870 
826.066773  	0.006073 
827.498431  	0.005825 
828.930090  	0.005648 
830.361748  	0.005520 
831.793406  	0.005895 
833.225064  	0.006292 
834.656722  	0.005535 
836.088381  	0.004570 
837.520039  	0.003694 
838.951697  	0.002372 
840.383355  	0.001419 
841.815013  	0.000976 
843.246671  	0.000666 
844.678330  	0.000289 
846.109988  	-0.000356 
847.541646  	-0.000854 
848.973304  	-0.001475 
850.404962  	-0.002282 
851.836621  	-0.002358 
853.268279  	-0.002254 
854.699937  	-0.002730 
856.131595  	-0.003433 
857.563253  	-0.004018 
858.994912  	-0.004081 
860.426570  	-0.003927 
861.858228  	-0.004019 
863.289886  	-0.004078 
864.721544  	-0.004211 
866.153202  	-0.004229 
867.584861  	-0.003961 
869.016519  	-0.004013 
870.448177  	-0.004163 
871.879835  	-0.004099 
873.311493  	-0.004145 
874.743152  	-0.004364 
876.174810  	-0.004612 
877.606468  	-0.004391 
879.038126  	-0.004091 
880.469784  	-0.004291 
881.901443  	-0.003947 
883.333101  	-0.003506 
884.764759  	-0.003946 
886.196417  	-0.003787 
887.628075  	-0.003045 
889.059733  	-0.003016 
890.491392  	-0.003119 
891.923050  	-0.003053 
893.354708  	-0.003127 
894.786366  	-0.003243 
896.218024  	-0.003215 
897.649683  	-0.002667 
899.081341  	-0.001873 
900.512999  	-0.001229 
901.944657  	-0.000616 
903.376315  	-0.000020 
904.807973  	0.000658 
906.239632  	0.000965 
907.671290  	0.000770 
909.102948  	0.000846 
910.534606  	0.000766 
911.966264  	0.000615 
913.397923  	0.001242 
914.829581  	0.001734 
916.261239  	0.002218 
917.692897  	0.003418 
919.124555  	0.004195 
920.556214  	0.004781 
921.987872  	0.006068 
923.419530  	0.007445 
924.851188  	0.008784 
926.282846  	0.010250 
927.714504  	0.011973 
929.146163  	0.013952 
930.577821  	0.015374 
932.009479  	0.016092 
933.441137  	0.016109 
934.872795  	0.014991 
936.304454  	0.013380 
937.736112  	0.011699 
939.167770  	0.009886 
940.599428  	0.008253 
942.031086  	0.006766 
943.462744  	0.005958 
944.894403  	0.006060 
946.326061  	0.006163 
947.757719  	0.006268 
949.189377  	0.006614 
950.621035  	0.007004 
952.052694  	0.007471 
953.484352  	0.007820 
954.916010  	0.008291 
956.347668  	0.009055 
957.779326  	0.009743 
959.210985  	0.010318 
960.642643  	0.010187 
962.074301  	0.009463 
963.505959  	0.009279 
964.937617  	0.009033 
966.369275  	0.008380 
967.800934  	0.008090 
969.232592  	0.007957 
970.664250  	0.008156 
972.095908  	0.008641 
973.527566  	0.008686 
974.959225  	0.008619 
976.390883  	0.008539 
977.822541  	0.008481 
979.254199  	0.008708 
980.685857  	0.008535 
982.117516  	0.008067 
983.549174  	0.007728 
984.980832  	0.007294 
986.412490  	0.006938 
987.844148  	0.006140 
989.275806  	0.005022 
990.707465  	0.004526 
992.139123  	0.003832 
993.570781  	0.002925 
995.002439  	0.002598 
996.434097  	0.002207 
997.865756  	0.001959 
999.297414  	0.002054 
1000.729072  	0.001852 
1002.160730  	0.001603 
1003.592388  	0.001420 
1005.024046  	0.001548 
1006.455705  	0.002051 
1007.887363  	0.002194 
1009.319021  	0.002394 
1010.750679  	0.002771 
1012.182337  	0.002917 
1013.613996  	0.003330 
1015.045654  	0.003435 
1016.477312  	0.003206 
1017.908970  	0.003625 
1019.340628  	0.004039 
1020.772287  	0.004463 
1022.203945  	0.005236 
1023.635603  	0.005660 
1025.067261  	0.006222 
1026.498919  	0.006918 
1027.930577  	0.007176 
1029.362236  	0.007392 
1030.793894  	0.007194 
1032.225552  	0.006743 
1033.657210  	0.006586 
1035.088868  	0.006233 
1036.520527  	0.006012 
1037.952185  	0.005891 
1039.383843  	0.005637 
1040.815501  	0.005866 
1042.247159  	0.005837 
1043.678818  	0.005481 
1045.110476  	0.005648 
1046.542134  	0.005825 
1047.973792  	0.006221 
1049.405450  	0.006701 
1050.837108  	0.006810 
1052.268767  	0.007497 
1053.700425  	0.008164 
1055.132083  	0.008607 
1056.563741  	0.009868 
1057.995399  	0.010682 
1059.427058  	0.010980 
1060.858716  	0.011913 
1062.290374  	0.012720 
1063.722032  	0.013463 
1065.153690  	0.014117 
1066.585348  	0.014326 
1068.017007  	0.014888 
1069.448665  	0.015262 
1070.880323  	0.015332 
1072.311981  	0.015793 
1073.743639  	0.015834 
1075.175298  	0.015679 
1076.606956  	0.015472 
1078.038614  	0.014607 
1079.470272  	0.014047 
1080.901930  	0.013676 
1082.333589  	0.013048 
1083.765247  	0.012891 
1085.196905  	0.012927 
1086.628563  	0.013110 
1088.060221  	0.013161 
1089.491879  	0.012630 
1090.923538  	0.012629 
1092.355196  	0.012861 
1093.786854  	0.012748 
1095.218512  	0.013116 
1096.650170  	0.013341 
1098.081829  	0.013419 
1099.513487  	0.014191 
1100.945145  	0.014985 
1102.376803  	0.015834 
1103.808461  	0.017111 
1105.240120  	0.018602 
1106.671778  	0.020268 
1108.103436  	0.021452 
1109.535094  	0.022229 
1110.966752  	0.023370 
1112.398410  	0.024705 
1113.830069  	0.025932 
1115.261727  	0.026595 
1116.693385  	0.027109 
1118.125043  	0.028286 
1119.556701  	0.028957 
1120.988360  	0.028777 
1122.420018  	0.028294 
1123.851676  	0.026790 
1125.283334  	0.024726 
1126.714992  	0.022393 
1128.146650  	0.019553 
1129.578309  	0.017494 
1131.009967  	0.016235 
1132.441625  	0.015716 
1133.873283  	0.016665 
1135.304941  	0.018130 
1136.736600  	0.019761 
1138.168258  	0.021630 
1139.599916  	0.022954 
1141.031574  	0.024010 
1142.463232  	0.024890 
1143.894891  	0.025593 
1145.326549  	0.026802 
1146.758207  	0.027980 
1148.189865  	0.028931 
1149.621523  	0.029952 
1151.053181  	0.030470 
1152.484840  	0.030816 
1153.916498  	0.031484 
1155.348156  	0.032602 
1156.779814  	0.034508 
1158.211472  	0.036720 
1159.643131  	0.039522 
1161.074789  	0.043485 
1162.506447  	0.047769 
1163.938105  	0.052371 
1165.369763  	0.057498 
1166.801421  	0.062312 
1168.233080  	0.066519 
1169.664738  	0.069409 
1171.096396  	0.070335 
1172.528054  	0.069928 
1173.959712  	0.068115 
1175.391371  	0.065337 
1176.823029  	0.062465 
1178.254687  	0.059388 
1179.686345  	0.056683 
1181.118003  	0.054298 
1182.549662  	0.052124 
1183.981320  	0.050885 
1185.412978  	0.050109 
1186.844636  	0.050277 
1188.276294  	0.052215 
1189.707952  	0.055116 
1191.139611  	0.059124 
1192.571269  	0.064154 
1194.002927  	0.069521 
1195.434585  	0.076034 
1196.866243  	0.083244 
1198.297902  	0.089653 
1199.729560  	0.094761 
1201.161218  	0.096741 
1202.592876  	0.094370 
1204.024534  	0.088636 
1205.456193  	0.081037 
1206.887851  	0.074262 
1208.319509  	0.069427 
1209.751167  	0.066183 
1211.182825  	0.064425 
1212.614483  	0.062945 
1214.046142  	0.061266 
1215.477800  	0.059354 
1216.909458  	0.056535 
1218.341116  	0.053689 
1219.772774  	0.051547 
1221.204433  	0.050222 
1222.636091  	0.050242 
1224.067749  	0.051281 
1225.499407  	0.053453 
1226.931065  	0.056780 
1228.362723  	0.060486 
1229.794382  	0.064930 
1231.226040  	0.069895 
1232.657698  	0.074438 
1234.089356  	0.078815 
1235.521014  	0.082536 
1236.952673  	0.085101 
1238.384331  	0.086907 
1239.815989  	0.087394 
1241.247647  	0.087109 
1242.679305  	0.086969 
1244.110964  	0.086801 
1245.542622  	0.087330 
1246.974280  	0.088356 
1248.405938  	0.089675 
1249.837596  	0.092111 
1251.269254  	0.094778 
1252.700913  	0.097687 
1254.132571  	0.101563 
1255.564229  	0.105344 
1256.995887  	0.109270 
1258.427545  	0.113119 
1259.859204  	0.115457 
1261.290862  	0.117080 
1262.722520  	0.117618 
1264.154178  	0.116260 
1265.585836  	0.114109 
1267.017495  	0.111054 
1268.449153  	0.107931 
1269.880811  	0.105625 
1271.312469  	0.103302 
1272.744127  	0.101529 
1274.175785  	0.099972 
1275.607444  	0.097760 
1277.039102  	0.095518 
1278.470760  	0.092752 
1279.902418  	0.089505 
1281.334076  	0.086200 
1282.765735  	0.082494 
1284.197393  	0.079295 
1285.629051  	0.076367 
1287.060709  	0.073299 
1288.492367  	0.071248 
1289.924025  	0.069833 
1291.355684  	0.068840 
1292.787342  	0.068370 
1294.219000  	0.067240 
1295.650658  	0.065924 
1297.082316  	0.065009 
1298.513975  	0.064023 
1299.945633  	0.063349 
1301.377291  	0.062732 
1302.808949  	0.061964 
1304.240607  	0.061247 
1305.672266  	0.060161 
1307.103924  	0.059151 
1308.535582  	0.058128 
1309.967240  	0.056677 
1311.398898  	0.055623 
1312.830556  	0.054700 
1314.262215  	0.053667 
1315.693873  	0.052961 
1317.125531  	0.052017 
1318.557189  	0.051071 
1319.988847  	0.050450 
1321.420506  	0.049821 
1322.852164  	0.049604 
1324.283822  	0.049704 
1325.715480  	0.050045 
1327.147138  	0.050926 
1328.578796  	0.051939 
1330.010455  	0.053135 
1331.442113  	0.054436 
1332.873771  	0.055326 
1334.305429  	0.056221 
1335.737087  	0.056975 
1337.168746  	0.057434 
1338.600404  	0.058230 
1340.032062  	0.058675 
1341.463720  	0.058975 
1342.895378  	0.059996 
1344.327037  	0.060965 
1345.758695  	0.062077 
1347.190353  	0.063790 
1348.622011  	0.065553 
1350.053669  	0.067467 
1351.485327  	0.069407 
1352.916986  	0.071291 
1354.348644  	0.073578 
1355.780302  	0.075607 
1357.211960  	0.077403 
1358.643618  	0.079502 
1360.075277  	0.081249 
1361.506935  	0.083169 
1362.938593  	0.085257 
1364.370251  	0.086473 
1365.801909  	0.088183 
1367.233568  	0.090028 
1368.665226  	0.091306 
1370.096884  	0.092729 
1371.528542  	0.093258 
1372.960200  	0.092915 
1374.391858  	0.091215 
1375.823517  	0.087170 
1377.255175  	0.083583 
1378.686833  	0.079474 
1380.118491  	0.074638 
1381.550149  	0.070934 
1382.981808  	0.066917 
1384.413466  	0.063650 
1385.845124  	0.061472 
1387.276782  	0.058308 
1388.708440  	0.055568 
1390.140098  	0.053299 
1391.571757  	0.051056 
1393.003415  	0.049863 
1394.435073  	0.048483 
1395.866731  	0.047215 
1397.298389  	0.047026 
1398.730048  	0.046913 
1400.161706  	0.047473 
1401.593364  	0.048389 
1403.025022  	0.049997 
1404.456680  	0.053017 
1405.888339  	0.056114 
1407.319997  	0.059985 
1408.751655  	0.065304 
1410.183313  	0.071544 
1411.614971  	0.079163 
1413.046629  	0.086834 
1414.478288  	0.094009 
1415.909946  	0.100357 
1417.341604  	0.103900 
1418.773262  	0.104104 
1420.204920  	0.099813 
1421.636579  	0.095701 
1423.068237  	0.092727 
1424.499895  	0.088890 
1425.931553  	0.087200 
1427.363211  	0.087973 
1428.794870  	0.089923 
1430.226528  	0.093689 
1431.658186  	0.097694 
1433.089844  	0.100763 
1434.521502  	0.103456 
1435.953160  	0.105037 
1437.384819  	0.103706 
1438.816477  	0.102942 
1440.248135  	0.101787 
1441.679793  	0.099597 
1443.111451  	0.098203 
1444.543110  	0.096689 
1445.974768  	0.095910 
1447.406426  	0.096162 
1448.838084  	0.096203 
1450.269742  	0.097776 
1451.701400  	0.100180 
1453.133059  	0.102743 
1454.564717  	0.105832 
1455.996375  	0.108495 
1457.428033  	0.111295 
1458.859691  	0.116047 
1460.291350  	0.120016 
1461.723008  	0.122838 
1463.154666  	0.124321 
1464.586324  	0.120002 
1466.017982  	0.109840 
1467.449641  	0.101604 
1468.881299  	0.095005 
1470.312957  	0.092255 
1471.744615  	0.092592 
1473.176273  	0.094459 
1474.607931  	0.096104 
1476.039590  	0.094292 
1477.471248  	0.089082 
1478.902906  	0.083161 
1480.334564  	0.075867 
1481.766222  	0.067741 
1483.197881  	0.061680 
1484.629539  	0.057448 
1486.061197  	0.055757 
1487.492855  	0.056004 
1488.924513  	0.056834 
1490.356172  	0.058992 
1491.787830  	0.061127 
1493.219488  	0.063781 
1494.651146  	0.067439 
1496.082804  	0.071448 
1497.514462  	0.076014 
1498.946121  	0.080519 
1500.377779  	0.084841 
1501.809437  	0.090307 
1503.241095  	0.096261 
1504.672753  	0.101993 
1506.104412  	0.109511 
1507.536070  	0.118829 
1508.967728  	0.124894 
1510.399386  	0.132005 
1511.831044  	0.139876 
1513.262702  	0.148980 
1514.694361  	0.158790 
1516.126019  	0.168124 
1517.557677  	0.180592 
1518.989335  	0.192206 
1520.420993  	0.201529 
1521.852652  	0.216799 
1523.284310  	0.229485 
1524.715968  	0.239798 
1526.147626  	0.254172 
1527.579284  	0.265788 
1529.010943  	0.277807 
1530.442601  	0.289735 
1531.874259  	0.297536 
1533.305917  	0.306913 
1534.737575  	0.311437 
1536.169233  	0.314684 
1537.600892  	0.319458 
1539.032550  	0.315316 
1540.464208  	0.311736 
1541.895866  	0.306566 
1543.327524  	0.295492 
1544.759183  	0.289459 
1546.190841  	0.275843 
1547.622499  	0.264880 
1549.054157  	0.256612 
1550.485815  	0.239485 
1551.917473  	0.228520 
1553.349132  	0.219428 
1554.780790  	0.204526 
1556.212448  	0.197312 
1557.644106  	0.190434 
1559.075764  	0.175783 
1560.507423  	0.163729 
1561.939081  	0.155072 
1563.370739  	0.149192 
1564.802397  	0.140722 
1566.234055  	0.130225 
1567.665714  	0.124748 
1569.097372  	0.116622 
1570.529030  	0.106393 
1571.960688  	0.100200 
1573.392346  	0.093441 
1574.824004  	0.088879 
1576.255663  	0.082642 
1577.687321  	0.074226 
1579.118979  	0.071149 
1580.550637  	0.066754 
1581.982295  	0.062903 
1583.413954  	0.060719 
1584.845612  	0.057220 
1586.277270  	0.056122 
1587.708928  	0.054981 
1589.140586  	0.053598 
1590.572245  	0.054896 
1592.003903  	0.054730 
1593.435561  	0.056064 
1594.867219  	0.059157 
1596.298877  	0.061040 
1597.730535  	0.065837 
1599.162194  	0.070341 
1600.593852  	0.075367 
1602.025510  	0.083819 
1603.457168  	0.090824 
1604.888826  	0.100272 
1606.320485  	0.110943 
1607.752143  	0.120062 
1609.183801  	0.133089 
1610.615459  	0.143930 
1612.047117  	0.154809 
1613.478775  	0.169747 
1614.910434  	0.180912 
1616.342092  	0.196075 
1617.773750  	0.215742 
1619.205408  	0.227855 
1620.637066  	0.243576 
1622.068725  	0.256558 
1623.500383  	0.267369 
1624.932041  	0.283324 
1626.363699  	0.290971 
1627.795357  	0.300547 
1629.227016  	0.313962 
1630.658674  	0.320697 
1632.090332  	0.332617 
1633.521990  	0.340811 
1634.953648  	0.337397 
1636.385306  	0.334445 
1637.816965  	0.320866 
1639.248623  	0.305728 
1640.680281  	0.290168 
1642.111939  	0.268757 
1643.543597  	0.251132 
1644.975256  	0.236632 
1646.406914  	0.216812 
1647.838572  	0.196847 
1649.270230  	0.182682 
1650.701888  	0.171774 
1652.133547  	0.164465 
1653.565205  	0.145745 
1654.996863  	0.129956 
1656.428521  	0.124101 
1657.860179  	0.114416 
1659.291837  	0.104320 
1660.723496  	0.096423 
1662.155154  	0.086502 
1663.586812  	0.076085 
1665.018470  	0.066847 
1666.450128  	0.057927 
1667.881787  	0.050694 
1669.313445  	0.042210 
1670.745103  	0.032531 
1672.176761  	0.026599 
1673.608419  	0.021336 
1675.040077  	0.016564 
1676.471736  	0.012202 
1677.903394  	0.007602 
1679.335052  	0.004772 
1680.766710  	0.001694 
1682.198368  	-0.001676 
1683.630027  	-0.002318 
1685.061685  	-0.006162 
1686.493343  	-0.009715 
1687.925001  	-0.010494 
1689.356659  	-0.012516 
1690.788318  	-0.013757 
1692.219976  	-0.014320 
1693.651634  	-0.015883 
1695.083292  	-0.015723 
1696.514950  	-0.015734 
1697.946608  	-0.017478 
1699.378267  	-0.016711 
1700.809925  	-0.017018 
1702.241583  	-0.018640 
1703.673241  	-0.018510 
1705.104899  	-0.019006 
1706.536558  	-0.019106 
1707.968216  	-0.019605 
1709.399874  	-0.020383 
1710.831532  	-0.019882 
1712.263190  	-0.020270 
1713.694849  	-0.020725 
1715.126507  	-0.019982 
1716.558165  	-0.020505 
1717.989823  	-0.020317 
1719.421481  	-0.020457 
1720.853139  	-0.021642 
1722.284798  	-0.021470 
1723.716456  	-0.021706 
1725.148114  	-0.022143 
1726.579772  	-0.021562 
1728.011430  	-0.021864 
1729.443089  	-0.021912 
1730.874747  	-0.021595 
1732.306405  	-0.022114 
1733.738063  	-0.021025 
1735.169721  	-0.021195 
1736.601379  	-0.022861 
1738.033038  	-0.022733 
1739.464696  	-0.023069 
1740.896354  	-0.023291 
1742.328012  	-0.022661 
1743.759670  	-0.022949 
1745.191329  	-0.023090 
1746.622987  	-0.023235 
1748.054645  	-0.023640 
1749.486303  	-0.023211 
1750.917961  	-0.023557 
1752.349620  	-0.024073 
1753.781278  	-0.024221 
1755.212936  	-0.024751 
1756.644594  	-0.024421 
1758.076252  	-0.024559 
1759.507910  	-0.025303 
1760.939569  	-0.024801 
1762.371227  	-0.025086 
1763.802885  	-0.025905 
1765.234543  	-0.025730 
1766.666201  	-0.025906 
1768.097860  	-0.025744 
1769.529518  	-0.025697 
1770.961176  	-0.026068 
1772.392834  	-0.025290 
1773.824492  	-0.025694 
1775.256150  	-0.026263 
1776.687809  	-0.025942 
1778.119467  	-0.026427 
1779.551125  	-0.026397 
1780.982783  	-0.026206 
1782.414441  	-0.026992 
1783.846100  	-0.026727 
1785.277758  	-0.026724 
1786.709416  	-0.027213 
1788.141074  	-0.026751 
1789.572732  	-0.026861 
1791.004391  	-0.026607 
1792.436049  	-0.025805 
1793.867707  	-0.026688 
1795.299365  	-0.026724 
1796.731023  	-0.026734 
1798.162681  	-0.027332 
1799.594340  	-0.026773 
1801.025998  	-0.026794 
1802.457656  	-0.027228 
1803.889314  	-0.026896 
1805.320972  	-0.027162 
1806.752631  	-0.027058 
1808.184289  	-0.026956 
1809.615947  	-0.027384 
1811.047605  	-0.026970 
1812.479263  	-0.027317 
1813.910922  	-0.027750 
1815.342580  	-0.027136 
1816.774238  	-0.027503 
1818.205896  	-0.027613 
1819.637554  	-0.027043 
1821.069212  	-0.027481 
1822.500871  	-0.027535 
1823.932529  	-0.027562 
1825.364187  	-0.027741 
1826.795845  	-0.027218 
1828.227503  	-0.027370 
1829.659162  	-0.026967 
1831.090820  	-0.026680 
1832.522478  	-0.027881 
1833.954136  	-0.027723 
1835.385794  	-0.027307 
1836.817452  	-0.027656 
1838.249111  	-0.027133 
1839.680769  	-0.027323 
1841.112427  	-0.027747 
1842.544085  	-0.027329 
1843.975743  	-0.027409 
1845.407402  	-0.026896 
1846.839060  	-0.026723 
1848.270718  	-0.027383 
1849.702376  	-0.027207 
1851.134034  	-0.027408 
1852.565693  	-0.027580 
1853.997351  	-0.027222 
1855.429009  	-0.027860 
1856.860667  	-0.027866 
1858.292325  	-0.027491 
1859.723983  	-0.027910 
1861.155642  	-0.027758 
1862.587300  	-0.028141 
1864.018958  	-0.028393 
1865.450616  	-0.027641 
1866.882274  	-0.027913 
1868.313933  	-0.027620 
1869.745591  	-0.026886 
1871.177249  	-0.027588 
1872.608907  	-0.027264 
1874.040565  	-0.027206 
1875.472224  	-0.027550 
1876.903882  	-0.026778 
1878.335540  	-0.027074 
1879.767198  	-0.027441 
1881.198856  	-0.027277 
1882.630514  	-0.027975 
1884.062173  	-0.027215 
1885.493831  	-0.026520 
1886.925489  	-0.027400 
1888.357147  	-0.027067 
1889.788805  	-0.026907 
1891.220464  	-0.027200 
1892.652122  	-0.026897 
1894.083780  	-0.027657 
1895.515438  	-0.027722 
1896.947096  	-0.027248 
1898.378754  	-0.027793 
1899.810413  	-0.027367 
1901.242071  	-0.027053 
1902.673729  	-0.027439 
1904.105387  	-0.027298 
1905.537045  	-0.027631 
1906.968704  	-0.027646 
1908.400362  	-0.027497 
1909.832020  	-0.027773 
1911.263678  	-0.027331 
1912.695336  	-0.027586 
1914.126995  	-0.027645 
1915.558653  	-0.027061 
1916.990311  	-0.027963 
1918.421969  	-0.027846 
1919.853627  	-0.027251 
1921.285285  	-0.028116 
1922.716944  	-0.027357 
1924.148602  	-0.027130 
1925.580260  	-0.028146 
1927.011918  	-0.027386 
1928.443576  	-0.027281 
1929.875235  	-0.027238 
1931.306893  	-0.026481 
1932.738551  	-0.027287 
1934.170209  	-0.027206 
1935.601867  	-0.026676 
1937.033525  	-0.026846 
1938.465184  	-0.026010 
1939.896842  	-0.026143 
1941.328500  	-0.026309 
1942.760158  	-0.026376 
1944.191816  	-0.028080 
1945.623475  	-0.026983 
1947.055133  	-0.025394 
1948.486791  	-0.025723 
1949.918449  	-0.024931 
1951.350107  	-0.025908 
1952.781766  	-0.026877 
1954.213424  	-0.025732 
1955.645082  	-0.026955 
1957.076740  	-0.026807 
1958.508398  	-0.025964 
1959.940056  	-0.027698 
1961.371715  	-0.026659 
1962.803373  	-0.026556 
1964.235031  	-0.027024 
1965.666689  	-0.023314 
1967.098347  	-0.023607 
1968.530006  	-0.026241 
1969.961664  	-0.025451 
1971.393322  	-0.025851 
1972.824980  	-0.025660 
1974.256638  	-0.025486 
1975.688297  	-0.025014 
1977.119955  	-0.022035 
1978.551613  	-0.022721 
1979.983271  	-0.024640 
1981.414929  	-0.025197 
1982.846587  	-0.025694 
1984.278246  	-0.023393 
1985.709904  	-0.024756 
1987.141562  	-0.028397 
1988.573220  	-0.026074 
1990.004878  	-0.025468 
1991.436537  	-0.026981 
1992.868195  	-0.025583 
1994.299853  	-0.025473 
1995.731511  	-0.024947 
1997.163169  	-0.025552 
1998.594827  	-0.028196 
2000.026486  	-0.026663 
2001.458144  	-0.025571 
2002.889802  	-0.025894 
2004.321460  	-0.024343 
2005.753118  	-0.025949 
2007.184777  	-0.027198 
2008.616435  	-0.026865 
2010.048093  	-0.028576 
2011.479751  	-0.027372 
2012.911409  	-0.026504 
2014.343068  	-0.026089 
2015.774726  	-0.022800 
2017.206384  	-0.023351 
2018.638042  	-0.024632 
2020.069700  	-0.024549 
2021.501358  	-0.026878 
2022.933017  	-0.024956 
2024.364675  	-0.023229 
2025.796333  	-0.024968 
2027.227991  	-0.023396 
2028.659649  	-0.023664 
2030.091308  	-0.023481 
2031.522966  	-0.020488 
2032.954624  	-0.023464 
2034.386282  	-0.024706 
2035.817940  	-0.021941 
2037.249599  	-0.023600 
2038.681257  	-0.024606 
2040.112915  	-0.024601 
2041.544573  	-0.025685 
2042.976231  	-0.025470 
2044.407889  	-0.025753 
2045.839548  	-0.025060 
2047.271206  	-0.024136 
2048.702864  	-0.024816 
2050.134522  	-0.024125 
2051.566180  	-0.024576 
2052.997839  	-0.025956 
2054.429497  	-0.025606 
2055.861155  	-0.026256 
2057.292813  	-0.026510 
2058.724471  	-0.025710 
2060.156129  	-0.026236 
2061.587788  	-0.026281 
2063.019446  	-0.026715 
2064.451104  	-0.027715 
2065.882762  	-0.027157 
2067.314420  	-0.027117 
2068.746079  	-0.026930 
2070.177737  	-0.026550 
2071.609395  	-0.027631 
2073.041053  	-0.027426 
2074.472711  	-0.027057 
2075.904370  	-0.027648 
2077.336028  	-0.026777 
2078.767686  	-0.027008 
2080.199344  	-0.028331 
2081.631002  	-0.028062 
2083.062660  	-0.027979 
2084.494319  	-0.027961 
2085.925977  	-0.027456 
2087.357635  	-0.027295 
2088.789293  	-0.026902 
2090.220951  	-0.027023 
2091.652610  	-0.027338 
2093.084268  	-0.027065 
2094.515926  	-0.027127 
2095.947584  	-0.026778 
2097.379242  	-0.026474 
2098.810901  	-0.026574 
2100.242559  	-0.025854 
2101.674217  	-0.026032 
2103.105875  	-0.026786 
2104.537533  	-0.026858 
2105.969191  	-0.027933 
2107.400850  	-0.028749 
2108.832508  	-0.028373 
2110.264166  	-0.027645 
2111.695824  	-0.026562 
2113.127482  	-0.026725 
2114.559141  	-0.026798 
2115.990799  	-0.025621 
2117.422457  	-0.026215 
2118.854115  	-0.026752 
2120.285773  	-0.025641 
2121.717431  	-0.025925 
2123.149090  	-0.026746 
2124.580748  	-0.027214 
2126.012406  	-0.027939 
2127.444064  	-0.027748 
2128.875722  	-0.027224 
2130.307381  	-0.026587 
2131.739039  	-0.026375 
2133.170697  	-0.026937 
2134.602355  	-0.025856 
2136.034013  	-0.025427 
2137.465672  	-0.026552 
2138.897330  	-0.025696 
2140.328988  	-0.025815 
2141.760646  	-0.026597 
2143.192304  	-0.025180 
2144.623962  	-0.024701 
2146.055621  	-0.024110 
2147.487279  	-0.023532 
2148.918937  	-0.025228 
2150.350595  	-0.025397 
2151.782253  	-0.024957 
2153.213912  	-0.024949 
2154.645570  	-0.024230 
2156.077228  	-0.025057 
2157.508886  	-0.023050 
2158.940544  	-0.019360 
2160.372202  	-0.020538 
2161.803861  	-0.020863 
2163.235519  	-0.021862 
2164.667177  	-0.024556 
2166.098835  	-0.024258 
2167.530493  	-0.025523 
2168.962152  	-0.026810 
2170.393810  	-0.024912 
2171.825468  	-0.023999 
2173.257126  	-0.023457 
2174.688784  	-0.023125 
2176.120443  	-0.024145 
2177.552101  	-0.025443 
2178.983759  	-0.027689 
2180.415417  	-0.026798 
2181.847075  	-0.024060 
2183.278733  	-0.025123 
2184.710392  	-0.025279 
2186.142050  	-0.025293 
2187.573708  	-0.027606 
2189.005366  	-0.027051 
2190.437024  	-0.026960 
2191.868683  	-0.028224 
2193.300341  	-0.026810 
2194.731999  	-0.026650 
2196.163657  	-0.027280 
2197.595315  	-0.026629 
2199.026974  	-0.027416 
2200.458632  	-0.027488 
2201.890290  	-0.026630 
2203.321948  	-0.026889 
2204.753606  	-0.026664 
2206.185264  	-0.026054 
2207.616923  	-0.025430 
2209.048581  	-0.025827 
2210.480239  	-0.027945 
2211.911897  	-0.028124 
2213.343555  	-0.026575 
2214.775214  	-0.026598 
2216.206872  	-0.027614 
2217.638530  	-0.027597 
2219.070188  	-0.026601 
2220.501846  	-0.027340 
2221.933504  	-0.028226 
2223.365163  	-0.026391 
2224.796821  	-0.026478 
2226.228479  	-0.028130 
2227.660137  	-0.027278 
2229.091795  	-0.027610 
2230.523454  	-0.028328 
2231.955112  	-0.026742 
2233.386770  	-0.026485 
2234.818428  	-0.026849 
2236.250086  	-0.026086 
2237.681745  	-0.026108 
2239.113403  	-0.026956 
2240.545061  	-0.027788 
2241.976719  	-0.027360 
2243.408377  	-0.026769 
2244.840035  	-0.027670 
2246.271694  	-0.027354 
2247.703352  	-0.026505 
2249.135010  	-0.027186 
2250.566668  	-0.027263 
2251.998326  	-0.027480 
2253.429985  	-0.028222 
2254.861643  	-0.027991 
2256.293301  	-0.028185 
2257.724959  	-0.028289 
2259.156617  	-0.028024 
2260.588276  	-0.028462 
2262.019934  	-0.028038 
2263.451592  	-0.027369 
2264.883250  	-0.027606 
2266.314908  	-0.028048 
2267.746566  	-0.029128 
2269.178225  	-0.029452 
2270.609883  	-0.028654 
2272.041541  	-0.028477 
2273.473199  	-0.028013 
2274.904857  	-0.027623 
2276.336516  	-0.028058 
2277.768174  	-0.027949 
2279.199832  	-0.027888 
2280.631490  	-0.028135 
2282.063148  	-0.028108 
2283.494806  	-0.028181 
2284.926465  	-0.027940 
2286.358123  	-0.027865 
2287.789781  	-0.027915 
2289.221439  	-0.027406 
2290.653097  	-0.027765 
2292.084756  	-0.028260 
2293.516414  	-0.027579 
2294.948072  	-0.027461 
2296.379730  	-0.027791 
2297.811388  	-0.027893 
2299.243047  	-0.028405 
2300.674705  	-0.028415 
2302.106363  	-0.027961 
2303.538021  	-0.027739 
2304.969679  	-0.027379 
2306.401337  	-0.027214 
2307.832996  	-0.026977 
2309.264654  	-0.026475 
2310.696312  	-0.026326 
2312.127970  	-0.026071 
2313.559628  	-0.025967 
2314.991287  	-0.026336 
2316.422945  	-0.026350 
2317.854603  	-0.026156 
2319.286261  	-0.025787 
2320.717919  	-0.025364 
2322.149577  	-0.025166 
2323.581236  	-0.024415 
2325.012894  	-0.024073 
2326.444552  	-0.024699 
2327.876210  	-0.024775 
2329.307868  	-0.024405 
2330.739527  	-0.024095 
2332.171185  	-0.023891 
2333.602843  	-0.024415 
2335.034501  	-0.024662 
2336.466159  	-0.024244 
2337.897818  	-0.023977 
2339.329476  	-0.023535 
2340.761134  	-0.023384 
2342.192792  	-0.023651 
2343.624450  	-0.023600 
2345.056108  	-0.023689 
2346.487767  	-0.024126 
2347.919425  	-0.025107 
2349.351083  	-0.025928 
2350.782741  	-0.025338 
2352.214399  	-0.024367 
2353.646058  	-0.024059 
2355.077716  	-0.023303 
2356.509374  	-0.023123 
2357.941032  	-0.023164 
2359.372690  	-0.022072 
2360.804349  	-0.021841 
2362.236007  	-0.022098 
2363.667665  	-0.021959 
2365.099323  	-0.022496 
2366.530981  	-0.023091 
2367.962639  	-0.023810 
2369.394298  	-0.024464 
2370.825956  	-0.024501 
2372.257614  	-0.024980 
2373.689272  	-0.025626 
2375.120930  	-0.026142 
2376.552589  	-0.026687 
2377.984247  	-0.026763 
2379.415905  	-0.027356 
2380.847563  	-0.028457 
2382.279221  	-0.028668 
2383.710879  	-0.028535 
2385.142538  	-0.028649 
2386.574196  	-0.028750 
2388.005854  	-0.028806 
2389.437512  	-0.028734 
2390.869170  	-0.028874 
2392.300829  	-0.028981 
2393.732487  	-0.028748 
2395.164145  	-0.028946 
2396.595803  	-0.029087 
2398.027461  	-0.028884 
2399.459120  	-0.029177 
2400.890778  	-0.029297 
2402.322436  	-0.029143 
2403.754094  	-0.029240 
2405.185752  	-0.029118 
2406.617410  	-0.029281 
2408.049069  	-0.029559 
2409.480727  	-0.029126 
2410.912385  	-0.028766 
2412.344043  	-0.028648 
2413.775701  	-0.028667 
2415.207360  	-0.029113 
2416.639018  	-0.029285 
2418.070676  	-0.029214 
2419.502334  	-0.029198 
2420.933992  	-0.028964 
2422.365651  	-0.028863 
2423.797309  	-0.028848 
2425.228967  	-0.028852 
2426.660625  	-0.028964 
2428.092283  	-0.028838 
2429.523941  	-0.028915 
2430.955600  	-0.028958 
2432.387258  	-0.028538 
2433.818916  	-0.028574 
2435.250574  	-0.028714 
2436.682232  	-0.028532 
2438.113891  	-0.028575 
2439.545549  	-0.028466 
2440.977207  	-0.028650 
2442.408865  	-0.029174 
2443.840523  	-0.029026 
2445.272181  	-0.028959 
2446.703840  	-0.029022 
2448.135498  	-0.028745 
2449.567156  	-0.029005 
2450.998814  	-0.029173 
2452.430472  	-0.028793 
2453.862131  	-0.028649 
2455.293789  	-0.028490 
2456.725447  	-0.028485 
2458.157105  	-0.028695 
2459.588763  	-0.028662 
2461.020422  	-0.028786 
2462.452080  	-0.028698 
2463.883738  	-0.028299 
2465.315396  	-0.028363 
2466.747054  	-0.028536 
2468.178712  	-0.028720 
2469.610371  	-0.028849 
2471.042029  	-0.028589 
2472.473687  	-0.028638 
2473.905345  	-0.028652 
2475.337003  	-0.028265 
2476.768662  	-0.028495 
2478.200320  	-0.028849 
2479.631978  	-0.028638 
2481.063636  	-0.028575 
2482.495294  	-0.028806 
2483.926953  	-0.028970 
2485.358611  	-0.028935 
2486.790269  	-0.029023 
2488.221927  	-0.029235 
2489.653585  	-0.029025 
2491.085243  	-0.028917 
2492.516902  	-0.029012 
2493.948560  	-0.028623 
2495.380218  	-0.028412 
2496.811876  	-0.028683 
2498.243534  	-0.029000 
2499.675193  	-0.029101 
2501.106851  	-0.028654 
2502.538509  	-0.028680 
2503.970167  	-0.029236 
2505.401825  	-0.028820 
2506.833483  	-0.028495 
2508.265142  	-0.028960 
2509.696800  	-0.028761 
2511.128458  	-0.028271 
2512.560116  	-0.028297 
2513.991774  	-0.028441 
2515.423433  	-0.028352 
2516.855091  	-0.028010 
2518.286749  	-0.028050 
2519.718407  	-0.028303 
2521.150065  	-0.028252 
2522.581724  	-0.028495 
2524.013382  	-0.028703 
2525.445040  	-0.028564 
2526.876698  	-0.028669 
2528.308356  	-0.028561 
2529.740014  	-0.028198 
2531.171673  	-0.028068 
2532.603331  	-0.028134 
2534.034989  	-0.028530 
2535.466647  	-0.028586 
2536.898305  	-0.028162 
2538.329964  	-0.028208 
2539.761622  	-0.028263 
2541.193280  	-0.027998 
2542.624938  	-0.027893 
2544.056596  	-0.027891 
2545.488254  	-0.028151 
2546.919913  	-0.028225 
2548.351571  	-0.027943 
2549.783229  	-0.028171 
2551.214887  	-0.028362 
2552.646545  	-0.028200 
2554.078204  	-0.028403 
2555.509862  	-0.028478 
2556.941520  	-0.028131 
2558.373178  	-0.027748 
2559.804836  	-0.027714 
2561.236495  	-0.028246 
2562.668153  	-0.028300 
2564.099811  	-0.027740 
2565.531469  	-0.027870 
2566.963127  	-0.028352 
2568.394785  	-0.028311 
2569.826444  	-0.028024 
2571.258102  	-0.028113 
2572.689760  	-0.028600 
2574.121418  	-0.028636 
2575.553076  	-0.028306 
2576.984735  	-0.028196 
2578.416393  	-0.028006 
2579.848051  	-0.028016 
2581.279709  	-0.028247 
2582.711367  	-0.028187 
2584.143026  	-0.028261 
2585.574684  	-0.028274 
2587.006342  	-0.028001 
2588.438000  	-0.027948 
2589.869658  	-0.027795 
2591.301316  	-0.027645 
2592.732975  	-0.027665 
2594.164633  	-0.027372 
2595.596291  	-0.027424 
2597.027949  	-0.027968 
2598.459607  	-0.028240 
2599.891266  	-0.028382 
2601.322924  	-0.028330 
2602.754582  	-0.028092 
2604.186240  	-0.027893 
2605.617898  	-0.027519 
2607.049556  	-0.027455 
2608.481215  	-0.027762 
2609.912873  	-0.027766 
2611.344531  	-0.027700 
2612.776189  	-0.027697 
2614.207847  	-0.027703 
2615.639506  	-0.027833 
2617.071164  	-0.027867 
2618.502822  	-0.027971 
2619.934480  	-0.028053 
2621.366138  	-0.027929 
2622.797797  	-0.028087 
2624.229455  	-0.028200 
2625.661113  	-0.028011 
2627.092771  	-0.028019 
2628.524429  	-0.028014 
2629.956087  	-0.027940 
2631.387746  	-0.027931 
2632.819404  	-0.027884 
2634.251062  	-0.028034 
2635.682720  	-0.028009 
2637.114378  	-0.027765 
2638.546037  	-0.027831 
2639.977695  	-0.027646 
2641.409353  	-0.027343 
2642.841011  	-0.027553 
2644.272669  	-0.027597 
2645.704328  	-0.027481 
2647.135986  	-0.027559 
2648.567644  	-0.027519 
2649.999302  	-0.027622 
2651.430960  	-0.027746 
2652.862618  	-0.027560 
2654.294277  	-0.027485 
2655.725935  	-0.027425 
2657.157593  	-0.027224 
2658.589251  	-0.027189 
2660.020909  	-0.027238 
2661.452568  	-0.027239 
2662.884226  	-0.027171 
2664.315884  	-0.027152 
2665.747542  	-0.027291 
2667.179200  	-0.027268 
2668.610858  	-0.027123 
2670.042517  	-0.027099 
2671.474175  	-0.027055 
2672.905833  	-0.027099 
2674.337491  	-0.027219 
2675.769149  	-0.027180 
2677.200808  	-0.027006 
2678.632466  	-0.026754 
2680.064124  	-0.026700 
2681.495782  	-0.026808 
2682.927440  	-0.026642 
2684.359099  	-0.026466 
2685.790757  	-0.026461 
2687.222415  	-0.026433 
2688.654073  	-0.026468 
2690.085731  	-0.026401 
2691.517389  	-0.026314 
2692.949048  	-0.026406 
2694.380706  	-0.026330 
2695.812364  	-0.026266 
2697.244022  	-0.026332 
2698.675680  	-0.026166 
2700.107339  	-0.026067 
2701.538997  	-0.026083 
2702.970655  	-0.025939 
2704.402313  	-0.025871 
2705.833971  	-0.025872 
2707.265630  	-0.025921 
2708.697288  	-0.026001 
2710.128946  	-0.025783 
2711.560604  	-0.025574 
2712.992262  	-0.025689 
2714.423920  	-0.025792 
2715.855579  	-0.025646 
2717.287237  	-0.025373 
2718.718895  	-0.025421 
2720.150553  	-0.025610 
2721.582211  	-0.025310 
2723.013870  	-0.024968 
2724.445528  	-0.024858 
2725.877186  	-0.024604 
2727.308844  	-0.024571 
2728.740502  	-0.024793 
2730.172160  	-0.024761 
2731.603819  	-0.024515 
2733.035477  	-0.024220 
2734.467135  	-0.024095 
2735.898793  	-0.024127 
2737.330451  	-0.023994 
2738.762110  	-0.023857 
2740.193768  	-0.023766 
2741.625426  	-0.023532 
2743.057084  	-0.023322 
2744.488742  	-0.023161 
2745.920401  	-0.023053 
2747.352059  	-0.022997 
2748.783717  	-0.022930 
2750.215375  	-0.023080 
2751.647033  	-0.023197 
2753.078691  	-0.022971 
2754.510350  	-0.022887 
2755.942008  	-0.022998 
2757.373666  	-0.022988 
2758.805324  	-0.022972 
2760.236982  	-0.022939 
2761.668641  	-0.022864 
2763.100299  	-0.022809 
2764.531957  	-0.022707 
2765.963615  	-0.022545 
2767.395273  	-0.022352 
2768.826931  	-0.022306 
2770.258590  	-0.022343 
2771.690248  	-0.022111 
2773.121906  	-0.021790 
2774.553564  	-0.021549 
2775.985222  	-0.021299 
2777.416881  	-0.021170 
2778.848539  	-0.020997 
2780.280197  	-0.020758 
2781.711855  	-0.020731 
2783.143513  	-0.020601 
2784.575172  	-0.020281 
2786.006830  	-0.020054 
2787.438488  	-0.019820 
2788.870146  	-0.019608 
2790.301804  	-0.019439 
2791.733462  	-0.019254 
2793.165121  	-0.019155 
2794.596779  	-0.018883 
2796.028437  	-0.018450 
2797.460095  	-0.018254 
2798.891753  	-0.018084 
2800.323412  	-0.017720 
2801.755070  	-0.017326 
2803.186728  	-0.017013 
2804.618386  	-0.016870 
2806.050044  	-0.016665 
2807.481703  	-0.016164 
2808.913361  	-0.015590 
2810.345019  	-0.015103 
2811.776677  	-0.014748 
2813.208335  	-0.014450 
2814.639993  	-0.013961 
2816.071652  	-0.013344 
2817.503310  	-0.012772 
2818.934968  	-0.012285 
2820.366626  	-0.011898 
2821.798284  	-0.011438 
2823.229943  	-0.010822 
2824.661601  	-0.010260 
2826.093259  	-0.009838 
2827.524917  	-0.009371 
2828.956575  	-0.008713 
2830.388233  	-0.008020 
2831.819892  	-0.007275 
2833.251550  	-0.006137 
2834.683208  	-0.004749 
2836.114866  	-0.003519 
2837.546524  	-0.002214 
2838.978183  	-0.000261 
2840.409841  	0.002409 
2841.841499  	0.005416 
2843.273157  	0.009000 
2844.704815  	0.013730 
2846.136474  	0.019218 
2847.568132  	0.024862 
2848.999790  	0.030562 
2850.431448  	0.035908 
2851.863106  	0.040518 
2853.294764  	0.044559 
2854.726423  	0.048046 
2856.158081  	0.050987 
2857.589739  	0.053406 
2859.021397  	0.055058 
2860.453055  	0.055997 
2861.884714  	0.056118 
2863.316372  	0.055295 
2864.748030  	0.053994 
2866.179688  	0.052280 
2867.611346  	0.050164 
2869.043005  	0.047902 
2870.474663  	0.045345 
2871.906321  	0.042631 
2873.337979  	0.039687 
2874.769637  	0.036222 
2876.201295  	0.032809 
2877.632954  	0.029737 
2879.064612  	0.026832 
2880.496270  	0.024278 
2881.927928  	0.022128 
2883.359586  	0.020455 
2884.791245  	0.019351 
2886.222903  	0.018760 
2887.654561  	0.018722 
2889.086219  	0.019210 
2890.517877  	0.020349 
2891.949535  	0.022041 
2893.381194  	0.023718 
2894.812852  	0.025526 
2896.244510  	0.027735 
2897.676168  	0.029843 
2899.107826  	0.031826 
2900.539485  	0.033880 
2901.971143  	0.035725 
2903.402801  	0.037481 
2904.834459  	0.039438 
2906.266117  	0.041565 
2907.697776  	0.043730 
2909.129434  	0.045884 
2910.561092  	0.048267 
2911.992750  	0.050886 
2913.424408  	0.053606 
2914.856066  	0.056681 
2916.287725  	0.060054 
2917.719383  	0.063530 
2919.151041  	0.067094 
2920.582699  	0.070516 
2922.014357  	0.073942 
2923.446016  	0.077290 
2924.877674  	0.080084 
2926.309332  	0.082874 
2927.740990  	0.085800 
2929.172648  	0.088157 
2930.604306  	0.090036 
2932.035965  	0.091297 
2933.467623  	0.091754 
2934.899281  	0.091632 
2936.330939  	0.090405 
2937.762597  	0.088087 
2939.194256  	0.085268 
2940.625914  	0.081865 
2942.057572  	0.077921 
2943.489230  	0.073634 
2944.920888  	0.069147 
2946.352547  	0.064422 
2947.784205  	0.059185 
2949.215863  	0.053698 
2950.647521  	0.048192 
2952.079179  	0.042604 
2953.510837  	0.037194 
2954.942496  	0.032282 
2956.374154  	0.028088 
2957.805812  	0.024360 
2959.237470  	0.020901 
2960.669128  	0.018033 
2962.100787  	0.015390 
2963.532445  	0.012675 
2964.964103  	0.010299 
2966.395761  	0.007994 
2967.827419  	0.005484 
2969.259078  	0.003063 
2970.690736  	0.000742 
2972.122394  	-0.001503 
2973.554052  	-0.003631 
2974.985710  	-0.005532 
2976.417368  	-0.007112 
2977.849027  	-0.008575 
2979.280685  	-0.009976 
2980.712343  	-0.011424 
2982.144001  	-0.012859 
2983.575659  	-0.013783 
2985.007318  	-0.014533 
2986.438976  	-0.015566 
2987.870634  	-0.016398 
2989.302292  	-0.016909 
2990.733950  	-0.017364 
2992.165608  	-0.017752 
2993.597267  	-0.018064 
2995.028925  	-0.018311 
2996.460583  	-0.018578 
2997.892241  	-0.018773 
2999.323899  	-0.018869 
3000.755558  	-0.019145 
3002.187216  	-0.019322 
3003.618874  	-0.019278 
3005.050532  	-0.019377 
3006.482190  	-0.019297 
3007.913849  	-0.018987 
3009.345507  	-0.018936 
3010.777165  	-0.019122 
3012.208823  	-0.019377 
3013.640481  	-0.019345 
3015.072139  	-0.018970 
3016.503798  	-0.018794 
3017.935456  	-0.018693 
3019.367114  	-0.018483 
3020.798772  	-0.018256 
3022.230430  	-0.017804 
3023.662089  	-0.017471 
3025.093747  	-0.017326 
3026.525405  	-0.016955 
3027.957063  	-0.016708 
3029.388721  	-0.016545 
3030.820380  	-0.016183 
3032.252038  	-0.015816 
3033.683696  	-0.015156 
3035.115354  	-0.014489 
3036.547012  	-0.014189 
3037.978670  	-0.013505 
3039.410329  	-0.012656 
3040.841987  	-0.012200 
3042.273645  	-0.011623 
3043.705303  	-0.010948 
3045.136961  	-0.010239 
3046.568620  	-0.009203 
3048.000278  	-0.008223 
3049.431936  	-0.007518 
3050.863594  	-0.006883 
3052.295252  	-0.006085 
3053.726910  	-0.004971 
3055.158569  	-0.003982 
3056.590227  	-0.003254 
3058.021885  	-0.002369 
3059.453543  	-0.001485 
3060.885201  	-0.000766 
3062.316860  	-0.000020 
3063.748518  	0.000713 
3065.180176  	0.001348 
3066.611834  	0.002005 
3068.043492  	0.002803 
3069.475151  	0.003376 
3070.906809  	0.003573 
3072.338467  	0.004128 
3073.770125  	0.005002 
3075.201783  	0.005391 
3076.633441  	0.005456 
3078.065100  	0.005528 
3079.496758  	0.005492 
3080.928416  	0.005438 
3082.360074  	0.005484 
3083.791732  	0.005516 
3085.223391  	0.005268 
3086.655049  	0.004936 
3088.086707  	0.004806 
3089.518365  	0.004382 
3090.950023  	0.003789 
3092.381682  	0.003538 
3093.813340  	0.003066 
3095.244998  	0.002364 
3096.676656  	0.001832 
3098.108314  	0.001080 
3099.539972  	0.000252 
3100.971631  	-0.000509 
3102.403289  	-0.001456 
3103.834947  	-0.002135 
3105.266605  	-0.002683 
3106.698263  	-0.003796 
3108.129922  	-0.004976 
3109.561580  	-0.005563 
3110.993238  	-0.005931 
3112.424896  	-0.006530 
3113.856554  	-0.007175 
3115.288212  	-0.007729 
3116.719871  	-0.008370 
3118.151529  	-0.008939 
3119.583187  	-0.009297 
3121.014845  	-0.009511 
3122.446503  	-0.009595 
3123.878162  	-0.009869 
3125.309820  	-0.010239 
3126.741478  	-0.010312 
3128.173136  	-0.010466 
3129.604794  	-0.010706 
3131.036453  	-0.010752 
3132.468111  	-0.010942 
3133.899769  	-0.011101 
3135.331427  	-0.011025 
3136.763085  	-0.011023 
3138.194743  	-0.011001 
3139.626402  	-0.011040 
3141.058060  	-0.011207 
3142.489718  	-0.011118 
3143.921376  	-0.010870 
3145.353034  	-0.010692 
3146.784693  	-0.010638 
3148.216351  	-0.010562 
3149.648009  	-0.010089 
3151.079667  	-0.009743 
3152.511325  	-0.009912 
3153.942983  	-0.009738 
3155.374642  	-0.009052 
3156.806300  	-0.008429 
3158.237958  	-0.008053 
3159.669616  	-0.007859 
3161.101274  	-0.007431 
3162.532933  	-0.006790 
3163.964591  	-0.006321 
3165.396249  	-0.005789 
3166.827907  	-0.005294 
3168.259565  	-0.004971 
3169.691224  	-0.004306 
3171.122882  	-0.003457 
3172.554540  	-0.002736 
3173.986198  	-0.001908 
3175.417856  	-0.001174 
3176.849514  	-0.000638 
3178.281173  	0.000085 
3179.712831  	0.000986 
3181.144489  	0.001695 
3182.576147  	0.002204 
3184.007805  	0.002916 
3185.439464  	0.003799 
3186.871122  	0.004497 
3188.302780  	0.005171 
3189.734438  	0.005754 
3191.166096  	0.005969 
3192.597755  	0.006280 
3194.029413  	0.006983 
3195.461071  	0.007734 
3196.892729  	0.008319 
3198.324387  	0.008762 
3199.756045  	0.009189 
3201.187704  	0.009578 
3202.619362  	0.009855 
3204.051020  	0.010278 
3205.482678  	0.011003 
3206.914336  	0.011696 
3208.345995  	0.011957 
3209.777653  	0.012102 
3211.209311  	0.012702 
3212.640969  	0.013386 
3214.072627  	0.013930 
3215.504285  	0.014768 
3216.935944  	0.015607 
3218.367602  	0.016236 
3219.799260  	0.016874 
3221.230918  	0.017247 
3222.662576  	0.017726 
3224.094235  	0.018844 
3225.525893  	0.019965 
3226.957551  	0.020729 
3228.389209  	0.021599 
3229.820867  	0.022902 
3231.252526  	0.024475 
3232.684184  	0.025870 
3234.115842  	0.027133 
3235.547500  	0.028427 
3236.979158  	0.029574 
3238.410816  	0.030954 
3239.842475  	0.032770 
3241.274133  	0.034491 
3242.705791  	0.036181 
3244.137449  	0.038090 
3245.569107  	0.039778 
3247.000766  	0.041124 
3248.432424  	0.042763 
3249.864082  	0.044863 
3251.295740  	0.046804 
3252.727398  	0.048633 
3254.159057  	0.050889 
3255.590715  	0.053198 
3257.022373  	0.055283 
3258.454031  	0.057391 
3259.885689  	0.059348 
3261.317347  	0.061327 
3262.749006  	0.063654 
3264.180664  	0.066004 
3265.612322  	0.068151 
3267.043980  	0.070142 
3268.475638  	0.072170 
3269.907297  	0.074237 
3271.338955  	0.076084 
3272.770613  	0.078190 
3274.202271  	0.080613 
3275.633929  	0.082622 
3277.065587  	0.084830 
3278.497246  	0.087564 
3279.928904  	0.089783 
3281.360562  	0.091703 
3282.792220  	0.094026 
3284.223878  	0.096357 
3285.655537  	0.098500 
3287.087195  	0.100699 
3288.518853  	0.103001 
3289.950511  	0.105224 
3291.382169  	0.107031 
3292.813828  	0.108214 
3294.245486  	0.109002 
3295.677144  	0.109755 
3297.108802  	0.109968 
3298.540460  	0.109205 
3299.972118  	0.108145 
3301.403777  	0.106765 
3302.835435  	0.104502 
3304.267093  	0.101546 
3305.698751  	0.098062 
3307.130409  	0.094390 
3308.562068  	0.090688 
3309.993726  	0.086807 
3311.425384  	0.083108 
3312.857042  	0.079142 
3314.288700  	0.074662 
3315.720359  	0.070628 
3317.152017  	0.066793 
3318.583675  	0.062818 
3320.015333  	0.059082 
3321.446991  	0.055144 
3322.878649  	0.051345 
3324.310308  	0.048275 
3325.741966  	0.045111 
3327.173624  	0.041673 
3328.605282  	0.038662 
3330.036940  	0.036141 
3331.468599  	0.033461 
3332.900257  	0.030363 
3334.331915  	0.027781 
3335.763573  	0.025783 
3337.195231  	0.023509 
3338.626889  	0.021570 
3340.058548  	0.020277 
3341.490206  	0.018705 
3342.921864  	0.016863 
3344.353522  	0.015282 
3345.785180  	0.013920 
3347.216839  	0.012440 
3348.648497  	0.010841 
3350.080155  	0.009666 
3351.511813  	0.008866 
3352.943471  	0.007873 
3354.375130  	0.006662 
3355.806788  	0.005574 
3357.238446  	0.004899 
3358.670104  	0.004209 
3360.101762  	0.003130 
3361.533420  	0.002472 
3362.965079  	0.002288 
3364.396737  	0.001708 
3365.828395  	0.000880 
3367.260053  	0.000108 
3368.691711  	-0.000658 
3370.123370  	-0.001254 
3371.555028  	-0.001677 
3372.986686  	-0.002012 
3374.418344  	-0.002351 
3375.850002  	-0.002693 
3377.281660  	-0.002943 
3378.713319  	-0.003223 
3380.144977  	-0.003551 
3381.576635  	-0.004075 
3383.008293  	-0.004645 
3384.439951  	-0.004534 
3385.871610  	-0.004438 
3387.303268  	-0.005201 
3388.734926  	-0.005768 
3390.166584  	-0.005851 
3391.598242  	-0.006045 
3393.029901  	-0.006172 
3394.461559  	-0.006292 
3395.893217  	-0.006503 
3397.324875  	-0.006738 
3398.756533  	-0.006970 
3400.188191  	-0.006864 
3401.619850  	-0.006879 
3403.051508  	-0.007348 
3404.483166  	-0.007501 
3405.914824  	-0.007350 
3407.346482  	-0.007331 
3408.778141  	-0.007577 
3410.209799  	-0.008089 
3411.641457  	-0.008123 
3413.073115  	-0.007848 
3414.504773  	-0.008157 
3415.936432  	-0.008525 
3417.368090  	-0.008602 
3418.799748  	-0.008688 
3420.231406  	-0.008771 
3421.663064  	-0.008993 
3423.094722  	-0.009051 
3424.526381  	-0.008955 
3425.958039  	-0.009156 
3427.389697  	-0.009119 
3428.821355  	-0.008927 
3430.253013  	-0.009111 
3431.684672  	-0.009168 
3433.116330  	-0.009310 
3434.547988  	-0.009690 
3435.979646  	-0.009557 
3437.411304  	-0.009192 
3438.842962  	-0.009241 
3440.274621  	-0.009748 
3441.706279  	-0.010221 
3443.137937  	-0.009949 
3444.569595  	-0.009622 
3446.001253  	-0.009904 
3447.432912  	-0.010095 
3448.864570  	-0.010195 
3450.296228  	-0.010401 
3451.727886  	-0.010434 
3453.159544  	-0.010604 
3454.591203  	-0.010851 
3456.022861  	-0.010891 
3457.454519  	-0.011060 
3458.886177  	-0.011315 
3460.317835  	-0.011327 
3461.749493  	-0.011135 
3463.181152  	-0.010993 
3464.612810  	-0.011091 
3466.044468  	-0.011172 
3467.476126  	-0.011038 
3468.907784  	-0.010929 
3470.339443  	-0.010956 
3471.771101  	-0.011073 
3473.202759  	-0.011272 
3474.634417  	-0.011543 
3476.066075  	-0.011757 
3477.497734  	-0.011847 
3478.929392  	-0.012038 
3480.361050  	-0.012177 
3481.792708  	-0.012037 
3483.224366  	-0.012110 
3484.656024  	-0.012399 
3486.087683  	-0.012376 
3487.519341  	-0.012245 
3488.950999  	-0.012341 
3490.382657  	-0.012372 
3491.814315  	-0.012203 
3493.245974  	-0.012462 
3494.677632  	-0.013112 
3496.109290  	-0.013049 
3497.540948  	-0.012697 
3498.972606  	-0.013227 
3500.404264  	-0.013852 
3501.835923  	-0.013976 
3503.267581  	-0.014038 
3504.699239  	-0.014110 
3506.130897  	-0.014486 
3507.562555  	-0.014980 
3508.994214  	-0.014828 
3510.425872  	-0.014453 
3511.857530  	-0.014653 
3513.289188  	-0.015100 
3514.720846  	-0.015451 
3516.152505  	-0.015836 
3517.584163  	-0.016244 
3519.015821  	-0.016246 
3520.447479  	-0.015986 
3521.879137  	-0.016084 
3523.310795  	-0.016402 
3524.742454  	-0.016651 
3526.174112  	-0.016780 
3527.605770  	-0.016870 
3529.037428  	-0.017345 
3530.469086  	-0.017910 
3531.900745  	-0.018231 
3533.332403  	-0.018647 
3534.764061  	-0.018901 
3536.195719  	-0.018967 
3537.627377  	-0.019226 
3539.059035  	-0.019338 
3540.490694  	-0.019415 
3541.922352  	-0.019807 
3543.354010  	-0.020221 
3544.785668  	-0.020452 
3546.217326  	-0.020403 
3547.648985  	-0.020458 
3549.080643  	-0.020871 
3550.512301  	-0.021113 
3551.943959  	-0.021317 
3553.375617  	-0.021560 
3554.807276  	-0.021725 
3556.238934  	-0.022281 
3557.670592  	-0.022657 
3559.102250  	-0.022511 
3560.533908  	-0.022580 
3561.965566  	-0.022423 
3563.397225  	-0.022109 
3564.828883  	-0.022284 
3566.260541  	-0.022076 
3567.692199  	-0.021957 
3569.123857  	-0.023137 
3570.555516  	-0.023944 
3571.987174  	-0.024261 
3573.418832  	-0.024397 
3574.850490  	-0.024173 
3576.282148  	-0.024296 
3577.713807  	-0.025057 
3579.145465  	-0.025608 
3580.577123  	-0.025442 
3582.008781  	-0.025237 
3583.440439  	-0.025509 
3584.872097  	-0.025404 
3586.303756  	-0.024800 
3587.735414  	-0.024639 
3589.167072  	-0.024958 
3590.598730  	-0.025702 
3592.030388  	-0.026547 
3593.462047  	-0.026399 
3594.893705  	-0.025768 
3596.325363  	-0.026001 
3597.757021  	-0.026428 
3599.188679  	-0.026507 
3600.620337  	-0.026523 
3602.051996  	-0.026762 
3603.483654  	-0.027080 
3604.915312  	-0.027211 
3606.346970  	-0.027324 
3607.778628  	-0.027083 
3609.210287  	-0.026515 
3610.641945  	-0.026832 
3612.073603  	-0.027313 
3613.505261  	-0.027348 
3614.936919  	-0.027524 
3616.368578  	-0.027662 
3617.800236  	-0.027589 
3619.231894  	-0.027461 
3620.663552  	-0.027920 
3622.095210  	-0.029061 
3623.526868  	-0.029363 
3624.958527  	-0.028908 
3626.390185  	-0.028704 
3627.821843  	-0.027883 
3629.253501  	-0.026357 
3630.685159  	-0.027563 
3632.116818  	-0.028642 
3633.548476  	-0.029037 
3634.980134  	-0.029923 
3636.411792  	-0.030342 
3637.843450  	-0.030037 
3639.275109  	-0.029769 
3640.706767  	-0.029862 
3642.138425  	-0.029977 
3643.570083  	-0.029980 
3645.001741  	-0.030086 
3646.433399  	-0.029753 
3647.865058  	-0.028636 
3649.296716  	-0.028116 
3650.728374  	-0.028230 
3652.160032  	-0.029303 
3653.591690  	-0.030615 
3655.023349  	-0.030753 
3656.455007  	-0.030179 
3657.886665  	-0.030319 
3659.318323  	-0.030476 
3660.749981  	-0.030493 
3662.181639  	-0.030750 
3663.613298  	-0.030906 
3665.044956  	-0.030802 
3666.476614  	-0.030412 
3667.908272  	-0.030120 
3669.339930  	-0.030103 
3670.771589  	-0.030103 
3672.203247  	-0.030593 
3673.634905  	-0.030603 
3675.066563  	-0.029790 
3676.498221  	-0.030391 
3677.929880  	-0.031104 
3679.361538  	-0.030637 
3680.793196  	-0.030832 
3682.224854  	-0.031187 
3683.656512  	-0.031287 
3685.088170  	-0.031926 
3686.519829  	-0.031894 
3687.951487  	-0.030802 
3689.383145  	-0.030370 
3690.814803  	-0.030655 
3692.246461  	-0.030794 
3693.678120  	-0.031405 
3695.109778  	-0.031777 
3696.541436  	-0.031755 
3697.973094  	-0.031887 
3699.404752  	-0.031685 
3700.836411  	-0.030805 
3702.268069  	-0.030556 
3703.699727  	-0.031383 
3705.131385  	-0.031673 
3706.563043  	-0.031600 
3707.994701  	-0.031605 
3709.426360  	-0.031204 
3710.858018  	-0.030631 
3712.289676  	-0.030507 
3713.721334  	-0.030924 
3715.152992  	-0.031729 
3716.584651  	-0.032084 
3718.016309  	-0.031745 
3719.447967  	-0.031488 
3720.879625  	-0.031373 
3722.311283  	-0.031084 
3723.742941  	-0.031265 
3725.174600  	-0.031676 
3726.606258  	-0.031729 
3728.037916  	-0.031800 
3729.469574  	-0.031695 
3730.901232  	-0.031003 
3732.332891  	-0.030511 
3733.764549  	-0.030718 
3735.196207  	-0.029983 
3736.627865  	-0.029841 
3738.059523  	-0.031500 
3739.491182  	-0.031823 
3740.922840  	-0.031792 
3742.354498  	-0.032126 
3743.786156  	-0.031217 
3745.217814  	-0.030005 
3746.649472  	-0.031445 
3748.081131  	-0.031454 
3749.512789  	-0.030647 
3750.944447  	-0.030405 
3752.376105  	-0.030254 
3753.807763  	-0.031062 
3755.239422  	-0.031994 
3756.671080  	-0.032190 
3758.102738  	-0.032353 
3759.534396  	-0.032314 
3760.966054  	-0.032216 
3762.397712  	-0.032587 
3763.829371  	-0.032449 
3765.261029  	-0.031800 
3766.692687  	-0.031920 
3768.124345  	-0.032437 
3769.556003  	-0.032400 
3770.987662  	-0.032083 
3772.419320  	-0.032057 
3773.850978  	-0.032050 
3775.282636  	-0.032007 
3776.714294  	-0.032125 
3778.145953  	-0.032121 
3779.577611  	-0.031996 
3781.009269  	-0.032066 
3782.440927  	-0.031956 
3783.872585  	-0.031961 
3785.304243  	-0.032392 
3786.735902  	-0.032320 
3788.167560  	-0.032038 
3789.599218  	-0.032343 
3791.030876  	-0.032684 
3792.462534  	-0.032769 
3793.894193  	-0.032624 
3795.325851  	-0.032064 
3796.757509  	-0.031504 
3798.189167  	-0.031478 
3799.620825  	-0.031211 
3801.052484  	-0.030320 
3802.484142  	-0.030340 
3803.915800  	-0.031818 
3805.347458  	-0.032273 
3806.779116  	-0.031838 
3808.210774  	-0.031830 
3809.642433  	-0.032275 
3811.074091  	-0.032355 
3812.505749  	-0.032435 
3813.937407  	-0.032376 
3815.369065  	-0.031795 
3816.800724  	-0.031458 
3818.232382  	-0.031915 
3819.664040  	-0.031668 
3821.095698  	-0.030625 
3822.527356  	-0.030677 
3823.959014  	-0.031505 
3825.390673  	-0.031807 
3826.822331  	-0.032152 
3828.253989  	-0.032437 
3829.685647  	-0.032307 
3831.117305  	-0.032150 
3832.548964  	-0.032006 
3833.980622  	-0.031838 
3835.412280  	-0.031856 
3836.843938  	-0.031685 
3838.275596  	-0.031017 
3839.707255  	-0.030731 
3841.138913  	-0.031229 
3842.570571  	-0.031702 
3844.002229  	-0.031819 
3845.433887  	-0.032054 
3846.865545  	-0.032463 
3848.297204  	-0.032377 
3849.728862  	-0.031826 
3851.160520  	-0.031270 
3852.592178  	-0.030260 
3854.023836  	-0.029368 
3855.455495  	-0.030883 
3856.887153  	-0.031758 
3858.318811  	-0.032140 
3859.750469  	-0.032316 
3861.182127  	-0.032078 
3862.613786  	-0.032002 
3864.045444  	-0.032210 
3865.477102  	-0.032022 
3866.908760  	-0.031922 
3868.340418  	-0.031940 
3869.772076  	-0.031689 
3871.203735  	-0.031802 
3872.635393  	-0.031725 
3874.067051  	-0.031183 
3875.498709  	-0.031594 
3876.930367  	-0.032391 
3878.362026  	-0.032259 
3879.793684  	-0.031648 
3881.225342  	-0.031299 
3882.657000  	-0.031562 
3884.088658  	-0.031646 
3885.520316  	-0.031038 
3886.951975  	-0.031120 
3888.383633  	-0.032108 
3889.815291  	-0.032321 
3891.246949  	-0.032132 
3892.678607  	-0.032399 
3894.110266  	-0.032681 
3895.541924  	-0.032717 
3896.973582  	-0.032462 
3898.405240  	-0.031943 
3899.836898  	-0.031687 
3901.268557  	-0.031717 
3902.700215  	-0.031688 
3904.131873  	-0.031770 
3905.563531  	-0.031882 
3906.995189  	-0.032120 
3908.426847  	-0.032540 
3909.858506  	-0.032761 
3911.290164  	-0.032581 
3912.721822  	-0.032170 
3914.153480  	-0.032000 
3915.585138  	-0.032153 
3917.016797  	-0.032145 
3918.448455  	-0.032046 
3919.880113  	-0.032082 
3921.311771  	-0.031977 
3922.743429  	-0.031963 
3924.175088  	-0.032065 
3925.606746  	-0.032053 
3927.038404  	-0.032108 
3928.470062  	-0.032096 
3929.901720  	-0.032013 
3931.333378  	-0.032032 
3932.765037  	-0.031795 
3934.196695  	-0.031790 
3935.628353  	-0.032450 
3937.060011  	-0.032753 
3938.491669  	-0.032441 
3939.923328  	-0.032279 
3941.354986  	-0.032198 
3942.786644  	-0.031783 
3944.218302  	-0.031584 
3945.649960  	-0.032051 
3947.081618  	-0.032461 
3948.513277  	-0.032299 
3949.944935  	-0.032132 
3951.376593  	-0.032279 
3952.808251  	-0.032243 
3954.239909  	-0.032028 
3955.671568  	-0.031965 
3957.103226  	-0.032144 
3958.534884  	-0.032307 
3959.966542  	-0.032120 
3961.398200  	-0.031791 
3962.829859  	-0.031722 
3964.261517  	-0.031983 
3965.693175  	-0.032346 
3967.124833  	-0.032387 
3968.556491  	-0.032153 
3969.988149  	-0.032009 
3971.419808  	-0.031740 
3972.851466  	-0.031414 
3974.283124  	-0.031452 
3975.714782  	-0.031527 
3977.146440  	-0.031518 
3978.578099  	-0.031868 
3980.009757  	-0.032170 
3981.441415  	-0.031996 
3982.873073  	-0.032029 
3984.304731  	-0.032295 
3985.736389  	-0.032003 
3987.168048  	-0.031685 
3988.599706  	-0.031771 
3990.031364  	-0.031471 
3991.463022  	-0.031316 
3992.894680  	-0.031855 
3994.326339  	-0.031886 
3995.757997  	-0.031578 
3997.189655  	-0.031835 
3998.621313  	-0.031937 
4000.052971  	-0.031766 
4001.484630  	-0.031826 
4002.916288  	-0.031800 
4004.347946  	-0.031694 
4005.779604  	-0.031651 
4007.211262  	-0.031544 
4008.642920  	-0.031532 
4010.074579  	-0.031567 
4011.506237  	-0.031506 
4012.937895  	-0.031392 
4014.369553  	-0.031354 
4015.801211  	-0.031624 
4017.232870  	-0.031814 
4018.664528  	-0.031557 
4020.096186  	-0.031419 
4021.527844  	-0.031557 
4022.959502  	-0.031655 
4024.391161  	-0.031723 
4025.822819  	-0.031773 
4027.254477  	-0.032020 
4028.686135  	-0.032298 
4030.117793  	-0.032021 
4031.549451  	-0.031668 
4032.981110  	-0.031793 
4034.412768  	-0.031898 
4035.844426  	-0.031786 
4037.276084  	-0.031651 
4038.707742  	-0.031552 
4040.139401  	-0.031631 
4041.571059  	-0.031735 
4043.002717  	-0.031600 
4044.434375  	-0.031437 
4045.866033  	-0.031529 
4047.297691  	-0.031733 
4048.729350  	-0.031746 
4050.161008  	-0.031697 
4051.592666  	-0.031851 
4053.024324  	-0.031930 
4054.455982  	-0.031726 
4055.887641  	-0.031526 
4057.319299  	-0.031427 
4058.750957  	-0.031338 
4060.182615  	-0.031287 
4061.614273  	-0.031364 
4063.045932  	-0.031736 
4064.477590  	-0.032190 
4065.909248  	-0.032228 
4067.340906  	-0.032166 
4068.772564  	-0.032468 
4070.204222  	-0.032512 
4071.635881  	-0.032008 
4073.067539  	-0.031822 
4074.499197  	-0.032147 
4075.930855  	-0.032223 
4077.362513  	-0.031909 
4078.794172  	-0.031749 
4080.225830  	-0.031867 
4081.657488  	-0.031859 
4083.089146  	-0.031731 
4084.520804  	-0.031717 
4085.952463  	-0.031590 
4087.384121  	-0.031508 
4088.815779  	-0.031805 
4090.247437  	-0.032003 
4091.679095  	-0.031917 
4093.110753  	-0.031845 
4094.542412  	-0.031824 
4095.974070  	-0.032018 
4097.405728  	-0.032122 
4098.837386  	-0.031774 
4100.269044  	-0.031694 
4101.700703  	-0.031985 
4103.132361  	-0.031976 
4104.564019  	-0.031779 
4105.995677  	-0.031546 
4107.427335  	-0.031435 
4108.858993  	-0.031701 
4110.290652  	-0.031966 
4111.722310  	-0.032152 
4113.153968  	-0.032204 
4114.585626  	-0.031691 
4116.017284  	-0.031310 
4117.448943  	-0.031618 
4118.880601  	-0.031858 
4120.312259  	-0.031859 
4121.743917  	-0.031993 
4123.175575  	-0.032144 
4124.607234  	-0.032085 
4126.038892  	-0.031855 
4127.470550  	-0.031904 
4128.902208  	-0.032154 
4130.333866  	-0.031998 
4131.765524  	-0.031855 
4133.197183  	-0.032130 
4134.628841  	-0.032181 
4136.060499  	-0.031928 
4137.492157  	-0.031812 
4138.923815  	-0.031768 
4140.355474  	-0.031651 
4141.787132  	-0.031551 
4143.218790  	-0.031699 
4144.650448  	-0.031967 
4146.082106  	-0.031912 
4147.513764  	-0.031810 
4148.945423  	-0.032050 
4150.377081  	-0.032213 
4151.808739  	-0.032051 
4153.240397  	-0.031822 
4154.672055  	-0.031708 
4156.103714  	-0.031806 
4157.535372  	-0.031957 
4158.967030  	-0.031887 
4160.398688  	-0.031732 
4161.830346  	-0.031769 
4163.262005  	-0.031934 
4164.693663  	-0.031938 
4166.125321  	-0.031755 
4167.556979  	-0.031742 
4168.988637  	-0.031850 
4170.420295  	-0.031661 
4171.851954  	-0.031537 
4173.283612  	-0.031993 
4174.715270  	-0.032453 
4176.146928  	-0.032362 
4177.578586  	-0.032101 
4179.010245  	-0.031964 
4180.441903  	-0.031873 
4181.873561  	-0.031920 
4183.305219  	-0.031993 
4184.736877  	-0.031699 
4186.168536  	-0.031381 
4187.600194  	-0.031665 
4189.031852  	-0.031949 
4190.463510  	-0.031627 
4191.895168  	-0.031394 
4193.326826  	-0.031432 
4194.758485  	-0.031301 
4196.190143  	-0.031392 
4197.621801  	-0.031662 
4199.053459  	-0.031456 
4200.485117  	-0.031108 
4201.916776  	-0.031193 
4203.348434  	-0.031490 
4204.780092  	-0.031526 
4206.211750  	-0.031390 
4207.643408  	-0.031525 
4209.075066  	-0.031631 
4210.506725  	-0.031411 
4211.938383  	-0.031326 
4213.370041  	-0.031226 
4214.801699  	-0.031032 
4216.233357  	-0.031343 
4217.665016  	-0.031766 
4219.096674  	-0.031826 
4220.528332  	-0.031877 
4221.959990  	-0.031714 
4223.391648  	-0.031108 
4224.823307  	-0.030672 
4226.254965  	-0.031151 
4227.686623  	-0.032195 
4229.118281  	-0.032271 
4230.549939  	-0.031470 
4231.981597  	-0.031278 
4233.413256  	-0.031330 
4234.844914  	-0.031224 
4236.276572  	-0.031641 
4237.708230  	-0.031923 
4239.139888  	-0.031713 
4240.571547  	-0.031802 
4242.003205  	-0.031951 
4243.434863  	-0.031911 
4244.866521  	-0.031956 
4246.298179  	-0.031928 
4247.729838  	-0.031985 
4249.161496  	-0.032106 
4250.593154  	-0.031833 
4252.024812  	-0.031662 
4253.456470  	-0.031937 
4254.888128  	-0.031757 
4256.319787  	-0.031015 
4257.751445  	-0.030882 
4259.183103  	-0.031457 
4260.614761  	-0.031605 
4262.046419  	-0.031122 
4263.478078  	-0.030771 
4264.909736  	-0.030957 
4266.341394  	-0.031524 
4267.773052  	-0.031871 
4269.204710  	-0.031705 
4270.636368  	-0.031560 
4272.068027  	-0.031708 
4273.499685  	-0.031846 
4274.931343  	-0.031766 
4276.363001  	-0.031519 
4277.794659  	-0.031377 
4279.226318  	-0.031305 
4280.657976  	-0.031200 
4282.089634  	-0.031508 
4283.521292  	-0.032013 
4284.952950  	-0.031935 
4286.384609  	-0.031541 
4287.816267  	-0.031297 
4289.247925  	-0.031112 
4290.679583  	-0.031130 
4292.111241  	-0.031349 
4293.542899  	-0.031338 
4294.974558  	-0.031073 
4296.406216  	-0.031088 
4297.837874  	-0.031498 
4299.269532  	-0.031659 
4300.701190  	-0.031475 
4302.132849  	-0.031473 
4303.564507  	-0.031443 
4304.996165  	-0.031298 
4306.427823  	-0.031514 
4307.859481  	-0.031704 
4309.291140  	-0.031477 
4310.722798  	-0.031305 
4312.154456  	-0.031369 
4313.586114  	-0.031644 
4315.017772  	-0.031895 
4316.449430  	-0.031587 
4317.881089  	-0.031281 
4319.312747  	-0.031590 
4320.744405  	-0.031754 
4322.176063  	-0.031506 
4323.607721  	-0.031293 
4325.039380  	-0.031054 
4326.471038  	-0.030874 
4327.902696  	-0.030882 
4329.334354  	-0.031070 
4330.766012  	-0.031610 
4332.197670  	-0.032025 
4333.629329  	-0.031871 
4335.060987  	-0.031461 
4336.492645  	-0.030984 
4337.924303  	-0.030946 
4339.355961  	-0.031369 
4340.787620  	-0.031137 
4342.219278  	-0.030652 
4343.650936  	-0.030910 
4345.082594  	-0.031063 
4346.514252  	-0.030716 
4347.945911  	-0.030509 
4349.377569  	-0.030517 
4350.809227  	-0.030712 
4352.240885  	-0.030882 
4353.672543  	-0.030778 
4355.104201  	-0.030631 
4356.535860  	-0.030582 
4357.967518  	-0.030734 
4359.399176  	-0.030832 
4360.830834  	-0.030630 
4362.262492  	-0.030747 
4363.694151  	-0.030867 
4365.125809  	-0.030383 
4366.557467  	-0.030301 
4367.989125  	-0.030750 
4369.420783  	-0.030817 
4370.852441  	-0.030689 
4372.284100  	-0.030712 
4373.715758  	-0.031018 
4375.147416  	-0.031339 
4376.579074  	-0.031104 
4378.010732  	-0.031080 
4379.442391  	-0.031676 
4380.874049  	-0.031934 
4382.305707  	-0.031862 
4383.737365  	-0.031634 
4385.169023  	-0.031127 
4386.600682  	-0.031026 
4388.032340  	-0.031259 
4389.463998  	-0.031274 
4390.895656  	-0.031427 
4392.327314  	-0.031627 
4393.758972  	-0.031445 
4395.190631  	-0.031209 
4396.622289  	-0.031325 
4398.053947  	-0.031599 
4399.485605  	-0.031639 
4400.917263  	-0.031699 
4402.348922  	-0.032063 
4403.780580  	-0.032156 
4405.212238  	-0.031924 
4406.643896  	-0.032078 
4408.075554  	-0.032433 
4409.507213  	-0.032213 
4410.938871  	-0.031501 
4412.370529  	-0.031095 
4413.802187  	-0.031352 
4415.233845  	-0.031959 
4416.665503  	-0.032363 
4418.097162  	-0.032145 
4419.528820  	-0.031898 
4420.960478  	-0.032178 
4422.392136  	-0.032129 
4423.823794  	-0.031812 
4425.255453  	-0.032186 
4426.687111  	-0.032565 
4428.118769  	-0.032364 
4429.550427  	-0.032039 
4430.982085  	-0.031776 
4432.413743  	-0.031912 
4433.845402  	-0.032137 
4435.277060  	-0.031876 
4436.708718  	-0.031849 
4438.140376  	-0.032098 
4439.572034  	-0.032019 
4441.003693  	-0.031928 
4442.435351  	-0.031842 
4443.867009  	-0.031964 
4445.298667  	-0.032437 
4446.730325  	-0.032347 
4448.161984  	-0.032126 
4449.593642  	-0.032422 
4451.025300  	-0.032213 
4452.456958  	-0.031852 
4453.888616  	-0.032188 
4455.320274  	-0.032467 
4456.751933  	-0.032564 
4458.183591  	-0.032574 
4459.615249  	-0.032230 
4461.046907  	-0.032090 
4462.478565  	-0.031951 
4463.910224  	-0.031404 
4465.341882  	-0.031376 
4466.773540  	-0.031925 
4468.205198  	-0.032273 
4469.636856  	-0.032324 
4471.068515  	-0.032114 
4472.500173  	-0.032138 
4473.931831  	-0.032470 
4475.363489  	-0.032153 
4476.795147  	-0.031774 
4478.226805  	-0.032326 
4479.658464  	-0.032697 
4481.090122  	-0.032403 
4482.521780  	-0.032366 
4483.953438  	-0.032430 
4485.385096  	-0.032245 
4486.816755  	-0.032151 
4488.248413  	-0.032108 
4489.680071  	-0.032116 
4491.111729  	-0.032339 
4492.543387  	-0.032441 
4493.975045  	-0.032308 
4495.406704  	-0.032275 
4496.838362  	-0.032330 
4498.270020  	-0.032271 
4499.701678  	-0.032004 
4501.133336  	-0.031542 
4502.564995  	-0.031501 
4503.996653  	-0.032270 
4505.428311  	-0.032802 
4506.859969  	-0.032534 
4508.291627  	-0.032266 
4509.723286  	-0.032054 
4511.154944  	-0.031809 
4512.586602  	-0.031989 
4514.018260  	-0.032060 
4515.449918  	-0.031873 
4516.881576  	-0.032048 
4518.313235  	-0.032061 
4519.744893  	-0.031947 
4521.176551  	-0.032370 
4522.608209  	-0.032662 
4524.039867  	-0.032750 
4525.471526  	-0.032930 
4526.903184  	-0.032347 
4528.334842  	-0.031516 
4529.766500  	-0.031632 
4531.198158  	-0.031993 
4532.629817  	-0.031924 
4534.061475  	-0.031915 
4535.493133  	-0.032117 
4536.924791  	-0.031999 
4538.356449  	-0.031519 
4539.788107  	-0.031591 
4541.219766  	-0.032204 
4542.651424  	-0.032400 
4544.083082  	-0.032453 
4545.514740  	-0.032729 
4546.946398  	-0.032775 
4548.378057  	-0.032768 
4549.809715  	-0.032766 
4551.241373  	-0.032452 
4552.673031  	-0.032173 
4554.104689  	-0.032028 
4555.536347  	-0.031891 
4556.968006  	-0.032022 
4558.399664  	-0.032121 
4559.831322  	-0.031849 
4561.262980  	-0.031761 
4562.694638  	-0.032030 
4564.126297  	-0.032007 
4565.557955  	-0.031825 
4566.989613  	-0.032193 
4568.421271  	-0.032617 
4569.852929  	-0.032482 
4571.284588  	-0.032475 
4572.716246  	-0.032633 
4574.147904  	-0.032324 
4575.579562  	-0.032292 
4577.011220  	-0.032894 
4578.442878  	-0.032910 
4579.874537  	-0.032105 
4581.306195  	-0.031388 
4582.737853  	-0.031211 
4584.169511  	-0.031756 
4585.601169  	-0.032417 
4587.032828  	-0.032201 
4588.464486  	-0.031920 
4589.896144  	-0.032440 
4591.327802  	-0.032674 
4592.759460  	-0.032383 
4594.191118  	-0.032328 
4595.622777  	-0.032112 
4597.054435  	-0.031761 
4598.486093  	-0.031736 
4599.917751  	-0.031729 
4601.349409  	-0.031919 
4602.781068  	-0.032152 
4604.212726  	-0.031827 
4605.644384  	-0.031684 
4607.076042  	-0.031830 
4608.507700  	-0.031513 
4609.939359  	-0.031480 
4611.371017  	-0.032032 
4612.802675  	-0.032290 
4614.234333  	-0.032281 
4615.665991  	-0.032123 
4617.097649  	-0.031700 
4618.529308  	-0.031737 
4619.960966  	-0.032396 
4621.392624  	-0.032593 
4622.824282  	-0.032246 
4624.255940  	-0.032440 
4625.687599  	-0.032912 
4627.119257  	-0.032811 
4628.550915  	-0.032659 
4629.982573  	-0.032532 
4631.414231  	-0.032032 
4632.845890  	-0.031956 
4634.277548  	-0.032330 
4635.709206  	-0.032311 
4637.140864  	-0.032110 
4638.572522  	-0.031929 
4640.004180  	-0.031745 
4641.435839  	-0.031795 
4642.867497  	-0.031936 
4644.299155  	-0.032176 
4645.730813  	-0.032398 
4647.162471  	-0.032210 
4648.594130  	-0.032088 
4650.025788  	-0.032218 
4651.457446  	-0.032026 
4652.889104  	-0.031886 
4654.320762  	-0.032384 
4655.752420  	-0.032894 
4657.184079  	-0.032591 
4658.615737  	-0.031936 
4660.047395  	-0.031870 
4661.479053  	-0.032185 
4662.910711  	-0.032411 
4664.342370  	-0.032617 
4665.774028  	-0.032640 
4667.205686  	-0.032643 
4668.637344  	-0.032832 
4670.069002  	-0.032731 
4671.500661  	-0.032487 
4672.932319  	-0.032471 
4674.363977  	-0.032343 
4675.795635  	-0.032221 
4677.227293  	-0.032444 
4678.658951  	-0.032675 
4680.090610  	-0.032531 
4681.522268  	-0.032248 
4682.953926  	-0.032330 
4684.385584  	-0.032502 
4685.817242  	-0.032404 
4687.248901  	-0.032543 
4688.680559  	-0.032747 
4690.112217  	-0.032427 
4691.543875  	-0.032197 
4692.975533  	-0.032405 
4694.407192  	-0.032398 
4695.838850  	-0.032183 
4697.270508  	-0.032276 
4698.702166  	-0.032356 
4700.133824  	-0.032175 
4701.565482  	-0.032578 
4702.997141  	-0.033347 
4704.428799  	-0.033147 
4705.860457  	-0.032600 
4707.292115  	-0.032557 
4708.723773  	-0.032199 
4710.155432  	-0.031783 
4711.587090  	-0.031991 
4713.018748  	-0.032242 
4714.450406  	-0.032407 
4715.882064  	-0.032633 
4717.313722  	-0.032720 
4718.745381  	-0.032597 
4720.177039  	-0.032175 
4721.608697  	-0.032041 
4723.040355  	-0.032382 
4724.472013  	-0.032350 
4725.903672  	-0.032459 
4727.335330  	-0.033213 
4728.766988  	-0.033537 
4730.198646  	-0.033420 
4731.630304  	-0.033157 
4733.061963  	-0.032384 
4734.493621  	-0.032061 
4735.925279  	-0.032577 
4737.356937  	-0.032736 
4738.788595  	-0.032524 
4740.220253  	-0.032395 
4741.651912  	-0.032105 
4743.083570  	-0.031986 
4744.515228  	-0.032127 
4745.946886  	-0.032096 
4747.378544  	-0.032332 
4748.810203  	-0.032800 
4750.241861  	-0.032584 
4751.673519  	-0.032106 
4753.105177  	-0.032128 
4754.536835  	-0.032176 
4755.968493  	-0.032173 
4757.400152  	-0.032362 
4758.831810  	-0.032277 
4760.263468  	-0.032059 
4761.695126  	-0.032292 
4763.126784  	-0.032704 
4764.558443  	-0.032792 
4765.990101  	-0.032582 
4767.421759  	-0.032377 
4768.853417  	-0.032245 
4770.285075  	-0.032152 
4771.716734  	-0.032268 
4773.148392  	-0.032387 
4774.580050  	-0.032287 
4776.011708  	-0.032353 
4777.443366  	-0.032419 
4778.875024  	-0.032188 
4780.306683  	-0.032351 
4781.738341  	-0.032970 
4783.169999  	-0.033127 
4784.601657  	-0.032791 
4786.033315  	-0.032624 
4787.464974  	-0.032627 
4788.896632  	-0.032456 
4790.328290  	-0.032209 
4791.759948  	-0.031996 
4793.191606  	-0.031831 
4794.623265  	-0.032095 
4796.054923  	-0.032584 
4797.486581  	-0.032394 
4798.918239  	-0.031698 
4800.349897  	-0.031376 
4801.781555  	-0.031436 
4803.213214  	-0.031578 
4804.644872  	-0.031954 
4806.076530  	-0.032454 
4807.508188  	-0.032567 
4808.939846  	-0.032564 
4810.371505  	-0.032945 
4811.803163  	-0.033126 
4813.234821  	-0.032990 
4814.666479  	-0.033083 
4816.098137  	-0.032780 
4817.529795  	-0.032005 
4818.961454  	-0.031948 
4820.393112  	-0.032588 
4821.824770  	-0.033037 
4823.256428  	-0.033016 
4824.688086  	-0.032788 
4826.119745  	-0.032698 
4827.551403  	-0.032538 
4828.983061  	-0.032364 
4830.414719  	-0.032510 
4831.846377  	-0.032468 
4833.278036  	-0.032222 
4834.709694  	-0.032315 
4836.141352  	-0.032505 
4837.573010  	-0.032695 
4839.004668  	-0.032768 
4840.436326  	-0.032530 
4841.867985  	-0.032608 
4843.299643  	-0.032758 
4844.731301  	-0.032316 
4846.162959  	-0.032143 
4847.594617  	-0.032616 
4849.026276  	-0.032946 
4850.457934  	-0.032835 
4851.889592  	-0.032531 
4853.321250  	-0.032572 
4854.752908  	-0.032959 
4856.184567  	-0.032925 
4857.616225  	-0.032570 
4859.047883  	-0.032661 
4860.479541  	-0.033018 
4861.911199  	-0.032925 
4863.342857  	-0.032642 
4864.774516  	-0.032807 
4866.206174  	-0.032821 
4867.637832  	-0.032444 
4869.069490  	-0.032627 
4870.501148  	-0.032850 
4871.932807  	-0.032296 
4873.364465  	-0.032041 
4874.796123  	-0.032232 
4876.227781  	-0.031759 
4877.659439  	-0.031146 
4879.091097  	-0.031473 
4880.522756  	-0.032237 
4881.954414  	-0.032583 
4883.386072  	-0.032630 
4884.817730  	-0.032470 
4886.249388  	-0.032107 
4887.681047  	-0.032489 
4889.112705  	-0.033390 
4890.544363  	-0.033079 
4891.976021  	-0.032144 
4893.407679  	-0.032164 
4894.839338  	-0.032359 
4896.270996  	-0.032088 
4897.702654  	-0.032114 
4899.134312  	-0.032466 
4900.565970  	-0.032741 
4901.997628  	-0.033003 
4903.429287  	-0.033226 
4904.860945  	-0.033325 
4906.292603  	-0.033444 
4907.724261  	-0.033355 
4909.155919  	-0.032513 
4910.587578  	-0.031555 
4912.019236  	-0.031735 
4913.450894  	-0.032500 
4914.882552  	-0.032492 
4916.314210  	-0.031787 
4917.745869  	-0.031247 
4919.177527  	-0.031394 
4920.609185  	-0.032049 
4922.040843  	-0.032339 
4923.472501  	-0.031839 
4924.904159  	-0.031421 
4926.335818  	-0.032065 
4927.767476  	-0.032952 
4929.199134  	-0.032673 
4930.630792  	-0.032117 
4932.062450  	-0.032554 
4933.494109  	-0.032994 
4934.925767  	-0.032870 
4936.357425  	-0.032908 
4937.789083  	-0.032936 
4939.220741  	-0.033002 
4940.652399  	-0.033652 
4942.084058  	-0.034053 
4943.515716  	-0.033527 
4944.947374  	-0.032871 
4946.379032  	-0.032641 
4947.810690  	-0.032571 
4949.242349  	-0.032458 
4950.674007  	-0.032507 
4952.105665  	-0.032641 
4953.537323  	-0.032331 
4954.968981  	-0.032111 
4956.400640  	-0.032648 
4957.832298  	-0.033043 
4959.263956  	-0.032989 
4960.695614  	-0.033033 
4962.127272  	-0.032991 
4963.558930  	-0.033145 
4964.990589  	-0.033357 
4966.422247  	-0.032804 
4967.853905  	-0.032587 
4969.285563  	-0.033276 
4970.717221  	-0.033455 
4972.148880  	-0.033158 
4973.580538  	-0.032978 
4975.012196  	-0.032723 
4976.443854  	-0.032563 
4977.875512  	-0.032305 
4979.307170  	-0.032274 
4980.738829  	-0.033103 
4982.170487  	-0.033474 
4983.602145  	-0.032785 
4985.033803  	-0.032451 
4986.465461  	-0.032768 
4987.897120  	-0.032918 
4989.328778  	-0.032690 
4990.760436  	-0.032685 
4992.192094  	-0.033105 
4993.623752  	-0.033125 
4995.055411  	-0.032863 
4996.487069  	-0.032869 
4997.918727  	-0.032709 
4999.350385  	-0.032757 
5000.782043  	-0.033069 
5002.213701  	-0.032705 
5003.645360  	-0.032448 
5005.077018  	-0.032851 
5006.508676  	-0.032895 
5007.940334  	-0.032777 
5009.371992  	-0.032945 
5010.803651  	-0.032862 
5012.235309  	-0.032636 
5013.666967  	-0.032810 
5015.098625  	-0.033035 
5016.530283  	-0.032439 
5017.961942  	-0.031621 
5019.393600  	-0.031911 
5020.825258  	-0.032289 
5022.256916  	-0.031702 
5023.688574  	-0.031521 
5025.120232  	-0.032145 
5026.551891  	-0.032441 
5027.983549  	-0.032348 
5029.415207  	-0.032290 
5030.846865  	-0.032392 
5032.278523  	-0.032747 
5033.710182  	-0.033027 
5035.141840  	-0.032857 
5036.573498  	-0.032598 
5038.005156  	-0.032577 
5039.436814  	-0.032502 
5040.868472  	-0.032445 
5042.300131  	-0.032580 
5043.731789  	-0.032401 
5045.163447  	-0.032031 
5046.595105  	-0.032144 
5048.026763  	-0.032818 
5049.458422  	-0.033437 
5050.890080  	-0.032924 
5052.321738  	-0.032126 
5053.753396  	-0.032642 
5055.185054  	-0.032811 
5056.616713  	-0.032071 
5058.048371  	-0.032618 
5059.480029  	-0.033465 
5060.911687  	-0.033541 
5062.343345  	-0.034045 
5063.775003  	-0.033606 
5065.206662  	-0.031987 
5066.638320  	-0.031851 
5068.069978  	-0.032609 
5069.501636  	-0.032469 
5070.933294  	-0.032187 
5072.364953  	-0.032482 
5073.796611  	-0.032988 
5075.228269  	-0.033139 
5076.659927  	-0.033003 
5078.091585  	-0.032897 
5079.523244  	-0.032416 
5080.954902  	-0.032044 
5082.386560  	-0.032628 
5083.818218  	-0.033145 
5085.249876  	-0.032935 
5086.681534  	-0.032950 
5088.113193  	-0.033163 
5089.544851  	-0.032854 
5090.976509  	-0.032535 
5092.408167  	-0.032592 
5093.839825  	-0.032422 
5095.271484  	-0.032362 
5096.703142  	-0.032628 
5098.134800  	-0.032260 
5099.566458  	-0.032068 
5100.998116  	-0.032607 
5102.429774  	-0.032046 
5103.861433  	-0.031275 
5105.293091  	-0.032167 
5106.724749  	-0.032823 
5108.156407  	-0.032490 
5109.588065  	-0.032526 
5111.019724  	-0.032594 
5112.451382  	-0.032679 
5113.883040  	-0.033031 
5115.314698  	-0.032773 
5116.746356  	-0.032382 
5118.178015  	-0.032679 
5119.609673  	-0.032927 
5121.041331  	-0.032796 
5122.472989  	-0.032667 
5123.904647  	-0.032487 
5125.336305  	-0.032350 
5126.767964  	-0.032468 
5128.199622  	-0.032497 
5129.631280  	-0.032457 
5131.062938  	-0.032742 
5132.494596  	-0.032615 
5133.926255  	-0.032033 
5135.357913  	-0.032652 
5136.789571  	-0.033825 
5138.221229  	-0.033551 
5139.652887  	-0.032805 
5141.084546  	-0.032723 
5142.516204  	-0.032302 
5143.947862  	-0.031472 
5145.379520  	-0.031164 
5146.811178  	-0.031663 
5148.242836  	-0.032836 
5149.674495  	-0.033588 
5151.106153  	-0.033102 
5152.537811  	-0.032471 
5153.969469  	-0.032092 
5155.401127  	-0.031289 
5156.832786  	-0.031348 
5158.264444  	-0.032798 
5159.696102  	-0.033266 
5161.127760  	-0.032279 
5162.559418  	-0.031610 
5163.991076  	-0.031685 
5165.422735  	-0.032060 
5166.854393  	-0.032510 
5168.286051  	-0.033006 
5169.717709  	-0.033321 
5171.149367  	-0.033035 
5172.581026  	-0.032847 
5174.012684  	-0.032737 
5175.444342  	-0.031620 
5176.876000  	-0.030987 
5178.307658  	-0.031741 
5179.739317  	-0.031919 
5181.170975  	-0.031826 
5182.602633  	-0.032109 
5184.034291  	-0.031670 
5185.465949  	-0.031786 
5186.897607  	-0.033197 
5188.329266  	-0.033552 
5189.760924  	-0.032588 
5191.192582  	-0.031966 
5192.624240  	-0.032207 
5194.055898  	-0.032576 
5195.487557  	-0.032578 
5196.919215  	-0.032668 
5198.350873  	-0.032851 
5199.782531  	-0.032793 
5201.214189  	-0.032687 
5202.645847  	-0.032443 
5204.077506  	-0.032627 
5205.509164  	-0.033258 
5206.940822  	-0.032628 
5208.372480  	-0.031464 
5209.804138  	-0.031578 
5211.235797  	-0.031992 
5212.667455  	-0.032376 
5214.099113  	-0.032630 
5215.530771  	-0.031999 
5216.962429  	-0.031565 
5218.394088  	-0.032063 
5219.825746  	-0.032523 
5221.257404  	-0.032646 
5222.689062  	-0.032635 
5224.120720  	-0.032715 
5225.552378  	-0.033060 
5226.984037  	-0.033146 
5228.415695  	-0.032772 
5229.847353  	-0.032217 
5231.279011  	-0.032086 
5232.710669  	-0.033006 
5234.142328  	-0.033593 
5235.573986  	-0.032700 
5237.005644  	-0.031730 
5238.437302  	-0.031959 
5239.868960  	-0.032939 
5241.300619  	-0.033658 
5242.732277  	-0.033612 
5244.163935  	-0.033102 
5245.595593  	-0.032662 
5247.027251  	-0.032629 
5248.458909  	-0.032999 
5249.890568  	-0.033285 
5251.322226  	-0.033065 
5252.753884  	-0.032603 
5254.185542  	-0.032222 
5255.617200  	-0.032254 
5257.048859  	-0.032629 
5258.480517  	-0.032676 
5259.912175  	-0.032235 
5261.343833  	-0.032017 
5262.775491  	-0.032296 
5264.207149  	-0.032456 
5265.638808  	-0.032489 
5267.070466  	-0.032690 
5268.502124  	-0.032973 
5269.933782  	-0.033431 
5271.365440  	-0.033649 
5272.797099  	-0.033326 
5274.228757  	-0.033199 
5275.660415  	-0.033490 
5277.092073  	-0.033718 
5278.523731  	-0.033536 
5279.955390  	-0.032854 
5281.387048  	-0.032523 
5282.818706  	-0.032830 
5284.250364  	-0.032808 
5285.682022  	-0.032829 
5287.113680  	-0.033277 
5288.545339  	-0.033224 
5289.976997  	-0.032803 
5291.408655  	-0.032557 
5292.840313  	-0.032528 
5294.271971  	-0.032813 
5295.703630  	-0.032685 
5297.135288  	-0.031573 
5298.566946  	-0.030605 
5299.998604  	-0.030910 
5301.430262  	-0.032248 
5302.861921  	-0.033382 
5304.293579  	-0.033505 
5305.725237  	-0.032934 
5307.156895  	-0.032551 
5308.588553  	-0.032764 
5310.020211  	-0.032799 
5311.451870  	-0.032346 
5312.883528  	-0.032119 
5314.315186  	-0.031826 
5315.746844  	-0.031332 
5317.178502  	-0.031628 
5318.610161  	-0.032270 
5320.041819  	-0.032455 
5321.473477  	-0.032326 
5322.905135  	-0.032178 
5324.336793  	-0.032951 
5325.768451  	-0.033797 
5327.200110  	-0.032922 
5328.631768  	-0.031896 
5330.063426  	-0.031894 
5331.495084  	-0.031789 
5332.926742  	-0.032365 
5334.358401  	-0.032951 
5335.790059  	-0.032219 
5337.221717  	-0.032298 
5338.653375  	-0.033350 
5340.085033  	-0.032658 
5341.516692  	-0.031581 
5342.948350  	-0.031806 
5344.380008  	-0.032336 
5345.811666  	-0.032523 
5347.243324  	-0.032582 
5348.674982  	-0.032242 
5350.106641  	-0.031395 
5351.538299  	-0.031032 
5352.969957  	-0.031482 
5354.401615  	-0.032120 
5355.833273  	-0.032926 
5357.264932  	-0.033502 
5358.696590  	-0.032898 
5360.128248  	-0.032172 
5361.559906  	-0.032705 
5362.991564  	-0.032948 
5364.423222  	-0.031668 
5365.854881  	-0.031054 
5367.286539  	-0.032339 
5368.718197  	-0.033266 
5370.149855  	-0.032884 
5371.581513  	-0.032852 
5373.013172  	-0.032954 
5374.444830  	-0.032115 
5375.876488  	-0.031564 
5377.308146  	-0.031973 
5378.739804  	-0.032201 
5380.171463  	-0.032050 
5381.603121  	-0.032243 
5383.034779  	-0.032637 
5384.466437  	-0.032002 
5385.898095  	-0.030825 
5387.329753  	-0.031585 
5388.761412  	-0.033054 
5390.193070  	-0.032825 
5391.624728  	-0.032303 
5393.056386  	-0.032468 
5394.488044  	-0.032099 
5395.919703  	-0.031719 
5397.351361  	-0.032330 
5398.783019  	-0.032886 
5400.214677  	-0.032309 
5401.646335  	-0.031586 
5403.077994  	-0.031947 
5404.509652  	-0.032315 
5405.941310  	-0.032095 
5407.372968  	-0.032779 
5408.804626  	-0.033688 
5410.236284  	-0.033302 
5411.667943  	-0.032512 
5413.099601  	-0.032158 
5414.531259  	-0.032114 
5415.962917  	-0.032368 
5417.394575  	-0.032320 
5418.826234  	-0.032834 
5420.257892  	-0.034256 
5421.689550  	-0.034079 
5423.121208  	-0.032226 
5424.552866  	-0.031620 
5425.984524  	-0.032045 
5427.416183  	-0.031747 
5428.847841  	-0.031660 
5430.279499  	-0.032373 
5431.711157  	-0.032460 
5433.142815  	-0.032464 
5434.574474  	-0.033063 
5436.006132  	-0.033028 
5437.437790  	-0.032821 
5438.869448  	-0.033005 
5440.301106  	-0.032097 
5441.732765  	-0.031407 
5443.164423  	-0.032537 
5444.596081  	-0.032386 
5446.027739  	-0.031212 
5447.459397  	-0.031850 
5448.891055  	-0.031971 
5450.322714  	-0.030734 
5451.754372  	-0.031117 
5453.186030  	-0.032230 
5454.617688  	-0.032433 
5456.049346  	-0.033062 
5457.481005  	-0.033748 
5458.912663  	-0.033325 
5460.344321  	-0.033290 
5461.775979  	-0.033894 
5463.207637  	-0.033609 
5464.639296  	-0.033437 
5466.070954  	-0.033730 
5467.502612  	-0.032618 
5468.934270  	-0.030905 
5470.365928  	-0.030769 
5471.797586  	-0.031776 
5473.229245  	-0.032563 
5474.660903  	-0.032373 
5476.092561  	-0.032133 
5477.524219  	-0.033318 
5478.955877  	-0.033824 
5480.387536  	-0.033109 
5481.819194  	-0.033266 
5483.250852  	-0.033670 
5484.682510  	-0.033288 
5486.114168  	-0.032804 
5487.545826  	-0.032010 
5488.977485  	-0.031414 
5490.409143  	-0.031469 
5491.840801  	-0.031572 
5493.272459  	-0.032414 
5494.704117  	-0.033035 
5496.135776  	-0.032341 
5497.567434  	-0.032317 
5498.999092  	-0.032929 
5500.430750  	-0.032948 
5501.862408  	-0.032758 
5503.294067  	-0.032228 
5504.725725  	-0.032093 
5506.157383  	-0.032653 
5507.589041  	-0.032556 
5509.020699  	-0.032607 
5510.452357  	-0.032740 
5511.884016  	-0.031780 
5513.315674  	-0.031726 
5514.747332  	-0.032577 
5516.178990  	-0.032322 
5517.610648  	-0.032544 
5519.042307  	-0.033783 
5520.473965  	-0.034105 
5521.905623  	-0.033380 
5523.337281  	-0.032229 
5524.768939  	-0.031604 
5526.200598  	-0.031899 
5527.632256  	-0.031802 
5529.063914  	-0.031686 
5530.495572  	-0.032432 
5531.927230  	-0.032275 
5533.358888  	-0.031213 
5534.790547  	-0.031252 
5536.222205  	-0.031356 
5537.653863  	-0.031042 
5539.085521  	-0.032419 
5540.517179  	-0.033962 
5541.948838  	-0.033273 
5543.380496  	-0.032713 
5544.812154  	-0.033195 
5546.243812  	-0.032878 
5547.675470  	-0.032947 
5549.107128  	-0.033962 
5550.538787  	-0.033971 
5551.970445  	-0.033361 
5553.402103  	-0.032822 
5554.833761  	-0.032044 
5556.265419  	-0.032341 
5557.697078  	-0.033470 
5559.128736  	-0.033262 
5560.560394  	-0.032516 
5561.992052  	-0.032590 
5563.423710  	-0.031939 
5564.855369  	-0.031134 
5566.287027  	-0.032536 
5567.718685  	-0.033672 
5569.150343  	-0.032161 
5570.582001  	-0.031237 
5572.013659  	-0.032072 
5573.445318  	-0.032576 
5574.876976  	-0.032947 
5576.308634  	-0.032975 
5577.740292  	-0.032441 
5579.171950  	-0.033366 
5580.603609  	-0.034221 
5582.035267  	-0.032091 
5583.466925  	-0.029880 
5584.898583  	-0.030449 
5586.330241  	-0.031617 
5587.761899  	-0.032023 
5589.193558  	-0.032518 
5590.625216  	-0.032741 
5592.056874  	-0.032630 
5593.488532  	-0.033284 
5594.920190  	-0.034246 
5596.351849  	-0.034118 
5597.783507  	-0.033002 
5599.215165  	-0.032173 
5600.646823  	-0.032373 
5602.078481  	-0.032527 
5603.510140  	-0.031860 
5604.941798  	-0.031601 
5606.373456  	-0.031887 
5607.805114  	-0.032134 
5609.236772  	-0.032801 
5610.668430  	-0.033079 
5612.100089  	-0.032198 
5613.531747  	-0.031397 
5614.963405  	-0.031666 
5616.395063  	-0.032678 
5617.826721  	-0.032900 
5619.258380  	-0.032262 
5620.690038  	-0.032346 
5622.121696  	-0.031939 
5623.553354  	-0.031101 
5624.985012  	-0.031934 
5626.416671  	-0.032261 
5627.848329  	-0.032388 
5629.279987  	-0.034555 
5630.711645  	-0.033838 
5632.143303  	-0.030596 
5633.574961  	-0.031555 
5635.006620  	-0.033461 
5636.438278  	-0.033042 
5637.869936  	-0.034381 
5639.301594  	-0.035379 
5640.733252  	-0.033319 
5642.164911  	-0.032962 
5643.596569  	-0.035047 
5645.028227  	-0.035537 
5646.459885  	-0.034821 
5647.891543  	-0.034157 
5649.323201  	-0.032097 
5650.754860  	-0.030093 
5652.186518  	-0.030558 
5653.618176  	-0.031126 
5655.049834  	-0.030563 
5656.481492  	-0.031377 
5657.913151  	-0.033179 
5659.344809  	-0.033978 
5660.776467  	-0.033980 
5662.208125  	-0.033543 
5663.639783  	-0.032849 
5665.071442  	-0.032276 
5666.503100  	-0.032535 
5667.934758  	-0.033433 
5669.366416  	-0.032690 
5670.798074  	-0.030623 
5672.229732  	-0.029252 
5673.661391  	-0.028345 
5675.093049  	-0.029581 
5676.524707  	-0.032895 
5677.956365  	-0.033768 
5679.388023  	-0.033405 
5680.819682  	-0.034619 
5682.251340  	-0.034397 
5683.682998  	-0.032761 
5685.114656  	-0.032055 
5686.546314  	-0.031316 
5687.977973  	-0.031243 
5689.409631  	-0.033218 
5690.841289  	-0.035013 
5692.272947  	-0.033946 
5693.704605  	-0.031453 
5695.136263  	-0.031519 
5696.567922  	-0.032707 
5697.999580  	-0.030963 
5699.431238  	-0.029689 
5700.862896  	-0.031930 
5702.294554  	-0.033597 
5703.726213  	-0.033255 
5705.157871  	-0.033167 
5706.589529  	-0.033533 
5708.021187  	-0.033362 
5709.452845  	-0.031688 
5710.884503  	-0.029458 
5712.316162  	-0.029005 
5713.747820  	-0.030469 
5715.179478  	-0.032869 
5716.611136  	-0.034425 
5718.042794  	-0.033349 
5719.474453  	-0.031565 
5720.906111  	-0.031365 
5722.337769  	-0.032307 
5723.769427  	-0.033738 
5725.201085  	-0.034270 
5726.632744  	-0.032710 
5728.064402  	-0.030991 
5729.496060  	-0.030597 
5730.927718  	-0.030482 
5732.359376  	-0.030530 
5733.791034  	-0.031897 
5735.222693  	-0.033228 
5736.654351  	-0.032429 
5738.086009  	-0.031735 
5739.517667  	-0.032972 
5740.949325  	-0.033038 
5742.380984  	-0.030952 
5743.812642  	-0.029801 
5745.244300  	-0.031288 
5746.675958  	-0.033770 
5748.107616  	-0.033727 
5749.539275  	-0.031835 
5750.970933  	-0.031473 
5752.402591  	-0.030997 
5753.834249  	-0.029602 
5755.265907  	-0.029977 
5756.697565  	-0.031198 
5758.129224  	-0.031574 
5759.560882  	-0.031096 
5760.992540  	-0.030279 
5762.424198  	-0.030779 
5763.855856  	-0.031306 
5765.287515  	-0.031376 
5766.719173  	-0.032734 
5768.150831  	-0.032107 
5769.582489  	-0.029919 
5771.014147  	-0.030931 
5772.445805  	-0.032185 
5773.877464  	-0.032580 
5775.309122  	-0.033868 
5776.740780  	-0.032589 
5778.172438  	-0.031238 
5779.604096  	-0.033129 
5781.035755  	-0.033330 
5782.467413  	-0.032230 
5783.899071  	-0.033080 
5785.330729  	-0.034001 
5786.762387  	-0.034471 
5788.194046  	-0.034042 
5789.625704  	-0.032210 
5791.057362  	-0.030774 
5792.489020  	-0.030467 
5793.920678  	-0.032030 
5795.352336  	-0.033874 
5796.783995  	-0.032588 
5798.215653  	-0.030733 
5799.647311  	-0.031458 
5801.078969  	-0.032526 
5802.510627  	-0.032273 
5803.942286  	-0.032058 
5805.373944  	-0.032717 
5806.805602  	-0.031755 
5808.237260  	-0.029334 
5809.668918  	-0.029829 
5811.100576  	-0.031438 
5812.532235  	-0.031513 
5813.963893  	-0.032749 
5815.395551  	-0.032861 
5816.827209  	-0.030456 
5818.258867  	-0.030578 
5819.690526  	-0.032509 
5821.122184  	-0.032487 
5822.553842  	-0.031344 
5823.985500  	-0.030915 
5825.417158  	-0.031952 
5826.848817  	-0.032347 
5828.280475  	-0.030632 
5829.712133  	-0.029583 
5831.143791  	-0.030379 
5832.575449  	-0.031620 
5834.007107  	-0.032214 
5835.438766  	-0.031735 
5836.870424  	-0.031766 
5838.302082  	-0.032612 
5839.733740  	-0.032787 
5841.165398  	-0.033027 
5842.597057  	-0.033909 
5844.028715  	-0.034025 
5845.460373  	-0.032355 
5846.892031  	-0.030792 
5848.323689  	-0.031991 
5849.755348  	-0.033288 
5851.187006  	-0.031767 
5852.618664  	-0.029884 
5854.050322  	-0.028633 
5855.481980  	-0.027785 
5856.913638  	-0.028489 
5858.345297  	-0.030161 
5859.776955  	-0.031896 
5861.208613  	-0.032069 
5862.640271  	-0.030056 
5864.071929  	-0.028668 
5865.503588  	-0.027582 
5866.935246  	-0.026863 
5868.366904  	-0.029311 
5869.798562  	-0.031404 
5871.230220  	-0.031275 
5872.661878  	-0.032559 
5874.093537  	-0.032874 
5875.525195  	-0.031779 
5876.956853  	-0.033200 
5878.388511  	-0.033998 
5879.820169  	-0.032739 
5881.251828  	-0.033525 
5882.683486  	-0.033912 
5884.115144  	-0.031055 
5885.546802  	-0.029703 
5886.978460  	-0.031541 
5888.410119  	-0.032993 
5889.841777  	-0.033430 
5891.273435  	-0.033382 
5892.705093  	-0.032597 
5894.136751  	-0.032420 
5895.568409  	-0.032520 
5897.000068  	-0.031706 
5898.431726  	-0.030902 
5899.863384  	-0.030164 
5901.295042  	-0.030452 
5902.726700  	-0.032467 
5904.158359  	-0.033244 
5905.590017  	-0.032348 
5907.021675  	-0.031421 
5908.453333  	-0.030627 
5909.884991  	-0.031855 
5911.316650  	-0.033583 
5912.748308  	-0.033268 
5914.179966  	-0.033411 
5915.611624  	-0.032030 
5917.043282  	-0.027697 
5918.474940  	-0.027431 
5919.906599  	-0.031257 
5921.338257  	-0.032485 
5922.769915  	-0.031220 
5924.201573  	-0.030156 
5925.633231  	-0.030421 
5927.064890  	-0.032022 
5928.496548  	-0.032755 
5929.928206  	-0.032124 
5931.359864  	-0.032283 
5932.791522  	-0.032780 
5934.223180  	-0.030745 
5935.654839  	-0.028857 
5937.086497  	-0.031010 
5938.518155  	-0.032088 
5939.949813  	-0.029991 
5941.381471  	-0.030019 
5942.813130  	-0.030425 
5944.244788  	-0.029711 
5945.676446  	-0.031220 
5947.108104  	-0.031355 
5948.539762  	-0.029015 
5949.971421  	-0.029100 
5951.403079  	-0.030597 
5952.834737  	-0.031192 
5954.266395  	-0.030797 
5955.698053  	-0.029767 
5957.129711  	-0.030884 
5958.561370  	-0.032893 
5959.993028  	-0.031791 
5961.424686  	-0.029970 
5962.856344  	-0.030330 
5964.288002  	-0.030260 
5965.719661  	-0.028257 
5967.151319  	-0.028026 
5968.582977  	-0.030719 
5970.014635  	-0.031805 
5971.446293  	-0.031076 
5972.877951  	-0.031241 
5974.309610  	-0.030369 
5975.741268  	-0.029091 
5977.172926  	-0.030315 
5978.604584  	-0.031704 
5980.036242  	-0.031716 
5981.467901  	-0.032217 
5982.899559  	-0.032772 
5984.331217  	-0.032086 
5985.762875  	-0.031382 
5987.194533  	-0.031582 
5988.626192  	-0.031335 
5990.057850  	-0.030709 
5991.489508  	-0.030975 
5992.921166  	-0.031825 
5994.352824  	-0.033298 
5995.784482  	-0.034332 
5997.216141  	-0.032900 
5998.647799  	-0.030947 
6000.079457  	-0.030520 
6001.511115  	-0.030854 
6002.942773  	-0.030949 
6004.374432  	-0.030962 
6005.806090  	-0.032425 
6007.237748  	-0.033002 
6008.669406  	-0.030929 
6010.101064  	-0.031773 
6011.532723  	-0.033991 
6012.964381  	-0.032324 
6014.396039  	-0.030716 
6015.827697  	-0.029400 
6017.259355  	-0.028155 
6018.691013  	-0.031067 
6020.122672  	-0.032589 
6021.554330  	-0.031064 
6022.985988  	-0.033138 
6024.417646  	-0.034851 
6025.849304  	-0.033116 
6027.280963  	-0.031863 
6028.712621  	-0.030838 
6030.144279  	-0.030630 
6031.575937  	-0.031538 
6033.007595  	-0.031553 
6034.439253  	-0.031695 
6035.870912  	-0.032393 
6037.302570  	-0.033136 
6038.734228  	-0.032622 
6040.165886  	-0.030813 
6041.597544  	-0.031821 
6043.029203  	-0.033701 
6044.460861  	-0.032589 
6045.892519  	-0.031817 
6047.324177  	-0.031267 
6048.755835  	-0.031208 
6050.187494  	-0.033435 
6051.619152  	-0.032832 
6053.050810  	-0.030125 
6054.482468  	-0.029641 
6055.914126  	-0.028942 
6057.345784  	-0.029869 
6058.777443  	-0.033117 
6060.209101  	-0.032934 
6061.640759  	-0.030802 
6063.072417  	-0.030196 
6064.504075  	-0.029790 
6065.935734  	-0.029002 
6067.367392  	-0.028284 
6068.799050  	-0.028976 
6070.230708  	-0.031461 
6071.662366  	-0.033432 
6073.094025  	-0.033209 
6074.525683  	-0.031066 
6075.957341  	-0.029097 
6077.388999  	-0.028765 
6078.820657  	-0.029796 
6080.252315  	-0.032013 
6081.683974  	-0.032198 
6083.115632  	-0.029040 
6084.547290  	-0.028745 
6085.978948  	-0.032564 
6087.410606  	-0.034437 
6088.842265  	-0.034455 
6090.273923  	-0.036667 
6091.705581  	-0.037876 
6093.137239  	-0.033688 
6094.568897  	-0.030207 
6096.000555  	-0.031093 
6097.432214  	-0.031145 
6098.863872  	-0.032336 
6100.295530  	-0.034954 
6101.727188  	-0.032339 
6103.158846  	-0.030111 
6104.590505  	-0.031717 
6106.022163  	-0.029918 
6107.453821  	-0.029193 
6108.885479  	-0.032560 
6110.317137  	-0.032829 
6111.748796  	-0.031882 
6113.180454  	-0.031818 
6114.612112  	-0.029617 
6116.043770  	-0.027999 
6117.475428  	-0.028268 
6118.907086  	-0.028179 
6120.338745  	-0.029356 
6121.770403  	-0.033087 
6123.202061  	-0.036109 
6124.633719  	-0.035105 
6126.065377  	-0.032269 
6127.497036  	-0.030922 
6128.928694  	-0.030813 
6130.360352  	-0.029669 
6131.792010  	-0.027150 
6133.223668  	-0.028053 
6134.655327  	-0.032420 
6136.086985  	-0.032195 
6137.518643  	-0.028936 
6138.950301  	-0.028067 
6140.381959  	-0.026581 
6141.813617  	-0.025570 
6143.245276  	-0.027850 
6144.676934  	-0.030463 
6146.108592  	-0.031703 
6147.540250  	-0.031408 
6148.971908  	-0.032641 
6150.403567  	-0.035553 
6151.835225  	-0.034483 
6153.266883  	-0.033898 
6154.698541  	-0.035438 
6156.130199  	-0.031317 
6157.561857  	-0.028541 
6158.993516  	-0.032460 
6160.425174  	-0.033639 
6161.856832  	-0.031611 
6163.288490  	-0.031121 
6164.720148  	-0.031858 
6166.151807  	-0.032481 
6167.583465  	-0.030996 
6169.015123  	-0.030528 
6170.446781  	-0.031649 
6171.878439  	-0.030191 
6173.310098  	-0.030676 
6174.741756  	-0.032282 
6176.173414  	-0.028336 
6177.605072  	-0.025517 
6179.036730  	-0.028192 
6180.468388  	-0.030103 
6181.900047  	-0.029280 
6183.331705  	-0.028111 
6184.763363  	-0.029255 
6186.195021  	-0.031817 
6187.626679  	-0.031675 
6189.058338  	-0.029805 
6190.489996  	-0.029706 
6191.921654  	-0.031351 
6193.353312  	-0.032180 
6194.784970  	-0.031447 
6196.216628  	-0.031453 
6197.648287  	-0.030533 
6199.079945  	-0.028973 
6200.511603  	-0.031456 
6201.943261  	-0.034060 
6203.374919  	-0.034039 
6204.806578  	-0.034488 
6206.238236  	-0.032175 
6207.669894  	-0.028197 
6209.101552  	-0.026966 
6210.533210  	-0.026807 
6211.964869  	-0.028209 
6213.396527  	-0.029451 
6214.828185  	-0.029132 
6216.259843  	-0.032287 
6217.691501  	-0.035343 
6219.123159  	-0.034335 
6220.554818  	-0.033621 
6221.986476  	-0.032494 
6223.418134  	-0.032806 
6224.849792  	-0.036261 
6226.281450  	-0.035671 
6227.713109  	-0.031445 
6229.144767  	-0.029081 
6230.576425  	-0.029301 
6232.008083  	-0.031849 
6233.439741  	-0.032114 
6234.871400  	-0.030466 
6236.303058  	-0.032170 
6237.734716  	-0.032711 
6239.166374  	-0.032083 
6240.598032  	-0.033952 
6242.029690  	-0.031233 
6243.461349  	-0.025856 
6244.893007  	-0.027153 
6246.324665  	-0.030785 
6247.756323  	-0.032705 
6249.187981  	-0.034259 
6250.619640  	-0.033640 
6252.051298  	-0.031333 
6253.482956  	-0.030104 
6254.914614  	-0.031191 
6256.346272  	-0.034122 
6257.777930  	-0.034780 
6259.209589  	-0.032339 
6260.641247  	-0.031946 
6262.072905  	-0.033329 
6263.504563  	-0.032588 
6264.936221  	-0.031195 
6266.367880  	-0.031336 
6267.799538  	-0.032035 
6269.231196  	-0.031921 
6270.662854  	-0.030902 
6272.094512  	-0.031964 
6273.526171  	-0.034352 
6274.957829  	-0.031475 
6276.389487  	-0.027567 
6277.821145  	-0.030826 
6279.252803  	-0.032572 
6280.684461  	-0.028268 
6282.116120  	-0.028408 
6283.547778  	-0.031252 
6284.979436  	-0.030208 
6286.411094  	-0.030737 
6287.842752  	-0.032827 
6289.274411  	-0.033086 
6290.706069  	-0.034121 
6292.137727  	-0.033063 
6293.569385  	-0.029373 
6295.001043  	-0.030199 
6296.432702  	-0.033038 
6297.864360  	-0.031972 
6299.296018  	-0.030061 
6300.727676  	-0.029575 
6302.159334  	-0.029399 
6303.590992  	-0.028775 
6305.022651  	-0.027881 
6306.454309  	-0.029103 
6307.885967  	-0.030691 
6309.317625  	-0.030726 
6310.749283  	-0.033128 
6312.180942  	-0.035188 
6313.612600  	-0.031718 
6315.044258  	-0.030626 
6316.475916  	-0.034386 
6317.907574  	-0.033134 
6319.339232  	-0.028782 
6320.770891  	-0.029799 
6322.202549  	-0.033273 
6323.634207  	-0.032868 
6325.065865  	-0.030198 
6326.497523  	-0.029283 
6327.929182  	-0.029748 
6329.360840  	-0.029541 
6330.792498  	-0.029478 
6332.224156  	-0.030635 
6333.655814  	-0.031553 
6335.087473  	-0.030496 
6336.519131  	-0.028721 
6337.950789  	-0.029053 
6339.382447  	-0.031397 
6340.814105  	-0.033031 
6342.245763  	-0.031643 
6343.677422  	-0.028789 
6345.109080  	-0.028680 
6346.540738  	-0.028947 
6347.972396  	-0.025989 
6349.404054  	-0.025514 
6350.835713  	-0.029651 
6352.267371  	-0.033110 
6353.699029  	-0.033996 
6355.130687  	-0.031583 
6356.562345  	-0.027996 
6357.994003  	-0.027823 
6359.425662  	-0.028673 
6360.857320  	-0.028836 
6362.288978  	-0.029367 
6363.720636  	-0.029371 
6365.152294  	-0.031845 
6366.583953  	-0.033615 
6368.015611  	-0.028691 
6369.447269  	-0.027451 
6370.878927  	-0.032214 
6372.310585  	-0.030554 
6373.742244  	-0.027721 
6375.173902  	-0.032308 
6376.605560  	-0.034820 
6378.037218  	-0.030756 
6379.468876  	-0.026585 
6380.900534  	-0.025408 
6382.332193  	-0.027825 
6383.763851  	-0.031378 
6385.195509  	-0.030476 
6386.627167  	-0.026884 
6388.058825  	-0.027257 
6389.490484  	-0.029674 
6390.922142  	-0.029092 
6392.353800  	-0.027638 
6393.785458  	-0.027197 
6395.217116  	-0.027097 
6396.648775  	-0.027523 
6398.080433  	-0.027597 
6399.512091  	-0.027269 
6400.943749  	-0.028453 
6402.375407  	-0.030602 
6403.807065  	-0.030597 
6405.238724  	-0.027831 
6406.670382  	-0.028381 
6408.102040  	-0.034110 
6409.533698  	-0.036353 
6410.965356  	-0.033453 
6412.397015  	-0.031269 
6413.828673  	-0.029220 
6415.260331  	-0.027123 
6416.691989  	-0.025701 
6418.123647  	-0.026475 
6419.555305  	-0.032267 
6420.986964  	-0.035618 
6422.418622  	-0.031846 
6423.850280  	-0.029384 
6425.281938  	-0.028717 
6426.713596  	-0.027743 
6428.145255  	-0.029299 
6429.576913  	-0.028769 
6431.008571  	-0.026368 
6432.440229  	-0.027851 
6433.871887  	-0.030644 
6435.303546  	-0.032823 
6436.735204  	-0.034075 
6438.166862  	-0.031441 
6439.598520  	-0.027037 
6441.030178  	-0.025090 
6442.461836  	-0.027232 
6443.893495  	-0.031019 
6445.325153  	-0.032491 
6446.756811  	-0.031730 
6448.188469  	-0.029505 
6449.620127  	-0.028692 
6451.051786  	-0.031763 
6452.483444  	-0.032315 
6453.915102  	-0.029336 
6455.346760  	-0.030050 
6456.778418  	-0.032397 
6458.210077  	-0.032654 
6459.641735  	-0.032803 
6461.073393  	-0.031957 
6462.505051  	-0.030011 
6463.936709  	-0.028966 
6465.368367  	-0.029212 
6466.800026  	-0.029703 
6468.231684  	-0.031170 
6469.663342  	-0.033860 
6471.095000  	-0.032431 
6472.526658  	-0.027804 
6473.958317  	-0.029843 
6475.389975  	-0.033088 
6476.821633  	-0.026734 
6478.253291  	-0.019793 
6479.684949  	-0.022292 
6481.116607  	-0.027646 
6482.548266  	-0.028136 
6483.979924  	-0.027299 
6485.411582  	-0.028991 
6486.843240  	-0.028575 
6488.274898  	-0.027421 
6489.706557  	-0.029452 
6491.138215  	-0.026089 
6492.569873  	-0.018380 
6494.001531  	-0.018789 
6495.433189  	-0.023618 
6496.864848  	-0.024244 
6498.296506  	-0.021731 
6499.728164  	-0.019790 
6501.159822  	-0.023696 
6502.591480  	-0.032434 
6504.023138  	-0.035711 
6505.454797  	-0.030778 
6506.886455  	-0.027363 
6508.318113  	-0.030428 
6509.749771  	-0.029652 
6511.181429  	-0.023900 
6512.613088  	-0.026840 
6514.044746  	-0.032138 
6515.476404  	-0.028521 
6516.908062  	-0.027186 
6518.339720  	-0.030003 
6519.771379  	-0.029043 
6521.203037  	-0.029914 
6522.634695  	-0.032830 
6524.066353  	-0.030334 
6525.498011  	-0.024522 
6526.929669  	-0.022748 
6528.361328  	-0.025634 
6529.792986  	-0.025673 
6531.224644  	-0.023013 
6532.656302  	-0.026024 
6534.087960  	-0.030832 
6535.519619  	-0.032327 
6536.951277  	-0.032276 
6538.382935  	-0.027188 
6539.814593  	-0.022049 
6541.246251  	-0.025611 
6542.677909  	-0.030642 
6544.109568  	-0.030761 
6545.541226  	-0.028659 
6546.972884  	-0.028233 
6548.404542  	-0.032319 
6549.836200  	-0.034763 
6551.267859  	-0.032001 
6552.699517  	-0.030266 
6554.131175  	-0.028798 
6555.562833  	-0.024986 
6556.994491  	-0.022236 
6558.426150  	-0.021106 
6559.857808  	-0.022858 
6561.289466  	-0.026436 
6562.721124  	-0.026289 
6564.152782  	-0.024171 
6565.584440  	-0.024253 
6567.016099  	-0.027644 
6568.447757  	-0.033025 
6569.879415  	-0.033658 
6571.311073  	-0.030772 
6572.742731  	-0.030460 
6574.174390  	-0.027607 
6575.606048  	-0.023378 
6577.037706  	-0.026199 
6578.469364  	-0.028800 
6579.901022  	-0.026125 
6581.332680  	-0.026039 
6582.764339  	-0.028465 
6584.195997  	-0.029380 
6585.627655  	-0.028758 
6587.059313  	-0.026245 
6588.490971  	-0.023694 
6589.922630  	-0.023101 
6591.354288  	-0.024557 
6592.785946  	-0.027943 
6594.217604  	-0.030300 
6595.649262  	-0.029494 
6597.080921  	-0.026424 
6598.512579  	-0.022843 
6599.944237  	-0.023104 
6601.375895  	-0.026676 
6602.807553  	-0.026288 
6604.239211  	-0.023365 
6605.670870  	-0.026035 
6607.102528  	-0.029946 
6608.534186  	-0.025620 
6609.965844  	-0.019113 
6611.397502  	-0.019525 
6612.829161  	-0.021686 
6614.260819  	-0.022219 
6615.692477  	-0.022738 
6617.124135  	-0.021039 
6618.555793  	-0.020667 
6619.987452  	-0.022703 
6621.419110  	-0.022790 
6622.850768  	-0.026392 
6624.282426  	-0.033288 
6625.714084  	-0.034438 
6627.145742  	-0.030810 
6628.577401  	-0.025928 
6630.009059  	-0.025674 
6631.440717  	-0.030514 
6632.872375  	-0.025807 
6634.304033  	-0.019314 
6635.735692  	-0.026611 
6637.167350  	-0.032823 
6638.599008  	-0.031774 
6640.030666  	-0.032745 
6641.462324  	-0.030067 
6642.893982  	-0.025458 
6644.325641  	-0.023504 
6645.757299  	-0.018936 
6647.188957  	-0.016452 
6648.620615  	-0.020115 
6650.052273  	-0.025426 
6651.483932  	-0.029561 
6652.915590  	-0.028371 
6654.347248  	-0.024519 
6655.778906  	-0.023769 
6657.210564  	-0.022898 
6658.642223  	-0.021219 
6660.073881  	-0.022664 
6661.505539  	-0.027818 
6662.937197  	-0.032769 
6664.368855  	-0.033327 
6665.800513  	-0.032242 
6667.232172  	-0.030837 
6668.663830  	-0.026594 
6670.095488  	-0.024655 
6671.527146  	-0.025326 
6672.958804  	-0.026284 
6674.390463  	-0.030270 
6675.822121  	-0.032147 
6677.253779  	-0.029826 
6678.685437  	-0.031082 
6680.117095  	-0.034641 
6681.548754  	-0.034519 
6682.980412  	-0.029653 
6684.412070  	-0.027280 
6685.843728  	-0.033697 
6687.275386  	-0.038583 
6688.707044  	-0.035727 
6690.138703  	-0.031237 
6691.570361  	-0.026880 
6693.002019  	-0.027494 
6694.433677  	-0.028857 
6695.865335  	-0.024246 
6697.296994  	-0.028818 
6698.728652  	-0.038845 
6700.160310  	-0.035741 
6701.591968  	-0.030616 
6703.023626  	-0.028545 
6704.455284  	-0.023961 
6705.886943  	-0.028021 
6707.318601  	-0.035524 
6708.750259  	-0.032093 
6710.181917  	-0.028730 
6711.613575  	-0.032341 
6713.045234  	-0.033722 
6714.476892  	-0.031147 
6715.908550  	-0.028965 
6717.340208  	-0.027369 
6718.771866  	-0.026274 
6720.203525  	-0.026589 
6721.635183  	-0.026800 
6723.066841  	-0.029763 
6724.498499  	-0.036077 
6725.930157  	-0.034556 
6727.361815  	-0.027281 
6728.793474  	-0.026761 
6730.225132  	-0.030514 
6731.656790  	-0.035323 
6733.088448  	-0.036667 
6734.520106  	-0.028223 
6735.951765  	-0.023961 
6737.383423  	-0.027224 
6738.815081  	-0.024507 
6740.246739  	-0.021541 
6741.678397  	-0.024428 
6743.110056  	-0.027056 
6744.541714  	-0.028509 
6745.973372  	-0.026238 
6747.405030  	-0.023292 
6748.836688  	-0.026173 
6750.268346  	-0.029542 
6751.700005  	-0.030488 
6753.131663  	-0.031657 
6754.563321  	-0.033749 
6755.994979  	-0.037045 
6757.426637  	-0.036218 
6758.858296  	-0.031639 
6760.289954  	-0.029016 
6761.721612  	-0.025273 
6763.153270  	-0.024060 
6764.584928  	-0.030443 
6766.016586  	-0.032359 
6767.448245  	-0.026368 
6768.879903  	-0.025442 
6770.311561  	-0.031582 
6771.743219  	-0.034242 
6773.174877  	-0.030443 
6774.606536  	-0.026920 
6776.038194  	-0.025430 
6777.469852  	-0.025499 
6778.901510  	-0.029477 
6780.333168  	-0.032622 
6781.764827  	-0.030377 
6783.196485  	-0.029038 
6784.628143  	-0.030229 
6786.059801  	-0.029384 
6787.491459  	-0.026249 
6788.923117  	-0.024579 
6790.354776  	-0.027024 
6791.786434  	-0.031697 
6793.218092  	-0.033239 
6794.649750  	-0.028533 
6796.081408  	-0.025343 
6797.513067  	-0.030395 
6798.944725  	-0.030718 
6800.376383  	-0.021929 
6801.808041  	-0.021235 
6803.239699  	-0.028267 
6804.671357  	-0.030704 
6806.103016  	-0.029610 
6807.534674  	-0.026923 
6808.966332  	-0.025897 
6810.397990  	-0.029623 
6811.829648  	-0.031021 
6813.261307  	-0.028218 
6814.692965  	-0.026743 
6816.124623  	-0.026824 
6817.556281  	-0.026835 
6818.987939  	-0.027642 
6820.419598  	-0.029280 
6821.851256  	-0.027460 
6823.282914  	-0.023362 
6824.714572  	-0.024995 
6826.146230  	-0.026474 
6827.577888  	-0.022103 
6829.009547  	-0.020326 
6830.441205  	-0.021820 
6831.872863  	-0.023329 
6833.304521  	-0.024995 
6834.736179  	-0.025032 
6836.167838  	-0.028137 
6837.599496  	-0.032198 
6839.031154  	-0.029035 
6840.462812  	-0.029347 
6841.894470  	-0.035123 
6843.326129  	-0.033082 
6844.757787  	-0.030180 
6846.189445  	-0.034373 
6847.621103  	-0.036028 
6849.052761  	-0.030393 
6850.484419  	-0.025120 
6851.916078  	-0.026104 
6853.347736  	-0.028289 
6854.779394  	-0.028801 
6856.211052  	-0.030623 
6857.642710  	-0.029937 
6859.074369  	-0.028833 
6860.506027  	-0.033344 
6861.937685  	-0.035734 
6863.369343  	-0.032993 
6864.801001  	-0.031202 
6866.232659  	-0.029493 
6867.664318  	-0.028851 
6869.095976  	-0.031101 
6870.527634  	-0.031915 
6871.959292  	-0.029365 
6873.390950  	-0.026574 
6874.822609  	-0.026450 
6876.254267  	-0.026298 
6877.685925  	-0.025461 
6879.117583  	-0.026286 
6880.549241  	-0.025983 
6881.980900  	-0.024948 
6883.412558  	-0.028381 
6884.844216  	-0.035697 
6886.275874  	-0.040970 
6887.707532  	-0.036956 
6889.139190  	-0.028115 
6890.570849  	-0.025364 
6892.002507  	-0.023395 
6893.434165  	-0.023723 
6894.865823  	-0.030593 
6896.297481  	-0.027372 
6897.729140  	-0.019061 
6899.160798  	-0.024648 
6900.592456  	-0.030075 
6902.024114  	-0.027382 
6903.455772  	-0.027899 
6904.887431  	-0.028962 
6906.319089  	-0.027181 
6907.750747  	-0.023287 
6909.182405  	-0.020065 
6910.614063  	-0.023549 
6912.045721  	-0.027208 
6913.477380  	-0.026384 
6914.909038  	-0.029351 
6916.340696  	-0.034798 
6917.772354  	-0.037053 
6919.204012  	-0.034666 
6920.635671  	-0.028327 
6922.067329  	-0.024297 
6923.498987  	-0.026083 
6924.930645  	-0.029594 
6926.362303  	-0.030556 
6927.793961  	-0.027186 
6929.225620  	-0.025775 
6930.657278  	-0.029549 
6932.088936  	-0.031818 
6933.520594  	-0.031804 
6934.952252  	-0.030667 
6936.383911  	-0.025400 
6937.815569  	-0.021176 
6939.247227  	-0.023521 
6940.678885  	-0.026377 
6942.110543  	-0.027805 
6943.542202  	-0.031293 
6944.973860  	-0.030609 
6946.405518  	-0.023821 
6947.837176  	-0.025300 
6949.268834  	-0.032465 
6950.700492  	-0.032521 
6952.132151  	-0.032679 
6953.563809  	-0.033789 
6954.995467  	-0.028588 
6956.427125  	-0.027189 
6957.858783  	-0.032614 
6959.290442  	-0.036595 
6960.722100  	-0.037852 
6962.153758  	-0.033915 
6963.585416  	-0.028472 
6965.017074  	-0.027177 
6966.448732  	-0.026463 
6967.880391  	-0.026810 
6969.312049  	-0.028653 
6970.743707  	-0.026681 
6972.175365  	-0.026202 
6973.607023  	-0.030437 
6975.038682  	-0.030748 
6976.470340  	-0.029305 
6977.901998  	-0.031488 
6979.333656  	-0.032663 
6980.765314  	-0.033026 
6982.196973  	-0.036316 
6983.628631  	-0.035329 
6985.060289  	-0.028463 
6986.491947  	-0.026610 
6987.923605  	-0.029884 
6989.355263  	-0.034074 
6990.786922  	-0.037344 
6992.218580  	-0.034768 
6993.650238  	-0.032207 
6995.081896  	-0.032287 
6996.513554  	-0.025974 
6997.945213  	-0.025156 
6999.376871  	-0.033778 
7000.808529  	-0.030970 
7002.240187  	-0.022848 
7003.671845  	-0.024684 
7005.103504  	-0.028661 
7006.535162  	-0.028475 
7007.966820  	-0.023628 
7009.398478  	-0.020800 
7010.830136  	-0.024580 
7012.261794  	-0.024463 
7013.693453  	-0.022717 
7015.125111  	-0.027779 
7016.556769  	-0.031277 
7017.988427  	-0.033299 
7019.420085  	-0.035428 
7020.851744  	-0.030287 
7022.283402  	-0.025569 
7023.715060  	-0.025291 
7025.146718  	-0.022736 
7026.578376  	-0.021196 
7028.010034  	-0.022406 
7029.441693  	-0.021370 
7030.873351  	-0.021345 
7032.305009  	-0.027593 
7033.736667  	-0.031576 
7035.168325  	-0.027868 
7036.599984  	-0.028925 
7038.031642  	-0.032307 
7039.463300  	-0.025925 
7040.894958  	-0.022839 
7042.326616  	-0.026719 
7043.758275  	-0.026883 
7045.189933  	-0.030787 
7046.621591  	-0.032554 
7048.053249  	-0.022674 
7049.484907  	-0.022960 
7050.916565  	-0.034863 
7052.348224  	-0.035831 
7053.779882  	-0.028524 
7055.211540  	-0.024094 
7056.643198  	-0.022611 
7058.074856  	-0.023858 
7059.506515  	-0.027387 
7060.938173  	-0.029781 
7062.369831  	-0.030455 
7063.801489  	-0.032192 
7065.233147  	-0.030987 
7066.664806  	-0.026342 
7068.096464  	-0.028192 
7069.528122  	-0.030793 
7070.959780  	-0.028164 
7072.391438  	-0.029431 
7073.823096  	-0.031873 
7075.254755  	-0.032654 
7076.686413  	-0.036040 
7078.118071  	-0.034732 
7079.549729  	-0.030239 
7080.981387  	-0.030072 
7082.413046  	-0.030516 
7083.844704  	-0.031827 
7085.276362  	-0.029975 
7086.708020  	-0.022970 
7088.139678  	-0.023221 
7089.571336  	-0.028825 
7091.002995  	-0.032275 
7092.434653  	-0.036463 
7093.866311  	-0.034296 
7095.297969  	-0.024569 
7096.729627  	-0.019374 
7098.161286  	-0.022695 
7099.592944  	-0.030659 
7101.024602  	-0.035032 
7102.456260  	-0.031319 
7103.887918  	-0.029363 
7105.319577  	-0.030990 
7106.751235  	-0.029980 
7108.182893  	-0.028578 
7109.614551  	-0.027642 
7111.046209  	-0.027004 
7112.477867  	-0.026852 
7113.909526  	-0.024290 
7115.341184  	-0.020069 
7116.772842  	-0.022218 
7118.204500  	-0.031411 
7119.636158  	-0.037761 
7121.067817  	-0.034664 
7122.499475  	-0.028577 
7123.931133  	-0.028073 
7125.362791  	-0.030029 
7126.794449  	-0.023673 
7128.226108  	-0.016576 
7129.657766  	-0.019460 
7131.089424  	-0.021885 
7132.521082  	-0.023265 
7133.952740  	-0.029025 
7135.384398  	-0.026825 
7136.816057  	-0.020920 
7138.247715  	-0.024407 
7139.679373  	-0.028075 
7141.111031  	-0.029739 
7142.542689  	-0.031167 
7143.974348  	-0.028455 
7145.406006  	-0.030963 
7146.837664  	-0.034773 
7148.269322  	-0.028750 
7149.700980  	-0.022516 
7151.132638  	-0.021836 
7152.564297  	-0.024849 
7153.995955  	-0.028841 
7155.427613  	-0.030266 
7156.859271  	-0.032530 
7158.290929  	-0.029520 
7159.722588  	-0.021860 
7161.154246  	-0.025895 
7162.585904  	-0.029294 
7164.017562  	-0.020682 
7165.449220  	-0.019964 
7166.880879  	-0.022689 
7168.312537  	-0.020134 
7169.744195  	-0.025004 
7171.175853  	-0.033498 
7172.607511  	-0.034115 
7174.039169  	-0.025369 
7175.470828  	-0.018657 
7176.902486  	-0.024496 
7178.334144  	-0.026037 
7179.765802  	-0.018370 
7181.197460  	-0.019827 
7182.629119  	-0.025445 
7184.060777  	-0.027316 
7185.492435  	-0.030496 
7186.924093  	-0.030558 
7188.355751  	-0.033031 
7189.787409  	-0.038160 
7191.219068  	-0.032590 
7192.650726  	-0.025112 
7194.082384  	-0.024908 
7195.514042  	-0.026979 
7196.945700  	-0.028143 
7198.377359  	-0.023515 
7199.809017  	-0.017089 
7201.240675  	-0.019055 
7202.672333  	-0.023824 
7204.103991  	-0.025110 
7205.535650  	-0.027330 
7206.967308  	-0.033795 
7208.398966  	-0.038457 
7209.830624  	-0.035890 
7211.262282  	-0.035923 
7212.693940  	-0.041371 
7214.125599  	-0.037742 
7215.557257  	-0.028160 
7216.988915  	-0.025903 
7218.420573  	-0.029013 
7219.852231  	-0.034709 
7221.283890  	-0.038944 
7222.715548  	-0.038008 
7224.147206  	-0.037182 
7225.578864  	-0.035633 
7227.010522  	-0.031961 
7228.442181  	-0.030826 
7229.873839  	-0.033061 
7231.305497  	-0.036064 
7232.737155  	-0.033981 
7234.168813  	-0.025827 
7235.600471  	-0.020099 
7237.032130  	-0.018468 
7238.463788  	-0.020875 
7239.895446  	-0.025670 
7241.327104  	-0.023227 
7242.758762  	-0.020502 
7244.190421  	-0.029959 
7245.622079  	-0.034960 
7247.053737  	-0.030161 
7248.485395  	-0.030560 
7249.917053  	-0.031864 
7251.348711  	-0.027898 
7252.780370  	-0.029496 
7254.212028  	-0.035294 
7255.643686  	-0.036273 
7257.075344  	-0.035077 
7258.507002  	-0.030491 
7259.938661  	-0.026628 
7261.370319  	-0.030385 
7262.801977  	-0.030840 
7264.233635  	-0.028347 
7265.665293  	-0.033245 
7267.096952  	-0.033499 
7268.528610  	-0.026779 
7269.960268  	-0.028975 
7271.391926  	-0.035725 
7272.823584  	-0.036058 
7274.255242  	-0.030086 
7275.686901  	-0.023150 
7277.118559  	-0.026564 
7278.550217  	-0.034577 
7279.981875  	-0.029654 
7281.413533  	-0.020591 
7282.845192  	-0.023471 
7284.276850  	-0.029985 
7285.708508  	-0.027737 
7287.140166  	-0.020684 
7288.571824  	-0.019905 
7290.003483  	-0.024585 
7291.435141  	-0.023844 
7292.866799  	-0.019568 
7294.298457  	-0.022380 
7295.730115  	-0.032133 
7297.161773  	-0.037228 
7298.593432  	-0.029749 
7300.025090  	-0.021956 
7301.456748  	-0.027898 
7302.888406  	-0.032051 
7304.320064  	-0.021486 
7305.751723  	-0.017043 
7307.183381  	-0.027607 
7308.615039  	-0.032844 
7310.046697  	-0.024995 
7311.478355  	-0.020988 
7312.910013  	-0.027305 
7314.341672  	-0.035027 
7315.773330  	-0.037661 
7317.204988  	-0.035977 
7318.636646  	-0.030864 
7320.068304  	-0.026672 
7321.499963  	-0.026239 
7322.931621  	-0.025556 
7324.363279  	-0.026101 
7325.794937  	-0.031295 
7327.226595  	-0.035881 
7328.658254  	-0.037555 
7330.089912  	-0.034213 
7331.521570  	-0.023683 
7332.953228  	-0.018888 
7334.384886  	-0.025992 
7335.816544  	-0.027689 
7337.248203  	-0.023007 
7338.679861  	-0.026982 
7340.111519  	-0.035041 
7341.543177  	-0.033277 
7342.974835  	-0.023090 
7344.406494  	-0.016721 
7345.838152  	-0.017590 
7347.269810  	-0.021452 
7348.701468  	-0.029523 
7350.133126  	-0.042294 
7351.564785  	-0.045544 
7352.996443  	-0.033038 
7354.428101  	-0.016365 
7355.859759  	-0.013616 
7357.291417  	-0.026035 
7358.723075  	-0.032293 
7360.154734  	-0.030437 
7361.586392  	-0.037372 
7363.018050  	-0.041627 
7364.449708  	-0.033118 
7365.881366  	-0.034096 
7367.313025  	-0.044071 
7368.744683  	-0.039423 
7370.176341  	-0.025458 
7371.607999  	-0.022755 
7373.039657  	-0.028971 
7374.471315  	-0.034908 
7375.902974  	-0.035814 
7377.334632  	-0.030621 
7378.766290  	-0.027191 
7380.197948  	-0.028720 
7381.629606  	-0.029900 
7383.061265  	-0.032317 
7384.492923  	-0.032557 
7385.924581  	-0.026231 
7387.356239  	-0.025662 
7388.787897  	-0.031158 
7390.219556  	-0.029534 
7391.651214  	-0.028466 
7393.082872  	-0.032398 
7394.514530  	-0.031161 
7395.946188  	-0.026814 
7397.377846  	-0.022103 
7398.809505  	-0.016850 
7400.241163  	-0.024616 
7401.672821  	-0.039534 
7403.104479  	-0.037123 
7404.536137  	-0.025356 
7405.967796  	-0.022906 
7407.399454  	-0.018707 
7408.831112  	-0.010525 
7410.262770  	-0.014641 
7411.694428  	-0.020734 
7413.126086  	-0.021677 
7414.557745  	-0.030066 
7415.989403  	-0.033181 
7417.421061  	-0.025624 
7418.852719  	-0.027024 
7420.284377  	-0.025942 
7421.716036  	-0.015589 
7423.147694  	-0.020381 
7424.579352  	-0.030366 
7426.011010  	-0.028277 
7427.442668  	-0.024655 
7428.874327  	-0.023321 
7430.305985  	-0.024547 
7431.737643  	-0.028772 
7433.169301  	-0.029450 
7434.600959  	-0.026292 
7436.032617  	-0.023531 
7437.464276  	-0.025346 
7438.895934  	-0.028992 
7440.327592  	-0.027181 
7441.759250  	-0.026941 
7443.190908  	-0.028869 
7444.622567  	-0.026630 
7446.054225  	-0.031108 
7447.485883  	-0.035436 
7448.917541  	-0.030358 
7450.349199  	-0.032302 
7451.780858  	-0.034222 
7453.212516  	-0.024710 
7454.644174  	-0.021684 
7456.075832  	-0.022245 
7457.507490  	-0.015684 
7458.939148  	-0.012161 
7460.370807  	-0.015133 
7461.802465  	-0.019804 
7463.234123  	-0.022725 
7464.665781  	-0.017764 
7466.097439  	-0.014633 
7467.529098  	-0.028639 
7468.960756  	-0.043459 
7470.392414  	-0.035779 
7471.824072  	-0.017862 
7473.255730  	-0.015366 
7474.687388  	-0.024782 
7476.119047  	-0.031665 
7477.550705  	-0.027783 
7478.982363  	-0.019028 
7480.414021  	-0.020704 
7481.845679  	-0.026179 
7483.277338  	-0.027336 
7484.708996  	-0.031420 
7486.140654  	-0.027842 
7487.572312  	-0.020131 
7489.003970  	-0.024277 
7490.435629  	-0.022609 
7491.867287  	-0.017569 
7493.298945  	-0.025339 
7494.730603  	-0.025780 
7496.162261  	-0.024002 
7497.593919  	-0.033430 
7499.025578  	-0.034419 
7500.457236  	-0.031329 
7501.888894  	-0.032348 
7503.320552  	-0.026509 
7504.752210  	-0.021934 
7506.183869  	-0.021499 
7507.615527  	-0.018592 
7509.047185  	-0.021600 
7510.478843  	-0.029788 
7511.910501  	-0.031304 
7513.342160  	-0.023448 
7514.773818  	-0.022187 
7516.205476  	-0.031819 
7517.637134  	-0.027191 
7519.068792  	-0.012028 
7520.500450  	-0.018534 
7521.932109  	-0.032331 
7523.363767  	-0.026888 
7524.795425  	-0.013581 
7526.227083  	-0.012249 
7527.658741  	-0.022852 
7529.090400  	-0.028685 
7530.522058  	-0.023950 
7531.953716  	-0.021090 
7533.385374  	-0.019637 
7534.817032  	-0.018379 
7536.248690  	-0.023399 
7537.680349  	-0.026062 
7539.112007  	-0.021635 
7540.543665  	-0.019821 
7541.975323  	-0.028189 
7543.406981  	-0.038554 
7544.838640  	-0.036616 
7546.270298  	-0.028854 
7547.701956  	-0.022708 
7549.133614  	-0.017542 
7550.565272  	-0.023858 
7551.996931  	-0.030179 
7553.428589  	-0.025026 
7554.860247  	-0.027679 
7556.291905  	-0.023896 
7557.723563  	-0.005733 
7559.155221  	-0.014710 
7560.586880  	-0.038669 
7562.018538  	-0.036998 
7563.450196  	-0.030166 
7564.881854  	-0.028197 
7566.313512  	-0.024854 
7567.745171  	-0.027177 
7569.176829  	-0.023659 
7570.608487  	-0.016252 
7572.040145  	-0.024462 
7573.471803  	-0.033274 
7574.903461  	-0.030628 
7576.335120  	-0.027950 
7577.766778  	-0.029138 
7579.198436  	-0.027444 
7580.630094  	-0.017046 
7582.061752  	-0.009430 
7583.493411  	-0.019007 
7584.925069  	-0.029227 
7586.356727  	-0.025547 
7587.788385  	-0.027254 
7589.220043  	-0.040859 
7590.651702  	-0.045290 
7592.083360  	-0.039620 
7593.515018  	-0.042053 
7594.946676  	-0.044980 
7596.378334  	-0.034979 
7597.809992  	-0.027941 
7599.241651  	-0.034571 
7600.673309  	-0.034279 
7602.104967  	-0.024278 
7603.536625  	-0.024443 
7604.968283  	-0.035357 
7606.399942  	-0.039373 
7607.831600  	-0.034786 
7609.263258  	-0.026170 
7610.694916  	-0.021008 
7612.126574  	-0.025058 
7613.558233  	-0.025030 
7614.989891  	-0.016987 
7616.421549  	-0.022086 
7617.853207  	-0.032313 
7619.284865  	-0.027406 
7620.716523  	-0.022416 
7622.148182  	-0.026989 
7623.579840  	-0.030568 
7625.011498  	-0.038270 
7626.443156  	-0.048563 
7627.874814  	-0.047151 
7629.306473  	-0.040444 
7630.738131  	-0.033744 
7632.169789  	-0.027365 
7633.601447  	-0.033833 
7635.033105  	-0.043618 
7636.464763  	-0.039063 
7637.896422  	-0.032055 
7639.328080  	-0.026423 
7640.759738  	-0.021658 
7642.191396  	-0.027870 
7643.623054  	-0.028670 
7645.054713  	-0.026286 
7646.486371  	-0.045140 
7647.918029  	-0.059638 
7649.349687  	-0.052524 
7650.781345  	-0.044800 
7652.213004  	-0.035193 
7653.644662  	-0.032128 
7655.076320  	-0.040545 
7656.507978  	-0.031249 
7657.939636  	-0.022347 
7659.371294  	-0.034071 
7660.802953  	-0.034749 
7662.234611  	-0.030459 
7663.666269  	-0.041597 
7665.097927  	-0.046218 
7666.529585  	-0.039900 
7667.961244  	-0.034499 
7669.392902  	-0.031105 
7670.824560  	-0.031909 
7672.256218  	-0.032372 
7673.687876  	-0.031763 
7675.119535  	-0.031185 
7676.551193  	-0.028570 
7677.982851  	-0.037362 
7679.414509  	-0.049925 
7680.846167  	-0.040336 
7682.277825  	-0.020727 
7683.709484  	-0.013704 
7685.141142  	-0.027648 
7686.572800  	-0.048483 
7688.004458  	-0.047111 
7689.436116  	-0.031490 
7690.867775  	-0.033054 
7692.299433  	-0.037791 
7693.731091  	-0.028540 
7695.162749  	-0.012410 
7696.594407  	-0.005314 
7698.026065  	-0.012700 
7699.457724  	-0.019863 
7700.889382  	-0.018628 
7702.321040  	-0.021732 
7703.752698  	-0.025176 
7705.184356  	-0.017864 
7706.616015  	-0.012406 
7708.047673  	-0.021122 
7709.479331  	-0.025996 
7710.910989  	-0.023788 
7712.342647  	-0.033584 
7713.774306  	-0.045251 
7715.205964  	-0.040335 
7716.637622  	-0.032919 
7718.069280  	-0.031490 
7719.500938  	-0.030183 
7720.932596  	-0.023806 
7722.364255  	-0.013879 
7723.795913  	-0.014261 
7725.227571  	-0.025615 
7726.659229  	-0.026784 
7728.090887  	-0.025998 
7729.522546  	-0.024014 
7730.954204  	-0.015998 
7732.385862  	-0.022221 
7733.817520  	-0.035875 
7735.249178  	-0.030909 
7736.680837  	-0.022271 
7738.112495  	-0.023041 
7739.544153  	-0.027960 
7740.975811  	-0.036366 
7742.407469  	-0.039024 
7743.839127  	-0.038894 
7745.270786  	-0.043753 
7746.702444  	-0.037243 
7748.134102  	-0.017796 
7749.565760  	-0.008685 
7750.997418  	-0.014920 
7752.429077  	-0.028212 
7753.860735  	-0.045416 
7755.292393  	-0.054167 
7756.724051  	-0.039434 
7758.155709  	-0.020677 
7759.587367  	-0.018663 
7761.019026  	-0.016558 
7762.450684  	-0.008850 
7763.882342  	-0.010041 
7765.314000  	-0.023676 
7766.745658  	-0.039329 
7768.177317  	-0.030701 
7769.608975  	-0.009285 
7771.040633  	-0.022134 
7772.472291  	-0.044805 
7773.903949  	-0.038852 
7775.335608  	-0.032925 
7776.767266  	-0.036364 
7778.198924  	-0.028857 
7779.630582  	-0.020367 
7781.062240  	-0.026735 
7782.493898  	-0.038244 
7783.925557  	-0.039994 
7785.357215  	-0.045552 
7786.788873  	-0.048437 
7788.220531  	-0.024606 
7789.652189  	-0.015902 
7791.083848  	-0.042827 
7792.515506  	-0.044943 
7793.947164  	-0.031142 
7795.378822  	-0.036076 
7796.810480  	-0.028316 
7798.242138  	-0.023863 
7799.673797  	-0.037131 
7801.105455  	-0.030091 
7802.537113  	-0.021594 
7803.968771  	-0.033011 
7805.400429  	-0.034769 
7806.832088  	-0.029543 
7808.263746  	-0.030731 
7809.695404  	-0.026631 
7811.127062  	-0.018146 
7812.558720  	-0.009391 
7813.990379  	-0.007872 
7815.422037  	-0.017611 
7816.853695  	-0.032250 
7818.285353  	-0.047862 
7819.717011  	-0.045056 
7821.148669  	-0.032494 
7822.580328  	-0.039469 
7824.011986  	-0.051342 
7825.443644  	-0.039877 
7826.875302  	-0.027796 
7828.306960  	-0.030344 
7829.738619  	-0.038989 
7831.170277  	-0.039993 
7832.601935  	-0.030207 
7834.033593  	-0.025784 
7835.465251  	-0.033867 
7836.896910  	-0.051350 
7838.328568  	-0.064629 
7839.760226  	-0.044553 
7841.191884  	-0.010001 
7842.623542  	-0.005345 
7844.055200  	-0.014819 
7845.486859  	-0.012134 
7846.918517  	-0.018966 
7848.350175  	-0.027254 
7849.781833  	-0.017135 
7851.213491  	-0.024879 
7852.645150  	-0.048717 
7854.076808  	-0.046804 
7855.508466  	-0.040561 
7856.940124  	-0.037165 
7858.371782  	-0.008326 
7859.803440  	0.006334 
7861.235099  	-0.015913 
7862.666757  	-0.033912 
7864.098415  	-0.036356 
7865.530073  	-0.025835 
7866.961731  	-0.011926 
7868.393390  	-0.023217 
7869.825048  	-0.040010 
7871.256706  	-0.038703 
7872.688364  	-0.045398 
7874.120022  	-0.053514 
7875.551681  	-0.042033 
7876.983339  	-0.033429 
7878.414997  	-0.028287 
7879.846655  	-0.025498 
7881.278313  	-0.037478 
7882.709971  	-0.044387 
7884.141630  	-0.032590 
7885.573288  	-0.017843 
7887.004946  	-0.004808 
7888.436604  	-0.002436 
7889.868262  	-0.022693 
7891.299921  	-0.039020 
7892.731579  	-0.029464 
7894.163237  	-0.023725 
7895.594895  	-0.035262 
7897.026553  	-0.033858 
7898.458212  	-0.030362 
7899.889870  	-0.042415 