##TITLE=No Description
##DATA TYPE=INFRARED SPECTRUM
##XUNITS=1/CM
##YUNITS=%T
349.324597  	224.199023 
350.756256  	348.112311 
352.187914  	202.547217 
353.619572  	170.666714 
355.051230  	186.569688 
356.482888  	176.996511 
357.914546  	154.773439 
359.346205  	130.973307 
360.777863  	140.753086 
362.209521  	130.654247 
363.641179  	95.814257 
365.072837  	83.636406 
366.504496  	85.954246 
367.936154  	88.169555 
369.367812  	89.234566 
370.799470  	84.354286 
372.231128  	89.102370 
373.662787  	108.920045 
375.094445  	113.569720 
376.526103  	99.590647 
377.957761  	91.918732 
379.389419  	83.040650 
380.821077  	81.012452 
382.252736  	90.920116 
383.684394  	88.814249 
385.116052  	76.743880 
386.547710  	79.004630 
387.979368  	84.531123 
389.411027  	82.889557 
390.842685  	80.191833 
392.274343  	80.954730 
393.706001  	83.228742 
395.137659  	83.641086 
396.569317  	81.995139 
398.000976  	79.545537 
399.432634  	77.962015 
400.864292  	79.652006 
402.295950  	83.906241 
403.727608  	85.624917 
405.159267  	84.798368 
406.590925  	84.918736 
408.022583  	85.631049 
409.454241  	86.005883 
410.885899  	85.665632 
412.317558  	83.435539 
413.749216  	82.028594 
415.180874  	83.266606 
416.612532  	83.699971 
418.044190  	85.129986 
419.475848  	90.701003 
420.907507  	89.960222 
422.339165  	88.506866 
423.770823  	90.248064 
425.202481  	91.510786 
426.634139  	92.111203 
428.065798  	93.046400 
429.497456  	93.545106 
430.929114  	94.622655 
432.360772  	94.891868 
433.792430  	93.643431 
435.224089  	92.637481 
436.655747  	91.227598 
438.087405  	91.760283 
439.519063  	94.279300 
440.950721  	93.966942 
442.382379  	91.662701 
443.814038  	91.242545 
445.245696  	91.253493 
446.677354  	91.550843 
448.109012  	92.075672 
449.540670  	91.715432 
450.972329  	91.939624 
452.403987  	92.502399 
453.835645  	92.050921 
455.267303  	91.476336 
456.698961  	91.374419 
458.130619  	92.322908 
459.562278  	92.462233 
460.993936  	89.738389 
462.425594  	86.629867 
463.857252  	86.487420 
465.288910  	87.611212 
466.720569  	87.671852 
468.152227  	87.028999 
469.583885  	86.729648 
471.015543  	86.345914 
472.447201  	85.960740 
473.878860  	86.049111 
475.310518  	85.838122 
476.742176  	85.922564 
478.173834  	86.789324 
479.605492  	86.661936 
481.037150  	85.752684 
482.468809  	85.274466 
483.900467  	84.538407 
485.332125  	83.658205 
486.763783  	83.186371 
488.195441  	82.886859 
489.627100  	83.107048 
491.058758  	83.309729 
492.490416  	83.128491 
493.922074  	83.533850 
495.353732  	83.749898 
496.785391  	82.862791 
498.217049  	82.069940 
499.648707  	82.503293 
501.080365  	83.418208 
502.512023  	83.255922 
503.943681  	82.478633 
505.375340  	82.461724 
506.806998  	82.626923 
508.238656  	82.666202 
509.670314  	83.036411 
511.101972  	83.315171 
512.533631  	83.170485 
513.965289  	82.670079 
515.396947  	82.228193 
516.828605  	82.285984 
518.260263  	82.072384 
519.691921  	81.432126 
521.123580  	81.034057 
522.555238  	80.307179 
523.986896  	79.240835 
525.418554  	78.434868 
526.850212  	77.467794 
528.281871  	76.277388 
529.713529  	75.222790 
531.145187  	74.102082 
532.576845  	72.662588 
534.008503  	70.940067 
535.440162  	69.450363 
536.871820  	68.062024 
538.303478  	65.959182 
539.735136  	63.653144 
541.166794  	61.563982 
542.598452  	59.138839 
544.030111  	56.683990 
545.461769  	54.336734 
546.893427  	51.838146 
548.325085  	49.509617 
549.756743  	47.350559 
551.188402  	45.636945 
552.620060  	44.720131 
554.051718  	44.436968 
555.483376  	45.194352 
556.915034  	46.712806 
558.346692  	48.429127 
559.778351  	50.817706 
561.210009  	53.485010 
562.641667  	56.044364 
564.073325  	59.471962 
565.504983  	64.389033 
566.936642  	70.680140 
568.368300  	77.191976 
569.799958  	82.174478 
571.231616  	84.956904 
572.663274  	85.558569 
574.094933  	84.622834 
575.526591  	83.447612 
576.958249  	83.251980 
578.389907  	83.893032 
579.821565  	84.571998 
581.253223  	85.272566 
582.684882  	86.277746 
584.116540  	87.450068 
585.548198  	88.274192 
586.979856  	88.535026 
588.411514  	88.829680 
589.843173  	89.453427 
591.274831  	90.142223 
592.706489  	90.817841 
594.138147  	91.266935 
595.569805  	91.519875 
597.001464  	91.999311 
598.433122  	92.399901 
599.864780  	92.332960 
601.296438  	92.200154 
602.728096  	92.376676 
604.159754  	92.867496 
605.591413  	93.336376 
607.023071  	93.462612 
608.454729  	93.471766 
609.886387  	93.428702 
611.318045  	93.325197 
612.749704  	93.379386 
614.181362  	93.443031 
615.613020  	93.451991 
617.044678  	93.559194 
618.476336  	93.605566 
619.907994  	93.549388 
621.339653  	93.326299 
622.771311  	92.857309 
624.202969  	92.448950 
625.634627  	92.115451 
627.066285  	91.685272 
628.497944  	91.248806 
629.929602  	90.632702 
631.361260  	89.900180 
632.792918  	89.666640 
634.224576  	89.891213 
635.656235  	90.080868 
637.087893  	90.475438 
638.519551  	91.342285 
639.951209  	92.212717 
641.382867  	92.601073 
642.814525  	92.660172 
644.246184  	92.622065 
645.677842  	92.596936 
647.109500  	92.652354 
648.541158  	92.662179 
649.972816  	92.676238 
651.404475  	92.536338 
652.836133  	91.957368 
654.267791  	91.514733 
655.699449  	91.505690 
657.131107  	91.566887 
658.562766  	91.776574 
659.994424  	91.843070 
661.426082  	91.505251 
662.857740  	91.420186 
664.289398  	91.392088 
665.721056  	91.020071 
667.152715  	90.959427 
668.584373  	91.254598 
670.016031  	90.740175 
671.447689  	90.315749 
672.879347  	90.166036 
674.311006  	89.920377 
675.742664  	89.425280 
677.174322  	88.915686 
678.605980  	88.582589 
680.037638  	88.212895 
681.469296  	87.649458 
682.900955  	86.907731 
684.332613  	85.905401 
685.764271  	84.802163 
687.195929  	84.061710 
688.627587  	84.045313 
690.059246  	84.378995 
691.490904  	84.437918 
692.922562  	84.326994 
694.354220  	83.989162 
695.785878  	83.206829 
697.217537  	82.227383 
698.649195  	81.050590 
700.080853  	79.610052 
701.512511  	78.170664 
702.944169  	76.773196 
704.375827  	75.600665 
705.807486  	74.932781 
707.239144  	74.858690 
708.670802  	75.409208 
710.102460  	76.146367 
711.534118  	76.943514 
712.965777  	77.955734 
714.397435  	78.864010 
715.829093  	79.732455 
717.260751  	80.585562 
718.692409  	80.993418 
720.124067  	81.032190 
721.555726  	80.699606 
722.987384  	79.933684 
724.419042  	79.245257 
725.850700  	78.696910 
727.282358  	78.207596 
728.714017  	77.990824 
730.145675  	77.733463 
731.577333  	77.451674 
733.008991  	77.633780 
734.440649  	78.155802 
735.872308  	78.687958 
737.303966  	78.912538 
738.735624  	78.664282 
740.167282  	78.258771 
741.598940  	77.693937 
743.030598  	76.782675 
744.462257  	75.722593 
745.893915  	74.542551 
747.325573  	73.188016 
748.757231  	71.698104 
750.188889  	70.056214 
751.620548  	68.348142 
753.052206  	66.611389 
754.483864  	64.927462 
755.915522  	63.484797 
757.347180  	62.371483 
758.778839  	61.566909 
760.210497  	60.877315 
761.642155  	60.307569 
763.073813  	59.897023 
764.505471  	59.326845 
765.937129  	58.686885 
767.368788  	58.422295 
768.800446  	58.775621 
770.232104  	59.964584 
771.663762  	61.863599 
773.095420  	64.197830 
774.527079  	66.829236 
775.958737  	69.435780 
777.390395  	71.790191 
778.822053  	73.817504 
780.253711  	75.415521 
781.685369  	76.700220 
783.117028  	77.812954 
784.548686  	78.719936 
785.980344  	79.387763 
787.412002  	79.752779 
788.843660  	79.931794 
790.275319  	80.139360 
791.706977  	80.272212 
793.138635  	80.246439 
794.570293  	79.954576 
796.001951  	79.139642 
797.433610  	77.939092 
798.865268  	76.380785 
800.296926  	74.148722 
801.728584  	71.357703 
803.160242  	68.220207 
804.591900  	64.895100 
806.023559  	61.608314 
807.455217  	58.305603 
808.886875  	55.058655 
810.318533  	52.144533 
811.750191  	49.843716 
813.181850  	48.372412 
814.613508  	47.708883 
816.045166  	47.846151 
817.476824  	48.379545 
818.908482  	48.653027 
820.340141  	48.417589 
821.771799  	47.318178 
823.203457  	45.255608 
824.635115  	42.821158 
826.066773  	40.517308 
827.498431  	38.910349 
828.930090  	38.516657 
830.361748  	39.398539 
831.793406  	41.518120 
833.225064  	44.450742 
834.656722  	47.815301 
836.088381  	51.459497 
837.520039  	54.893573 
838.951697  	57.828043 
840.383355  	60.280390 
841.815013  	62.319710 
843.246671  	64.202087 
844.678330  	66.001602 
846.109988  	67.829306 
847.541646  	70.013348 
848.973304  	72.519825 
850.404962  	75.279804 
851.836621  	78.233449 
853.268279  	81.015549 
854.699937  	83.512551 
856.131595  	85.741267 
857.563253  	87.509967 
858.994912  	88.876525 
860.426570  	89.942704 
861.858228  	90.618665 
863.289886  	90.983998 
864.721544  	91.017976 
866.153202  	90.661171 
867.584861  	90.087731 
869.016519  	89.261548 
870.448177  	88.148195 
871.879835  	86.877825 
873.311493  	85.379837 
874.743152  	83.596738 
876.174810  	81.560017 
877.606468  	79.373945 
879.038126  	77.084420 
880.469784  	74.573732 
881.901443  	72.050483 
883.333101  	69.709440 
884.764759  	67.650287 
886.196417  	66.386229 
887.628075  	66.213566 
889.059733  	67.332981 
890.491392  	70.050051 
891.923050  	74.141959 
893.354708  	79.014161 
894.786366  	83.729619 
896.218024  	87.303335 
897.649683  	89.613592 
899.081341  	91.073535 
900.512999  	91.843514 
901.944657  	92.182508 
903.376315  	92.315332 
904.807973  	92.244770 
906.239632  	92.053233 
907.671290  	91.686955 
909.102948  	91.174766 
910.534606  	90.699775 
911.966264  	90.147750 
913.397923  	89.405292 
914.829581  	88.548030 
916.261239  	87.737068 
917.692897  	87.213406 
919.124555  	87.103620 
920.556214  	87.435978 
921.987872  	88.015032 
923.419530  	88.558633 
924.851188  	89.028496 
926.282846  	89.275372 
927.714504  	89.137692 
929.146163  	88.705311 
930.577821  	87.943169 
932.009479  	87.015318 
933.441137  	86.258117 
934.872795  	85.673554 
936.304454  	85.356530 
937.736112  	85.268588 
939.167770  	85.067756 
940.599428  	84.774757 
942.031086  	84.510557 
943.462744  	84.353124 
944.894403  	84.498216 
946.326061  	84.825837 
947.757719  	85.145787 
949.189377  	85.441449 
950.621035  	85.592304 
952.052694  	85.516798 
953.484352  	85.139076 
954.916010  	84.443669 
956.347668  	83.671982 
957.779326  	83.007707 
959.210985  	82.601765 
960.642643  	82.471214 
962.074301  	82.374355 
963.505959  	82.322219 
964.937617  	82.402471 
966.369275  	82.456963 
967.800934  	82.410304 
969.232592  	82.251364 
970.664250  	81.990163 
972.095908  	81.699176 
973.527566  	81.350910 
974.959225  	80.893912 
976.390883  	80.289145 
977.822541  	79.576319 
979.254199  	78.823832 
980.685857  	77.929561 
982.117516  	76.899866 
983.549174  	75.737479 
984.980832  	74.273039 
986.412490  	72.544708 
987.844148  	70.559023 
989.275806  	68.343100 
990.707465  	66.178602 
992.139123  	64.201885 
993.570781  	62.651907 
995.002439  	61.576785 
996.434097  	60.455685 
997.865756  	58.809724 
999.297414  	56.013349 
1000.729072  	51.689993 
1002.160730  	46.547454 
1003.592388  	41.723781 
1005.024046  	38.423831 
1006.455705  	36.953258 
1007.887363  	36.246948 
1009.319021  	35.060752 
1010.750679  	31.734040 
1012.182337  	26.036313 
1013.613996  	22.089153 
1015.045654  	24.726617 
1016.477312  	34.241390 
1017.908970  	46.700993 
1019.340628  	58.322179 
1020.772287  	67.512549 
1022.203945  	74.411174 
1023.635603  	79.916289 
1025.067261  	84.176226 
1026.498919  	86.956607 
1027.930577  	88.422024 
1029.362236  	88.966790 
1030.793894  	88.981682 
1032.225552  	88.699962 
1033.657210  	88.285522 
1035.088868  	87.786333 
1036.520527  	87.158813 
1037.952185  	86.456923 
1039.383843  	85.792884 
1040.815501  	85.211371 
1042.247159  	84.604526 
1043.678818  	83.902341 
1045.110476  	83.199098 
1046.542134  	82.544094 
1047.973792  	81.915325 
1049.405450  	81.288624 
1050.837108  	80.661595 
1052.268767  	79.975072 
1053.700425  	79.163215 
1055.132083  	78.400326 
1056.563741  	77.695496 
1057.995399  	76.823285 
1059.427058  	75.879587 
1060.858716  	74.910513 
1062.290374  	73.856453 
1063.722032  	72.760070 
1065.153690  	71.378584 
1066.585348  	69.708807 
1068.017007  	67.891023 
1069.448665  	65.606880 
1070.880323  	62.783437 
1072.311981  	59.344245 
1073.743639  	54.925099 
1075.175298  	49.146200 
1076.606956  	41.558165 
1078.038614  	33.923301 
1079.470272  	29.903847 
1080.901930  	31.047669 
1082.333589  	36.778841 
1083.765247  	45.072795 
1085.196905  	53.702930 
1086.628563  	61.158650 
1088.060221  	66.196929 
1089.491879  	68.561250 
1090.923538  	68.951144 
1092.355196  	67.966366 
1093.786854  	66.092881 
1095.218512  	63.617413 
1096.650170  	60.389066 
1098.081829  	56.725841 
1099.513487  	53.244021 
1100.945145  	50.747912 
1102.376803  	49.978312 
1103.808461  	50.377241 
1105.240120  	51.063434 
1106.671778  	51.436700 
1108.103436  	51.310428 
1109.535094  	51.372376 
1110.966752  	51.971839 
1112.398410  	52.961536 
1113.830069  	54.147230 
1115.261727  	54.950940 
1116.693385  	55.313674 
1118.125043  	55.448263 
1119.556701  	55.162271 
1120.988360  	54.598573 
1122.420018  	53.760137 
1123.851676  	52.499817 
1125.283334  	51.115630 
1126.714992  	49.535361 
1128.146650  	47.763031 
1129.578309  	46.009937 
1131.009967  	44.039682 
1132.441625  	41.996182 
1133.873283  	39.904782 
1135.304941  	37.590086 
1136.736600  	35.347776 
1138.168258  	32.917685 
1139.599916  	30.275350 
1141.031574  	27.768494 
1142.463232  	25.058618 
1143.894891  	22.433657 
1145.326549  	20.049898 
1146.758207  	17.527986 
1148.189865  	15.276967 
1149.621523  	13.151425 
1151.053181  	11.080938 
1152.484840  	9.459480 
1153.916498  	7.815260 
1155.348156  	6.422294 
1156.779814  	5.540516 
1158.211472  	4.855354 
1159.643131  	5.077689 
1161.074789  	6.187008 
1162.506447  	8.049396 
1163.938105  	11.224677 
1165.369763  	15.248891 
1166.801421  	19.972101 
1168.233080  	25.065862 
1169.664738  	29.290834 
1171.096396  	31.891177 
1172.528054  	31.957541 
1173.959712  	29.218801 
1175.391371  	25.074908 
1176.823029  	20.750226 
1178.254687  	17.105739 
1179.686345  	14.397999 
1181.118003  	11.724839 
1182.549662  	9.259385 
1183.981320  	7.367706 
1185.412978  	6.029154 
1186.844636  	5.861767 
1188.276294  	6.472799 
1189.707952  	7.630878 
1191.139611  	9.613529 
1192.571269  	11.800947 
1194.002927  	14.327764 
1195.434585  	17.275031 
1196.866243  	20.255894 
1198.297902  	23.642735 
1199.729560  	27.155507 
1201.161218  	30.508006 
1202.592876  	33.820064 
1204.024534  	36.382629 
1205.456193  	37.679282 
1206.887851  	37.183439 
1208.319509  	34.328775 
1209.751167  	29.952464 
1211.182825  	25.045264 
1212.614483  	20.392241 
1214.046142  	17.089230 
1215.477800  	14.894086 
1216.909458  	13.665640 
1218.341116  	13.491580 
1219.772774  	13.661811 
1221.204433  	14.374726 
1222.636091  	15.503501 
1224.067749  	16.586029 
1225.499407  	18.020355 
1226.931065  	19.473880 
1228.362723  	20.867602 
1229.794382  	22.500993 
1231.226040  	23.968380 
1232.657698  	25.526682 
1234.089356  	27.164754 
1235.521014  	28.533378 
1236.952673  	30.077470 
1238.384331  	31.571198 
1239.815989  	32.916054 
1241.247647  	34.505066 
1242.679305  	35.995489 
1244.110964  	37.586425 
1245.542622  	39.478984 
1246.974280  	41.378249 
1248.405938  	43.661151 
1249.837596  	46.269683 
1251.269254  	49.030184 
1252.700913  	52.209389 
1254.132571  	55.526945 
1255.564229  	59.009064 
1256.995887  	62.780005 
1258.427545  	66.518667 
1259.859204  	70.301390 
1261.290862  	74.045063 
1262.722520  	77.444731 
1264.154178  	80.530213 
1265.585836  	83.205272 
1267.017495  	85.383517 
1268.449153  	87.199966 
1269.880811  	88.625910 
1271.312469  	89.642545 
1272.744127  	90.387623 
1274.175785  	90.859853 
1275.607444  	91.086670 
1277.039102  	91.101189 
1278.470760  	90.820403 
1279.902418  	90.348128 
1281.334076  	89.742327 
1282.765735  	88.974689 
1284.197393  	88.183518 
1285.629051  	87.399786 
1287.060709  	86.658532 
1288.492367  	86.045176 
1289.924025  	85.592174 
1291.355684  	85.469088 
1292.787342  	85.763057 
1294.219000  	86.450066 
1295.650658  	87.525650 
1297.082316  	88.847455 
1298.513975  	90.223815 
1299.945633  	91.577137 
1301.377291  	92.765536 
1302.808949  	93.681646 
1304.240607  	94.285170 
1305.672266  	94.393040 
1307.103924  	94.087523 
1308.535582  	93.671009 
1309.967240  	93.544291 
1311.398898  	94.134431 
1312.830556  	95.361439 
1314.262215  	96.771256 
1315.693873  	98.053278 
1317.125531  	98.991702 
1318.557189  	99.597539 
1319.988847  	100.065154 
1321.420506  	100.355400 
1322.852164  	100.592367 
1324.283822  	100.785841 
1325.715480  	100.861632 
1327.147138  	101.033315 
1328.578796  	101.157751 
1330.010455  	101.165893 
1331.442113  	101.279364 
1332.873771  	101.325568 
1334.305429  	101.335937 
1335.737087  	101.417672 
1337.168746  	101.407659 
1338.600404  	101.424511 
1340.032062  	101.446603 
1341.463720  	101.448784 
1342.895378  	101.544572 
1344.327037  	101.501397 
1345.758695  	101.429023 
1347.190353  	101.430120 
1348.622011  	101.297648 
1350.053669  	101.256994 
1351.485327  	101.197740 
1352.916986  	100.973213 
1354.348644  	100.854374 
1355.780302  	100.527508 
1357.211960  	99.940586 
1358.643618  	98.985072 
1360.075277  	96.812991 
1361.506935  	93.355715 
1362.938593  	89.284398 
1364.370251  	87.212081 
1365.801909  	88.309894 
1367.233568  	91.259084 
1368.665226  	94.693557 
1370.096884  	97.322718 
1371.528542  	98.806818 
1372.960200  	99.485775 
1374.391858  	99.862082 
1375.823517  	100.006003 
1377.255175  	100.022327 
1378.686833  	99.873090 
1380.118491  	99.343592 
1381.550149  	98.439922 
1382.981808  	96.785582 
1384.413466  	94.849969 
1385.845124  	93.453765 
1387.276782  	93.173117 
1388.708440  	94.305398 
1390.140098  	95.745543 
1391.571757  	97.181383 
1393.003415  	98.179638 
1394.435073  	98.501347 
1395.866731  	98.560459 
1397.298389  	98.394877 
1398.730048  	97.789089 
1400.161706  	96.995351 
1401.593364  	96.044510 
1403.025022  	94.670252 
1404.456680  	92.867183 
1405.888339  	90.629588 
1407.319997  	88.672467 
1408.751655  	87.685980 
1410.183313  	87.554734 
1411.614971  	88.676675 
1413.046629  	90.884652 
1414.478288  	93.230477 
1415.909946  	95.544333 
1417.341604  	97.298502 
1418.773262  	98.423121 
1420.204920  	99.689563 
1421.636579  	100.351605 
1423.068237  	100.599693 
1424.499895  	100.891360 
1425.931553  	101.020223 
1427.363211  	101.147402 
1428.794870  	101.229956 
1430.226528  	101.144136 
1431.658186  	101.242754 
1433.089844  	101.218057 
1434.521502  	101.079482 
1435.953160  	101.000101 
1437.384819  	100.512273 
1438.816477  	100.226953 
1440.248135  	99.905812 
1441.679793  	99.170522 
1443.111451  	98.620135 
1444.543110  	98.057019 
1445.974768  	97.435415 
1447.406426  	97.014684 
1448.838084  	96.320716 
1450.269742  	95.920762 
1451.701400  	95.860398 
1453.133059  	95.695508 
1454.564717  	95.727419 
1455.996375  	95.485395 
1457.428033  	94.103553 
1458.859691  	93.112962 
1460.291350  	91.843495 
1461.723008  	90.561058 
1463.154666  	89.673231 
1464.586324  	88.967861 
1466.017982  	89.323847 
1467.449641  	89.860501 
1468.881299  	90.367604 
1470.312957  	91.063784 
1471.744615  	91.251734 
1473.176273  	91.667761 
1474.607931  	92.250040 
1476.039590  	92.041426 
1477.471248  	92.075924 
1478.902906  	91.945446 
1480.334564  	91.219917 
1481.766222  	90.512764 
1483.197881  	89.281584 
1484.629539  	87.601263 
1486.061197  	85.817079 
1487.492855  	82.999595 
1488.924513  	79.925607 
1490.356172  	76.545774 
1491.787830  	71.607329 
1493.219488  	67.522192 
1494.651146  	63.460100 
1496.082804  	57.991049 
1497.514462  	53.089858 
1498.946121  	48.500008 
1500.377779  	44.296056 
1501.809437  	42.318877 
1503.241095  	41.176849 
1504.672753  	41.078964 
1506.104412  	43.997539 
1507.536070  	50.654205 
1508.967728  	57.532746 
1510.399386  	64.178329 
1511.831044  	70.945760 
1513.262702  	77.827223 
1514.694361  	83.166983 
1516.126019  	86.937958 
1517.557677  	90.924632 
1518.989335  	93.543174 
1520.420993  	94.600463 
1521.852652  	96.387541 
1523.284310  	97.866511 
1524.715968  	98.349031 
1526.147626  	99.196195 
1527.579284  	99.861582 
1529.010943  	100.289701 
1530.442601  	100.829588 
1531.874259  	101.000941 
1533.305917  	101.155622 
1534.737575  	101.606695 
1536.169233  	101.794624 
1537.600892  	101.967971 
1539.032550  	101.934386 
1540.464208  	101.800960 
1541.895866  	102.328319 
1543.327524  	102.515164 
1544.759183  	102.642010 
1546.190841  	102.948917 
1547.622499  	103.042416 
1549.054157  	103.073949 
1550.485815  	103.112197 
1551.917473  	103.197341 
1553.349132  	103.322714 
1554.780790  	103.323325 
1556.212448  	103.377273 
1557.644106  	103.360906 
1559.075764  	102.727906 
1560.507423  	103.246691 
1561.939081  	103.627881 
1563.370739  	103.621360 
1564.802397  	103.626960 
1566.234055  	103.629583 
1567.665714  	103.560260 
1569.097372  	103.437952 
1570.529030  	103.315995 
1571.960688  	103.395412 
1573.392346  	103.421583 
1574.824004  	103.255145 
1576.255663  	102.986918 
1577.687321  	102.841939 
1579.118979  	102.790669 
1580.550637  	102.612939 
1581.982295  	102.228106 
1583.413954  	101.776656 
1584.845612  	101.146992 
1586.277270  	100.298911 
1587.708928  	99.305967 
1589.140586  	98.118586 
1590.572245  	97.088007 
1592.003903  	96.320458 
1593.435561  	95.913507 
1594.867219  	96.033758 
1596.298877  	96.269467 
1597.730535  	96.394531 
1599.162194  	96.267523 
1600.593852  	95.959943 
1602.025510  	95.857603 
1603.457168  	95.960858 
1604.888826  	96.410420 
1606.320485  	97.186598 
1607.752143  	98.061028 
1609.183801  	99.118497 
1610.615459  	100.062902 
1612.047117  	100.802308 
1613.478775  	101.418877 
1614.910434  	101.784328 
1616.342092  	101.990396 
1617.773750  	102.281460 
1619.205408  	102.564115 
1620.637066  	102.763351 
1622.068725  	102.831994 
1623.500383  	102.854818 
1624.932041  	103.054856 
1626.363699  	103.184115 
1627.795357  	103.129959 
1629.227016  	103.073954 
1630.658674  	103.119335 
1632.090332  	103.158404 
1633.521990  	103.096119 
1634.953648  	102.851014 
1636.385306  	102.597022 
1637.816965  	102.721029 
1639.248623  	102.822210 
1640.680281  	102.790093 
1642.111939  	102.692920 
1643.543597  	102.613645 
1644.975256  	102.465361 
1646.406914  	102.164003 
1647.838572  	102.044824 
1649.270230  	102.230047 
1650.701888  	102.277657 
1652.133547  	102.039005 
1653.565205  	101.625929 
1654.996863  	102.058951 
1656.428521  	102.258687 
1657.860179  	102.342557 
1659.291837  	102.422116 
1660.723496  	102.393017 
1662.155154  	102.319431 
1663.586812  	102.384630 
1665.018470  	102.492737 
1666.450128  	102.541009 
1667.881787  	102.507309 
1669.313445  	102.481483 
1670.745103  	102.660315 
1672.176761  	102.805140 
1673.608419  	102.876367 
1675.040077  	102.902965 
1676.471736  	102.878626 
1677.903394  	103.003301 
1679.335052  	103.018686 
1680.766710  	102.886154 
1682.198368  	102.940232 
1683.630027  	102.753233 
1685.061685  	102.500894 
1686.493343  	102.894619 
1687.925001  	102.875354 
1689.356659  	102.749820 
1690.788318  	102.736812 
1692.219976  	102.515137 
1693.651634  	102.376490 
1695.083292  	102.155735 
1696.514950  	101.639670 
1697.946608  	101.721659 
1699.378267  	101.489376 
1700.809925  	100.851136 
1702.241583  	101.129483 
1703.673241  	100.977346 
1705.104899  	100.675923 
1706.536558  	100.486480 
1707.968216  	100.150212 
1709.399874  	99.944647 
1710.831532  	99.580979 
1712.263190  	99.104629 
1713.694849  	98.847145 
1715.126507  	98.308388 
1716.558165  	97.835169 
1717.989823  	97.606431 
1719.421481  	96.997414 
1720.853139  	96.770279 
1722.284798  	96.337691 
1723.716456  	95.553576 
1725.148114  	95.154747 
1726.579772  	94.521892 
1728.011430  	93.800554 
1729.443089  	93.357066 
1730.874747  	92.561973 
1732.306405  	92.031584 
1733.738063  	91.540650 
1735.169721  	90.647905 
1736.601379  	90.537378 
1738.033038  	89.877555 
1739.464696  	88.915014 
1740.896354  	88.470056 
1742.328012  	87.384975 
1743.759670  	86.337672 
1745.191329  	85.401332 
1746.622987  	83.675444 
1748.054645  	82.086536 
1749.486303  	80.095256 
1750.917961  	77.338834 
1752.349620  	74.674504 
1753.781278  	71.166931 
1755.212936  	67.464973 
1756.644594  	63.225170 
1758.076252  	57.290212 
1759.507910  	52.046672 
1760.939569  	46.922105 
1762.371227  	40.491840 
1763.802885  	35.779377 
1765.234543  	32.516081 
1766.666201  	29.691118 
1768.097860  	28.899157 
1769.529518  	28.784463 
1770.961176  	28.775848 
1772.392834  	31.181980 
1773.824492  	33.578272 
1775.256150  	35.492712 
1776.687809  	38.618797 
1778.119467  	41.279840 
1779.551125  	44.215903 
1780.982783  	48.355453 
1782.414441  	51.622929 
1783.846100  	55.038138 
1785.277758  	59.163042 
1786.709416  	62.720047 
1788.141074  	66.646540 
1789.572732  	70.339412 
1791.004391  	73.564381 
1792.436049  	78.139851 
1793.867707  	81.776149 
1795.299365  	84.432486 
1796.731023  	87.481717 
1798.162681  	89.539786 
1799.594340  	91.627661 
1801.025998  	93.758328 
1802.457656  	94.828793 
1803.889314  	96.349999 
1805.320972  	97.367467 
1806.752631  	97.901088 
1808.184289  	98.996257 
1809.615947  	99.383904 
1811.047605  	99.852427 
1812.479263  	100.662300 
1813.910922  	100.723361 
1815.342580  	101.265632 
1816.774238  	101.633158 
1818.205896  	101.468104 
1819.637554  	102.007521 
1821.069212  	102.119592 
1822.500871  	102.177163 
1823.932529  	102.628234 
1825.364187  	102.363465 
1826.795845  	102.605727 
1828.227503  	102.918311 
1829.659162  	102.585814 
1831.090820  	102.990279 
1832.522478  	103.174962 
1833.954136  	103.213949 
1835.385794  	103.595007 
1836.817452  	103.423605 
1838.249111  	103.571141 
1839.680769  	103.828369 
1841.112427  	103.523769 
1842.544085  	103.713766 
1843.975743  	103.704032 
1845.407402  	103.530381 
1846.839060  	103.972600 
1848.270718  	103.791514 
1849.702376  	103.852132 
1851.134034  	104.209204 
1852.565693  	103.907591 
1853.997351  	104.024227 
1855.429009  	104.101818 
1856.860667  	103.794358 
1858.292325  	104.072482 
1859.723983  	104.100250 
1861.155642  	104.069379 
1862.587300  	104.331317 
1864.018958  	104.143627 
1865.450616  	104.242701 
1866.882274  	104.325165 
1868.313933  	104.039495 
1869.745591  	104.373700 
1871.177249  	104.258230 
1872.608907  	104.035028 
1874.040565  	104.282563 
1875.472224  	104.105243 
1876.903882  	104.064469 
1878.335540  	104.115400 
1879.767198  	103.875252 
1881.198856  	104.127538 
1882.630514  	104.094280 
1884.062173  	103.783660 
1885.493831  	103.887683 
1886.925489  	103.641591 
1888.357147  	103.494679 
1889.788805  	103.489354 
1891.220464  	103.172830 
1892.652122  	103.285415 
1894.083780  	103.087473 
1895.515438  	102.703426 
1896.947096  	102.976592 
1898.378754  	102.911824 
1899.810413  	102.904041 
1901.242071  	103.134890 
1902.673729  	102.938196 
1904.105387  	103.135616 
1905.537045  	103.349583 
1906.968704  	103.364796 
1908.400362  	103.801492 
1909.832020  	103.798502 
1911.263678  	103.920326 
1912.695336  	104.394464 
1914.126995  	104.264297 
1915.558653  	104.535600 
1916.990311  	104.838721 
1918.421969  	104.583864 
1919.853627  	105.020861 
1921.285285  	105.052343 
1922.716944  	104.688318 
1924.148602  	104.856055 
1925.580260  	104.675328 
1927.011918  	104.861059 
1928.443576  	105.259841 
1929.875235  	105.047723 
1931.306893  	105.300887 
1932.738551  	105.210515 
1934.170209  	104.811596 
1935.601867  	105.180259 
1937.033525  	105.019749 
1938.465184  	105.020758 
1939.896842  	105.494588 
1941.328500  	105.092886 
1942.760158  	105.106595 
1944.191816  	105.255583 
1945.623475  	104.855601 
1947.055133  	105.061243 
1948.486791  	104.923422 
1949.918449  	104.835464 
1951.350107  	105.263859 
1952.781766  	105.032265 
1954.213424  	105.198753 
1955.645082  	105.369189 
1957.076740  	105.020408 
1958.508398  	105.397636 
1959.940056  	105.086426 
1961.371715  	104.802991 
1962.803373  	105.497420 
1964.235031  	104.998087 
1965.666689  	104.753025 
1967.098347  	105.102104 
1968.530006  	104.812732 
1969.961664  	105.266411 
1971.393322  	105.107914 
1972.824980  	104.636807 
1974.256638  	105.091923 
1975.688297  	104.576999 
1977.119955  	104.621850 
1978.551613  	105.080381 
1979.983271  	104.398784 
1981.414929  	104.844503 
1982.846587  	105.156783 
1984.278246  	104.808593 
1985.709904  	105.095143 
1987.141562  	104.838506 
1988.573220  	105.336161 
1990.004878  	106.255022 
1991.436537  	105.352923 
1992.868195  	104.990748 
1994.299853  	105.219591 
1995.731511  	105.000308 
1997.163169  	105.450588 
1998.594827  	105.195355 
2000.026486  	104.826258 
2001.458144  	105.387241 
2002.889802  	105.174369 
2004.321460  	104.969191 
2005.753118  	104.822120 
2007.184777  	104.361852 
2008.616435  	104.853155 
2010.048093  	104.780163 
2011.479751  	104.675961 
2012.911409  	105.230114 
2014.343068  	104.710410 
2015.774726  	104.900931 
2017.206384  	105.276288 
2018.638042  	104.499810 
2020.069700  	105.023623 
2021.501358  	105.145972 
2022.933017  	104.543049 
2024.364675  	105.162043 
2025.796333  	105.009797 
2027.227991  	105.021039 
2028.659649  	105.524409 
2030.091308  	104.600776 
2031.522966  	104.638201 
2032.954624  	105.271003 
2034.386282  	105.205076 
2035.817940  	105.530969 
2037.249599  	104.963409 
2038.681257  	104.531410 
2040.112915  	104.881509 
2041.544573  	104.516966 
2042.976231  	104.714804 
2044.407889  	105.118763 
2045.839548  	104.813123 
2047.271206  	104.718365 
2048.702864  	104.334828 
2050.134522  	104.452785 
2051.566180  	104.992065 
2052.997839  	104.747900 
2054.429497  	104.892107 
2055.861155  	104.958406 
2057.292813  	104.423659 
2058.724471  	104.779032 
2060.156129  	105.072377 
2061.587788  	104.923998 
2063.019446  	105.132063 
2064.451104  	104.837411 
2065.882762  	104.739310 
2067.314420  	105.133666 
2068.746079  	104.971121 
2070.177737  	104.984655 
2071.609395  	105.243148 
2073.041053  	105.290638 
2074.472711  	105.400917 
2075.904370  	105.314231 
2077.336028  	105.244601 
2078.767686  	105.108165 
2080.199344  	104.837961 
2081.631002  	105.003384 
2083.062660  	104.947876 
2084.494319  	104.801916 
2085.925977  	105.152319 
2087.357635  	105.097462 
2088.789293  	104.967732 
2090.220951  	105.211635 
2091.652610  	105.340209 
2093.084268  	105.714433 
2094.515926  	105.752476 
2095.947584  	105.272838 
2097.379242  	105.459166 
2098.810901  	105.710506 
2100.242559  	105.621988 
2101.674217  	105.568741 
2103.105875  	105.382825 
2104.537533  	105.529328 
2105.969191  	105.722877 
2107.400850  	105.665061 
2108.832508  	105.801162 
2110.264166  	105.600555 
2111.695824  	105.492688 
2113.127482  	105.815482 
2114.559141  	105.609256 
2115.990799  	105.534653 
2117.422457  	105.810149 
2118.854115  	105.731757 
2120.285773  	105.813413 
2121.717431  	105.837180 
2123.149090  	105.784100 
2124.580748  	105.990322 
2126.012406  	105.739665 
2127.444064  	105.686632 
2128.875722  	105.927740 
2130.307381  	105.543611 
2131.739039  	105.575673 
2133.170697  	105.705113 
2134.602355  	105.253690 
2136.034013  	105.468643 
2137.465672  	105.505134 
2138.897330  	105.183582 
2140.328988  	105.590860 
2141.760646  	105.762654 
2143.192304  	105.667064 
2144.623962  	105.450695 
2146.055621  	105.219165 
2147.487279  	105.737157 
2148.918937  	105.451605 
2150.350595  	104.630885 
2151.782253  	104.912625 
2153.213912  	105.109355 
2154.645570  	105.220033 
2156.077228  	104.802350 
2157.508886  	103.606422 
2158.940544  	104.415259 
2160.372202  	105.066004 
2161.803861  	104.172360 
2163.235519  	104.465734 
2164.667177  	104.626877 
2166.098835  	104.672229 
2167.530493  	105.049335 
2168.962152  	104.788951 
2170.393810  	105.023829 
2171.825468  	105.062864 
2173.257126  	104.399510 
2174.688784  	104.473643 
2176.120443  	104.503560 
2177.552101  	104.729298 
2178.983759  	105.398640 
2180.415417  	105.020090 
2181.847075  	104.575606 
2183.278733  	104.508278 
2184.710392  	104.440693 
2186.142050  	104.842427 
2187.573708  	104.660483 
2189.005366  	104.372669 
2190.437024  	104.585803 
2191.868683  	104.067358 
2193.300341  	103.836758 
2194.731999  	104.287179 
2196.163657  	104.442639 
2197.595315  	104.659507 
2199.026974  	104.524612 
2200.458632  	104.343256 
2201.890290  	104.667920 
2203.321948  	104.449495 
2204.753606  	104.333836 
2206.185264  	104.685002 
2207.616923  	104.581596 
2209.048581  	104.605805 
2210.480239  	104.720993 
2211.911897  	104.725052 
2213.343555  	104.838808 
2214.775214  	104.395668 
2216.206872  	104.028150 
2217.638530  	104.130379 
2219.070188  	104.042400 
2220.501846  	104.065831 
2221.933504  	103.950385 
2223.365163  	103.730164 
2224.796821  	103.802325 
2226.228479  	103.521893 
2227.660137  	103.394795 
2229.091795  	103.529925 
2230.523454  	103.272632 
2231.955112  	103.423521 
2233.386770  	103.607627 
2234.818428  	103.352669 
2236.250086  	103.582264 
2237.681745  	103.779643 
2239.113403  	103.722847 
2240.545061  	103.858080 
2241.976719  	103.809977 
2243.408377  	103.996043 
2244.840035  	104.234637 
2246.271694  	103.992907 
2247.703352  	104.000999 
2249.135010  	104.090872 
2250.566668  	104.095915 
2251.998326  	104.373866 
2253.429985  	104.432152 
2254.861643  	104.518193 
2256.293301  	104.809378 
2257.724959  	104.778223 
2259.156617  	104.793279 
2260.588276  	104.861136 
2262.019934  	104.843544 
2263.451592  	105.036461 
2264.883250  	105.120997 
2266.314908  	105.123159 
2267.746566  	105.172585 
2269.178225  	105.160959 
2270.609883  	105.356863 
2272.041541  	105.419152 
2273.473199  	105.283961 
2274.904857  	105.386788 
2276.336516  	105.385415 
2277.768174  	105.351656 
2279.199832  	105.450784 
2280.631490  	105.435822 
2282.063148  	105.512406 
2283.494806  	105.496337 
2284.926465  	105.469389 
2286.358123  	105.802230 
2287.789781  	105.860564 
2289.221439  	105.707753 
2290.653097  	105.834872 
2292.084756  	105.795503 
2293.516414  	105.669947 
2294.948072  	105.647339 
2296.379730  	105.570795 
2297.811388  	105.671682 
2299.243047  	105.755945 
2300.674705  	105.717082 
2302.106363  	105.847653 
2303.538021  	105.921249 
2304.969679  	105.908253 
2306.401337  	105.928888 
2307.832996  	105.911362 
2309.264654  	105.967048 
2310.696312  	105.930456 
2312.127970  	105.896103 
2313.559628  	106.062337 
2314.991287  	106.037158 
2316.422945  	106.047189 
2317.854603  	106.239289 
2319.286261  	106.159911 
2320.717919  	106.127640 
2322.149577  	106.189013 
2323.581236  	106.083288 
2325.012894  	106.161619 
2326.444552  	106.212288 
2327.876210  	106.118007 
2329.307868  	106.163213 
2330.739527  	106.158618 
2332.171185  	106.194512 
2333.602843  	106.303833 
2335.034501  	106.224620 
2336.466159  	106.245894 
2337.897818  	106.326936 
2339.329476  	106.293875 
2340.761134  	106.359025 
2342.192792  	106.361535 
2343.624450  	106.344287 
2345.056108  	106.425281 
2346.487767  	106.391382 
2347.919425  	106.323397 
2349.351083  	106.235094 
2350.782741  	106.182478 
2352.214399  	106.319565 
2353.646058  	106.407631 
2355.077716  	106.450680 
2356.509374  	106.492081 
2357.941032  	106.323233 
2359.372690  	106.395443 
2360.804349  	106.581546 
2362.236007  	106.481831 
2363.667665  	106.472793 
2365.099323  	106.375653 
2366.530981  	106.187170 
2367.962639  	106.157575 
2369.394298  	106.001372 
2370.825956  	105.891108 
2372.257614  	105.861504 
2373.689272  	105.779935 
2375.120930  	105.872159 
2376.552589  	105.870176 
2377.984247  	105.712608 
2379.415905  	105.654103 
2380.847563  	105.539192 
2382.279221  	105.492795 
2383.710879  	105.561503 
2385.142538  	105.483255 
2386.574196  	105.406936 
2388.005854  	105.367801 
2389.437512  	105.277408 
2390.869170  	105.265315 
2392.300829  	105.235716 
2393.732487  	105.189586 
2395.164145  	105.192601 
2396.595803  	105.167207 
2398.027461  	105.216751 
2399.459120  	105.219100 
2400.890778  	105.113796 
2402.322436  	105.133978 
2403.754094  	105.146790 
2405.185752  	105.119432 
2406.617410  	105.099182 
2408.049069  	104.973320 
2409.480727  	105.022419 
2410.912385  	105.172444 
2412.344043  	105.107403 
2413.775701  	105.086673 
2415.207360  	105.123987 
2416.639018  	105.120903 
2418.070676  	105.159337 
2419.502334  	105.105224 
2420.933992  	105.136304 
2422.365651  	105.290530 
2423.797309  	105.277373 
2425.228967  	105.284864 
2426.660625  	105.343215 
2428.092283  	105.308559 
2429.523941  	105.299586 
2430.955600  	105.226664 
2432.387258  	105.185989 
2433.818916  	105.302076 
2435.250574  	105.334172 
2436.682232  	105.333161 
2438.113891  	105.389929 
2439.545549  	105.410259 
2440.977207  	105.385318 
2442.408865  	105.288307 
2443.840523  	105.266493 
2445.272181  	105.317644 
2446.703840  	105.300976 
2448.135498  	105.357980 
2449.567156  	105.376616 
2450.998814  	105.326453 
2452.430472  	105.383968 
2453.862131  	105.287557 
2455.293789  	105.158643 
2456.725447  	105.276659 
2458.157105  	105.350637 
2459.588763  	105.350202 
2461.020422  	105.340560 
2462.452080  	105.323993 
2463.883738  	105.425828 
2465.315396  	105.387753 
2466.747054  	105.285363 
2468.178712  	105.372373 
2469.610371  	105.339778 
2471.042029  	105.315500 
2472.473687  	105.412171 
2473.905345  	105.323256 
2475.337003  	105.299739 
2476.768662  	105.361533 
2478.200320  	105.293456 
2479.631978  	105.341296 
2481.063636  	105.407682 
2482.495294  	105.382187 
2483.926953  	105.417083 
2485.358611  	105.435126 
2486.790269  	105.487926 
2488.221927  	105.527710 
2489.653585  	105.476000 
2491.085243  	105.505739 
2492.516902  	105.498666 
2493.948560  	105.499146 
2495.380218  	105.652277 
2496.811876  	105.673525 
2498.243534  	105.618074 
2499.675193  	105.639107 
2501.106851  	105.632135 
2502.538509  	105.676531 
2503.970167  	105.693336 
2505.401825  	105.683748 
2506.833483  	105.776822 
2508.265142  	105.772868 
2509.696800  	105.741598 
2511.128458  	105.779449 
2512.560116  	105.721747 
2513.991774  	105.735876 
2515.423433  	105.856254 
2516.855091  	105.933166 
2518.286749  	105.976239 
2519.718407  	105.874875 
2521.150065  	105.732638 
2522.581724  	105.729814 
2524.013382  	105.814049 
2525.445040  	105.945437 
2526.876698  	105.926339 
2528.308356  	105.778537 
2529.740014  	105.737995 
2531.171673  	105.673569 
2532.603331  	105.659780 
2534.034989  	105.775229 
2535.466647  	105.773734 
2536.898305  	105.780765 
2538.329964  	105.846370 
2539.761622  	105.834155 
2541.193280  	105.862483 
2542.624938  	105.871428 
2544.056596  	105.881093 
2545.488254  	105.952737 
2546.919913  	105.894455 
2548.351571  	105.847858 
2549.783229  	105.912202 
2551.214887  	105.954818 
2552.646545  	106.011700 
2554.078204  	105.956070 
2555.509862  	105.866870 
2556.941520  	105.972350 
2558.373178  	106.056904 
2559.804836  	106.033884 
2561.236495  	105.946614 
2562.668153  	105.852781 
2564.099811  	105.951288 
2565.531469  	106.024907 
2566.963127  	105.978300 
2568.394785  	106.009186 
2569.826444  	105.923548 
2571.258102  	105.803138 
2572.689760  	105.841551 
2574.121418  	105.848311 
2575.553076  	105.871038 
2576.984735  	105.888167 
2578.416393  	105.822245 
2579.848051  	105.822507 
2581.279709  	105.778217 
2582.711367  	105.749715 
2584.143026  	105.839667 
2585.574684  	105.791497 
2587.006342  	105.739442 
2588.438000  	105.803643 
2589.869658  	105.805103 
2591.301316  	105.842706 
2592.732975  	105.838565 
2594.164633  	105.710900 
2595.596291  	105.682456 
2597.027949  	105.718021 
2598.459607  	105.748038 
2599.891266  	105.770597 
2601.322924  	105.723131 
2602.754582  	105.712369 
2604.186240  	105.779219 
2605.617898  	105.891726 
2607.049556  	105.936235 
2608.481215  	105.774034 
2609.912873  	105.709135 
2611.344531  	105.857167 
2612.776189  	105.918231 
2614.207847  	105.919505 
2615.639506  	105.901914 
2617.071164  	105.889738 
2618.502822  	105.994564 
2619.934480  	105.980832 
2621.366138  	105.876144 
2622.797797  	105.929513 
2624.229455  	105.970489 
2625.661113  	105.988062 
2627.092771  	106.056667 
2628.524429  	106.045323 
2629.956087  	106.039825 
2631.387746  	106.066474 
2632.819404  	106.043998 
2634.251062  	106.029464 
2635.682720  	106.023823 
2637.114378  	106.072166 
2638.546037  	106.143933 
2639.977695  	106.108134 
2641.409353  	106.081977 
2642.841011  	106.113867 
2644.272669  	106.117395 
2645.704328  	106.151363 
2647.135986  	106.165008 
2648.567644  	106.089723 
2649.999302  	106.041915 
2651.430960  	106.076365 
2652.862618  	106.127941 
2654.294277  	106.133514 
2655.725935  	106.114908 
2657.157593  	106.093654 
2658.589251  	106.043075 
2660.020909  	106.027112 
2661.452568  	106.038561 
2662.884226  	105.998016 
2664.315884  	105.971599 
2665.747542  	105.964875 
2667.179200  	105.946734 
2668.610858  	105.968550 
2670.042517  	105.974814 
2671.474175  	105.956407 
2672.905833  	105.971352 
2674.337491  	105.980934 
2675.769149  	105.997416 
2677.200808  	105.996511 
2678.632466  	105.944153 
2680.064124  	105.944971 
2681.495782  	105.973198 
2682.927440  	105.955961 
2684.359099  	105.956686 
2685.790757  	105.972653 
2687.222415  	105.985033 
2688.654073  	105.992352 
2690.085731  	105.954560 
2691.517389  	105.911428 
2692.949048  	105.906331 
2694.380706  	105.913877 
2695.812364  	105.902952 
2697.244022  	105.884041 
2698.675680  	105.910027 
2700.107339  	105.933728 
2701.538997  	105.902329 
2702.970655  	105.890421 
2704.402313  	105.899945 
2705.833971  	105.876603 
2707.265630  	105.823664 
2708.697288  	105.775743 
2710.128946  	105.765951 
2711.560604  	105.723348 
2712.992262  	105.653050 
2714.423920  	105.657594 
2715.855579  	105.663623 
2717.287237  	105.665292 
2718.718895  	105.713182 
2720.150553  	105.696731 
2721.582211  	105.682138 
2723.013870  	105.733625 
2724.445528  	105.714654 
2725.877186  	105.674644 
2727.308844  	105.680899 
2728.740502  	105.687398 
2730.172160  	105.690932 
2731.603819  	105.664240 
2733.035477  	105.685632 
2734.467135  	105.744473 
2735.898793  	105.680114 
2737.330451  	105.633909 
2738.762110  	105.685016 
2740.193768  	105.673128 
2741.625426  	105.665775 
2743.057084  	105.692302 
2744.488742  	105.683599 
2745.920401  	105.705567 
2747.352059  	105.713696 
2748.783717  	105.681252 
2750.215375  	105.694025 
2751.647033  	105.731147 
2753.078691  	105.751896 
2754.510350  	105.715559 
2755.942008  	105.638362 
2757.373666  	105.623148 
2758.805324  	105.644191 
2760.236982  	105.629530 
2761.668641  	105.563302 
2763.100299  	105.482954 
2764.531957  	105.468944 
2765.963615  	105.455435 
2767.395273  	105.402456 
2768.826931  	105.387361 
2770.258590  	105.361439 
2771.690248  	105.337526 
2773.121906  	105.341361 
2774.553564  	105.274346 
2775.985222  	105.234098 
2777.416881  	105.287398 
2778.848539  	105.291945 
2780.280197  	105.255176 
2781.711855  	105.255254 
2783.143513  	105.302526 
2784.575172  	105.350138 
2786.006830  	105.325978 
2787.438488  	105.311928 
2788.870146  	105.353208 
2790.301804  	105.385572 
2791.733462  	105.423928 
2793.165121  	105.422867 
2794.596779  	105.400244 
2796.028437  	105.446724 
2797.460095  	105.449112 
2798.891753  	105.395922 
2800.323412  	105.392335 
2801.755070  	105.367333 
2803.186728  	105.312107 
2804.618386  	105.277885 
2806.050044  	105.248808 
2807.481703  	105.243902 
2808.913361  	105.257158 
2810.345019  	105.273357 
2811.776677  	105.268920 
2813.208335  	105.239883 
2814.639993  	105.266022 
2816.071652  	105.292146 
2817.503310  	105.259615 
2818.934968  	105.278227 
2820.366626  	105.317050 
2821.798284  	105.296782 
2823.229943  	105.259409 
2824.661601  	105.231427 
2826.093259  	105.231344 
2827.524917  	105.208894 
2828.956575  	105.173272 
2830.388233  	105.233240 
2831.819892  	105.267815 
2833.251550  	105.182476 
2834.683208  	105.112723 
2836.114866  	105.089947 
2837.546524  	105.087397 
2838.978183  	105.063008 
2840.409841  	104.968769 
2841.841499  	104.883461 
2843.273157  	104.802793 
2844.704815  	104.698553 
2846.136474  	104.637750 
2847.568132  	104.566458 
2848.999790  	104.451991 
2850.431448  	104.333556 
2851.863106  	104.192837 
2853.294764  	104.073616 
2854.726423  	103.986920 
2856.158081  	103.887087 
2857.589739  	103.759904 
2859.021397  	103.562488 
2860.453055  	103.324964 
2861.884714  	103.043617 
2863.316372  	102.622430 
2864.748030  	102.110780 
2866.179688  	101.559330 
2867.611346  	100.961124 
2869.043005  	100.369654 
2870.474663  	99.840180 
2871.906321  	99.504425 
2873.337979  	99.404025 
2874.769637  	99.419302 
2876.201295  	99.577283 
2877.632954  	99.905080 
2879.064612  	100.284959 
2880.496270  	100.648323 
2881.927928  	100.956836 
2883.359586  	101.220709 
2884.791245  	101.431899 
2886.222903  	101.493168 
2887.654561  	101.450678 
2889.086219  	101.374664 
2890.517877  	101.276336 
2891.949535  	101.257085 
2893.381194  	101.311077 
2894.812852  	101.379948 
2896.244510  	101.466236 
2897.676168  	101.529249 
2899.107826  	101.610668 
2900.539485  	101.667139 
2901.971143  	101.570538 
2903.402801  	101.450332 
2904.834459  	101.359902 
2906.266117  	101.186765 
2907.697776  	100.975022 
2909.129434  	100.755539 
2910.561092  	100.564658 
2911.992750  	100.485542 
2913.424408  	100.494072 
2914.856066  	100.562105 
2916.287725  	100.618576 
2917.719383  	100.600778 
2919.151041  	100.541134 
2920.582699  	100.376560 
2922.014357  	100.117060 
2923.446016  	99.838035 
2924.877674  	99.469828 
2926.309332  	99.044938 
2927.740990  	98.613036 
2929.172648  	98.171646 
2930.604306  	97.836604 
2932.035965  	97.590839 
2933.467623  	97.388729 
2934.899281  	97.305269 
2936.330939  	97.289338 
2937.762597  	97.348733 
2939.194256  	97.520205 
2940.625914  	97.654507 
2942.057572  	97.737807 
2943.489230  	97.839028 
2944.920888  	97.912692 
2946.352547  	97.962409 
2947.784205  	97.947861 
2949.215863  	97.822628 
2950.647521  	97.636919 
2952.079179  	97.316742 
2953.510837  	96.740456 
2954.942496  	95.966319 
2956.374154  	95.112228 
2957.805812  	94.114058 
2959.237470  	92.854324 
2960.669128  	91.454633 
2962.100787  	90.094476 
2963.532445  	88.871506 
2964.964103  	87.859858 
2966.395761  	87.094161 
2967.827419  	86.709903 
2969.259078  	86.766502 
2970.690736  	87.104640 
2972.122394  	87.669042 
2973.554052  	88.455559 
2974.985710  	89.340814 
2976.417368  	90.304487 
2977.849027  	91.387765 
2979.280685  	92.507357 
2980.712343  	93.581654 
2982.144001  	94.603603 
2983.575659  	95.601210 
2985.007318  	96.553445 
2986.438976  	97.395383 
2987.870634  	98.188912 
2989.302292  	98.949945 
2990.733950  	99.590743 
2992.165608  	100.177459 
2993.597267  	100.751191 
2995.028925  	101.287183 
2996.460583  	101.781861 
2997.892241  	102.139969 
2999.323899  	102.443654 
3000.755558  	102.797548 
3002.187216  	103.063233 
3003.618874  	103.296591 
3005.050532  	103.562166 
3006.482190  	103.746867 
3007.913849  	103.932425 
3009.345507  	104.097523 
3010.777165  	104.157927 
3012.208823  	104.284582 
3013.640481  	104.473345 
3015.072139  	104.575440 
3016.503798  	104.594889 
3017.935456  	104.576603 
3019.367114  	104.578527 
3020.798772  	104.573651 
3022.230430  	104.561887 
3023.662089  	104.608451 
3025.093747  	104.570715 
3026.525405  	104.391483 
3027.957063  	104.220432 
3029.388721  	104.053742 
3030.820380  	103.836733 
3032.252038  	103.549344 
3033.683696  	103.190290 
3035.115354  	102.840133 
3036.547012  	102.535527 
3037.978670  	102.287070 
3039.410329  	102.088138 
3040.841987  	101.929548 
3042.273645  	101.899671 
3043.705303  	102.001908 
3045.136961  	102.151192 
3046.568620  	102.325355 
3048.000278  	102.480246 
3049.431936  	102.601435 
3050.863594  	102.684168 
3052.295252  	102.660555 
3053.726910  	102.549016 
3055.158569  	102.407074 
3056.590227  	102.308443 
3058.021885  	102.296489 
3059.453543  	102.290081 
3060.885201  	102.323319 
3062.316860  	102.398524 
3063.748518  	102.429516 
3065.180176  	102.563705 
3066.611834  	102.774939 
3068.043492  	102.888489 
3069.475151  	103.038625 
3070.906809  	103.187458 
3072.338467  	103.234078 
3073.770125  	103.367377 
3075.201783  	103.555846 
3076.633441  	103.667208 
3078.065100  	103.737219 
3079.496758  	103.786231 
3080.928416  	103.880241 
3082.360074  	103.979158 
3083.791732  	104.043612 
3085.223391  	104.178651 
3086.655049  	104.272324 
3088.086707  	104.300688 
3089.518365  	104.438652 
3090.950023  	104.585847 
3092.381682  	104.661753 
3093.813340  	104.715151 
3095.244998  	104.730719 
3096.676656  	104.782626 
3098.108314  	104.826299 
3099.539972  	104.779717 
3100.971631  	104.770606 
3102.403289  	104.812817 
3103.834947  	104.806899 
3105.266605  	104.746759 
3106.698263  	104.704568 
3108.129922  	104.724941 
3109.561580  	104.709683 
3110.993238  	104.723453 
3112.424896  	104.859894 
3113.856554  	104.877416 
3115.288212  	104.771289 
3116.719871  	104.769687 
3118.151529  	104.824231 
3119.583187  	104.895335 
3121.014845  	104.947213 
3122.446503  	104.935824 
3123.878162  	104.993010 
3125.309820  	105.080735 
3126.741478  	105.132758 
3128.173136  	105.224913 
3129.604794  	105.290120 
3131.036453  	105.329015 
3132.468111  	105.382350 
3133.899769  	105.395672 
3135.331427  	105.416297 
3136.763085  	105.401736 
3138.194743  	105.354368 
3139.626402  	105.435530 
3141.058060  	105.526839 
3142.489718  	105.519204 
3143.921376  	105.561858 
3145.353034  	105.615316 
3146.784693  	105.558386 
3148.216351  	105.486293 
3149.648009  	105.532776 
3151.079667  	105.635603 
3152.511325  	105.679917 
3153.942983  	105.722303 
3155.374642  	105.740742 
3156.806300  	105.673157 
3158.237958  	105.670833 
3159.669616  	105.721280 
3161.101274  	105.696208 
3162.532933  	105.670130 
3163.964591  	105.655065 
3165.396249  	105.634292 
3166.827907  	105.667505 
3168.259565  	105.717145 
3169.691224  	105.717403 
3171.122882  	105.673793 
3172.554540  	105.688658 
3173.986198  	105.738665 
3175.417856  	105.661804 
3176.849514  	105.592726 
3178.281173  	105.607115 
3179.712831  	105.547369 
3181.144489  	105.561028 
3182.576147  	105.659127 
3184.007805  	105.634106 
3185.439464  	105.637086 
3186.871122  	105.696298 
3188.302780  	105.656019 
3189.734438  	105.615027 
3191.166096  	105.603917 
3192.597755  	105.574826 
3194.029413  	105.544110 
3195.461071  	105.537103 
3196.892729  	105.623716 
3198.324387  	105.710061 
3199.756045  	105.700079 
3201.187704  	105.673276 
3202.619362  	105.619068 
3204.051020  	105.616860 
3205.482678  	105.725933 
3206.914336  	105.739263 
3208.345995  	105.653283 
3209.777653  	105.646617 
3211.209311  	105.730605 
3212.640969  	105.804459 
3214.072627  	105.778660 
3215.504285  	105.737416 
3216.935944  	105.715125 
3218.367602  	105.621810 
3219.799260  	105.600612 
3221.230918  	105.667159 
3222.662576  	105.649637 
3224.094235  	105.658353 
3225.525893  	105.732656 
3226.957551  	105.741750 
3228.389209  	105.702968 
3229.820867  	105.686931 
3231.252526  	105.748178 
3232.684184  	105.812487 
3234.115842  	105.797566 
3235.547500  	105.780572 
3236.979158  	105.738337 
3238.410816  	105.722761 
3239.842475  	105.821796 
3241.274133  	105.850100 
3242.705791  	105.810951 
3244.137449  	105.821331 
3245.569107  	105.793923 
3247.000766  	105.785929 
3248.432424  	105.794602 
3249.864082  	105.746638 
3251.295740  	105.756515 
3252.727398  	105.763292 
3254.159057  	105.743107 
3255.590715  	105.827763 
3257.022373  	105.889913 
3258.454031  	105.884242 
3259.885689  	105.902585 
3261.317347  	105.881258 
3262.749006  	105.828484 
3264.180664  	105.780991 
3265.612322  	105.756268 
3267.043980  	105.781222 
3268.475638  	105.769058 
3269.907297  	105.727511 
3271.338955  	105.695470 
3272.770613  	105.651113 
3274.202271  	105.704830 
3275.633929  	105.804499 
3277.065587  	105.803712 
3278.497246  	105.804068 
3279.928904  	105.810005 
3281.360562  	105.741590 
3282.792220  	105.683031 
3284.223878  	105.697698 
3285.655537  	105.757915 
3287.087195  	105.776082 
3288.518853  	105.760636 
3289.950511  	105.823863 
3291.382169  	105.884188 
3292.813828  	105.848146 
3294.245486  	105.800106 
3295.677144  	105.797545 
3297.108802  	105.855079 
3298.540460  	105.901988 
3299.972118  	105.871393 
3301.403777  	105.858975 
3302.835435  	105.868240 
3304.267093  	105.829485 
3305.698751  	105.796093 
3307.130409  	105.796477 
3308.562068  	105.811958 
3309.993726  	105.829900 
3311.425384  	105.824655 
3312.857042  	105.795145 
3314.288700  	105.770018 
3315.720359  	105.779976 
3317.152017  	105.778941 
3318.583675  	105.756139 
3320.015333  	105.812209 
3321.446991  	105.903153 
3322.878649  	105.939430 
3324.310308  	105.954874 
3325.741966  	105.934621 
3327.173624  	105.892007 
3328.605282  	105.849338 
3330.036940  	105.802332 
3331.468599  	105.837748 
3332.900257  	105.871372 
3334.331915  	105.815394 
3335.763573  	105.828421 
3337.195231  	105.866855 
3338.626889  	105.833331 
3340.058548  	105.829125 
3341.490206  	105.843348 
3342.921864  	105.882281 
3344.353522  	105.935528 
3345.785180  	105.904095 
3347.216839  	105.886744 
3348.648497  	105.906285 
3350.080155  	105.875797 
3351.511813  	105.873603 
3352.943471  	105.881531 
3354.375130  	105.859315 
3355.806788  	105.861212 
3357.238446  	105.862748 
3358.670104  	105.897754 
3360.101762  	105.946229 
3361.533420  	105.907590 
3362.965079  	105.863343 
3364.396737  	105.886134 
3365.828395  	105.946524 
3367.260053  	105.994919 
3368.691711  	105.953083 
3370.123370  	105.859481 
3371.555028  	105.791957 
3372.986686  	105.786317 
3374.418344  	105.814206 
3375.850002  	105.774042 
3377.281660  	105.774133 
3378.713319  	105.876333 
3380.144977  	105.894291 
3381.576635  	105.881854 
3383.008293  	105.892412 
3384.439951  	105.850784 
3385.871610  	105.872199 
3387.303268  	105.869012 
3388.734926  	105.779800 
3390.166584  	105.806693 
3391.598242  	105.840672 
3393.029901  	105.851128 
3394.461559  	105.975421 
3395.893217  	105.969975 
3397.324875  	105.803453 
3398.756533  	105.726954 
3400.188191  	105.735806 
3401.619850  	105.788537 
3403.051508  	105.844313 
3404.483166  	105.852932 
3405.914824  	105.851767 
3407.346482  	105.817911 
3408.778141  	105.813902 
3410.209799  	105.877269 
3411.641457  	105.885424 
3413.073115  	105.847825 
3414.504773  	105.808273 
3415.936432  	105.805895 
3417.368090  	105.879151 
3418.799748  	105.865444 
3420.231406  	105.757888 
3421.663064  	105.740509 
3423.094722  	105.787235 
3424.526381  	105.850436 
3425.958039  	105.900159 
3427.389697  	105.869204 
3428.821355  	105.820940 
3430.253013  	105.788934 
3431.684672  	105.766478 
3433.116330  	105.792223 
3434.547988  	105.843708 
3435.979646  	105.871389 
3437.411304  	105.846996 
3438.842962  	105.850711 
3440.274621  	105.903258 
3441.706279  	105.835038 
3443.137937  	105.735679 
3444.569595  	105.774955 
3446.001253  	105.784914 
3447.432912  	105.754751 
3448.864570  	105.818070 
3450.296228  	105.889883 
3451.727886  	105.900474 
3453.159544  	105.847179 
3454.591203  	105.807772 
3456.022861  	105.810587 
3457.454519  	105.757503 
3458.886177  	105.737578 
3460.317835  	105.791473 
3461.749493  	105.775265 
3463.181152  	105.738928 
3464.612810  	105.742038 
3466.044468  	105.750807 
3467.476126  	105.751533 
3468.907784  	105.697081 
3470.339443  	105.694716 
3471.771101  	105.754705 
3473.202759  	105.708110 
3474.634417  	105.639727 
3476.066075  	105.612855 
3477.497734  	105.613007 
3478.929392  	105.718267 
3480.361050  	105.746613 
3481.792708  	105.631519 
3483.224366  	105.615415 
3484.656024  	105.648124 
3486.087683  	105.658528 
3487.519341  	105.703752 
3488.950999  	105.719665 
3490.382657  	105.751355 
3491.814315  	105.798800 
3493.245974  	105.747561 
3494.677632  	105.647076 
3496.109290  	105.566000 
3497.540948  	105.548128 
3498.972606  	105.610519 
3500.404264  	105.642538 
3501.835923  	105.579706 
3503.267581  	105.478901 
3504.699239  	105.459666 
3506.130897  	105.496348 
3507.562555  	105.434439 
3508.994214  	105.327704 
3510.425872  	105.312313 
3511.857530  	105.377302 
3513.289188  	105.485448 
3514.720846  	105.528099 
3516.152505  	105.434284 
3517.584163  	105.319423 
3519.015821  	105.300671 
3520.447479  	105.398433 
3521.879137  	105.422303 
3523.310795  	105.273385 
3524.742454  	105.189840 
3526.174112  	105.156838 
3527.605770  	105.061872 
3529.037428  	105.061129 
3530.469086  	105.060344 
3531.900745  	105.047418 
3533.332403  	105.179355 
3534.764061  	105.257865 
3536.195719  	105.245404 
3537.627377  	105.293014 
3539.059035  	105.297432 
3540.490694  	105.262817 
3541.922352  	105.263488 
3543.354010  	105.284051 
3544.785668  	105.314506 
3546.217326  	105.254494 
3547.648985  	105.185472 
3549.080643  	105.251460 
3550.512301  	105.287957 
3551.943959  	105.239680 
3553.375617  	105.213454 
3554.807276  	105.269680 
3556.238934  	105.356555 
3557.670592  	105.360567 
3559.102250  	105.360618 
3560.533908  	105.434626 
3561.965566  	105.413965 
3563.397225  	105.308198 
3564.828883  	105.204060 
3566.260541  	105.077270 
3567.692199  	105.065670 
3569.123857  	105.212366 
3570.555516  	105.369170 
3571.987174  	105.502441 
3573.418832  	105.519203 
3574.850490  	105.503420 
3576.282148  	105.550554 
3577.713807  	105.566083 
3579.145465  	105.577678 
3580.577123  	105.572481 
3582.008781  	105.514031 
3583.440439  	105.515143 
3584.872097  	105.549256 
3586.303756  	105.508743 
3587.735414  	105.367146 
3589.167072  	105.335241 
3590.598730  	105.539973 
3592.030388  	105.658540 
3593.462047  	105.604947 
3594.893705  	105.650584 
3596.325363  	105.764395 
3597.757021  	105.739938 
3599.188679  	105.696262 
3600.620337  	105.719962 
3602.051996  	105.807483 
3603.483654  	105.899833 
3604.915312  	105.932396 
3606.346970  	105.875673 
3607.778628  	105.700910 
3609.210287  	105.628059 
3610.641945  	105.774239 
3612.073603  	105.772774 
3613.505261  	105.608614 
3614.936919  	105.599346 
3616.368578  	105.718016 
3617.800236  	105.716013 
3619.231894  	105.514553 
3620.663552  	105.511205 
3622.095210  	105.747144 
3623.526868  	105.802907 
3624.958527  	105.830836 
3626.390185  	105.891701 
3627.821843  	105.542507 
3629.253501  	104.869802 
3630.685159  	105.260927 
3632.116818  	105.701441 
3633.548476  	105.678729 
3634.980134  	105.669164 
3636.411792  	105.824910 
3637.843450  	105.877275 
3639.275109  	105.913784 
3640.706767  	105.938928 
3642.138425  	105.749677 
3643.570083  	105.666146 
3645.001741  	105.765888 
3646.433399  	105.544903 
3647.865058  	105.191668 
3649.296716  	105.103576 
3650.728374  	104.808164 
3652.160032  	105.081886 
3653.591690  	105.592765 
3655.023349  	105.576702 
3656.455007  	105.386802 
3657.886665  	105.516231 
3659.318323  	105.613545 
3660.749981  	105.609089 
3662.181639  	105.586274 
3663.613298  	105.638380 
3665.044956  	105.685144 
3666.476614  	105.504390 
3667.908272  	105.314337 
3669.339930  	105.159989 
3670.771589  	104.937017 
3672.203247  	105.237994 
3673.634905  	105.340191 
3675.066563  	104.649899 
3676.498221  	104.453574 
3677.929880  	105.316435 
3679.361538  	105.525416 
3680.793196  	105.593339 
3682.224854  	105.700391 
3683.656512  	105.639220 
3685.088170  	105.636142 
3686.519829  	105.651759 
3687.951487  	105.349060 
3689.383145  	105.061520 
3690.814803  	105.315810 
3692.246461  	105.633833 
3693.678120  	105.865618 
3695.109778  	105.950364 
3696.541436  	105.916993 
3697.973094  	105.997098 
3699.404752  	106.099428 
3700.836411  	105.999244 
3702.268069  	105.869670 
3703.699727  	105.902792 
3705.131385  	105.950985 
3706.563043  	105.953727 
3707.994701  	105.908587 
3709.426360  	105.906124 
3710.858018  	105.854885 
3712.289676  	105.553721 
3713.721334  	105.550292 
3715.152992  	105.838102 
3716.584651  	105.920070 
3718.016309  	105.922091 
3719.447967  	105.976396 
3720.879625  	105.895356 
3722.311283  	105.758544 
3723.742941  	105.839098 
3725.174600  	105.993933 
3726.606258  	105.906554 
3728.037916  	105.833721 
3729.469574  	106.032711 
3730.901232  	106.001671 
3732.332891  	105.693534 
3733.764549  	105.771749 
3735.196207  	105.734017 
3736.627865  	105.451125 
3738.059523  	105.790407 
3739.491182  	105.918863 
3740.922840  	105.871218 
3742.354498  	106.008679 
3743.786156  	105.717584 
3745.217814  	105.127917 
3746.649472  	105.716092 
3748.081131  	105.849622 
3749.512789  	105.500756 
3750.944447  	105.383289 
3752.376105  	105.536607 
3753.807763  	105.894734 
3755.239422  	106.094433 
3756.671080  	105.979100 
3758.102738  	105.911505 
3759.534396  	105.941510 
3760.966054  	105.950211 
3762.397712  	106.096734 
3763.829371  	106.095208 
3765.261029  	105.908153 
3766.692687  	105.967806 
3768.124345  	106.065738 
3769.556003  	105.856907 
3770.987662  	105.728646 
3772.419320  	105.978139 
3773.850978  	106.181584 
3775.282636  	106.195116 
3776.714294  	106.158749 
3778.145953  	106.053580 
3779.577611  	105.832579 
3781.009269  	105.916889 
3782.440927  	106.157676 
3783.872585  	106.104702 
3785.304243  	106.022741 
3786.735902  	106.149489 
3788.167560  	106.217385 
3789.599218  	106.246123 
3791.030876  	106.232825 
3792.462534  	106.139666 
3793.894193  	106.161373 
3795.325851  	106.122513 
3796.757509  	105.880186 
3798.189167  	105.930735 
3799.620825  	105.998244 
3801.052484  	105.512448 
3802.484142  	105.168198 
3803.915800  	105.765113 
3805.347458  	105.994020 
3806.779116  	105.751145 
3808.210774  	105.763953 
3809.642433  	106.074382 
3811.074091  	106.091850 
3812.505749  	106.036800 
3813.937407  	106.048917 
3815.369065  	105.718149 
3816.800724  	105.356402 
3818.232382  	105.786955 
3819.664040  	105.880271 
3821.095698  	105.317803 
3822.527356  	105.372219 
3823.959014  	105.965458 
3825.390673  	106.034087 
3826.822331  	105.831121 
3828.253989  	105.850147 
3829.685647  	105.969927 
3831.117305  	105.935662 
3832.548964  	105.851731 
3833.980622  	105.806901 
3835.412280  	105.713585 
3836.843938  	105.587157 
3838.275596  	105.433496 
3839.707255  	105.450685 
3841.138913  	105.754397 
3842.570571  	105.883711 
3844.002229  	105.754503 
3845.433887  	105.828713 
3846.865545  	105.992424 
3848.297204  	105.906881 
3849.728862  	105.836581 
3851.160520  	105.850209 
3852.592178  	105.338909 
3854.023836  	104.529532 
3855.455495  	105.209860 
3856.887153  	105.659335 
3858.318811  	105.795001 
3859.750469  	105.932611 
3861.182127  	105.899437 
3862.613786  	105.852479 
3864.045444  	105.827701 
3865.477102  	105.543223 
3866.908760  	105.541607 
3868.340418  	105.596068 
3869.772076  	105.157930 
3871.203735  	105.296779 
3872.635393  	105.860495 
3874.067051  	105.775795 
3875.498709  	105.624101 
3876.930367  	105.852323 
3878.362026  	105.907487 
3879.793684  	105.643865 
3881.225342  	105.345860 
3882.657000  	105.553025 
3884.088658  	105.723887 
3885.520316  	105.359394 
3886.951975  	105.344051 
3888.383633  	105.910841 
3889.815291  	105.984362 
3891.246949  	105.692925 
3892.678607  	105.671125 
3894.110266  	105.849368 
3895.541924  	105.926111 
3896.973582  	105.823027 
3898.405240  	105.623801 
3899.836898  	105.569229 
3901.268557  	105.596773 
3902.700215  	105.457894 
3904.131873  	105.258595 
3905.563531  	105.334977 
3906.995189  	105.652387 
3908.426847  	105.865641 
3909.858506  	105.875267 
3911.290164  	105.779478 
3912.721822  	105.780140 
3914.153480  	105.908910 
3915.585138  	105.868349 
3917.016797  	105.631408 
3918.448455  	105.557790 
3919.880113  	105.583621 
3921.311771  	105.654266 
3922.743429  	105.814237 
3924.175088  	105.786464 
3925.606746  	105.660592 
3927.038404  	105.751827 
3928.470062  	105.820664 
3929.901720  	105.769380 
3931.333378  	105.725530 
3932.765037  	105.687709 
3934.196695  	105.706810 
3935.628353  	105.773620 
3937.060011  	105.780919 
3938.491669  	105.778497 
3939.923328  	105.827579 
3941.354986  	105.811010 
3942.786644  	105.694170 
3944.218302  	105.702972 
3945.649960  	105.819974 
3947.081618  	105.839843 
3948.513277  	105.830283 
3949.944935  	105.817083 
3951.376593  	105.759201 
3952.808251  	105.776293 
3954.239909  	105.801343 
3955.671568  	105.756196 
3957.103226  	105.749205 
3958.534884  	105.760533 
3959.966542  	105.749531 
3961.398200  	105.709243 
3962.829859  	105.683289 
3964.261517  	105.798362 
3965.693175  	105.845223 
3967.124833  	105.698032 
3968.556491  	105.647906 
3969.988149  	105.714097 
3971.419808  	105.766014 
3972.851466  	105.825868 
3974.283124  	105.794022 
3975.714782  	105.738083 
3977.146440  	105.788303 
3978.578099  	105.836925 
3980.009757  	105.859515 
3981.441415  	105.861097 
3982.873073  	105.838019 
3984.304731  	105.816216 
3985.736389  	105.753543 
3987.168048  	105.757815 
3988.599706  	105.816467 
3990.031364  	105.741222 
3991.463022  	105.690528 
3992.894680  	105.750065 
3994.326339  	105.767001 
3995.757997  	105.802708 
3997.189655  	105.820826 
3998.621313  	105.739035 
4000.052971  	105.692166 
4001.484630  	105.720587 
4002.916288  	105.741133 
4004.347946  	105.698006 
4005.779604  	105.683448 
4007.211262  	105.754241 
4008.642920  	105.722300 
4010.074579  	105.671385 
4011.506237  	105.746887 
4012.937895  	105.714214 
4014.369553  	105.644873 
4015.801211  	105.693640 
4017.232870  	105.696328 
4018.664528  	105.721648 
4020.096186  	105.753825 
4021.527844  	105.684009 
4022.959502  	105.714325 
4024.391161  	105.749330 
4025.822819  	105.666345 
4027.254477  	105.714363 
4028.686135  	105.795470 
4030.117793  	105.730649 
4031.549451  	105.677409 
4032.981110  	105.680466 
4034.412768  	105.694926 
4035.844426  	105.726988 
4037.276084  	105.735159 
4038.707742  	105.675454 
4040.139401  	105.602325 
4041.571059  	105.654290 
4043.002717  	105.738893 
4044.434375  	105.657739 
4045.866033  	105.541608 
4047.297691  	105.543834 
4048.729350  	105.582527 
4050.161008  	105.571119 
4051.592666  	105.523084 
4053.024324  	105.528218 
4054.455982  	105.527100 
4055.887641  	105.445569 
4057.319299  	105.417902 
4058.750957  	105.430860 
4060.182615  	105.425100 
4061.614273  	105.460373 
4063.045932  	105.450479 
4064.477590  	105.388175 
4065.909248  	105.311740 
4067.340906  	105.191963 
4068.772564  	105.182737 
4070.204222  	105.238026 
4071.635881  	105.219760 
4073.067539  	105.287714 
4074.499197  	105.320701 
4075.930855  	105.172705 
4077.362513  	105.136497 
4078.794172  	105.252185 
4080.225830  	105.306408 
4081.657488  	105.268786 
4083.089146  	105.219723 
4084.520804  	105.233116 
4085.952463  	105.213496 
4087.384121  	105.168417 
4088.815779  	105.278357 
4090.247437  	105.387567 
4091.679095  	105.348738 
4093.110753  	105.309457 
4094.542412  	105.330467 
4095.974070  	105.444295 
4097.405728  	105.550313 
4098.837386  	105.465558 
4100.269044  	105.377222 
4101.700703  	105.457798 
4103.132361  	105.580399 
4104.564019  	105.648739 
4105.995677  	105.635641 
4107.427335  	105.605550 
4108.858993  	105.616541 
4110.290652  	105.632561 
4111.722310  	105.710334 
4113.153968  	105.775993 
4114.585626  	105.699638 
4116.017284  	105.673372 
4117.448943  	105.762522 
4118.880601  	105.773962 
4120.312259  	105.735519 
4121.743917  	105.730723 
4123.175575  	105.731727 
4124.607234  	105.768760 
4126.038892  	105.795593 
4127.470550  	105.721537 
4128.902208  	105.639359 
4130.333866  	105.665919 
4131.765524  	105.759550 
4133.197183  	105.795174 
4134.628841  	105.713835 
4136.060499  	105.660520 
4137.492157  	105.724251 
4138.923815  	105.717761 
4140.355474  	105.642303 
4141.787132  	105.672149 
4143.218790  	105.678318 
4144.650448  	105.620192 
4146.082106  	105.640387 
4147.513764  	105.651366 
4148.945423  	105.650218 
4150.377081  	105.682921 
4151.808739  	105.620667 
4153.240397  	105.558933 
4154.672055  	105.583471 
4156.103714  	105.569245 
4157.535372  	105.560883 
4158.967030  	105.594287 
4160.398688  	105.634528 
4161.830346  	105.676887 
4163.262005  	105.632102 
4164.693663  	105.579768 
4166.125321  	105.588692 
4167.556979  	105.539716 
4168.988637  	105.541438 
4170.420295  	105.599110 
4171.851954  	105.523838 
4173.283612  	105.475314 
4174.715270  	105.556688 
4176.146928  	105.580411 
4177.578586  	105.516914 
4179.010245  	105.487972 
4180.441903  	105.556249 
4181.873561  	105.589244 
4183.305219  	105.518068 
4184.736877  	105.545756 
4186.168536  	105.628074 
4187.600194  	105.587457 
4189.031852  	105.555235 
4190.463510  	105.600655 
4191.895168  	105.677683 
4193.326826  	105.753708 
4194.758485  	105.728927 
4196.190143  	105.666188 
4197.621801  	105.627089 
4199.053459  	105.528390 
4200.485117  	105.452630 
4201.916776  	105.473217 
4203.348434  	105.526268 
4204.780092  	105.557686 
4206.211750  	105.523753 
4207.643408  	105.551648 
4209.075066  	105.703161 
4210.506725  	105.730078 
4211.938383  	105.616249 
4213.370041  	105.593510 
4214.801699  	105.622114 
4216.233357  	105.607606 
4217.665016  	105.645365 
4219.096674  	105.719855 
4220.528332  	105.675048 
4221.959990  	105.529499 
4223.391648  	105.433143 
4224.823307  	105.436276 
4226.254965  	105.512838 
4227.686623  	105.589019 
4229.118281  	105.620205 
4230.549939  	105.664285 
4231.981597  	105.699469 
4233.413256  	105.667395 
4234.844914  	105.580471 
4236.276572  	105.483079 
4237.708230  	105.526204 
4239.139888  	105.662607 
4240.571547  	105.640656 
4242.003205  	105.579206 
4243.434863  	105.608341 
4244.866521  	105.572353 
4246.298179  	105.541727 
4247.729838  	105.580955 
4249.161496  	105.605258 
4250.593154  	105.700425 
4252.024812  	105.812176 
4253.456470  	105.791070 
4254.888128  	105.710471 
4256.319787  	105.642591 
4257.751445  	105.639086 
4259.183103  	105.698418 
4260.614761  	105.697472 
4262.046419  	105.680163 
4263.478078  	105.750924 
4264.909736  	105.814408 
4266.341394  	105.764304 
4267.773052  	105.651556 
4269.204710  	105.599817 
4270.636368  	105.646346 
4272.068027  	105.740888 
4273.499685  	105.797294 
4274.931343  	105.741188 
4276.363001  	105.645828 
4277.794659  	105.578558 
4279.226318  	105.525538 
4280.657976  	105.565925 
4282.089634  	105.645198 
4283.521292  	105.639750 
4284.952950  	105.618722 
4286.384609  	105.564953 
4287.816267  	105.480770 
4289.247925  	105.505545 
4290.679583  	105.604352 
4292.111241  	105.727575 
4293.542899  	105.804964 
4294.974558  	105.715905 
4296.406216  	105.614511 
4297.837874  	105.588057 
4299.269532  	105.547174 
4300.701190  	105.552450 
4302.132849  	105.564951 
4303.564507  	105.547930 
4304.996165  	105.583699 
4306.427823  	105.586143 
4307.859481  	105.534340 
4309.291140  	105.466242 
4310.722798  	105.412005 
4312.154456  	105.562996 
4313.586114  	105.756856 
4315.017772  	105.685348 
4316.449430  	105.590123 
4317.881089  	105.622120 
4319.312747  	105.598202 
4320.744405  	105.539132 
4322.176063  	105.511333 
4323.607721  	105.513884 
4325.039380  	105.527102 
4326.471038  	105.451083 
4327.902696  	105.343091 
4329.334354  	105.376131 
4330.766012  	105.501257 
4332.197670  	105.535314 
4333.629329  	105.511130 
4335.060987  	105.558475 
4336.492645  	105.562502 
4337.924303  	105.491930 
4339.355961  	105.517798 
4340.787620  	105.554946 
4342.219278  	105.558045 
4343.650936  	105.624207 
4345.082594  	105.567915 
4346.514252  	105.425605 
4347.945911  	105.504248 
4349.377569  	105.640246 
4350.809227  	105.584671 
4352.240885  	105.508229 
4353.672543  	105.577998 
4355.104201  	105.677629 
4356.535860  	105.645588 
4357.967518  	105.553206 
4359.399176  	105.512733 
4360.830834  	105.484701 
4362.262492  	105.494093 
4363.694151  	105.541974 
4365.125809  	105.566687 
4366.557467  	105.643960 
4367.989125  	105.731854 
4369.420783  	105.661147 
4370.852441  	105.494366 
4372.284100  	105.417137 
4373.715758  	105.509318 
4375.147416  	105.678491 
4376.579074  	105.737707 
4378.010732  	105.664583 
4379.442391  	105.618380 
4380.874049  	105.676290 
4382.305707  	105.710496 
4383.737365  	105.647428 
4385.169023  	105.633277 
4386.600682  	105.676078 
4388.032340  	105.653631 
4389.463998  	105.629279 
4390.895656  	105.640559 
4392.327314  	105.660686 
4393.758972  	105.674854 
4395.190631  	105.584282 
4396.622289  	105.511057 
4398.053947  	105.607250 
4399.485605  	105.637518 
4400.917263  	105.558873 
4402.348922  	105.580687 
4403.780580  	105.601835 
4405.212238  	105.588672 
4406.643896  	105.698805 
4408.075554  	105.756885 
4409.507213  	105.588569 
4410.938871  	105.467701 
4412.370529  	105.554699 
4413.802187  	105.597778 
4415.233845  	105.556867 
4416.665503  	105.649865 
4418.097162  	105.742756 
4419.528820  	105.647653 
4420.960478  	105.583446 
4422.392136  	105.659057 
4423.823794  	105.688336 
4425.255453  	105.665848 
4426.687111  	105.691061 
4428.118769  	105.661094 
4429.550427  	105.555704 
4430.982085  	105.571900 
4432.413743  	105.654336 
4433.845402  	105.563556 
4435.277060  	105.435898 
4436.708718  	105.500317 
4438.140376  	105.635372 
4439.572034  	105.697139 
4441.003693  	105.736509 
4442.435351  	105.786243 
4443.867009  	105.773091 
4445.298667  	105.703548 
4446.730325  	105.722253 
4448.161984  	105.807068 
4449.593642  	105.830955 
4451.025300  	105.836226 
4452.456958  	105.794655 
4453.888616  	105.710706 
4455.320274  	105.792779 
4456.751933  	105.912704 
4458.183591  	105.843364 
4459.615249  	105.806187 
4461.046907  	105.835631 
4462.478565  	105.748458 
4463.910224  	105.739790 
4465.341882  	105.840445 
4466.773540  	105.794726 
4468.205198  	105.756592 
4469.636856  	105.863029 
4471.068515  	105.841214 
4472.500173  	105.679289 
4473.931831  	105.633427 
4475.363489  	105.714162 
4476.795147  	105.798475 
4478.226805  	105.836197 
4479.658464  	105.866198 
4481.090122  	105.919230 
4482.521780  	105.905315 
4483.953438  	105.811343 
4485.385096  	105.764945 
4486.816755  	105.809208 
4488.248413  	105.858830 
4489.680071  	105.811914 
4491.111729  	105.784586 
4492.543387  	105.928207 
4493.975045  	106.003503 
4495.406704  	105.895445 
4496.838362  	105.852179 
4498.270020  	105.851331 
4499.701678  	105.819848 
4501.133336  	105.844467 
4502.564995  	105.804680 
4503.996653  	105.724753 
4505.428311  	105.772718 
4506.859969  	105.843630 
4508.291627  	105.864402 
4509.723286  	105.863988 
4511.154944  	105.855547 
4512.586602  	105.870417 
4514.018260  	105.826316 
4515.449918  	105.811903 
4516.881576  	105.944984 
4518.313235  	105.931858 
4519.744893  	105.750295 
4521.176551  	105.739451 
4522.608209  	105.843457 
4524.039867  	105.915165 
4525.471526  	105.950580 
4526.903184  	105.869186 
4528.334842  	105.771810 
4529.766500  	105.829732 
4531.198158  	105.933094 
4532.629817  	105.889458 
4534.061475  	105.772548 
4535.493133  	105.832215 
4536.924791  	105.975392 
4538.356449  	105.899514 
4539.788107  	105.753128 
4541.219766  	105.811235 
4542.651424  	105.917759 
4544.083082  	105.850382 
4545.514740  	105.727592 
4546.946398  	105.802413 
4548.378057  	106.023375 
4549.809715  	106.075071 
4551.241373  	105.911088 
4552.673031  	105.788525 
4554.104689  	105.803125 
4555.536347  	105.831595 
4556.968006  	105.834118 
4558.399664  	105.854298 
4559.831322  	105.837663 
4561.262980  	105.756175 
4562.694638  	105.680447 
4564.126297  	105.674569 
4565.557955  	105.789384 
4566.989613  	105.909309 
4568.421271  	105.845275 
4569.852929  	105.692263 
4571.284588  	105.639142 
4572.716246  	105.730382 
4574.147904  	105.836714 
4575.579562  	105.745912 
4577.011220  	105.616696 
4578.442878  	105.667512 
4579.874537  	105.682738 
4581.306195  	105.652025 
4582.737853  	105.773036 
4584.169511  	105.897023 
4585.601169  	105.864100 
4587.032828  	105.715734 
4588.464486  	105.670781 
4589.896144  	105.852075 
4591.327802  	105.888384 
4592.759460  	105.725841 
4594.191118  	105.764412 
4595.622777  	105.835875 
4597.054435  	105.756021 
4598.486093  	105.787006 
4599.917751  	105.848132 
4601.349409  	105.778557 
4602.781068  	105.702546 
4604.212726  	105.652578 
4605.644384  	105.651877 
4607.076042  	105.741020 
4608.507700  	105.814208 
4609.939359  	105.805981 
4611.371017  	105.777937 
4612.802675  	105.754346 
4614.234333  	105.704231 
4615.665991  	105.695834 
4617.097649  	105.750590 
4618.529308  	105.751454 
4619.960966  	105.761627 
4621.392624  	105.795202 
4622.824282  	105.657218 
4624.255940  	105.491911 
4625.687599  	105.510880 
4627.119257  	105.591083 
4628.550915  	105.663878 
4629.982573  	105.666495 
4631.414231  	105.538073 
4632.845890  	105.460211 
4634.277548  	105.492964 
4635.709206  	105.522238 
4637.140864  	105.548751 
4638.572522  	105.596548 
4640.004180  	105.633020 
4641.435839  	105.605207 
4642.867497  	105.581736 
4644.299155  	105.666086 
4645.730813  	105.726960 
4647.162471  	105.700000 
4648.594130  	105.691740 
4650.025788  	105.669554 
4651.457446  	105.653227 
4652.889104  	105.719416 
4654.320762  	105.784152 
4655.752420  	105.806055 
4657.184079  	105.798317 
4658.615737  	105.744149 
4660.047395  	105.680201 
4661.479053  	105.656430 
4662.910711  	105.691893 
4664.342370  	105.697428 
4665.774028  	105.591235 
4667.205686  	105.512343 
4668.637344  	105.581975 
4670.069002  	105.728537 
4671.500661  	105.826794 
4672.932319  	105.822693 
4674.363977  	105.790694 
4675.795635  	105.750529 
4677.227293  	105.671771 
4678.658951  	105.637038 
4680.090610  	105.627334 
4681.522268  	105.590403 
4682.953926  	105.609163 
4684.385584  	105.673657 
4685.817242  	105.744653 
4687.248901  	105.787848 
4688.680559  	105.717675 
4690.112217  	105.611223 
4691.543875  	105.586515 
4692.975533  	105.694599 
4694.407192  	105.858905 
4695.838850  	105.775446 
4697.270508  	105.562143 
4698.702166  	105.638427 
4700.133824  	105.778117 
4701.565482  	105.722707 
4702.997141  	105.715657 
4704.428799  	105.779587 
4705.860457  	105.757141 
4707.292115  	105.639843 
4708.723773  	105.538257 
4710.155432  	105.659492 
4711.587090  	105.853095 
4713.018748  	105.774187 
4714.450406  	105.625343 
4715.882064  	105.695566 
4717.313722  	105.800855 
4718.745381  	105.821762 
4720.177039  	105.888921 
4721.608697  	105.923880 
4723.040355  	105.808403 
4724.472013  	105.733060 
4725.903672  	105.766649 
4727.335330  	105.787455 
4728.766988  	105.820435 
4730.198646  	105.740640 
4731.630304  	105.566577 
4733.061963  	105.732109 
4734.493621  	106.066680 
4735.925279  	106.082018 
4737.356937  	105.978821 
4738.788595  	105.900361 
4740.220253  	105.775121 
4741.651912  	105.808888 
4743.083570  	105.903923 
4744.515228  	105.896057 
4745.946886  	105.958411 
4747.378544  	105.971047 
4748.810203  	105.836479 
4750.241861  	105.833024 
4751.673519  	105.930738 
4753.105177  	105.899936 
4754.536835  	105.828645 
4755.968493  	105.870302 
4757.400152  	105.901796 
4758.831810  	105.717944 
4760.263468  	105.534050 
4761.695126  	105.709756 
4763.126784  	106.026162 
4764.558443  	106.063650 
4765.990101  	105.875502 
4767.421759  	105.738634 
4768.853417  	105.710759 
4770.285075  	105.632821 
4771.716734  	105.539882 
4773.148392  	105.673146 
4774.580050  	105.902519 
4776.011708  	105.934542 
4777.443366  	105.858946 
4778.875024  	105.799206 
4780.306683  	105.750632 
4781.738341  	105.766073 
4783.169999  	105.779935 
4784.601657  	105.747232 
4786.033315  	105.785698 
4787.464974  	105.870040 
4788.896632  	105.880931 
4790.328290  	105.809094 
4791.759948  	105.753785 
4793.191606  	105.860755 
4794.623265  	106.023739 
4796.054923  	105.971235 
4797.486581  	105.785491 
4798.918239  	105.728490 
4800.349897  	105.786983 
4801.781555  	105.797173 
4803.213214  	105.747877 
4804.644872  	105.770589 
4806.076530  	105.858143 
4807.508188  	105.873874 
4808.939846  	105.851401 
4810.371505  	105.873888 
4811.803163  	105.897063 
4813.234821  	105.899207 
4814.666479  	105.885624 
4816.098137  	105.867899 
4817.529795  	105.883807 
4818.961454  	105.890298 
4820.393112  	105.803494 
4821.824770  	105.716158 
4823.256428  	105.847521 
4824.688086  	106.092350 
4826.119745  	106.089809 
4827.551403  	105.933279 
4828.983061  	105.884932 
4830.414719  	105.824153 
4831.846377  	105.795087 
4833.278036  	105.885963 
4834.709694  	105.834123 
4836.141352  	105.741667 
4837.573010  	105.838505 
4839.004668  	105.876589 
4840.436326  	105.823546 
4841.867985  	105.814878 
4843.299643  	105.733054 
4844.731301  	105.739214 
4846.162959  	105.932553 
4847.594617  	105.916594 
4849.026276  	105.696273 
4850.457934  	105.747214 
4851.889592  	105.982679 
4853.321250  	105.919410 
4854.752908  	105.683616 
4856.184567  	105.685421 
4857.616225  	105.727941 
4859.047883  	105.609414 
4860.479541  	105.630623 
4861.911199  	105.763859 
4863.342857  	105.760506 
4864.774516  	105.802617 
4866.206174  	105.947616 
4867.637832  	105.969599 
4869.069490  	105.864094 
4870.501148  	105.775843 
4871.932807  	105.861490 
4873.364465  	106.064599 
4874.796123  	106.020516 
4876.227781  	105.770186 
4877.659439  	105.734992 
4879.091097  	105.864693 
4880.522756  	105.862504 
4881.954414  	105.762534 
4883.386072  	105.740852 
4884.817730  	105.842912 
4886.249388  	105.916830 
4887.681047  	105.858998 
4889.112705  	105.817723 
4890.544363  	105.814293 
4891.976021  	105.719500 
4893.407679  	105.626197 
4894.839338  	105.633754 
4896.270996  	105.691144 
4897.702654  	105.752718 
4899.134312  	105.761323 
4900.565970  	105.804223 
4901.997628  	105.974403 
4903.429287  	106.055176 
4904.860945  	105.974630 
4906.292603  	105.938271 
4907.724261  	105.923101 
4909.155919  	105.840327 
4910.587578  	105.792729 
4912.019236  	105.819049 
4913.450894  	105.836403 
4914.882552  	105.787868 
4916.314210  	105.757192 
4917.745869  	105.829226 
4919.177527  	105.838568 
4920.609185  	105.728278 
4922.040843  	105.749388 
4923.472501  	105.891731 
4924.904159  	105.912902 
4926.335818  	105.899995 
4927.767476  	105.982156 
4929.199134  	106.001191 
4930.630792  	105.945087 
4932.062450  	105.906722 
4933.494109  	105.788553 
4934.925767  	105.703670 
4936.357425  	105.808572 
4937.789083  	105.862458 
4939.220741  	105.855350 
4940.652399  	105.963157 
4942.084058  	105.938510 
4943.515716  	105.813703 
4944.947374  	105.927657 
4946.379032  	106.072901 
4947.810690  	105.981169 
4949.242349  	105.764572 
4950.674007  	105.632284 
4952.105665  	105.789454 
4953.537323  	105.988305 
4954.968981  	105.840200 
4956.400640  	105.685600 
4957.832298  	105.790020 
4959.263956  	105.824124 
4960.695614  	105.792585 
4962.127272  	105.876830 
4963.558930  	105.894270 
4964.990589  	105.835343 
4966.422247  	105.842001 
4967.853905  	105.778989 
4969.285563  	105.678280 
4970.717221  	105.771075 
4972.148880  	105.851605 
4973.580538  	105.680168 
4975.012196  	105.560060 
4976.443854  	105.673019 
4977.875512  	105.822569 
4979.307170  	105.959166 
4980.738829  	106.069114 
4982.170487  	106.059525 
4983.602145  	105.992256 
4985.033803  	105.908783 
4986.465461  	105.818727 
4987.897120  	105.825065 
4989.328778  	105.873466 
4990.760436  	105.856403 
4992.192094  	105.866377 
4993.623752  	105.904370 
4995.055411  	105.826532 
4996.487069  	105.737738 
4997.918727  	105.817616 
4999.350385  	105.896467 
5000.782043  	105.809966 
5002.213701  	105.753068 
5003.645360  	105.849958 
5005.077018  	105.988227 
5006.508676  	106.079479 
5007.940334  	106.023441 
5009.371992  	105.855667 
5010.803651  	105.842187 
5012.235309  	105.965846 
5013.666967  	105.956952 
5015.098625  	105.885291 
5016.530283  	105.888270 
5017.961942  	105.841338 
5019.393600  	105.810576 
5020.825258  	105.896247 
5022.256916  	105.883007 
5023.688574  	105.826537 
5025.120232  	105.964132 
5026.551891  	106.094656 
5027.983549  	106.078803 
5029.415207  	106.047887 
5030.846865  	105.967393 
5032.278523  	105.908161 
5033.710182  	105.956549 
5035.141840  	105.889680 
5036.573498  	105.723011 
5038.005156  	105.703332 
5039.436814  	105.798353 
5040.868472  	105.898104 
5042.300131  	105.940551 
5043.731789  	105.890157 
5045.163447  	105.877125 
5046.595105  	105.956067 
5048.026763  	105.967260 
5049.458422  	105.864428 
5050.890080  	105.740434 
5052.321738  	105.626329 
5053.753396  	105.627629 
5055.185054  	105.827037 
5056.616713  	105.951652 
5058.048371  	105.839632 
5059.480029  	105.754203 
5060.911687  	105.749009 
5062.343345  	105.766235 
5063.775003  	105.900710 
5065.206662  	105.932581 
5066.638320  	105.768497 
5068.069978  	105.737475 
5069.501636  	105.790373 
5070.933294  	105.751014 
5072.364953  	105.740267 
5073.796611  	105.737379 
5075.228269  	105.766291 
5076.659927  	105.944222 
5078.091585  	106.083394 
5079.523244  	106.047404 
5080.954902  	105.956670 
5082.386560  	105.914458 
5083.818218  	105.935240 
5085.249876  	105.910635 
5086.681534  	105.811185 
5088.113193  	105.774612 
5089.544851  	105.761868 
5090.976509  	105.723835 
5092.408167  	105.802062 
5093.839825  	105.892394 
5095.271484  	105.780150 
5096.703142  	105.662400 
5098.134800  	105.732189 
5099.566458  	105.846906 
5100.998116  	105.892514 
5102.429774  	105.827442 
5103.861433  	105.768853 
5105.293091  	105.970010 
5106.724749  	106.129068 
5108.156407  	105.833187 
5109.588065  	105.533605 
5111.019724  	105.615932 
5112.451382  	105.698972 
5113.883040  	105.631337 
5115.314698  	105.746011 
5116.746356  	105.976981 
5118.178015  	105.852076 
5119.609673  	105.572155 
5121.041331  	105.782935 
5122.472989  	106.100663 
5123.904647  	105.896812 
5125.336305  	105.644695 
5126.767964  	105.659856 
5128.199622  	105.587166 
5129.631280  	105.493105 
5131.062938  	105.627539 
5132.494596  	105.861476 
5133.926255  	105.948901 
5135.357913  	105.883297 
5136.789571  	105.883198 
5138.221229  	105.930667 
5139.652887  	105.909685 
5141.084546  	105.889830 
5142.516204  	105.861952 
5143.947862  	105.907191 
5145.379520  	106.010318 
5146.811178  	105.842327 
5148.242836  	105.586809 
5149.674495  	105.659324 
5151.106153  	105.830299 
5152.537811  	105.816484 
5153.969469  	105.729354 
5155.401127  	105.736650 
5156.832786  	105.736452 
5158.264444  	105.538751 
5159.696102  	105.444792 
5161.127760  	105.652979 
5162.559418  	105.798902 
5163.991076  	105.774601 
5165.422735  	105.701555 
5166.854393  	105.676333 
5168.286051  	105.807827 
5169.717709  	105.869112 
5171.149367  	105.858380 
5172.581026  	106.026255 
5174.012684  	106.030181 
5175.444342  	105.772895 
5176.876000  	105.652738 
5178.307658  	105.656995 
5179.739317  	105.720597 
5181.170975  	105.859670 
5182.602633  	105.896499 
5184.034291  	105.875456 
5185.465949  	105.861787 
5186.897607  	105.782290 
5188.329266  	105.731709 
5189.760924  	105.723575 
5191.192582  	105.694226 
5192.624240  	105.822270 
5194.055898  	106.160820 
5195.487557  	106.230929 
5196.919215  	105.909115 
5198.350873  	105.845771 
5199.782531  	106.021796 
5201.214189  	105.936838 
5202.645847  	105.882455 
5204.077506  	105.933650 
5205.509164  	105.821638 
5206.940822  	105.777471 
5208.372480  	105.820633 
5209.804138  	105.907413 
5211.235797  	106.127669 
5212.667455  	106.087301 
5214.099113  	105.886161 
5215.530771  	105.842775 
5216.962429  	105.684916 
5218.394088  	105.582376 
5219.825746  	105.675579 
5221.257404  	105.629908 
5222.689062  	105.712684 
5224.120720  	105.905132 
5225.552378  	105.796752 
5226.984037  	105.712539 
5228.415695  	105.771172 
5229.847353  	105.728873 
5231.279011  	105.738382 
5232.710669  	105.709684 
5234.142328  	105.584449 
5235.573986  	105.748132 
5237.005644  	106.124556 
5238.437302  	106.194396 
5239.868960  	105.991608 
5241.300619  	105.947755 
5242.732277  	105.919579 
5244.163935  	105.713592 
5245.595593  	105.795069 
5247.027251  	106.023345 
5248.458909  	105.838356 
5249.890568  	105.662892 
5251.322226  	105.846346 
5252.753884  	105.940334 
5254.185542  	105.833722 
5255.617200  	105.748035 
5257.048859  	105.752021 
5258.480517  	105.732212 
5259.912175  	105.715476 
5261.343833  	105.795839 
5262.775491  	105.802711 
5264.207149  	105.755218 
5265.638808  	105.887307 
5267.070466  	106.025235 
5268.502124  	106.027203 
5269.933782  	105.879553 
5271.365440  	105.791428 
5272.797099  	106.071099 
5274.228757  	106.145308 
5275.660415  	105.690864 
5277.092073  	105.633141 
5278.523731  	105.928956 
5279.955390  	105.810729 
5281.387048  	105.760494 
5282.818706  	106.030311 
5284.250364  	106.097370 
5285.682022  	106.015714 
5287.113680  	105.860844 
5288.545339  	105.598684 
5289.976997  	105.554008 
5291.408655  	105.730539 
5292.840313  	105.752221 
5294.271971  	105.661737 
5295.703630  	105.689709 
5297.135288  	105.883790 
5298.566946  	106.061180 
5299.998604  	105.997804 
5301.430262  	105.835053 
5302.861921  	105.911124 
5304.293579  	106.096516 
5305.725237  	106.011848 
5307.156895  	105.721349 
5308.588553  	105.620640 
5310.020211  	105.783474 
5311.451870  	105.837800 
5312.883528  	105.677636 
5314.315186  	105.648694 
5315.746844  	105.793549 
5317.178502  	105.749882 
5318.610161  	105.637270 
5320.041819  	105.750901 
5321.473477  	105.814921 
5322.905135  	105.703595 
5324.336793  	105.756099 
5325.768451  	105.870857 
5327.200110  	105.710569 
5328.631768  	105.585674 
5330.063426  	105.733336 
5331.495084  	105.825608 
5332.926742  	105.987427 
5334.358401  	106.205623 
5335.790059  	105.961892 
5337.221717  	105.518500 
5338.653375  	105.415498 
5340.085033  	105.498312 
5341.516692  	105.737578 
5342.948350  	105.996260 
5344.380008  	105.833026 
5345.811666  	105.627076 
5347.243324  	105.806016 
5348.674982  	105.836601 
5350.106641  	105.762496 
5351.538299  	105.835400 
5352.969957  	105.726033 
5354.401615  	105.418591 
5355.833273  	105.462543 
5357.264932  	105.740450 
5358.696590  	105.795251 
5360.128248  	105.788297 
5361.559906  	106.015780 
5362.991564  	106.141267 
5364.423222  	105.983629 
5365.854881  	105.814714 
5367.286539  	105.653733 
5368.718197  	105.613458 
5370.149855  	105.770592 
5371.581513  	105.762183 
5373.013172  	105.678179 
5374.444830  	105.846226 
5375.876488  	105.962394 
5377.308146  	105.859633 
5378.739804  	105.881571 
5380.171463  	106.060241 
5381.603121  	106.188486 
5383.034779  	106.115915 
5384.466437  	105.841867 
5385.898095  	105.732104 
5387.329753  	105.980442 
5388.761412  	106.110115 
5390.193070  	106.064035 
5391.624728  	106.117914 
5393.056386  	106.086245 
5394.488044  	105.986011 
5395.919703  	106.020670 
5397.351361  	105.903761 
5398.783019  	105.790855 
5400.214677  	105.863860 
5401.646335  	105.823070 
5403.077994  	105.917872 
5404.509652  	106.170547 
5405.941310  	106.096913 
5407.372968  	105.994097 
5408.804626  	105.942747 
5410.236284  	105.685182 
5411.667943  	105.699613 
5413.099601  	105.902005 
5414.531259  	105.851008 
5415.962917  	105.838977 
5417.394575  	105.949399 
5418.826234  	106.168815 
5420.257892  	106.455996 
5421.689550  	106.421175 
5423.121208  	106.157684 
5424.552866  	105.951080 
5425.984524  	105.725374 
5427.416183  	105.492459 
5428.847841  	105.382567 
5430.279499  	105.604886 
5431.711157  	105.895858 
5433.142815  	105.899586 
5434.574474  	105.930422 
5436.006132  	105.999056 
5437.437790  	105.882390 
5438.869448  	105.809931 
5440.301106  	105.641562 
5441.732765  	105.569748 
5443.164423  	105.976086 
5444.596081  	105.953923 
5446.027739  	105.450199 
5447.459397  	105.543370 
5448.891055  	105.804800 
5450.322714  	105.648776 
5451.754372  	105.616583 
5453.186030  	105.735411 
5454.617688  	105.772142 
5456.049346  	105.958695 
5457.481005  	106.135232 
5458.912663  	105.944292 
5460.344321  	105.777184 
5461.775979  	105.886608 
5463.207637  	105.824672 
5464.639296  	105.664241 
5466.070954  	105.565372 
5467.502612  	105.310428 
5468.934270  	105.384043 
5470.365928  	105.784520 
5471.797586  	105.680292 
5473.229245  	105.449920 
5474.660903  	105.468741 
5476.092561  	105.437088 
5477.524219  	105.666877 
5478.955877  	105.883823 
5480.387536  	105.731679 
5481.819194  	105.815874 
5483.250852  	106.059150 
5484.682510  	105.995982 
5486.114168  	105.903057 
5487.545826  	105.910310 
5488.977485  	105.985611 
5490.409143  	106.094055 
5491.840801  	106.007991 
5493.272459  	105.848132 
5494.704117  	105.894947 
5496.135776  	106.031131 
5497.567434  	105.892389 
5498.999092  	105.575649 
5500.430750  	105.619133 
5501.862408  	105.786890 
5503.294067  	105.769646 
5504.725725  	106.019591 
5506.157383  	106.242723 
5507.589041  	106.025073 
5509.020699  	105.959846 
5510.452357  	106.175391 
5511.884016  	106.248644 
5513.315674  	106.082731 
5514.747332  	105.883328 
5516.178990  	106.033007 
5517.610648  	106.255757 
5519.042307  	106.117312 
5520.473965  	105.970759 
5521.905623  	105.848099 
5523.337281  	105.668176 
5524.768939  	105.778189 
5526.200598  	105.958710 
5527.632256  	105.940158 
5529.063914  	105.932381 
5530.495572  	105.865774 
5531.927230  	105.678003 
5533.358888  	105.624749 
5534.790547  	105.725809 
5536.222205  	105.709666 
5537.653863  	105.558016 
5539.085521  	105.525058 
5540.517179  	105.604439 
5541.948838  	105.678733 
5543.380496  	105.694696 
5544.812154  	105.677101 
5546.243812  	105.894139 
5547.675470  	106.052332 
5549.107128  	105.736763 
5550.538787  	105.644024 
5551.970445  	105.714610 
5553.402103  	105.205155 
5554.833761  	105.002870 
5556.265419  	105.581658 
5557.697078  	106.031413 
5559.128736  	106.276445 
5560.560394  	106.323285 
5561.992052  	105.942677 
5563.423710  	105.789531 
5564.855369  	105.989772 
5566.287027  	106.005277 
5567.718685  	105.880515 
5569.150343  	105.708930 
5570.582001  	105.512445 
5572.013659  	105.594511 
5573.445318  	105.950851 
5574.876976  	106.256754 
5576.308634  	106.260530 
5577.740292  	105.904438 
5579.171950  	105.556866 
5580.603609  	105.617131 
5582.035267  	105.722917 
5583.466925  	105.436952 
5584.898583  	105.132892 
5586.330241  	105.175570 
5587.761899  	105.553081 
5589.193558  	106.079971 
5590.625216  	106.250039 
5592.056874  	106.094954 
5593.488532  	106.087986 
5594.920190  	106.066885 
5596.351849  	105.978159 
5597.783507  	105.850497 
5599.215165  	105.504176 
5600.646823  	105.496740 
5602.078481  	105.849503 
5603.510140  	105.733954 
5604.941798  	105.518468 
5606.373456  	105.638899 
5607.805114  	105.604811 
5609.236772  	105.419948 
5610.668430  	105.357823 
5612.100089  	105.497032 
5613.531747  	105.760565 
5614.963405  	105.795731 
5616.395063  	105.669752 
5617.826721  	105.627485 
5619.258380  	105.661586 
5620.690038  	105.851371 
5622.121696  	105.917126 
5623.553354  	105.687617 
5624.985012  	105.677537 
5626.416671  	105.998758 
5627.848329  	106.263723 
5629.279987  	106.216068 
5630.711645  	105.772629 
5632.143303  	105.331044 
5633.574961  	105.372232 
5635.006620  	105.782529 
5636.438278  	106.005257 
5637.869936  	105.882242 
5639.301594  	105.931707 
5640.733252  	106.074108 
5642.164911  	105.788278 
5643.596569  	105.492198 
5645.028227  	105.507914 
5646.459885  	105.544985 
5647.891543  	105.694916 
5649.323201  	105.859321 
5650.754860  	105.762492 
5652.186518  	105.806134 
5653.618176  	106.073324 
5655.049834  	106.048622 
5656.481492  	105.924993 
5657.913151  	106.172536 
5659.344809  	106.257805 
5660.776467  	105.916887 
5662.208125  	105.948042 
5663.639783  	106.202195 
5665.071442  	106.009395 
5666.503100  	105.907515 
5667.934758  	106.164224 
5669.366416  	106.262443 
5670.798074  	106.022055 
5672.229732  	105.633749 
5673.661391  	105.773146 
5675.093049  	106.207378 
5676.524707  	105.868558 
5677.956365  	105.534753 
5679.388023  	105.908141 
5680.819682  	105.988324 
5682.251340  	105.897657 
5683.682998  	106.183307 
5685.114656  	106.318854 
5686.546314  	106.169748 
5687.977973  	105.881429 
5689.409631  	105.680503 
5690.841289  	105.748531 
5692.272947  	105.680936 
5693.704605  	105.664584 
5695.136263  	105.898094 
5696.567922  	105.671649 
5697.999580  	105.212951 
5699.431238  	105.341703 
5700.862896  	105.768597 
5702.294554  	105.848341 
5703.726213  	105.677233 
5705.157871  	105.820334 
5706.589529  	106.104868 
5708.021187  	105.846914 
5709.452845  	105.358079 
5710.884503  	105.360418 
5712.316162  	105.879987 
5713.747820  	106.186631 
5715.179478  	105.648924 
5716.611136  	105.095383 
5718.042794  	105.299529 
5719.474453  	105.584957 
5720.906111  	105.713007 
5722.337769  	105.983956 
5723.769427  	106.190552 
5725.201085  	106.234017 
5726.632744  	106.019807 
5728.064402  	105.740382 
5729.496060  	105.866408 
5730.927718  	106.038372 
5732.359376  	105.816682 
5733.791034  	105.460230 
5735.222693  	105.295467 
5736.654351  	105.440794 
5738.086009  	105.635005 
5739.517667  	105.849101 
5740.949325  	106.143575 
5742.380984  	106.003432 
5743.812642  	105.748372 
5745.244300  	105.919887 
5746.675958  	105.805103 
5748.107616  	105.397222 
5749.539275  	105.445363 
5750.970933  	105.815163 
5752.402591  	106.055933 
5753.834249  	105.834390 
5755.265907  	105.480916 
5756.697565  	105.636288 
5758.129224  	105.716307 
5759.560882  	105.332906 
5760.992540  	105.177508 
5762.424198  	105.425343 
5763.855856  	105.802062 
5765.287515  	105.966618 
5766.719173  	105.839373 
5768.150831  	105.943128 
5769.582489  	106.020101 
5771.014147  	105.754247 
5772.445805  	105.802472 
5773.877464  	105.862092 
5775.309122  	105.383914 
5776.740780  	105.311647 
5778.172438  	105.986645 
5779.604096  	106.581318 
5781.035755  	106.739013 
5782.467413  	106.542826 
5783.899071  	106.143334 
5785.330729  	105.874277 
5786.762387  	105.700066 
5788.194046  	105.272721 
5789.625704  	105.014311 
5791.057362  	105.521470 
5792.489020  	106.028152 
5793.920678  	105.891906 
5795.352336  	105.802841 
5796.783995  	105.787451 
5798.215653  	105.591743 
5799.647311  	105.835693 
5801.078969  	106.186824 
5802.510627  	106.021021 
5803.942286  	105.781868 
5805.373944  	105.444206 
5806.805602  	105.138951 
5808.237260  	105.509232 
5809.668918  	105.863473 
5811.100576  	105.629228 
5812.532235  	105.304530 
5813.963893  	105.081866 
5815.395551  	105.412449 
5816.827209  	106.162903 
5818.258867  	106.322750 
5819.690526  	106.314402 
5821.122184  	106.192133 
5822.553842  	105.263759 
5823.985500  	105.038756 
5825.417158  	106.009751 
5826.848817  	106.236475 
5828.280475  	105.795544 
5829.712133  	105.680751 
5831.143791  	105.678490 
5832.575449  	105.899808 
5834.007107  	105.953940 
5835.438766  	105.478289 
5836.870424  	105.489207 
5838.302082  	105.940902 
5839.733740  	105.810497 
5841.165398  	105.471896 
5842.597057  	105.584255 
5844.028715  	105.750187 
5845.460373  	105.681617 
5846.892031  	105.696820 
5848.323689  	105.732674 
5849.755348  	105.636615 
5851.187006  	105.883966 
5852.618664  	106.234382 
5854.050322  	105.986404 
5855.481980  	105.636584 
5856.913638  	105.727103 
5858.345297  	106.034335 
5859.776955  	106.087943 
5861.208613  	105.524185 
5862.640271  	105.110039 
5864.071929  	105.524110 
5865.503588  	105.975716 
5866.935246  	106.056277 
5868.366904  	105.930137 
5869.798562  	105.636006 
5871.230220  	105.509528 
5872.661878  	105.478791 
5874.093537  	105.542390 
5875.525195  	105.699707 
5876.956853  	105.322330 
5878.388511  	105.069603 
5879.820169  	105.517447 
5881.251828  	105.577815 
5882.683486  	105.469550 
5884.115144  	105.638822 
5885.546802  	105.449298 
5886.978460  	105.549803 
5888.410119  	105.902034 
5889.841777  	105.580682 
5891.273435  	105.439873 
5892.705093  	105.531155 
5894.136751  	105.220879 
5895.568409  	105.369163 
5897.000068  	105.600093 
5898.431726  	104.945681 
5899.863384  	104.590433 
5901.295042  	105.241844 
5902.726700  	105.900771 
5904.158359  	105.878443 
5905.590017  	105.556271 
5907.021675  	105.694425 
5908.453333  	106.098754 
5909.884991  	105.897494 
5911.316650  	105.541008 
5912.748308  	105.915712 
5914.179966  	106.153501 
5915.611624  	105.448186 
5917.043282  	104.990367 
5918.474940  	105.395421 
5919.906599  	105.610463 
5921.338257  	105.338155 
5922.769915  	105.232231 
5924.201573  	105.591388 
5925.633231  	106.225345 
5927.064890  	106.450335 
5928.496548  	106.258185 
5929.928206  	106.245358 
5931.359864  	106.028648 
5932.791522  	105.515791 
5934.223180  	105.526533 
5935.654839  	105.805293 
5937.086497  	105.672155 
5938.518155  	105.401812 
5939.949813  	105.284024 
5941.381471  	105.242965 
5942.813130  	105.304111 
5944.244788  	105.492678 
5945.676446  	105.668337 
5947.108104  	105.609085 
5948.539762  	105.395785 
5949.971421  	105.399008 
5951.403079  	105.665823 
5952.834737  	105.820393 
5954.266395  	105.707657 
5955.698053  	105.540141 
5957.129711  	105.494104 
5958.561370  	105.510671 
5959.993028  	105.425982 
5961.424686  	105.464958 
5962.856344  	105.924234 
5964.288002  	106.133612 
5965.719661  	105.459209 
5967.151319  	104.827083 
5968.582977  	105.131438 
5970.014635  	105.725531 
5971.446293  	106.011957 
5972.877951  	106.455033 
5974.309610  	106.875732 
5975.741268  	106.339709 
5977.172926  	105.571123 
5978.604584  	105.674770 
5980.036242  	105.684026 
5981.467901  	105.272981 
5982.899559  	105.478734 
5984.331217  	105.981817 
5985.762875  	106.333283 
5987.194533  	106.627462 
5988.626192  	106.400177 
5990.057850  	105.989765 
5991.489508  	105.770177 
5992.921166  	105.377525 
5994.352824  	105.164919 
5995.784482  	105.216253 
5997.216141  	105.451079 
5998.647799  	106.026550 
6000.079457  	106.217102 
6001.511115  	106.104139 
6002.942773  	106.148830 
6004.374432  	105.649173 
6005.806090  	105.025004 
6007.237748  	105.057044 
6008.669406  	105.465749 
6010.101064  	106.128554 
6011.532723  	106.007901 
6012.964381  	104.827351 
6014.396039  	104.531012 
6015.827697  	105.359616 
6017.259355  	106.127288 
6018.691013  	106.352395 
6020.122672  	105.658715 
6021.554330  	104.965253 
6022.985988  	105.161337 
6024.417646  	105.391451 
6025.849304  	105.149704 
6027.280963  	104.865489 
6028.712621  	105.187228 
6030.144279  	105.842389 
6031.575937  	105.574466 
6033.007595  	105.153287 
6034.439253  	105.408479 
6035.870912  	105.054562 
6037.302570  	104.652683 
6038.734228  	105.401333 
6040.165886  	106.155131 
6041.597544  	106.316938 
6043.029203  	106.370743 
6044.460861  	106.751686 
6045.892519  	107.475866 
6047.324177  	107.328439 
6048.755835  	106.480704 
6050.187494  	106.212185 
6051.619152  	105.912634 
6053.050810  	105.265003 
6054.482468  	104.878469 
6055.914126  	104.680483 
6057.345784  	105.224301 
6058.777443  	106.233921 
6060.209101  	106.092136 
6061.640759  	105.473372 
6063.072417  	105.508120 
6064.504075  	105.465839 
6065.935734  	105.488022 
6067.367392  	105.963178 
6068.799050  	106.044957 
6070.230708  	105.889657 
6071.662366  	105.805106 
6073.094025  	105.267404 
6074.525683  	104.852259 
6075.957341  	104.938593 
6077.388999  	104.900200 
6078.820657  	105.301711 
6080.252315  	106.123493 
6081.683974  	106.035649 
6083.115632  	105.510258 
6084.547290  	105.513022 
6085.978948  	105.431617 
6087.410606  	105.042824 
6088.842265  	105.014263 
6090.273923  	105.291917 
6091.705581  	105.087288 
6093.137239  	104.800920 
6094.568897  	105.566984 
6096.000555  	106.320202 
6097.432214  	105.841074 
6098.863872  	105.779355 
6100.295530  	106.579691 
6101.727188  	106.481649 
6103.158846  	105.758457 
6104.590505  	105.536569 
6106.022163  	105.346920 
6107.453821  	105.039038 
6108.885479  	105.244848 
6110.317137  	105.705178 
6111.748796  	105.964193 
6113.180454  	106.097253 
6114.612112  	105.496425 
6116.043770  	104.319783 
6117.475428  	104.443715 
6118.907086  	105.846384 
6120.338745  	106.558196 
6121.770403  	105.898235 
6123.202061  	104.975246 
6124.633719  	105.136965 
6126.065377  	105.626696 
6127.497036  	104.913018 
6128.928694  	104.555674 
6130.360352  	105.276141 
6131.792010  	105.537921 
6133.223668  	105.941151 
6134.655327  	106.380863 
6136.086985  	105.561974 
6137.518643  	105.043648 
6138.950301  	105.472470 
6140.381959  	105.905483 
6141.813617  	106.552710 
6143.245276  	106.622302 
6144.676934  	105.832992 
6146.108592  	105.750076 
6147.540250  	106.279364 
6148.971908  	106.432171 
6150.403567  	106.196287 
6151.835225  	106.051835 
6153.266883  	106.280242 
6154.698541  	106.239505 
6156.130199  	105.634143 
6157.561857  	104.854652 
6158.993516  	104.417372 
6160.425174  	105.199682 
6161.856832  	106.150101 
6163.288490  	105.742779 
6164.720148  	105.421166 
6166.151807  	105.936265 
6167.583465  	105.974698 
6169.015123  	105.332299 
6170.446781  	104.942099 
6171.878439  	105.629575 
6173.310098  	106.517119 
6174.741756  	106.246666 
6176.173414  	105.871516 
6177.605072  	106.049357 
6179.036730  	105.813216 
6180.468388  	105.471458 
6181.900047  	105.611966 
6183.331705  	105.823691 
6184.763363  	105.634118 
6186.195021  	105.293499 
6187.626679  	105.334557 
6189.058338  	105.299627 
6190.489996  	105.335364 
6191.921654  	106.075236 
6193.353312  	106.159401 
6194.784970  	105.551951 
6196.216628  	105.893122 
6197.648287  	106.464386 
6199.079945  	106.317390 
6200.511603  	105.759631 
6201.943261  	105.173549 
6203.374919  	105.541216 
6204.806578  	106.671219 
6206.238236  	107.138023 
6207.669894  	106.806301 
6209.101552  	106.158630 
6210.533210  	105.834504 
6211.964869  	106.222904 
6213.396527  	106.580890 
6214.828185  	106.216053 
6216.259843  	105.236742 
6217.691501  	104.728205 
6219.123159  	105.155418 
6220.554818  	105.278176 
6221.986476  	104.856816 
6223.418134  	104.644692 
6224.849792  	104.777705 
6226.281450  	105.481392 
6227.713109  	106.230168 
6229.144767  	106.223560 
6230.576425  	105.639213 
6232.008083  	104.982151 
6233.439741  	105.396557 
6234.871400  	106.133751 
6236.303058  	105.452533 
6237.734716  	105.431656 
6239.166374  	106.602813 
6240.598032  	106.329440 
6242.029690  	105.741658 
6243.461349  	105.821689 
6244.893007  	105.483869 
6246.324665  	105.749041 
6247.756323  	106.253770 
6249.187981  	105.854406 
6250.619640  	105.631321 
6252.051298  	105.469938 
6253.482956  	105.082751 
6254.914614  	105.221321 
6256.346272  	105.193239 
6257.777930  	104.826969 
6259.209589  	105.055402 
6260.641247  	105.893110 
6262.072905  	106.539214 
6263.504563  	106.198573 
6264.936221  	105.397799 
6266.367880  	105.203236 
6267.799538  	105.477003 
6269.231196  	105.453109 
6270.662854  	104.886309 
6272.094512  	104.725904 
6273.526171  	105.501068 
6274.957829  	105.923139 
6276.389487  	105.993437 
6277.821145  	106.714865 
6279.252803  	107.109611 
6280.684461  	106.576666 
6282.116120  	105.983149 
6283.547778  	105.714847 
6284.979436  	105.443165 
6286.411094  	105.026946 
6287.842752  	105.002937 
6289.274411  	105.237802 
6290.706069  	104.954333 
6292.137727  	104.940280 
6293.569385  	105.548115 
6295.001043  	105.683594 
6296.432702  	105.658545 
6297.864360  	106.120408 
6299.296018  	106.295477 
6300.727676  	105.984617 
6302.159334  	106.048715 
6303.590992  	106.554617 
6305.022651  	106.598944 
6306.454309  	105.914450 
6307.885967  	104.999841 
6309.317625  	104.434804 
6310.749283  	105.013987 
6312.180942  	105.929560 
6313.612600  	105.836545 
6315.044258  	105.444890 
6316.475916  	104.721471 
6317.907574  	103.885032 
6319.339232  	105.155754 
6320.770891  	107.098287 
6322.202549  	106.724619 
6323.634207  	105.918270 
6325.065865  	106.094591 
6326.497523  	105.860227 
6327.929182  	105.397862 
6329.360840  	105.433723 
6330.792498  	105.448295 
6332.224156  	105.215284 
6333.655814  	105.269420 
6335.087473  	105.288927 
6336.519131  	104.671626 
6337.950789  	104.941186 
6339.382447  	106.586878 
6340.814105  	107.028568 
6342.245763  	106.036644 
6343.677422  	105.569714 
6345.109080  	105.703413 
6346.540738  	106.087798 
6347.972396  	105.948837 
6349.404054  	104.992767 
6350.835713  	105.418251 
6352.267371  	107.181959 
6353.699029  	107.398298 
6355.130687  	106.624789 
6356.562345  	106.273786 
6357.994003  	105.366726 
6359.425662  	104.949079 
6360.857320  	106.048488 
6362.288978  	106.247141 
6363.720636  	105.264746 
6365.152294  	105.271203 
6366.583953  	105.651706 
6368.015611  	105.678599 
6369.447269  	105.843907 
6370.878927  	105.773464 
6372.310585  	105.646713 
6373.742244  	105.606005 
6375.173902  	105.455998 
6376.605560  	105.937725 
6378.037218  	106.288728 
6379.468876  	105.704314 
6380.900534  	105.669000 
6382.332193  	106.104763 
6383.763851  	105.793156 
6385.195509  	105.187579 
6386.627167  	105.314336 
6388.058825  	106.382003 
6389.490484  	106.814386 
6390.922142  	106.061907 
6392.353800  	105.782211 
6393.785458  	105.363712 
6395.217116  	104.583917 
6396.648775  	105.105982 
6398.080433  	105.332371 
6399.512091  	104.445299 
6400.943749  	104.810059 
6402.375407  	106.100410 
6403.807065  	106.832398 
6405.238724  	107.087390 
6406.670382  	106.399036 
6408.102040  	105.202664 
6409.533698  	104.767495 
6410.965356  	105.301438 
6412.397015  	106.020661 
6413.828673  	106.031826 
6415.260331  	105.573424 
6416.691989  	105.407837 
6418.123647  	105.518238 
6419.555305  	105.887223 
6420.986964  	106.265827 
6422.418622  	105.906984 
6423.850280  	104.758002 
6425.281938  	104.009137 
6426.713596  	104.402842 
6428.145255  	104.692818 
6429.576913  	104.806425 
6431.008571  	105.683868 
6432.440229  	106.052388 
6433.871887  	105.737397 
6435.303546  	106.237165 
6436.735204  	106.604648 
6438.166862  	106.035041 
6439.598520  	105.118145 
6441.030178  	104.834254 
6442.461836  	106.190733 
6443.893495  	107.017745 
6445.325153  	105.651809 
6446.756811  	104.811148 
6448.188469  	105.268845 
6449.620127  	106.104378 
6451.051786  	106.935660 
6452.483444  	106.265788 
6453.915102  	105.339188 
6455.346760  	105.929632 
6456.778418  	106.319122 
6458.210077  	106.375781 
6459.641735  	106.764177 
6461.073393  	106.193139 
6462.505051  	105.330742 
6463.936709  	105.621744 
6465.368367  	106.626231 
6466.800026  	107.154497 
6468.231684  	106.395960 
6469.663342  	105.250530 
6471.095000  	104.576127 
6472.526658  	104.092309 
6473.958317  	104.252709 
6475.389975  	105.210103 
6476.821633  	106.086894 
6478.253291  	106.380833 
6479.684949  	105.682632 
6481.116607  	104.568404 
6482.548266  	104.398974 
6483.979924  	105.159863 
6485.411582  	105.432685 
6486.843240  	105.143397 
6488.274898  	105.244962 
6489.706557  	105.316570 
6491.138215  	104.936625 
6492.569873  	105.076799 
6494.001531  	105.288507 
6495.433189  	104.769329 
6496.864848  	104.325070 
6498.296506  	104.227986 
6499.728164  	104.670705 
6501.159822  	105.628859 
6502.591480  	105.975031 
6504.023138  	105.905865 
6505.454797  	105.975533 
6506.886455  	105.864761 
6508.318113  	105.954028 
6509.749771  	106.002320 
6511.181429  	105.869888 
6512.613088  	105.853235 
6514.044746  	105.222345 
6515.476404  	104.601626 
6516.908062  	104.869722 
6518.339720  	105.237813 
6519.771379  	105.833740 
6521.203037  	106.666336 
6522.634695  	106.545946 
6524.066353  	105.774559 
6525.498011  	105.273652 
6526.929669  	105.567236 
6528.361328  	105.994330 
6529.792986  	105.347233 
6531.224644  	104.786447 
6532.656302  	105.087644 
6534.087960  	105.213920 
6535.519619  	105.416329 
6536.951277  	106.052941 
6538.382935  	106.402731 
6539.814593  	106.065080 
6541.246251  	105.224512 
6542.677909  	104.853181 
6544.109568  	104.987610 
6545.541226  	105.199987 
6546.972884  	105.641761 
6548.404542  	105.577867 
6549.836200  	105.726013 
6551.267859  	106.958814 
6552.699517  	106.782831 
6554.131175  	105.904918 
6555.562833  	106.530049 
6556.994491  	106.041261 
6558.426150  	105.153843 
6559.857808  	107.006260 
6561.289466  	108.341174 
6562.721124  	106.948819 
6564.152782  	106.032676 
6565.584440  	106.317948 
6567.016099  	105.969713 
6568.447757  	105.218767 
6569.879415  	104.838549 
6571.311073  	104.535166 
6572.742731  	104.901784 
6574.174390  	105.890923 
6575.606048  	105.397970 
6577.037706  	104.166512 
6578.469364  	104.816493 
6579.901022  	106.036440 
6581.332680  	106.221806 
6582.764339  	106.342348 
6584.195997  	106.277773 
6585.627655  	106.368187 
6587.059313  	107.026202 
6588.490971  	106.197297 
6589.922630  	104.593095 
6591.354288  	104.947561 
6592.785946  	105.537776 
6594.217604  	104.407802 
6595.649262  	104.034214 
6597.080921  	104.513446 
6598.512579  	103.487277 
6599.944237  	103.062723 
6601.375895  	105.020969 
6602.807553  	106.245491 
6604.239211  	105.591494 
6605.670870  	105.504476 
6607.102528  	106.077307 
6608.534186  	105.948700 
6609.965844  	105.372437 
6611.397502  	105.627686 
6612.829161  	106.972278 
6614.260819  	107.860130 
6615.692477  	107.146237 
6617.124135  	105.920092 
6618.555793  	105.799959 
6619.987452  	106.431264 
6621.419110  	105.924834 
6622.850768  	104.532041 
6624.282426  	103.699454 
6625.714084  	103.083692 
6627.145742  	102.773247 
6628.577401  	103.775528 
6630.009059  	105.220492 
6631.440717  	105.002890 
6632.872375  	103.912267 
6634.304033  	104.470718 
6635.735692  	105.625597 
6637.167350  	105.035561 
6638.599008  	104.566059 
6640.030666  	105.377746 
6641.462324  	105.908556 
6642.893982  	106.690986 
6644.325641  	107.511163 
6645.757299  	106.528352 
6647.188957  	105.069807 
6648.620615  	104.431265 
6650.052273  	104.436444 
6651.483932  	105.575825 
6652.915590  	107.032432 
6654.347248  	107.248779 
6655.778906  	106.477704 
6657.210564  	105.576035 
6658.642223  	105.035220 
6660.073881  	104.984685 
6661.505539  	105.473651 
6662.937197  	105.986468 
6664.368855  	106.229625 
6665.800513  	106.393462 
6667.232172  	105.538521 
6668.663830  	104.622430 
6670.095488  	105.880094 
6671.527146  	106.938349 
6672.958804  	106.031094 
6674.390463  	105.654255 
6675.822121  	105.459109 
6677.253779  	104.687769 
6678.685437  	104.872806 
6680.117095  	105.328938 
6681.548754  	105.291416 
6682.980412  	105.057349 
6684.412070  	104.900296 
6685.843728  	105.844251 
6687.275386  	106.813540 
6688.707044  	105.917589 
6690.138703  	104.695781 
6691.570361  	104.807388 
6693.002019  	105.728769 
6694.433677  	106.144847 
6695.865335  	105.415585 
6697.296994  	104.639180 
6698.728652  	104.757765 
6700.160310  	105.628028 
6701.591968  	106.606232 
6703.023626  	106.919238 
6704.455284  	106.335510 
6705.886943  	104.894701 
6707.318601  	103.680201 
6708.750259  	104.279111 
6710.181917  	105.881353 
6711.613575  	106.854812 
6713.045234  	106.712781 
6714.476892  	105.723953 
6715.908550  	105.585073 
6717.340208  	106.160100 
6718.771866  	106.033156 
6720.203525  	106.461772 
6721.635183  	106.908493 
6723.066841  	106.315506 
6724.498499  	106.709057 
6725.930157  	107.146493 
6727.361815  	105.970796 
6728.793474  	105.098866 
6730.225132  	104.804643 
6731.656790  	104.553137 
6733.088448  	104.596407 
6734.520106  	104.734040 
6735.951765  	105.127976 
6737.383423  	105.165526 
6738.815081  	104.487464 
6740.246739  	104.576137 
6741.678397  	105.187392 
6743.110056  	105.511767 
6744.541714  	106.270399 
6745.973372  	107.587091 
6747.405030  	108.135162 
6748.836688  	106.744392 
6750.268346  	105.356794 
6751.700005  	105.543671 
6753.131663  	105.026904 
6754.563321  	104.541777 
6755.994979  	105.942392 
6757.426637  	106.251758 
6758.858296  	105.156133 
6760.289954  	105.158932 
6761.721612  	104.833316 
6763.153270  	103.672334 
6764.584928  	103.558594 
6766.016586  	104.461511 
6767.448245  	105.239600 
6768.879903  	105.712034 
6770.311561  	105.618576 
6771.743219  	104.121886 
6773.174877  	102.812418 
6774.606536  	103.905687 
6776.038194  	105.197130 
6777.469852  	105.007437 
6778.901510  	105.040604 
6780.333168  	105.472425 
6781.764827  	106.444918 
6783.196485  	107.470162 
6784.628143  	106.425250 
6786.059801  	105.263564 
6787.491459  	106.041871 
6788.923117  	106.898730 
6790.354776  	106.573207 
6791.786434  	105.252752 
6793.218092  	104.643448 
6794.649750  	105.565439 
6796.081408  	105.553425 
6797.513067  	104.580365 
6798.944725  	104.299866 
6800.376383  	104.206943 
6801.808041  	104.804554 
6803.239699  	105.858653 
6804.671357  	106.011076 
6806.103016  	106.513811 
6807.534674  	106.931582 
6808.966332  	105.608184 
6810.397990  	104.707396 
6811.829648  	105.748588 
6813.261307  	106.152852 
6814.692965  	104.777083 
6816.124623  	103.910365 
6817.556281  	104.501417 
6818.987939  	105.370250 
6820.419598  	105.673652 
6821.851256  	105.092975 
6823.282914  	104.778829 
6824.714572  	105.930982 
6826.146230  	106.489375 
6827.577888  	106.105953 
6829.009547  	106.163077 
6830.441205  	105.165812 
6831.872863  	104.306854 
6833.304521  	105.305993 
6834.736179  	105.270012 
6836.167838  	104.107343 
6837.599496  	104.429997 
6839.031154  	105.592840 
6840.462812  	106.532074 
6841.894470  	106.479475 
6843.326129  	105.608071 
6844.757787  	105.652011 
6846.189445  	106.249836 
6847.621103  	106.629267 
6849.052761  	107.025762 
6850.484419  	106.480157 
6851.916078  	105.440215 
6853.347736  	105.089127 
6854.779394  	105.358300 
6856.211052  	105.890503 
6857.642710  	105.532615 
6859.074369  	104.311134 
6860.506027  	103.855017 
6861.937685  	104.270629 
6863.369343  	105.102817 
6864.801001  	106.074912 
6866.232659  	106.041482 
6867.664318  	104.974731 
6869.095976  	104.281232 
6870.527634  	105.154860 
6871.959292  	105.833459 
6873.390950  	105.214516 
6874.822609  	105.790937 
6876.254267  	106.658150 
6877.685925  	105.070071 
6879.117583  	104.549655 
6880.549241  	106.310193 
6881.980900  	106.476024 
6883.412558  	105.700867 
6884.844216  	106.194877 
6886.275874  	106.426796 
6887.707532  	105.871773 
6889.139190  	105.288966 
6890.570849  	104.986150 
6892.002507  	105.046348 
6893.434165  	104.462903 
6894.865823  	102.869239 
6896.297481  	102.284397 
6897.729140  	103.614115 
6899.160798  	105.122720 
6900.592456  	105.515863 
6902.024114  	105.230258 
6903.455772  	104.734076 
6904.887431  	104.423674 
6906.319089  	104.305777 
6907.750747  	104.214199 
6909.182405  	104.933231 
6910.614063  	106.007386 
6912.045721  	105.492848 
6913.477380  	104.302732 
6914.909038  	104.877200 
6916.340696  	106.104670 
6917.772354  	104.947050 
6919.204012  	103.098884 
6920.635671  	103.918620 
6922.067329  	105.105531 
6923.498987  	104.507697 
6924.930645  	104.206389 
6926.362303  	104.210422 
6927.793961  	104.154834 
6929.225620  	104.908931 
6930.657278  	105.399135 
6932.088936  	106.029212 
6933.520594  	107.209674 
6934.952252  	106.381032 
6936.383911  	104.583799 
6937.815569  	104.621680 
6939.247227  	105.831117 
6940.678885  	106.550093 
6942.110543  	106.027983 
6943.542202  	105.396250 
6944.973860  	105.325982 
6946.405518  	104.556380 
6947.837176  	104.529180 
6949.268834  	105.774786 
6950.700492  	105.034487 
6952.132151  	103.250264 
6953.563809  	103.199148 
6954.995467  	104.066603 
6956.427125  	104.655207 
6957.858783  	104.877487 
6959.290442  	105.049904 
6960.722100  	105.322775 
6962.153758  	104.970933 
6963.585416  	104.766976 
6965.017074  	105.629462 
6966.448732  	106.719176 
6967.880391  	107.792923 
6969.312049  	107.803651 
6970.743707  	106.238345 
6972.175365  	105.409715 
6973.607023  	105.493732 
6975.038682  	104.981844 
6976.470340  	104.850732 
6977.901998  	105.980912 
6979.333656  	106.692143 
6980.765314  	105.716394 
6982.196973  	103.873554 
6983.628631  	102.929930 
6985.060289  	104.027985 
6986.491947  	106.285756 
6987.923605  	106.746162 
6989.355263  	105.076419 
6990.786922  	103.915072 
6992.218580  	103.411303 
6993.650238  	103.057868 
6995.081896  	103.723876 
6996.513554  	105.142347 
6997.945213  	105.850189 
6999.376871  	105.237502 
7000.808529  	104.805812 
7002.240187  	105.568730 
7003.671845  	105.995309 
7005.103504  	105.897608 
7006.535162  	105.818849 
7007.966820  	104.926049 
7009.398478  	105.128919 
7010.830136  	106.461276 
7012.261794  	105.357606 
7013.693453  	103.948120 
7015.125111  	105.144481 
7016.556769  	106.414450 
7017.988427  	106.082786 
7019.420085  	104.793073 
7020.851744  	104.026450 
7022.283402  	104.598272 
7023.715060  	105.038824 
7025.146718  	105.546896 
7026.578376  	106.484707 
7028.010034  	105.677664 
7029.441693  	104.655710 
7030.873351  	105.292608 
7032.305009  	105.790452 
7033.736667  	106.136930 
7035.168325  	106.398114 
7036.599984  	105.442792 
7038.031642  	104.773280 
7039.463300  	104.986409 
7040.894958  	104.513204 
7042.326616  	103.885031 
7043.758275  	104.329268 
7045.189933  	104.964644 
7046.621591  	104.471802 
7048.053249  	103.796217 
7049.484907  	104.465984 
7050.916565  	105.197483 
7052.348224  	104.953572 
7053.779882  	105.400283 
7055.211540  	106.483402 
7056.643198  	106.412609 
7058.074856  	105.608411 
7059.506515  	104.861872 
7060.938173  	104.237622 
7062.369831  	105.002493 
7063.801489  	106.199170 
7065.233147  	104.652071 
7066.664806  	102.832836 
7068.096464  	103.949336 
7069.528122  	104.779023 
7070.959780  	104.291499 
7072.391438  	105.148713 
7073.823096  	105.690647 
7075.254755  	105.323107 
7076.686413  	105.791579 
7078.118071  	105.658828 
7079.549729  	105.144251 
7080.981387  	106.062121 
7082.413046  	106.963249 
7083.844704  	106.558906 
7085.276362  	105.660257 
7086.708020  	105.420400 
7088.139678  	106.008134 
7089.571336  	105.726696 
7091.002995  	105.172478 
7092.434653  	106.272120 
7093.866311  	106.604816 
7095.297969  	104.582905 
7096.729627  	103.438637 
7098.161286  	104.034491 
7099.592944  	104.300802 
7101.024602  	104.038008 
7102.456260  	103.404216 
7103.887918  	103.247999 
7105.319577  	105.064402 
7106.751235  	106.512362 
7108.182893  	104.385333 
7109.614551  	102.169651 
7111.046209  	102.927640 
7112.477867  	104.065181 
7113.909526  	104.084869 
7115.341184  	105.092231 
7116.772842  	105.766068 
7118.204500  	104.525264 
7119.636158  	104.044086 
7121.067817  	104.216823 
7122.499475  	103.604365 
7123.931133  	104.247605 
7125.362791  	104.531264 
7126.794449  	102.199547 
7128.226108  	100.966642 
7129.657766  	101.923096 
7131.089424  	103.314507 
7132.521082  	105.171159 
7133.952740  	104.691700 
7135.384398  	102.326343 
7136.816057  	102.930998 
7138.247715  	104.337157 
7139.679373  	104.031810 
7141.111031  	104.947128 
7142.542689  	105.766137 
7143.974348  	104.520462 
7145.406006  	104.300488 
7146.837664  	105.694386 
7148.269322  	106.238856 
7149.700980  	105.763076 
7151.132638  	105.528820 
7152.564297  	105.672782 
7153.995955  	105.391254 
7155.427613  	105.280815 
7156.859271  	105.195474 
7158.290929  	104.439040 
7159.722588  	104.633573 
7161.154246  	105.141673 
7162.585904  	103.741365 
7164.017562  	102.858480 
7165.449220  	103.819405 
7166.880879  	105.149116 
7168.312537  	105.093074 
7169.744195  	103.324098 
7171.175853  	102.833313 
7172.607511  	103.866283 
7174.039169  	104.269058 
7175.470828  	105.131217 
7176.902486  	106.114782 
7178.334144  	105.078321 
7179.765802  	103.886284 
7181.197460  	103.342565 
7182.629119  	102.955487 
7184.060777  	104.238626 
7185.492435  	105.589777 
7186.924093  	105.336169 
7188.355751  	105.008833 
7189.787409  	105.031988 
7191.219068  	105.141213 
7192.650726  	105.898849 
7194.082384  	107.446143 
7195.514042  	108.100220 
7196.945700  	106.326155 
7198.377359  	104.998045 
7199.809017  	105.366442 
7201.240675  	104.358559 
7202.672333  	103.509717 
7204.103991  	104.367991 
7205.535650  	103.437000 
7206.967308  	102.112411 
7208.398966  	103.527475 
7209.830624  	104.582805 
7211.262282  	103.758032 
7212.693940  	103.398922 
7214.125599  	103.650979 
7215.557257  	103.474724 
7216.988915  	102.592698 
7218.420573  	101.059212 
7219.852231  	100.001531 
7221.283890  	101.193050 
7222.715548  	103.500858 
7224.147206  	104.219132 
7225.578864  	103.830540 
7227.010522  	104.119372 
7228.442181  	103.938070 
7229.873839  	103.013718 
7231.305497  	103.834300 
7232.737155  	105.871723 
7234.168813  	105.598458 
7235.600471  	103.985971 
7237.032130  	103.962866 
7238.463788  	104.859381 
7239.895446  	104.610134 
7241.327104  	104.108122 
7242.758762  	105.279379 
7244.190421  	106.605646 
7245.622079  	106.038873 
7247.053737  	104.891274 
7248.485395  	104.311415 
7249.917053  	105.269669 
7251.348711  	106.838992 
7252.780370  	105.651747 
7254.212028  	102.671111 
7255.643686  	102.322438 
7257.075344  	103.986899 
7258.507002  	105.371397 
7259.938661  	106.093162 
7261.370319  	105.862134 
7262.801977  	104.336412 
7264.233635  	101.843197 
7265.665293  	100.994371 
7267.096952  	103.758429 
7268.528610  	106.287048 
7269.960268  	105.814180 
7271.391926  	105.082285 
7272.823584  	105.149377 
7274.255242  	106.062356 
7275.686901  	106.864936 
7277.118559  	106.086151 
7278.550217  	105.572558 
7279.981875  	105.243865 
7281.413533  	104.354214 
7282.845192  	105.187214 
7284.276850  	105.385911 
7285.708508  	104.139961 
7287.140166  	105.445422 
7288.571824  	107.158762 
7290.003483  	105.915498 
7291.435141  	104.306632 
7292.866799  	104.070263 
7294.298457  	105.342856 
7295.730115  	105.608909 
7297.161773  	104.748215 
7298.593432  	105.870339 
7300.025090  	106.079542 
7301.456748  	105.135317 
7302.888406  	106.300174 
7304.320064  	105.114505 
7305.751723  	102.248826 
7307.183381  	102.412313 
7308.615039  	102.502629 
7310.046697  	101.826313 
7311.478355  	101.822009 
7312.910013  	101.682323 
7314.341672  	103.937413 
7315.773330  	106.883783 
7317.204988  	106.810103 
7318.636646  	106.279953 
7320.068304  	105.628507 
7321.499963  	104.676891 
7322.931621  	105.423086 
7324.363279  	105.506394 
7325.794937  	103.837191 
7327.226595  	102.753083 
7328.658254  	102.710380 
7330.089912  	103.393272 
7331.521570  	103.932216 
7332.953228  	104.531898 
7334.384886  	104.529053 
7335.816544  	103.996437 
7337.248203  	104.956349 
7338.679861  	105.175919 
7340.111519  	103.065609 
7341.543177  	103.490418 
7342.974835  	105.937846 
7344.406494  	106.842590 
7345.838152  	106.971008 
7347.269810  	106.419358 
7348.701468  	106.413146 
7350.133126  	105.915246 
7351.564785  	103.914400 
7352.996443  	104.790639 
7354.428101  	106.716338 
7355.859759  	105.860861 
7357.291417  	105.570840 
7358.723075  	104.553142 
7360.154734  	103.094617 
7361.586392  	105.257186 
7363.018050  	107.000995 
7364.449708  	105.465129 
7365.881366  	103.600113 
7367.313025  	102.627475 
7368.744683  	103.531966 
7370.176341  	103.793905 
7371.607999  	102.712627 
7373.039657  	104.673316 
7374.471315  	106.706205 
7375.902974  	105.492737 
7377.334632  	106.156690 
7378.766290  	108.426368 
7380.197948  	108.113893 
7381.629606  	106.091177 
7383.061265  	105.283498 
7384.492923  	106.749116 
7385.924581  	106.183376 
7387.356239  	103.197030 
7388.787897  	103.239703 
7390.219556  	105.558171 
7391.651214  	106.294301 
7393.082872  	105.904566 
7394.514530  	105.660545 
7395.946188  	105.543361 
7397.377846  	105.104793 
7398.809505  	105.125474 
7400.241163  	106.111167 
7401.672821  	104.967226 
7403.104479  	102.717964 
7404.536137  	102.735509 
7405.967796  	103.050401 
7407.399454  	102.950760 
7408.831112  	104.454286 
7410.262770  	106.251535 
7411.694428  	106.965587 
7413.126086  	106.645184 
7414.557745  	105.222215 
7415.989403  	105.044643 
7417.421061  	106.499623 
7418.852719  	106.208806 
7420.284377  	103.815631 
7421.716036  	103.376439 
7423.147694  	104.808768 
7424.579352  	105.252029 
7426.011010  	105.106449 
7427.442668  	103.563870 
7428.874327  	100.745946 
7430.305985  	102.115553 
7431.737643  	106.180282 
7433.169301  	106.377555 
7434.600959  	106.101846 
7436.032617  	107.372665 
7437.464276  	105.841025 
7438.895934  	104.184174 
7440.327592  	104.526778 
7441.759250  	103.983451 
7443.190908  	103.277627 
7444.622567  	102.591761 
7446.054225  	100.902105 
7447.485883  	101.878988 
7448.917541  	105.461186 
7450.349199  	105.725780 
7451.780858  	102.604872 
7453.212516  	101.103252 
7454.644174  	103.043007 
7456.075832  	106.201060 
7457.507490  	106.050144 
7458.939148  	103.248496 
7460.370807  	102.153677 
7461.802465  	103.100046 
7463.234123  	105.094497 
7464.665781  	105.932699 
7466.097439  	102.543916 
7467.529098  	100.168575 
7468.960756  	102.389264 
7470.392414  	103.817211 
7471.824072  	104.203337 
7473.255730  	106.607411 
7474.687388  	106.560934 
7476.119047  	104.549838 
7477.550705  	105.272591 
7478.982363  	106.859228 
7480.414021  	106.012962 
7481.845679  	103.740445 
7483.277338  	102.454730 
7484.708996  	102.345078 
7486.140654  	103.121516 
7487.572312  	105.030256 
7489.003970  	104.595686 
7490.435629  	101.265037 
7491.867287  	101.587215 
7493.298945  	103.642440 
7494.730603  	102.798275 
7496.162261  	103.169634 
7497.593919  	105.499927 
7499.025578  	106.387483 
7500.457236  	106.707376 
7501.888894  	106.732309 
7503.320552  	106.812543 
7504.752210  	107.018782 
7506.183869  	103.932476 
7507.615527  	100.477596 
7509.047185  	102.169594 
7510.478843  	104.228643 
7511.910501  	100.941067 
7513.342160  	99.000160 
7514.773818  	102.315170 
7516.205476  	103.457797 
7517.637134  	101.865189 
7519.068792  	103.082198 
7520.500450  	105.196458 
7521.932109  	106.414541 
7523.363767  	106.902059 
7524.795425  	104.971862 
7526.227083  	104.245250 
7527.658741  	106.194546 
7529.090400  	106.722937 
7530.522058  	105.892656 
7531.953716  	103.639859 
7533.385374  	102.507395 
7534.817032  	105.686056 
7536.248690  	106.130427 
7537.680349  	102.987011 
7539.112007  	103.182915 
7540.543665  	104.550492 
7541.975323  	104.618685 
7543.406981  	104.301677 
7544.838640  	102.788683 
7546.270298  	103.501907 
7547.701956  	104.756226 
7549.133614  	102.070064 
7550.565272  	101.285624 
7551.996931  	103.681722 
7553.428589  	103.785137 
7554.860247  	104.354849 
7556.291905  	106.323323 
7557.723563  	106.048432 
7559.155221  	105.223241 
7560.586880  	106.349039 
7562.018538  	107.869133 
7563.450196  	107.918678 
7564.881854  	106.970839 
7566.313512  	105.663486 
7567.745171  	104.006769 
7569.176829  	104.069837 
7570.608487  	105.938218 
7572.040145  	106.955105 
7573.471803  	105.777432 
7574.903461  	103.847520 
7576.335120  	104.731738 
7577.766778  	107.489535 
7579.198436  	107.059886 
7580.630094  	105.181773 
7582.061752  	103.722841 
7583.493411  	101.707503 
7584.925069  	103.532322 
7586.356727  	107.234894 
7587.788385  	104.979111 
7589.220043  	102.576577 
7590.651702  	104.752160 
7592.083360  	106.168489 
7593.515018  	105.864726 
7594.946676  	104.754967 
7596.378334  	102.301505 
7597.809992  	102.124182 
7599.241651  	104.122025 
7600.673309  	103.489178 
7602.104967  	102.076226 
7603.536625  	105.045893 
7604.968283  	109.805098 
7606.399942  	110.784478 
7607.831600  	108.052039 
7609.263258  	105.071045 
7610.694916  	103.971648 
7612.126574  	104.471916 
7613.558233  	104.831824 
7614.989891  	104.104591 
7616.421549  	102.592716 
7617.853207  	102.870323 
7619.284865  	106.050769 
7620.716523  	106.634084 
7622.148182  	104.560913 
7623.579840  	104.970479 
7625.011498  	104.384997 
7626.443156  	103.800455 
7627.874814  	108.315416 
7629.306473  	107.200348 
7630.738131  	100.239115 
7632.169789  	100.359153 
7633.601447  	103.104902 
7635.033105  	102.193204 
7636.464763  	103.224577 
7637.896422  	104.575774 
7639.328080  	105.647663 
7640.759738  	107.801650 
7642.191396  	106.237123 
7643.623054  	103.590130 
7645.054713  	102.807628 
7646.486371  	101.423406 
7647.918029  	101.830735 
7649.349687  	103.457799 
7650.781345  	103.382296 
7652.213004  	103.221506 
7653.644662  	102.919978 
7655.076320  	103.946567 
7656.507978  	105.710825 
7657.939636  	104.191987 
7659.371294  	103.343291 
7660.802953  	103.380117 
7662.234611  	100.901652 
7663.666269  	101.484073 
7665.097927  	105.522776 
7666.529585  	105.732290 
7667.961244  	105.719898 
7669.392902  	106.303547 
7670.824560  	103.961178 
7672.256218  	102.017604 
7673.687876  	102.030262 
7675.119535  	103.050174 
7676.551193  	104.104874 
7677.982851  	102.586079 
7679.414509  	102.191748 
7680.846167  	104.400307 
7682.277825  	104.147412 
7683.709484  	101.396312 
7685.141142  	100.941507 
7686.572800  	103.288318 
7688.004458  	105.187481 
7689.436116  	104.229474 
7690.867775  	103.897181 
7692.299433  	105.544520 
7693.731091  	104.437243 
7695.162749  	101.863670 
7696.594407  	103.573847 
7698.026065  	106.668007 
7699.457724  	105.362089 
7700.889382  	102.837767 
7702.321040  	104.160494 
7703.752698  	106.413723 
7705.184356  	107.047632 
7706.616015  	107.520952 
7708.047673  	107.487424 
7709.479331  	106.989032 
7710.910989  	105.290342 
7712.342647  	102.099964 
7713.774306  	102.276111 
7715.205964  	104.956092 
7716.637622  	104.923353 
7718.069280  	105.606423 
7719.500938  	106.918913 
7720.932596  	105.379492 
7722.364255  	104.776936 
7723.795913  	105.668077 
7725.227571  	106.613657 
7726.659229  	107.964162 
7728.090887  	106.806034 
7729.522546  	105.850106 
7730.954204  	108.354398 
7732.385862  	108.702270 
7733.817520  	107.002431 
7735.249178  	106.912252 
7736.680837  	107.298292 
7738.112495  	105.508659 
7739.544153  	101.778968 
7740.975811  	99.839586 
7742.407469  	100.615529 
7743.839127  	101.058703 
7745.270786  	101.287443 
7746.702444  	101.912186 
7748.134102  	102.232258 
7749.565760  	104.612551 
7750.997418  	107.638926 
7752.429077  	108.328829 
7753.860735  	107.803580 
7755.292393  	106.208148 
7756.724051  	103.989213 
7758.155709  	102.132038 
7759.587367  	102.654213 
7761.019026  	106.012843 
7762.450684  	107.095312 
7763.882342  	106.040038 
7765.314000  	104.913153 
7766.745658  	103.608455 
7768.177317  	107.338386 
7769.608975  	109.539675 
7771.040633  	102.754830 
7772.472291  	100.093678 
7773.903949  	103.273790 
7775.335608  	100.878922 
7776.767266  	101.258761 
7778.198924  	105.343132 
7779.630582  	105.473942 
7781.062240  	108.481146 
7782.493898  	112.031770 
7783.925557  	107.950174 
7785.357215  	103.711722 
7786.788873  	102.844873 
7788.220531  	104.103713 
7789.652189  	105.849883 
7791.083848  	104.415616 
7792.515506  	101.761077 
7793.947164  	101.201010 
7795.378822  	103.744987 
7796.810480  	107.766998 
7798.242138  	106.626763 
7799.673797  	101.452822 
7801.105455  	98.173180 
7802.537113  	98.421077 
7803.968771  	103.257947 
7805.400429  	106.425150 
7806.832088  	102.176331 
7808.263746  	100.207249 
7809.695404  	106.087709 
7811.127062  	111.326536 
7812.558720  	107.944568 
7813.990379  	104.406751 
7815.422037  	108.444129 
7816.853695  	110.716145 
7818.285353  	106.536048 
7819.717011  	104.952085 
7821.148669  	102.812299 
7822.580328  	99.306953 
7824.011986  	101.099989 
7825.443644  	104.323461 
7826.875302  	105.724502 
7828.306960  	107.237164 
7829.738619  	107.495252 
7831.170277  	107.095286 
7832.601935  	106.706414 
7834.033593  	104.610224 
7835.465251  	101.673665 
7836.896910  	99.554524 
7838.328568  	102.456042 
7839.760226  	106.590215 
7841.191884  	103.183266 
7842.623542  	102.109741 
7844.055200  	106.437902 
7845.486859  	103.730655 
7846.918517  	99.644578 
7848.350175  	102.067380 
7849.781833  	103.754436 
7851.213491  	105.398578 
7852.645150  	108.569410 
7854.076808  	108.114213 
7855.508466  	105.711211 
7856.940124  	104.274207 
7858.371782  	102.105525 
7859.803440  	103.802098 
7861.235099  	109.825437 
7862.666757  	111.440118 
7864.098415  	108.094638 
7865.530073  	104.140556 
7866.961731  	99.412563 
7868.393390  	98.572631 
7869.825048  	104.052376 
7871.256706  	106.983916 
7872.688364  	106.110758 
7874.120022  	106.064231 
7875.551681  	105.011594 
7876.983339  	104.425863 
7878.414997  	106.514220 
7879.846655  	106.118518 
7881.278313  	103.522224 
7882.709971  	103.912338 
7884.141630  	104.895706 
7885.573288  	105.018545 
7887.004946  	106.020174 
7888.436604  	106.353142 
7889.868262  	106.522702 
7891.299921  	108.055894 
7892.731579  	107.623510 
7894.163237  	103.369744 
7895.594895  	102.109779 
7897.026553  	105.295497 
7898.458212  	103.427157 
7899.889870  	98.062919 