##TITLE=No Description
##DATA TYPE=INFRARED SPECTRUM
##XUNITS=1/CM
##YUNITS=%T
349.324597  	161.150982 
350.756256  	178.148328 
352.187914  	114.566352 
353.619572  	103.510044 
355.051230  	55.944121 
356.482888  	42.830418 
357.914546  	60.664187 
359.346205  	72.828511 
360.777863  	61.264007 
362.209521  	40.266891 
363.641179  	32.146000 
365.072837  	43.267952 
366.504496  	44.102451 
367.936154  	42.636601 
369.367812  	47.857112 
370.799470  	44.237118 
372.231128  	41.461277 
373.662787  	49.140293 
375.094445  	51.605224 
376.526103  	37.022621 
377.957761  	35.783441 
379.389419  	40.088162 
380.821077  	45.363959 
382.252736  	48.369242 
383.684394  	45.049377 
385.116052  	37.068346 
386.547710  	35.280340 
387.979368  	39.907385 
389.411027  	44.014097 
390.842685  	41.658274 
392.274343  	36.000900 
393.706001  	36.724916 
395.137659  	38.732539 
396.569317  	31.634674 
398.000976  	31.637271 
399.432634  	39.865612 
400.864292  	40.426777 
402.295950  	41.180949 
403.727608  	45.060845 
405.159267  	45.975830 
406.590925  	44.584885 
408.022583  	44.115362 
409.454241  	42.173427 
410.885899  	39.097262 
412.317558  	37.558237 
413.749216  	38.971537 
415.180874  	42.196975 
416.612532  	42.328528 
418.044190  	39.543850 
419.475848  	42.331509 
420.907507  	44.707379 
422.339165  	43.649549 
423.770823  	43.683580 
425.202481  	42.920066 
426.634139  	43.121523 
428.065798  	46.468439 
429.497456  	47.148501 
430.929114  	46.673525 
432.360772  	48.651665 
433.792430  	49.964220 
435.224089  	51.023642 
436.655747  	51.473323 
438.087405  	49.979771 
439.519063  	50.424791 
440.950721  	51.879155 
442.382379  	51.739855 
443.814038  	52.021690 
445.245696  	52.577433 
446.677354  	52.856607 
448.109012  	53.316137 
449.540670  	53.004516 
450.972329  	53.496125 
452.403987  	54.092749 
453.835645  	52.976348 
455.267303  	53.028563 
456.698961  	53.744280 
458.130619  	53.115127 
459.562278  	52.654977 
460.993936  	51.089416 
462.425594  	48.923622 
463.857252  	49.278687 
465.288910  	49.863858 
466.720569  	49.376170 
468.152227  	49.535114 
469.583885  	49.790403 
471.015543  	49.615143 
472.447201  	49.732297 
473.878860  	49.241026 
475.310518  	47.665592 
476.742176  	46.578906 
478.173834  	47.014499 
479.605492  	47.174469 
481.037150  	46.431657 
482.468809  	46.031857 
483.900467  	45.415760 
485.332125  	44.721851 
486.763783  	44.907699 
488.195441  	44.891902 
489.627100  	44.299560 
491.058758  	43.714680 
492.490416  	43.232301 
493.922074  	42.933484 
495.353732  	42.433869 
496.785391  	41.869612 
498.217049  	42.087759 
499.648707  	42.227126 
501.080365  	41.444038 
502.512023  	40.397553 
503.943681  	40.156122 
505.375340  	40.575881 
506.806998  	40.431274 
508.238656  	39.496384 
509.670314  	39.074560 
511.101972  	39.301961 
512.533631  	39.450429 
513.965289  	38.981776 
515.396947  	37.992747 
516.828605  	37.630810 
518.260263  	38.033592 
519.691921  	38.147392 
521.123580  	38.097134 
522.555238  	37.841266 
523.986896  	37.387692 
525.418554  	37.521162 
526.850212  	37.959901 
528.281871  	37.823314 
529.713529  	37.402367 
531.145187  	37.146568 
532.576845  	37.115016 
534.008503  	37.181939 
535.440162  	37.278457 
536.871820  	37.276255 
538.303478  	37.045428 
539.735136  	36.897651 
541.166794  	36.885211 
542.598452  	36.888126 
544.030111  	37.110919 
545.461769  	37.343880 
546.893427  	37.292063 
548.325085  	37.300982 
549.756743  	37.590672 
551.188402  	38.053546 
552.620060  	38.514177 
554.051718  	39.008816 
555.483376  	39.859218 
556.915034  	40.955299 
558.346692  	42.023670 
559.778351  	43.167607 
561.210009  	44.422837 
562.641667  	45.664350 
564.073325  	46.842805 
565.504983  	48.215053 
566.936642  	49.734330 
568.368300  	50.649618 
569.799958  	50.834006 
571.231616  	50.622197 
572.663274  	50.003145 
574.094933  	49.443660 
575.526591  	49.336712 
576.958249  	49.439540 
578.389907  	49.589732 
579.821565  	49.698751 
581.253223  	49.684213 
582.684882  	49.680529 
584.116540  	49.766142 
585.548198  	49.979742 
586.979856  	50.131962 
588.411514  	50.062424 
589.843173  	50.054695 
591.274831  	50.102523 
592.706489  	50.083364 
594.138147  	50.169472 
595.569805  	50.152361 
597.001464  	50.000944 
598.433122  	49.928290 
599.864780  	49.793005 
601.296438  	49.825351 
602.728096  	50.072955 
604.159754  	50.039106 
605.591413  	49.970117 
607.023071  	50.122247 
608.454729  	50.166138 
609.886387  	50.159804 
611.318045  	50.183562 
612.749704  	50.182227 
614.181362  	50.225913 
615.613020  	50.230224 
617.044678  	50.366500 
618.476336  	50.695616 
619.907994  	50.777701 
621.339653  	50.682337 
622.771311  	50.743616 
624.202969  	50.865794 
625.634627  	50.899487 
627.066285  	50.870202 
628.497944  	50.919796 
629.929602  	50.952843 
631.361260  	50.903761 
632.792918  	51.148837 
634.224576  	51.504777 
635.656235  	51.510623 
637.087893  	51.592814 
638.519551  	51.963543 
639.951209  	52.264098 
641.382867  	52.442894 
642.814525  	52.595070 
644.246184  	52.727201 
645.677842  	52.706354 
647.109500  	52.669869 
648.541158  	52.998117 
649.972816  	53.276658 
651.404475  	53.321365 
652.836133  	53.714006 
654.267791  	54.100546 
655.699449  	54.204740 
657.131107  	54.549590 
658.562766  	54.926403 
659.994424  	55.104384 
661.426082  	55.358553 
662.857740  	55.718306 
664.289398  	56.140180 
665.721056  	56.216851 
667.152715  	55.599183 
668.584373  	55.725172 
670.016031  	57.141307 
671.447689  	57.876736 
672.879347  	58.251953 
674.311006  	58.527715 
675.742664  	58.836250 
677.174322  	59.190671 
678.605980  	59.515128 
680.037638  	59.915251 
681.469296  	60.304894 
682.900955  	60.605313 
684.332613  	60.989947 
685.764271  	61.399931 
687.195929  	61.848076 
688.627587  	62.378011 
690.059246  	62.781780 
691.490904  	63.150225 
692.922562  	63.552177 
694.354220  	63.906687 
695.785878  	64.328099 
697.217537  	64.645796 
698.649195  	64.767136 
700.080853  	64.958582 
701.512511  	65.162104 
702.944169  	65.346169 
704.375827  	65.665188 
705.807486  	66.001977 
707.239144  	66.382027 
708.670802  	66.921604 
710.102460  	67.500719 
711.534118  	68.138351 
712.965777  	68.837219 
714.397435  	69.474921 
715.829093  	70.083247 
717.260751  	70.658873 
718.692409  	71.151321 
720.124067  	71.594628 
721.555726  	72.001940 
722.987384  	72.392748 
724.419042  	72.796225 
725.850700  	73.215825 
727.282358  	73.625070 
728.714017  	73.977553 
730.145675  	74.342541 
731.577333  	74.848179 
733.008991  	75.455869 
734.440649  	76.073732 
735.872308  	76.699991 
737.303966  	77.265442 
738.735624  	77.669405 
740.167282  	77.995872 
741.598940  	78.319852 
743.030598  	78.527466 
744.462257  	78.547212 
745.893915  	78.438211 
747.325573  	78.338549 
748.757231  	78.261028 
750.188889  	78.013842 
751.620548  	77.618888 
753.052206  	77.210635 
754.483864  	76.699013 
755.915522  	76.188581 
757.347180  	75.930625 
758.778839  	75.839647 
760.210497  	75.758802 
761.642155  	75.685054 
763.073813  	75.566065 
764.505471  	75.392326 
765.937129  	75.251256 
767.368788  	75.236821 
768.800446  	75.489634 
770.232104  	76.097181 
771.663762  	77.041641 
773.095420  	78.290768 
774.527079  	79.704017 
775.958737  	81.092496 
777.390395  	82.292295 
778.822053  	83.225543 
780.253711  	84.032115 
781.685369  	84.759270 
783.117028  	85.292179 
784.548686  	85.680846 
785.980344  	86.007821 
787.412002  	86.206558 
788.843660  	86.280205 
790.275319  	86.375894 
791.706977  	86.513651 
793.138635  	86.533045 
794.570293  	86.386080 
796.001951  	86.141402 
797.433610  	85.711393 
798.865268  	84.869701 
800.296926  	83.597593 
801.728584  	82.135100 
803.160242  	80.538047 
804.591900  	78.752373 
806.023559  	76.933414 
807.455217  	75.156829 
808.886875  	73.354913 
810.318533  	71.648519 
811.750191  	70.330330 
813.181850  	69.466114 
814.613508  	68.975681 
816.045166  	68.991662 
817.476824  	69.356735 
818.908482  	69.556846 
820.340141  	69.320528 
821.771799  	68.539180 
823.203457  	67.218990 
824.635115  	65.586408 
826.066773  	63.971905 
827.498431  	62.874267 
828.930090  	62.617822 
830.361748  	63.187529 
831.793406  	64.567210 
833.225064  	66.538029 
834.656722  	68.845838 
836.088381  	71.295264 
837.520039  	73.483878 
838.951697  	75.247825 
840.383355  	76.761688 
841.815013  	78.081857 
843.246671  	79.230944 
844.678330  	80.319427 
846.109988  	81.394246 
847.541646  	82.536874 
848.973304  	83.900288 
850.404962  	85.469437 
851.836621  	87.033207 
853.268279  	88.438421 
854.699937  	89.666045 
856.131595  	90.717471 
857.563253  	91.533517 
858.994912  	92.080599 
860.426570  	92.469095 
861.858228  	92.805469 
863.289886  	93.035226 
864.721544  	93.018957 
866.153202  	92.764694 
867.584861  	92.398966 
869.016519  	91.905161 
870.448177  	91.289510 
871.879835  	90.609856 
873.311493  	89.753554 
874.743152  	88.717698 
876.174810  	87.639753 
877.606468  	86.527382 
879.038126  	85.325988 
880.469784  	84.016227 
881.901443  	82.699679 
883.333101  	81.494056 
884.764759  	80.501185 
886.196417  	79.951698 
887.628075  	79.995679 
889.059733  	80.743746 
890.491392  	82.338417 
891.923050  	84.634575 
893.354708  	87.162853 
894.786366  	89.421004 
896.218024  	91.115462 
897.649683  	92.218821 
899.081341  	92.830091 
900.512999  	93.022072 
901.944657  	93.010673 
903.376315  	92.977890 
904.807973  	92.855959 
906.239632  	92.650704 
907.671290  	92.428212 
909.102948  	92.139039 
910.534606  	91.776418 
911.966264  	91.381681 
913.397923  	90.941163 
914.829581  	90.469473 
916.261239  	90.102965 
917.692897  	89.899042 
919.124555  	89.796835 
920.556214  	89.865822 
921.987872  	90.080085 
923.419530  	90.255710 
924.851188  	90.382632 
926.282846  	90.411351 
927.714504  	90.219772 
929.146163  	89.895205 
930.577821  	89.473728 
932.009479  	88.960361 
933.441137  	88.519698 
934.872795  	88.237561 
936.304454  	88.116087 
937.736112  	88.052481 
939.167770  	87.873169 
940.599428  	87.622702 
942.031086  	87.439422 
943.462744  	87.380982 
944.894403  	87.430726 
946.326061  	87.470894 
947.757719  	87.502508 
949.189377  	87.593865 
950.621035  	87.622139 
952.052694  	87.481685 
953.484352  	87.190034 
954.916010  	86.789801 
956.347668  	86.367799 
957.779326  	85.993255 
959.210985  	85.727766 
960.642643  	85.561973 
962.074301  	85.413921 
963.505959  	85.330533 
964.937617  	85.333347 
966.369275  	85.303051 
967.800934  	85.185396 
969.232592  	84.986423 
970.664250  	84.721529 
972.095908  	84.435399 
973.527566  	84.149251 
974.959225  	83.833341 
976.390883  	83.406346 
977.822541  	82.875707 
979.254199  	82.325076 
980.685857  	81.752994 
982.117516  	81.142551 
983.549174  	80.398366 
984.980832  	79.458096 
986.412490  	78.463807 
987.844148  	77.385075 
989.275806  	76.166645 
990.707465  	74.988851 
992.139123  	73.914677 
993.570781  	73.043701 
995.002439  	72.408777 
996.434097  	71.695821 
997.865756  	70.625148 
999.297414  	68.920658 
1000.729072  	66.473113 
1002.160730  	63.709520 
1003.592388  	61.173092 
1005.024046  	59.439980 
1006.455705  	58.693314 
1007.887363  	58.317189 
1009.319021  	57.491091 
1010.750679  	55.161344 
1012.182337  	51.277495 
1013.613996  	48.843480 
1015.045654  	51.386769 
1016.477312  	58.730564 
1017.908970  	67.505660 
1019.340628  	75.061371 
1020.772287  	80.567956 
1022.203945  	84.298015 
1023.635603  	87.018523 
1025.067261  	88.948118 
1026.498919  	90.025562 
1027.930577  	90.384818 
1029.362236  	90.219761 
1030.793894  	89.806365 
1032.225552  	89.327782 
1033.657210  	88.827694 
1035.088868  	88.338594 
1036.520527  	87.818109 
1037.952185  	87.226600 
1039.383843  	86.655233 
1040.815501  	86.155820 
1042.247159  	85.648418 
1043.678818  	85.106749 
1045.110476  	84.599695 
1046.542134  	84.154554 
1047.973792  	83.687941 
1049.405450  	83.142420 
1050.837108  	82.621225 
1052.268767  	82.122125 
1053.700425  	81.538865 
1055.132083  	80.978019 
1056.563741  	80.459719 
1057.995399  	79.869622 
1059.427058  	79.249908 
1060.858716  	78.567415 
1062.290374  	77.838402 
1063.722032  	77.144744 
1065.153690  	76.326307 
1066.585348  	75.344945 
1068.017007  	74.181737 
1069.448665  	72.723009 
1070.880323  	71.114670 
1072.311981  	69.209730 
1073.743639  	66.681344 
1075.175298  	63.434148 
1076.606956  	59.337257 
1078.038614  	55.493556 
1079.470272  	54.017272 
1080.901930  	55.707567 
1082.333589  	60.022003 
1083.765247  	65.442458 
1085.196905  	70.467887 
1086.628563  	74.294279 
1088.060221  	76.459450 
1089.491879  	77.040602 
1090.923538  	76.601628 
1092.355196  	75.588358 
1093.786854  	74.227777 
1095.218512  	72.569103 
1096.650170  	70.622703 
1098.081829  	68.690837 
1099.513487  	66.998520 
1100.945145  	65.852697 
1102.376803  	65.574244 
1103.808461  	65.834081 
1105.240120  	66.209764 
1106.671778  	66.354895 
1108.103436  	66.218771 
1109.535094  	66.273185 
1110.966752  	66.578876 
1112.398410  	66.968874 
1113.830069  	67.397176 
1115.261727  	67.557061 
1116.693385  	67.469903 
1118.125043  	67.252900 
1119.556701  	66.763286 
1120.988360  	66.179046 
1122.420018  	65.464430 
1123.851676  	64.484951 
1125.283334  	63.520975 
1126.714992  	62.454006 
1128.146650  	61.219594 
1129.578309  	60.062141 
1131.009967  	58.815343 
1132.441625  	57.505377 
1133.873283  	56.205488 
1135.304941  	54.785976 
1136.736600  	53.363542 
1138.168258  	51.821435 
1139.599916  	50.176183 
1141.031574  	48.626292 
1142.463232  	46.984700 
1143.894891  	45.372014 
1145.326549  	43.809403 
1146.758207  	42.151504 
1148.189865  	40.669806 
1149.621523  	39.179339 
1151.053181  	37.652820 
1152.484840  	36.380112 
1153.916498  	35.138501 
1155.348156  	34.187008 
1156.779814  	33.678188 
1158.211472  	33.480644 
1159.643131  	34.088944 
1161.074789  	35.432334 
1162.506447  	37.510427 
1163.938105  	40.620477 
1165.369763  	44.313228 
1166.801421  	48.536691 
1168.233080  	52.930805 
1169.664738  	56.349114 
1171.096396  	58.106618 
1172.528054  	57.708602 
1173.959712  	55.228820 
1175.391371  	51.811529 
1176.823029  	48.413021 
1178.254687  	45.576724 
1179.686345  	43.342297 
1181.118003  	41.048817 
1182.549662  	38.838148 
1183.981320  	37.069505 
1185.412978  	35.862929 
1186.844636  	35.679305 
1188.276294  	36.244445 
1189.707952  	37.336841 
1191.139611  	39.013448 
1192.571269  	40.839156 
1194.002927  	42.954805 
1195.434585  	45.404008 
1196.866243  	47.903737 
1198.297902  	50.654872 
1199.729560  	53.514314 
1201.161218  	56.357652 
1202.592876  	59.159170 
1204.024534  	61.383273 
1205.456193  	62.632051 
1206.887851  	62.438333 
1208.319509  	60.456823 
1209.751167  	57.309257 
1211.182825  	53.692500 
1212.614483  	50.174893 
1214.046142  	47.533003 
1215.477800  	45.705465 
1216.909458  	44.629724 
1218.341116  	44.320170 
1219.772774  	44.312170 
1221.204433  	44.724678 
1222.636091  	45.448423 
1224.067749  	46.186041 
1225.499407  	47.147431 
1226.931065  	48.092970 
1228.362723  	49.024046 
1229.794382  	50.136670 
1231.226040  	51.152435 
1232.657698  	52.236645 
1234.089356  	53.365275 
1235.521014  	54.320374 
1236.952673  	55.392762 
1238.384331  	56.419282 
1239.815989  	57.320237 
1241.247647  	58.356127 
1242.679305  	59.336216 
1244.110964  	60.368894 
1245.542622  	61.583951 
1246.974280  	62.824975 
1248.405938  	64.281285 
1249.837596  	65.924285 
1251.269254  	67.729047 
1252.700913  	69.843915 
1254.132571  	72.070185 
1255.564229  	74.451027 
1256.995887  	77.041282 
1258.427545  	79.628565 
1259.859204  	82.248613 
1261.290862  	84.819753 
1262.722520  	87.126506 
1264.154178  	89.170831 
1265.585836  	90.967086 
1267.017495  	92.468452 
1268.449153  	93.669857 
1269.880811  	94.600947 
1271.312469  	95.283616 
1272.744127  	95.786618 
1274.175785  	96.162873 
1275.607444  	96.383246 
1277.039102  	96.433176 
1278.470760  	96.334833 
1279.902418  	96.120906 
1281.334076  	95.787540 
1282.765735  	95.355892 
1284.197393  	94.900337 
1285.629051  	94.424601 
1287.060709  	93.978621 
1288.492367  	93.634356 
1289.924025  	93.378336 
1291.355684  	93.275603 
1292.787342  	93.399407 
1294.219000  	93.761004 
1295.650658  	94.372505 
1297.082316  	95.137980 
1298.513975  	95.913518 
1299.945633  	96.674970 
1301.377291  	97.330924 
1302.808949  	97.807827 
1304.240607  	98.148656 
1305.672266  	98.216049 
1307.103924  	98.001207 
1308.535582  	97.744405 
1309.967240  	97.679200 
1311.398898  	97.999318 
1312.830556  	98.652867 
1314.262215  	99.386157 
1315.693873  	100.059544 
1317.125531  	100.551070 
1318.557189  	100.857115 
1319.988847  	101.103997 
1321.420506  	101.226759 
1322.852164  	101.301093 
1324.283822  	101.370236 
1325.715480  	101.352501 
1327.147138  	101.379469 
1328.578796  	101.406812 
1330.010455  	101.371694 
1331.442113  	101.394190 
1332.873771  	101.378053 
1334.305429  	101.339247 
1335.737087  	101.339618 
1337.168746  	101.295711 
1338.600404  	101.315208 
1340.032062  	101.338770 
1341.463720  	101.288957 
1342.895378  	101.297162 
1344.327037  	101.209751 
1345.758695  	101.078083 
1347.190353  	101.039121 
1348.622011  	100.933689 
1350.053669  	100.861288 
1351.485327  	100.812680 
1352.916986  	100.657926 
1354.348644  	100.531264 
1355.780302  	100.305769 
1357.211960  	99.927977 
1358.643618  	99.320614 
1360.075277  	98.081066 
1361.506935  	96.259478 
1362.938593  	94.213030 
1364.370251  	93.219491 
1365.801909  	93.909477 
1367.233568  	95.582921 
1368.665226  	97.413439 
1370.096884  	98.745974 
1371.528542  	99.492750 
1372.960200  	99.851468 
1374.391858  	100.026861 
1375.823517  	99.992385 
1377.255175  	99.931658 
1378.686833  	99.813058 
1380.118491  	99.436532 
1381.550149  	98.895206 
1382.981808  	98.012280 
1384.413466  	96.993736 
1385.845124  	96.316773 
1387.276782  	96.252284 
1388.708440  	96.852207 
1390.140098  	97.582873 
1391.571757  	98.304159 
1393.003415  	98.798576 
1394.435073  	98.932381 
1395.866731  	98.897492 
1397.298389  	98.763376 
1398.730048  	98.371451 
1400.161706  	97.827282 
1401.593364  	97.235738 
1403.025022  	96.465137 
1404.456680  	95.536615 
1405.888339  	94.393021 
1407.319997  	93.372551 
1408.751655  	92.928485 
1410.183313  	92.953632 
1411.614971  	93.598188 
1413.046629  	94.803847 
1414.478288  	96.051221 
1415.909946  	97.275381 
1417.341604  	98.229390 
1418.773262  	98.827679 
1420.204920  	99.431768 
1421.636579  	99.698948 
1423.068237  	99.777515 
1424.499895  	99.871247 
1425.931553  	99.830253 
1427.363211  	99.849024 
1428.794870  	99.894217 
1430.226528  	99.780008 
1431.658186  	99.754871 
1433.089844  	99.682729 
1434.521502  	99.531881 
1435.953160  	99.442346 
1437.384819  	99.126318 
1438.816477  	98.882995 
1440.248135  	98.648724 
1441.679793  	98.212591 
1443.111451  	97.898687 
1444.543110  	97.564754 
1445.974768  	97.188836 
1447.406426  	96.981049 
1448.838084  	96.609398 
1450.269742  	96.330136 
1451.701400  	96.265883 
1453.133059  	96.133068 
1454.564717  	96.085775 
1455.996375  	95.949515 
1457.428033  	95.254377 
1458.859691  	94.693419 
1460.291350  	93.939998 
1461.723008  	93.211159 
1463.154666  	92.795367 
1464.586324  	92.538346 
1466.017982  	92.755948 
1467.449641  	92.997150 
1468.881299  	93.189107 
1470.312957  	93.503043 
1471.744615  	93.615807 
1473.176273  	93.760737 
1474.607931  	93.927652 
1476.039590  	93.709373 
1477.471248  	93.573015 
1478.902906  	93.367811 
1480.334564  	92.863282 
1481.766222  	92.343691 
1483.197881  	91.543084 
1484.629539  	90.510667 
1486.061197  	89.454821 
1487.492855  	87.873598 
1488.924513  	86.194118 
1490.356172  	84.474205 
1491.787830  	81.877331 
1493.219488  	79.666774 
1494.651146  	77.549046 
1496.082804  	74.755017 
1497.514462  	72.263732 
1498.946121  	69.950160 
1500.377779  	67.891588 
1501.809437  	67.114897 
1503.241095  	66.821237 
1504.672753  	67.071770 
1506.104412  	69.106863 
1507.536070  	73.397521 
1508.967728  	77.381045 
1510.399386  	81.209916 
1511.831044  	85.069984 
1513.262702  	88.833207 
1514.694361  	91.764264 
1516.126019  	93.885636 
1517.557677  	96.014040 
1518.989335  	97.339956 
1520.420993  	97.876984 
1521.852652  	98.770469 
1523.284310  	99.412254 
1524.715968  	99.573270 
1526.147626  	99.952702 
1527.579284  	100.235339 
1529.010943  	100.379110 
1530.442601  	100.556758 
1531.874259  	100.580183 
1533.305917  	100.648820 
1534.737575  	100.802200 
1536.169233  	100.811702 
1537.600892  	100.864929 
1539.032550  	100.888031 
1540.464208  	100.965429 
1541.895866  	101.192189 
1543.327524  	101.179394 
1544.759183  	101.189941 
1546.190841  	101.211052 
1547.622499  	101.168464 
1549.054157  	101.200690 
1550.485815  	101.186816 
1551.917473  	101.147171 
1553.349132  	101.195176 
1554.780790  	101.184638 
1556.212448  	101.164617 
1557.644106  	101.130703 
1559.075764  	100.906588 
1560.507423  	101.088268 
1561.939081  	101.127160 
1563.370739  	101.089377 
1564.802397  	101.107406 
1566.234055  	101.025793 
1567.665714  	100.920666 
1569.097372  	100.859085 
1570.529030  	100.748454 
1571.960688  	100.701071 
1573.392346  	100.646121 
1574.824004  	100.536716 
1576.255663  	100.448147 
1577.687321  	100.333171 
1579.118979  	100.200565 
1580.550637  	100.007749 
1581.982295  	99.718034 
1583.413954  	99.434525 
1584.845612  	99.053229 
1586.277270  	98.556737 
1587.708928  	98.028364 
1589.140586  	97.419046 
1590.572245  	96.913722 
1592.003903  	96.589801 
1593.435561  	96.472996 
1594.867219  	96.584753 
1596.298877  	96.692211 
1597.730535  	96.742398 
1599.162194  	96.702290 
1600.593852  	96.587873 
1602.025510  	96.583093 
1603.457168  	96.654974 
1604.888826  	96.863214 
1606.320485  	97.275129 
1607.752143  	97.772893 
1609.183801  	98.297652 
1610.615459  	98.725945 
1612.047117  	99.072350 
1613.478775  	99.342031 
1614.910434  	99.477472 
1616.342092  	99.583194 
1617.773750  	99.753882 
1619.205408  	99.845442 
1620.637066  	99.891790 
1622.068725  	99.918048 
1623.500383  	99.914280 
1624.932041  	99.917639 
1626.363699  	99.905508 
1627.795357  	99.854269 
1629.227016  	99.786636 
1630.658674  	99.741812 
1632.090332  	99.711657 
1633.521990  	99.640243 
1634.953648  	99.539040 
1636.385306  	99.547909 
1637.816965  	99.537747 
1639.248623  	99.467481 
1640.680281  	99.404353 
1642.111939  	99.314293 
1643.543597  	99.226125 
1644.975256  	99.117629 
1646.406914  	98.941904 
1647.838572  	98.925537 
1649.270230  	98.960605 
1650.701888  	98.861522 
1652.133547  	98.735969 
1653.565205  	98.774308 
1654.996863  	98.877222 
1656.428521  	98.852462 
1657.860179  	98.803548 
1659.291837  	98.781187 
1660.723496  	98.747914 
1662.155154  	98.700936 
1663.586812  	98.726822 
1665.018470  	98.705820 
1666.450128  	98.632639 
1667.881787  	98.572644 
1669.313445  	98.555738 
1670.745103  	98.675154 
1672.176761  	98.718020 
1673.608419  	98.648255 
1675.040077  	98.648748 
1676.471736  	98.624771 
1677.903394  	98.544932 
1679.335052  	98.487816 
1680.766710  	98.383816 
1682.198368  	98.327069 
1683.630027  	98.306807 
1685.061685  	98.296422 
1686.493343  	98.301475 
1687.925001  	98.160091 
1689.356659  	97.995715 
1690.788318  	97.943011 
1692.219976  	97.768531 
1693.651634  	97.566042 
1695.083292  	97.390359 
1696.514950  	97.185412 
1697.946608  	97.167780 
1699.378267  	97.039482 
1700.809925  	96.850452 
1702.241583  	96.863703 
1703.673241  	96.639826 
1705.104899  	96.400486 
1706.536558  	96.259185 
1707.968216  	95.986483 
1709.399874  	95.776312 
1710.831532  	95.543739 
1712.263190  	95.229642 
1713.694849  	95.038546 
1715.126507  	94.787336 
1716.558165  	94.574987 
1717.989823  	94.534823 
1719.421481  	94.198704 
1720.853139  	93.955527 
1722.284798  	93.674744 
1723.716456  	93.242368 
1725.148114  	93.027203 
1726.579772  	92.731149 
1728.011430  	92.325442 
1729.443089  	92.056649 
1730.874747  	91.635727 
1732.306405  	91.285086 
1733.738063  	91.101967 
1735.169721  	90.716735 
1736.601379  	90.376585 
1738.033038  	89.863425 
1739.464696  	89.241778 
1740.896354  	88.834734 
1742.328012  	88.180331 
1743.759670  	87.562949 
1745.191329  	86.930192 
1746.622987  	85.850649 
1748.054645  	84.883861 
1749.486303  	83.857482 
1750.917961  	82.452265 
1752.349620  	81.082748 
1753.781278  	79.292142 
1755.212936  	77.409419 
1756.644594  	75.477191 
1758.076252  	72.790585 
1759.507910  	70.296541 
1760.939569  	68.030152 
1762.371227  	65.277212 
1763.802885  	63.241146 
1765.234543  	61.929947 
1766.666201  	60.849688 
1768.097860  	60.810145 
1769.529518  	61.138357 
1770.961176  	61.396973 
1772.392834  	62.946024 
1773.824492  	64.560494 
1775.256150  	65.755251 
1776.687809  	67.682931 
1778.119467  	69.412156 
1779.551125  	71.153019 
1780.982783  	73.568326 
1782.414441  	75.448731 
1783.846100  	77.347994 
1785.277758  	79.724824 
1786.709416  	81.680113 
1788.141074  	83.800151 
1789.572732  	85.890814 
1791.004391  	87.646566 
1792.436049  	90.075690 
1793.867707  	91.979153 
1795.299365  	93.299738 
1796.731023  	94.848476 
1798.162681  	95.833369 
1799.594340  	96.883112 
1801.025998  	98.025336 
1802.457656  	98.468108 
1803.889314  	99.133754 
1805.320972  	99.570742 
1806.752631  	99.747552 
1808.184289  	100.311687 
1809.615947  	100.455817 
1811.047605  	100.526865 
1812.479263  	100.874070 
1813.910922  	100.873622 
1815.342580  	101.095196 
1816.774238  	101.253202 
1818.205896  	101.131250 
1819.637554  	101.361873 
1821.069212  	101.321945 
1822.500871  	101.251026 
1823.932529  	101.489796 
1825.364187  	101.368530 
1826.795845  	101.444146 
1828.227503  	101.601546 
1829.659162  	101.438810 
1831.090820  	101.564309 
1832.522478  	101.558278 
1833.954136  	101.543493 
1835.385794  	101.718635 
1836.817452  	101.592675 
1838.249111  	101.707185 
1839.680769  	101.848284 
1841.112427  	101.570270 
1842.544085  	101.594919 
1843.975743  	101.612356 
1845.407402  	101.532133 
1846.839060  	101.704759 
1848.270718  	101.508871 
1849.702376  	101.513054 
1851.134034  	101.695017 
1852.565693  	101.488393 
1853.997351  	101.620734 
1855.429009  	101.715368 
1856.860667  	101.440421 
1858.292325  	101.530257 
1859.723983  	101.540263 
1861.155642  	101.474790 
1862.587300  	101.586916 
1864.018958  	101.431822 
1865.450616  	101.424195 
1866.882274  	101.427227 
1868.313933  	101.215049 
1869.745591  	101.412153 
1871.177249  	101.321107 
1872.608907  	101.133539 
1874.040565  	101.358043 
1875.472224  	101.308284 
1876.903882  	101.176003 
1878.335540  	101.161119 
1879.767198  	101.016507 
1881.198856  	101.136935 
1882.630514  	101.148469 
1884.062173  	100.948665 
1885.493831  	100.947140 
1886.925489  	100.774781 
1888.357147  	100.687778 
1889.788805  	100.756064 
1891.220464  	100.562446 
1892.652122  	100.577902 
1894.083780  	100.553852 
1895.515438  	100.367123 
1896.947096  	100.507654 
1898.378754  	100.558436 
1899.810413  	100.537218 
1901.242071  	100.567001 
1902.673729  	100.446286 
1904.105387  	100.576480 
1905.537045  	100.670629 
1906.968704  	100.623249 
1908.400362  	100.883678 
1909.832020  	100.937605 
1911.263678  	100.963798 
1912.695336  	101.199157 
1914.126995  	101.067341 
1915.558653  	101.061896 
1916.990311  	101.262453 
1918.421969  	101.336038 
1919.853627  	101.542703 
1921.285285  	101.426044 
1922.716944  	101.264535 
1924.148602  	101.382366 
1925.580260  	101.121729 
1927.011918  	101.170240 
1928.443576  	101.480730 
1929.875235  	101.249237 
1931.306893  	101.199285 
1932.738551  	101.160572 
1934.170209  	100.972507 
1935.601867  	101.196793 
1937.033525  	101.197676 
1938.465184  	101.210013 
1939.896842  	101.410042 
1941.328500  	101.158244 
1942.760158  	101.129010 
1944.191816  	101.048574 
1945.623475  	100.739958 
1947.055133  	101.112218 
1948.486791  	101.197801 
1949.918449  	100.900388 
1951.350107  	101.005161 
1952.781766  	100.913062 
1954.213424  	101.040446 
1955.645082  	101.319316 
1957.076740  	101.145115 
1958.508398  	101.245525 
1959.940056  	101.038122 
1961.371715  	100.606004 
1962.803373  	100.826659 
1964.235031  	100.740539 
1965.666689  	100.556340 
1967.098347  	100.518916 
1968.530006  	100.202940 
1969.961664  	100.440734 
1971.393322  	100.749630 
1972.824980  	100.910474 
1974.256638  	101.242635 
1975.688297  	100.746204 
1977.119955  	100.409677 
1978.551613  	100.567935 
1979.983271  	100.219434 
1981.414929  	100.433115 
1982.846587  	100.918003 
1984.278246  	101.036143 
1985.709904  	101.177097 
1987.141562  	100.980221 
1988.573220  	101.055959 
1990.004878  	101.253813 
1991.436537  	100.738994 
1992.868195  	100.808649 
1994.299853  	101.085930 
1995.731511  	100.757573 
1997.163169  	100.840096 
1998.594827  	100.827073 
2000.026486  	100.573305 
2001.458144  	100.677174 
2002.889802  	100.477628 
2004.321460  	100.248713 
2005.753118  	100.125537 
2007.184777  	99.870607 
2008.616435  	100.093796 
2010.048093  	100.320786 
2011.479751  	100.355031 
2012.911409  	100.328323 
2014.343068  	100.061847 
2015.774726  	100.454397 
2017.206384  	100.668072 
2018.638042  	100.003622 
2020.069700  	100.173136 
2021.501358  	100.598020 
2022.933017  	100.489610 
2024.364675  	100.428230 
2025.796333  	100.233984 
2027.227991  	100.572561 
2028.659649  	100.755249 
2030.091308  	100.016736 
2031.522966  	100.095730 
2032.954624  	100.327599 
2034.386282  	100.015508 
2035.817940  	100.186361 
2037.249599  	100.022089 
2038.681257  	99.758772 
2040.112915  	99.915035 
2041.544573  	99.871855 
2042.976231  	100.082875 
2044.407889  	100.261561 
2045.839548  	99.995492 
2047.271206  	99.839866 
2048.702864  	99.721223 
2050.134522  	100.016312 
2051.566180  	100.383705 
2052.997839  	100.218483 
2054.429497  	100.222447 
2055.861155  	100.148429 
2057.292813  	99.883874 
2058.724471  	100.107648 
2060.156129  	100.147295 
2061.587788  	100.097023 
2063.019446  	100.316739 
2064.451104  	100.033795 
2065.882762  	99.935666 
2067.314420  	100.315382 
2068.746079  	100.324295 
2070.177737  	100.314686 
2071.609395  	100.205218 
2073.041053  	99.950083 
2074.472711  	100.128941 
2075.904370  	100.209921 
2077.336028  	100.037784 
2078.767686  	100.033660 
2080.199344  	100.092040 
2081.631002  	100.210719 
2083.062660  	100.150340 
2084.494319  	100.051886 
2085.925977  	100.222052 
2087.357635  	100.097195 
2088.789293  	99.978940 
2090.220951  	100.309870 
2091.652610  	100.394781 
2093.084268  	100.314043 
2094.515926  	100.312251 
2095.947584  	100.158530 
2097.379242  	100.210781 
2098.810901  	100.419359 
2100.242559  	100.484342 
2101.674217  	100.426624 
2103.105875  	100.201766 
2104.537533  	100.185077 
2105.969191  	100.319567 
2107.400850  	100.173283 
2108.832508  	100.060461 
2110.264166  	100.105692 
2111.695824  	100.186768 
2113.127482  	100.269361 
2114.559141  	100.169470 
2115.990799  	100.134531 
2117.422457  	100.261604 
2118.854115  	100.295343 
2120.285773  	100.327123 
2121.717431  	100.358354 
2123.149090  	100.472179 
2124.580748  	100.577893 
2126.012406  	100.290013 
2127.444064  	100.140865 
2128.875722  	100.246732 
2130.307381  	100.062360 
2131.739039  	100.078489 
2133.170697  	100.251991 
2134.602355  	100.166548 
2136.034013  	100.362525 
2137.465672  	100.408716 
2138.897330  	100.059168 
2140.328988  	100.115584 
2141.760646  	100.280604 
2143.192304  	100.244256 
2144.623962  	100.180469 
2146.055621  	99.977196 
2147.487279  	99.811572 
2148.918937  	99.718256 
2150.350595  	99.653023 
2151.782253  	99.588490 
2153.213912  	99.547223 
2154.645570  	99.705398 
2156.077228  	99.358797 
2157.508886  	98.857896 
2158.940544  	99.312353 
2160.372202  	99.191742 
2161.803861  	98.674753 
2163.235519  	98.952495 
2164.667177  	98.993340 
2166.098835  	99.153385 
2167.530493  	99.497014 
2168.962152  	99.348129 
2170.393810  	99.576091 
2171.825468  	99.825917 
2173.257126  	99.388520 
2174.688784  	98.996129 
2176.120443  	98.768635 
2177.552101  	98.998534 
2178.983759  	99.484177 
2180.415417  	99.378940 
2181.847075  	99.255105 
2183.278733  	99.384371 
2184.710392  	99.552154 
2186.142050  	99.812953 
2187.573708  	99.469225 
2189.005366  	99.065280 
2190.437024  	99.343239 
2191.868683  	99.347610 
2193.300341  	99.084802 
2194.731999  	99.022814 
2196.163657  	98.973666 
2197.595315  	99.173754 
2199.026974  	99.359744 
2200.458632  	99.277208 
2201.890290  	99.293250 
2203.321948  	99.228448 
2204.753606  	99.166394 
2206.185264  	99.407155 
2207.616923  	99.529520 
2209.048581  	99.346702 
2210.480239  	99.313384 
2211.911897  	99.672734 
2213.343555  	99.786554 
2214.775214  	99.355510 
2216.206872  	99.120895 
2217.638530  	99.066737 
2219.070188  	99.014003 
2220.501846  	99.277875 
2221.933504  	99.296007 
2223.365163  	98.888312 
2224.796821  	98.725148 
2226.228479  	98.858740 
2227.660137  	99.051111 
2229.091795  	98.972042 
2230.523454  	98.798952 
2231.955112  	99.029346 
2233.386770  	99.111059 
2234.818428  	98.961149 
2236.250086  	99.140828 
2237.681745  	99.259413 
2239.113403  	99.272983 
2240.545061  	99.434870 
2241.976719  	99.509100 
2243.408377  	99.578175 
2244.840035  	99.532636 
2246.271694  	99.337871 
2247.703352  	99.325322 
2249.135010  	99.260963 
2250.566668  	99.154732 
2251.998326  	99.183038 
2253.429985  	99.231874 
2254.861643  	99.470795 
2256.293301  	99.578463 
2257.724959  	99.351361 
2259.156617  	99.353478 
2260.588276  	99.443070 
2262.019934  	99.478276 
2263.451592  	99.682984 
2264.883250  	99.707092 
2266.314908  	99.569515 
2267.746566  	99.540000 
2269.178225  	99.554781 
2270.609883  	99.680515 
2272.041541  	99.763144 
2273.473199  	99.735007 
2274.904857  	99.683778 
2276.336516  	99.542467 
2277.768174  	99.599521 
2279.199832  	99.745570 
2280.631490  	99.652837 
2282.063148  	99.682284 
2283.494806  	99.728048 
2284.926465  	99.615209 
2286.358123  	99.729795 
2287.789781  	99.814516 
2289.221439  	99.696812 
2290.653097  	99.699081 
2292.084756  	99.656371 
2293.516414  	99.519320 
2294.948072  	99.467922 
2296.379730  	99.425659 
2297.811388  	99.420689 
2299.243047  	99.434922 
2300.674705  	99.360435 
2302.106363  	99.275917 
2303.538021  	99.246148 
2304.969679  	99.199446 
2306.401337  	99.009754 
2307.832996  	98.785228 
2309.264654  	98.643786 
2310.696312  	98.416653 
2312.127970  	98.279788 
2313.559628  	98.367360 
2314.991287  	98.312464 
2316.422945  	98.150816 
2317.854603  	98.009921 
2319.286261  	97.744833 
2320.717919  	97.498560 
2322.149577  	97.302783 
2323.581236  	97.157405 
2325.012894  	97.157303 
2326.444552  	97.064448 
2327.876210  	96.893027 
2329.307868  	96.786333 
2330.739527  	96.604900 
2332.171185  	96.518429 
2333.602843  	96.640146 
2335.034501  	96.698430 
2336.466159  	96.653820 
2337.897818  	96.590764 
2339.329476  	96.535198 
2340.761134  	96.454054 
2342.192792  	96.395554 
2343.624450  	96.482155 
2345.056108  	96.531303 
2346.487767  	96.798319 
2347.919425  	97.487827 
2349.351083  	97.727609 
2350.782741  	97.184488 
2352.214399  	96.504390 
2353.646058  	96.089629 
2355.077716  	95.719488 
2356.509374  	95.409261 
2357.941032  	95.179216 
2359.372690  	95.087791 
2360.804349  	95.149938 
2362.236007  	95.140977 
2363.667665  	95.154656 
2365.099323  	95.301535 
2366.530981  	95.523553 
2367.962639  	95.827681 
2369.394298  	96.132729 
2370.825956  	96.423328 
2372.257614  	96.696355 
2373.689272  	96.997460 
2375.120930  	97.431545 
2376.552589  	97.776473 
2377.984247  	97.996666 
2379.415905  	98.352144 
2380.847563  	98.720959 
2382.279221  	98.972483 
2383.710879  	99.228959 
2385.142538  	99.465800 
2386.574196  	99.557458 
2388.005854  	99.510751 
2389.437512  	99.521748 
2390.869170  	99.615441 
2392.300829  	99.610514 
2393.732487  	99.606718 
2395.164145  	99.622687 
2396.595803  	99.519994 
2398.027461  	99.492416 
2399.459120  	99.546272 
2400.890778  	99.504098 
2402.322436  	99.487039 
2403.754094  	99.507818 
2405.185752  	99.510856 
2406.617410  	99.512052 
2408.049069  	99.436623 
2409.480727  	99.383387 
2410.912385  	99.424403 
2412.344043  	99.470063 
2413.775701  	99.520850 
2415.207360  	99.514132 
2416.639018  	99.467871 
2418.070676  	99.477404 
2419.502334  	99.457558 
2420.933992  	99.448027 
2422.365651  	99.501526 
2423.797309  	99.527779 
2425.228967  	99.561139 
2426.660625  	99.577533 
2428.092283  	99.548777 
2429.523941  	99.546397 
2430.955600  	99.523595 
2432.387258  	99.516179 
2433.818916  	99.565358 
2435.250574  	99.568630 
2436.682232  	99.554865 
2438.113891  	99.588100 
2439.545549  	99.640879 
2440.977207  	99.605220 
2442.408865  	99.461465 
2443.840523  	99.440249 
2445.272181  	99.493800 
2446.703840  	99.444635 
2448.135498  	99.472047 
2449.567156  	99.528457 
2450.998814  	99.504919 
2452.430472  	99.553408 
2453.862131  	99.507789 
2455.293789  	99.330376 
2456.725447  	99.331514 
2458.157105  	99.433943 
2459.588763  	99.422411 
2461.020422  	99.392299 
2462.452080  	99.498030 
2463.883738  	99.624215 
2465.315396  	99.574581 
2466.747054  	99.539925 
2468.178712  	99.591623 
2469.610371  	99.507292 
2471.042029  	99.464492 
2472.473687  	99.526149 
2473.905345  	99.454037 
2475.337003  	99.366524 
2476.768662  	99.347298 
2478.200320  	99.381797 
2479.631978  	99.524059 
2481.063636  	99.575562 
2482.495294  	99.499314 
2483.926953  	99.459956 
2485.358611  	99.449450 
2486.790269  	99.483520 
2488.221927  	99.511694 
2489.653585  	99.522073 
2491.085243  	99.560174 
2492.516902  	99.484204 
2493.948560  	99.461863 
2495.380218  	99.622861 
2496.811876  	99.625980 
2498.243534  	99.564049 
2499.675193  	99.634671 
2501.106851  	99.593839 
2502.538509  	99.518288 
2503.970167  	99.568960 
2505.401825  	99.603213 
2506.833483  	99.610379 
2508.265142  	99.628863 
2509.696800  	99.623521 
2511.128458  	99.589984 
2512.560116  	99.575892 
2513.991774  	99.628270 
2515.423433  	99.655808 
2516.855091  	99.676244 
2518.286749  	99.766202 
2519.718407  	99.747858 
2521.150065  	99.602154 
2522.581724  	99.523367 
2524.013382  	99.558065 
2525.445040  	99.661471 
2526.876698  	99.706483 
2528.308356  	99.661448 
2529.740014  	99.633142 
2531.171673  	99.584119 
2532.603331  	99.533866 
2534.034989  	99.544401 
2535.466647  	99.547369 
2536.898305  	99.575674 
2538.329964  	99.655576 
2539.761622  	99.709111 
2541.193280  	99.693505 
2542.624938  	99.627142 
2544.056596  	99.645896 
2545.488254  	99.711896 
2546.919913  	99.649136 
2548.351571  	99.593923 
2549.783229  	99.654937 
2551.214887  	99.719829 
2552.646545  	99.754680 
2554.078204  	99.750134 
2555.509862  	99.731975 
2556.941520  	99.748233 
2558.373178  	99.814838 
2559.804836  	99.879010 
2561.236495  	99.761758 
2562.668153  	99.623043 
2564.099811  	99.695153 
2565.531469  	99.714331 
2566.963127  	99.681042 
2568.394785  	99.717767 
2569.826444  	99.575724 
2571.258102  	99.472758 
2572.689760  	99.619500 
2574.121418  	99.686242 
2575.553076  	99.679411 
2576.984735  	99.688433 
2578.416393  	99.641587 
2579.848051  	99.650138 
2581.279709  	99.646902 
2582.711367  	99.600890 
2584.143026  	99.598919 
2585.574684  	99.539387 
2587.006342  	99.543753 
2588.438000  	99.650237 
2589.869658  	99.612772 
2591.301316  	99.562889 
2592.732975  	99.623194 
2594.164633  	99.613039 
2595.596291  	99.554567 
2597.027949  	99.558056 
2598.459607  	99.610353 
2599.891266  	99.614649 
2601.322924  	99.515989 
2602.754582  	99.449754 
2604.186240  	99.494076 
2605.617898  	99.574180 
2607.049556  	99.607378 
2608.481215  	99.575502 
2609.912873  	99.585962 
2611.344531  	99.623796 
2612.776189  	99.608447 
2614.207847  	99.635366 
2615.639506  	99.662209 
2617.071164  	99.641766 
2618.502822  	99.688981 
2619.934480  	99.701569 
2621.366138  	99.639052 
2622.797797  	99.648086 
2624.229455  	99.679381 
2625.661113  	99.692612 
2627.092771  	99.699499 
2628.524429  	99.660231 
2629.956087  	99.652938 
2631.387746  	99.673110 
2632.819404  	99.645323 
2634.251062  	99.636500 
2635.682720  	99.661671 
2637.114378  	99.681541 
2638.546037  	99.693578 
2639.977695  	99.688477 
2641.409353  	99.698890 
2642.841011  	99.711551 
2644.272669  	99.688816 
2645.704328  	99.684741 
2647.135986  	99.700669 
2648.567644  	99.686141 
2649.999302  	99.670031 
2651.430960  	99.686433 
2652.862618  	99.699468 
2654.294277  	99.679314 
2655.725935  	99.665887 
2657.157593  	99.655246 
2658.589251  	99.621323 
2660.020909  	99.638098 
2661.452568  	99.687260 
2662.884226  	99.673751 
2664.315884  	99.649704 
2665.747542  	99.651087 
2667.179200  	99.650481 
2668.610858  	99.655770 
2670.042517  	99.645546 
2671.474175  	99.651444 
2672.905833  	99.683933 
2674.337491  	99.658269 
2675.769149  	99.621990 
2677.200808  	99.631563 
2678.632466  	99.630633 
2680.064124  	99.623250 
2681.495782  	99.605156 
2682.927440  	99.593359 
2684.359099  	99.633374 
2685.790757  	99.634654 
2687.222415  	99.601034 
2688.654073  	99.629775 
2690.085731  	99.633309 
2691.517389  	99.586301 
2692.949048  	99.578116 
2694.380706  	99.562536 
2695.812364  	99.530016 
2697.244022  	99.552618 
2698.675680  	99.583096 
2700.107339  	99.571891 
2701.538997  	99.565267 
2702.970655  	99.567944 
2704.402313  	99.556018 
2705.833971  	99.546695 
2707.265630  	99.519280 
2708.697288  	99.468416 
2710.128946  	99.458966 
2711.560604  	99.466757 
2712.992262  	99.449687 
2714.423920  	99.461504 
2715.855579  	99.482453 
2717.287237  	99.476158 
2718.718895  	99.489520 
2720.150553  	99.510367 
2721.582211  	99.517801 
2723.013870  	99.529555 
2724.445528  	99.523273 
2725.877186  	99.500301 
2727.308844  	99.487617 
2728.740502  	99.482537 
2730.172160  	99.462430 
2731.603819  	99.438317 
2733.035477  	99.475540 
2734.467135  	99.514425 
2735.898793  	99.446561 
2737.330451  	99.384718 
2738.762110  	99.410896 
2740.193768  	99.438110 
2741.625426  	99.462537 
2743.057084  	99.492876 
2744.488742  	99.490262 
2745.920401  	99.467062 
2747.352059  	99.436884 
2748.783717  	99.437417 
2750.215375  	99.478473 
2751.647033  	99.491397 
2753.078691  	99.471443 
2754.510350  	99.436673 
2755.942008  	99.393652 
2757.373666  	99.403601 
2758.805324  	99.445773 
2760.236982  	99.431257 
2761.668641  	99.376197 
2763.100299  	99.347121 
2764.531957  	99.347651 
2765.963615  	99.351489 
2767.395273  	99.364591 
2768.826931  	99.360131 
2770.258590  	99.302234 
2771.690248  	99.273699 
2773.121906  	99.296150 
2774.553564  	99.269981 
2775.985222  	99.237082 
2777.416881  	99.266668 
2778.848539  	99.286886 
2780.280197  	99.275374 
2781.711855  	99.295354 
2783.143513  	99.354167 
2784.575172  	99.364138 
2786.006830  	99.294040 
2787.438488  	99.265363 
2788.870146  	99.298596 
2790.301804  	99.293619 
2791.733462  	99.276504 
2793.165121  	99.279038 
2794.596779  	99.283489 
2796.028437  	99.318585 
2797.460095  	99.340371 
2798.891753  	99.318798 
2800.323412  	99.319303 
2801.755070  	99.310465 
2803.186728  	99.254076 
2804.618386  	99.224611 
2806.050044  	99.224869 
2807.481703  	99.210213 
2808.913361  	99.221263 
2810.345019  	99.244510 
2811.776677  	99.209276 
2813.208335  	99.174927 
2814.639993  	99.198230 
2816.071652  	99.204649 
2817.503310  	99.181802 
2818.934968  	99.180521 
2820.366626  	99.193844 
2821.798284  	99.199500 
2823.229943  	99.178381 
2824.661601  	99.163116 
2826.093259  	99.172597 
2827.524917  	99.140849 
2828.956575  	99.121038 
2830.388233  	99.159703 
2831.819892  	99.141534 
2833.251550  	99.107808 
2834.683208  	99.130795 
2836.114866  	99.112404 
2837.546524  	99.078891 
2838.978183  	99.070567 
2840.409841  	99.013182 
2841.841499  	98.937793 
2843.273157  	98.876399 
2844.704815  	98.817985 
2846.136474  	98.790791 
2847.568132  	98.763120 
2848.999790  	98.709446 
2850.431448  	98.648340 
2851.863106  	98.586011 
2853.294764  	98.538168 
2854.726423  	98.474572 
2856.158081  	98.388879 
2857.589739  	98.324820 
2859.021397  	98.255620 
2860.453055  	98.182558 
2861.884714  	98.106310 
2863.316372  	97.938291 
2864.748030  	97.705596 
2866.179688  	97.518029 
2867.611346  	97.356369 
2869.043005  	97.152414 
2870.474663  	96.959943 
2871.906321  	96.882764 
2873.337979  	96.883729 
2874.769637  	96.925564 
2876.201295  	97.072603 
2877.632954  	97.256522 
2879.064612  	97.392358 
2880.496270  	97.526198 
2881.927928  	97.632388 
2883.359586  	97.711382 
2884.791245  	97.800865 
2886.222903  	97.799441 
2887.654561  	97.717729 
2889.086219  	97.675035 
2890.517877  	97.657446 
2891.949535  	97.663839 
2893.381194  	97.703200 
2894.812852  	97.712165 
2896.244510  	97.709312 
2897.676168  	97.756371 
2899.107826  	97.810140 
2900.539485  	97.780445 
2901.971143  	97.706360 
2903.402801  	97.700706 
2904.834459  	97.698726 
2906.266117  	97.594907 
2907.697776  	97.463221 
2909.129434  	97.385175 
2910.561092  	97.349065 
2911.992750  	97.315850 
2913.424408  	97.292096 
2914.856066  	97.323992 
2916.287725  	97.367736 
2917.719383  	97.366852 
2919.151041  	97.325914 
2920.582699  	97.220557 
2922.014357  	97.087955 
2923.446016  	96.961607 
2924.877674  	96.789025 
2926.309332  	96.612986 
2927.740990  	96.455513 
2929.172648  	96.288542 
2930.604306  	96.206300 
2932.035965  	96.197353 
2933.467623  	96.151293 
2934.899281  	96.109605 
2936.330939  	96.106050 
2937.762597  	96.123023 
2939.194256  	96.200590 
2940.625914  	96.315627 
2942.057572  	96.386820 
2943.489230  	96.403249 
2944.920888  	96.412373 
2946.352547  	96.432106 
2947.784205  	96.420106 
2949.215863  	96.353503 
2950.647521  	96.254620 
2952.079179  	96.126786 
2953.510837  	95.914268 
2954.942496  	95.576740 
2956.374154  	95.199990 
2957.805812  	94.824587 
2959.237470  	94.362363 
2960.669128  	93.846929 
2962.100787  	93.392536 
2963.532445  	93.032243 
2964.964103  	92.744129 
2966.395761  	92.512405 
2967.827419  	92.451725 
2969.259078  	92.624826 
2970.690736  	92.864892 
2972.122394  	93.123125 
2973.554052  	93.506957 
2974.985710  	93.956746 
2976.417368  	94.378566 
2977.849027  	94.797933 
2979.280685  	95.235860 
2980.712343  	95.699592 
2982.144001  	96.171834 
2983.575659  	96.601825 
2985.007318  	96.957532 
2986.438976  	97.250464 
2987.870634  	97.551597 
2989.302292  	97.853511 
2990.733950  	98.082568 
2992.165608  	98.294027 
2993.597267  	98.530175 
2995.028925  	98.746096 
2996.460583  	98.928128 
2997.892241  	99.049597 
2999.323899  	99.141165 
3000.755558  	99.265991 
3002.187216  	99.391103 
3003.618874  	99.488425 
3005.050532  	99.519922 
3006.482190  	99.491494 
3007.913849  	99.525397 
3009.345507  	99.596145 
3010.777165  	99.613543 
3012.208823  	99.650442 
3013.640481  	99.733040 
3015.072139  	99.767868 
3016.503798  	99.706858 
3017.935456  	99.638438 
3019.367114  	99.659549 
3020.798772  	99.678905 
3022.230430  	99.635461 
3023.662089  	99.606375 
3025.093747  	99.579011 
3026.525405  	99.514674 
3027.957063  	99.408979 
3029.388721  	99.288023 
3030.820380  	99.226513 
3032.252038  	99.151539 
3033.683696  	98.999918 
3035.115354  	98.883134 
3036.547012  	98.787269 
3037.978670  	98.672613 
3039.410329  	98.605799 
3040.841987  	98.572002 
3042.273645  	98.579223 
3043.705303  	98.651629 
3045.136961  	98.708358 
3046.568620  	98.729818 
3048.000278  	98.758120 
3049.431936  	98.800324 
3050.863594  	98.843192 
3052.295252  	98.836284 
3053.726910  	98.773768 
3055.158569  	98.727320 
3056.590227  	98.734906 
3058.021885  	98.746281 
3059.453543  	98.734088 
3060.885201  	98.781185 
3062.316860  	98.859166 
3063.748518  	98.857304 
3065.180176  	98.870149 
3066.611834  	98.950167 
3068.043492  	99.004033 
3069.475151  	99.058917 
3070.906809  	99.115132 
3072.338467  	99.150022 
3073.770125  	99.224998 
3075.201783  	99.294273 
3076.633441  	99.325608 
3078.065100  	99.359659 
3079.496758  	99.374865 
3080.928416  	99.403057 
3082.360074  	99.452156 
3083.791732  	99.484312 
3085.223391  	99.528622 
3086.655049  	99.537359 
3088.086707  	99.514771 
3089.518365  	99.565792 
3090.950023  	99.632697 
3092.381682  	99.664852 
3093.813340  	99.702546 
3095.244998  	99.717533 
3096.676656  	99.724386 
3098.108314  	99.736841 
3099.539972  	99.718933 
3100.971631  	99.712773 
3102.403289  	99.736754 
3103.834947  	99.729895 
3105.266605  	99.694875 
3106.698263  	99.713442 
3108.129922  	99.749868 
3109.561580  	99.671827 
3110.993238  	99.613660 
3112.424896  	99.729157 
3113.856554  	99.782893 
3115.288212  	99.673696 
3116.719871  	99.639078 
3118.151529  	99.734798 
3119.583187  	99.811834 
3121.014845  	99.791409 
3122.446503  	99.762171 
3123.878162  	99.808631 
3125.309820  	99.824708 
3126.741478  	99.823035 
3128.173136  	99.912850 
3129.604794  	99.975849 
3131.036453  	99.953605 
3132.468111  	99.919722 
3133.899769  	99.873405 
3135.331427  	99.833087 
3136.763085  	99.780722 
3138.194743  	99.760322 
3139.626402  	99.899036 
3141.058060  	100.021744 
3142.489718  	99.956885 
3143.921376  	99.906462 
3145.353034  	99.958028 
3146.784693  	99.975643 
3148.216351  	99.931857 
3149.648009  	99.876089 
3151.079667  	99.858568 
3152.511325  	99.911574 
3153.942983  	99.985005 
3155.374642  	99.994208 
3156.806300  	99.943931 
3158.237958  	99.948320 
3159.669616  	100.021155 
3161.101274  	100.023385 
3162.532933  	99.953578 
3163.964591  	99.939279 
3165.396249  	99.957227 
3166.827907  	99.947774 
3168.259565  	99.971051 
3169.691224  	100.011292 
3171.122882  	100.030729 
3172.554540  	100.077128 
3173.986198  	100.046324 
3175.417856  	99.895901 
3176.849514  	99.840362 
3178.281173  	99.850411 
3179.712831  	99.802217 
3181.144489  	99.844796 
3182.576147  	99.937312 
3184.007805  	99.938381 
3185.439464  	99.938579 
3186.871122  	99.935259 
3188.302780  	99.913694 
3189.734438  	99.937932 
3191.166096  	99.922463 
3192.597755  	99.888409 
3194.029413  	99.925099 
3195.461071  	99.929787 
3196.892729  	99.905731 
3198.324387  	99.953097 
3199.756045  	99.991749 
3201.187704  	99.948867 
3202.619362  	99.916817 
3204.051020  	99.957782 
3205.482678  	99.989862 
3206.914336  	99.982235 
3208.345995  	99.976848 
3209.777653  	99.946769 
3211.209311  	99.947500 
3212.640969  	100.009788 
3214.072627  	99.996680 
3215.504285  	99.948231 
3216.935944  	99.953318 
3218.367602  	99.907603 
3219.799260  	99.858264 
3221.230918  	99.906093 
3222.662576  	99.932888 
3224.094235  	99.871424 
3225.525893  	99.850657 
3226.957551  	99.950114 
3228.389209  	100.004632 
3229.820867  	99.938522 
3231.252526  	99.946228 
3232.684184  	99.995796 
3234.115842  	99.970693 
3235.547500  	99.999575 
3236.979158  	100.024518 
3238.410816  	99.971639 
3239.842475  	100.013411 
3241.274133  	100.083539 
3242.705791  	100.036858 
3244.137449  	99.982024 
3245.569107  	99.975038 
3247.000766  	99.961360 
3248.432424  	99.923929 
3249.864082  	99.907669 
3251.295740  	99.936728 
3252.727398  	99.950333 
3254.159057  	99.974526 
3255.590715  	100.044390 
3257.022373  	100.066571 
3258.454031  	100.034441 
3259.885689  	100.002590 
3261.317347  	99.981734 
3262.749006  	99.968403 
3264.180664  	99.923155 
3265.612322  	99.895761 
3267.043980  	99.928425 
3268.475638  	99.948636 
3269.907297  	99.968810 
3271.338955  	99.957418 
3272.770613  	99.887278 
3274.202271  	99.922092 
3275.633929  	100.017577 
3277.065587  	100.001504 
3278.497246  	99.943507 
3279.928904  	99.891224 
3281.360562  	99.864135 
3282.792220  	99.914197 
3284.223878  	99.953852 
3285.655537  	99.941138 
3287.087195  	99.915496 
3288.518853  	99.901350 
3289.950511  	99.951477 
3291.382169  	100.009045 
3292.813828  	100.017282 
3294.245486  	100.032198 
3295.677144  	100.019751 
3297.108802  	99.978295 
3298.540460  	99.980464 
3299.972118  	99.993112 
3301.403777  	100.014191 
3302.835435  	100.057256 
3304.267093  	100.046291 
3305.698751  	99.988759 
3307.130409  	99.953683 
3308.562068  	99.953997 
3309.993726  	99.984891 
3311.425384  	100.006204 
3312.857042  	99.993531 
3314.288700  	99.998856 
3315.720359  	100.015630 
3317.152017  	99.969746 
3318.583675  	99.914103 
3320.015333  	99.957744 
3321.446991  	100.058721 
3322.878649  	100.116372 
3324.310308  	100.100548 
3325.741966  	100.053598 
3327.173624  	100.026346 
3328.605282  	99.977827 
3330.036940  	99.932787 
3331.468599  	99.981567 
3332.900257  	100.005563 
3334.331915  	99.947970 
3335.763573  	99.958200 
3337.195231  	100.006260 
3338.626889  	100.010711 
3340.058548  	100.001399 
3341.490206  	99.976613 
3342.921864  	99.996934 
3344.353522  	100.043254 
3345.785180  	100.007233 
3347.216839  	99.963350 
3348.648497  	99.958818 
3350.080155  	99.976299 
3351.511813  	100.043566 
3352.943471  	100.066860 
3354.375130  	100.044007 
3355.806788  	100.049680 
3357.238446  	100.013243 
3358.670104  	100.008613 
3360.101762  	100.085711 
3361.533420  	100.080002 
3362.965079  	100.018840 
3364.396737  	100.001054 
3365.828395  	100.001145 
3367.260053  	100.015087 
3368.691711  	99.973421 
3370.123370  	99.891170 
3371.555028  	99.895786 
3372.986686  	99.942070 
3374.418344  	99.958042 
3375.850002  	99.943492 
3377.281660  	99.915831 
3378.713319  	99.956738 
3380.144977  	100.028921 
3381.576635  	100.047269 
3383.008293  	100.045515 
3384.439951  	100.004776 
3385.871610  	99.958030 
3387.303268  	99.992426 
3388.734926  	100.019570 
3390.166584  	100.010676 
3391.598242  	100.025881 
3393.029901  	100.020852 
3394.461559  	100.032956 
3395.893217  	100.071517 
3397.324875  	99.993550 
3398.756533  	99.882766 
3400.188191  	99.915003 
3401.619850  	99.982796 
3403.051508  	100.007681 
3404.483166  	100.037664 
3405.914824  	100.014315 
3407.346482  	99.955147 
3408.778141  	99.955745 
3410.209799  	99.963860 
3411.641457  	99.956417 
3413.073115  	99.949936 
3414.504773  	99.892392 
3415.936432  	99.877070 
3417.368090  	99.972834 
3418.799748  	100.015506 
3420.231406  	99.978483 
3421.663064  	99.988903 
3423.094722  	100.005438 
3424.526381  	99.986449 
3425.958039  	100.009057 
3427.389697  	100.025326 
3428.821355  	99.946329 
3430.253013  	99.909721 
3431.684672  	99.996704 
3433.116330  	100.025640 
3434.547988  	99.997632 
3435.979646  	100.052867 
3437.411304  	100.082949 
3438.842962  	100.033557 
3440.274621  	99.994614 
3441.706279  	99.960931 
3443.137937  	99.965239 
3444.569595  	99.989481 
3446.001253  	99.947855 
3447.432912  	99.908304 
3448.864570  	99.885225 
3450.296228  	99.854776 
3451.727886  	99.906759 
3453.159544  	99.973622 
3454.591203  	99.950972 
3456.022861  	99.915895 
3457.454519  	99.908371 
3458.886177  	99.911700 
3460.317835  	99.918354 
3461.749493  	99.920138 
3463.181152  	99.935118 
3464.612810  	99.951965 
3466.044468  	99.962087 
3467.476126  	99.955767 
3468.907784  	99.916247 
3470.339443  	99.901644 
3471.771101  	99.902035 
3473.202759  	99.881759 
3474.634417  	99.888293 
3476.066075  	99.863512 
3477.497734  	99.814063 
3478.929392  	99.858294 
3480.361050  	99.889061 
3481.792708  	99.825770 
3483.224366  	99.798617 
3484.656024  	99.826488 
3486.087683  	99.872837 
3487.519341  	99.928549 
3488.950999  	99.949194 
3490.382657  	99.955391 
3491.814315  	99.955147 
3493.245974  	99.911200 
3494.677632  	99.829062 
3496.109290  	99.737075 
3497.540948  	99.706421 
3498.972606  	99.771899 
3500.404264  	99.843171 
3501.835923  	99.824133 
3503.267581  	99.751370 
3504.699239  	99.774211 
3506.130897  	99.851058 
3507.562555  	99.841141 
3508.994214  	99.799691 
3510.425872  	99.773089 
3511.857530  	99.760424 
3513.289188  	99.837924 
3514.720846  	99.904811 
3516.152505  	99.846800 
3517.584163  	99.798249 
3519.015821  	99.796257 
3520.447479  	99.773450 
3521.879137  	99.768648 
3523.310795  	99.758357 
3524.742454  	99.694782 
3526.174112  	99.657646 
3527.605770  	99.690426 
3529.037428  	99.719707 
3530.469086  	99.717286 
3531.900745  	99.766676 
3533.332403  	99.817997 
3534.764061  	99.780416 
3536.195719  	99.779924 
3537.627377  	99.851168 
3539.059035  	99.834490 
3540.490694  	99.780114 
3541.922352  	99.790640 
3543.354010  	99.812015 
3544.785668  	99.824956 
3546.217326  	99.855422 
3547.648985  	99.844343 
3549.080643  	99.787369 
3550.512301  	99.797629 
3551.943959  	99.875458 
3553.375617  	99.882504 
3554.807276  	99.822639 
3556.238934  	99.783458 
3557.670592  	99.755303 
3559.102250  	99.793894 
3560.533908  	99.893221 
3561.965566  	99.869137 
3563.397225  	99.726365 
3564.828883  	99.684575 
3566.260541  	99.815172 
3567.692199  	99.963654 
3569.123857  	99.978734 
3570.555516  	99.950409 
3571.987174  	99.893398 
3573.418832  	99.826677 
3574.850490  	99.843107 
3576.282148  	99.924040 
3577.713807  	99.983250 
3579.145465  	99.940034 
3580.577123  	99.828125 
3582.008781  	99.814526 
3583.440439  	99.836894 
3584.872097  	99.802980 
3586.303756  	99.862022 
3587.735414  	99.999361 
3589.167072  	100.035725 
3590.598730  	100.018823 
3592.030388  	99.928219 
3593.462047  	99.838533 
3594.893705  	99.932203 
3596.325363  	100.032396 
3597.757021  	99.978908 
3599.188679  	99.894793 
3600.620337  	99.864406 
3602.051996  	99.924377 
3603.483654  	99.982647 
3604.915312  	99.961857 
3606.346970  	99.943311 
3607.778628  	99.974773 
3609.210287  	100.007191 
3610.641945  	100.011824 
3612.073603  	100.042057 
3613.505261  	100.106079 
3614.936919  	100.114359 
3616.368578  	100.077766 
3617.800236  	99.997871 
3619.231894  	99.872370 
3620.663552  	99.899087 
3622.095210  	99.947212 
3623.526868  	99.865772 
3624.958527  	99.819821 
3626.390185  	99.798809 
3627.821843  	99.681882 
3629.253501  	99.656708 
3630.685159  	99.861921 
3632.116818  	99.903143 
3633.548476  	99.898600 
3634.980134  	99.962728 
3636.411792  	100.022500 
3637.843450  	99.997066 
3639.275109  	99.951153 
3640.706767  	99.957982 
3642.138425  	99.968622 
3643.570083  	99.987924 
3645.001741  	99.954996 
3646.433399  	99.805987 
3647.865058  	99.726629 
3649.296716  	99.827083 
3650.728374  	99.967282 
3652.160032  	100.164103 
3653.591690  	100.160441 
3655.023349  	100.042658 
3656.455007  	99.981295 
3657.886665  	99.930265 
3659.318323  	99.876531 
3660.749981  	99.895671 
3662.181639  	99.949564 
3663.613298  	100.009462 
3665.044956  	99.975320 
3666.476614  	99.828021 
3667.908272  	99.761206 
3669.339930  	99.805991 
3670.771589  	99.910162 
3672.203247  	99.963432 
3673.634905  	99.862651 
3675.066563  	99.722755 
3676.498221  	99.823768 
3677.929880  	99.975023 
3679.361538  	100.047314 
3680.793196  	100.089569 
3682.224854  	100.065410 
3683.656512  	100.015501 
3685.088170  	99.927756 
3686.519829  	99.878624 
3687.951487  	99.895417 
3689.383145  	99.914647 
3690.814803  	99.967677 
3692.246461  	100.030152 
3693.678120  	100.047583 
3695.109778  	100.065481 
3696.541436  	100.075865 
3697.973094  	100.038223 
3699.404752  	99.932003 
3700.836411  	99.834789 
3702.268069  	99.966585 
3703.699727  	100.161026 
3705.131385  	100.133309 
3706.563043  	100.018995 
3707.994701  	99.949460 
3709.426360  	100.000385 
3710.858018  	100.091187 
3712.289676  	100.038190 
3713.721334  	100.042377 
3715.152992  	100.108158 
3716.584651  	100.097920 
3718.016309  	100.131447 
3719.447967  	100.148813 
3720.879625  	100.008588 
3722.311283  	99.882266 
3723.742941  	99.917788 
3725.174600  	100.013516 
3726.606258  	100.051506 
3728.037916  	100.037686 
3729.469574  	100.019293 
3730.901232  	99.923269 
3732.332891  	99.836858 
3733.764549  	99.971248 
3735.196207  	100.027549 
3736.627865  	99.982451 
3738.059523  	100.102321 
3739.491182  	100.157825 
3740.922840  	100.115867 
3742.354498  	100.071660 
3743.786156  	100.085782 
3745.217814  	100.239286 
3746.649472  	100.203957 
3748.081131  	100.084284 
3749.512789  	99.963423 
3750.944447  	99.900784 
3752.376105  	100.146580 
3753.807763  	100.388996 
3755.239422  	100.270703 
3756.671080  	100.139569 
3758.102738  	100.126427 
3759.534396  	100.157288 
3760.966054  	100.259752 
3762.397712  	100.289206 
3763.829371  	100.221545 
3765.261029  	100.220736 
3766.692687  	100.223945 
3768.124345  	100.147055 
3769.556003  	100.101851 
3770.987662  	100.118200 
3772.419320  	100.180152 
3773.850978  	100.313979 
3775.282636  	100.434132 
3776.714294  	100.381565 
3778.145953  	100.254082 
3779.577611  	100.256475 
3781.009269  	100.341156 
3782.440927  	100.352601 
3783.872585  	100.361899 
3785.304243  	100.394748 
3786.735902  	100.396857 
3788.167560  	100.372893 
3789.599218  	100.340175 
3791.030876  	100.287951 
3792.462534  	100.252142 
3793.894193  	100.322670 
3795.325851  	100.378634 
3796.757509  	100.290613 
3798.189167  	100.273592 
3799.620825  	100.289601 
3801.052484  	100.164197 
3802.484142  	100.195477 
3803.915800  	100.321035 
3805.347458  	100.282292 
3806.779116  	100.315238 
3808.210774  	100.390036 
3809.642433  	100.379204 
3811.074091  	100.431810 
3812.505749  	100.431814 
3813.937407  	100.301889 
3815.369065  	100.117121 
3816.800724  	100.075870 
3818.232382  	100.294012 
3819.664040  	100.288750 
3821.095698  	100.137995 
3822.527356  	100.364849 
3823.959014  	100.428546 
3825.390673  	100.244020 
3826.822331  	100.160539 
3828.253989  	100.180287 
3829.685647  	100.218770 
3831.117305  	100.275673 
3832.548964  	100.201756 
3833.980622  	100.098679 
3835.412280  	100.087892 
3836.843938  	100.116115 
3838.275596  	100.199173 
3839.707255  	100.283969 
3841.138913  	100.372892 
3842.570571  	100.378315 
3844.002229  	100.217047 
3845.433887  	100.174733 
3846.865545  	100.242278 
3848.297204  	100.202690 
3849.728862  	100.178699 
3851.160520  	100.175901 
3852.592178  	100.100673 
3854.023836  	100.214102 
3855.455495  	100.368908 
3856.887153  	100.349449 
3858.318811  	100.363056 
3859.750469  	100.351121 
3861.182127  	100.279644 
3862.613786  	100.204246 
3864.045444  	100.247655 
3865.477102  	100.319947 
3866.908760  	100.185537 
3868.340418  	100.136973 
3869.772076  	100.301915 
3871.203735  	100.354276 
3872.635393  	100.338725 
3874.067051  	100.398512 
3875.498709  	100.267084 
3876.930367  	100.170321 
3878.362026  	100.187332 
3879.793684  	100.067860 
3881.225342  	99.937617 
3882.657000  	100.059533 
3884.088658  	100.190787 
3885.520316  	100.225795 
3886.951975  	100.201958 
3888.383633  	100.216414 
3889.815291  	100.215152 
3891.246949  	100.183977 
3892.678607  	100.241459 
3894.110266  	100.264599 
3895.541924  	100.187051 
3896.973582  	100.145449 
3898.405240  	100.174709 
3899.836898  	100.260374 
3901.268557  	100.290626 
3902.700215  	100.148352 
3904.131873  	100.033221 
3905.563531  	100.088351 
3906.995189  	100.172301 
3908.426847  	100.242072 
3909.858506  	100.243117 
3911.290164  	100.182831 
3912.721822  	100.223556 
3914.153480  	100.294776 
3915.585138  	100.243933 
3917.016797  	100.181516 
3918.448455  	100.208662 
3919.880113  	100.219510 
3921.311771  	100.195634 
3922.743429  	100.200298 
3924.175088  	100.242975 
3925.606746  	100.285386 
3927.038404  	100.267795 
3928.470062  	100.224071 
3929.901720  	100.232138 
3931.333378  	100.300909 
3932.765037  	100.334716 
3934.196695  	100.267337 
3935.628353  	100.188477 
3937.060011  	100.198055 
3938.491669  	100.263362 
3939.923328  	100.259971 
3941.354986  	100.201635 
3942.786644  	100.211061 
3944.218302  	100.266960 
3945.649960  	100.261541 
3947.081618  	100.270893 
3948.513277  	100.347083 
3949.944935  	100.336061 
3951.376593  	100.215099 
3952.808251  	100.161103 
3954.239909  	100.161005 
3955.671568  	100.118660 
3957.103226  	100.118244 
3958.534884  	100.196357 
3959.966542  	100.222447 
3961.398200  	100.162073 
3962.829859  	100.131697 
3964.261517  	100.187921 
3965.693175  	100.220712 
3967.124833  	100.155015 
3968.556491  	100.085302 
3969.988149  	100.119448 
3971.419808  	100.229902 
3972.851466  	100.292623 
3974.283124  	100.256564 
3975.714782  	100.228345 
3977.146440  	100.261865 
3978.578099  	100.289947 
3980.009757  	100.310194 
3981.441415  	100.341119 
3982.873073  	100.344216 
3984.304731  	100.292013 
3985.736389  	100.212408 
3987.168048  	100.180304 
3988.599706  	100.208874 
3990.031364  	100.239594 
3991.463022  	100.232613 
3992.894680  	100.175261 
3994.326339  	100.157344 
3995.757997  	100.222149 
3997.189655  	100.206915 
3998.621313  	100.102672 
4000.052971  	100.099157 
4001.484630  	100.225759 
4002.916288  	100.333769 
4004.347946  	100.295887 
4005.779604  	100.238910 
4007.211262  	100.292235 
4008.642920  	100.248881 
4010.074579  	100.134960 
4011.506237  	100.198818 
4012.937895  	100.264706 
4014.369553  	100.248916 
4015.801211  	100.302194 
4017.232870  	100.304204 
4018.664528  	100.249431 
4020.096186  	100.252727 
4021.527844  	100.217088 
4022.959502  	100.177536 
4024.391161  	100.191958 
4025.822819  	100.192786 
4027.254477  	100.237191 
4028.686135  	100.288805 
4030.117793  	100.238746 
4031.549451  	100.172069 
4032.981110  	100.146948 
4034.412768  	100.140700 
4035.844426  	100.177977 
4037.276084  	100.231661 
4038.707742  	100.230935 
4040.139401  	100.204399 
4041.571059  	100.229273 
4043.002717  	100.252664 
4044.434375  	100.216573 
4045.866033  	100.178729 
4047.297691  	100.122497 
4048.729350  	100.076402 
4050.161008  	100.130073 
4051.592666  	100.151191 
4053.024324  	100.088965 
4054.455982  	100.080940 
4055.887641  	100.084914 
4057.319299  	100.043182 
4058.750957  	100.005594 
4060.182615  	100.016584 
4061.614273  	100.103937 
4063.045932  	100.145079 
4064.477590  	100.075619 
4065.909248  	100.002968 
4067.340906  	99.935874 
4068.772564  	99.931961 
4070.204222  	100.028821 
4071.635881  	100.072072 
4073.067539  	100.078389 
4074.499197  	100.084992 
4075.930855  	100.018426 
4077.362513  	100.030553 
4078.794172  	100.137136 
4080.225830  	100.126718 
4081.657488  	100.059217 
4083.089146  	100.059773 
4084.520804  	100.075730 
4085.952463  	100.062342 
4087.384121  	100.040600 
4088.815779  	100.074475 
4090.247437  	100.149037 
4091.679095  	100.193228 
4093.110753  	100.193450 
4094.542412  	100.144259 
4095.974070  	100.127255 
4097.405728  	100.157428 
4098.837386  	100.087412 
4100.269044  	100.042678 
4101.700703  	100.184036 
4103.132361  	100.275848 
4104.564019  	100.227296 
4105.995677  	100.216603 
4107.427335  	100.223063 
4108.858993  	100.175389 
4110.290652  	100.145547 
4111.722310  	100.207423 
4113.153968  	100.328960 
4114.585626  	100.344993 
4116.017284  	100.218699 
4117.448943  	100.177494 
4118.880601  	100.275200 
4120.312259  	100.293569 
4121.743917  	100.228085 
4123.175575  	100.240670 
4124.607234  	100.296043 
4126.038892  	100.341982 
4127.470550  	100.382846 
4128.902208  	100.331127 
4130.333866  	100.248238 
4131.765524  	100.283371 
4133.197183  	100.338552 
4134.628841  	100.323935 
4136.060499  	100.313502 
4137.492157  	100.310408 
4138.923815  	100.293887 
4140.355474  	100.286230 
4141.787132  	100.289943 
4143.218790  	100.299997 
4144.650448  	100.290081 
4146.082106  	100.256001 
4147.513764  	100.255398 
4148.945423  	100.289798 
4150.377081  	100.263196 
4151.808739  	100.164101 
4153.240397  	100.164775 
4154.672055  	100.310444 
4156.103714  	100.372733 
4157.535372  	100.278442 
4158.967030  	100.219860 
4160.398688  	100.261600 
4161.830346  	100.277819 
4163.262005  	100.240245 
4164.693663  	100.277003 
4166.125321  	100.341075 
4167.556979  	100.273538 
4168.988637  	100.228389 
4170.420295  	100.296989 
4171.851954  	100.252899 
4173.283612  	100.150750 
4174.715270  	100.165288 
4176.146928  	100.172120 
4177.578586  	100.159680 
4179.010245  	100.233035 
4180.441903  	100.303858 
4181.873561  	100.278885 
4183.305219  	100.196631 
4184.736877  	100.188872 
4186.168536  	100.289939 
4187.600194  	100.320069 
4189.031852  	100.242914 
4190.463510  	100.235369 
4191.895168  	100.299743 
4193.326826  	100.324374 
4194.758485  	100.347224 
4196.190143  	100.386644 
4197.621801  	100.318750 
4199.053459  	100.189409 
4200.485117  	100.166593 
4201.916776  	100.166185 
4203.348434  	100.135545 
4204.780092  	100.182744 
4206.211750  	100.207160 
4207.643408  	100.199455 
4209.075066  	100.291000 
4210.506725  	100.301503 
4211.938383  	100.189171 
4213.370041  	100.199591 
4214.801699  	100.277903 
4216.233357  	100.306901 
4217.665016  	100.355659 
4219.096674  	100.368046 
4220.528332  	100.286716 
4221.959990  	100.196493 
4223.391648  	100.157138 
4224.823307  	100.179687 
4226.254965  	100.234263 
4227.686623  	100.244815 
4229.118281  	100.191054 
4230.549939  	100.172833 
4231.981597  	100.253908 
4233.413256  	100.323564 
4234.844914  	100.282588 
4236.276572  	100.183800 
4237.708230  	100.141635 
4239.139888  	100.210613 
4240.571547  	100.300126 
4242.003205  	100.345499 
4243.434863  	100.369295 
4244.866521  	100.308034 
4246.298179  	100.202737 
4247.729838  	100.194605 
4249.161496  	100.239502 
4250.593154  	100.313831 
4252.024812  	100.413564 
4253.456470  	100.392413 
4254.888128  	100.279836 
4256.319787  	100.231235 
4257.751445  	100.262222 
4259.183103  	100.306653 
4260.614761  	100.272808 
4262.046419  	100.229019 
4263.478078  	100.277785 
4264.909736  	100.279438 
4266.341394  	100.227612 
4267.773052  	100.236498 
4269.204710  	100.222115 
4270.636368  	100.247581 
4272.068027  	100.396093 
4273.499685  	100.432331 
4274.931343  	100.283644 
4276.363001  	100.165910 
4277.794659  	100.175156 
4279.226318  	100.240137 
4280.657976  	100.290885 
4282.089634  	100.330503 
4283.521292  	100.327556 
4284.952950  	100.261570 
4286.384609  	100.234079 
4287.816267  	100.228931 
4289.247925  	100.192618 
4290.679583  	100.241252 
4292.111241  	100.326550 
4293.542899  	100.306087 
4294.974558  	100.268732 
4296.406216  	100.279818 
4297.837874  	100.296586 
4299.269532  	100.302231 
4300.701190  	100.265644 
4302.132849  	100.239237 
4303.564507  	100.261587 
4304.996165  	100.232298 
4306.427823  	100.179903 
4307.859481  	100.195720 
4309.291140  	100.186655 
4310.722798  	100.154286 
4312.154456  	100.243218 
4313.586114  	100.349231 
4315.017772  	100.296667 
4316.449430  	100.212558 
4317.881089  	100.221285 
4319.312747  	100.234023 
4320.744405  	100.232465 
4322.176063  	100.252907 
4323.607721  	100.271591 
4325.039380  	100.290711 
4326.471038  	100.255617 
4327.902696  	100.166722 
4329.334354  	100.205560 
4330.766012  	100.320046 
4332.197670  	100.269137 
4333.629329  	100.177936 
4335.060987  	100.247730 
4336.492645  	100.320341 
4337.924303  	100.287517 
4339.355961  	100.274406 
4340.787620  	100.295377 
4342.219278  	100.301520 
4343.650936  	100.311299 
4345.082594  	100.270633 
4346.514252  	100.213908 
4347.945911  	100.299232 
4349.377569  	100.398036 
4350.809227  	100.306466 
4352.240885  	100.220885 
4353.672543  	100.288188 
4355.104201  	100.306931 
4356.535860  	100.242469 
4357.967518  	100.254343 
4359.399176  	100.291475 
4360.830834  	100.256772 
4362.262492  	100.233134 
4363.694151  	100.265460 
4365.125809  	100.280615 
4366.557467  	100.274388 
4367.989125  	100.298432 
4369.420783  	100.318256 
4370.852441  	100.274162 
4372.284100  	100.211753 
4373.715758  	100.223340 
4375.147416  	100.307162 
4376.579074  	100.384827 
4378.010732  	100.397225 
4379.442391  	100.323906 
4380.874049  	100.243989 
4382.305707  	100.295342 
4383.737365  	100.408328 
4385.169023  	100.385547 
4386.600682  	100.279814 
4388.032340  	100.277577 
4389.463998  	100.346780 
4390.895656  	100.367026 
4392.327314  	100.372562 
4393.758972  	100.375829 
4395.190631  	100.312890 
4396.622289  	100.303994 
4398.053947  	100.414459 
4399.485605  	100.415347 
4400.917263  	100.306473 
4402.348922  	100.300930 
4403.780580  	100.301941 
4405.212238  	100.262803 
4406.643896  	100.340019 
4408.075554  	100.409486 
4409.507213  	100.313733 
4410.938871  	100.203881 
4412.370529  	100.208867 
4413.802187  	100.261434 
4415.233845  	100.282085 
4416.665503  	100.306861 
4418.097162  	100.311950 
4419.528820  	100.194480 
4420.960478  	100.119586 
4422.392136  	100.236243 
4423.823794  	100.315954 
4425.255453  	100.290376 
4426.687111  	100.309445 
4428.118769  	100.305591 
4429.550427  	100.258346 
4430.982085  	100.288186 
4432.413743  	100.351346 
4433.845402  	100.311877 
4435.277060  	100.178989 
4436.708718  	100.157103 
4438.140376  	100.294222 
4439.572034  	100.347333 
4441.003693  	100.354356 
4442.435351  	100.506522 
4443.867009  	100.569886 
4445.298667  	100.453035 
4446.730325  	100.462281 
4448.161984  	100.535498 
4449.593642  	100.455668 
4451.025300  	100.406341 
4452.456958  	100.415504 
4453.888616  	100.343655 
4455.320274  	100.430918 
4456.751933  	100.642847 
4458.183591  	100.556196 
4459.615249  	100.358561 
4461.046907  	100.339173 
4462.478565  	100.294502 
4463.910224  	100.304370 
4465.341882  	100.430077 
4466.773540  	100.379917 
4468.205198  	100.330288 
4469.636856  	100.449825 
4471.068515  	100.415956 
4472.500173  	100.257901 
4473.931831  	100.237793 
4475.363489  	100.336052 
4476.795147  	100.413590 
4478.226805  	100.356248 
4479.658464  	100.341624 
4481.090122  	100.511533 
4482.521780  	100.562885 
4483.953438  	100.444323 
4485.385096  	100.414303 
4486.816755  	100.455986 
4488.248413  	100.474082 
4489.680071  	100.438553 
4491.111729  	100.433604 
4492.543387  	100.558585 
4493.975045  	100.588467 
4495.406704  	100.480636 
4496.838362  	100.474456 
4498.270020  	100.466665 
4499.701678  	100.412206 
4501.133336  	100.432970 
4502.564995  	100.381357 
4503.996653  	100.325994 
4505.428311  	100.449265 
4506.859969  	100.501352 
4508.291627  	100.383108 
4509.723286  	100.358523 
4511.154944  	100.453734 
4512.586602  	100.484429 
4514.018260  	100.466206 
4515.449918  	100.552941 
4516.881576  	100.668419 
4518.313235  	100.613638 
4519.744893  	100.463339 
4521.176551  	100.404563 
4522.608209  	100.440939 
4524.039867  	100.515599 
4525.471526  	100.610697 
4526.903184  	100.642334 
4528.334842  	100.517630 
4529.766500  	100.405521 
4531.198158  	100.500657 
4532.629817  	100.582647 
4534.061475  	100.480982 
4535.493133  	100.418480 
4536.924791  	100.470550 
4538.356449  	100.494210 
4539.788107  	100.479306 
4541.219766  	100.500005 
4542.651424  	100.533329 
4544.083082  	100.444680 
4545.514740  	100.294914 
4546.946398  	100.352708 
4548.378057  	100.555189 
4549.809715  	100.599019 
4551.241373  	100.488132 
4552.673031  	100.439130 
4554.104689  	100.480881 
4555.536347  	100.475498 
4556.968006  	100.472033 
4558.399664  	100.544634 
4559.831322  	100.481570 
4561.262980  	100.317691 
4562.694638  	100.328069 
4564.126297  	100.383501 
4565.557955  	100.395988 
4566.989613  	100.507271 
4568.421271  	100.531025 
4569.852929  	100.385794 
4571.284588  	100.350541 
4572.716246  	100.454662 
4574.147904  	100.517629 
4575.579562  	100.480027 
4577.011220  	100.368556 
4578.442878  	100.275115 
4579.874537  	100.285031 
4581.306195  	100.359823 
4582.737853  	100.383931 
4584.169511  	100.345703 
4585.601169  	100.350841 
4587.032828  	100.393990 
4588.464486  	100.359213 
4589.896144  	100.265189 
4591.327802  	100.277582 
4592.759460  	100.406375 
4594.191118  	100.423158 
4595.622777  	100.326852 
4597.054435  	100.333925 
4598.486093  	100.388391 
4599.917751  	100.413872 
4601.349409  	100.460995 
4602.781068  	100.444199 
4604.212726  	100.428418 
4605.644384  	100.508949 
4607.076042  	100.542595 
4608.507700  	100.531869 
4609.939359  	100.503930 
4611.371017  	100.430689 
4612.802675  	100.458960 
4614.234333  	100.510962 
4615.665991  	100.459586 
4617.097649  	100.473430 
4618.529308  	100.510122 
4619.960966  	100.481297 
4621.392624  	100.482350 
4622.824282  	100.397994 
4624.255940  	100.250484 
4625.687599  	100.280479 
4627.119257  	100.400393 
4628.550915  	100.412156 
4629.982573  	100.334676 
4631.414231  	100.260540 
4632.845890  	100.218689 
4634.277548  	100.192777 
4635.709206  	100.243545 
4637.140864  	100.340578 
4638.572522  	100.349603 
4640.004180  	100.348092 
4641.435839  	100.410007 
4642.867497  	100.476157 
4644.299155  	100.553879 
4645.730813  	100.565784 
4647.162471  	100.469341 
4648.594130  	100.399165 
4650.025788  	100.399399 
4651.457446  	100.470153 
4652.889104  	100.564022 
4654.320762  	100.558302 
4655.752420  	100.519090 
4657.184079  	100.513490 
4658.615737  	100.465709 
4660.047395  	100.406915 
4661.479053  	100.402652 
4662.910711  	100.463099 
4664.342370  	100.524042 
4665.774028  	100.459440 
4667.205686  	100.359676 
4668.637344  	100.388037 
4670.069002  	100.450472 
4671.500661  	100.439716 
4672.932319  	100.431833 
4674.363977  	100.515654 
4675.795635  	100.588439 
4677.227293  	100.498261 
4678.658951  	100.388055 
4680.090610  	100.410571 
4681.522268  	100.444182 
4682.953926  	100.465376 
4684.385584  	100.544987 
4685.817242  	100.608130 
4687.248901  	100.564694 
4688.680559  	100.417521 
4690.112217  	100.321930 
4691.543875  	100.382429 
4692.975533  	100.468101 
4694.407192  	100.515971 
4695.838850  	100.485748 
4697.270508  	100.283534 
4698.702166  	100.164830 
4700.133824  	100.367684 
4701.565482  	100.572714 
4702.997141  	100.496259 
4704.428799  	100.346200 
4705.860457  	100.337842 
4707.292115  	100.379213 
4708.723773  	100.401037 
4710.155432  	100.489376 
4711.587090  	100.552278 
4713.018748  	100.451409 
4714.450406  	100.360148 
4715.882064  	100.432550 
4717.313722  	100.553725 
4718.745381  	100.624309 
4720.177039  	100.667577 
4721.608697  	100.679969 
4723.040355  	100.599335 
4724.472013  	100.488599 
4725.903672  	100.483713 
4727.335330  	100.520890 
4728.766988  	100.523509 
4730.198646  	100.535217 
4731.630304  	100.519958 
4733.061963  	100.512512 
4734.493621  	100.586759 
4735.925279  	100.650846 
4737.356937  	100.664021 
4738.788595  	100.615556 
4740.220253  	100.521222 
4741.651912  	100.568318 
4743.083570  	100.667254 
4744.515228  	100.579732 
4745.946886  	100.517647 
4747.378544  	100.620647 
4748.810203  	100.661412 
4750.241861  	100.611971 
4751.673519  	100.585042 
4753.105177  	100.585897 
4754.536835  	100.613980 
4755.968493  	100.618700 
4757.400152  	100.540060 
4758.831810  	100.435306 
4760.263468  	100.443630 
4761.695126  	100.612908 
4763.126784  	100.753218 
4764.558443  	100.693616 
4765.990101  	100.566421 
4767.421759  	100.540879 
4768.853417  	100.571961 
4770.285075  	100.531087 
4771.716734  	100.423508 
4773.148392  	100.426322 
4774.580050  	100.589076 
4776.011708  	100.683043 
4777.443366  	100.594982 
4778.875024  	100.494494 
4780.306683  	100.485553 
4781.738341  	100.525675 
4783.169999  	100.594572 
4784.601657  	100.610713 
4786.033315  	100.529190 
4787.464974  	100.524659 
4788.896632  	100.628633 
4790.328290  	100.639792 
4791.759948  	100.595493 
4793.191606  	100.640484 
4794.623265  	100.660538 
4796.054923  	100.533796 
4797.486581  	100.395536 
4798.918239  	100.464144 
4800.349897  	100.654433 
4801.781555  	100.657146 
4803.213214  	100.531688 
4804.644872  	100.536791 
4806.076530  	100.591924 
4807.508188  	100.587241 
4808.939846  	100.576952 
4810.371505  	100.551875 
4811.803163  	100.548852 
4813.234821  	100.630855 
4814.666479  	100.727641 
4816.098137  	100.742218 
4817.529795  	100.659394 
4818.961454  	100.615663 
4820.393112  	100.705368 
4821.824770  	100.768884 
4823.256428  	100.721896 
4824.688086  	100.677722 
4826.119745  	100.669095 
4827.551403  	100.684758 
4828.983061  	100.703893 
4830.414719  	100.668526 
4831.846377  	100.628293 
4833.278036  	100.629135 
4834.709694  	100.613781 
4836.141352  	100.606947 
4837.573010  	100.645057 
4839.004668  	100.667610 
4840.436326  	100.660563 
4841.867985  	100.622644 
4843.299643  	100.541265 
4844.731301  	100.562143 
4846.162959  	100.718973 
4847.594617  	100.733636 
4849.026276  	100.594314 
4850.457934  	100.594658 
4851.889592  	100.629444 
4853.321250  	100.459386 
4854.752908  	100.296322 
4856.184567  	100.374881 
4857.616225  	100.568741 
4859.047883  	100.665942 
4860.479541  	100.648197 
4861.911199  	100.647458 
4863.342857  	100.689292 
4864.774516  	100.738366 
4866.206174  	100.843463 
4867.637832  	100.903145 
4869.069490  	100.763592 
4870.501148  	100.616250 
4871.932807  	100.705636 
4873.364465  	100.882245 
4874.796123  	100.844190 
4876.227781  	100.620193 
4877.659439  	100.536199 
4879.091097  	100.667394 
4880.522756  	100.702035 
4881.954414  	100.547928 
4883.386072  	100.486727 
4884.817730  	100.613471 
4886.249388  	100.790050 
4887.681047  	100.924667 
4889.112705  	100.867567 
4890.544363  	100.634109 
4891.976021  	100.524300 
4893.407679  	100.520318 
4894.839338  	100.492157 
4896.270996  	100.605124 
4897.702654  	100.700026 
4899.134312  	100.601850 
4900.565970  	100.663254 
4901.997628  	100.839873 
4903.429287  	100.795562 
4904.860945  	100.718199 
4906.292603  	100.719577 
4907.724261  	100.699785 
4909.155919  	100.728690 
4910.587578  	100.754461 
4912.019236  	100.743228 
4913.450894  	100.759768 
4914.882552  	100.719223 
4916.314210  	100.660586 
4917.745869  	100.686899 
4919.177527  	100.722936 
4920.609185  	100.707972 
4922.040843  	100.661203 
4923.472501  	100.717078 
4924.904159  	100.904489 
4926.335818  	100.983035 
4927.767476  	100.974211 
4929.199134  	101.034920 
4930.630792  	100.989154 
4932.062450  	100.783558 
4933.494109  	100.646399 
4934.925767  	100.684813 
4936.357425  	100.800902 
4937.789083  	100.836494 
4939.220741  	100.825307 
4940.652399  	100.830373 
4942.084058  	100.779902 
4943.515716  	100.782569 
4944.947374  	100.871621 
4946.379032  	100.845426 
4947.810690  	100.754195 
4949.242349  	100.694417 
4950.674007  	100.649396 
4952.105665  	100.703959 
4953.537323  	100.725506 
4954.968981  	100.589393 
4956.400640  	100.571851 
4957.832298  	100.697832 
4959.263956  	100.702675 
4960.695614  	100.669257 
4962.127272  	100.691783 
4963.558930  	100.634657 
4964.990589  	100.633267 
4966.422247  	100.790661 
4967.853905  	100.742803 
4969.285563  	100.504212 
4970.717221  	100.553819 
4972.148880  	100.719500 
4973.580538  	100.651228 
4975.012196  	100.642177 
4976.443854  	100.760307 
4977.875512  	100.740595 
4979.307170  	100.748058 
4980.738829  	100.911461 
4982.170487  	100.953193 
4983.602145  	100.787882 
4985.033803  	100.651190 
4986.465461  	100.658965 
4987.897120  	100.719930 
4989.328778  	100.785540 
4990.760436  	100.826626 
4992.192094  	100.791113 
4993.623752  	100.752887 
4995.055411  	100.721950 
4996.487069  	100.673798 
4997.918727  	100.741127 
4999.350385  	100.835371 
5000.782043  	100.788466 
5002.213701  	100.744565 
5003.645360  	100.743260 
5005.077018  	100.755489 
5006.508676  	100.857475 
5007.940334  	100.864595 
5009.371992  	100.692642 
5010.803651  	100.625171 
5012.235309  	100.741159 
5013.666967  	100.833848 
5015.098625  	100.766799 
5016.530283  	100.652481 
5017.961942  	100.718400 
5019.393600  	100.934801 
5020.825258  	101.035071 
5022.256916  	100.848512 
5023.688574  	100.586055 
5025.120232  	100.652998 
5026.551891  	100.943447 
5027.983549  	101.053585 
5029.415207  	101.002146 
5030.846865  	100.915150 
5032.278523  	100.869866 
5033.710182  	100.940883 
5035.141840  	100.902928 
5036.573498  	100.754028 
5038.005156  	100.771087 
5039.436814  	100.796981 
5040.868472  	100.756895 
5042.300131  	100.833717 
5043.731789  	100.842169 
5045.163447  	100.745271 
5046.595105  	100.796534 
5048.026763  	100.889929 
5049.458422  	100.875568 
5050.890080  	100.770593 
5052.321738  	100.555955 
5053.753396  	100.475487 
5055.185054  	100.714552 
5056.616713  	100.895298 
5058.048371  	100.806538 
5059.480029  	100.739498 
5060.911687  	100.724914 
5062.343345  	100.696127 
5063.775003  	100.837841 
5065.206662  	100.941608 
5066.638320  	100.757974 
5068.069978  	100.681775 
5069.501636  	100.818545 
5070.933294  	100.840716 
5072.364953  	100.809526 
5073.796611  	100.760187 
5075.228269  	100.674470 
5076.659927  	100.835019 
5078.091585  	101.074806 
5079.523244  	101.036065 
5080.954902  	100.899856 
5082.386560  	100.804685 
5083.818218  	100.791410 
5085.249876  	100.919294 
5086.681534  	100.893513 
5088.113193  	100.703409 
5089.544851  	100.680092 
5090.976509  	100.702512 
5092.408167  	100.654983 
5093.839825  	100.661731 
5095.271484  	100.636932 
5096.703142  	100.585438 
5098.134800  	100.617788 
5099.566458  	100.715077 
5100.998116  	100.845099 
5102.429774  	100.844924 
5103.861433  	100.736781 
5105.293091  	100.789220 
5106.724749  	100.837359 
5108.156407  	100.686496 
5109.588065  	100.612951 
5111.019724  	100.698796 
5112.451382  	100.750698 
5113.883040  	100.746268 
5115.314698  	100.834776 
5116.746356  	101.006462 
5118.178015  	100.937637 
5119.609673  	100.742936 
5121.041331  	100.911261 
5122.472989  	101.081683 
5123.904647  	100.824705 
5125.336305  	100.639997 
5126.767964  	100.700448 
5128.199622  	100.708382 
5129.631280  	100.761444 
5131.062938  	100.834640 
5132.494596  	100.813836 
5133.926255  	100.899231 
5135.357913  	100.992874 
5136.789571  	100.891276 
5138.221229  	100.831447 
5139.652887  	100.872285 
5141.084546  	100.772821 
5142.516204  	100.615084 
5143.947862  	100.645952 
5145.379520  	100.835888 
5146.811178  	100.945145 
5148.242836  	100.855079 
5149.674495  	100.821760 
5151.106153  	100.953329 
5152.537811  	100.917845 
5153.969469  	100.835269 
5155.401127  	100.992317 
5156.832786  	100.970190 
5158.264444  	100.720406 
5159.696102  	100.692367 
5161.127760  	100.619381 
5162.559418  	100.434543 
5163.991076  	100.563130 
5165.422735  	100.709768 
5166.854393  	100.626256 
5168.286051  	100.631486 
5169.717709  	100.692425 
5171.149367  	100.750146 
5172.581026  	100.873693 
5174.012684  	100.891948 
5175.444342  	100.831460 
5176.876000  	100.806409 
5178.307658  	100.757398 
5179.739317  	100.727688 
5181.170975  	100.713646 
5182.602633  	100.699302 
5184.034291  	100.812835 
5185.465949  	100.944777 
5186.897607  	100.907353 
5188.329266  	100.923968 
5189.760924  	101.038137 
5191.192582  	100.913017 
5192.624240  	100.792004 
5194.055898  	101.026929 
5195.487557  	101.018353 
5196.919215  	100.582420 
5198.350873  	100.515359 
5199.782531  	100.726950 
5201.214189  	100.744071 
5202.645847  	100.832563 
5204.077506  	100.894910 
5205.509164  	100.860795 
5206.940822  	101.061297 
5208.372480  	101.193693 
5209.804138  	101.135267 
5211.235797  	101.172069 
5212.667455  	101.098692 
5214.099113  	100.983439 
5215.530771  	101.021168 
5216.962429  	100.930547 
5218.394088  	100.763023 
5219.825746  	100.793403 
5221.257404  	100.925364 
5222.689062  	101.046338 
5224.120720  	101.078328 
5225.552378  	100.997752 
5226.984037  	100.884573 
5228.415695  	100.768784 
5229.847353  	100.759375 
5231.279011  	100.854588 
5232.710669  	100.789785 
5234.142328  	100.637883 
5235.573986  	100.727034 
5237.005644  	100.931180 
5238.437302  	100.946237 
5239.868960  	100.898232 
5241.300619  	100.926586 
5242.732277  	100.911775 
5244.163935  	100.987207 
5245.595593  	101.165757 
5247.027251  	101.086689 
5248.458909  	100.920836 
5249.890568  	100.915667 
5251.322226  	100.893893 
5252.753884  	100.967658 
5254.185542  	101.113038 
5255.617200  	101.012737 
5257.048859  	100.854482 
5258.480517  	100.838726 
5259.912175  	100.913367 
5261.343833  	101.020360 
5262.775491  	100.873366 
5264.207149  	100.700290 
5265.638808  	100.971732 
5267.070466  	101.225338 
5268.502124  	101.203743 
5269.933782  	101.126213 
5271.365440  	100.986732 
5272.797099  	100.963161 
5274.228757  	101.112834 
5275.660415  	101.059006 
5277.092073  	100.870847 
5278.523731  	100.892665 
5279.955390  	101.023054 
5281.387048  	101.106920 
5282.818706  	101.196139 
5284.250364  	101.242637 
5285.682022  	101.100340 
5287.113680  	100.864123 
5288.545339  	100.788994 
5289.976997  	100.902524 
5291.408655  	101.042320 
5292.840313  	101.068652 
5294.271971  	101.017511 
5295.703630  	100.946123 
5297.135288  	100.925459 
5298.566946  	101.088799 
5299.998604  	101.231994 
5301.430262  	101.022605 
5302.861921  	100.817532 
5304.293579  	100.964591 
5305.725237  	101.134850 
5307.156895  	101.127225 
5308.588553  	101.040547 
5310.020211  	100.939552 
5311.451870  	100.842093 
5312.883528  	100.724486 
5314.315186  	100.774680 
5315.746844  	100.990974 
5317.178502  	100.922071 
5318.610161  	100.754888 
5320.041819  	100.937085 
5321.473477  	101.078027 
5322.905135  	100.995918 
5324.336793  	100.896468 
5325.768451  	100.635480 
5327.200110  	100.482379 
5328.631768  	100.805090 
5330.063426  	100.998672 
5331.495084  	100.905955 
5332.926742  	101.018984 
5334.358401  	101.150430 
5335.790059  	101.042453 
5337.221717  	100.990092 
5338.653375  	101.015148 
5340.085033  	100.904797 
5341.516692  	100.794936 
5342.948350  	100.805754 
5344.380008  	100.847277 
5345.811666  	100.828357 
5347.243324  	100.833768 
5348.674982  	100.949284 
5350.106641  	101.097729 
5351.538299  	101.216360 
5352.969957  	101.230995 
5354.401615  	101.057551 
5355.833273  	101.052083 
5357.264932  	101.201606 
5358.696590  	101.036047 
5360.128248  	100.810509 
5361.559906  	100.955585 
5362.991564  	101.181926 
5364.423222  	101.216068 
5365.854881  	101.063851 
5367.286539  	100.898367 
5368.718197  	100.939674 
5370.149855  	101.010447 
5371.581513  	100.976796 
5373.013172  	100.969600 
5374.444830  	101.009504 
5375.876488  	101.233697 
5377.308146  	101.489101 
5378.739804  	101.398645 
5380.171463  	101.332323 
5381.603121  	101.340029 
5383.034779  	101.131206 
5384.466437  	101.059120 
5385.898095  	101.195666 
5387.329753  	101.312279 
5388.761412  	101.468472 
5390.193070  	101.422199 
5391.624728  	101.166376 
5393.056386  	101.066224 
5394.488044  	101.092781 
5395.919703  	101.132871 
5397.351361  	101.092021 
5398.783019  	101.030648 
5400.214677  	101.188843 
5401.646335  	101.207571 
5403.077994  	101.005105 
5404.509652  	101.130473 
5405.941310  	101.324375 
5407.372968  	101.273115 
5408.804626  	101.310622 
5410.236284  	101.405204 
5411.667943  	101.371279 
5413.099601  	101.170327 
5414.531259  	100.901903 
5415.962917  	100.980913 
5417.394575  	101.165572 
5418.826234  	101.214721 
5420.257892  	101.431366 
5421.689550  	101.565992 
5423.121208  	101.344490 
5424.552866  	101.127301 
5425.984524  	100.984051 
5427.416183  	100.810697 
5428.847841  	100.781764 
5430.279499  	101.003474 
5431.711157  	101.197728 
5433.142815  	101.181599 
5434.574474  	101.234891 
5436.006132  	101.325376 
5437.437790  	101.107277 
5438.869448  	101.016396 
5440.301106  	101.149191 
5441.732765  	101.041628 
5443.164423  	101.035596 
5444.596081  	101.197750 
5446.027739  	100.992570 
5447.459397  	100.811767 
5448.891055  	100.877164 
5450.322714  	100.813466 
5451.754372  	100.854466 
5453.186030  	100.965040 
5454.617688  	100.962682 
5456.049346  	101.164492 
5457.481005  	101.362917 
5458.912663  	101.250232 
5460.344321  	101.197006 
5461.775979  	101.214799 
5463.207637  	101.142544 
5464.639296  	101.138048 
5466.070954  	101.030288 
5467.502612  	100.769956 
5468.934270  	100.734706 
5470.365928  	100.935395 
5471.797586  	101.017151 
5473.229245  	100.878012 
5474.660903  	100.758760 
5476.092561  	100.784845 
5477.524219  	100.706935 
5478.955877  	100.614645 
5480.387536  	100.780691 
5481.819194  	101.015981 
5483.250852  	101.172089 
5484.682510  	101.245039 
5486.114168  	101.132547 
5487.545826  	101.177859 
5488.977485  	101.392185 
5490.409143  	101.322167 
5491.840801  	101.329262 
5493.272459  	101.463461 
5494.704117  	101.244929 
5496.135776  	101.111084 
5497.567434  	100.998673 
5498.999092  	100.541322 
5500.430750  	100.524308 
5501.862408  	101.002425 
5503.294067  	101.090581 
5504.725725  	100.963244 
5506.157383  	101.003071 
5507.589041  	100.999090 
5509.020699  	101.001083 
5510.452357  	101.124438 
5511.884016  	101.182392 
5513.315674  	101.119723 
5514.747332  	101.190851 
5516.178990  	101.364454 
5517.610648  	101.284152 
5519.042307  	101.235165 
5520.473965  	101.456668 
5521.905623  	101.388819 
5523.337281  	101.060181 
5524.768939  	100.979323 
5526.200598  	101.013204 
5527.632256  	101.109389 
5529.063914  	101.316287 
5530.495572  	101.258314 
5531.927230  	100.893865 
5533.358888  	100.694206 
5534.790547  	100.853167 
5536.222205  	101.146038 
5537.653863  	101.286941 
5539.085521  	101.080119 
5540.517179  	100.811557 
5541.948838  	100.978242 
5543.380496  	101.162201 
5544.812154  	101.033232 
5546.243812  	101.229644 
5547.675470  	101.403773 
5549.107128  	101.091431 
5550.538787  	101.175875 
5551.970445  	101.278072 
5553.402103  	100.751731 
5554.833761  	100.757414 
5556.265419  	101.202962 
5557.697078  	101.173398 
5559.128736  	101.304828 
5560.560394  	101.613096 
5561.992052  	101.520699 
5563.423710  	101.410914 
5564.855369  	101.391466 
5566.287027  	101.284044 
5567.718685  	101.154022 
5569.150343  	101.052906 
5570.582001  	101.182207 
5572.013659  	101.416917 
5573.445318  	101.380129 
5574.876976  	101.144069 
5576.308634  	100.932103 
5577.740292  	100.935693 
5579.171950  	101.076146 
5580.603609  	101.080137 
5582.035267  	101.053049 
5583.466925  	101.046117 
5584.898583  	100.990281 
5586.330241  	100.958293 
5587.761899  	100.952294 
5589.193558  	101.250007 
5590.625216  	101.771464 
5592.056874  	101.758086 
5593.488532  	101.322603 
5594.920190  	101.023213 
5596.351849  	100.878651 
5597.783507  	100.942774 
5599.215165  	100.980767 
5600.646823  	100.845002 
5602.078481  	100.967624 
5603.510140  	101.072703 
5604.941798  	100.850096 
5606.373456  	100.894147 
5607.805114  	101.097615 
5609.236772  	100.919191 
5610.668430  	100.760454 
5612.100089  	100.912506 
5613.531747  	101.057091 
5614.963405  	101.204455 
5616.395063  	101.374824 
5617.826721  	101.347253 
5619.258380  	101.285801 
5620.690038  	101.221144 
5622.121696  	100.963196 
5623.553354  	100.922864 
5624.985012  	101.117070 
5626.416671  	101.016399 
5627.848329  	100.980476 
5629.279987  	101.171418 
5630.711645  	100.999522 
5632.143303  	100.707065 
5633.574961  	100.799682 
5635.006620  	101.225798 
5636.438278  	101.697658 
5637.869936  	101.670006 
5639.301594  	101.287312 
5640.733252  	101.155978 
5642.164911  	101.065351 
5643.596569  	100.972967 
5645.028227  	101.127947 
5646.459885  	101.179735 
5647.891543  	101.053677 
5649.323201  	100.975626 
5650.754860  	100.836947 
5652.186518  	100.816831 
5653.618176  	101.121274 
5655.049834  	101.389666 
5656.481492  	101.311795 
5657.913151  	101.112115 
5659.344809  	100.969100 
5660.776467  	100.833387 
5662.208125  	100.936003 
5663.639783  	101.238595 
5665.071442  	101.314058 
5666.503100  	101.413066 
5667.934758  	101.698465 
5669.366416  	101.649872 
5670.798074  	101.418014 
5672.229732  	101.399893 
5673.661391  	101.480757 
5675.093049  	101.572717 
5676.524707  	101.544728 
5677.956365  	101.397886 
5679.388023  	101.265338 
5680.819682  	101.068301 
5682.251340  	101.083066 
5683.682998  	101.446336 
5685.114656  	101.621326 
5686.546314  	101.444148 
5687.977973  	101.212778 
5689.409631  	101.163529 
5690.841289  	101.335700 
5692.272947  	101.410401 
5693.704605  	101.289139 
5695.136263  	101.115354 
5696.567922  	100.864914 
5697.999580  	100.808584 
5699.431238  	101.207986 
5700.862896  	101.656869 
5702.294554  	101.630266 
5703.726213  	101.402475 
5705.157871  	101.631089 
5706.589529  	101.925420 
5708.021187  	101.604609 
5709.452845  	101.189486 
5710.884503  	101.034825 
5712.316162  	100.957545 
5713.747820  	101.031754 
5715.179478  	101.046994 
5716.611136  	101.070508 
5718.042794  	101.400795 
5719.474453  	101.609932 
5720.906111  	101.495406 
5722.337769  	101.351187 
5723.769427  	101.527071 
5725.201085  	102.010130 
5726.632744  	101.826607 
5728.064402  	101.213963 
5729.496060  	101.472919 
5730.927718  	101.797750 
5732.359376  	101.490651 
5733.791034  	101.457887 
5735.222693  	101.491965 
5736.654351  	101.306074 
5738.086009  	101.315564 
5739.517667  	101.388140 
5740.949325  	101.458623 
5742.380984  	101.377954 
5743.812642  	101.243268 
5745.244300  	101.534010 
5746.675958  	101.499343 
5748.107616  	100.994274 
5749.539275  	101.165594 
5750.970933  	101.649244 
5752.402591  	101.629211 
5753.834249  	101.324612 
5755.265907  	100.954404 
5756.697565  	100.873896 
5758.129224  	101.017412 
5759.560882  	100.887595 
5760.992540  	100.816989 
5762.424198  	101.071784 
5763.855856  	101.268104 
5765.287515  	101.252347 
5766.719173  	101.259649 
5768.150831  	101.450315 
5769.582489  	101.407620 
5771.014147  	101.203160 
5772.445805  	101.548977 
5773.877464  	101.905647 
5775.309122  	101.578668 
5776.740780  	101.317705 
5778.172438  	101.573024 
5779.604096  	101.927842 
5781.035755  	101.919646 
5782.467413  	101.611131 
5783.899071  	101.570257 
5785.330729  	101.666707 
5786.762387  	101.365729 
5788.194046  	100.892214 
5789.625704  	100.691526 
5791.057362  	100.999732 
5792.489020  	101.435220 
5793.920678  	101.362995 
5795.352336  	101.070146 
5796.783995  	100.806699 
5798.215653  	100.650075 
5799.647311  	101.038994 
5801.078969  	101.369756 
5802.510627  	101.214484 
5803.942286  	101.340241 
5805.373944  	101.454414 
5806.805602  	101.213798 
5808.237260  	101.369702 
5809.668918  	101.660638 
5811.100576  	101.422845 
5812.532235  	100.991006 
5813.963893  	100.826125 
5815.395551  	101.014132 
5816.827209  	101.321152 
5818.258867  	101.614464 
5819.690526  	101.902029 
5821.122184  	101.712594 
5822.553842  	101.133472 
5823.985500  	101.046273 
5825.417158  	101.545250 
5826.848817  	101.923602 
5828.280475  	101.803026 
5829.712133  	101.547450 
5831.143791  	101.533587 
5832.575449  	101.518384 
5834.007107  	101.398732 
5835.438766  	101.364338 
5836.870424  	101.379348 
5838.302082  	101.496865 
5839.733740  	101.516785 
5841.165398  	101.143687 
5842.597057  	100.800913 
5844.028715  	100.728274 
5845.460373  	100.768164 
5846.892031  	100.991757 
5848.323689  	101.236946 
5849.755348  	101.373586 
5851.187006  	101.496477 
5852.618664  	101.524018 
5854.050322  	101.465980 
5855.481980  	101.275743 
5856.913638  	100.944953 
5858.345297  	100.809260 
5859.776955  	100.674787 
5861.208613  	100.327017 
5862.640271  	100.415057 
5864.071929  	101.045411 
5865.503588  	101.488638 
5866.935246  	101.537028 
5868.366904  	101.543577 
5869.798562  	101.697534 
5871.230220  	101.715537 
5872.661878  	101.379999 
5874.093537  	101.097982 
5875.525195  	100.992115 
5876.956853  	100.749958 
5878.388511  	100.733776 
5879.820169  	101.351490 
5881.251828  	101.894936 
5882.683486  	101.495795 
5884.115144  	100.660990 
5885.546802  	100.702645 
5886.978460  	101.690751 
5888.410119  	102.235920 
5889.841777  	101.854550 
5891.273435  	101.388024 
5892.705093  	101.092105 
5894.136751  	100.970421 
5895.568409  	101.251426 
5897.000068  	101.278403 
5898.431726  	100.901417 
5899.863384  	101.082856 
5901.295042  	101.243858 
5902.726700  	100.725829 
5904.158359  	100.784108 
5905.590017  	101.289554 
5907.021675  	101.065563 
5908.453333  	100.910521 
5909.884991  	101.199293 
5911.316650  	101.151018 
5912.748308  	101.015269 
5914.179966  	100.865562 
5915.611624  	100.459472 
5917.043282  	100.499733 
5918.474940  	101.045677 
5919.906599  	101.483969 
5921.338257  	101.668522 
5922.769915  	101.441601 
5924.201573  	101.091381 
5925.633231  	101.171078 
5927.064890  	101.085135 
5928.496548  	100.759452 
5929.928206  	101.068338 
5931.359864  	101.403960 
5932.791522  	101.163914 
5934.223180  	101.341626 
5935.654839  	101.771935 
5937.086497  	101.540070 
5938.518155  	101.158568 
5939.949813  	100.822634 
5941.381471  	100.387391 
5942.813130  	100.595688 
5944.244788  	101.181231 
5945.676446  	101.204942 
5947.108104  	101.058778 
5948.539762  	101.186306 
5949.971421  	101.264038 
5951.403079  	101.239104 
5952.834737  	101.302933 
5954.266395  	101.293856 
5955.698053  	100.893551 
5957.129711  	100.690238 
5958.561370  	101.268477 
5959.993028  	101.730856 
5961.424686  	101.642687 
5962.856344  	101.618793 
5964.288002  	101.364533 
5965.719661  	100.781635 
5967.151319  	100.607112 
5968.582977  	100.922423 
5970.014635  	101.521851 
5971.446293  	102.056000 
5972.877951  	102.184245 
5974.309610  	102.173883 
5975.741268  	102.048837 
5977.172926  	101.742950 
5978.604584  	101.306510 
5980.036242  	100.539930 
5981.467901  	100.230710 
5982.899559  	100.963444 
5984.331217  	101.691555 
5985.762875  	101.911132 
5987.194533  	101.614711 
5988.626192  	100.735544 
5990.057850  	100.426993 
5991.489508  	100.941479 
5992.921166  	101.042648 
5994.352824  	100.715791 
5995.784482  	100.647867 
5997.216141  	101.004786 
5998.647799  	101.339386 
6000.079457  	100.994869 
6001.511115  	100.601902 
6002.942773  	100.804743 
6004.374432  	100.774079 
6005.806090  	100.325546 
6007.237748  	100.195635 
6008.669406  	100.544746 
6010.101064  	101.199334 
6011.532723  	101.674202 
6012.964381  	101.540498 
6014.396039  	101.310225 
6015.827697  	101.696337 
6017.259355  	102.330442 
6018.691013  	102.311161 
6020.122672  	101.826142 
6021.554330  	101.564818 
6022.985988  	101.331380 
6024.417646  	100.956610 
6025.849304  	100.625994 
6027.280963  	100.488456 
6028.712621  	100.827524 
6030.144279  	101.128123 
6031.575937  	101.122344 
6033.007595  	101.558025 
6034.439253  	101.618327 
6035.870912  	100.541195 
6037.302570  	100.127197 
6038.734228  	101.077496 
6040.165886  	101.882349 
6041.597544  	101.706324 
6043.029203  	101.188268 
6044.460861  	101.336496 
6045.892519  	101.603368 
6047.324177  	101.036058 
6048.755835  	100.784744 
6050.187494  	101.069685 
6051.619152  	100.705394 
6053.050810  	100.491630 
6054.482468  	101.046157 
6055.914126  	101.450392 
6057.345784  	101.745339 
6058.777443  	101.813578 
6060.209101  	101.266032 
6061.640759  	100.995560 
6063.072417  	101.161906 
6064.504075  	101.242094 
6065.935734  	101.597528 
6067.367392  	102.016596 
6068.799050  	102.029786 
6070.230708  	101.833049 
6071.662366  	101.190966 
6073.094025  	100.525756 
6074.525683  	100.750529 
6075.957341  	101.180338 
6077.388999  	101.074828 
6078.820657  	100.878046 
6080.252315  	100.655433 
6081.683974  	100.564630 
6083.115632  	100.904190 
6084.547290  	100.959879 
6085.978948  	100.339160 
6087.410606  	99.802813 
6088.842265  	100.097129 
6090.273923  	100.813073 
6091.705581  	100.788987 
6093.137239  	100.610925 
6094.568897  	101.291937 
6096.000555  	101.424360 
6097.432214  	100.669649 
6098.863872  	101.002017 
6100.295530  	101.989864 
6101.727188  	102.068050 
6103.158846  	101.821630 
6104.590505  	101.438939 
6106.022163  	100.559233 
6107.453821  	100.309689 
6108.885479  	101.056238 
6110.317137  	101.367736 
6111.748796  	101.172387 
6113.180454  	101.666002 
6114.612112  	102.075389 
6116.043770  	101.179885 
6117.475428  	100.299609 
6118.907086  	100.804404 
6120.338745  	101.580077 
6121.770403  	101.318490 
6123.202061  	100.919746 
6124.633719  	101.331226 
6126.065377  	101.395996 
6127.497036  	100.789846 
6128.928694  	100.990141 
6130.360352  	101.443725 
6131.792010  	101.128526 
6133.223668  	101.016144 
6134.655327  	101.028573 
6136.086985  	100.713059 
6137.518643  	101.007055 
6138.950301  	101.710095 
6140.381959  	102.152940 
6141.813617  	102.419049 
6143.245276  	102.192109 
6144.676934  	101.668839 
6146.108592  	101.472338 
6147.540250  	101.771523 
6148.971908  	102.483997 
6150.403567  	102.585088 
6151.835225  	101.807169 
6153.266883  	101.606547 
6154.698541  	102.002110 
6156.130199  	102.113222 
6157.561857  	101.783360 
6158.993516  	101.012594 
6160.425174  	100.826875 
6161.856832  	101.540332 
6163.288490  	101.680453 
6164.720148  	101.427688 
6166.151807  	101.580274 
6167.583465  	101.382337 
6169.015123  	100.975071 
6170.446781  	100.918126 
6171.878439  	101.175084 
6173.310098  	101.964579 
6174.741756  	102.364786 
6176.173414  	101.805268 
6177.605072  	101.615938 
6179.036730  	101.471243 
6180.468388  	100.716114 
6181.900047  	100.947474 
6183.331705  	101.735097 
6184.763363  	101.304798 
6186.195021  	100.703650 
6187.626679  	100.735901 
6189.058338  	100.840488 
6190.489996  	101.212152 
6191.921654  	101.442575 
6193.353312  	100.818423 
6194.784970  	100.247004 
6196.216628  	100.830570 
6197.648287  	102.160252 
6199.079945  	102.358029 
6200.511603  	101.130320 
6201.943261  	100.392782 
6203.374919  	100.463230 
6204.806578  	100.904561 
6206.238236  	101.915032 
6207.669894  	102.264719 
6209.101552  	101.656074 
6210.533210  	101.518515 
6211.964869  	101.898744 
6213.396527  	102.488748 
6214.828185  	102.666963 
6216.259843  	101.533933 
6217.691501  	100.550916 
6219.123159  	100.732720 
6220.554818  	100.918442 
6221.986476  	100.650410 
6223.418134  	100.197034 
6224.849792  	100.403945 
6226.281450  	101.405418 
6227.713109  	101.460031 
6229.144767  	100.711744 
6230.576425  	100.552439 
6232.008083  	100.536709 
6233.439741  	100.518726 
6234.871400  	100.400165 
6236.303058  	100.071342 
6237.734716  	100.914867 
6239.166374  	102.398856 
6240.598032  	102.370339 
6242.029690  	101.600720 
6243.461349  	101.554492 
6244.893007  	101.627183 
6246.324665  	101.255037 
6247.756323  	101.215584 
6249.187981  	101.745515 
6250.619640  	101.818197 
6252.051298  	101.374299 
6253.482956  	100.984427 
6254.914614  	100.639260 
6256.346272  	100.709653 
6257.777930  	100.931388 
6259.209589  	100.778797 
6260.641247  	101.152160 
6262.072905  	101.923367 
6263.504563  	101.769030 
6264.936221  	100.769278 
6266.367880  	99.843228 
6267.799538  	99.921919 
6269.231196  	100.602984 
6270.662854  	100.786651 
6272.094512  	101.025833 
6273.526171  	101.490531 
6274.957829  	101.705828 
6276.389487  	102.195992 
6277.821145  	102.518583 
6279.252803  	102.171226 
6280.684461  	101.735840 
6282.116120  	100.929905 
6283.547778  	100.163314 
6284.979436  	100.262703 
6286.411094  	100.636306 
6287.842752  	100.895358 
6289.274411  	100.831326 
6290.706069  	100.271392 
6292.137727  	99.998343 
6293.569385  	100.478929 
6295.001043  	101.559362 
6296.432702  	102.236986 
6297.864360  	101.670217 
6299.296018  	101.044128 
6300.727676  	101.053332 
6302.159334  	101.159971 
6303.590992  	101.545406 
6305.022651  	102.070783 
6306.454309  	102.346282 
6307.885967  	102.081907 
6309.317625  	101.039027 
6310.749283  	100.683484 
6312.180942  	101.387113 
6313.612600  	101.694607 
6315.044258  	101.757941 
6316.475916  	101.623499 
6317.907574  	100.499216 
6319.339232  	99.647409 
6320.770891  	100.303904 
6322.202549  	101.577349 
6323.634207  	101.825267 
6325.065865  	100.993541 
6326.497523  	100.628766 
6327.929182  	100.846869 
6329.360840  	100.851090 
6330.792498  	100.880753 
6332.224156  	101.186994 
6333.655814  	101.649599 
6335.087473  	101.334289 
6336.519131  	100.369251 
6337.950789  	100.919953 
6339.382447  	102.026860 
6340.814105  	101.527850 
6342.245763  	101.069258 
6343.677422  	101.047164 
6345.109080  	100.580598 
6346.540738  	100.536262 
6347.972396  	100.419084 
6349.404054  	100.206569 
6350.835713  	101.008729 
6352.267371  	101.692076 
6353.699029  	101.696113 
6355.130687  	101.697749 
6356.562345  	101.249496 
6357.994003  	100.777833 
6359.425662  	101.184759 
6360.857320  	102.025701 
6362.288978  	102.308454 
6363.720636  	101.763907 
6365.152294  	101.446992 
6366.583953  	101.463732 
6368.015611  	101.142204 
6369.447269  	100.951124 
6370.878927  	100.804835 
6372.310585  	100.417055 
6373.742244  	100.461060 
6375.173902  	100.934628 
6376.605560  	101.407689 
6378.037218  	101.519011 
6379.468876  	101.113534 
6380.900534  	101.025337 
6382.332193  	101.373470 
6383.763851  	101.502603 
6385.195509  	101.212779 
6386.627167  	100.746858 
6388.058825  	100.888844 
6389.490484  	101.003415 
6390.922142  	100.455652 
6392.353800  	100.789580 
6393.785458  	101.257289 
6395.217116  	100.728915 
6396.648775  	101.270753 
6398.080433  	102.101135 
6399.512091  	101.563073 
6400.943749  	101.866125 
6402.375407  	102.689185 
6403.807065  	101.986615 
6405.238724  	101.143892 
6406.670382  	100.941664 
6408.102040  	100.665366 
6409.533698  	100.543704 
6410.965356  	100.943702 
6412.397015  	101.954204 
6413.828673  	102.740820 
6415.260331  	102.044169 
6416.691989  	100.704909 
6418.123647  	100.313948 
6419.555305  	100.699539 
6420.986964  	101.047399 
6422.418622  	101.002030 
6423.850280  	100.507374 
6425.281938  	100.532268 
6426.713596  	101.564479 
6428.145255  	101.895143 
6429.576913  	101.176772 
6431.008571  	100.870351 
6432.440229  	101.088190 
6433.871887  	101.853108 
6435.303546  	102.720237 
6436.735204  	102.255363 
6438.166862  	101.409907 
6439.598520  	101.110670 
6441.030178  	100.819785 
6442.461836  	101.510229 
6443.893495  	102.705128 
6445.325153  	102.599050 
6446.756811  	101.719840 
6448.188469  	100.566296 
6449.620127  	100.402848 
6451.051786  	101.978130 
6452.483444  	102.723359 
6453.915102  	102.703167 
6455.346760  	103.337841 
6456.778418  	102.604793 
6458.210077  	101.442009 
6459.641735  	101.673495 
6461.073393  	101.218086 
6462.505051  	100.447252 
6463.936709  	101.026301 
6465.368367  	101.391485 
6466.800026  	101.258350 
6468.231684  	101.606216 
6469.663342  	101.701657 
6471.095000  	101.464072 
6472.526658  	101.298808 
6473.958317  	100.903065 
6475.389975  	100.942888 
6476.821633  	101.817514 
6478.253291  	101.844201 
6479.684949  	100.793127 
6481.116607  	100.783531 
6482.548266  	101.373902 
6483.979924  	100.870878 
6485.411582  	100.382437 
6486.843240  	100.944297 
6488.274898  	101.335449 
6489.706557  	101.022361 
6491.138215  	100.866833 
6492.569873  	100.836526 
6494.001531  	100.518547 
6495.433189  	100.805108 
6496.864848  	101.557082 
6498.296506  	101.169058 
6499.728164  	100.375569 
6501.159822  	100.505444 
6502.591480  	100.582219 
6504.023138  	100.445594 
6505.454797  	100.739642 
6506.886455  	101.071684 
6508.318113  	101.420462 
6509.749771  	101.458402 
6511.181429  	101.028895 
6512.613088  	100.826295 
6514.044746  	100.645157 
6515.476404  	100.490880 
6516.908062  	100.803922 
6518.339720  	100.969653 
6519.771379  	100.910695 
6521.203037  	101.236209 
6522.634695  	101.607721 
6524.066353  	101.312067 
6525.498011  	100.570550 
6526.929669  	100.634366 
6528.361328  	101.533834 
6529.792986  	101.871705 
6531.224644  	101.577618 
6532.656302  	101.322534 
6534.087960  	101.173273 
6535.519619  	101.065974 
6536.951277  	101.107429 
6538.382935  	101.617211 
6539.814593  	101.542353 
6541.246251  	100.314886 
6542.677909  	100.464131 
6544.109568  	101.606410 
6545.541226  	100.942608 
6546.972884  	100.294715 
6548.404542  	101.211974 
6549.836200  	102.021485 
6551.267859  	102.304622 
6552.699517  	101.640560 
6554.131175  	100.459330 
6555.562833  	100.539765 
6556.994491  	100.631800 
6558.426150  	99.880390 
6559.857808  	100.375852 
6561.289466  	101.670918 
6562.721124  	101.955067 
6564.152782  	102.203251 
6565.584440  	102.857337 
6567.016099  	102.267869 
6568.447757  	100.892505 
6569.879415  	100.641204 
6571.311073  	100.363939 
6572.742731  	99.527049 
6574.174390  	100.406361 
6575.606048  	101.709993 
6577.037706  	100.995140 
6578.469364  	100.621139 
6579.901022  	101.323627 
6581.332680  	101.015688 
6582.764339  	100.855072 
6584.195997  	101.843289 
6585.627655  	102.054490 
6587.059313  	101.206505 
6588.490971  	100.456816 
6589.922630  	100.185797 
6591.354288  	100.532372 
6592.785946  	100.827199 
6594.217604  	100.277726 
6595.649262  	100.142103 
6597.080921  	100.388221 
6598.512579  	99.208681 
6599.944237  	98.495667 
6601.375895  	100.448705 
6602.807553  	101.847126 
6604.239211  	100.867963 
6605.670870  	100.809218 
6607.102528  	102.261295 
6608.534186  	102.857384 
6609.965844  	102.268321 
6611.397502  	101.721003 
6612.829161  	102.092366 
6614.260819  	102.635215 
6615.692477  	102.151004 
6617.124135  	101.438538 
6618.555793  	101.381878 
6619.987452  	101.397154 
6621.419110  	101.260605 
6622.850768  	101.154996 
6624.282426  	100.637546 
6625.714084  	99.725459 
6627.145742  	99.253279 
6628.577401  	99.713155 
6630.009059  	100.612902 
6631.440717  	100.491865 
6632.872375  	99.423315 
6634.304033  	99.479276 
6635.735692  	100.296106 
6637.167350  	99.814815 
6638.599008  	99.254901 
6640.030666  	99.965771 
6641.462324  	100.721756 
6642.893982  	101.720392 
6644.325641  	103.115217 
6645.757299  	102.650416 
6647.188957  	100.981373 
6648.620615  	100.815608 
6650.052273  	101.552737 
6651.483932  	101.716483 
6652.915590  	101.652814 
6654.347248  	101.354993 
6655.778906  	100.731040 
6657.210564  	100.558174 
6658.642223  	100.615359 
6660.073881  	100.190823 
6661.505539  	100.172590 
6662.937197  	100.901171 
6664.368855  	101.472162 
6665.800513  	101.439959 
6667.232172  	100.583478 
6668.663830  	100.119108 
6670.095488  	101.124971 
6671.527146  	101.191874 
6672.958804  	100.176957 
6674.390463  	101.122147 
6675.822121  	102.189727 
6677.253779  	101.296551 
6678.685437  	101.571338 
6680.117095  	102.841640 
6681.548754  	102.145406 
6682.980412  	100.672935 
6684.412070  	100.195057 
6685.843728  	100.212169 
6687.275386  	100.110975 
6688.707044  	99.427664 
6690.138703  	98.684444 
6691.570361  	99.187770 
6693.002019  	100.261553 
6694.433677  	100.325582 
6695.865335  	99.495757 
6697.296994  	99.131990 
6698.728652  	100.099931 
6700.160310  	101.248839 
6701.591968  	101.157716 
6703.023626  	100.952530 
6704.455284  	100.935656 
6705.886943  	99.558563 
6707.318601  	98.791092 
6708.750259  	100.570390 
6710.181917  	102.286160 
6711.613575  	102.570327 
6713.045234  	102.610418 
6714.476892  	102.360858 
6715.908550  	102.171578 
6717.340208  	102.195635 
6718.771866  	101.847101 
6720.203525  	101.958964 
6721.635183  	102.359899 
6723.066841  	102.452497 
6724.498499  	103.012675 
6725.930157  	103.207855 
6727.361815  	101.931060 
6728.793474  	100.526978 
6730.225132  	100.699064 
6731.656790  	102.228007 
6733.088448  	102.396424 
6734.520106  	100.779066 
6735.951765  	100.592656 
6737.383423  	101.419746 
6738.815081  	101.128462 
6740.246739  	100.979930 
6741.678397  	101.570799 
6743.110056  	101.890970 
6744.541714  	102.011613 
6745.973372  	102.289096 
6747.405030  	102.390281 
6748.836688  	101.556106 
6750.268346  	100.697832 
6751.700005  	101.067563 
6753.131663  	100.809794 
6754.563321  	99.381860 
6755.994979  	99.452663 
6757.426637  	101.083024 
6758.858296  	101.943492 
6760.289954  	101.609700 
6761.721612  	100.552173 
6763.153270  	99.459410 
6764.584928  	99.010792 
6766.016586  	99.600070 
6767.448245  	100.604712 
6768.879903  	100.955172 
6770.311561  	101.120044 
6771.743219  	101.374354 
6773.174877  	100.606685 
6774.606536  	99.710998 
6776.038194  	100.385705 
6777.469852  	101.597248 
6778.901510  	101.950665 
6780.333168  	102.205687 
6781.764827  	102.890453 
6783.196485  	102.647086 
6784.628143  	101.172154 
6786.059801  	100.561348 
6787.491459  	101.404546 
6788.923117  	102.131010 
6790.354776  	101.731210 
6791.786434  	100.541839 
6793.218092  	99.888187 
6794.649750  	100.428242 
6796.081408  	101.067502 
6797.513067  	100.717735 
6798.944725  	99.759269 
6800.376383  	99.587013 
6801.808041  	100.862419 
6803.239699  	102.034578 
6804.671357  	101.588253 
6806.103016  	100.510978 
6807.534674  	100.443422 
6808.966332  	101.178895 
6810.397990  	101.264545 
6811.829648  	100.503740 
6813.261307  	99.758812 
6814.692965  	99.326466 
6816.124623  	99.340032 
6817.556281  	99.701182 
6818.987939  	100.411131 
6820.419598  	100.995016 
6821.851256  	100.356332 
6823.282914  	99.622928 
6824.714572  	100.645750 
6826.146230  	101.912953 
6827.577888  	102.304865 
6829.009547  	102.393068 
6830.441205  	101.507097 
6831.872863  	100.744855 
6833.304521  	101.317464 
6834.736179  	101.180170 
6836.167838  	99.552034 
6837.599496  	98.163011 
6839.031154  	98.274085 
6840.462812  	99.720965 
6841.894470  	100.881830 
6843.326129  	100.875998 
6844.757787  	100.783509 
6846.189445  	100.656225 
6847.621103  	100.292565 
6849.052761  	100.581841 
6850.484419  	101.135636 
6851.916078  	101.033601 
6853.347736  	100.987583 
6854.779394  	101.541975 
6856.211052  	101.682343 
6857.642710  	100.759586 
6859.074369  	99.815333 
6860.506027  	99.803382 
6861.937685  	100.277514 
6863.369343  	100.548012 
6864.801001  	100.864432 
6866.232659  	101.110159 
6867.664318  	100.715614 
6869.095976  	100.241204 
6870.527634  	99.942864 
6871.959292  	99.158648 
6873.390950  	99.807103 
6874.822609  	101.573465 
6876.254267  	100.738591 
6877.685925  	99.375169 
6879.117583  	101.043870 
6880.549241  	102.526629 
6881.980900  	102.347602 
6883.412558  	102.636748 
6884.844216  	101.905403 
6886.275874  	100.412274 
6887.707532  	101.186231 
6889.139190  	102.230450 
6890.570849  	100.850807 
6892.002507  	100.252839 
6893.434165  	101.818564 
6894.865823  	101.645433 
6896.297481  	99.870676 
6897.729140  	99.976268 
6899.160798  	100.716976 
6900.592456  	100.553734 
6902.024114  	100.492518 
6903.455772  	100.197056 
6904.887431  	99.447697 
6906.319089  	98.928231 
6907.750747  	98.884085 
6909.182405  	99.818114 
6910.614063  	100.432323 
6912.045721  	99.455931 
6913.477380  	99.338356 
6914.909038  	101.343469 
6916.340696  	102.294101 
6917.772354  	100.173369 
6919.204012  	98.154237 
6920.635671  	98.732265 
6922.067329  	99.999157 
6923.498987  	100.661237 
6924.930645  	100.515719 
6926.362303  	99.666362 
6927.793961  	100.402940 
6929.225620  	101.771383 
6930.657278  	101.152172 
6932.088936  	101.372406 
6933.520594  	102.108771 
6934.952252  	100.421744 
6936.383911  	100.143965 
6937.815569  	102.092720 
6939.247227  	102.430244 
6940.678885  	101.736466 
6942.110543  	101.008104 
6943.542202  	100.628244 
6944.973860  	101.128297 
6946.405518  	101.126913 
6947.837176  	101.377186 
6949.268834  	102.195868 
6950.700492  	101.215613 
6952.132151  	99.939982 
6953.563809  	100.510932 
6954.995467  	101.856127 
6956.427125  	102.546343 
6957.858783  	101.864390 
6959.290442  	101.037125 
6960.722100  	101.530457 
6962.153758  	102.058626 
6963.585416  	101.878814 
6965.017074  	101.520535 
6966.448732  	101.826903 
6967.880391  	103.484136 
6969.312049  	104.078271 
6970.743707  	102.328453 
6972.175365  	101.239424 
6973.607023  	101.631234 
6975.038682  	101.387134 
6976.470340  	100.809617 
6977.901998  	101.656525 
6979.333656  	102.350103 
6980.765314  	100.997881 
6982.196973  	100.424664 
6983.628631  	101.881759 
6985.060289  	102.618677 
6986.491947  	102.248700 
6987.923605  	100.923500 
6989.355263  	99.050677 
6990.786922  	98.895294 
6992.218580  	99.554787 
6993.650238  	99.703302 
6995.081896  	100.503277 
6996.513554  	101.404540 
6997.945213  	101.587383 
6999.376871  	100.998928 
7000.808529  	99.903586 
7002.240187  	99.921284 
7003.671845  	100.399785 
7005.103504  	100.561090 
7006.535162  	102.143478 
7007.966820  	103.469081 
7009.398478  	103.051236 
7010.830136  	102.672149 
7012.261794  	101.453026 
7013.693453  	100.241465 
7015.125111  	101.600281 
7016.556769  	103.343126 
7017.988427  	102.826441 
7019.420085  	100.823921 
7020.851744  	99.524609 
7022.283402  	100.114975 
7023.715060  	100.904589 
7025.146718  	100.847945 
7026.578376  	101.116122 
7028.010034  	101.191468 
7029.441693  	101.179226 
7030.873351  	102.531670 
7032.305009  	103.255882 
7033.736667  	101.979584 
7035.168325  	101.621083 
7036.599984  	102.336817 
7038.031642  	101.537807 
7039.463300  	100.373773 
7040.894958  	99.921216 
7042.326616  	99.128928 
7043.758275  	99.753739 
7045.189933  	101.332843 
7046.621591  	100.684255 
7048.053249  	99.552797 
7049.484907  	99.934473 
7050.916565  	100.587897 
7052.348224  	100.906965 
7053.779882  	99.828877 
7055.211540  	98.447452 
7056.643198  	99.432396 
7058.074856  	101.191985 
7059.506515  	101.753083 
7060.938173  	101.406740 
7062.369831  	100.539821 
7063.801489  	100.106077 
7065.233147  	99.091736 
7066.664806  	98.110591 
7068.096464  	99.482014 
7069.528122  	100.315774 
7070.959780  	99.865164 
7072.391438  	101.438923 
7073.823096  	102.425638 
7075.254755  	101.959360 
7076.686413  	101.894715 
7078.118071  	100.283166 
7079.549729  	99.426605 
7080.981387  	101.143041 
7082.413046  	101.691613 
7083.844704  	101.866523 
7085.276362  	103.411610 
7086.708020  	103.729534 
7088.139678  	102.529432 
7089.571336  	100.712695 
7091.002995  	99.490541 
7092.434653  	100.328270 
7093.866311  	101.299403 
7095.297969  	100.697508 
7096.729627  	100.289486 
7098.161286  	100.452566 
7099.592944  	99.880579 
7101.024602  	99.212502 
7102.456260  	99.568772 
7103.887918  	100.216679 
7105.319577  	101.511060 
7106.751235  	103.567886 
7108.182893  	102.390645 
7109.614551  	99.321516 
7111.046209  	99.212044 
7112.477867  	99.768981 
7113.909526  	99.576138 
7115.341184  	100.973279 
7116.772842  	100.781314 
7118.204500  	98.763213 
7119.636158  	99.843800 
7121.067817  	101.066581 
7122.499475  	100.070714 
7123.931133  	100.075057 
7125.362791  	100.397230 
7126.794449  	99.495634 
7128.226108  	99.209535 
7129.657766  	100.143022 
7131.089424  	101.401479 
7132.521082  	102.007146 
7133.952740  	101.479312 
7135.384398  	100.347165 
7136.816057  	99.418367 
7138.247715  	99.644993 
7139.679373  	101.218895 
7141.111031  	101.953374 
7142.542689  	101.243899 
7143.974348  	100.991522 
7145.406006  	101.523136 
7146.837664  	102.144000 
7148.269322  	102.542817 
7149.700980  	101.847464 
7151.132638  	100.385477 
7152.564297  	100.202514 
7153.995955  	101.124566 
7155.427613  	101.745146 
7156.859271  	101.280915 
7158.290929  	100.074381 
7159.722588  	100.558919 
7161.154246  	102.091821 
7162.585904  	100.749746 
7164.017562  	98.501308 
7165.449220  	98.831465 
7166.880879  	100.503743 
7168.312537  	101.479066 
7169.744195  	101.372195 
7171.175853  	101.348521 
7172.607511  	101.192490 
7174.039169  	99.109509 
7175.470828  	98.343191 
7176.902486  	101.547239 
7178.334144  	103.177158 
7179.765802  	101.080997 
7181.197460  	99.620995 
7182.629119  	99.545619 
7184.060777  	99.843114 
7185.492435  	100.530325 
7186.924093  	100.539792 
7188.355751  	99.814991 
7189.787409  	99.571015 
7191.219068  	99.455188 
7192.650726  	98.906377 
7194.082384  	99.486253 
7195.514042  	100.919389 
7196.945700  	100.544810 
7198.377359  	100.622825 
7199.809017  	102.600755 
7201.240675  	101.615023 
7202.672333  	99.289873 
7204.103991  	100.327950 
7205.535650  	101.250593 
7206.967308  	101.060090 
7208.398966  	101.890668 
7209.830624  	101.223043 
7211.262282  	99.913137 
7212.693940  	99.633385 
7214.125599  	99.258236 
7215.557257  	99.915688 
7216.988915  	99.946903 
7218.420573  	98.096214 
7219.852231  	98.233959 
7221.283890  	99.822831 
7222.715548  	100.181338 
7224.147206  	100.335549 
7225.578864  	100.170233 
7227.010522  	100.755409 
7228.442181  	101.447887 
7229.873839  	99.486113 
7231.305497  	99.448919 
7232.737155  	102.901350 
7234.168813  	102.293537 
7235.600471  	99.218714 
7237.032130  	99.202026 
7238.463788  	100.568352 
7239.895446  	101.089868 
7241.327104  	100.570410 
7242.758762  	100.987440 
7244.190421  	102.367767 
7245.622079  	101.496863 
7247.053737  	100.801238 
7248.485395  	101.211953 
7249.917053  	99.896428 
7251.348711  	99.397040 
7252.780370  	100.915343 
7254.212028  	100.851097 
7255.643686  	100.618609 
7257.075344  	100.878723 
7258.507002  	100.116843 
7259.938661  	100.762601 
7261.370319  	102.128872 
7262.801977  	100.730862 
7264.233635  	98.251667 
7265.665293  	97.860700 
7267.096952  	100.094709 
7268.528610  	101.768034 
7269.960268  	100.742924 
7271.391926  	100.298477 
7272.823584  	101.348805 
7274.255242  	102.207237 
7275.686901  	102.973491 
7277.118559  	102.888306 
7278.550217  	102.192562 
7279.981875  	102.408504 
7281.413533  	102.883526 
7282.845192  	103.472310 
7284.276850  	102.962050 
7285.708508  	101.409160 
7287.140166  	102.625823 
7288.571824  	104.557546 
7290.003483  	102.781176 
7291.435141  	100.671806 
7292.866799  	100.957286 
7294.298457  	102.406103 
7295.730115  	102.549244 
7297.161773  	100.750106 
7298.593432  	101.069535 
7300.025090  	103.160623 
7301.456748  	102.993275 
7302.888406  	102.099139 
7304.320064  	100.500552 
7305.751723  	97.989478 
7307.183381  	98.439062 
7308.615039  	100.596107 
7310.046697  	100.879804 
7311.478355  	100.360285 
7312.910013  	99.892724 
7314.341672  	101.219376 
7315.773330  	102.903742 
7317.204988  	101.642106 
7318.636646  	100.648689 
7320.068304  	100.580330 
7321.499963  	99.845583 
7322.931621  	101.644045 
7324.363279  	102.925165 
7325.794937  	99.878836 
7327.226595  	98.311134 
7328.658254  	99.071341 
7330.089912  	99.089168 
7331.521570  	100.266742 
7332.953228  	101.803754 
7334.384886  	101.576208 
7335.816544  	101.430976 
7337.248203  	101.084377 
7338.679861  	99.775019 
7340.111519  	98.978428 
7341.543177  	98.683186 
7342.974835  	98.448474 
7344.406494  	99.447236 
7345.838152  	100.709759 
7347.269810  	101.264557 
7348.701468  	100.925528 
7350.133126  	99.032078 
7351.564785  	97.990154 
7352.996443  	100.541731 
7354.428101  	103.526098 
7355.859759  	103.450189 
7357.291417  	101.261527 
7358.723075  	99.291959 
7360.154734  	99.748810 
7361.586392  	101.588385 
7363.018050  	101.928082 
7364.449708  	101.575416 
7365.881366  	100.161867 
7367.313025  	97.845400 
7368.744683  	98.827637 
7370.176341  	101.410872 
7371.607999  	101.955450 
7373.039657  	102.875238 
7374.471315  	103.528360 
7375.902974  	102.586274 
7377.334632  	103.056180 
7378.766290  	103.726155 
7380.197948  	102.625197 
7381.629606  	101.829378 
7383.061265  	102.129693 
7384.492923  	102.950176 
7385.924581  	102.301628 
7387.356239  	99.915268 
7388.787897  	98.858418 
7390.219556  	99.904500 
7391.651214  	101.545396 
7393.082872  	102.733823 
7394.514530  	102.412699 
7395.946188  	100.244740 
7397.377846  	98.348687 
7398.809505  	99.014514 
7400.241163  	100.206213 
7401.672821  	98.680651 
7403.104479  	97.329590 
7404.536137  	98.043862 
7405.967796  	98.146480 
7407.399454  	98.142537 
7408.831112  	99.520238 
7410.262770  	101.749166 
7411.694428  	104.055802 
7413.126086  	103.399784 
7414.557745  	100.938500 
7415.989403  	101.545007 
7417.421061  	102.627844 
7418.852719  	102.011413 
7420.284377  	102.365077 
7421.716036  	102.111070 
7423.147694  	100.110116 
7424.579352  	99.200038 
7426.011010  	99.666591 
7427.442668  	98.922915 
7428.874327  	97.325017 
7430.305985  	98.624015 
7431.737643  	102.142506 
7433.169301  	102.379591 
7434.600959  	101.649100 
7436.032617  	102.669312 
7437.464276  	101.100126 
7438.895934  	98.888534 
7440.327592  	99.885671 
7441.759250  	100.929651 
7443.190908  	101.304048 
7444.622567  	101.442066 
7446.054225  	100.006694 
7447.485883  	100.158321 
7448.917541  	103.052557 
7450.349199  	103.506320 
7451.780858  	101.453572 
7453.212516  	101.478749 
7454.644174  	102.714675 
7456.075832  	101.862048 
7457.507490  	99.422168 
7458.939148  	97.435480 
7460.370807  	97.102883 
7461.802465  	98.648624 
7463.234123  	100.610900 
7464.665781  	100.747095 
7466.097439  	99.381947 
7467.529098  	99.133822 
7468.960756  	101.178336 
7470.392414  	104.429601 
7471.824072  	105.680347 
7473.255730  	104.563026 
7474.687388  	103.196673 
7476.119047  	102.492353 
7477.550705  	102.891823 
7478.982363  	103.787796 
7480.414021  	102.907401 
7481.845679  	101.089552 
7483.277338  	100.986901 
7484.708996  	101.088201 
7486.140654  	101.226998 
7487.572312  	102.763761 
7489.003970  	102.642683 
7490.435629  	99.906792 
7491.867287  	98.519513 
7493.298945  	98.462638 
7494.730603  	99.071490 
7496.162261  	101.651912 
7497.593919  	104.137077 
7499.025578  	104.153164 
7500.457236  	103.723114 
7501.888894  	105.174814 
7503.320552  	107.018219 
7504.752210  	105.105502 
7506.183869  	99.610287 
7507.615527  	96.928469 
7509.047185  	98.235129 
7510.478843  	99.326027 
7511.910501  	98.609726 
7513.342160  	99.036001 
7514.773818  	100.854518 
7516.205476  	100.701664 
7517.637134  	99.801578 
7519.068792  	101.061093 
7520.500450  	101.963629 
7521.932109  	101.336672 
7523.363767  	101.334793 
7524.795425  	101.696213 
7526.227083  	103.223494 
7527.658741  	105.415323 
7529.090400  	104.835292 
7530.522058  	102.645321 
7531.953716  	100.024445 
7533.385374  	97.718839 
7534.817032  	99.660862 
7536.248690  	102.433778 
7537.680349  	101.043973 
7539.112007  	100.279186 
7540.543665  	102.067206 
7541.975323  	103.473170 
7543.406981  	104.592680 
7544.838640  	105.392792 
7546.270298  	105.218722 
7547.701956  	103.385506 
7549.133614  	99.748690 
7550.565272  	98.537236 
7551.996931  	100.150861 
7553.428589  	99.969378 
7554.860247  	100.833742 
7556.291905  	104.149071 
7557.723563  	103.456766 
7559.155221  	100.527688 
7560.586880  	102.300636 
7562.018538  	105.497800 
7563.450196  	104.448552 
7564.881854  	101.847211 
7566.313512  	101.306996 
7567.745171  	101.724484 
7569.176829  	101.945024 
7570.608487  	102.011546 
7572.040145  	102.430150 
7573.471803  	101.630380 
7574.903461  	99.703809 
7576.335120  	100.449609 
7577.766778  	102.203886 
7579.198436  	101.606772 
7580.630094  	102.658530 
7582.061752  	103.695927 
7583.493411  	101.240577 
7584.925069  	101.350694 
7586.356727  	101.858873 
7587.788385  	97.376894 
7589.220043  	97.406190 
7590.651702  	103.668112 
7592.083360  	106.397630 
7593.515018  	105.480647 
7594.946676  	103.597104 
7596.378334  	100.837310 
7597.809992  	100.983030 
7599.241651  	103.110722 
7600.673309  	103.572708 
7602.104967  	102.252058 
7603.536625  	100.776344 
7604.968283  	103.265618 
7606.399942  	108.005781 
7607.831600  	106.712867 
7609.263258  	102.529748 
7610.694916  	101.877459 
7612.126574  	101.848048 
7613.558233  	100.811688 
7614.989891  	99.477600 
7616.421549  	98.285763 
7617.853207  	99.402909 
7619.284865  	102.614169 
7620.716523  	103.812231 
7622.148182  	102.394546 
7623.579840  	100.865024 
7625.011498  	101.013977 
7626.443156  	102.682289 
7627.874814  	103.350633 
7629.306473  	100.792336 
7630.738131  	98.593718 
7632.169789  	99.260637 
7633.601447  	100.579825 
7635.033105  	100.422866 
7636.464763  	99.547668 
7637.896422  	99.746681 
7639.328080  	102.025790 
7640.759738  	103.790062 
7642.191396  	103.732695 
7643.623054  	104.746394 
7645.054713  	104.951703 
7646.486371  	102.344847 
7647.918029  	100.292250 
7649.349687  	99.314632 
7650.781345  	98.828355 
7652.213004  	99.152582 
7653.644662  	98.919324 
7655.076320  	99.480138 
7656.507978  	100.957200 
7657.939636  	99.680669 
7659.371294  	98.141454 
7660.802953  	99.295208 
7662.234611  	99.815587 
7663.666269  	99.332561 
7665.097927  	100.906552 
7666.529585  	102.290771 
7667.961244  	102.791835 
7669.392902  	104.533606 
7670.824560  	104.298987 
7672.256218  	100.228979 
7673.687876  	99.502383 
7675.119535  	102.784800 
7676.551193  	102.263340 
7677.982851  	100.162527 
7679.414509  	101.697676 
7680.846167  	101.856811 
7682.277825  	100.008906 
7683.709484  	99.142541 
7685.141142  	98.428139 
7686.572800  	99.164281 
7688.004458  	102.390286 
7689.436116  	105.494616 
7690.867775  	105.986184 
7692.299433  	103.355882 
7693.731091  	101.584294 
7695.162749  	102.730210 
7696.594407  	102.943808 
7698.026065  	103.129140 
7699.457724  	103.361057 
7700.889382  	101.112651 
7702.321040  	101.097224 
7703.752698  	102.623607 
7705.184356  	100.112974 
7706.616015  	100.576244 
7708.047673  	106.142929 
7709.479331  	106.891464 
7710.910989  	103.059589 
7712.342647  	101.186165 
7713.774306  	101.935507 
7715.205964  	102.906927 
7716.637622  	102.427847 
7718.069280  	102.866783 
7719.500938  	104.600504 
7720.932596  	104.372301 
7722.364255  	102.665253 
7723.795913  	102.168229 
7725.227571  	102.749481 
7726.659229  	103.235987 
7728.090887  	102.737061 
7729.522546  	102.346610 
7730.954204  	103.167088 
7732.385862  	104.580266 
7733.817520  	103.585951 
7735.249178  	98.828594 
7736.680837  	97.487611 
7738.112495  	101.358639 
7739.544153  	102.791133 
7740.975811  	101.546932 
7742.407469  	101.597780 
7743.839127  	99.328632 
7745.270786  	97.300521 
7746.702444  	99.250277 
7748.134102  	100.645225 
7749.565760  	100.485214 
7750.997418  	101.876057 
7752.429077  	103.175166 
7753.860735  	102.392663 
7755.292393  	99.801379 
7756.724051  	99.748207 
7758.155709  	103.324644 
7759.587367  	105.200043 
7761.019026  	104.805493 
7762.450684  	106.237691 
7763.882342  	107.043493 
7765.314000  	104.024131 
7766.745658  	102.068723 
7768.177317  	103.212878 
7769.608975  	102.446549 
7771.040633  	99.104749 
7772.472291  	97.622204 
7773.903949  	98.408872 
7775.335608  	99.133436 
7776.767266  	99.927935 
7778.198924  	100.534260 
7779.630582  	102.503321 
7781.062240  	106.243080 
7782.493898  	107.129886 
7783.925557  	105.004716 
7785.357215  	103.695052 
7786.788873  	101.589473 
7788.220531  	100.451742 
7789.652189  	103.011986 
7791.083848  	104.952771 
7792.515506  	102.360134 
7793.947164  	99.147412 
7795.378822  	100.891353 
7796.810480  	103.906683 
7798.242138  	102.483783 
7799.673797  	102.096528 
7801.105455  	104.033942 
7802.537113  	102.945811 
7803.968771  	102.467677 
7805.400429  	103.837440 
7806.832088  	102.619666 
7808.263746  	102.350141 
7809.695404  	105.008472 
7811.127062  	106.689015 
7812.558720  	104.252979 
7813.990379  	102.607732 
7815.422037  	105.409807 
7816.853695  	106.178368 
7818.285353  	101.079344 
7819.717011  	99.808952 
7821.148669  	101.104337 
7822.580328  	97.728501 
7824.011986  	97.739947 
7825.443644  	103.461701 
7826.875302  	105.369644 
7828.306960  	103.869881 
7829.738619  	103.646089 
7831.170277  	104.931563 
7832.601935  	109.005725 
7834.033593  	110.453060 
7835.465251  	105.425056 
7836.896910  	101.653773 
7838.328568  	103.189643 
7839.760226  	104.607125 
7841.191884  	102.404409 
7842.623542  	101.572945 
7844.055200  	103.956984 
7845.486859  	103.125116 
7846.918517  	100.898739 
7848.350175  	103.830239 
7849.781833  	106.307695 
7851.213491  	105.684997 
7852.645150  	106.850661 
7854.076808  	105.901938 
7855.508466  	102.355669 
7856.940124  	101.364667 
7858.371782  	99.946817 
7859.803440  	102.485747 
7861.235099  	111.875728 
7862.666757  	114.019660 
7864.098415  	107.951748 
7865.530073  	103.259081 
7866.961731  	97.736929 
7868.393390  	98.404677 
7869.825048  	107.358882 
7871.256706  	109.680281 
7872.688364  	106.462338 
7874.120022  	105.566285 
7875.551681  	101.450194 
7876.983339  	96.950426 
7878.414997  	97.197645 
7879.846655  	97.729742 
7881.278313  	97.003308 
7882.709971  	99.038585 
7884.141630  	102.597928 
7885.573288  	104.477833 
7887.004946  	104.522440 
7888.436604  	105.126960 
7889.868262  	104.171664 
7891.299921  	98.870590 
7892.731579  	95.081152 
7894.163237  	98.132622 
7895.594895  	105.124025 
7897.026553  	106.793996 
7898.458212  	101.911089 
7899.889870  	98.472764 