##TITLE=No Description
##DATA TYPE=INFRARED SPECTRUM
##XUNITS=1/CM
##YUNITS=%T
349.324597  	108.685121 
350.756256  	235.063133 
352.187914  	126.932042 
353.619572  	54.658959 
355.051230  	120.546312 
356.482888  	168.098544 
357.914546  	187.189821 
359.346205  	139.051564 
360.777863  	120.369398 
362.209521  	121.157574 
363.641179  	113.720153 
365.072837  	93.850042 
366.504496  	76.251679 
367.936154  	83.549394 
369.367812  	90.478112 
370.799470  	74.594976 
372.231128  	77.464142 
373.662787  	87.825312 
375.094445  	71.704370 
376.526103  	71.773786 
377.957761  	80.470216 
379.389419  	80.800204 
380.821077  	82.968827 
382.252736  	87.859216 
383.684394  	83.958985 
385.116052  	84.489237 
386.547710  	91.784246 
387.979368  	88.968716 
389.411027  	81.643735 
390.842685  	81.020315 
392.274343  	86.358039 
393.706001  	93.136431 
395.137659  	92.832460 
396.569317  	88.342801 
398.000976  	89.547911 
399.432634  	89.602353 
400.864292  	86.768577 
402.295950  	89.269733 
403.727608  	92.750313 
405.159267  	92.768804 
406.590925  	89.529348 
408.022583  	86.664668 
409.454241  	87.040064 
410.885899  	87.592745 
412.317558  	86.994388 
413.749216  	88.793481 
415.180874  	89.798782 
416.612532  	88.408339 
418.044190  	90.747472 
419.475848  	94.852511 
420.907507  	91.124562 
422.339165  	87.910626 
423.770823  	86.641796 
425.202481  	87.575939 
426.634139  	89.766849 
428.065798  	90.901532 
429.497456  	89.799036 
430.929114  	87.374399 
432.360772  	87.077834 
433.792430  	89.909000 
435.224089  	92.046942 
436.655747  	91.588751 
438.087405  	90.863044 
439.519063  	90.339078 
440.950721  	89.102794 
442.382379  	87.602060 
443.814038  	87.732073 
445.245696  	88.662552 
446.677354  	88.206423 
448.109012  	86.809002 
449.540670  	86.429896 
450.972329  	87.541647 
452.403987  	88.852786 
453.835645  	87.977981 
455.267303  	86.502317 
456.698961  	86.453899 
458.130619  	86.475861 
459.562278  	86.162965 
460.993936  	85.919038 
462.425594  	84.808102 
463.857252  	84.107575 
465.288910  	84.235765 
466.720569  	84.259629 
468.152227  	84.856973 
469.583885  	85.051603 
471.015543  	83.833885 
472.447201  	83.232801 
473.878860  	83.399906 
475.310518  	82.527297 
476.742176  	81.422298 
478.173834  	81.474068 
479.605492  	82.068308 
481.037150  	81.518118 
482.468809  	79.801825 
483.900467  	78.889354 
485.332125  	79.636403 
486.763783  	80.229121 
488.195441  	79.284148 
489.627100  	78.301654 
491.058758  	78.413870 
492.490416  	77.764240 
493.922074  	75.842849 
495.353732  	74.583176 
496.785391  	73.542707 
498.217049  	71.620408 
499.648707  	69.850631 
501.080365  	68.594469 
502.512023  	66.409846 
503.943681  	63.028763 
505.375340  	59.620788 
506.806998  	56.336423 
508.238656  	54.111273 
509.670314  	54.387743 
511.101972  	56.096591 
512.533631  	57.854012 
513.965289  	60.127025 
515.396947  	62.627275 
516.828605  	64.995395 
518.260263  	67.828400 
519.691921  	70.512398 
521.123580  	72.814918 
522.555238  	75.038953 
523.986896  	76.679610 
525.418554  	78.122119 
526.850212  	79.394165 
528.281871  	79.640154 
529.713529  	79.876394 
531.145187  	80.655691 
532.576845  	80.852247 
534.008503  	80.662590 
535.440162  	81.044977 
536.871820  	81.600010 
538.303478  	81.602170 
539.735136  	81.374307 
541.166794  	81.466065 
542.598452  	81.410475 
544.030111  	81.084056 
545.461769  	81.226100 
546.893427  	81.372282 
548.325085  	81.091699 
549.756743  	81.171999 
551.188402  	81.354556 
552.620060  	81.207975 
554.051718  	81.216197 
555.483376  	81.195211 
556.915034  	81.003986 
558.346692  	80.899390 
559.778351  	80.693619 
561.210009  	80.559357 
562.641667  	80.641872 
564.073325  	80.637454 
565.504983  	80.612136 
566.936642  	80.453695 
568.368300  	80.071848 
569.799958  	79.972991 
571.231616  	79.969296 
572.663274  	79.653765 
574.094933  	79.410088 
575.526591  	79.337863 
576.958249  	79.108293 
578.389907  	78.821086 
579.821565  	78.658233 
581.253223  	78.574944 
582.684882  	78.619924 
584.116540  	78.803954 
585.548198  	78.822132 
586.979856  	78.695548 
588.411514  	78.853140 
589.843173  	79.073268 
591.274831  	79.009574 
592.706489  	79.027291 
594.138147  	79.172690 
595.569805  	79.092067 
597.001464  	78.802471 
598.433122  	78.361928 
599.864780  	77.724147 
601.296438  	76.921301 
602.728096  	76.000844 
604.159754  	74.897012 
605.591413  	73.532777 
607.023071  	72.144069 
608.454729  	71.137162 
609.886387  	70.714642 
611.318045  	70.876475 
612.749704  	71.603396 
614.181362  	72.482351 
615.613020  	73.270998 
617.044678  	74.280681 
618.476336  	75.272035 
619.907994  	75.942773 
621.339653  	76.411125 
622.771311  	76.583796 
624.202969  	76.489536 
625.634627  	76.286189 
627.066285  	75.998623 
628.497944  	75.673335 
629.929602  	75.312020 
631.361260  	74.945141 
632.792918  	74.510339 
634.224576  	73.768525 
635.656235  	73.174221 
637.087893  	73.303287 
638.519551  	73.500010 
639.951209  	73.480954 
641.382867  	73.756325 
642.814525  	73.955767 
644.246184  	73.828786 
645.677842  	73.783056 
647.109500  	73.657053 
648.541158  	73.423754 
649.972816  	73.353603 
651.404475  	73.206957 
652.836133  	73.058071 
654.267791  	72.988706 
655.699449  	72.679423 
657.131107  	72.457922 
658.562766  	72.573298 
659.994424  	72.586242 
661.426082  	72.452187 
662.857740  	72.512718 
664.289398  	72.698461 
665.721056  	72.506522 
667.152715  	71.670674 
668.584373  	71.358554 
670.016031  	72.242456 
671.447689  	72.567087 
672.879347  	72.628966 
674.311006  	72.747326 
675.742664  	72.835890 
677.174322  	72.938458 
678.605980  	73.089139 
680.037638  	73.172690 
681.469296  	73.157030 
682.900955  	73.271886 
684.332613  	73.685913 
685.764271  	74.082208 
687.195929  	74.296630 
688.627587  	74.474028 
690.059246  	74.529489 
691.490904  	74.623311 
692.922562  	74.944987 
694.354220  	75.234102 
695.785878  	75.368096 
697.217537  	75.381720 
698.649195  	75.270789 
700.080853  	75.085465 
701.512511  	74.847696 
702.944169  	74.727457 
704.375827  	74.691865 
705.807486  	74.424121 
707.239144  	74.245806 
708.670802  	74.491893 
710.102460  	74.773803 
711.534118  	74.998635 
712.965777  	75.264378 
714.397435  	75.411673 
715.829093  	75.529520 
717.260751  	75.611483 
718.692409  	75.503385 
720.124067  	75.358413 
721.555726  	75.295184 
722.987384  	75.333699 
724.419042  	75.434128 
725.850700  	75.427137 
727.282358  	75.436959 
728.714017  	75.577359 
730.145675  	75.631951 
731.577333  	75.612229 
733.008991  	75.611398 
734.440649  	75.541701 
735.872308  	75.410795 
737.303966  	75.149357 
738.735624  	74.677069 
740.167282  	74.150755 
741.598940  	73.571656 
743.030598  	72.802228 
744.462257  	71.989589 
745.893915  	71.372172 
747.325573  	70.949413 
748.757231  	70.602931 
750.188889  	70.304602 
751.620548  	70.035302 
753.052206  	69.786586 
754.483864  	69.541661 
755.915522  	69.181555 
757.347180  	68.657426 
758.778839  	67.855848 
760.210497  	66.547942 
761.642155  	64.784478 
763.073813  	62.718536 
764.505471  	60.495738 
765.937129  	58.542165 
767.368788  	57.201733 
768.800446  	56.711704 
770.232104  	57.290005 
771.663762  	58.748445 
773.095420  	60.895908 
774.527079  	63.436130 
775.958737  	65.915835 
777.390395  	68.264777 
778.822053  	70.365615 
780.253711  	72.187770 
781.685369  	74.017811 
783.117028  	75.878892 
784.548686  	77.791715 
785.980344  	79.753551 
787.412002  	81.426111 
788.843660  	82.745563 
790.275319  	83.767825 
791.706977  	84.327157 
793.138635  	84.490403 
794.570293  	84.353974 
796.001951  	83.810458 
797.433610  	82.908176 
798.865268  	81.682288 
800.296926  	80.117013 
801.728584  	78.368248 
803.160242  	76.545845 
804.591900  	74.713371 
806.023559  	72.816846 
807.455217  	70.814712 
808.886875  	68.975015 
810.318533  	67.363617 
811.750191  	65.928570 
813.181850  	64.892408 
814.613508  	64.392519 
816.045166  	64.543818 
817.476824  	65.438699 
818.908482  	67.062699 
820.340141  	69.263642 
821.771799  	71.567164 
823.203457  	73.611670 
824.635115  	75.256632 
826.066773  	76.532173 
827.498431  	77.696427 
828.930090  	78.636067 
830.361748  	79.198253 
831.793406  	79.740386 
833.225064  	80.267165 
834.656722  	80.611126 
836.088381  	80.967924 
837.520039  	81.154505 
838.951697  	80.990646 
840.383355  	80.710394 
841.815013  	80.274308 
843.246671  	79.716072 
844.678330  	79.199345 
846.109988  	78.611830 
847.541646  	78.149436 
848.973304  	78.106765 
850.404962  	78.403404 
851.836621  	78.952537 
853.268279  	79.677965 
854.699937  	80.452171 
856.131595  	81.115093 
857.563253  	81.518635 
858.994912  	81.796214 
860.426570  	82.152007 
861.858228  	82.666035 
863.289886  	83.456642 
864.721544  	84.499604 
866.153202  	85.732097 
867.584861  	87.192269 
869.016519  	88.732868 
870.448177  	90.203885 
871.879835  	91.602795 
873.311493  	92.757949 
874.743152  	93.554043 
876.174810  	94.110875 
877.606468  	94.469410 
879.038126  	94.670985 
880.469784  	94.770089 
881.901443  	94.731545 
883.333101  	94.623157 
884.764759  	94.616015 
886.196417  	94.688555 
887.628075  	94.541629 
889.059733  	94.185935 
890.491392  	94.002379 
891.923050  	93.924967 
893.354708  	93.742983 
894.786366  	93.553276 
896.218024  	93.275082 
897.649683  	92.911322 
899.081341  	92.647102 
900.512999  	92.369215 
901.944657  	91.986175 
903.376315  	91.531799 
904.807973  	90.981483 
906.239632  	90.335404 
907.671290  	89.477870 
909.102948  	88.393836 
910.534606  	87.233425 
911.966264  	86.035484 
913.397923  	85.024790 
914.829581  	84.523993 
916.261239  	84.613733 
917.692897  	85.227051 
919.124555  	86.118532 
920.556214  	86.959850 
921.987872  	87.624997 
923.419530  	88.069745 
924.851188  	88.213739 
926.282846  	88.110597 
927.714504  	87.891175 
929.146163  	87.577720 
930.577821  	87.153549 
932.009479  	86.693472 
933.441137  	86.211233 
934.872795  	85.683631 
936.304454  	85.158538 
937.736112  	84.568876 
939.167770  	83.924465 
940.599428  	83.338203 
942.031086  	82.742383 
943.462744  	82.185925 
944.894403  	81.703056 
946.326061  	81.104803 
947.757719  	80.460630 
949.189377  	79.865781 
950.621035  	79.240577 
952.052694  	78.670132 
953.484352  	78.148841 
954.916010  	77.596945 
956.347668  	77.062471 
957.779326  	76.592335 
959.210985  	76.326141 
960.642643  	76.274131 
962.074301  	76.282552 
963.505959  	76.398814 
964.937617  	76.671778 
966.369275  	77.014828 
967.800934  	77.297178 
969.232592  	77.427934 
970.664250  	77.493685 
972.095908  	77.455880 
973.527566  	77.192642 
974.959225  	76.858133 
976.390883  	76.489675 
977.822541  	76.046495 
979.254199  	75.711342 
980.685857  	75.510993 
982.117516  	75.427413 
983.549174  	75.527716 
984.980832  	75.754407 
986.412490  	76.070167 
987.844148  	76.396742 
989.275806  	76.612948 
990.707465  	76.729900 
992.139123  	76.750468 
993.570781  	76.671922 
995.002439  	76.477909 
996.434097  	76.124204 
997.865756  	75.675588 
999.297414  	75.118663 
1000.729072  	74.486824 
1002.160730  	73.900784 
1003.592388  	73.185097 
1005.024046  	72.312537 
1006.455705  	71.446041 
1007.887363  	70.452379 
1009.319021  	69.304762 
1010.750679  	67.996939 
1012.182337  	66.342568 
1013.613996  	64.231202 
1015.045654  	61.579080 
1016.477312  	59.166526 
1017.908970  	58.536339 
1019.340628  	60.167818 
1020.772287  	63.218562 
1022.203945  	66.301408 
1023.635603  	68.360242 
1025.067261  	69.122249 
1026.498919  	68.793289 
1027.930577  	67.776149 
1029.362236  	66.471732 
1030.793894  	65.024252 
1032.225552  	63.628343 
1033.657210  	62.348448 
1035.088868  	61.034457 
1036.520527  	59.801102 
1037.952185  	58.609570 
1039.383843  	57.346381 
1040.815501  	56.108911 
1042.247159  	54.748225 
1043.678818  	53.219556 
1045.110476  	51.623318 
1046.542134  	49.944373 
1047.973792  	48.262943 
1049.405450  	46.454387 
1050.837108  	44.562094 
1052.268767  	42.787405 
1053.700425  	40.960683 
1055.132083  	39.303351 
1056.563741  	37.938360 
1057.995399  	36.651739 
1059.427058  	35.777365 
1060.858716  	35.235844 
1062.290374  	34.863519 
1063.722032  	34.930647 
1065.153690  	35.133046 
1066.585348  	35.393061 
1068.017007  	35.835698 
1069.448665  	36.277279 
1070.880323  	36.850722 
1072.311981  	37.384797 
1073.743639  	37.851437 
1075.175298  	38.635528 
1076.606956  	39.491346 
1078.038614  	40.482273 
1079.470272  	41.844858 
1080.901930  	43.372491 
1082.333589  	45.306091 
1083.765247  	47.510642 
1085.196905  	49.553747 
1086.628563  	51.420666 
1088.060221  	52.659120 
1089.491879  	53.081971 
1090.923538  	53.116567 
1092.355196  	52.829350 
1093.786854  	52.385258 
1095.218512  	51.945356 
1096.650170  	51.441286 
1098.081829  	51.070546 
1099.513487  	50.682582 
1100.945145  	50.254552 
1102.376803  	50.113984 
1103.808461  	50.035695 
1105.240120  	50.091193 
1106.671778  	50.506688 
1108.103436  	51.071457 
1109.535094  	51.894498 
1110.966752  	52.945492 
1112.398410  	54.182493 
1113.830069  	55.857828 
1115.261727  	57.756609 
1116.693385  	59.735718 
1118.125043  	61.785708 
1119.556701  	63.673999 
1120.988360  	65.531778 
1122.420018  	67.483271 
1123.851676  	69.435987 
1125.283334  	71.526098 
1126.714992  	73.716017 
1128.146650  	75.799788 
1129.578309  	77.796214 
1131.009967  	79.675632 
1132.441625  	81.326684 
1133.873283  	82.808157 
1135.304941  	84.110423 
1136.736600  	85.179831 
1138.168258  	86.111483 
1139.599916  	86.895635 
1141.031574  	87.538435 
1142.463232  	88.108973 
1143.894891  	88.548918 
1145.326549  	88.914725 
1146.758207  	89.269918 
1148.189865  	89.562316 
1149.621523  	89.816380 
1151.053181  	90.007223 
1152.484840  	90.122035 
1153.916498  	90.186886 
1155.348156  	90.165893 
1156.779814  	90.105053 
1158.211472  	89.963081 
1159.643131  	89.678570 
1161.074789  	89.346249 
1162.506447  	88.941383 
1163.938105  	88.444592 
1165.369763  	87.854984 
1166.801421  	87.086359 
1168.233080  	86.187734 
1169.664738  	85.134939 
1171.096396  	83.902860 
1172.528054  	82.542734 
1173.959712  	80.914196 
1175.391371  	79.022331 
1176.823029  	76.878451 
1178.254687  	74.433139 
1179.686345  	72.033019 
1181.118003  	70.016517 
1182.549662  	68.561313 
1183.981320  	67.442400 
1185.412978  	66.096690 
1186.844636  	64.454574 
1188.276294  	62.506706 
1189.707952  	60.227980 
1191.139611  	57.886482 
1192.571269  	55.365681 
1194.002927  	52.684849 
1195.434585  	50.002413 
1196.866243  	47.070182 
1198.297902  	44.072212 
1199.729560  	41.224550 
1201.161218  	38.714552 
1202.592876  	36.997314 
1204.024534  	35.925650 
1205.456193  	35.520990 
1206.887851  	35.699189 
1208.319509  	35.757382 
1209.751167  	35.545767 
1211.182825  	34.824032 
1212.614483  	33.447984 
1214.046142  	32.028787 
1215.477800  	30.685218 
1216.909458  	29.652421 
1218.341116  	29.314208 
1219.772774  	29.399013 
1221.204433  	30.019112 
1222.636091  	31.022303 
1224.067749  	32.135550 
1225.499407  	33.614404 
1226.931065  	35.111623 
1228.362723  	36.594408 
1229.794382  	38.335176 
1231.226040  	40.014104 
1232.657698  	41.832129 
1234.089356  	43.852341 
1235.521014  	45.830103 
1236.952673  	48.079302 
1238.384331  	50.450846 
1239.815989  	52.782115 
1241.247647  	55.253553 
1242.679305  	57.572843 
1244.110964  	59.694815 
1245.542622  	61.614023 
1246.974280  	62.975503 
1248.405938  	63.874389 
1249.837596  	64.488471 
1251.269254  	64.998671 
1252.700913  	65.946187 
1254.132571  	67.477830 
1255.564229  	69.519179 
1256.995887  	71.995970 
1258.427545  	74.581085 
1259.859204  	77.165327 
1261.290862  	79.654418 
1262.722520  	81.773211 
1264.154178  	83.504855 
1265.585836  	84.867168 
1267.017495  	85.753312 
1268.449153  	86.276468 
1269.880811  	86.518517 
1271.312469  	86.491461 
1272.744127  	86.388755 
1274.175785  	86.292141 
1275.607444  	86.303235 
1277.039102  	86.497053 
1278.470760  	86.731555 
1279.902418  	87.042608 
1281.334076  	87.417614 
1282.765735  	87.681946 
1284.197393  	87.848342 
1285.629051  	87.845284 
1287.060709  	87.614416 
1288.492367  	87.175895 
1289.924025  	86.380660 
1291.355684  	85.274324 
1292.787342  	83.864432 
1294.219000  	82.069015 
1295.650658  	79.984535 
1297.082316  	77.497005 
1298.513975  	74.648954 
1299.945633  	71.532146 
1301.377291  	68.162716 
1302.808949  	64.918663 
1304.240607  	61.867171 
1305.672266  	59.283226 
1307.103924  	57.575287 
1308.535582  	56.660269 
1309.967240  	56.761441 
1311.398898  	57.684737 
1312.830556  	59.055868 
1314.262215  	60.635124 
1315.693873  	61.908379 
1317.125531  	63.189419 
1318.557189  	65.145033 
1319.988847  	67.947428 
1321.420506  	71.480133 
1322.852164  	75.144760 
1324.283822  	78.515233 
1325.715480  	81.450306 
1327.147138  	83.903377 
1328.578796  	85.855921 
1330.010455  	87.287622 
1331.442113  	88.347688 
1332.873771  	89.043388 
1334.305429  	89.456092 
1335.737087  	89.700590 
1337.168746  	89.781549 
1338.600404  	89.845485 
1340.032062  	89.837565 
1341.463720  	89.818781 
1342.895378  	89.946789 
1344.327037  	90.007186 
1345.758695  	89.999301 
1347.190353  	89.981850 
1348.622011  	89.803326 
1350.053669  	89.527305 
1351.485327  	89.133663 
1352.916986  	88.636568 
1354.348644  	88.158164 
1355.780302  	87.626711 
1357.211960  	87.191011 
1358.643618  	86.856468 
1360.075277  	86.485249 
1361.506935  	86.206239 
1362.938593  	85.899164 
1364.370251  	85.548346 
1365.801909  	85.332068 
1367.233568  	85.141933 
1368.665226  	85.079250 
1370.096884  	85.171330 
1371.528542  	85.336491 
1372.960200  	85.672041 
1374.391858  	86.121171 
1375.823517  	86.624376 
1377.255175  	87.194037 
1378.686833  	87.765720 
1380.118491  	88.332806 
1381.550149  	88.869557 
1382.981808  	89.265416 
1384.413466  	89.546997 
1385.845124  	89.748696 
1387.276782  	89.719184 
1388.708440  	89.597511 
1390.140098  	89.492632 
1391.571757  	89.369862 
1393.003415  	89.305250 
1394.435073  	89.059606 
1395.866731  	88.537339 
1397.298389  	87.982408 
1398.730048  	87.155917 
1400.161706  	85.973339 
1401.593364  	84.568237 
1403.025022  	82.758610 
1404.456680  	80.133510 
1405.888339  	76.155930 
1407.319997  	71.319043 
1408.751655  	66.015537 
1410.183313  	60.300334 
1411.614971  	56.089253 
1413.046629  	54.815357 
1414.478288  	56.241286 
1415.909946  	60.817236 
1417.341604  	66.612190 
1418.773262  	73.180009 
1420.204920  	81.199392 
1421.636579  	85.402841 
1423.068237  	87.780350 
1424.499895  	89.774302 
1425.931553  	89.977552 
1427.363211  	89.657581 
1428.794870  	88.862929 
1430.226528  	87.358784 
1431.658186  	86.272170 
1433.089844  	85.439969 
1434.521502  	85.069266 
1435.953160  	85.317832 
1437.384819  	85.913234 
1438.816477  	86.580598 
1440.248135  	87.055585 
1441.679793  	87.091561 
1443.111451  	86.736941 
1444.543110  	85.974784 
1445.974768  	85.312256 
1447.406426  	85.183756 
1448.838084  	85.178821 
1450.269742  	85.331451 
1451.701400  	85.466931 
1453.133059  	85.280660 
1454.564717  	85.206309 
1455.996375  	85.169212 
1457.428033  	85.246363 
1458.859691  	85.751565 
1460.291350  	85.697642 
1461.723008  	85.368877 
1463.154666  	84.988987 
1464.586324  	84.205946 
1466.017982  	83.434317 
1467.449641  	82.836520 
1468.881299  	82.182453 
1470.312957  	81.742098 
1471.744615  	81.097778 
1473.176273  	80.251021 
1474.607931  	79.779124 
1476.039590  	79.096477 
1477.471248  	78.716847 
1478.902906  	78.855017 
1480.334564  	79.436717 
1481.766222  	80.547982 
1483.197881  	81.260562 
1484.629539  	81.916704 
1486.061197  	82.595196 
1487.492855  	82.832184 
1488.924513  	83.329919 
1490.356172  	83.303875 
1491.787830  	82.594137 
1493.219488  	82.103625 
1494.651146  	80.933668 
1496.082804  	79.382444 
1497.514462  	77.757455 
1498.946121  	75.352458 
1500.377779  	73.322444 
1501.809437  	70.985733 
1503.241095  	68.170276 
1504.672753  	66.079624 
1506.104412  	63.062936 
1507.536070  	57.832921 
1508.967728  	54.643541 
1510.399386  	50.897304 
1511.831044  	47.609921 
1513.262702  	45.098139 
1514.694361  	42.868818 
1516.126019  	42.099153 
1517.557677  	41.130298 
1518.989335  	39.830889 
1520.420993  	39.679451 
1521.852652  	38.152380 
1523.284310  	37.422903 
1524.715968  	37.529561 
1526.147626  	36.994578 
1527.579284  	37.829822 
1529.010943  	38.406304 
1530.442601  	38.853582 
1531.874259  	40.252523 
1533.305917  	41.327247 
1534.737575  	43.540130 
1536.169233  	45.540893 
1537.600892  	46.723762 
1539.032550  	49.707184 
1540.464208  	53.392021 
1541.895866  	56.283203 
1543.327524  	60.011401 
1544.759183  	62.952381 
1546.190841  	66.907253 
1547.622499  	70.388207 
1549.054157  	73.205569 
1550.485815  	77.425835 
1551.917473  	80.593563 
1553.349132  	82.961812 
1554.780790  	86.245536 
1556.212448  	88.349601 
1557.644106  	89.769975 
1559.075764  	92.127955 
1560.507423  	93.658381 
1561.939081  	94.543669 
1563.370739  	95.252224 
1564.802397  	95.816909 
1566.234055  	96.385303 
1567.665714  	96.749237 
1569.097372  	96.997373 
1570.529030  	97.150170 
1571.960688  	97.199599 
1573.392346  	97.225319 
1574.824004  	97.195488 
1576.255663  	96.835434 
1577.687321  	96.201447 
1579.118979  	95.766004 
1580.550637  	95.018356 
1581.982295  	93.840045 
1583.413954  	92.429632 
1584.845612  	90.327125 
1586.277270  	87.735371 
1587.708928  	84.679510 
1589.140586  	80.784062 
1590.572245  	76.948669 
1592.003903  	73.099202 
1593.435561  	69.776546 
1594.867219  	67.861419 
1596.298877  	66.510960 
1597.730535  	66.574258 
1599.162194  	67.676023 
1600.593852  	69.049425 
1602.025510  	71.352516 
1603.457168  	73.565063 
1604.888826  	75.506612 
1606.320485  	77.380277 
1607.752143  	78.495098 
1609.183801  	79.326381 
1610.615459  	79.790963 
1612.047117  	79.933398 
1613.478775  	80.727201 
1614.910434  	81.623781 
1616.342092  	83.272657 
1617.773750  	86.263734 
1619.205408  	88.193006 
1620.637066  	90.277436 
1622.068725  	92.294994 
1623.500383  	93.452175 
1624.932041  	94.737415 
1626.363699  	95.428005 
1627.795357  	95.624462 
1629.227016  	96.131867 
1630.658674  	96.201314 
1632.090332  	96.262529 
1633.521990  	96.540148 
1634.953648  	96.292104 
1636.385306  	96.212682 
1637.816965  	96.262824 
1639.248623  	96.153315 
1640.680281  	96.426166 
1642.111939  	96.350348 
1643.543597  	96.279990 
1644.975256  	96.589130 
1646.406914  	96.292460 
1647.838572  	96.191219 
1649.270230  	96.198466 
1650.701888  	95.867081 
1652.133547  	96.137322 
1653.565205  	95.610275 
1654.996863  	94.830452 
1656.428521  	95.038434 
1657.860179  	94.520213 
1659.291837  	94.153938 
1660.723496  	93.964180 
1662.155154  	93.152748 
1663.586812  	92.801461 
1665.018470  	92.186285 
1666.450128  	91.363067 
1667.881787  	91.092941 
1669.313445  	89.888973 
1670.745103  	88.621064 
1672.176761  	87.854389 
1673.608419  	86.329192 
1675.040077  	85.203661 
1676.471736  	83.206803 
1677.903394  	80.960846 
1679.335052  	79.572420 
1680.766710  	76.945944 
1682.198368  	74.635827 
1683.630027  	73.397323 
1685.061685  	68.508067 
1686.493343  	66.060669 
1687.925001  	64.082703 
1689.356659  	60.509965 
1690.788318  	57.797277 
1692.219976  	54.711381 
1693.651634  	51.554502 
1695.083292  	49.817024 
1696.514950  	46.559413 
1697.946608  	44.468135 
1699.378267  	44.415815 
1700.809925  	44.170572 
1702.241583  	44.998752 
1703.673241  	46.166041 
1705.104899  	47.627658 
1706.536558  	50.122530 
1707.968216  	52.259326 
1709.399874  	54.094658 
1710.831532  	56.233086 
1712.263190  	58.102918 
1713.694849  	59.641219 
1715.126507  	61.480719 
1716.558165  	63.083961 
1717.989823  	64.429372 
1719.421481  	65.743117 
1720.853139  	66.184917 
1722.284798  	66.308840 
1723.716456  	66.273542 
1725.148114  	65.934683 
1726.579772  	65.766767 
1728.011430  	65.858876 
1729.443089  	66.365011 
1730.874747  	67.736019 
1732.306405  	69.213554 
1733.738063  	71.308022 
1735.169721  	75.564179 
1736.601379  	77.998461 
1738.033038  	80.392194 
1739.464696  	83.949346 
1740.896354  	86.969232 
1742.328012  	89.785290 
1743.759670  	92.441500 
1745.191329  	94.336148 
1746.622987  	96.460077 
1748.054645  	97.821428 
1749.486303  	98.827868 
1750.917961  	100.190599 
1752.349620  	100.499108 
1753.781278  	101.207157 
1755.212936  	101.842108 
1756.644594  	101.804644 
1758.076252  	102.384955 
1759.507910  	102.544133 
1760.939569  	102.485297 
1762.371227  	102.992033 
1763.802885  	102.843930 
1765.234543  	103.027736 
1766.666201  	103.361575 
1768.097860  	103.023364 
1769.529518  	103.334335 
1770.961176  	103.485009 
1772.392834  	103.088489 
1773.824492  	103.441397 
1775.256150  	103.320860 
1776.687809  	103.287807 
1778.119467  	103.562497 
1779.551125  	103.404311 
1780.982783  	103.598991 
1782.414441  	103.697658 
1783.846100  	103.498078 
1785.277758  	103.706816 
1786.709416  	103.534323 
1788.141074  	103.466701 
1789.572732  	103.769184 
1791.004391  	103.628424 
1792.436049  	103.717213 
1793.867707  	103.745578 
1795.299365  	103.534160 
1796.731023  	103.847205 
1798.162681  	103.831324 
1799.594340  	103.742260 
1801.025998  	104.023998 
1802.457656  	103.820661 
1803.889314  	103.923167 
1805.320972  	104.066583 
1806.752631  	103.813964 
1808.184289  	104.056174 
1809.615947  	104.137159 
1811.047605  	104.007561 
1812.479263  	104.266829 
1813.910922  	104.149080 
1815.342580  	104.246284 
1816.774238  	104.457962 
1818.205896  	104.168233 
1819.637554  	104.391656 
1821.069212  	104.506373 
1822.500871  	104.330895 
1823.932529  	104.647278 
1825.364187  	104.462567 
1826.795845  	104.396612 
1828.227503  	104.829131 
1829.659162  	104.630191 
1831.090820  	104.653128 
1832.522478  	104.788920 
1833.954136  	104.636116 
1835.385794  	104.917972 
1836.817452  	104.930571 
1838.249111  	104.854042 
1839.680769  	105.056726 
1841.112427  	104.864547 
1842.544085  	104.998460 
1843.975743  	105.147810 
1845.407402  	104.794600 
1846.839060  	105.138853 
1848.270718  	105.173322 
1849.702376  	105.049047 
1851.134034  	105.329999 
1852.565693  	105.088174 
1853.997351  	105.089659 
1855.429009  	105.275894 
1856.860667  	104.913138 
1858.292325  	105.078901 
1859.723983  	105.166849 
1861.155642  	104.934882 
1862.587300  	105.239566 
1864.018958  	105.172553 
1865.450616  	105.110627 
1866.882274  	105.317510 
1868.313933  	104.947476 
1869.745591  	105.015290 
1871.177249  	105.102325 
1872.608907  	104.902173 
1874.040565  	105.255785 
1875.472224  	105.184076 
1876.903882  	104.906968 
1878.335540  	105.003697 
1879.767198  	104.776901 
1881.198856  	104.913823 
1882.630514  	105.066100 
1884.062173  	104.764678 
1885.493831  	104.943789 
1886.925489  	104.856075 
1888.357147  	104.610211 
1889.788805  	104.776971 
1891.220464  	104.460331 
1892.652122  	104.465914 
1894.083780  	104.655769 
1895.515438  	104.386121 
1896.947096  	104.618175 
1898.378754  	104.597317 
1899.810413  	104.269765 
1901.242071  	104.459535 
1902.673729  	104.338470 
1904.105387  	104.370766 
1905.537045  	104.528254 
1906.968704  	104.175632 
1908.400362  	104.352475 
1909.832020  	104.386995 
1911.263678  	104.166618 
1912.695336  	104.613395 
1914.126995  	104.528946 
1915.558653  	104.513789 
1916.990311  	105.051911 
1918.421969  	104.876100 
1919.853627  	104.997988 
1921.285285  	105.159826 
1922.716944  	104.774214 
1924.148602  	104.941593 
1925.580260  	104.873920 
1927.011918  	104.895897 
1928.443576  	105.443514 
1929.875235  	105.217721 
1931.306893  	105.119592 
1932.738551  	105.130664 
1934.170209  	104.862093 
1935.601867  	105.380732 
1937.033525  	105.286543 
1938.465184  	104.946955 
1939.896842  	105.478541 
1941.328500  	105.103538 
1942.760158  	104.908188 
1944.191816  	105.398830 
1945.623475  	105.052816 
1947.055133  	105.281173 
1948.486791  	105.319719 
1949.918449  	104.826923 
1951.350107  	105.145146 
1952.781766  	104.930213 
1954.213424  	104.839840 
1955.645082  	105.347720 
1957.076740  	105.085248 
1958.508398  	105.253606 
1959.940056  	105.101005 
1961.371715  	104.493451 
1962.803373  	104.822247 
1964.235031  	104.323200 
1965.666689  	104.371602 
1967.098347  	105.358196 
1968.530006  	104.751934 
1969.961664  	104.819485 
1971.393322  	104.840496 
1972.824980  	104.156359 
1974.256638  	104.989233 
1975.688297  	104.643388 
1977.119955  	104.139478 
1978.551613  	105.018108 
1979.983271  	104.323965 
1981.414929  	104.620415 
1982.846587  	105.442695 
1984.278246  	104.750219 
1985.709904  	105.034879 
1987.141562  	105.080439 
1988.573220  	104.795057 
1990.004878  	105.533621 
1991.436537  	105.041209 
1992.868195  	104.885794 
1994.299853  	105.397921 
1995.731511  	104.630877 
1997.163169  	104.820541 
1998.594827  	105.207818 
2000.026486  	104.934998 
2001.458144  	105.431042 
2002.889802  	104.791681 
2004.321460  	104.225965 
2005.753118  	104.804590 
2007.184777  	104.228366 
2008.616435  	104.281623 
2010.048093  	104.638747 
2011.479751  	104.292189 
2012.911409  	105.030285 
2014.343068  	104.904575 
2015.774726  	104.529835 
2017.206384  	105.038088 
2018.638042  	104.148486 
2020.069700  	104.073234 
2021.501358  	104.799170 
2022.933017  	104.445976 
2024.364675  	104.662250 
2025.796333  	104.290955 
2027.227991  	104.174909 
2028.659649  	105.341318 
2030.091308  	104.719018 
2031.522966  	104.354616 
2032.954624  	105.130212 
2034.386282  	104.765623 
2035.817940  	104.885707 
2037.249599  	104.773705 
2038.681257  	104.360412 
2040.112915  	104.858844 
2041.544573  	104.521839 
2042.976231  	104.537826 
2044.407889  	105.180822 
2045.839548  	104.744953 
2047.271206  	104.769506 
2048.702864  	104.750838 
2050.134522  	104.415883 
2051.566180  	105.020243 
2052.997839  	105.135356 
2054.429497  	104.982199 
2055.861155  	105.094703 
2057.292813  	104.779341 
2058.724471  	105.060707 
2060.156129  	105.332090 
2061.587788  	105.044461 
2063.019446  	105.284950 
2064.451104  	105.188306 
2065.882762  	105.021016 
2067.314420  	105.198895 
2068.746079  	104.750079 
2070.177737  	104.829211 
2071.609395  	105.191576 
2073.041053  	104.894990 
2074.472711  	105.219317 
2075.904370  	105.605278 
2077.336028  	105.512096 
2078.767686  	105.595014 
2080.199344  	105.384782 
2081.631002  	105.372134 
2083.062660  	105.611873 
2084.494319  	105.476024 
2085.925977  	105.418813 
2087.357635  	105.115692 
2088.789293  	104.891604 
2090.220951  	105.262191 
2091.652610  	105.297943 
2093.084268  	105.412674 
2094.515926  	105.589704 
2095.947584  	105.101070 
2097.379242  	105.175688 
2098.810901  	105.517318 
2100.242559  	105.300714 
2101.674217  	105.287585 
2103.105875  	105.239901 
2104.537533  	105.310317 
2105.969191  	105.624945 
2107.400850  	105.465424 
2108.832508  	105.368243 
2110.264166  	105.345437 
2111.695824  	105.175887 
2113.127482  	105.297774 
2114.559141  	105.223401 
2115.990799  	105.200225 
2117.422457  	105.433633 
2118.854115  	105.278967 
2120.285773  	105.255231 
2121.717431  	105.351919 
2123.149090  	105.413657 
2124.580748  	105.699407 
2126.012406  	105.316346 
2127.444064  	105.030987 
2128.875722  	105.485305 
2130.307381  	105.284244 
2131.739039  	105.158589 
2133.170697  	105.247266 
2134.602355  	104.667636 
2136.034013  	104.841632 
2137.465672  	105.010650 
2138.897330  	104.551458 
2140.328988  	104.871854 
2141.760646  	104.857522 
2143.192304  	104.618745 
2144.623962  	104.812151 
2146.055621  	104.525185 
2147.487279  	104.591464 
2148.918937  	104.389376 
2150.350595  	103.868859 
2151.782253  	104.581110 
2153.213912  	104.704467 
2154.645570  	104.370580 
2156.077228  	104.464353 
2157.508886  	103.529641 
2158.940544  	103.859740 
2160.372202  	104.652685 
2161.803861  	103.848284 
2163.235519  	104.137182 
2164.667177  	104.049842 
2166.098835  	103.509746 
2167.530493  	104.242822 
2168.962152  	104.405358 
2170.393810  	104.250732 
2171.825468  	104.294245 
2173.257126  	104.045967 
2174.688784  	104.343499 
2176.120443  	104.181868 
2177.552101  	104.080215 
2178.983759  	104.944021 
2180.415417  	104.756263 
2181.847075  	104.477009 
2183.278733  	104.799034 
2184.710392  	104.477541 
2186.142050  	104.655524 
2187.573708  	104.726389 
2189.005366  	104.440206 
2190.437024  	104.834360 
2191.868683  	104.564013 
2193.300341  	104.305337 
2194.731999  	104.791495 
2196.163657  	104.767521 
2197.595315  	104.965451 
2199.026974  	105.023003 
2200.458632  	104.568132 
2201.890290  	104.850198 
2203.321948  	104.901091 
2204.753606  	104.773695 
2206.185264  	105.142303 
2207.616923  	104.971799 
2209.048581  	105.025122 
2210.480239  	105.424068 
2211.911897  	105.272271 
2213.343555  	105.177982 
2214.775214  	104.943432 
2216.206872  	104.796888 
2217.638530  	104.986936 
2219.070188  	104.853411 
2220.501846  	105.137866 
2221.933504  	105.467867 
2223.365163  	105.122750 
2224.796821  	105.053517 
2226.228479  	104.873848 
2227.660137  	104.773761 
2229.091795  	105.183223 
2230.523454  	105.039484 
2231.955112  	105.017115 
2233.386770  	105.297872 
2234.818428  	105.099593 
2236.250086  	105.200162 
2237.681745  	105.221050 
2239.113403  	105.089226 
2240.545061  	105.466651 
2241.976719  	105.430232 
2243.408377  	105.354016 
2244.840035  	105.485119 
2246.271694  	105.085299 
2247.703352  	105.210896 
2249.135010  	105.573076 
2250.566668  	105.335765 
2251.998326  	105.421283 
2253.429985  	105.542179 
2254.861643  	105.547353 
2256.293301  	105.733259 
2257.724959  	105.517407 
2259.156617  	105.450081 
2260.588276  	105.563161 
2262.019934  	105.399115 
2263.451592  	105.554159 
2264.883250  	105.597465 
2266.314908  	105.411474 
2267.746566  	105.572392 
2269.178225  	105.608059 
2270.609883  	105.633571 
2272.041541  	105.672277 
2273.473199  	105.436235 
2274.904857  	105.424686 
2276.336516  	105.369915 
2277.768174  	105.273077 
2279.199832  	105.542462 
2280.631490  	105.571812 
2282.063148  	105.508447 
2283.494806  	105.635980 
2284.926465  	105.639435 
2286.358123  	105.768436 
2287.789781  	105.746089 
2289.221439  	105.519025 
2290.653097  	105.579416 
2292.084756  	105.469193 
2293.516414  	105.234931 
2294.948072  	105.248453 
2296.379730  	105.200206 
2297.811388  	105.301129 
2299.243047  	105.459889 
2300.674705  	105.337328 
2302.106363  	105.322353 
2303.538021  	105.304705 
2304.969679  	105.143417 
2306.401337  	105.069760 
2307.832996  	104.952356 
2309.264654  	104.919500 
2310.696312  	104.940078 
2312.127970  	104.848565 
2313.559628  	104.879713 
2314.991287  	104.799240 
2316.422945  	104.651754 
2317.854603  	104.703398 
2319.286261  	104.508583 
2320.717919  	104.220598 
2322.149577  	104.162240 
2323.581236  	104.127655 
2325.012894  	104.203263 
2326.444552  	104.151472 
2327.876210  	103.927238 
2329.307868  	103.863581 
2330.739527  	103.705329 
2332.171185  	103.601197 
2333.602843  	103.769900 
2335.034501  	103.760095 
2336.466159  	103.699815 
2337.897818  	103.654045 
2339.329476  	103.475320 
2340.761134  	103.455866 
2342.192792  	103.473269 
2343.624450  	103.468815 
2345.056108  	103.554765 
2346.487767  	103.727568 
2347.919425  	104.185139 
2349.351083  	104.419103 
2350.782741  	104.065713 
2352.214399  	103.654538 
2353.646058  	103.427760 
2355.077716  	103.205128 
2356.509374  	103.086645 
2357.941032  	102.843258 
2359.372690  	102.718069 
2360.804349  	102.839434 
2362.236007  	102.797232 
2363.667665  	102.916220 
2365.099323  	103.118700 
2366.530981  	103.215808 
2367.962639  	103.454018 
2369.394298  	103.537863 
2370.825956  	103.657870 
2372.257614  	103.938430 
2373.689272  	104.055528 
2375.120930  	104.363150 
2376.552589  	104.698544 
2377.984247  	104.767850 
2379.415905  	104.994139 
2380.847563  	105.246207 
2382.279221  	105.393348 
2383.710879  	105.628122 
2385.142538  	105.775149 
2386.574196  	105.846084 
2388.005854  	105.856800 
2389.437512  	105.775929 
2390.869170  	105.839566 
2392.300829  	105.885938 
2393.732487  	105.832682 
2395.164145  	105.867251 
2396.595803  	105.846187 
2398.027461  	105.839387 
2399.459120  	105.866441 
2400.890778  	105.813721 
2402.322436  	105.884284 
2403.754094  	105.914401 
2405.185752  	105.839141 
2406.617410  	105.874750 
2408.049069  	105.809342 
2409.480727  	105.762741 
2410.912385  	105.849609 
2412.344043  	105.835187 
2413.775701  	105.920835 
2415.207360  	106.017217 
2416.639018  	105.947600 
2418.070676  	105.946118 
2419.502334  	105.885733 
2420.933992  	105.869771 
2422.365651  	106.000959 
2423.797309  	105.924742 
2425.228967  	105.875462 
2426.660625  	105.947172 
2428.092283  	105.858733 
2429.523941  	105.810329 
2430.955600  	105.795827 
2432.387258  	105.792184 
2433.818916  	105.880425 
2435.250574  	105.852079 
2436.682232  	105.893429 
2438.113891  	106.007472 
2439.545549  	105.916147 
2440.977207  	105.882364 
2442.408865  	105.884596 
2443.840523  	105.796354 
2445.272181  	105.806165 
2446.703840  	105.820986 
2448.135498  	105.879288 
2449.567156  	105.954882 
2450.998814  	105.882525 
2452.430472  	105.869887 
2453.862131  	105.813223 
2455.293789  	105.657803 
2456.725447  	105.689651 
2458.157105  	105.759317 
2459.588763  	105.797720 
2461.020422  	105.841205 
2462.452080  	105.810405 
2463.883738  	105.859213 
2465.315396  	105.836178 
2466.747054  	105.722185 
2468.178712  	105.766999 
2469.610371  	105.732194 
2471.042029  	105.716274 
2472.473687  	105.850158 
2473.905345  	105.779923 
2475.337003  	105.705971 
2476.768662  	105.735771 
2478.200320  	105.690891 
2479.631978  	105.739550 
2481.063636  	105.744774 
2482.495294  	105.723335 
2483.926953  	105.826010 
2485.358611  	105.779843 
2486.790269  	105.746389 
2488.221927  	105.795470 
2489.653585  	105.707752 
2491.085243  	105.712883 
2492.516902  	105.717085 
2493.948560  	105.666010 
2495.380218  	105.754731 
2496.811876  	105.706395 
2498.243534  	105.680869 
2499.675193  	105.848767 
2501.106851  	105.806384 
2502.538509  	105.721820 
2503.970167  	105.760840 
2505.401825  	105.768882 
2506.833483  	105.839794 
2508.265142  	105.850929 
2509.696800  	105.790914 
2511.128458  	105.756930 
2512.560116  	105.671388 
2513.991774  	105.741105 
2515.423433  	105.895661 
2516.855091  	105.934261 
2518.286749  	105.988653 
2519.718407  	105.909582 
2521.150065  	105.768094 
2522.581724  	105.782484 
2524.013382  	105.780205 
2525.445040  	105.823501 
2526.876698  	105.862939 
2528.308356  	105.767266 
2529.740014  	105.728008 
2531.171673  	105.647290 
2532.603331  	105.613110 
2534.034989  	105.755328 
2535.466647  	105.765117 
2536.898305  	105.807719 
2538.329964  	105.926912 
2539.761622  	105.841242 
2541.193280  	105.803146 
2542.624938  	105.793164 
2544.056596  	105.735997 
2545.488254  	105.801735 
2546.919913  	105.706573 
2548.351571  	105.552495 
2549.783229  	105.602762 
2551.214887  	105.629564 
2552.646545  	105.692882 
2554.078204  	105.710608 
2555.509862  	105.542638 
2556.941520  	105.560703 
2558.373178  	105.738203 
2559.804836  	105.773264 
2561.236495  	105.636693 
2562.668153  	105.486698 
2564.099811  	105.559671 
2565.531469  	105.650753 
2566.963127  	105.654546 
2568.394785  	105.738789 
2569.826444  	105.616365 
2571.258102  	105.421562 
2572.689760  	105.489691 
2574.121418  	105.508386 
2575.553076  	105.511238 
2576.984735  	105.644230 
2578.416393  	105.685927 
2579.848051  	105.625707 
2581.279709  	105.490691 
2582.711367  	105.459442 
2584.143026  	105.554682 
2585.574684  	105.481384 
2587.006342  	105.512138 
2588.438000  	105.679408 
2589.869658  	105.583601 
2591.301316  	105.512947 
2592.732975  	105.559732 
2594.164633  	105.467195 
2595.596291  	105.383453 
2597.027949  	105.361203 
2598.459607  	105.405958 
2599.891266  	105.445826 
2601.322924  	105.325674 
2602.754582  	105.299811 
2604.186240  	105.421900 
2605.617898  	105.489926 
2607.049556  	105.499402 
2608.481215  	105.413842 
2609.912873  	105.402505 
2611.344531  	105.507947 
2612.776189  	105.488660 
2614.207847  	105.480611 
2615.639506  	105.516228 
2617.071164  	105.505125 
2618.502822  	105.559163 
2619.934480  	105.514036 
2621.366138  	105.422939 
2622.797797  	105.457992 
2624.229455  	105.404279 
2625.661113  	105.371318 
2627.092771  	105.430646 
2628.524429  	105.393912 
2629.956087  	105.421993 
2631.387746  	105.456336 
2632.819404  	105.370247 
2634.251062  	105.357704 
2635.682720  	105.352769 
2637.114378  	105.333332 
2638.546037  	105.377115 
2639.977695  	105.374402 
2641.409353  	105.387762 
2642.841011  	105.399144 
2644.272669  	105.331217 
2645.704328  	105.321673 
2647.135986  	105.329223 
2648.567644  	105.309172 
2649.999302  	105.320952 
2651.430960  	105.310916 
2652.862618  	105.308675 
2654.294277  	105.297736 
2655.725935  	105.259491 
2657.157593  	105.256451 
2658.589251  	105.201546 
2660.020909  	105.159445 
2661.452568  	105.190211 
2662.884226  	105.136912 
2664.315884  	105.102902 
2665.747542  	105.109785 
2667.179200  	105.022654 
2668.610858  	105.003518 
2670.042517  	105.027478 
2671.474175  	104.982937 
2672.905833  	104.992033 
2674.337491  	104.973998 
2675.769149  	104.905860 
2677.200808  	104.894058 
2678.632466  	104.853213 
2680.064124  	104.805666 
2681.495782  	104.786874 
2682.927440  	104.757622 
2684.359099  	104.768298 
2685.790757  	104.733687 
2687.222415  	104.632812 
2688.654073  	104.583753 
2690.085731  	104.531534 
2691.517389  	104.453009 
2692.949048  	104.396223 
2694.380706  	104.355643 
2695.812364  	104.330204 
2697.244022  	104.269483 
2698.675680  	104.204950 
2700.107339  	104.185415 
2701.538997  	104.150603 
2702.970655  	104.133284 
2704.402313  	104.122954 
2705.833971  	104.046863 
2707.265630  	103.952397 
2708.697288  	103.869875 
2710.128946  	103.847814 
2711.560604  	103.853904 
2712.992262  	103.765723 
2714.423920  	103.692066 
2715.855579  	103.675943 
2717.287237  	103.618958 
2718.718895  	103.588631 
2720.150553  	103.561715 
2721.582211  	103.494749 
2723.013870  	103.443430 
2724.445528  	103.352304 
2725.877186  	103.258335 
2727.308844  	103.210790 
2728.740502  	103.142406 
2730.172160  	103.073998 
2731.603819  	102.996207 
2733.035477  	102.937154 
2734.467135  	102.918661 
2735.898793  	102.810317 
2737.330451  	102.710596 
2738.762110  	102.694863 
2740.193768  	102.609158 
2741.625426  	102.558501 
2743.057084  	102.585939 
2744.488742  	102.549323 
2745.920401  	102.527347 
2747.352059  	102.542921 
2748.783717  	102.558211 
2750.215375  	102.587435 
2751.647033  	102.558040 
2753.078691  	102.517413 
2754.510350  	102.484599 
2755.942008  	102.417199 
2757.373666  	102.431182 
2758.805324  	102.468096 
2760.236982  	102.435978 
2761.668641  	102.421287 
2763.100299  	102.369714 
2764.531957  	102.297198 
2765.963615  	102.287012 
2767.395273  	102.244598 
2768.826931  	102.181249 
2770.258590  	102.141795 
2771.690248  	102.086642 
2773.121906  	102.028461 
2774.553564  	101.934541 
2775.985222  	101.823086 
2777.416881  	101.740559 
2778.848539  	101.622799 
2780.280197  	101.465141 
2781.711855  	101.276138 
2783.143513  	101.058662 
2784.575172  	100.843083 
2786.006830  	100.559165 
2787.438488  	100.228563 
2788.870146  	99.948980 
2790.301804  	99.682969 
2791.733462  	99.406778 
2793.165121  	99.123372 
2794.596779  	98.871668 
2796.028437  	98.731588 
2797.460095  	98.645092 
2798.891753  	98.584973 
2800.323412  	98.605664 
2801.755070  	98.673180 
2803.186728  	98.802016 
2804.618386  	98.993141 
2806.050044  	99.169275 
2807.481703  	99.351082 
2808.913361  	99.561324 
2810.345019  	99.760553 
2811.776677  	99.895164 
2813.208335  	99.952828 
2814.639993  	100.010116 
2816.071652  	100.011152 
2817.503310  	99.874955 
2818.934968  	99.710624 
2820.366626  	99.531012 
2821.798284  	99.265357 
2823.229943  	98.915792 
2824.661601  	98.495532 
2826.093259  	98.031871 
2827.524917  	97.454700 
2828.956575  	96.766086 
2830.388233  	96.104917 
2831.819892  	95.386212 
2833.251550  	94.523683 
2834.683208  	93.603503 
2836.114866  	92.652286 
2837.546524  	91.702630 
2838.978183  	90.713474 
2840.409841  	89.637554 
2841.841499  	88.559688 
2843.273157  	87.451482 
2844.704815  	86.334925 
2846.136474  	85.303455 
2847.568132  	84.253881 
2848.999790  	83.215116 
2850.431448  	82.387586 
2851.863106  	81.853105 
2853.294764  	81.599851 
2854.726423  	81.483905 
2856.158081  	81.389025 
2857.589739  	81.360112 
2859.021397  	81.377436 
2860.453055  	81.457799 
2861.884714  	81.648636 
2863.316372  	81.835859 
2864.748030  	82.050950 
2866.179688  	82.432396 
2867.611346  	82.899947 
2869.043005  	83.389622 
2870.474663  	83.971276 
2871.906321  	84.688059 
2873.337979  	85.492664 
2874.769637  	86.293258 
2876.201295  	87.139541 
2877.632954  	88.047109 
2879.064612  	88.874893 
2880.496270  	89.634467 
2881.927928  	90.321784 
2883.359586  	90.848082 
2884.791245  	91.274067 
2886.222903  	91.572272 
2887.654561  	91.716683 
2889.086219  	91.811756 
2890.517877  	91.836584 
2891.949535  	91.793260 
2893.381194  	91.720166 
2894.812852  	91.582056 
2896.244510  	91.422184 
2897.676168  	91.261897 
2899.107826  	91.093347 
2900.539485  	90.920011 
2901.971143  	90.691898 
2903.402801  	90.455748 
2904.834459  	90.211428 
2906.266117  	89.863070 
2907.697776  	89.499951 
2909.129434  	89.169602 
2910.561092  	88.769265 
2911.992750  	88.297449 
2913.424408  	87.796587 
2914.856066  	87.316202 
2916.287725  	86.951289 
2917.719383  	86.777627 
2919.151041  	86.765864 
2920.582699  	86.779104 
2922.014357  	86.782487 
2923.446016  	86.810677 
2924.877674  	86.793851 
2926.309332  	86.707210 
2927.740990  	86.541935 
2929.172648  	86.297128 
2930.604306  	86.067685 
2932.035965  	85.796888 
2933.467623  	85.433921 
2934.899281  	85.095078 
2936.330939  	84.763810 
2937.762597  	84.473885 
2939.194256  	84.347064 
2940.625914  	84.313447 
2942.057572  	84.356918 
2943.489230  	84.521400 
2944.920888  	84.734980 
2946.352547  	84.998879 
2947.784205  	85.331443 
2949.215863  	85.728131 
2950.647521  	86.224506 
2952.079179  	86.780287 
2953.510837  	87.378002 
2954.942496  	88.024577 
2956.374154  	88.701586 
2957.805812  	89.444726 
2959.237470  	90.178216 
2960.669128  	90.899441 
2962.100787  	91.752005 
2963.532445  	92.600527 
2964.964103  	93.338835 
2966.395761  	94.088971 
2967.827419  	94.845193 
2969.259078  	95.604923 
2970.690736  	96.318915 
2972.122394  	96.916810 
2973.554052  	97.527730 
2974.985710  	98.118144 
2976.417368  	98.616137 
2977.849027  	99.127921 
2979.280685  	99.598338 
2980.712343  	100.002779 
2982.144001  	100.395269 
2983.575659  	100.719857 
2985.007318  	101.011338 
2986.438976  	101.297243 
2987.870634  	101.559438 
2989.302292  	101.789931 
2990.733950  	101.934759 
2992.165608  	102.084623 
2993.597267  	102.268813 
2995.028925  	102.386864 
2996.460583  	102.503364 
2997.892241  	102.588065 
2999.323899  	102.593448 
3000.755558  	102.624938 
3002.187216  	102.646358 
3003.618874  	102.669042 
3005.050532  	102.713996 
3006.482190  	102.686398 
3007.913849  	102.697339 
3009.345507  	102.747161 
3010.777165  	102.687259 
3012.208823  	102.654549 
3013.640481  	102.736289 
3015.072139  	102.803035 
3016.503798  	102.764758 
3017.935456  	102.666529 
3019.367114  	102.631866 
3020.798772  	102.588065 
3022.230430  	102.466903 
3023.662089  	102.354680 
3025.093747  	102.187178 
3026.525405  	101.981275 
3027.957063  	101.822213 
3029.388721  	101.666541 
3030.820380  	101.592048 
3032.252038  	101.543046 
3033.683696  	101.405278 
3035.115354  	101.324434 
3036.547012  	101.264339 
3037.978670  	101.182014 
3039.410329  	101.183996 
3040.841987  	101.161305 
3042.273645  	101.126188 
3043.705303  	101.149205 
3045.136961  	101.120998 
3046.568620  	101.112546 
3048.000278  	101.150319 
3049.431936  	101.159504 
3050.863594  	101.202743 
3052.295252  	101.236273 
3053.726910  	101.233311 
3055.158569  	101.231973 
3056.590227  	101.207861 
3058.021885  	101.227194 
3059.453543  	101.267106 
3060.885201  	101.297063 
3062.316860  	101.376871 
3063.748518  	101.435198 
3065.180176  	101.540477 
3066.611834  	101.718988 
3068.043492  	101.784700 
3069.475151  	101.847129 
3070.906809  	101.963779 
3072.338467  	102.043273 
3073.770125  	102.218670 
3075.201783  	102.409549 
3076.633441  	102.498118 
3078.065100  	102.611495 
3079.496758  	102.726217 
3080.928416  	102.820444 
3082.360074  	102.894709 
3083.791732  	102.951045 
3085.223391  	103.078038 
3086.655049  	103.109735 
3088.086707  	103.054346 
3089.518365  	103.157708 
3090.950023  	103.218940 
3092.381682  	103.143229 
3093.813340  	103.118039 
3095.244998  	103.088978 
3096.676656  	103.033148 
3098.108314  	102.946193 
3099.539972  	102.833006 
3100.971631  	102.786162 
3102.403289  	102.689415 
3103.834947  	102.538477 
3105.266605  	102.440183 
3106.698263  	102.336808 
3108.129922  	102.256637 
3109.561580  	102.109282 
3110.993238  	101.896223 
3112.424896  	101.856038 
3113.856554  	101.809643 
3115.288212  	101.653437 
3116.719871  	101.586401 
3118.151529  	101.498734 
3119.583187  	101.394460 
3121.014845  	101.339078 
3122.446503  	101.267801 
3123.878162  	101.326129 
3125.309820  	101.388409 
3126.741478  	101.345254 
3128.173136  	101.466944 
3129.604794  	101.656196 
3131.036453  	101.803095 
3132.468111  	102.001486 
3133.899769  	102.115061 
3135.331427  	102.221092 
3136.763085  	102.394914 
3138.194743  	102.517843 
3139.626402  	102.703608 
3141.058060  	102.919804 
3142.489718  	103.060571 
3143.921376  	103.182887 
3145.353034  	103.212929 
3146.784693  	103.208632 
3148.216351  	103.238782 
3149.648009  	103.222972 
3151.079667  	103.244702 
3152.511325  	103.290103 
3153.942983  	103.309680 
3155.374642  	103.347646 
3156.806300  	103.317073 
3158.237958  	103.302841 
3159.669616  	103.332167 
3161.101274  	103.216951 
3162.532933  	103.075282 
3163.964591  	102.991714 
3165.396249  	102.902243 
3166.827907  	102.882475 
3168.259565  	102.836037 
3169.691224  	102.703823 
3171.122882  	102.604543 
3172.554540  	102.506839 
3173.986198  	102.348530 
3175.417856  	102.096384 
3176.849514  	101.836665 
3178.281173  	101.692467 
3179.712831  	101.544441 
3181.144489  	101.376718 
3182.576147  	101.237361 
3184.007805  	101.046495 
3185.439464  	100.916231 
3186.871122  	100.843920 
3188.302780  	100.709199 
3189.734438  	100.620488 
3191.166096  	100.547089 
3192.597755  	100.460630 
3194.029413  	100.467662 
3195.461071  	100.512620 
3196.892729  	100.615994 
3198.324387  	100.761819 
3199.756045  	100.850394 
3201.187704  	100.970688 
3202.619362  	101.069868 
3204.051020  	101.122641 
3205.482678  	101.222062 
3206.914336  	101.212523 
3208.345995  	101.147069 
3209.777653  	101.181875 
3211.209311  	101.179605 
3212.640969  	101.123600 
3214.072627  	101.021581 
3215.504285  	100.889981 
3216.935944  	100.832477 
3218.367602  	100.709818 
3219.799260  	100.539698 
3221.230918  	100.440051 
3222.662576  	100.244359 
3224.094235  	100.020647 
3225.525893  	99.902998 
3226.957551  	99.795730 
3228.389209  	99.673699 
3229.820867  	99.482383 
3231.252526  	99.283920 
3232.684184  	99.165469 
3234.115842  	98.964833 
3235.547500  	98.747248 
3236.979158  	98.603705 
3238.410816  	98.395512 
3239.842475  	98.212375 
3241.274133  	98.089311 
3242.705791  	97.900552 
3244.137449  	97.674712 
3245.569107  	97.436255 
3247.000766  	97.235058 
3248.432424  	97.049609 
3249.864082  	96.800257 
3251.295740  	96.608584 
3252.727398  	96.449165 
3254.159057  	96.228650 
3255.590715  	96.056053 
3257.022373  	95.893455 
3258.454031  	95.695733 
3259.885689  	95.498697 
3261.317347  	95.274596 
3262.749006  	95.103292 
3264.180664  	94.946531 
3265.612322  	94.713681 
3267.043980  	94.473469 
3268.475638  	94.197462 
3269.907297  	93.965304 
3271.338955  	93.820725 
3272.770613  	93.583388 
3274.202271  	93.410209 
3275.633929  	93.358756 
3277.065587  	93.128539 
3278.497246  	92.814596 
3279.928904  	92.568449 
3281.360562  	92.332610 
3282.792220  	92.144618 
3284.223878  	91.930887 
3285.655537  	91.697126 
3287.087195  	91.542357 
3288.518853  	91.391406 
3289.950511  	91.270403 
3291.382169  	91.159169 
3292.813828  	90.963850 
3294.245486  	90.803482 
3295.677144  	90.681291 
3297.108802  	90.536920 
3298.540460  	90.398710 
3299.972118  	90.218602 
3301.403777  	90.116211 
3302.835435  	90.150264 
3304.267093  	90.102688 
3305.698751  	89.986204 
3307.130409  	89.937143 
3308.562068  	89.927918 
3309.993726  	89.930366 
3311.425384  	89.922208 
3312.857042  	89.908929 
3314.288700  	89.905046 
3315.720359  	89.905080 
3317.152017  	89.918828 
3318.583675  	89.934947 
3320.015333  	90.034234 
3321.446991  	90.211963 
3322.878649  	90.297895 
3324.310308  	90.374873 
3325.741966  	90.509075 
3327.173624  	90.571785 
3328.605282  	90.683173 
3330.036940  	90.917574 
3331.468599  	91.149871 
3332.900257  	91.392216 
3334.331915  	91.657718 
3335.763573  	91.933208 
3337.195231  	92.212422 
3338.626889  	92.474154 
3340.058548  	92.783638 
3341.490206  	93.116167 
3342.921864  	93.448544 
3344.353522  	93.823523 
3345.785180  	94.127154 
3347.216839  	94.413884 
3348.648497  	94.824754 
3350.080155  	95.220138 
3351.511813  	95.563758 
3352.943471  	95.905165 
3354.375130  	96.205589 
3355.806788  	96.543705 
3357.238446  	96.916475 
3358.670104  	97.245278 
3360.101762  	97.544873 
3361.533420  	97.804549 
3362.965079  	98.050533 
3364.396737  	98.287871 
3365.828395  	98.520197 
3367.260053  	98.818385 
3368.691711  	99.068496 
3370.123370  	99.206603 
3371.555028  	99.355236 
3372.986686  	99.469002 
3374.418344  	99.523345 
3375.850002  	99.631959 
3377.281660  	99.797778 
3378.713319  	99.946192 
3380.144977  	100.032327 
3381.576635  	100.102067 
3383.008293  	100.168751 
3384.439951  	100.205121 
3385.871610  	100.283089 
3387.303268  	100.331909 
3388.734926  	100.336661 
3390.166584  	100.481715 
3391.598242  	100.619310 
3393.029901  	100.650405 
3394.461559  	100.779459 
3395.893217  	100.881025 
3397.324875  	100.864628 
3398.756533  	100.910349 
3400.188191  	101.013948 
3401.619850  	101.148855 
3403.051508  	101.268915 
3404.483166  	101.274448 
3405.914824  	101.266403 
3407.346482  	101.342415 
3408.778141  	101.483557 
3410.209799  	101.588983 
3411.641457  	101.594080 
3413.073115  	101.626967 
3414.504773  	101.677122 
3415.936432  	101.705117 
3417.368090  	101.819131 
3418.799748  	101.876616 
3420.231406  	101.859050 
3421.663064  	101.972202 
3423.094722  	102.067079 
3424.526381  	102.089169 
3425.958039  	102.176102 
3427.389697  	102.232645 
3428.821355  	102.254316 
3430.253013  	102.294848 
3431.684672  	102.301800 
3433.116330  	102.320461 
3434.547988  	102.368625 
3435.979646  	102.423543 
3437.411304  	102.489561 
3438.842962  	102.532952 
3440.274621  	102.536259 
3441.706279  	102.499171 
3443.137937  	102.509043 
3444.569595  	102.606237 
3446.001253  	102.652865 
3447.432912  	102.671901 
3448.864570  	102.741732 
3450.296228  	102.823854 
3451.727886  	102.932824 
3453.159544  	102.974779 
3454.591203  	102.967700 
3456.022861  	103.071237 
3457.454519  	103.151464 
3458.886177  	103.173533 
3460.317835  	103.254244 
3461.749493  	103.275631 
3463.181152  	103.244791 
3464.612810  	103.263589 
3466.044468  	103.291861 
3467.476126  	103.287486 
3468.907784  	103.222821 
3470.339443  	103.240461 
3471.771101  	103.357939 
3473.202759  	103.333071 
3474.634417  	103.260057 
3476.066075  	103.247851 
3477.497734  	103.189398 
3478.929392  	103.231400 
3480.361050  	103.356431 
3481.792708  	103.347058 
3483.224366  	103.280335 
3484.656024  	103.277515 
3486.087683  	103.378874 
3487.519341  	103.495759 
3488.950999  	103.485182 
3490.382657  	103.509948 
3491.814315  	103.589580 
3493.245974  	103.542334 
3494.677632  	103.439516 
3496.109290  	103.361819 
3497.540948  	103.357984 
3498.972606  	103.447282 
3500.404264  	103.516490 
3501.835923  	103.568544 
3503.267581  	103.556079 
3504.699239  	103.459579 
3506.130897  	103.497489 
3507.562555  	103.607059 
3508.994214  	103.625983 
3510.425872  	103.602706 
3511.857530  	103.607300 
3513.289188  	103.678563 
3514.720846  	103.705852 
3516.152505  	103.665814 
3517.584163  	103.735758 
3519.015821  	103.782636 
3520.447479  	103.757411 
3521.879137  	103.861124 
3523.310795  	103.928263 
3524.742454  	103.890614 
3526.174112  	103.918353 
3527.605770  	103.918764 
3529.037428  	103.924785 
3530.469086  	103.977777 
3531.900745  	103.970859 
3533.332403  	103.986258 
3534.764061  	104.038086 
3536.195719  	104.068853 
3537.627377  	104.094494 
3539.059035  	104.099687 
3540.490694  	104.133256 
3541.922352  	104.187040 
3543.354010  	104.246167 
3544.785668  	104.371099 
3546.217326  	104.416965 
3547.648985  	104.362284 
3549.080643  	104.365419 
3550.512301  	104.352091 
3551.943959  	104.353552 
3553.375617  	104.404435 
3554.807276  	104.392018 
3556.238934  	104.400328 
3557.670592  	104.449404 
3559.102250  	104.498164 
3560.533908  	104.596408 
3561.965566  	104.634114 
3563.397225  	104.604634 
3564.828883  	104.663339 
3566.260541  	104.792439 
3567.692199  	104.866806 
3569.123857  	104.816321 
3570.555516  	104.797931 
3571.987174  	104.848489 
3573.418832  	104.876778 
3574.850490  	104.901042 
3576.282148  	104.903432 
3577.713807  	104.891640 
3579.145465  	104.954103 
3580.577123  	104.948478 
3582.008781  	104.932771 
3583.440439  	105.097513 
3584.872097  	105.249723 
3586.303756  	105.363068 
3587.735414  	105.429233 
3589.167072  	105.213022 
3590.598730  	105.155208 
3592.030388  	105.285206 
3593.462047  	105.328769 
3594.893705  	105.374757 
3596.325363  	105.402614 
3597.757021  	105.361852 
3599.188679  	105.364693 
3600.620337  	105.339631 
3602.051996  	105.401239 
3603.483654  	105.546352 
3604.915312  	105.581513 
3606.346970  	105.649326 
3607.778628  	105.656457 
3609.210287  	105.476535 
3610.641945  	105.595947 
3612.073603  	105.821161 
3613.505261  	105.754162 
3614.936919  	105.630561 
3616.368578  	105.688128 
3617.800236  	105.826391 
3619.231894  	105.871473 
3620.663552  	105.733131 
3622.095210  	105.704660 
3623.526868  	105.726552 
3624.958527  	105.710908 
3626.390185  	105.834166 
3627.821843  	105.974889 
3629.253501  	105.776693 
3630.685159  	105.628231 
3632.116818  	105.839100 
3633.548476  	105.954024 
3634.980134  	105.884914 
3636.411792  	105.894807 
3637.843450  	105.980538 
3639.275109  	106.031559 
3640.706767  	106.120811 
3642.138425  	106.141032 
3643.570083  	106.113386 
3645.001741  	106.263395 
3646.433399  	106.392666 
3647.865058  	106.383319 
3649.296716  	106.438771 
3650.728374  	106.281609 
3652.160032  	106.164986 
3653.591690  	106.401102 
3655.023349  	106.518673 
3656.455007  	106.329683 
3657.886665  	106.206204 
3659.318323  	106.341714 
3660.749981  	106.466544 
3662.181639  	106.505554 
3663.613298  	106.584150 
3665.044956  	106.609767 
3666.476614  	106.511122 
3667.908272  	106.580066 
3669.339930  	106.721050 
3670.771589  	106.485505 
3672.203247  	106.498066 
3673.634905  	106.834866 
3675.066563  	106.898266 
3676.498221  	106.515530 
3677.929880  	106.656096 
3679.361538  	106.865547 
3680.793196  	106.853997 
3682.224854  	106.851723 
3683.656512  	106.850210 
3685.088170  	106.788999 
3686.519829  	106.932384 
3687.951487  	107.093019 
3689.383145  	106.943434 
3690.814803  	106.946751 
3692.246461  	106.965984 
3693.678120  	106.865698 
3695.109778  	106.942599 
3696.541436  	106.942767 
3697.973094  	106.852215 
3699.404752  	106.993101 
3700.836411  	107.113106 
3702.268069  	106.998307 
3703.699727  	106.877948 
3705.131385  	106.883483 
3706.563043  	106.979118 
3707.994701  	107.045394 
3709.426360  	107.122077 
3710.858018  	107.228769 
3712.289676  	107.007525 
3713.721334  	106.818695 
3715.152992  	106.959738 
3716.584651  	107.006117 
3718.016309  	106.948837 
3719.447967  	106.920414 
3720.879625  	106.902716 
3722.311283  	106.920243 
3723.742941  	106.973202 
3725.174600  	107.072657 
3726.606258  	107.063037 
3728.037916  	106.900263 
3729.469574  	106.978310 
3730.901232  	107.065718 
3732.332891  	106.941815 
3733.764549  	107.111212 
3735.196207  	107.269422 
3736.627865  	106.936277 
3738.059523  	106.950677 
3739.491182  	107.048190 
3740.922840  	107.027441 
3742.354498  	107.296237 
3743.786156  	107.555031 
3745.217814  	107.146022 
3746.649472  	107.067949 
3748.081131  	107.382247 
3749.512789  	107.463650 
3750.944447  	107.231039 
3752.376105  	107.125348 
3753.807763  	107.093699 
3755.239422  	107.130794 
3756.671080  	107.207028 
3758.102738  	107.242658 
3759.534396  	107.329519 
3760.966054  	107.340801 
3762.397712  	107.163938 
3763.829371  	107.140636 
3765.261029  	107.188064 
3766.692687  	107.128429 
3768.124345  	107.209886 
3769.556003  	107.269629 
3770.987662  	107.105853 
3772.419320  	107.143095 
3773.850978  	107.281095 
3775.282636  	107.265993 
3776.714294  	107.240967 
3778.145953  	107.281890 
3779.577611  	107.236823 
3781.009269  	107.125039 
3782.440927  	107.189455 
3783.872585  	107.300334 
3785.304243  	107.212199 
3786.735902  	107.115130 
3788.167560  	107.152341 
3789.599218  	107.167913 
3791.030876  	107.199956 
3792.462534  	107.234324 
3793.894193  	107.268571 
3795.325851  	107.339680 
3796.757509  	107.230304 
3798.189167  	107.194222 
3799.620825  	107.449197 
3801.052484  	107.370035 
3802.484142  	106.831386 
3803.915800  	106.977202 
3805.347458  	107.267581 
3806.779116  	107.261992 
3808.210774  	107.079651 
3809.642433  	107.110571 
3811.074091  	107.147977 
3812.505749  	107.097862 
3813.937407  	107.223685 
3815.369065  	107.300359 
3816.800724  	106.885536 
3818.232382  	106.961369 
3819.664040  	107.403293 
3821.095698  	107.395842 
3822.527356  	106.998045 
3823.959014  	107.032191 
3825.390673  	107.103595 
3826.822331  	107.062437 
3828.253989  	107.014299 
3829.685647  	107.131712 
3831.117305  	107.258882 
3832.548964  	107.120750 
3833.980622  	107.030269 
3835.412280  	107.144167 
3836.843938  	107.213197 
3838.275596  	107.266129 
3839.707255  	107.259359 
3841.138913  	107.159030 
3842.570571  	107.122439 
3844.002229  	107.045221 
3845.433887  	106.951086 
3846.865545  	106.972188 
3848.297204  	107.005918 
3849.728862  	107.075690 
3851.160520  	107.275901 
3852.592178  	107.433797 
3854.023836  	107.156701 
3855.455495  	106.922933 
3856.887153  	106.986590 
3858.318811  	107.017476 
3859.750469  	107.095440 
3861.182127  	107.180484 
3862.613786  	107.201742 
3864.045444  	107.271903 
3865.477102  	107.139420 
3866.908760  	106.975999 
3868.340418  	107.236522 
3869.772076  	107.327002 
3871.203735  	106.946795 
3872.635393  	107.140184 
3874.067051  	107.244850 
3875.498709  	106.918889 
3876.930367  	107.041381 
3878.362026  	107.288408 
3879.793684  	107.173496 
3881.225342  	106.933797 
3882.657000  	107.022497 
3884.088658  	107.279306 
3885.520316  	107.264253 
3886.951975  	106.861283 
3888.383633  	106.949204 
3889.815291  	107.227905 
3891.246949  	107.268323 
3892.678607  	107.130145 
3894.110266  	107.013183 
3895.541924  	107.016489 
3896.973582  	107.185608 
3898.405240  	107.327383 
3899.836898  	107.349596 
3901.268557  	107.289283 
3902.700215  	107.193472 
3904.131873  	107.124947 
3905.563531  	107.029794 
3906.995189  	106.982718 
3908.426847  	107.048202 
3909.858506  	107.106179 
3911.290164  	107.060350 
3912.721822  	106.973947 
3914.153480  	107.038889 
3915.585138  	107.182228 
3917.016797  	107.126596 
3918.448455  	107.019454 
3919.880113  	107.024078 
3921.311771  	106.987424 
3922.743429  	107.067436 
3924.175088  	107.170886 
3925.606746  	107.027840 
3927.038404  	106.955341 
3928.470062  	107.043402 
3929.901720  	107.078161 
3931.333378  	107.141963 
3932.765037  	107.179409 
3934.196695  	107.056443 
3935.628353  	106.974816 
3937.060011  	106.997956 
3938.491669  	107.037894 
3939.923328  	107.077561 
3941.354986  	107.117059 
3942.786644  	107.084095 
3944.218302  	107.008174 
3945.649960  	107.072870 
3947.081618  	107.191649 
3948.513277  	107.194517 
3949.944935  	107.105276 
3951.376593  	106.964923 
3952.808251  	106.875206 
3954.239909  	106.919750 
3955.671568  	106.922106 
3957.103226  	106.876111 
3958.534884  	106.925110 
3959.966542  	106.967584 
3961.398200  	106.947099 
3962.829859  	106.952803 
3964.261517  	107.006888 
3965.693175  	107.015277 
3967.124833  	106.905728 
3968.556491  	106.846075 
3969.988149  	106.926913 
3971.419808  	106.962399 
3972.851466  	106.947739 
3974.283124  	106.969239 
3975.714782  	106.984877 
3977.146440  	107.014972 
3978.578099  	107.058234 
3980.009757  	107.068169 
3981.441415  	107.027591 
3982.873073  	106.939475 
3984.304731  	106.897074 
3985.736389  	106.914055 
3987.168048  	106.931064 
3988.599706  	106.984075 
3990.031364  	107.035883 
3991.463022  	107.032666 
3992.894680  	107.028268 
3994.326339  	107.028199 
3995.757997  	107.025340 
3997.189655  	107.003708 
3998.621313  	106.925385 
4000.052971  	106.871579 
4001.484630  	106.929393 
4002.916288  	107.013095 
4004.347946  	106.992088 
4005.779604  	106.946123 
4007.211262  	107.002160 
4008.642920  	107.028036 
4010.074579  	106.970640 
4011.506237  	106.965353 
4012.937895  	106.965277 
4014.369553  	106.937205 
4015.801211  	106.923438 
4017.232870  	106.934352 
4018.664528  	107.049384 
4020.096186  	107.122123 
4021.527844  	107.026168 
4022.959502  	106.981086 
4024.391161  	106.956131 
4025.822819  	106.890303 
4027.254477  	106.985274 
4028.686135  	107.084032 
4030.117793  	107.008476 
4031.549451  	106.920343 
4032.981110  	106.880065 
4034.412768  	106.893097 
4035.844426  	106.950354 
4037.276084  	106.977235 
4038.707742  	106.969000 
4040.139401  	106.916288 
4041.571059  	106.895921 
4043.002717  	106.954963 
4044.434375  	106.957876 
4045.866033  	106.919021 
4047.297691  	106.893620 
4048.729350  	106.860628 
4050.161008  	106.892861 
4051.592666  	106.914721 
4053.024324  	106.855802 
4054.455982  	106.832124 
4055.887641  	106.850693 
4057.319299  	106.879221 
4058.750957  	106.865317 
4060.182615  	106.826161 
4061.614273  	106.947486 
4063.045932  	107.073178 
4064.477590  	106.956634 
4065.909248  	106.796603 
4067.340906  	106.769372 
4068.772564  	106.857092 
4070.204222  	106.968701 
4071.635881  	106.990941 
4073.067539  	107.014987 
4074.499197  	107.043459 
4075.930855  	106.979006 
4077.362513  	106.959782 
4078.794172  	106.999952 
4080.225830  	106.993024 
4081.657488  	106.963072 
4083.089146  	106.895072 
4084.520804  	106.854665 
4085.952463  	106.908404 
4087.384121  	106.957217 
4088.815779  	106.997282 
4090.247437  	107.058013 
4091.679095  	107.090414 
4093.110753  	107.078710 
4094.542412  	107.037354 
4095.974070  	107.006430 
4097.405728  	106.963342 
4098.837386  	106.930385 
4100.269044  	107.002818 
4101.700703  	107.095814 
4103.132361  	107.165115 
4104.564019  	107.219873 
4105.995677  	107.162489 
4107.427335  	107.112112 
4108.858993  	107.109634 
4110.290652  	107.032944 
4111.722310  	107.060888 
4113.153968  	107.153164 
4114.585626  	107.076807 
4116.017284  	107.007572 
4117.448943  	107.046084 
4118.880601  	107.105742 
4120.312259  	107.147423 
4121.743917  	107.101542 
4123.175575  	107.117309 
4124.607234  	107.242945 
4126.038892  	107.266609 
4127.470550  	107.233460 
4128.902208  	107.166840 
4130.333866  	107.059043 
4131.765524  	107.130326 
4133.197183  	107.257367 
4134.628841  	107.213359 
4136.060499  	107.176228 
4137.492157  	107.204955 
4138.923815  	107.175391 
4140.355474  	107.139113 
4141.787132  	107.169544 
4143.218790  	107.180503 
4144.650448  	107.120514 
4146.082106  	107.117911 
4147.513764  	107.172858 
4148.945423  	107.170958 
4150.377081  	107.162410 
4151.808739  	107.135218 
4153.240397  	107.092564 
4154.672055  	107.127847 
4156.103714  	107.115865 
4157.535372  	107.057778 
4158.967030  	107.122159 
4160.398688  	107.207284 
4161.830346  	107.204638 
4163.262005  	107.141919 
4164.693663  	107.123212 
4166.125321  	107.226193 
4167.556979  	107.238680 
4168.988637  	107.140447 
4170.420295  	107.136358 
4171.851954  	107.114197 
4173.283612  	107.098800 
4174.715270  	107.153760 
4176.146928  	107.034737 
4177.578586  	106.902735 
4179.010245  	107.025532 
4180.441903  	107.165056 
4181.873561  	107.144959 
4183.305219  	107.043178 
4184.736877  	107.008073 
4186.168536  	107.086563 
4187.600194  	107.106828 
4189.031852  	107.080891 
4190.463510  	107.102660 
4191.895168  	107.072357 
4193.326826  	107.058307 
4194.758485  	107.153222 
4196.190143  	107.227221 
4197.621801  	107.164543 
4199.053459  	106.988290 
4200.485117  	106.927345 
4201.916776  	107.063403 
4203.348434  	107.116301 
4204.780092  	107.028885 
4206.211750  	106.986017 
4207.643408  	107.010678 
4209.075066  	107.065107 
4210.506725  	107.078055 
4211.938383  	107.006608 
4213.370041  	106.950817 
4214.801699  	106.979184 
4216.233357  	107.063924 
4217.665016  	107.119626 
4219.096674  	107.094533 
4220.528332  	107.044024 
4221.959990  	106.981697 
4223.391648  	106.909740 
4224.823307  	106.899647 
4226.254965  	106.956593 
4227.686623  	107.015573 
4229.118281  	107.032725 
4230.549939  	107.044200 
4231.981597  	107.070320 
4233.413256  	107.025860 
4234.844914  	106.937323 
4236.276572  	106.922364 
4237.708230  	106.981162 
4239.139888  	107.054271 
4240.571547  	107.061228 
4242.003205  	107.042989 
4243.434863  	107.094500 
4244.866521  	107.083375 
4246.298179  	107.003379 
4247.729838  	107.015258 
4249.161496  	107.043012 
4250.593154  	107.071233 
4252.024812  	107.134222 
4253.456470  	107.100195 
4254.888128  	107.035545 
4256.319787  	107.027114 
4257.751445  	107.025131 
4259.183103  	107.104189 
4260.614761  	107.200700 
4262.046419  	107.211556 
4263.478078  	107.218805 
4264.909736  	107.153077 
4266.341394  	107.040986 
4267.773052  	107.080020 
4269.204710  	107.129219 
4270.636368  	107.066978 
4272.068027  	107.071912 
4273.499685  	107.127923 
4274.931343  	107.089570 
4276.363001  	107.011380 
4277.794659  	106.991717 
4279.226318  	107.030841 
4280.657976  	107.084723 
4282.089634  	107.109756 
4283.521292  	107.094502 
4284.952950  	107.077259 
4286.384609  	107.092059 
4287.816267  	107.101502 
4289.247925  	107.075439 
4290.679583  	107.076812 
4292.111241  	107.129996 
4293.542899  	107.134766 
4294.974558  	107.084325 
4296.406216  	107.090080 
4297.837874  	107.120501 
4299.269532  	107.113911 
4300.701190  	107.100569 
4302.132849  	107.031088 
4303.564507  	106.937873 
4304.996165  	106.944573 
4306.427823  	106.991361 
4307.859481  	107.016731 
4309.291140  	107.005746 
4310.722798  	106.946434 
4312.154456  	107.013155 
4313.586114  	107.174469 
4315.017772  	107.151652 
4316.449430  	107.041403 
4317.881089  	107.037072 
4319.312747  	107.057825 
4320.744405  	107.073208 
4322.176063  	107.098429 
4323.607721  	107.091189 
4325.039380  	107.038909 
4326.471038  	106.968101 
4327.902696  	106.944059 
4329.334354  	106.948787 
4330.766012  	106.915885 
4332.197670  	106.868875 
4333.629329  	106.845096 
4335.060987  	106.904449 
4336.492645  	107.009860 
4337.924303  	107.013211 
4339.355961  	106.994744 
4340.787620  	107.043332 
4342.219278  	107.036375 
4343.650936  	106.978033 
4345.082594  	106.929889 
4346.514252  	106.917702 
4347.945911  	107.003590 
4349.377569  	107.056615 
4350.809227  	106.964665 
4352.240885  	106.914970 
4353.672543  	107.017602 
4355.104201  	107.116028 
4356.535860  	107.070369 
4357.967518  	106.973378 
4359.399176  	106.958720 
4360.830834  	106.979474 
4362.262492  	106.998755 
4363.694151  	107.013130 
4365.125809  	106.993944 
4366.557467  	107.020571 
4367.989125  	107.055607 
4369.420783  	106.980590 
4370.852441  	106.910539 
4372.284100  	106.928682 
4373.715758  	107.029601 
4375.147416  	107.223062 
4376.579074  	107.308074 
4378.010732  	107.187811 
4379.442391  	107.084739 
4380.874049  	107.106647 
4382.305707  	107.176801 
4383.737365  	107.188758 
4385.169023  	107.126981 
4386.600682  	107.142995 
4388.032340  	107.260159 
4389.463998  	107.302543 
4390.895656  	107.213368 
4392.327314  	107.140068 
4393.758972  	107.181912 
4395.190631  	107.191030 
4396.622289  	107.108986 
4398.053947  	107.119130 
4399.485605  	107.184545 
4400.917263  	107.179806 
4402.348922  	107.174266 
4403.780580  	107.151819 
4405.212238  	107.139428 
4406.643896  	107.225076 
4408.075554  	107.238180 
4409.507213  	107.131740 
4410.938871  	107.113094 
4412.370529  	107.159945 
4413.802187  	107.158002 
4415.233845  	107.170138 
4416.665503  	107.200351 
4418.097162  	107.162040 
4419.528820  	107.119683 
4420.960478  	107.173145 
4422.392136  	107.221294 
4423.823794  	107.219873 
4425.255453  	107.291141 
4426.687111  	107.342560 
4428.118769  	107.230987 
4429.550427  	107.139739 
4430.982085  	107.211383 
4432.413743  	107.280531 
4433.845402  	107.224110 
4435.277060  	107.168761 
4436.708718  	107.221940 
4438.140376  	107.292540 
4439.572034  	107.332986 
4441.003693  	107.381067 
4442.435351  	107.381161 
4443.867009  	107.365797 
4445.298667  	107.442327 
4446.730325  	107.503822 
4448.161984  	107.442773 
4449.593642  	107.391104 
4451.025300  	107.436261 
4452.456958  	107.435938 
4453.888616  	107.343886 
4455.320274  	107.369094 
4456.751933  	107.492391 
4458.183591  	107.480390 
4459.615249  	107.451846 
4461.046907  	107.514717 
4462.478565  	107.470837 
4463.910224  	107.382502 
4465.341882  	107.371355 
4466.773540  	107.313903 
4468.205198  	107.312667 
4469.636856  	107.445787 
4471.068515  	107.449816 
4472.500173  	107.292391 
4473.931831  	107.203059 
4475.363489  	107.258125 
4476.795147  	107.373101 
4478.226805  	107.403655 
4479.658464  	107.381490 
4481.090122  	107.447840 
4482.521780  	107.479430 
4483.953438  	107.396157 
4485.385096  	107.392310 
4486.816755  	107.469461 
4488.248413  	107.466466 
4489.680071  	107.406477 
4491.111729  	107.400335 
4492.543387  	107.487121 
4493.975045  	107.560968 
4495.406704  	107.510955 
4496.838362  	107.436575 
4498.270020  	107.439420 
4499.701678  	107.477159 
4501.133336  	107.496415 
4502.564995  	107.431625 
4503.996653  	107.328675 
4505.428311  	107.344555 
4506.859969  	107.426171 
4508.291627  	107.421530 
4509.723286  	107.363370 
4511.154944  	107.342852 
4512.586602  	107.364380 
4514.018260  	107.371256 
4515.449918  	107.387535 
4516.881576  	107.500319 
4518.313235  	107.595474 
4519.744893  	107.531336 
4521.176551  	107.447002 
4522.608209  	107.463863 
4524.039867  	107.533175 
4525.471526  	107.597830 
4526.903184  	107.553283 
4528.334842  	107.413527 
4529.766500  	107.402406 
4531.198158  	107.510572 
4532.629817  	107.503239 
4534.061475  	107.443801 
4535.493133  	107.528931 
4536.924791  	107.603658 
4538.356449  	107.450959 
4539.788107  	107.250777 
4541.219766  	107.275345 
4542.651424  	107.422881 
4544.083082  	107.443439 
4545.514740  	107.401328 
4546.946398  	107.509157 
4548.378057  	107.684807 
4549.809715  	107.687689 
4551.241373  	107.519170 
4552.673031  	107.372178 
4554.104689  	107.362797 
4555.536347  	107.443625 
4556.968006  	107.486701 
4558.399664  	107.458631 
4559.831322  	107.456104 
4561.262980  	107.489321 
4562.694638  	107.428299 
4564.126297  	107.324068 
4565.557955  	107.398159 
4566.989613  	107.558073 
4568.421271  	107.498899 
4569.852929  	107.284904 
4571.284588  	107.229088 
4572.716246  	107.379230 
4574.147904  	107.502646 
4575.579562  	107.472684 
4577.011220  	107.425136 
4578.442878  	107.430488 
4579.874537  	107.419835 
4581.306195  	107.444381 
4582.737853  	107.492101 
4584.169511  	107.452516 
4585.601169  	107.380878 
4587.032828  	107.311043 
4588.464486  	107.251307 
4589.896144  	107.332846 
4591.327802  	107.455186 
4592.759460  	107.410843 
4594.191118  	107.323089 
4595.622777  	107.354943 
4597.054435  	107.444851 
4598.486093  	107.517750 
4599.917751  	107.546195 
4601.349409  	107.471569 
4602.781068  	107.329956 
4604.212726  	107.291994 
4605.644384  	107.337037 
4607.076042  	107.328023 
4608.507700  	107.370621 
4609.939359  	107.473109 
4611.371017  	107.475465 
4612.802675  	107.467740 
4614.234333  	107.504585 
4615.665991  	107.494793 
4617.097649  	107.513546 
4618.529308  	107.554741 
4619.960966  	107.519816 
4621.392624  	107.471850 
4622.824282  	107.450964 
4624.255940  	107.426912 
4625.687599  	107.398192 
4627.119257  	107.411037 
4628.550915  	107.472336 
4629.982573  	107.435917 
4631.414231  	107.341911 
4632.845890  	107.394255 
4634.277548  	107.439661 
4635.709206  	107.338055 
4637.140864  	107.291001 
4638.572522  	107.370921 
4640.004180  	107.475448 
4641.435839  	107.490946 
4642.867497  	107.399579 
4644.299155  	107.410144 
4645.730813  	107.548275 
4647.162471  	107.553276 
4648.594130  	107.438749 
4650.025788  	107.433868 
4651.457446  	107.501269 
4652.889104  	107.464785 
4654.320762  	107.397751 
4655.752420  	107.413961 
4657.184079  	107.415507 
4658.615737  	107.429961 
4660.047395  	107.500655 
4661.479053  	107.453344 
4662.910711  	107.375582 
4664.342370  	107.406166 
4665.774028  	107.352156 
4667.205686  	107.265120 
4668.637344  	107.341311 
4670.069002  	107.454803 
4671.500661  	107.508191 
4672.932319  	107.549474 
4674.363977  	107.592599 
4675.795635  	107.561435 
4677.227293  	107.377129 
4678.658951  	107.271352 
4680.090610  	107.433070 
4681.522268  	107.574908 
4682.953926  	107.532823 
4684.385584  	107.520716 
4685.817242  	107.614181 
4687.248901  	107.609058 
4688.680559  	107.410075 
4690.112217  	107.298837 
4691.543875  	107.423613 
4692.975533  	107.531062 
4694.407192  	107.557047 
4695.838850  	107.559071 
4697.270508  	107.440020 
4698.702166  	107.321439 
4700.133824  	107.371076 
4701.565482  	107.463882 
4702.997141  	107.436778 
4704.428799  	107.349128 
4705.860457  	107.404775 
4707.292115  	107.518030 
4708.723773  	107.480036 
4710.155432  	107.505881 
4711.587090  	107.627349 
4713.018748  	107.496043 
4714.450406  	107.305147 
4715.882064  	107.430866 
4717.313722  	107.655804 
4718.745381  	107.732566 
4720.177039  	107.764639 
4721.608697  	107.748257 
4723.040355  	107.578433 
4724.472013  	107.458957 
4725.903672  	107.522442 
4727.335330  	107.510353 
4728.766988  	107.435052 
4730.198646  	107.493205 
4731.630304  	107.523184 
4733.061963  	107.510917 
4734.493621  	107.583841 
4735.925279  	107.622766 
4737.356937  	107.631185 
4738.788595  	107.615690 
4740.220253  	107.531180 
4741.651912  	107.567220 
4743.083570  	107.661215 
4744.515228  	107.615196 
4745.946886  	107.574960 
4747.378544  	107.575912 
4748.810203  	107.545470 
4750.241861  	107.542557 
4751.673519  	107.543282 
4753.105177  	107.568752 
4754.536835  	107.626093 
4755.968493  	107.608964 
4757.400152  	107.549475 
4758.831810  	107.471173 
4760.263468  	107.405476 
4761.695126  	107.490753 
4763.126784  	107.630599 
4764.558443  	107.642943 
4765.990101  	107.555320 
4767.421759  	107.467774 
4768.853417  	107.489821 
4770.285075  	107.563667 
4771.716734  	107.527527 
4773.148392  	107.495316 
4774.580050  	107.597946 
4776.011708  	107.668674 
4777.443366  	107.611027 
4778.875024  	107.593582 
4780.306683  	107.645150 
4781.738341  	107.556638 
4783.169999  	107.407408 
4784.601657  	107.466254 
4786.033315  	107.614738 
4787.464974  	107.662254 
4788.896632  	107.648865 
4790.328290  	107.564747 
4791.759948  	107.480952 
4793.191606  	107.545693 
4794.623265  	107.665698 
4796.054923  	107.687819 
4797.486581  	107.621528 
4798.918239  	107.563919 
4800.349897  	107.565275 
4801.781555  	107.569396 
4803.213214  	107.557765 
4804.644872  	107.585180 
4806.076530  	107.641991 
4807.508188  	107.637504 
4808.939846  	107.555298 
4810.371505  	107.557416 
4811.803163  	107.652743 
4813.234821  	107.642408 
4814.666479  	107.590593 
4816.098137  	107.594072 
4817.529795  	107.551378 
4818.961454  	107.556649 
4820.393112  	107.629873 
4821.824770  	107.599852 
4823.256428  	107.603649 
4824.688086  	107.768605 
4826.119745  	107.872197 
4827.551403  	107.767324 
4828.983061  	107.593815 
4830.414719  	107.534727 
4831.846377  	107.546794 
4833.278036  	107.531014 
4834.709694  	107.538157 
4836.141352  	107.581456 
4837.573010  	107.679095 
4839.004668  	107.777952 
4840.436326  	107.665914 
4841.867985  	107.475975 
4843.299643  	107.475328 
4844.731301  	107.581103 
4846.162959  	107.662151 
4847.594617  	107.587579 
4849.026276  	107.430453 
4850.457934  	107.539539 
4851.889592  	107.725075 
4853.321250  	107.638736 
4854.752908  	107.533694 
4856.184567  	107.548246 
4857.616225  	107.559197 
4859.047883  	107.577035 
4860.479541  	107.564881 
4861.911199  	107.539109 
4863.342857  	107.539058 
4864.774516  	107.542608 
4866.206174  	107.647685 
4867.637832  	107.776929 
4869.069490  	107.702166 
4870.501148  	107.531732 
4871.932807  	107.565136 
4873.364465  	107.806450 
4874.796123  	107.862357 
4876.227781  	107.641026 
4877.659439  	107.585945 
4879.091097  	107.706912 
4880.522756  	107.675589 
4881.954414  	107.580363 
4883.386072  	107.543681 
4884.817730  	107.604737 
4886.249388  	107.786906 
4887.681047  	107.837838 
4889.112705  	107.685861 
4890.544363  	107.562705 
4891.976021  	107.555086 
4893.407679  	107.619893 
4894.839338  	107.635427 
4896.270996  	107.560652 
4897.702654  	107.506596 
4899.134312  	107.478511 
4900.565970  	107.523449 
4901.997628  	107.651651 
4903.429287  	107.673049 
4904.860945  	107.604730 
4906.292603  	107.561477 
4907.724261  	107.548155 
4909.155919  	107.599713 
4910.587578  	107.624094 
4912.019236  	107.587055 
4913.450894  	107.585142 
4914.882552  	107.521256 
4916.314210  	107.451822 
4917.745869  	107.553879 
4919.177527  	107.609939 
4920.609185  	107.454523 
4922.040843  	107.365670 
4923.472501  	107.573217 
4924.904159  	107.807231 
4926.335818  	107.734834 
4927.767476  	107.621139 
4929.199134  	107.741152 
4930.630792  	107.856848 
4932.062450  	107.810720 
4933.494109  	107.670565 
4934.925767  	107.588230 
4936.357425  	107.676228 
4937.789083  	107.748864 
4939.220741  	107.775591 
4940.652399  	107.833958 
4942.084058  	107.739248 
4943.515716  	107.692930 
4944.947374  	107.892697 
4946.379032  	107.933883 
4947.810690  	107.765109 
4949.242349  	107.651059 
4950.674007  	107.603724 
4952.105665  	107.667856 
4953.537323  	107.718073 
4954.968981  	107.651049 
4956.400640  	107.698919 
4957.832298  	107.784033 
4959.263956  	107.723946 
4960.695614  	107.691406 
4962.127272  	107.704021 
4963.558930  	107.647737 
4964.990589  	107.636919 
4966.422247  	107.739498 
4967.853905  	107.754250 
4969.285563  	107.642810 
4970.717221  	107.702330 
4972.148880  	107.830296 
4973.580538  	107.707716 
4975.012196  	107.604881 
4976.443854  	107.662573 
4977.875512  	107.692302 
4979.307170  	107.836743 
4980.738829  	107.986700 
4982.170487  	107.890905 
4983.602145  	107.808892 
4985.033803  	107.774902 
4986.465461  	107.638415 
4987.897120  	107.647543 
4989.328778  	107.818628 
4990.760436  	107.866716 
4992.192094  	107.817973 
4993.623752  	107.813091 
4995.055411  	107.795291 
4996.487069  	107.781059 
4997.918727  	107.870450 
4999.350385  	107.860770 
5000.782043  	107.656581 
5002.213701  	107.584230 
5003.645360  	107.630216 
5005.077018  	107.666703 
5006.508676  	107.873469 
5007.940334  	107.978761 
5009.371992  	107.790157 
5010.803651  	107.736174 
5012.235309  	107.806073 
5013.666967  	107.793789 
5015.098625  	107.826949 
5016.530283  	107.761303 
5017.961942  	107.629239 
5019.393600  	107.752909 
5020.825258  	107.856585 
5022.256916  	107.659080 
5023.688574  	107.541628 
5025.120232  	107.700008 
5026.551891  	107.837783 
5027.983549  	107.853790 
5029.415207  	107.897102 
5030.846865  	107.919365 
5032.278523  	107.873486 
5033.710182  	107.821186 
5035.141840  	107.673692 
5036.573498  	107.508601 
5038.005156  	107.528270 
5039.436814  	107.639694 
5040.868472  	107.786589 
5042.300131  	107.915856 
5043.731789  	107.839368 
5045.163447  	107.723849 
5046.595105  	107.749638 
5048.026763  	107.711963 
5049.458422  	107.557001 
5050.890080  	107.451417 
5052.321738  	107.466588 
5053.753396  	107.548592 
5055.185054  	107.627747 
5056.616713  	107.706148 
5058.048371  	107.698591 
5059.480029  	107.586309 
5060.911687  	107.566945 
5062.343345  	107.678897 
5063.775003  	107.840378 
5065.206662  	107.920203 
5066.638320  	107.764449 
5068.069978  	107.655942 
5069.501636  	107.743542 
5070.933294  	107.673186 
5072.364953  	107.513024 
5073.796611  	107.493088 
5075.228269  	107.533910 
5076.659927  	107.743738 
5078.091585  	107.999833 
5079.523244  	107.921302 
5080.954902  	107.627982 
5082.386560  	107.448413 
5083.818218  	107.515706 
5085.249876  	107.653465 
5086.681534  	107.578377 
5088.113193  	107.502525 
5089.544851  	107.608866 
5090.976509  	107.673973 
5092.408167  	107.732551 
5093.839825  	107.799060 
5095.271484  	107.765744 
5096.703142  	107.792090 
5098.134800  	107.794139 
5099.566458  	107.690689 
5100.998116  	107.694084 
5102.429774  	107.652315 
5103.861433  	107.579733 
5105.293091  	107.792352 
5106.724749  	107.915482 
5108.156407  	107.650202 
5109.588065  	107.497233 
5111.019724  	107.652432 
5112.451382  	107.777431 
5113.883040  	107.753453 
5115.314698  	107.771189 
5116.746356  	107.867148 
5118.178015  	107.757845 
5119.609673  	107.510353 
5121.041331  	107.583011 
5122.472989  	107.786726 
5123.904647  	107.633356 
5125.336305  	107.364283 
5126.767964  	107.310457 
5128.199622  	107.350658 
5129.631280  	107.437323 
5131.062938  	107.574083 
5132.494596  	107.690452 
5133.926255  	107.814898 
5135.357913  	107.843832 
5136.789571  	107.683584 
5138.221229  	107.567051 
5139.652887  	107.599227 
5141.084546  	107.653618 
5142.516204  	107.701505 
5143.947862  	107.685896 
5145.379520  	107.672929 
5146.811178  	107.775659 
5148.242836  	107.748823 
5149.674495  	107.628000 
5151.106153  	107.773298 
5152.537811  	107.896787 
5153.969469  	107.710901 
5155.401127  	107.581613 
5156.832786  	107.592886 
5158.264444  	107.553450 
5159.696102  	107.516864 
5161.127760  	107.503925 
5162.559418  	107.547967 
5163.991076  	107.624861 
5165.422735  	107.561166 
5166.854393  	107.511327 
5168.286051  	107.567227 
5169.717709  	107.513228 
5171.149367  	107.505714 
5172.581026  	107.707512 
5174.012684  	107.806808 
5175.444342  	107.691907 
5176.876000  	107.555255 
5178.307658  	107.553584 
5179.739317  	107.682363 
5181.170975  	107.730249 
5182.602633  	107.704312 
5184.034291  	107.780539 
5185.465949  	107.781608 
5186.897607  	107.665286 
5188.329266  	107.700364 
5189.760924  	107.698735 
5191.192582  	107.494068 
5192.624240  	107.540924 
5194.055898  	107.905219 
5195.487557  	107.974218 
5196.919215  	107.660430 
5198.350873  	107.485039 
5199.782531  	107.546193 
5201.214189  	107.603814 
5202.645847  	107.618963 
5204.077506  	107.597100 
5205.509164  	107.618167 
5206.940822  	107.765095 
5208.372480  	107.937828 
5209.804138  	108.059477 
5211.235797  	107.980372 
5212.667455  	107.768034 
5214.099113  	107.850958 
5215.530771  	108.018262 
5216.962429  	107.767952 
5218.394088  	107.492919 
5219.825746  	107.530707 
5221.257404  	107.599017 
5222.689062  	107.723333 
5224.120720  	107.883828 
5225.552378  	107.789416 
5226.984037  	107.572151 
5228.415695  	107.526906 
5229.847353  	107.599225 
5231.279011  	107.660209 
5232.710669  	107.558503 
5234.142328  	107.442394 
5235.573986  	107.670667 
5237.005644  	107.959579 
5238.437302  	107.805829 
5239.868960  	107.653344 
5241.300619  	107.906894 
5242.732277  	107.941391 
5244.163935  	107.676674 
5245.595593  	107.826699 
5247.027251  	108.128130 
5248.458909  	108.076975 
5249.890568  	107.923628 
5251.322226  	107.853448 
5252.753884  	107.899531 
5254.185542  	107.981640 
5255.617200  	107.760436 
5257.048859  	107.538359 
5258.480517  	107.691251 
5259.912175  	107.848534 
5261.343833  	107.860657 
5262.775491  	107.827832 
5264.207149  	107.697628 
5265.638808  	107.700430 
5267.070466  	108.005578 
5268.502124  	108.229816 
5269.933782  	107.997414 
5271.365440  	107.650309 
5272.797099  	107.742938 
5274.228757  	107.927511 
5275.660415  	107.830263 
5277.092073  	107.880329 
5278.523731  	108.063596 
5279.955390  	108.033771 
5281.387048  	108.082552 
5282.818706  	108.261265 
5284.250364  	108.263515 
5285.682022  	108.066744 
5287.113680  	107.759337 
5288.545339  	107.647427 
5289.976997  	107.833931 
5291.408655  	107.942716 
5292.840313  	107.933832 
5294.271971  	107.884729 
5295.703630  	107.627641 
5297.135288  	107.528081 
5298.566946  	107.746514 
5299.998604  	107.724571 
5301.430262  	107.468003 
5302.861921  	107.494475 
5304.293579  	107.770213 
5305.725237  	107.866177 
5307.156895  	107.661403 
5308.588553  	107.597531 
5310.020211  	107.835165 
5311.451870  	107.870962 
5312.883528  	107.768058 
5314.315186  	107.893235 
5315.746844  	107.932065 
5317.178502  	107.683197 
5318.610161  	107.515458 
5320.041819  	107.599023 
5321.473477  	107.829874 
5322.905135  	107.979068 
5324.336793  	107.890982 
5325.768451  	107.767918 
5327.200110  	107.747105 
5328.631768  	107.769250 
5330.063426  	107.778827 
5331.495084  	107.704909 
5332.926742  	107.686990 
5334.358401  	107.789785 
5335.790059  	107.816140 
5337.221717  	107.902444 
5338.653375  	107.981069 
5340.085033  	107.733205 
5341.516692  	107.669355 
5342.948350  	107.851974 
5344.380008  	107.666000 
5345.811666  	107.393410 
5347.243324  	107.583987 
5348.674982  	107.772160 
5350.106641  	107.888444 
5351.538299  	108.112055 
5352.969957  	108.131342 
5354.401615  	107.734993 
5355.833273  	107.481620 
5357.264932  	107.657725 
5358.696590  	107.770765 
5360.128248  	107.605254 
5361.559906  	107.532718 
5362.991564  	107.730850 
5364.423222  	107.937133 
5365.854881  	107.779027 
5367.286539  	107.444301 
5368.718197  	107.525483 
5370.149855  	107.772242 
5371.581513  	107.662614 
5373.013172  	107.671883 
5374.444830  	108.047922 
5375.876488  	108.253446 
5377.308146  	108.172266 
5378.739804  	108.088459 
5380.171463  	108.104757 
5381.603121  	108.033305 
5383.034779  	107.795324 
5384.466437  	107.740701 
5385.898095  	107.917732 
5387.329753  	108.040915 
5388.761412  	108.088791 
5390.193070  	108.011195 
5391.624728  	107.874672 
5393.056386  	107.852614 
5394.488044  	107.842078 
5395.919703  	107.910992 
5397.351361  	107.956847 
5398.783019  	107.816872 
5400.214677  	107.903927 
5401.646335  	108.102156 
5403.077994  	108.013793 
5404.509652  	107.972407 
5405.941310  	108.035387 
5407.372968  	108.037129 
5408.804626  	108.081774 
5410.236284  	108.005489 
5411.667943  	107.967600 
5413.099601  	108.139675 
5414.531259  	108.073397 
5415.962917  	107.878674 
5417.394575  	107.950136 
5418.826234  	108.208669 
5420.257892  	108.363276 
5421.689550  	108.033927 
5423.121208  	107.668200 
5424.552866  	107.743460 
5425.984524  	107.630272 
5427.416183  	107.345350 
5428.847841  	107.508867 
5430.279499  	107.849956 
5431.711157  	108.050133 
5433.142815  	108.194932 
5434.574474  	108.243458 
5436.006132  	108.218227 
5437.437790  	108.051257 
5438.869448  	107.896590 
5440.301106  	107.927930 
5441.732765  	107.883682 
5443.164423  	107.823557 
5444.596081  	107.829618 
5446.027739  	107.645368 
5447.459397  	107.646051 
5448.891055  	107.864391 
5450.322714  	107.751284 
5451.754372  	107.603425 
5453.186030  	107.753998 
5454.617688  	107.929765 
5456.049346  	108.082333 
5457.481005  	108.190529 
5458.912663  	108.143847 
5460.344321  	107.998177 
5461.775979  	107.831157 
5463.207637  	107.813268 
5464.639296  	107.834511 
5466.070954  	107.610294 
5467.502612  	107.455259 
5468.934270  	107.642467 
5470.365928  	107.780864 
5471.797586  	107.783300 
5473.229245  	107.884855 
5474.660903  	107.853157 
5476.092561  	107.552468 
5477.524219  	107.403715 
5478.955877  	107.557480 
5480.387536  	107.817465 
5481.819194  	107.957500 
5483.250852  	107.832910 
5484.682510  	107.617759 
5486.114168  	107.575796 
5487.545826  	107.919529 
5488.977485  	108.357887 
5490.409143  	108.225975 
5491.840801  	107.981296 
5493.272459  	108.172800 
5494.704117  	108.149599 
5496.135776  	107.932609 
5497.567434  	107.885506 
5498.999092  	107.615411 
5500.430750  	107.559850 
5501.862408  	108.089720 
5503.294067  	108.376188 
5504.725725  	108.360130 
5506.157383  	108.403704 
5507.589041  	108.206745 
5509.020699  	107.899007 
5510.452357  	107.810197 
5511.884016  	107.830684 
5513.315674  	107.849793 
5514.747332  	107.839522 
5516.178990  	108.001590 
5517.610648  	108.304535 
5519.042307  	108.299199 
5520.473965  	108.059360 
5521.905623  	107.899832 
5523.337281  	107.839584 
5524.768939  	107.811264 
5526.200598  	107.823219 
5527.632256  	107.988495 
5529.063914  	108.056575 
5530.495572  	107.725147 
5531.927230  	107.445567 
5533.358888  	107.454908 
5534.790547  	107.471293 
5536.222205  	107.572506 
5537.653863  	107.740073 
5539.085521  	107.769046 
5540.517179  	107.751256 
5541.948838  	107.771467 
5543.380496  	107.898559 
5544.812154  	108.088383 
5546.243812  	108.115247 
5547.675470  	108.048014 
5549.107128  	108.153971 
5550.538787  	108.429492 
5551.970445  	108.289061 
5553.402103  	107.535112 
5554.833761  	107.296016 
5556.265419  	107.852692 
5557.697078  	108.070350 
5559.128736  	108.039038 
5560.560394  	108.248472 
5561.992052  	108.112658 
5563.423710  	107.822898 
5564.855369  	107.920773 
5566.287027  	107.906082 
5567.718685  	107.603591 
5569.150343  	107.476612 
5570.582001  	107.656807 
5572.013659  	108.118197 
5573.445318  	108.480918 
5574.876976  	108.268593 
5576.308634  	107.951600 
5577.740292  	108.044973 
5579.171950  	108.157155 
5580.603609  	108.106554 
5582.035267  	107.973419 
5583.466925  	107.709185 
5584.898583  	107.631718 
5586.330241  	107.660557 
5587.761899  	107.541673 
5589.193558  	107.834443 
5590.625216  	108.317741 
5592.056874  	108.218918 
5593.488532  	107.976112 
5594.920190  	107.865281 
5596.351849  	107.747481 
5597.783507  	107.781142 
5599.215165  	107.656165 
5600.646823  	107.591231 
5602.078481  	107.978650 
5603.510140  	107.946938 
5604.941798  	107.469604 
5606.373456  	107.389465 
5607.805114  	107.441295 
5609.236772  	107.454475 
5610.668430  	107.617237 
5612.100089  	107.711449 
5613.531747  	107.697922 
5614.963405  	107.624849 
5616.395063  	107.660134 
5617.826721  	107.910547 
5619.258380  	107.954544 
5620.690038  	107.787065 
5622.121696  	107.697936 
5623.553354  	107.672003 
5624.985012  	107.872516 
5626.416671  	108.115213 
5627.848329  	108.089885 
5629.279987  	108.031502 
5630.711645  	107.786286 
5632.143303  	107.374239 
5633.574961  	107.508323 
5635.006620  	108.056451 
5636.438278  	108.340266 
5637.869936  	108.291613 
5639.301594  	108.026910 
5640.733252  	107.682125 
5642.164911  	107.453781 
5643.596569  	107.395193 
5645.028227  	107.570088 
5646.459885  	107.869132 
5647.891543  	107.853139 
5649.323201  	107.510825 
5650.754860  	107.398824 
5652.186518  	107.603896 
5653.618176  	107.708591 
5655.049834  	107.712387 
5656.481492  	107.870461 
5657.913151  	108.120217 
5659.344809  	108.163076 
5660.776467  	107.926706 
5662.208125  	107.786185 
5663.639783  	107.810183 
5665.071442  	107.750717 
5666.503100  	107.775789 
5667.934758  	107.899553 
5669.366416  	107.834989 
5670.798074  	107.688763 
5672.229732  	107.602270 
5673.661391  	107.667078 
5675.093049  	107.820512 
5676.524707  	107.828009 
5677.956365  	108.003868 
5679.388023  	108.335308 
5680.819682  	108.260218 
5682.251340  	108.072513 
5683.682998  	108.072078 
5685.114656  	107.935043 
5686.546314  	107.766454 
5687.977973  	107.809179 
5689.409631  	108.017814 
5690.841289  	108.058761 
5692.272947  	107.769033 
5693.704605  	107.720268 
5695.136263  	107.817105 
5696.567922  	107.469151 
5697.999580  	107.322379 
5699.431238  	107.755724 
5700.862896  	108.004548 
5702.294554  	107.795425 
5703.726213  	107.500972 
5705.157871  	107.501948 
5706.589529  	107.777453 
5708.021187  	107.956393 
5709.452845  	107.866384 
5710.884503  	107.585959 
5712.316162  	107.568441 
5713.747820  	107.764005 
5715.179478  	107.425728 
5716.611136  	107.010641 
5718.042794  	107.263975 
5719.474453  	107.729542 
5720.906111  	107.978854 
5722.337769  	107.873257 
5723.769427  	107.846598 
5725.201085  	108.344723 
5726.632744  	108.315890 
5728.064402  	107.730481 
5729.496060  	107.840033 
5730.927718  	108.120890 
5732.359376  	107.970458 
5733.791034  	107.747633 
5735.222693  	107.477231 
5736.654351  	107.485255 
5738.086009  	107.740177 
5739.517667  	107.956802 
5740.949325  	108.219238 
5742.380984  	108.025797 
5743.812642  	107.709064 
5745.244300  	107.990533 
5746.675958  	108.092374 
5748.107616  	107.993625 
5749.539275  	108.168202 
5750.970933  	108.277880 
5752.402591  	108.461964 
5753.834249  	108.260507 
5755.265907  	107.442129 
5756.697565  	107.281565 
5758.129224  	107.573937 
5759.560882  	107.542586 
5760.992540  	107.782293 
5762.424198  	108.130542 
5763.855856  	108.078664 
5765.287515  	107.870061 
5766.719173  	107.816234 
5768.150831  	108.087181 
5769.582489  	108.064652 
5771.014147  	107.587156 
5772.445805  	107.625742 
5773.877464  	107.892603 
5775.309122  	107.715632 
5776.740780  	107.820490 
5778.172438  	108.429849 
5779.604096  	108.761680 
5781.035755  	108.503370 
5782.467413  	108.132740 
5783.899071  	108.019791 
5785.330729  	107.988312 
5786.762387  	107.854703 
5788.194046  	107.558164 
5789.625704  	107.288326 
5791.057362  	107.335789 
5792.489020  	107.402578 
5793.920678  	107.429344 
5795.352336  	107.618767 
5796.783995  	107.612077 
5798.215653  	107.583347 
5799.647311  	107.853901 
5801.078969  	108.084654 
5802.510627  	108.239186 
5803.942286  	108.066186 
5805.373944  	107.641111 
5806.805602  	107.866513 
5808.237260  	108.342488 
5809.668918  	108.342342 
5811.100576  	108.104800 
5812.532235  	107.601980 
5813.963893  	107.318672 
5815.395551  	107.672807 
5816.827209  	108.100191 
5818.258867  	108.562864 
5819.690526  	108.678224 
5821.122184  	107.953901 
5822.553842  	107.543715 
5823.985500  	107.808066 
5825.417158  	107.931586 
5826.848817  	107.981137 
5828.280475  	107.993608 
5829.712133  	107.863080 
5831.143791  	107.930903 
5832.575449  	108.166465 
5834.007107  	108.260756 
5835.438766  	108.044461 
5836.870424  	107.885288 
5838.302082  	108.101050 
5839.733740  	108.141428 
5841.165398  	107.942102 
5842.597057  	107.882236 
5844.028715  	107.708002 
5845.460373  	107.597591 
5846.892031  	107.647203 
5848.323689  	107.590638 
5849.755348  	107.918510 
5851.187006  	108.305490 
5852.618664  	107.998898 
5854.050322  	107.715847 
5855.481980  	107.519490 
5856.913638  	106.997876 
5858.345297  	107.097325 
5859.776955  	107.540042 
5861.208613  	107.228931 
5862.640271  	107.016377 
5864.071929  	107.465530 
5865.503588  	107.907604 
5866.935246  	108.316168 
5868.366904  	108.442742 
5869.798562  	108.017959 
5871.230220  	107.731261 
5872.661878  	107.581243 
5874.093537  	107.393382 
5875.525195  	107.537641 
5876.956853  	107.525744 
5878.388511  	107.253443 
5879.820169  	107.492007 
5881.251828  	107.847815 
5882.683486  	107.734005 
5884.115144  	107.510444 
5885.546802  	107.566726 
5886.978460  	108.004363 
5888.410119  	108.202498 
5889.841777  	107.828063 
5891.273435  	107.734358 
5892.705093  	107.934299 
5894.136751  	108.032998 
5895.568409  	108.314473 
5897.000068  	108.222232 
5898.431726  	107.586897 
5899.863384  	107.481110 
5901.295042  	107.785630 
5902.726700  	107.918410 
5904.158359  	107.901927 
5905.590017  	107.632016 
5907.021675  	107.547543 
5908.453333  	107.863704 
5909.884991  	107.759650 
5911.316650  	107.545423 
5912.748308  	107.916756 
5914.179966  	107.935703 
5915.611624  	107.422534 
5917.043282  	107.442347 
5918.474940  	107.630609 
5919.906599  	107.515931 
5921.338257  	107.646593 
5922.769915  	107.588701 
5924.201573  	107.254240 
5925.633231  	107.760819 
5927.064890  	108.588381 
5928.496548  	108.583556 
5929.928206  	108.086811 
5931.359864  	107.494942 
5932.791522  	107.311321 
5934.223180  	107.962919 
5935.654839  	108.490249 
5937.086497  	108.167268 
5938.518155  	107.699617 
5939.949813  	107.726498 
5941.381471  	107.951742 
5942.813130  	107.787708 
5944.244788  	107.633389 
5945.676446  	107.894390 
5947.108104  	107.843937 
5948.539762  	107.387354 
5949.971421  	107.192838 
5951.403079  	107.483267 
5952.834737  	108.065068 
5954.266395  	107.951493 
5955.698053  	107.105367 
5957.129711  	107.136051 
5958.561370  	107.876505 
5959.993028  	108.068208 
5961.424686  	107.915731 
5962.856344  	107.723432 
5964.288002  	107.784263 
5965.719661  	108.145097 
5967.151319  	107.805376 
5968.582977  	107.241944 
5970.014635  	107.509017 
5971.446293  	107.713060 
5972.877951  	107.687147 
5974.309610  	108.053148 
5975.741268  	108.060896 
5977.172926  	107.816370 
5978.604584  	107.780136 
5980.036242  	107.239933 
5981.467901  	107.090173 
5982.899559  	108.198040 
5984.331217  	108.703291 
5985.762875  	108.044124 
5987.194533  	107.696780 
5988.626192  	107.830888 
5990.057850  	108.199525 
5991.489508  	108.501826 
5992.921166  	108.219707 
5994.352824  	107.971224 
5995.784482  	108.071974 
5997.216141  	108.218903 
5998.647799  	108.351263 
6000.079457  	107.870406 
6001.511115  	107.230479 
6002.942773  	107.488275 
6004.374432  	107.811286 
6005.806090  	107.798138 
6007.237748  	107.924131 
6008.669406  	107.933509 
6010.101064  	108.377977 
6011.532723  	108.947250 
6012.964381  	108.331772 
6014.396039  	107.649898 
6015.827697  	108.007067 
6017.259355  	108.650261 
6018.691013  	109.110348 
6020.122672  	108.782028 
6021.554330  	107.780540 
6022.985988  	107.464239 
6024.417646  	107.859109 
6025.849304  	108.028606 
6027.280963  	107.985444 
6028.712621  	108.364303 
6030.144279  	108.792906 
6031.575937  	108.277608 
6033.007595  	107.812002 
6034.439253  	108.071938 
6035.870912  	107.567020 
6037.302570  	106.978448 
6038.734228  	107.744068 
6040.165886  	108.297244 
6041.597544  	107.798563 
6043.029203  	107.500546 
6044.460861  	108.003220 
6045.892519  	108.718337 
6047.324177  	108.506709 
6048.755835  	107.814585 
6050.187494  	107.746725 
6051.619152  	107.575799 
6053.050810  	107.219664 
6054.482468  	107.435170 
6055.914126  	107.563781 
6057.345784  	107.589477 
6058.777443  	107.940788 
6060.209101  	107.939723 
6061.640759  	107.797833 
6063.072417  	108.048618 
6064.504075  	108.341196 
6065.935734  	108.463341 
6067.367392  	108.140817 
6068.799050  	107.645739 
6070.230708  	107.711330 
6071.662366  	107.538101 
6073.094025  	106.935256 
6074.525683  	107.326817 
6075.957341  	108.096631 
6077.388999  	107.886781 
6078.820657  	107.573379 
6080.252315  	107.451481 
6081.683974  	107.299663 
6083.115632  	108.022371 
6084.547290  	108.561472 
6085.978948  	107.400124 
6087.410606  	106.322742 
6088.842265  	106.762036 
6090.273923  	107.512809 
6091.705581  	107.451549 
6093.137239  	107.144881 
6094.568897  	107.630603 
6096.000555  	108.020380 
6097.432214  	107.292343 
6098.863872  	107.275596 
6100.295530  	108.413333 
6101.727188  	108.629307 
6103.158846  	108.218582 
6104.590505  	108.254316 
6106.022163  	108.064640 
6107.453821  	107.676256 
6108.885479  	107.677560 
6110.317137  	108.016305 
6111.748796  	108.400911 
6113.180454  	108.391764 
6114.612112  	107.935534 
6116.043770  	107.567555 
6117.475428  	107.750305 
6118.907086  	108.195104 
6120.338745  	108.119382 
6121.770403  	107.525465 
6123.202061  	107.202204 
6124.633719  	107.435754 
6126.065377  	107.611080 
6127.497036  	107.316232 
6128.928694  	107.352540 
6130.360352  	107.734490 
6131.792010  	107.557401 
6133.223668  	107.537776 
6134.655327  	107.923723 
6136.086985  	107.774426 
6137.518643  	107.812806 
6138.950301  	108.188763 
6140.381959  	108.130759 
6141.813617  	108.324551 
6143.245276  	108.419020 
6144.676934  	107.852212 
6146.108592  	107.866078 
6147.540250  	108.365478 
6148.971908  	108.461006 
6150.403567  	108.580275 
6151.835225  	108.805479 
6153.266883  	108.705626 
6154.698541  	108.311488 
6156.130199  	108.063083 
6157.561857  	107.685439 
6158.993516  	106.942681 
6160.425174  	107.500688 
6161.856832  	109.177054 
6163.288490  	109.161384 
6164.720148  	107.992298 
6166.151807  	107.712787 
6167.583465  	107.801175 
6169.015123  	107.630038 
6170.446781  	107.250759 
6171.878439  	107.288875 
6173.310098  	108.226144 
6174.741756  	108.568873 
6176.173414  	107.911322 
6177.605072  	107.761042 
6179.036730  	108.139174 
6180.468388  	108.373888 
6181.900047  	108.474875 
6183.331705  	108.607158 
6184.763363  	108.630906 
6186.195021  	108.039983 
6187.626679  	107.561451 
6189.058338  	107.790717 
6190.489996  	107.943030 
6191.921654  	108.335009 
6193.353312  	108.784877 
6194.784970  	108.480759 
6196.216628  	108.862187 
6197.648287  	109.469639 
6199.079945  	108.035226 
6200.511603  	106.544645 
6201.943261  	106.738995 
6203.374919  	107.086356 
6204.806578  	107.790232 
6206.238236  	108.948369 
6207.669894  	108.841881 
6209.101552  	108.032259 
6210.533210  	107.632639 
6211.964869  	107.228718 
6213.396527  	107.311038 
6214.828185  	107.763018 
6216.259843  	107.366725 
6217.691501  	107.039576 
6219.123159  	107.420903 
6220.554818  	107.225342 
6221.986476  	106.687328 
6223.418134  	106.644054 
6224.849792  	106.818729 
6226.281450  	107.329866 
6227.713109  	107.913994 
6229.144767  	107.754316 
6230.576425  	107.233374 
6232.008083  	107.253792 
6233.439741  	107.932971 
6234.871400  	108.132435 
6236.303058  	107.553015 
6237.734716  	107.989218 
6239.166374  	108.897778 
6240.598032  	108.187077 
6242.029690  	107.630040 
6243.461349  	108.394749 
6244.893007  	108.481433 
6246.324665  	108.312545 
6247.756323  	109.000355 
6249.187981  	108.945003 
6250.619640  	108.030528 
6252.051298  	107.836380 
6253.482956  	107.814216 
6254.914614  	107.321902 
6256.346272  	107.063477 
6257.777930  	106.925979 
6259.209589  	106.925816 
6260.641247  	107.578954 
6262.072905  	107.908475 
6263.504563  	107.410012 
6264.936221  	107.066574 
6266.367880  	107.288455 
6267.799538  	108.067437 
6269.231196  	108.315300 
6270.662854  	107.079495 
6272.094512  	106.384049 
6273.526171  	107.526371 
6274.957829  	108.932438 
6276.389487  	109.423864 
6277.821145  	108.940721 
6279.252803  	108.494323 
6280.684461  	108.733343 
6282.116120  	108.386183 
6283.547778  	107.607437 
6284.979436  	107.286921 
6286.411094  	107.020184 
6287.842752  	107.155048 
6289.274411  	107.247755 
6290.706069  	106.590839 
6292.137727  	106.594482 
6293.569385  	107.233370 
6295.001043  	107.518881 
6296.432702  	107.855673 
6297.864360  	108.145669 
6299.296018  	108.388447 
6300.727676  	108.730818 
6302.159334  	108.794648 
6303.590992  	109.109194 
6305.022651  	109.532302 
6306.454309  	109.290937 
6307.885967  	108.624885 
6309.317625  	107.702219 
6310.749283  	107.576141 
6312.180942  	108.546577 
6313.612600  	108.597501 
6315.044258  	107.615353 
6316.475916  	107.032949 
6317.907574  	107.060545 
6319.339232  	107.855654 
6320.770891  	108.913532 
6322.202549  	108.964888 
6323.634207  	108.017567 
6325.065865  	107.178409 
6326.497523  	107.615873 
6327.929182  	108.645173 
6329.360840  	108.635060 
6330.792498  	107.901099 
6332.224156  	107.676321 
6333.655814  	108.261681 
6335.087473  	108.244058 
6336.519131  	106.791380 
6337.950789  	106.269673 
6339.382447  	107.496443 
6340.814105  	108.057877 
6342.245763  	107.573150 
6343.677422  	107.473076 
6345.109080  	108.121172 
6346.540738  	108.735432 
6347.972396  	108.416149 
6349.404054  	107.809063 
6350.835713  	107.586734 
6352.267371  	107.692099 
6353.699029  	108.318625 
6355.130687  	108.514122 
6356.562345  	107.953470 
6357.994003  	107.837566 
6359.425662  	108.307183 
6360.857320  	109.103241 
6362.288978  	109.427286 
6363.720636  	108.535992 
6365.152294  	107.860142 
6366.583953  	107.631596 
6368.015611  	107.253549 
6369.447269  	107.086451 
6370.878927  	106.503277 
6372.310585  	106.326377 
6373.742244  	107.212140 
6375.173902  	107.538194 
6376.605560  	108.043431 
6378.037218  	108.658247 
6379.468876  	107.504626 
6380.900534  	106.976074 
6382.332193  	108.052064 
6383.763851  	108.213847 
6385.195509  	107.494223 
6386.627167  	107.179283 
6388.058825  	107.976720 
6389.490484  	108.735713 
6390.922142  	107.856818 
6392.353800  	107.589394 
6393.785458  	108.165040 
6395.217116  	107.345364 
6396.648775  	106.759965 
6398.080433  	106.614440 
6399.512091  	105.993712 
6400.943749  	107.026263 
6402.375407  	108.628297 
6403.807065  	108.296127 
6405.238724  	107.849576 
6406.670382  	108.159610 
6408.102040  	108.199108 
6409.533698  	108.166280 
6410.965356  	108.453496 
6412.397015  	108.906704 
6413.828673  	109.078764 
6415.260331  	108.881958 
6416.691989  	108.361091 
6418.123647  	107.486067 
6419.555305  	106.823743 
6420.986964  	106.517859 
6422.418622  	106.635996 
6423.850280  	107.358322 
6425.281938  	107.819772 
6426.713596  	107.424628 
6428.145255  	106.878204 
6429.576913  	107.017619 
6431.008571  	107.636185 
6432.440229  	108.180450 
6433.871887  	108.809830 
6435.303546  	108.815656 
6436.735204  	107.926288 
6438.166862  	107.924050 
6439.598520  	107.866118 
6441.030178  	107.093003 
6442.461836  	108.227290 
6443.893495  	109.390773 
6445.325153  	108.184596 
6446.756811  	107.243558 
6448.188469  	106.727193 
6449.620127  	106.923352 
6451.051786  	109.017708 
6452.483444  	109.647394 
6453.915102  	108.671098 
6455.346760  	109.006921 
6456.778418  	109.151186 
6458.210077  	108.739603 
6459.641735  	108.795220 
6461.073393  	108.205628 
6462.505051  	107.521465 
6463.936709  	107.584296 
6465.368367  	107.658180 
6466.800026  	107.784873 
6468.231684  	108.152151 
6469.663342  	108.083823 
6471.095000  	107.403922 
6472.526658  	107.520022 
6473.958317  	108.565121 
6475.389975  	108.876011 
6476.821633  	108.887183 
6478.253291  	108.782577 
6479.684949  	107.596057 
6481.116607  	107.191488 
6482.548266  	107.665232 
6483.979924  	107.272775 
6485.411582  	107.276682 
6486.843240  	107.851203 
6488.274898  	107.528516 
6489.706557  	107.137767 
6491.138215  	107.497094 
6492.569873  	107.759977 
6494.001531  	106.960901 
6495.433189  	106.207006 
6496.864848  	106.868159 
6498.296506  	107.612323 
6499.728164  	108.206905 
6501.159822  	109.119107 
6502.591480  	108.863165 
6504.023138  	108.270648 
6505.454797  	108.175565 
6506.886455  	107.842558 
6508.318113  	108.428663 
6509.749771  	108.946890 
6511.181429  	108.568494 
6512.613088  	108.703583 
6514.044746  	107.629219 
6515.476404  	106.234621 
6516.908062  	107.601507 
6518.339720  	108.630517 
6519.771379  	107.856255 
6521.203037  	108.344984 
6522.634695  	109.041620 
6524.066353  	108.530790 
6525.498011  	108.253025 
6526.929669  	108.663118 
6528.361328  	108.813108 
6529.792986  	107.901450 
6531.224644  	107.248840 
6532.656302  	107.973703 
6534.087960  	108.556588 
6535.519619  	108.310284 
6536.951277  	108.205595 
6538.382935  	108.180257 
6539.814593  	107.796023 
6541.246251  	107.424813 
6542.677909  	107.375289 
6544.109568  	107.117560 
6545.541226  	107.174983 
6546.972884  	107.807735 
6548.404542  	107.918080 
6549.836200  	108.582741 
6551.267859  	109.589511 
6552.699517  	108.166012 
6554.131175  	106.992965 
6555.562833  	108.090318 
6556.994491  	107.968309 
6558.426150  	107.051495 
6559.857808  	107.700142 
6561.289466  	108.444695 
6562.721124  	108.168258 
6564.152782  	107.519166 
6565.584440  	107.672672 
6567.016099  	108.055164 
6568.447757  	107.090025 
6569.879415  	106.724266 
6571.311073  	107.997635 
6572.742731  	108.839340 
6574.174390  	108.887306 
6575.606048  	108.111807 
6577.037706  	107.732141 
6578.469364  	109.331746 
6579.901022  	110.057378 
6581.332680  	109.077261 
6582.764339  	109.160911 
6584.195997  	109.057423 
6585.627655  	107.928518 
6587.059313  	107.936396 
6588.490971  	108.451776 
6589.922630  	108.162846 
6591.354288  	107.785565 
6592.785946  	107.367656 
6594.217604  	106.500336 
6595.649262  	106.382851 
6597.080921  	106.838062 
6598.512579  	106.165538 
6599.944237  	105.979389 
6601.375895  	107.171543 
6602.807553  	107.217294 
6604.239211  	107.178140 
6605.670870  	108.447952 
6607.102528  	108.340199 
6608.534186  	107.401174 
6609.965844  	107.433063 
6611.397502  	107.459963 
6612.829161  	107.854021 
6614.260819  	108.681405 
6615.692477  	108.632866 
6617.124135  	108.266290 
6618.555793  	108.407549 
6619.987452  	108.589689 
6621.419110  	108.037448 
6622.850768  	107.366578 
6624.282426  	107.287985 
6625.714084  	106.786867 
6627.145742  	106.476395 
6628.577401  	107.498401 
6630.009059  	108.301122 
6631.440717  	107.978877 
6632.872375  	107.265558 
6634.304033  	107.178985 
6635.735692  	108.302850 
6637.167350  	108.360455 
6638.599008  	107.087681 
6640.030666  	106.996245 
6641.462324  	107.192538 
6642.893982  	107.419321 
6644.325641  	108.667847 
6645.757299  	108.574757 
6647.188957  	107.161159 
6648.620615  	106.972279 
6650.052273  	107.544804 
6651.483932  	108.205166 
6652.915590  	109.166923 
6654.347248  	109.549570 
6655.778906  	108.938108 
6657.210564  	107.864422 
6658.642223  	106.772984 
6660.073881  	105.954447 
6661.505539  	106.653748 
6662.937197  	108.610914 
6664.368855  	109.561676 
6665.800513  	109.139348 
6667.232172  	107.974727 
6668.663830  	107.130363 
6670.095488  	108.218765 
6671.527146  	108.281505 
6672.958804  	106.124635 
6674.390463  	107.084036 
6675.822121  	109.940820 
6677.253779  	109.180057 
6678.685437  	107.634782 
6680.117095  	108.217732 
6681.548754  	108.331966 
6682.980412  	106.802945 
6684.412070  	105.719205 
6685.843728  	106.300724 
6687.275386  	107.066882 
6688.707044  	107.109548 
6690.138703  	107.163270 
6691.570361  	107.505752 
6693.002019  	108.300925 
6694.433677  	108.688129 
6695.865335  	107.515111 
6697.296994  	106.318569 
6698.728652  	106.466287 
6700.160310  	107.578009 
6701.591968  	108.426804 
6703.023626  	108.107659 
6704.455284  	107.914138 
6705.886943  	107.539174 
6707.318601  	106.042036 
6708.750259  	106.318490 
6710.181917  	108.588846 
6711.613575  	109.668171 
6713.045234  	109.330290 
6714.476892  	108.222685 
6715.908550  	107.946928 
6717.340208  	109.542183 
6718.771866  	110.014831 
6720.203525  	108.973348 
6721.635183  	108.570437 
6723.066841  	108.774208 
6724.498499  	109.843576 
6725.930157  	110.769418 
6727.361815  	109.743937 
6728.793474  	107.844343 
6730.225132  	106.428143 
6731.656790  	106.947688 
6733.088448  	108.614713 
6734.520106  	108.156638 
6735.951765  	107.003909 
6737.383423  	107.694726 
6738.815081  	108.299851 
6740.246739  	107.966551 
6741.678397  	107.821203 
6743.110056  	107.759863 
6744.541714  	107.884866 
6745.973372  	109.399822 
6747.405030  	111.135007 
6748.836688  	110.065898 
6750.268346  	108.363583 
6751.700005  	108.926665 
6753.131663  	108.633913 
6754.563321  	107.529631 
6755.994979  	108.574485 
6757.426637  	109.344775 
6758.858296  	108.279122 
6760.289954  	107.312114 
6761.721612  	106.700848 
6763.153270  	106.065988 
6764.584928  	105.690193 
6766.016586  	106.679392 
6767.448245  	107.880134 
6768.879903  	106.747996 
6770.311561  	106.010957 
6771.743219  	107.226916 
6773.174877  	107.350865 
6774.606536  	107.132733 
6776.038194  	107.778473 
6777.469852  	107.938272 
6778.901510  	108.136897 
6780.333168  	108.204090 
6781.764827  	107.943030 
6783.196485  	107.983916 
6784.628143  	107.382392 
6786.059801  	107.079292 
6787.491459  	107.899367 
6788.923117  	108.399441 
6790.354776  	108.466833 
6791.786434  	108.130404 
6793.218092  	107.871933 
6794.649750  	108.629394 
6796.081408  	108.750136 
6797.513067  	108.059748 
6798.944725  	108.227218 
6800.376383  	108.692168 
6801.808041  	108.623438 
6803.239699  	107.727350 
6804.671357  	106.984669 
6806.103016  	107.741383 
6807.534674  	108.241891 
6808.966332  	107.721266 
6810.397990  	108.110692 
6811.829648  	108.906960 
6813.261307  	108.381338 
6814.692965  	107.495817 
6816.124623  	107.973885 
6817.556281  	108.632191 
6818.987939  	107.753676 
6820.419598  	107.110688 
6821.851256  	107.776858 
6823.282914  	108.656857 
6824.714572  	109.931833 
6826.146230  	110.619953 
6827.577888  	109.686166 
6829.009547  	108.573305 
6830.441205  	107.831330 
6831.872863  	107.755646 
6833.304521  	107.970987 
6834.736179  	107.354134 
6836.167838  	107.037501 
6837.599496  	107.325801 
6839.031154  	107.510722 
6840.462812  	108.309828 
6841.894470  	108.334099 
6843.326129  	107.404550 
6844.757787  	108.247554 
6846.189445  	109.494493 
6847.621103  	108.861532 
6849.052761  	108.285096 
6850.484419  	108.589707 
6851.916078  	108.218203 
6853.347736  	107.722940 
6854.779394  	108.853394 
6856.211052  	109.915540 
6857.642710  	109.080397 
6859.074369  	108.156573 
6860.506027  	107.205998 
6861.937685  	106.284292 
6863.369343  	107.351387 
6864.801001  	108.535200 
6866.232659  	108.584106 
6867.664318  	108.841794 
6869.095976  	107.648622 
6870.527634  	106.027077 
6871.959292  	106.269838 
6873.390950  	107.276273 
6874.822609  	108.801165 
6876.254267  	109.310767 
6877.685925  	107.414848 
6879.117583  	107.434150 
6880.549241  	109.690549 
6881.980900  	109.845282 
6883.412558  	108.458269 
6884.844216  	107.714933 
6886.275874  	107.998633 
6887.707532  	109.149551 
6889.139190  	109.936784 
6890.570849  	109.743715 
6892.002507  	109.632622 
6893.434165  	109.845680 
6894.865823  	108.396894 
6896.297481  	105.906699 
6897.729140  	106.560988 
6899.160798  	109.165685 
6900.592456  	109.697807 
6902.024114  	109.362964 
6903.455772  	109.268597 
6904.887431  	108.650524 
6906.319089  	107.849903 
6907.750747  	107.060389 
6909.182405  	107.664878 
6910.614063  	108.618744 
6912.045721  	107.140001 
6913.477380  	106.241215 
6914.909038  	107.835524 
6916.340696  	108.256135 
6917.772354  	106.998688 
6919.204012  	106.861280 
6920.635671  	108.007924 
6922.067329  	108.580140 
6923.498987  	107.829158 
6924.930645  	107.310154 
6926.362303  	107.548657 
6927.793961  	108.195042 
6929.225620  	109.101895 
6930.657278  	109.540732 
6932.088936  	109.758236 
6933.520594  	109.629471 
6934.952252  	108.509101 
6936.383911  	108.137782 
6937.815569  	108.695341 
6939.247227  	109.055107 
6940.678885  	109.317197 
6942.110543  	108.755212 
6943.542202  	108.225556 
6944.973860  	108.558794 
6946.405518  	108.306172 
6947.837176  	108.481716 
6949.268834  	108.866139 
6950.700492  	107.230467 
6952.132151  	105.655638 
6953.563809  	105.959763 
6954.995467  	107.639292 
6956.427125  	109.315432 
6957.858783  	109.376893 
6959.290442  	108.979576 
6960.722100  	108.481700 
6962.153758  	106.808187 
6963.585416  	106.467106 
6965.017074  	108.047734 
6966.448732  	109.843645 
6967.880391  	111.499796 
6969.312049  	110.977846 
6970.743707  	109.341539 
6972.175365  	109.704482 
6973.607023  	109.883942 
6975.038682  	108.748284 
6976.470340  	108.422826 
6977.901998  	109.500025 
6979.333656  	110.611499 
6980.765314  	109.438997 
6982.196973  	107.145841 
6983.628631  	106.790449 
6985.060289  	108.173301 
6986.491947  	109.538508 
6987.923605  	108.409887 
6989.355263  	106.275418 
6990.786922  	106.940662 
6992.218580  	107.226511 
6993.650238  	105.827973 
6995.081896  	106.980859 
6996.513554  	109.514811 
6997.945213  	110.732194 
6999.376871  	110.688520 
7000.808529  	109.288378 
7002.240187  	108.431026 
7003.671845  	108.326334 
7005.103504  	108.263278 
7006.535162  	108.836062 
7007.966820  	108.490718 
7009.398478  	108.465456 
7010.830136  	109.804239 
7012.261794  	108.883180 
7013.693453  	107.612791 
7015.125111  	108.832717 
7016.556769  	109.271172 
7017.988427  	108.571918 
7019.420085  	108.888646 
7020.851744  	109.823038 
7022.283402  	109.399464 
7023.715060  	107.387135 
7025.146718  	107.982917 
7026.578376  	110.128057 
7028.010034  	109.104327 
7029.441693  	108.412102 
7030.873351  	109.940509 
7032.305009  	110.488195 
7033.736667  	110.610429 
7035.168325  	109.792215 
7036.599984  	107.664481 
7038.031642  	107.009890 
7039.463300  	107.593496 
7040.894958  	107.883141 
7042.326616  	107.604488 
7043.758275  	107.253007 
7045.189933  	107.793031 
7046.621591  	107.673925 
7048.053249  	106.574246 
7049.484907  	106.826291 
7050.916565  	108.105671 
7052.348224  	109.569955 
7053.779882  	110.103539 
7055.211540  	108.358893 
7056.643198  	107.386110 
7058.074856  	108.640956 
7059.506515  	109.237469 
7060.938173  	108.696572 
7062.369831  	108.972170 
7063.801489  	109.940399 
7065.233147  	109.384423 
7066.664806  	108.154177 
7068.096464  	108.826577 
7069.528122  	109.237938 
7070.959780  	108.328417 
7072.391438  	108.966122 
7073.823096  	109.853159 
7075.254755  	109.621139 
7076.686413  	109.810155 
7078.118071  	109.416080 
7079.549729  	108.093174 
7080.981387  	107.692444 
7082.413046  	108.491857 
7083.844704  	108.687622 
7085.276362  	108.059278 
7086.708020  	108.800662 
7088.139678  	109.883007 
7089.571336  	109.136229 
7091.002995  	108.939426 
7092.434653  	109.022865 
7093.866311  	107.471036 
7095.297969  	106.891453 
7096.729627  	108.002685 
7098.161286  	108.970341 
7099.592944  	109.373289 
7101.024602  	108.418872 
7102.456260  	107.175179 
7103.887918  	107.405199 
7105.319577  	108.703878 
7106.751235  	109.382903 
7108.182893  	107.444674 
7109.614551  	105.498107 
7111.046209  	105.907668 
7112.477867  	106.031905 
7113.909526  	106.397569 
7115.341184  	108.600635 
7116.772842  	109.021244 
7118.204500  	107.785528 
7119.636158  	108.068797 
7121.067817  	108.336687 
7122.499475  	108.289438 
7123.931133  	109.008316 
7125.362791  	108.712067 
7126.794449  	107.015353 
7128.226108  	106.309252 
7129.657766  	107.453639 
7131.089424  	109.059002 
7132.521082  	109.735728 
7133.952740  	108.545322 
7135.384398  	106.822487 
7136.816057  	107.614331 
7138.247715  	109.313410 
7139.679373  	109.212395 
7141.111031  	108.740007 
7142.542689  	108.069496 
7143.974348  	107.239799 
7145.406006  	107.661847 
7146.837664  	108.255310 
7148.269322  	108.764714 
7149.700980  	108.989526 
7151.132638  	107.793559 
7152.564297  	108.257672 
7153.995955  	110.209960 
7155.427613  	109.667362 
7156.859271  	108.114936 
7158.290929  	107.290864 
7159.722588  	107.484581 
7161.154246  	109.586195 
7162.585904  	110.294300 
7164.017562  	108.320416 
7165.449220  	107.317014 
7166.880879  	108.187070 
7168.312537  	109.352365 
7169.744195  	108.884953 
7171.175853  	108.094237 
7172.607511  	108.670445 
7174.039169  	107.756569 
7175.470828  	105.911794 
7176.902486  	106.770140 
7178.334144  	108.365106 
7179.765802  	108.600208 
7181.197460  	108.690721 
7182.629119  	108.917263 
7184.060777  	109.552716 
7185.492435  	110.002247 
7186.924093  	109.666208 
7188.355751  	109.314100 
7189.787409  	109.071792 
7191.219068  	109.165716 
7192.650726  	109.086956 
7194.082384  	107.906417 
7195.514042  	107.284133 
7196.945700  	108.647951 
7198.377359  	110.361392 
7199.809017  	109.730199 
7201.240675  	107.602454 
7202.672333  	107.959595 
7204.103991  	109.250236 
7205.535650  	108.532848 
7206.967308  	108.673587 
7208.398966  	109.535924 
7209.830624  	109.055564 
7211.262282  	108.281753 
7212.693940  	106.542653 
7214.125599  	105.443067 
7215.557257  	107.582419 
7216.988915  	109.027137 
7218.420573  	107.350927 
7219.852231  	105.463518 
7221.283890  	104.977274 
7222.715548  	105.949305 
7224.147206  	107.576024 
7225.578864  	109.043606 
7227.010522  	110.078626 
7228.442181  	109.556014 
7229.873839  	108.453702 
7231.305497  	109.218310 
7232.737155  	110.859108 
7234.168813  	110.086351 
7235.600471  	107.486550 
7237.032130  	106.469954 
7238.463788  	107.367269 
7239.895446  	108.368131 
7241.327104  	109.287005 
7242.758762  	109.781936 
7244.190421  	109.349969 
7245.622079  	109.572830 
7247.053737  	110.006642 
7248.485395  	109.511514 
7249.917053  	109.800181 
7251.348711  	110.490724 
7252.780370  	109.203870 
7254.212028  	107.180204 
7255.643686  	107.842503 
7257.075344  	109.536182 
7258.507002  	108.746629 
7259.938661  	107.684331 
7261.370319  	108.266047 
7262.801977  	107.531406 
7264.233635  	106.247181 
7265.665293  	107.061458 
7267.096952  	108.473693 
7268.528610  	109.127538 
7269.960268  	109.353794 
7271.391926  	109.259143 
7272.823584  	109.738970 
7274.255242  	111.160965 
7275.686901  	111.228041 
7277.118559  	109.419185 
7278.550217  	109.724926 
7279.981875  	112.298705 
7281.413533  	111.536378 
7282.845192  	108.291159 
7284.276850  	106.835772 
7285.708508  	106.898771 
7287.140166  	108.877262 
7288.571824  	111.985805 
7290.003483  	111.560561 
7291.435141  	108.873118 
7292.866799  	108.426465 
7294.298457  	109.662986 
7295.730115  	109.387727 
7297.161773  	108.549713 
7298.593432  	110.302355 
7300.025090  	112.320450 
7301.456748  	111.978955 
7302.888406  	111.092497 
7304.320064  	109.037882 
7305.751723  	107.580728 
7307.183381  	108.383061 
7308.615039  	107.694964 
7310.046697  	107.823932 
7311.478355  	109.761454 
7312.910013  	107.639702 
7314.341672  	106.031387 
7315.773330  	108.629581 
7317.204988  	109.779195 
7318.636646  	109.974531 
7320.068304  	109.852042 
7321.499963  	107.831498 
7322.931621  	107.704866 
7324.363279  	108.748174 
7325.794937  	108.409032 
7327.226595  	108.893353 
7328.658254  	109.579401 
7330.089912  	108.630461 
7331.521570  	108.146808 
7332.953228  	109.650430 
7334.384886  	110.200026 
7335.816544  	108.000218 
7337.248203  	107.947876 
7338.679861  	110.352246 
7340.111519  	110.322504 
7341.543177  	110.442792 
7342.974835  	111.602824 
7344.406494  	110.782988 
7345.838152  	110.394685 
7347.269810  	109.625844 
7348.701468  	107.952170 
7350.133126  	108.112868 
7351.564785  	108.462635 
7352.996443  	109.240244 
7354.428101  	110.754387 
7355.859759  	110.007835 
7357.291417  	108.919103 
7358.723075  	107.990479 
7360.154734  	107.376587 
7361.586392  	108.937945 
7363.018050  	108.978096 
7364.449708  	107.811724 
7365.881366  	108.287590 
7367.313025  	107.791690 
7368.744683  	108.107960 
7370.176341  	109.396341 
7371.607999  	108.983287 
7373.039657  	110.856210 
7374.471315  	113.482647 
7375.902974  	112.563818 
7377.334632  	111.069154 
7378.766290  	109.341253 
7380.197948  	108.169617 
7381.629606  	108.995863 
7383.061265  	109.474200 
7384.492923  	110.372375 
7385.924581  	110.339388 
7387.356239  	108.315627 
7388.787897  	109.122435 
7390.219556  	111.148813 
7391.651214  	110.715141 
7393.082872  	109.486790 
7394.514530  	108.253639 
7395.946188  	108.795462 
7397.377846  	110.780490 
7398.809505  	110.925519 
7400.241163  	110.608602 
7401.672821  	109.394454 
7403.104479  	106.675366 
7404.536137  	105.832393 
7405.967796  	107.018264 
7407.399454  	109.396885 
7408.831112  	111.749968 
7410.262770  	112.302913 
7411.694428  	113.393982 
7413.126086  	113.445938 
7414.557745  	110.672851 
7415.989403  	110.467176 
7417.421061  	111.399033 
7418.852719  	110.150349 
7420.284377  	109.422248 
7421.716036  	109.358707 
7423.147694  	110.227272 
7424.579352  	111.951773 
7426.011010  	110.633711 
7427.442668  	107.653479 
7428.874327  	106.911004 
7430.305985  	109.109711 
7431.737643  	111.898008 
7433.169301  	111.278337 
7434.600959  	111.263860 
7436.032617  	112.750270 
7437.464276  	109.192939 
7438.895934  	105.755064 
7440.327592  	107.448819 
7441.759250  	108.255443 
7443.190908  	107.773685 
7444.622567  	107.910815 
7446.054225  	106.618292 
7447.485883  	107.440712 
7448.917541  	111.193454 
7450.349199  	112.469073 
7451.780858  	110.311490 
7453.212516  	108.174312 
7454.644174  	108.561342 
7456.075832  	109.923198 
7457.507490  	109.115703 
7458.939148  	108.507641 
7460.370807  	109.243704 
7461.802465  	108.736945 
7463.234123  	108.498537 
7464.665781  	108.697363 
7466.097439  	107.400208 
7467.529098  	107.812123 
7468.960756  	109.050128 
7470.392414  	107.437764 
7471.824072  	107.417042 
7473.255730  	110.033024 
7474.687388  	109.294754 
7476.119047  	107.635108 
7477.550705  	109.067959 
7478.982363  	110.783524 
7480.414021  	111.417236 
7481.845679  	110.740168 
7483.277338  	108.173448 
7484.708996  	107.176574 
7486.140654  	108.309156 
7487.572312  	108.607199 
7489.003970  	108.075444 
7490.435629  	107.546464 
7491.867287  	106.593892 
7493.298945  	105.334740 
7494.730603  	105.997804 
7496.162261  	109.786136 
7497.593919  	112.090782 
7499.025578  	111.071106 
7500.457236  	111.127451 
7501.888894  	111.705891 
7503.320552  	111.247972 
7504.752210  	111.127048 
7506.183869  	109.085303 
7507.615527  	106.583777 
7509.047185  	107.338900 
7510.478843  	107.358062 
7511.910501  	105.427148 
7513.342160  	106.625865 
7514.773818  	108.617654 
7516.205476  	106.986079 
7517.637134  	105.842293 
7519.068792  	107.692369 
7520.500450  	109.192950 
7521.932109  	109.481370 
7523.363767  	109.655776 
7524.795425  	110.295624 
7526.227083  	112.184085 
7527.658741  	112.883839 
7529.090400  	110.788796 
7530.522058  	109.539908 
7531.953716  	108.983688 
7533.385374  	108.273687 
7534.817032  	109.352066 
7536.248690  	109.025859 
7537.680349  	106.746132 
7539.112007  	107.599645 
7540.543665  	110.577421 
7541.975323  	112.118596 
7543.406981  	112.134439 
7544.838640  	110.795598 
7546.270298  	111.170585 
7547.701956  	112.282609 
7549.133614  	109.397949 
7550.565272  	106.656520 
7551.996931  	107.635402 
7553.428589  	108.253147 
7554.860247  	109.477430 
7556.291905  	112.403355 
7557.723563  	112.376076 
7559.155221  	110.395897 
7560.586880  	111.792851 
7562.018538  	113.698223 
7563.450196  	111.443792 
7564.881854  	109.572052 
7566.313512  	111.029409 
7567.745171  	111.594356 
7569.176829  	110.711700 
7570.608487  	110.196624 
7572.040145  	110.125137 
7573.471803  	109.597595 
7574.903461  	108.746216 
7576.335120  	109.857984 
7577.766778  	111.462155 
7579.198436  	109.656473 
7580.630094  	108.984525 
7582.061752  	110.574848 
7583.493411  	109.620940 
7584.925069  	110.687580 
7586.356727  	113.086855 
7587.788385  	108.844972 
7589.220043  	105.787592 
7590.651702  	109.428442 
7592.083360  	111.478621 
7593.515018  	109.498412 
7594.946676  	107.012723 
7596.378334  	105.618612 
7597.809992  	107.415930 
7599.241651  	109.855138 
7600.673309  	109.781929 
7602.104967  	108.913546 
7603.536625  	109.918431 
7604.968283  	113.855146 
7606.399942  	117.506355 
7607.831600  	116.779971 
7609.263258  	113.785686 
7610.694916  	110.829797 
7612.126574  	107.936032 
7613.558233  	106.967508 
7614.989891  	107.782271 
7616.421549  	107.888774 
7617.853207  	108.523135 
7619.284865  	110.848771 
7620.716523  	111.492593 
7622.148182  	109.600369 
7623.579840  	109.442857 
7625.011498  	110.497209 
7626.443156  	110.247506 
7627.874814  	111.383811 
7629.306473  	111.279889 
7630.738131  	107.813952 
7632.169789  	106.535807 
7633.601447  	107.919533 
7635.033105  	107.936014 
7636.464763  	107.772938 
7637.896422  	108.162596 
7639.328080  	109.752528 
7640.759738  	112.873688 
7642.191396  	113.717214 
7643.623054  	112.271413 
7645.054713  	110.820246 
7646.486371  	109.110071 
7647.918029  	108.308656 
7649.349687  	107.926783 
7650.781345  	107.313540 
7652.213004  	107.713829 
7653.644662  	107.625960 
7655.076320  	107.254197 
7656.507978  	107.223557 
7657.939636  	106.398993 
7659.371294  	106.460930 
7660.802953  	107.232403 
7662.234611  	107.259308 
7663.666269  	109.150583 
7665.097927  	109.873130 
7666.529585  	107.175103 
7667.961244  	108.545572 
7669.392902  	112.161896 
7670.824560  	109.441697 
7672.256218  	104.583920 
7673.687876  	105.908246 
7675.119535  	111.314150 
7676.551193  	112.976031 
7677.982851  	109.796626 
7679.414509  	108.620371 
7680.846167  	109.507919 
7682.277825  	109.585109 
7683.709484  	108.828025 
7685.141142  	107.781806 
7686.572800  	108.214582 
7688.004458  	110.438456 
7689.436116  	112.057268 
7690.867775  	112.122519 
7692.299433  	111.425259 
7693.731091  	111.577620 
7695.162749  	112.176602 
7696.594407  	111.762122 
7698.026065  	112.203592 
7699.457724  	111.375414 
7700.889382  	108.193263 
7702.321040  	108.798100 
7703.752698  	110.216329 
7705.184356  	107.949527 
7706.616015  	108.307886 
7708.047673  	110.266128 
7709.479331  	110.470551 
7710.910989  	110.584842 
7712.342647  	108.580853 
7713.774306  	108.743219 
7715.205964  	112.347706 
7716.637622  	110.524172 
7718.069280  	108.740979 
7719.500938  	112.716929 
7720.932596  	114.916219 
7722.364255  	114.429345 
7723.795913  	114.101193 
7725.227571  	113.815557 
7726.659229  	114.335585 
7728.090887  	111.996447 
7729.522546  	109.672284 
7730.954204  	112.494638 
7732.385862  	114.866934 
7733.817520  	114.146233 
7735.249178  	110.658854 
7736.680837  	106.815678 
7738.112495  	107.486443 
7739.544153  	109.549386 
7740.975811  	109.371546 
7742.407469  	111.073859 
7743.839127  	110.150363 
7745.270786  	105.953639 
7746.702444  	105.375061 
7748.134102  	107.829552 
7749.565760  	112.679086 
7750.997418  	117.124096 
7752.429077  	114.112424 
7753.860735  	109.533148 
7755.292393  	108.785418 
7756.724051  	108.627292 
7758.155709  	109.961871 
7759.587367  	113.477715 
7761.019026  	115.624543 
7762.450684  	114.935847 
7763.882342  	110.690232 
7765.314000  	106.339157 
7766.745658  	108.953934 
7768.177317  	115.294621 
7769.608975  	111.793378 
7771.040633  	103.846962 
7772.472291  	105.253296 
7773.903949  	109.866432 
7775.335608  	108.474059 
7776.767266  	109.753476 
7778.198924  	111.531642 
7779.630582  	109.949386 
7781.062240  	114.672500 
7782.493898  	119.318989 
7783.925557  	114.346619 
7785.357215  	110.140551 
7786.788873  	109.671204 
7788.220531  	110.016160 
7789.652189  	112.666166 
7791.083848  	113.386108 
7792.515506  	111.751002 
7793.947164  	112.059176 
7795.378822  	113.093264 
7796.810480  	112.551622 
7798.242138  	111.405854 
7799.673797  	111.189415 
7801.105455  	111.882421 
7802.537113  	111.394386 
7803.968771  	110.339582 
7805.400429  	109.849249 
7806.832088  	107.763596 
7808.263746  	106.363732 
7809.695404  	111.194445 
7811.127062  	118.138763 
7812.558720  	116.726185 
7813.990379  	110.833891 
7815.422037  	110.656506 
7816.853695  	113.199287 
7818.285353  	112.949128 
7819.717011  	112.122337 
7821.148669  	109.939008 
7822.580328  	106.551839 
7824.011986  	108.055709 
7825.443644  	113.439433 
7826.875302  	114.506189 
7828.306960  	110.756949 
7829.738619  	110.164272 
7831.170277  	113.901520 
7832.601935  	115.570409 
7834.033593  	113.228102 
7835.465251  	109.609600 
7836.896910  	107.234414 
7838.328568  	109.869804 
7839.760226  	113.528848 
7841.191884  	109.853476 
7842.623542  	107.521118 
7844.055200  	111.646785 
7845.486859  	111.844202 
7846.918517  	111.084191 
7848.350175  	115.124639 
7849.781833  	113.147990 
7851.213491  	107.273718 
7852.645150  	109.276468 
7854.076808  	111.608080 
7855.508466  	109.050339 
7856.940124  	107.514496 
7858.371782  	106.509798 
7859.803440  	108.866075 
7861.235099  	116.152392 
7862.666757  	118.174373 
7864.098415  	114.956928 
7865.530073  	111.749682 
7866.961731  	106.667805 
7868.393390  	107.580422 
7869.825048  	113.369829 
7871.256706  	113.340570 
7872.688364  	114.081564 
7874.120022  	116.300966 
7875.551681  	111.712518 
7876.983339  	109.612265 
7878.414997  	112.688521 
7879.846655  	111.683807 
7881.278313  	109.514704 
7882.709971  	112.753159 
7884.141630  	117.059816 
7885.573288  	117.068392 
7887.004946  	114.950602 
7888.436604  	115.752240 
7889.868262  	114.393251 
7891.299921  	108.322809 
7892.731579  	104.485023 
7894.163237  	105.204648 
7895.594895  	112.870179 
7897.026553  	120.780198 
7898.458212  	113.329656 
7899.889870  	103.455780 