##TITLE=No Description
##DATA TYPE=INFRARED SPECTRUM
##XUNITS=1/CM
##YUNITS=%T
349.324597  	86.009802 
350.756256  	100.880626 
352.187914  	97.174504 
353.619572  	98.656054 
355.051230  	56.626408 
356.482888  	17.629975 
357.914546  	41.379017 
359.346205  	6.927884 
360.777863  	26.048839 
362.209521  	20.316821 
363.641179  	22.883818 
365.072837  	21.481352 
366.504496  	12.272816 
367.936154  	7.153028 
369.367812  	12.454640 
370.799470  	23.370577 
372.231128  	24.133481 
373.662787  	24.421680 
375.094445  	25.324994 
376.526103  	12.744514 
377.957761  	5.958343 
379.389419  	9.644514 
380.821077  	13.965764 
382.252736  	18.264536 
383.684394  	23.139307 
385.116052  	14.642818 
386.547710  	9.027936 
387.979368  	13.298757 
389.411027  	16.480823 
390.842685  	15.855805 
392.274343  	13.572921 
393.706001  	11.510448 
395.137659  	15.260745 
396.569317  	15.175055 
398.000976  	7.794477 
399.432634  	7.732729 
400.864292  	12.123139 
402.295950  	14.064591 
403.727608  	16.367103 
405.159267  	18.125502 
406.590925  	16.825144 
408.022583  	15.122085 
409.454241  	15.705340 
410.885899  	17.349851 
412.317558  	17.951663 
413.749216  	17.050735 
415.180874  	14.543764 
416.612532  	12.480354 
418.044190  	14.816876 
419.475848  	19.376699 
420.907507  	16.026417 
422.339165  	13.413258 
423.770823  	14.231946 
425.202481  	15.432287 
426.634139  	15.274095 
428.065798  	15.687166 
429.497456  	16.885722 
430.929114  	17.352138 
432.360772  	16.818268 
433.792430  	15.947413 
435.224089  	15.642780 
436.655747  	15.903319 
438.087405  	15.683677 
439.519063  	14.769636 
440.950721  	13.757279 
442.382379  	13.282756 
443.814038  	13.029349 
445.245696  	12.823935 
446.677354  	13.442337 
448.109012  	14.448527 
449.540670  	15.118677 
450.972329  	16.026156 
452.403987  	15.826781 
453.835645  	14.254482 
455.267303  	14.144841 
456.698961  	14.244890 
458.130619  	13.225897 
459.562278  	13.573371 
460.993936  	13.786372 
462.425594  	13.279670 
463.857252  	13.998722 
465.288910  	14.396243 
466.720569  	13.645389 
468.152227  	13.336284 
469.583885  	13.257231 
471.015543  	13.381593 
472.447201  	13.208145 
473.878860  	12.004967 
475.310518  	11.821694 
476.742176  	12.327983 
478.173834  	12.158148 
479.605492  	12.350428 
481.037150  	12.969421 
482.468809  	12.962837 
483.900467  	12.900328 
485.332125  	12.944335 
486.763783  	12.554643 
488.195441  	11.882202 
489.627100  	11.474735 
491.058758  	11.621080 
492.490416  	12.051506 
493.922074  	12.255783 
495.353732  	12.135947 
496.785391  	12.074679 
498.217049  	12.514126 
499.648707  	12.633721 
501.080365  	11.895860 
502.512023  	11.666190 
503.943681  	12.190497 
505.375340  	12.344281 
506.806998  	12.355923 
508.238656  	12.427720 
509.670314  	12.498162 
511.101972  	12.561619 
512.533631  	12.177007 
513.965289  	11.754492 
515.396947  	11.802458 
516.828605  	11.916892 
518.260263  	11.989628 
519.691921  	12.147822 
521.123580  	12.085326 
522.555238  	11.979025 
523.986896  	11.966920 
525.418554  	11.850097 
526.850212  	11.732576 
528.281871  	11.534778 
529.713529  	11.204383 
531.145187  	11.140176 
532.576845  	11.235638 
534.008503  	11.052598 
535.440162  	10.984883 
536.871820  	11.160358 
538.303478  	11.102477 
539.735136  	10.879257 
541.166794  	10.651727 
542.598452  	10.571016 
544.030111  	10.906484 
545.461769  	11.087453 
546.893427  	10.765398 
548.325085  	10.743436 
549.756743  	10.961461 
551.188402  	10.878435 
552.620060  	10.832918 
554.051718  	10.997867 
555.483376  	11.384561 
556.915034  	11.928859 
558.346692  	12.250951 
559.778351  	12.613158 
561.210009  	13.220173 
562.641667  	13.667866 
564.073325  	14.086595 
565.504983  	14.707716 
566.936642  	15.198700 
568.368300  	15.328629 
569.799958  	15.186690 
571.231616  	14.984370 
572.663274  	14.664899 
574.094933  	14.207564 
575.526591  	14.099266 
576.958249  	14.152505 
578.389907  	13.803667 
579.821565  	13.655566 
581.253223  	13.860823 
582.684882  	13.761136 
584.116540  	13.666810 
585.548198  	13.755420 
586.979856  	13.607733 
588.411514  	13.492879 
589.843173  	13.632356 
591.274831  	13.717385 
592.706489  	13.681193 
594.138147  	13.654103 
595.569805  	13.618141 
597.001464  	13.431505 
598.433122  	13.189308 
599.864780  	13.139720 
601.296438  	13.151913 
602.728096  	13.079644 
604.159754  	13.041067 
605.591413  	13.021333 
607.023071  	13.039860 
608.454729  	13.091126 
609.886387  	13.052848 
611.318045  	13.054467 
612.749704  	13.106632 
614.181362  	12.993647 
615.613020  	12.837957 
617.044678  	12.741664 
618.476336  	12.667154 
619.907994  	12.757124 
621.339653  	12.933218 
622.771311  	12.905251 
624.202969  	12.711672 
625.634627  	12.584109 
627.066285  	12.604121 
628.497944  	12.608843 
629.929602  	12.468620 
631.361260  	12.342442 
632.792918  	12.381545 
634.224576  	12.546130 
635.656235  	12.744252 
637.087893  	12.805790 
638.519551  	12.744811 
639.951209  	12.778692 
641.382867  	12.820203 
642.814525  	12.695395 
644.246184  	12.585596 
645.677842  	12.598602 
647.109500  	12.605734 
648.541158  	12.548599 
649.972816  	12.462581 
651.404475  	12.438463 
652.836133  	12.462307 
654.267791  	12.412943 
655.699449  	12.381373 
657.131107  	12.434610 
658.562766  	12.396232 
659.994424  	12.223976 
661.426082  	12.099393 
662.857740  	12.129024 
664.289398  	12.176152 
665.721056  	11.993211 
667.152715  	11.704641 
668.584373  	11.946853 
670.016031  	12.181035 
671.447689  	12.051314 
672.879347  	11.949623 
674.311006  	11.866983 
675.742664  	11.708235 
677.174322  	11.648122 
678.605980  	11.717711 
680.037638  	11.770244 
681.469296  	11.755210 
682.900955  	11.709917 
684.332613  	11.677504 
685.764271  	11.573780 
687.195929  	11.412546 
688.627587  	11.420455 
690.059246  	11.557196 
691.490904  	11.539612 
692.922562  	11.407043 
694.354220  	11.380758 
695.785878  	11.371389 
697.217537  	11.187023 
698.649195  	10.994560 
700.080853  	10.974002 
701.512511  	10.986808 
702.944169  	10.937071 
704.375827  	10.884100 
705.807486  	10.890550 
707.239144  	10.993137 
708.670802  	11.050058 
710.102460  	10.952796 
711.534118  	10.847370 
712.965777  	10.794425 
714.397435  	10.713003 
715.829093  	10.542370 
717.260751  	10.235772 
718.692409  	9.869989 
720.124067  	9.530149 
721.555726  	9.202911 
722.987384  	8.940644 
724.419042  	8.799369 
725.850700  	8.876003 
727.282358  	9.448578 
728.714017  	10.602615 
730.145675  	12.154787 
731.577333  	14.005531 
733.008991  	16.071151 
734.440649  	17.995835 
735.872308  	19.270816 
737.303966  	19.609979 
738.735624  	19.083535 
740.167282  	18.149827 
741.598940  	17.222253 
743.030598  	16.400759 
744.462257  	15.805584 
745.893915  	15.368596 
747.325573  	14.848413 
748.757231  	14.415726 
750.188889  	14.228369 
751.620548  	14.050847 
753.052206  	13.869514 
754.483864  	13.772636 
755.915522  	13.648233 
757.347180  	13.560264 
758.778839  	13.551461 
760.210497  	13.490837 
761.642155  	13.431814 
763.073813  	13.428310 
764.505471  	13.415465 
765.937129  	13.438254 
767.368788  	13.549590 
768.800446  	13.720450 
770.232104  	13.937125 
771.663762  	14.180899 
773.095420  	14.363237 
774.527079  	14.444675 
775.958737  	14.526607 
777.390395  	14.635067 
778.822053  	14.701766 
780.253711  	14.671498 
781.685369  	14.469815 
783.117028  	14.246471 
784.548686  	14.187171 
785.980344  	14.096428 
787.412002  	13.895134 
788.843660  	13.774542 
790.275319  	13.681877 
791.706977  	13.504958 
793.138635  	13.323365 
794.570293  	13.227173 
796.001951  	13.190706 
797.433610  	13.100589 
798.865268  	12.945098 
800.296926  	12.732882 
801.728584  	12.462649 
803.160242  	12.281247 
804.591900  	12.110743 
806.023559  	11.834820 
807.455217  	11.704807 
808.886875  	11.673908 
810.318533  	11.568027 
811.750191  	11.585429 
813.181850  	11.674227 
814.613508  	11.753338 
816.045166  	11.951568 
817.476824  	12.123702 
818.908482  	12.228395 
820.340141  	12.265496 
821.771799  	12.106339 
823.203457  	11.976888 
824.635115  	11.949638 
826.066773  	11.889552 
827.498431  	12.014331 
828.930090  	12.348976 
830.361748  	12.809096 
831.793406  	13.495108 
833.225064  	14.238639 
834.656722  	14.892355 
836.088381  	15.430921 
837.520039  	15.774155 
838.951697  	16.032420 
840.383355  	16.228641 
841.815013  	16.272351 
843.246671  	16.284289 
844.678330  	16.359695 
846.109988  	16.525512 
847.541646  	16.768039 
848.973304  	16.982072 
850.404962  	17.129558 
851.836621  	17.152128 
853.268279  	17.090373 
854.699937  	17.069011 
856.131595  	16.964198 
857.563253  	16.765492 
858.994912  	16.605931 
860.426570  	16.373859 
861.858228  	16.088335 
863.289886  	15.854500 
864.721544  	15.589666 
866.153202  	15.310516 
867.584861  	15.007825 
869.016519  	14.655745 
870.448177  	14.412421 
871.879835  	14.348352 
873.311493  	14.485974 
874.743152  	14.749777 
876.174810  	14.914802 
877.606468  	15.001276 
879.038126  	15.070564 
880.469784  	15.056127 
881.901443  	14.988553 
883.333101  	14.879475 
884.764759  	14.836004 
886.196417  	14.970666 
887.628075  	15.177858 
889.059733  	15.530484 
890.491392  	16.043821 
891.923050  	16.443433 
893.354708  	16.716818 
894.786366  	16.882796 
896.218024  	16.794094 
897.649683  	16.592948 
899.081341  	16.428058 
900.512999  	16.231383 
901.944657  	16.035915 
903.376315  	15.872762 
904.807973  	15.705030 
906.239632  	15.554327 
907.671290  	15.428227 
909.102948  	15.283137 
910.534606  	15.111668 
911.966264  	14.984362 
913.397923  	14.899497 
914.829581  	14.801652 
916.261239  	14.749141 
917.692897  	14.735454 
919.124555  	14.694157 
920.556214  	14.660124 
921.987872  	14.611515 
923.419530  	14.541273 
924.851188  	14.482056 
926.282846  	14.357299 
927.714504  	14.220252 
929.146163  	14.181158 
930.577821  	14.127171 
932.009479  	14.018803 
933.441137  	13.979280 
934.872795  	14.026852 
936.304454  	14.097107 
937.736112  	14.151029 
939.167770  	14.182837 
940.599428  	14.199061 
942.031086  	14.212859 
943.462744  	14.243995 
944.894403  	14.288041 
946.326061  	14.327662 
947.757719  	14.338892 
949.189377  	14.301782 
950.621035  	14.232879 
952.052694  	14.154600 
953.484352  	14.097516 
954.916010  	14.060941 
956.347668  	13.999059 
957.779326  	13.945252 
959.210985  	13.923664 
960.642643  	13.903176 
962.074301  	13.909231 
963.505959  	13.888274 
964.937617  	13.818378 
966.369275  	13.816633 
967.800934  	13.830793 
969.232592  	13.787975 
970.664250  	13.751292 
972.095908  	13.690933 
973.527566  	13.622470 
974.959225  	13.562581 
976.390883  	13.418864 
977.822541  	13.260737 
979.254199  	13.146463 
980.685857  	13.022382 
982.117516  	12.938233 
983.549174  	12.848238 
984.980832  	12.688529 
986.412490  	12.545159 
987.844148  	12.414745 
989.275806  	12.275937 
990.707465  	12.155893 
992.139123  	12.043093 
993.570781  	11.953967 
995.002439  	11.853114 
996.434097  	11.711736 
997.865756  	11.534953 
999.297414  	11.239725 
1000.729072  	10.868893 
1002.160730  	10.553298 
1003.592388  	10.344045 
1005.024046  	10.334125 
1006.455705  	10.439392 
1007.887363  	10.444819 
1009.319021  	10.316355 
1010.750679  	10.010568 
1012.182337  	9.662970 
1013.613996  	9.960811 
1015.045654  	11.542379 
1016.477312  	14.122269 
1017.908970  	16.670318 
1019.340628  	18.547488 
1020.772287  	19.632635 
1022.203945  	19.914620 
1023.635603  	19.619275 
1025.067261  	19.071065 
1026.498919  	18.439847 
1027.930577  	17.827281 
1029.362236  	17.298502 
1030.793894  	16.848449 
1032.225552  	16.473671 
1033.657210  	16.147092 
1035.088868  	15.834500 
1036.520527  	15.517741 
1037.952185  	15.230328 
1039.383843  	15.030217 
1040.815501  	14.834303 
1042.247159  	14.610810 
1043.678818  	14.440549 
1045.110476  	14.253450 
1046.542134  	14.053797 
1047.973792  	13.890834 
1049.405450  	13.683554 
1050.837108  	13.505200 
1052.268767  	13.346690 
1053.700425  	13.114098 
1055.132083  	12.956648 
1056.563741  	12.816437 
1057.995399  	12.590701 
1059.427058  	12.443612 
1060.858716  	12.301917 
1062.290374  	12.123002 
1063.722032  	11.999346 
1065.153690  	11.783421 
1066.585348  	11.507050 
1068.017007  	11.289581 
1069.448665  	11.040889 
1070.880323  	10.771793 
1072.311981  	10.464857 
1073.743639  	10.106263 
1075.175298  	9.745728 
1076.606956  	9.342493 
1078.038614  	9.141574 
1079.470272  	9.446082 
1080.901930  	10.181965 
1082.333589  	11.127251 
1083.765247  	11.915197 
1085.196905  	12.306137 
1086.628563  	12.303276 
1088.060221  	11.966163 
1089.491879  	11.506557 
1090.923538  	11.039855 
1092.355196  	10.542100 
1093.786854  	10.191308 
1095.218512  	9.990268 
1096.650170  	9.824716 
1098.081829  	9.819403 
1099.513487  	10.001022 
1100.945145  	10.372650 
1102.376803  	10.937257 
1103.808461  	11.572350 
1105.240120  	12.177115 
1106.671778  	12.577481 
1108.103436  	12.747680 
1109.535094  	12.785046 
1110.966752  	12.656254 
1112.398410  	12.507634 
1113.830069  	12.462384 
1115.261727  	12.431474 
1116.693385  	12.523281 
1118.125043  	12.740263 
1119.556701  	12.948382 
1120.988360  	13.189743 
1122.420018  	13.399582 
1123.851676  	13.545533 
1125.283334  	13.648291 
1126.714992  	13.620124 
1128.146650  	13.519134 
1129.578309  	13.345246 
1131.009967  	13.058462 
1132.441625  	12.773462 
1133.873283  	12.419418 
1135.304941  	11.985425 
1136.736600  	11.588309 
1138.168258  	11.137599 
1139.599916  	10.706884 
1141.031574  	10.338633 
1142.463232  	9.898231 
1143.894891  	9.524279 
1145.326549  	9.195679 
1146.758207  	8.806048 
1148.189865  	8.474895 
1149.621523  	8.083059 
1151.053181  	7.653129 
1152.484840  	7.334453 
1153.916498  	6.976609 
1155.348156  	6.674057 
1156.779814  	6.516859 
1158.211472  	6.465856 
1159.643131  	6.798519 
1161.074789  	7.608516 
1162.506447  	8.872381 
1163.938105  	10.563322 
1165.369763  	12.410387 
1166.801421  	14.231759 
1168.233080  	15.651714 
1169.664738  	16.161343 
1171.096396  	15.694854 
1172.528054  	14.528231 
1173.959712  	13.070200 
1175.391371  	11.739960 
1176.823029  	10.653236 
1178.254687  	9.839054 
1179.686345  	9.219407 
1181.118003  	8.554894 
1182.549662  	7.925464 
1183.981320  	7.412947 
1185.412978  	7.068165 
1186.844636  	7.145051 
1188.276294  	7.610228 
1189.707952  	8.389367 
1191.139611  	9.478725 
1192.571269  	10.737708 
1194.002927  	12.178649 
1195.434585  	13.746699 
1196.866243  	15.336799 
1198.297902  	16.917209 
1199.729560  	18.341578 
1201.161218  	19.504263 
1202.592876  	20.216689 
1204.024534  	20.213717 
1205.456193  	19.444157 
1206.887851  	18.019253 
1208.319509  	16.211574 
1209.751167  	14.447742 
1211.182825  	12.922347 
1212.614483  	11.723390 
1214.046142  	10.972514 
1215.477800  	10.522907 
1216.909458  	10.360380 
1218.341116  	10.506212 
1219.772774  	10.814237 
1221.204433  	11.305494 
1222.636091  	11.897728 
1224.067749  	12.531808 
1225.499407  	13.264764 
1226.931065  	13.978386 
1228.362723  	14.703388 
1229.794382  	15.455511 
1231.226040  	16.109974 
1232.657698  	16.757922 
1234.089356  	17.410566 
1235.521014  	17.981144 
1236.952673  	18.510206 
1238.384331  	19.008538 
1239.815989  	19.504294 
1241.247647  	20.000835 
1242.679305  	20.540520 
1244.110964  	21.260885 
1245.542622  	22.084023 
1246.974280  	22.985234 
1248.405938  	24.093463 
1249.837596  	25.321158 
1251.269254  	26.606205 
1252.700913  	27.937097 
1254.132571  	29.214907 
1255.564229  	30.374033 
1256.995887  	31.310381 
1258.427545  	31.902350 
1259.859204  	32.044903 
1261.290862  	31.772165 
1262.722520  	31.288298 
1264.154178  	30.814608 
1265.585836  	30.589764 
1267.017495  	30.748874 
1268.449153  	31.246230 
1269.880811  	32.013297 
1271.312469  	32.955324 
1272.744127  	33.955490 
1274.175785  	34.974970 
1275.607444  	35.973477 
1277.039102  	36.939831 
1278.470760  	37.843689 
1279.902418  	38.676959 
1281.334076  	39.482317 
1282.765735  	40.161741 
1284.197393  	40.768958 
1285.629051  	41.412489 
1287.060709  	41.973416 
1288.492367  	42.500778 
1289.924025  	43.009914 
1291.355684  	43.449681 
1292.787342  	43.951762 
1294.219000  	44.402979 
1295.650658  	44.782965 
1297.082316  	45.192965 
1298.513975  	45.407716 
1299.945633  	45.454768 
1301.377291  	45.374460 
1302.808949  	45.074764 
1304.240607  	44.783376 
1305.672266  	44.480767 
1307.103924  	44.101856 
1308.535582  	43.819809 
1309.967240  	43.617859 
1311.398898  	43.601836 
1312.830556  	43.744061 
1314.262215  	43.707276 
1315.693873  	43.546459 
1317.125531  	43.296548 
1318.557189  	42.940701 
1319.988847  	42.642330 
1321.420506  	42.299040 
1322.852164  	42.004040 
1324.283822  	41.859406 
1325.715480  	41.660182 
1327.147138  	41.487006 
1328.578796  	41.337019 
1330.010455  	41.113620 
1331.442113  	40.940819 
1332.873771  	40.671565 
1334.305429  	40.344611 
1335.737087  	40.116738 
1337.168746  	39.782308 
1338.600404  	39.435751 
1340.032062  	39.159532 
1341.463720  	38.787692 
1342.895378  	38.465207 
1344.327037  	38.130777 
1345.758695  	37.741881 
1347.190353  	37.429584 
1348.622011  	37.096319 
1350.053669  	36.787299 
1351.485327  	36.524563 
1352.916986  	36.196630 
1354.348644  	35.893064 
1355.780302  	35.530218 
1357.211960  	35.042157 
1358.643618  	34.453193 
1360.075277  	33.632642 
1361.506935  	32.837324 
1362.938593  	32.536855 
1364.370251  	32.857881 
1365.801909  	33.548708 
1367.233568  	34.355666 
1368.665226  	34.905146 
1370.096884  	35.051935 
1371.528542  	34.866125 
1372.960200  	34.553548 
1374.391858  	34.325251 
1375.823517  	33.975045 
1377.255175  	33.567736 
1378.686833  	33.228849 
1380.118491  	32.833556 
1381.550149  	32.402824 
1382.981808  	31.982953 
1384.413466  	31.692635 
1385.845124  	31.696548 
1387.276782  	32.121172 
1388.708440  	32.654509 
1390.140098  	32.950227 
1391.571757  	33.066695 
1393.003415  	33.055065 
1394.435073  	32.977258 
1395.866731  	32.792471 
1397.298389  	32.497092 
1398.730048  	32.119563 
1400.161706  	31.681213 
1401.593364  	31.122225 
1403.025022  	30.434767 
1404.456680  	29.823862 
1405.888339  	29.338270 
1407.319997  	29.172581 
1408.751655  	29.740890 
1410.183313  	30.922026 
1411.614971  	32.429022 
1413.046629  	33.821749 
1414.478288  	34.684391 
1415.909946  	35.075649 
1417.341604  	35.143601 
1418.773262  	35.086695 
1420.204920  	35.056606 
1421.636579  	34.715641 
1423.068237  	34.329345 
1424.499895  	34.145605 
1425.931553  	33.835848 
1427.363211  	33.463914 
1428.794870  	33.232000 
1430.226528  	32.987928 
1431.658186  	32.773046 
1433.089844  	32.516563 
1434.521502  	32.166679 
1435.953160  	32.029356 
1437.384819  	32.013097 
1438.816477  	31.733142 
1440.248135  	31.473483 
1441.679793  	31.211019 
1443.111451  	30.963699 
1444.543110  	30.744704 
1445.974768  	30.494381 
1447.406426  	30.378402 
1448.838084  	30.355644 
1450.269742  	30.235674 
1451.701400  	30.222961 
1453.133059  	30.250537 
1454.564717  	30.096539 
1455.996375  	29.949336 
1457.428033  	29.965673 
1458.859691  	29.863574 
1460.291350  	29.645946 
1461.723008  	29.411094 
1463.154666  	29.268172 
1464.586324  	29.388725 
1466.017982  	29.672394 
1467.449641  	29.782302 
1468.881299  	29.810640 
1470.312957  	29.799670 
1471.744615  	29.860736 
1473.176273  	30.130210 
1474.607931  	30.127636 
1476.039590  	29.971192 
1477.471248  	29.899122 
1478.902906  	29.679732 
1480.334564  	29.308599 
1481.766222  	29.026016 
1483.197881  	28.651053 
1484.629539  	28.091060 
1486.061197  	27.601905 
1487.492855  	26.995926 
1488.924513  	26.294700 
1490.356172  	25.799076 
1491.787830  	24.975846 
1493.219488  	24.114590 
1494.651146  	23.435460 
1496.082804  	22.657741 
1497.514462  	22.095322 
1498.946121  	21.711953 
1500.377779  	21.366789 
1501.809437  	21.594221 
1503.241095  	22.120203 
1504.672753  	22.829855 
1506.104412  	24.772463 
1507.536070  	28.867453 
1508.967728  	31.620024 
1510.399386  	33.897945 
1511.831044  	36.035125 
1513.262702  	37.602262 
1514.694361  	38.529740 
1516.126019  	38.936623 
1517.557677  	39.110720 
1518.989335  	38.966184 
1520.420993  	38.538906 
1521.852652  	38.443795 
1523.284310  	38.197147 
1524.715968  	37.676633 
1526.147626  	37.463690 
1527.579284  	37.246635 
1529.010943  	36.912653 
1530.442601  	36.659869 
1531.874259  	36.323871 
1533.305917  	36.206402 
1534.737575  	36.238688 
1536.169233  	35.820021 
1537.600892  	35.436792 
1539.032550  	35.278702 
1540.464208  	35.369379 
1541.895866  	35.380156 
1543.327524  	35.116026 
1544.759183  	35.008981 
1546.190841  	34.946181 
1547.622499  	34.621677 
1549.054157  	34.465308 
1550.485815  	34.523643 
1551.917473  	34.290327 
1553.349132  	34.092525 
1554.780790  	34.102180 
1556.212448  	33.873353 
1557.644106  	33.523425 
1559.075764  	33.867266 
1560.507423  	34.225031 
1561.939081  	33.706139 
1563.370739  	33.361241 
1564.802397  	33.297835 
1566.234055  	33.195589 
1567.665714  	32.934945 
1569.097372  	32.840076 
1570.529030  	32.911913 
1571.960688  	32.720116 
1573.392346  	32.403773 
1574.824004  	32.166379 
1576.255663  	32.288026 
1577.687321  	32.471662 
1579.118979  	32.339037 
1580.550637  	32.267900 
1581.982295  	32.283090 
1583.413954  	32.178426 
1584.845612  	32.017771 
1586.277270  	31.853812 
1587.708928  	31.657662 
1589.140586  	31.508123 
1590.572245  	31.430492 
1592.003903  	31.403181 
1593.435561  	31.482393 
1594.867219  	31.619879 
1596.298877  	31.735499 
1597.730535  	31.785211 
1599.162194  	31.756478 
1600.593852  	31.746047 
1602.025510  	31.792904 
1603.457168  	31.899367 
1604.888826  	32.054707 
1606.320485  	32.158442 
1607.752143  	32.283958 
1609.183801  	32.448392 
1610.615459  	32.512613 
1612.047117  	32.524609 
1613.478775  	32.441136 
1614.910434  	32.286057 
1616.342092  	32.370435 
1617.773750  	32.634769 
1619.205408  	32.507011 
1620.637066  	32.269862 
1622.068725  	32.172233 
1623.500383  	32.274925 
1624.932041  	32.221359 
1626.363699  	32.012044 
1627.795357  	31.947666 
1629.227016  	31.948931 
1630.658674  	31.839080 
1632.090332  	31.699184 
1633.521990  	31.488632 
1634.953648  	31.383290 
1636.385306  	31.714530 
1637.816965  	31.646089 
1639.248623  	31.412782 
1640.680281  	31.331103 
1642.111939  	31.188717 
1643.543597  	31.003445 
1644.975256  	30.874088 
1646.406914  	30.859352 
1647.838572  	31.118952 
1649.270230  	30.932948 
1650.701888  	30.458776 
1652.133547  	30.228743 
1653.565205  	30.975075 
1654.996863  	30.912824 
1656.428521  	30.513169 
1657.860179  	30.289171 
1659.291837  	30.161658 
1660.723496  	29.979139 
1662.155154  	29.895120 
1663.586812  	30.038392 
1665.018470  	29.810024 
1666.450128  	29.447542 
1667.881787  	29.343466 
1669.313445  	29.361277 
1670.745103  	29.368472 
1672.176761  	29.191229 
1673.608419  	28.841569 
1675.040077  	28.845927 
1676.471736  	28.956898 
1677.903394  	28.596290 
1679.335052  	28.430029 
1680.766710  	28.297963 
1682.198368  	27.890991 
1683.630027  	27.807541 
1685.061685  	28.146944 
1686.493343  	27.726941 
1687.925001  	27.295002 
1689.356659  	26.979100 
1690.788318  	26.762930 
1692.219976  	26.306788 
1693.651634  	25.687247 
1695.083292  	25.366845 
1696.514950  	25.145381 
1697.946608  	24.448030 
1699.378267  	23.877750 
1700.809925  	23.519025 
1702.241583  	22.788253 
1703.673241  	21.902007 
1705.104899  	21.024675 
1706.536558  	20.265406 
1707.968216  	19.340069 
1709.399874  	18.610816 
1710.831532  	18.349255 
1712.263190  	18.064413 
1713.694849  	18.162558 
1715.126507  	18.910429 
1716.558165  	19.542389 
1717.989823  	21.038134 
1719.421481  	22.939983 
1720.853139  	23.838386 
1722.284798  	25.158575 
1723.716456  	26.984798 
1725.148114  	28.522565 
1726.579772  	30.152430 
1728.011430  	31.568741 
1729.443089  	32.778914 
1730.874747  	34.256925 
1732.306405  	34.917863 
1733.738063  	35.465274 
1735.169721  	36.669235 
1736.601379  	36.138488 
1738.033038  	35.641765 
1739.464696  	35.469730 
1740.896354  	34.830949 
1742.328012  	34.257943 
1743.759670  	33.674906 
1745.191329  	32.826115 
1746.622987  	32.097796 
1748.054645  	31.342914 
1749.486303  	30.597235 
1750.917961  	29.954143 
1752.349620  	29.095723 
1753.781278  	28.119724 
1755.212936  	27.151660 
1756.644594  	26.191801 
1758.076252  	25.125779 
1759.507910  	23.953911 
1760.939569  	22.991911 
1762.371227  	22.113639 
1763.802885  	21.201059 
1765.234543  	20.636539 
1766.666201  	20.319000 
1768.097860  	20.555599 
1769.529518  	21.199436 
1770.961176  	21.643914 
1772.392834  	23.037303 
1773.824492  	24.812503 
1775.256150  	25.779459 
1776.687809  	27.431877 
1778.119467  	29.132549 
1779.551125  	30.495898 
1780.982783  	32.628048 
1782.414441  	34.286153 
1783.846100  	35.637412 
1785.277758  	37.655859 
1786.709416  	39.082534 
1788.141074  	40.398252 
1789.572732  	41.786249 
1791.004391  	42.599651 
1792.436049  	43.939537 
1793.867707  	44.788083 
1795.299365  	44.833346 
1796.731023  	45.251725 
1798.162681  	45.193684 
1799.594340  	45.012512 
1801.025998  	45.203836 
1802.457656  	44.899603 
1803.889314  	44.681264 
1805.320972  	44.458837 
1806.752631  	43.986336 
1808.184289  	43.830639 
1809.615947  	43.557815 
1811.047605  	43.255617 
1812.479263  	43.214499 
1813.910922  	42.875998 
1815.342580  	42.685057 
1816.774238  	42.625680 
1818.205896  	42.321230 
1819.637554  	42.279776 
1821.069212  	42.116278 
1822.500871  	41.729793 
1823.932529  	41.693726 
1825.364187  	41.645268 
1826.795845  	41.463515 
1828.227503  	41.290439 
1829.659162  	41.108880 
1831.090820  	41.231227 
1832.522478  	41.096723 
1833.954136  	40.850008 
1835.385794  	40.913839 
1836.817452  	40.794842 
1838.249111  	40.669599 
1839.680769  	40.679870 
1841.112427  	40.403814 
1842.544085  	40.307013 
1843.975743  	40.468923 
1845.407402  	40.431930 
1846.839060  	40.384162 
1848.270718  	40.195489 
1849.702376  	40.058737 
1851.134034  	40.056928 
1852.565693  	39.881380 
1853.997351  	39.898231 
1855.429009  	39.962636 
1856.860667  	39.805864 
1858.292325  	39.808674 
1859.723983  	39.756799 
1861.155642  	39.687237 
1862.587300  	39.729681 
1864.018958  	39.529754 
1865.450616  	39.453312 
1866.882274  	39.494247 
1868.313933  	39.402331 
1869.745591  	39.615540 
1871.177249  	39.575496 
1872.608907  	39.338588 
1874.040565  	39.404516 
1875.472224  	39.329655 
1876.903882  	39.240709 
1878.335540  	39.259177 
1879.767198  	39.093297 
1881.198856  	39.143915 
1882.630514  	39.157517 
1884.062173  	38.998120 
1885.493831  	39.114303 
1886.925489  	39.009219 
1888.357147  	38.880192 
1889.788805  	39.149189 
1891.220464  	39.057336 
1892.652122  	38.901330 
1894.083780  	39.002604 
1895.515438  	39.034865 
1896.947096  	39.119177 
1898.378754  	39.050545 
1899.810413  	38.949337 
1901.242071  	39.096809 
1902.673729  	39.061982 
1904.105387  	39.077025 
1905.537045  	39.257403 
1906.968704  	39.242416 
1908.400362  	39.318191 
1909.832020  	39.344048 
1911.263678  	39.317909 
1912.695336  	39.552566 
1914.126995  	39.556883 
1915.558653  	39.421985 
1916.990311  	39.463843 
1918.421969  	39.557288 
1919.853627  	39.771657 
1921.285285  	39.731222 
1922.716944  	39.603193 
1924.148602  	39.810020 
1925.580260  	39.777378 
1927.011918  	39.781835 
1928.443576  	39.949806 
1929.875235  	39.789656 
1931.306893  	39.874130 
1932.738551  	39.980964 
1934.170209  	39.780478 
1935.601867  	39.952757 
1937.033525  	40.071643 
1938.465184  	40.072720 
1939.896842  	40.232638 
1941.328500  	40.143759 
1942.760158  	40.367522 
1944.191816  	40.526332 
1945.623475  	40.194915 
1947.055133  	40.457963 
1948.486791  	40.665773 
1949.918449  	40.545952 
1951.350107  	40.827567 
1952.781766  	40.761558 
1954.213424  	40.856504 
1955.645082  	41.429747 
1957.076740  	41.411966 
1958.508398  	41.501765 
1959.940056  	41.755184 
1961.371715  	41.776713 
1962.803373  	42.010698 
1964.235031  	41.887118 
1965.666689  	42.087477 
1967.098347  	42.698145 
1968.530006  	42.543142 
1969.961664  	42.739847 
1971.393322  	42.937623 
1972.824980  	42.768214 
1974.256638  	43.221106 
1975.688297  	43.116996 
1977.119955  	43.079961 
1978.551613  	43.438475 
1979.983271  	42.571642 
1981.414929  	42.255112 
1982.846587  	42.416232 
1984.278246  	41.897229 
1985.709904  	41.846082 
1987.141562  	41.867927 
1988.573220  	41.737816 
1990.004878  	41.939000 
1991.436537  	41.861806 
1992.868195  	42.065878 
1994.299853  	42.155684 
1995.731511  	41.730771 
1997.163169  	41.992381 
1998.594827  	42.069435 
2000.026486  	41.807119 
2001.458144  	42.189066 
2002.889802  	42.181832 
2004.321460  	42.275490 
2005.753118  	42.771809 
2007.184777  	42.592907 
2008.616435  	42.817981 
2010.048093  	43.011368 
2011.479751  	42.712908 
2012.911409  	42.861835 
2014.343068  	42.498152 
2015.774726  	42.360684 
2017.206384  	42.826194 
2018.638042  	42.512879 
2020.069700  	42.770338 
2021.501358  	43.071980 
2022.933017  	42.474432 
2024.364675  	42.731362 
2025.796333  	42.893407 
2027.227991  	42.651714 
2028.659649  	42.980485 
2030.091308  	42.746226 
2031.522966  	42.779577 
2032.954624  	43.233054 
2034.386282  	42.913328 
2035.817940  	42.792923 
2037.249599  	42.579934 
2038.681257  	42.294825 
2040.112915  	42.364256 
2041.544573  	41.778031 
2042.976231  	41.481126 
2044.407889  	41.732343 
2045.839548  	41.315328 
2047.271206  	40.933740 
2048.702864  	40.803802 
2050.134522  	40.743617 
2051.566180  	40.819490 
2052.997839  	40.471621 
2054.429497  	40.220400 
2055.861155  	40.277071 
2057.292813  	40.096577 
2058.724471  	40.096367 
2060.156129  	40.086619 
2061.587788  	39.883216 
2063.019446  	39.877194 
2064.451104  	39.708586 
2065.882762  	39.687129 
2067.314420  	39.858138 
2068.746079  	39.562776 
2070.177737  	39.423843 
2071.609395  	39.486524 
2073.041053  	39.342453 
2074.472711  	39.451934 
2075.904370  	39.548680 
2077.336028  	39.524909 
2078.767686  	39.585765 
2080.199344  	39.338869 
2081.631002  	39.118085 
2083.062660  	39.088365 
2084.494319  	39.021938 
2085.925977  	39.173296 
2087.357635  	39.244377 
2088.789293  	39.179093 
2090.220951  	39.320396 
2091.652610  	39.320738 
2093.084268  	39.287817 
2094.515926  	39.343000 
2095.947584  	39.250562 
2097.379242  	39.293515 
2098.810901  	39.248911 
2100.242559  	39.119325 
2101.674217  	39.300261 
2103.105875  	39.278814 
2104.537533  	39.143553 
2105.969191  	39.231207 
2107.400850  	39.143720 
2108.832508  	39.107991 
2110.264166  	39.161877 
2111.695824  	39.044700 
2113.127482  	39.071210 
2114.559141  	39.111450 
2115.990799  	39.049172 
2117.422457  	39.066451 
2118.854115  	39.070176 
2120.285773  	39.174205 
2121.717431  	39.243730 
2123.149090  	39.204674 
2124.580748  	39.359535 
2126.012406  	39.382266 
2127.444064  	39.336774 
2128.875722  	39.521023 
2130.307381  	39.552169 
2131.739039  	39.772945 
2133.170697  	40.212691 
2134.602355  	40.216890 
2136.034013  	40.290302 
2137.465672  	40.381290 
2138.897330  	40.264428 
2140.328988  	40.590230 
2141.760646  	40.895377 
2143.192304  	40.936972 
2144.623962  	41.060079 
2146.055621  	41.128322 
2147.487279  	41.389539 
2148.918937  	41.395813 
2150.350595  	41.153194 
2151.782253  	41.541389 
2153.213912  	41.927699 
2154.645570  	42.333130 
2156.077228  	42.962870 
2157.508886  	42.968846 
2158.940544  	43.380817 
2160.372202  	43.615266 
2161.803861  	42.793776 
2163.235519  	42.790335 
2164.667177  	42.843995 
2166.098835  	42.327944 
2167.530493  	42.118911 
2168.962152  	41.909300 
2170.393810  	41.851902 
2171.825468  	41.745183 
2173.257126  	41.360671 
2174.688784  	41.448322 
2176.120443  	41.444616 
2177.552101  	41.294558 
2178.983759  	41.604444 
2180.415417  	41.542297 
2181.847075  	41.302224 
2183.278733  	41.364058 
2184.710392  	41.290915 
2186.142050  	41.213236 
2187.573708  	40.968457 
2189.005366  	40.891541 
2190.437024  	41.109643 
2191.868683  	40.680902 
2193.300341  	40.350811 
2194.731999  	40.646516 
2196.163657  	40.629953 
2197.595315  	40.512167 
2199.026974  	40.505077 
2200.458632  	40.499169 
2201.890290  	40.626839 
2203.321948  	40.475123 
2204.753606  	40.325719 
2206.185264  	40.319365 
2207.616923  	40.072862 
2209.048581  	40.165265 
2210.480239  	40.445016 
2211.911897  	40.410883 
2213.343555  	40.412550 
2214.775214  	40.260569 
2216.206872  	40.026996 
2217.638530  	39.902884 
2219.070188  	39.797860 
2220.501846  	40.057849 
2221.933504  	40.055403 
2223.365163  	39.625803 
2224.796821  	39.800140 
2226.228479  	39.992851 
2227.660137  	39.832466 
2229.091795  	39.907728 
2230.523454  	39.791707 
2231.955112  	39.619042 
2233.386770  	39.650723 
2234.818428  	39.573218 
2236.250086  	39.712046 
2237.681745  	39.785984 
2239.113403  	39.520009 
2240.545061  	39.508110 
2241.976719  	39.618186 
2243.408377  	39.652735 
2244.840035  	39.626037 
2246.271694  	39.419999 
2247.703352  	39.431871 
2249.135010  	39.482866 
2250.566668  	39.253398 
2251.998326  	39.179740 
2253.429985  	39.247777 
2254.861643  	39.367186 
2256.293301  	39.484919 
2257.724959  	39.287774 
2259.156617  	39.135030 
2260.588276  	39.199446 
2262.019934  	39.244739 
2263.451592  	39.348995 
2264.883250  	39.339766 
2266.314908  	39.236552 
2267.746566  	39.180142 
2269.178225  	38.982810 
2270.609883  	38.936953 
2272.041541  	39.079006 
2273.473199  	39.045243 
2274.904857  	39.003274 
2276.336516  	38.991310 
2277.768174  	38.990307 
2279.199832  	39.075014 
2280.631490  	39.052043 
2282.063148  	39.000381 
2283.494806  	38.908218 
2284.926465  	38.727432 
2286.358123  	38.787201 
2287.789781  	38.879048 
2289.221439  	38.807911 
2290.653097  	38.850629 
2292.084756  	38.816002 
2293.516414  	38.643882 
2294.948072  	38.561883 
2296.379730  	38.470775 
2297.811388  	38.426214 
2299.243047  	38.445894 
2300.674705  	38.391468 
2302.106363  	38.367092 
2303.538021  	38.335575 
2304.969679  	38.254918 
2306.401337  	38.199214 
2307.832996  	38.075057 
2309.264654  	37.963863 
2310.696312  	37.958256 
2312.127970  	37.970033 
2313.559628  	37.987493 
2314.991287  	37.928436 
2316.422945  	37.835761 
2317.854603  	37.775388 
2319.286261  	37.595702 
2320.717919  	37.466899 
2322.149577  	37.519794 
2323.581236  	37.506291 
2325.012894  	37.413373 
2326.444552  	37.302292 
2327.876210  	37.210331 
2329.307868  	37.231903 
2330.739527  	37.262841 
2332.171185  	37.272135 
2333.602843  	37.295874 
2335.034501  	37.269690 
2336.466159  	37.258377 
2337.897818  	37.227484 
2339.329476  	37.160176 
2340.761134  	37.191933 
2342.192792  	37.250859 
2343.624450  	37.290769 
2345.056108  	37.366005 
2346.487767  	37.525229 
2347.919425  	37.718268 
2349.351083  	37.659382 
2350.782741  	37.368907 
2352.214399  	37.156588 
2353.646058  	37.005712 
2355.077716  	36.859084 
2356.509374  	36.831222 
2357.941032  	36.737827 
2359.372690  	36.683527 
2360.804349  	36.755437 
2362.236007  	36.798157 
2363.667665  	36.959376 
2365.099323  	37.047222 
2366.530981  	36.972696 
2367.962639  	37.044678 
2369.394298  	37.158675 
2370.825956  	37.322648 
2372.257614  	37.548274 
2373.689272  	37.668949 
2375.120930  	37.889776 
2376.552589  	38.118212 
2377.984247  	38.175875 
2379.415905  	38.312564 
2380.847563  	38.462974 
2382.279221  	38.521778 
2383.710879  	38.640317 
2385.142538  	38.758047 
2386.574196  	38.798725 
2388.005854  	38.783314 
2389.437512  	38.783792 
2390.869170  	38.859855 
2392.300829  	38.843152 
2393.732487  	38.775300 
2395.164145  	38.824274 
2396.595803  	38.845597 
2398.027461  	38.847346 
2399.459120  	38.877865 
2400.890778  	38.857157 
2402.322436  	38.901626 
2403.754094  	38.959550 
2405.185752  	38.930814 
2406.617410  	38.907209 
2408.049069  	38.864748 
2409.480727  	38.902125 
2410.912385  	39.018296 
2412.344043  	39.008620 
2413.775701  	39.013808 
2415.207360  	39.079973 
2416.639018  	39.078881 
2418.070676  	39.087966 
2419.502334  	39.069138 
2420.933992  	39.066070 
2422.365651  	39.121368 
2423.797309  	39.080550 
2425.228967  	39.113282 
2426.660625  	39.254689 
2428.092283  	39.267059 
2429.523941  	39.260863 
2430.955600  	39.243586 
2432.387258  	39.162969 
2433.818916  	39.185467 
2435.250574  	39.239457 
2436.682232  	39.259060 
2438.113891  	39.282474 
2439.545549  	39.251522 
2440.977207  	39.236207 
2442.408865  	39.257586 
2443.840523  	39.285122 
2445.272181  	39.315685 
2446.703840  	39.278805 
2448.135498  	39.287521 
2449.567156  	39.337709 
2450.998814  	39.294101 
2452.430472  	39.315510 
2453.862131  	39.342734 
2455.293789  	39.241981 
2456.725447  	39.221046 
2458.157105  	39.271257 
2459.588763  	39.315832 
2461.020422  	39.386553 
2462.452080  	39.366426 
2463.883738  	39.321521 
2465.315396  	39.349977 
2466.747054  	39.369687 
2468.178712  	39.382985 
2469.610371  	39.385957 
2471.042029  	39.416646 
2472.473687  	39.480977 
2473.905345  	39.461843 
2475.337003  	39.429663 
2476.768662  	39.414871 
2478.200320  	39.399741 
2479.631978  	39.484319 
2481.063636  	39.515567 
2482.495294  	39.445712 
2483.926953  	39.467446 
2485.358611  	39.508071 
2486.790269  	39.528483 
2488.221927  	39.553875 
2489.653585  	39.543427 
2491.085243  	39.599573 
2492.516902  	39.624811 
2493.948560  	39.543401 
2495.380218  	39.567514 
2496.811876  	39.630969 
2498.243534  	39.593622 
2499.675193  	39.547874 
2501.106851  	39.567258 
2502.538509  	39.659639 
2503.970167  	39.684339 
2505.401825  	39.614114 
2506.833483  	39.607485 
2508.265142  	39.631409 
2509.696800  	39.676551 
2511.128458  	39.689825 
2512.560116  	39.573854 
2513.991774  	39.588121 
2515.423433  	39.730485 
2516.855091  	39.744352 
2518.286749  	39.758248 
2519.718407  	39.741736 
2521.150065  	39.626595 
2522.581724  	39.649612 
2524.013382  	39.729894 
2525.445040  	39.717089 
2526.876698  	39.698518 
2528.308356  	39.662551 
2529.740014  	39.649818 
2531.171673  	39.693199 
2532.603331  	39.696145 
2534.034989  	39.675045 
2535.466647  	39.687344 
2536.898305  	39.734192 
2538.329964  	39.772840 
2539.761622  	39.765419 
2541.193280  	39.746871 
2542.624938  	39.725525 
2544.056596  	39.735450 
2545.488254  	39.782797 
2546.919913  	39.770776 
2548.351571  	39.740423 
2549.783229  	39.757158 
2551.214887  	39.796789 
2552.646545  	39.853406 
2554.078204  	39.852375 
2555.509862  	39.817168 
2556.941520  	39.821289 
2558.373178  	39.802448 
2559.804836  	39.826209 
2561.236495  	39.902829 
2562.668153  	39.920569 
2564.099811  	39.951505 
2565.531469  	39.981162 
2566.963127  	39.970313 
2568.394785  	39.981830 
2569.826444  	39.933617 
2571.258102  	39.885930 
2572.689760  	39.902169 
2574.121418  	39.840732 
2575.553076  	39.812634 
2576.984735  	39.890252 
2578.416393  	39.906756 
2579.848051  	39.886873 
2581.279709  	39.901782 
2582.711367  	39.939318 
2584.143026  	39.942200 
2585.574684  	39.876343 
2587.006342  	39.872887 
2588.438000  	39.902465 
2589.869658  	39.889252 
2591.301316  	39.938596 
2592.732975  	39.937777 
2594.164633  	39.854346 
2595.596291  	39.872145 
2597.027949  	39.906958 
2598.459607  	39.901846 
2599.891266  	39.905891 
2601.322924  	39.873298 
2602.754582  	39.877012 
2604.186240  	39.928986 
2605.617898  	39.960735 
2607.049556  	39.972596 
2608.481215  	39.941360 
2609.912873  	39.974857 
2611.344531  	40.064459 
2612.776189  	40.019760 
2614.207847  	39.948761 
2615.639506  	39.944065 
2617.071164  	39.940589 
2618.502822  	39.993445 
2619.934480  	40.024585 
2621.366138  	39.989168 
2622.797797  	39.999262 
2624.229455  	40.006039 
2625.661113  	39.998905 
2627.092771  	40.019393 
2628.524429  	40.019580 
2629.956087  	40.019536 
2631.387746  	40.015301 
2632.819404  	40.011380 
2634.251062  	40.036046 
2635.682720  	40.027958 
2637.114378  	40.029529 
2638.546037  	40.054799 
2639.977695  	40.023021 
2641.409353  	40.020051 
2642.841011  	40.053223 
2644.272669  	40.043472 
2645.704328  	40.063366 
2647.135986  	40.092083 
2648.567644  	40.060618 
2649.999302  	40.027360 
2651.430960  	40.036209 
2652.862618  	40.081779 
2654.294277  	40.102966 
2655.725935  	40.077227 
2657.157593  	40.065022 
2658.589251  	40.055708 
2660.020909  	40.052596 
2661.452568  	40.071506 
2662.884226  	40.067910 
2664.315884  	40.085194 
2665.747542  	40.121707 
2667.179200  	40.095589 
2668.610858  	40.063909 
2670.042517  	40.070486 
2671.474175  	40.079748 
2672.905833  	40.104676 
2674.337491  	40.144651 
2675.769149  	40.179407 
2677.200808  	40.181866 
2678.632466  	40.153677 
2680.064124  	40.150423 
2681.495782  	40.164137 
2682.927440  	40.174834 
2684.359099  	40.180560 
2685.790757  	40.161539 
2687.222415  	40.180419 
2688.654073  	40.240580 
2690.085731  	40.248378 
2691.517389  	40.225486 
2692.949048  	40.218500 
2694.380706  	40.234564 
2695.812364  	40.258645 
2697.244022  	40.234521 
2698.675680  	40.211467 
2700.107339  	40.236796 
2701.538997  	40.258262 
2702.970655  	40.290906 
2704.402313  	40.324400 
2705.833971  	40.316798 
2707.265630  	40.302526 
2708.697288  	40.297492 
2710.128946  	40.314667 
2711.560604  	40.327320 
2712.992262  	40.305766 
2714.423920  	40.321409 
2715.855579  	40.337535 
2717.287237  	40.307910 
2718.718895  	40.322545 
2720.150553  	40.356776 
2721.582211  	40.370866 
2723.013870  	40.377605 
2724.445528  	40.347757 
2725.877186  	40.352133 
2727.308844  	40.389232 
2728.740502  	40.381534 
2730.172160  	40.392872 
2731.603819  	40.413724 
2733.035477  	40.420580 
2734.467135  	40.445166 
2735.898793  	40.420305 
2737.330451  	40.401707 
2738.762110  	40.421290 
2740.193768  	40.373174 
2741.625426  	40.368117 
2743.057084  	40.454146 
2744.488742  	40.490528 
2745.920401  	40.492836 
2747.352059  	40.484713 
2748.783717  	40.473079 
2750.215375  	40.488198 
2751.647033  	40.470447 
2753.078691  	40.453943 
2754.510350  	40.460787 
2755.942008  	40.430738 
2757.373666  	40.436388 
2758.805324  	40.482703 
2760.236982  	40.504412 
2761.668641  	40.521695 
2763.100299  	40.496731 
2764.531957  	40.452073 
2765.963615  	40.444996 
2767.395273  	40.420258 
2768.826931  	40.410220 
2770.258590  	40.454705 
2771.690248  	40.489519 
2773.121906  	40.507340 
2774.553564  	40.511944 
2775.985222  	40.492495 
2777.416881  	40.474632 
2778.848539  	40.486112 
2780.280197  	40.519449 
2781.711855  	40.533911 
2783.143513  	40.562115 
2784.575172  	40.605543 
2786.006830  	40.583509 
2787.438488  	40.569964 
2788.870146  	40.599702 
2790.301804  	40.590061 
2791.733462  	40.607666 
2793.165121  	40.637701 
2794.596779  	40.607276 
2796.028437  	40.604815 
2797.460095  	40.613541 
2798.891753  	40.607012 
2800.323412  	40.633495 
2801.755070  	40.622287 
2803.186728  	40.594644 
2804.618386  	40.605091 
2806.050044  	40.596147 
2807.481703  	40.601326 
2808.913361  	40.619079 
2810.345019  	40.600263 
2811.776677  	40.590454 
2813.208335  	40.586493 
2814.639993  	40.574492 
2816.071652  	40.556005 
2817.503310  	40.530630 
2818.934968  	40.564534 
2820.366626  	40.624209 
2821.798284  	40.637491 
2823.229943  	40.629033 
2824.661601  	40.596287 
2826.093259  	40.577597 
2827.524917  	40.584823 
2828.956575  	40.565143 
2830.388233  	40.574153 
2831.819892  	40.585047 
2833.251550  	40.546145 
2834.683208  	40.546491 
2836.114866  	40.545158 
2837.546524  	40.511724 
2838.978183  	40.520227 
2840.409841  	40.505110 
2841.841499  	40.446754 
2843.273157  	40.396248 
2844.704815  	40.360427 
2846.136474  	40.367979 
2847.568132  	40.342850 
2848.999790  	40.260013 
2850.431448  	40.223053 
2851.863106  	40.199827 
2853.294764  	40.189639 
2854.726423  	40.221653 
2856.158081  	40.202795 
2857.589739  	40.158638 
2859.021397  	40.128167 
2860.453055  	40.068650 
2861.884714  	40.020590 
2863.316372  	39.976510 
2864.748030  	39.918600 
2866.179688  	39.880903 
2867.611346  	39.826052 
2869.043005  	39.761763 
2870.474663  	39.739428 
2871.906321  	39.771434 
2873.337979  	39.853703 
2874.769637  	39.930133 
2876.201295  	40.006299 
2877.632954  	40.098392 
2879.064612  	40.135770 
2880.496270  	40.168423 
2881.927928  	40.237430 
2883.359586  	40.270669 
2884.791245  	40.291224 
2886.222903  	40.289116 
2887.654561  	40.229374 
2889.086219  	40.188361 
2890.517877  	40.184337 
2891.949535  	40.195876 
2893.381194  	40.212231 
2894.812852  	40.208566 
2896.244510  	40.226214 
2897.676168  	40.270370 
2899.107826  	40.294841 
2900.539485  	40.288145 
2901.971143  	40.250329 
2903.402801  	40.246905 
2904.834459  	40.277488 
2906.266117  	40.243855 
2907.697776  	40.192224 
2909.129434  	40.185918 
2910.561092  	40.186323 
2911.992750  	40.172657 
2913.424408  	40.133195 
2914.856066  	40.109565 
2916.287725  	40.126436 
2917.719383  	40.123834 
2919.151041  	40.102157 
2920.582699  	40.058328 
2922.014357  	39.993539 
2923.446016  	39.977301 
2924.877674  	39.973443 
2926.309332  	39.920275 
2927.740990  	39.836917 
2929.172648  	39.762585 
2930.604306  	39.760158 
2932.035965  	39.787315 
2933.467623  	39.788259 
2934.899281  	39.821295 
2936.330939  	39.857109 
2937.762597  	39.881382 
2939.194256  	39.935322 
2940.625914  	39.941156 
2942.057572  	39.912604 
2943.489230  	39.924562 
2944.920888  	39.930559 
2946.352547  	39.911747 
2947.784205  	39.865045 
2949.215863  	39.796413 
2950.647521  	39.723241 
2952.079179  	39.595763 
2953.510837  	39.458244 
2954.942496  	39.374891 
2956.374154  	39.291713 
2957.805812  	39.191817 
2959.237470  	39.075051 
2960.669128  	38.990120 
2962.100787  	39.012027 
2963.532445  	39.068370 
2964.964103  	39.143038 
2966.395761  	39.291232 
2967.827419  	39.486941 
2969.259078  	39.770260 
2970.690736  	40.113137 
2972.122394  	40.427639 
2973.554052  	40.774433 
2974.985710  	41.116298 
2976.417368  	41.384458 
2977.849027  	41.648310 
2979.280685  	41.908685 
2980.712343  	42.181334 
2982.144001  	42.459781 
2983.575659  	42.645722 
2985.007318  	42.787506 
2986.438976  	42.947640 
2987.870634  	43.096627 
2989.302292  	43.213028 
2990.733950  	43.273351 
2992.165608  	43.345228 
2993.597267  	43.438193 
2995.028925  	43.467810 
2996.460583  	43.488258 
2997.892241  	43.503263 
2999.323899  	43.493198 
3000.755558  	43.536042 
3002.187216  	43.562451 
3003.618874  	43.541462 
3005.050532  	43.553941 
3006.482190  	43.560192 
3007.913849  	43.557599 
3009.345507  	43.555310 
3010.777165  	43.526747 
3012.208823  	43.522513 
3013.640481  	43.516508 
3015.072139  	43.483241 
3016.503798  	43.455458 
3017.935456  	43.398770 
3019.367114  	43.341565 
3020.798772  	43.308105 
3022.230430  	43.282385 
3023.662089  	43.281875 
3025.093747  	43.235103 
3026.525405  	43.166136 
3027.957063  	43.148842 
3029.388721  	43.082458 
3030.820380  	43.017453 
3032.252038  	43.031500 
3033.683696  	42.990780 
3035.115354  	42.913210 
3036.547012  	42.875492 
3037.978670  	42.854464 
3039.410329  	42.851883 
3040.841987  	42.839357 
3042.273645  	42.873740 
3043.705303  	42.980472 
3045.136961  	43.013179 
3046.568620  	42.997220 
3048.000278  	43.007606 
3049.431936  	42.988995 
3050.863594  	42.982736 
3052.295252  	42.987465 
3053.726910  	42.948667 
3055.158569  	42.920507 
3056.590227  	42.924183 
3058.021885  	42.951077 
3059.453543  	42.993975 
3060.885201  	43.032029 
3062.316860  	43.076075 
3063.748518  	43.112631 
3065.180176  	43.163479 
3066.611834  	43.246851 
3068.043492  	43.283033 
3069.475151  	43.277717 
3070.906809  	43.280102 
3072.338467  	43.285291 
3073.770125  	43.310877 
3075.201783  	43.336562 
3076.633441  	43.358244 
3078.065100  	43.395332 
3079.496758  	43.427565 
3080.928416  	43.480500 
3082.360074  	43.522734 
3083.791732  	43.529517 
3085.223391  	43.565389 
3086.655049  	43.567371 
3088.086707  	43.540324 
3089.518365  	43.575516 
3090.950023  	43.590068 
3092.381682  	43.601504 
3093.813340  	43.656266 
3095.244998  	43.655942 
3096.676656  	43.648458 
3098.108314  	43.662611 
3099.539972  	43.642693 
3100.971631  	43.637878 
3102.403289  	43.626005 
3103.834947  	43.599800 
3105.266605  	43.606832 
3106.698263  	43.618029 
3108.129922  	43.646578 
3109.561580  	43.648853 
3110.993238  	43.600903 
3112.424896  	43.606552 
3113.856554  	43.634573 
3115.288212  	43.656382 
3116.719871  	43.687965 
3118.151529  	43.680854 
3119.583187  	43.718149 
3121.014845  	43.766661 
3122.446503  	43.728763 
3123.878162  	43.728356 
3125.309820  	43.725024 
3126.741478  	43.682693 
3128.173136  	43.736774 
3129.604794  	43.799533 
3131.036453  	43.847692 
3132.468111  	43.907322 
3133.899769  	43.841669 
3135.331427  	43.766185 
3136.763085  	43.800551 
3138.194743  	43.864720 
3139.626402  	43.936853 
3141.058060  	43.943684 
3142.489718  	43.935075 
3143.921376  	43.966025 
3145.353034  	43.881430 
3146.784693  	43.800917 
3148.216351  	43.841906 
3149.648009  	43.851771 
3151.079667  	43.866263 
3152.511325  	43.885629 
3153.942983  	43.885586 
3155.374642  	43.964509 
3156.806300  	43.974107 
3158.237958  	43.907484 
3159.669616  	43.938361 
3161.101274  	43.942808 
3162.532933  	43.915155 
3163.964591  	43.949747 
3165.396249  	43.961434 
3166.827907  	43.990492 
3168.259565  	44.028916 
3169.691224  	43.993731 
3171.122882  	43.979078 
3172.554540  	44.001897 
3173.986198  	44.006477 
3175.417856  	44.003841 
3176.849514  	44.009439 
3178.281173  	44.061244 
3179.712831  	44.105351 
3181.144489  	44.083627 
3182.576147  	44.066477 
3184.007805  	44.071789 
3185.439464  	44.090031 
3186.871122  	44.098567 
3188.302780  	44.041951 
3189.734438  	43.996237 
3191.166096  	44.028799 
3192.597755  	44.068550 
3194.029413  	44.065554 
3195.461071  	44.051068 
3196.892729  	44.076143 
3198.324387  	44.099009 
3199.756045  	44.079411 
3201.187704  	44.087959 
3202.619362  	44.115748 
3204.051020  	44.128463 
3205.482678  	44.142160 
3206.914336  	44.126557 
3208.345995  	44.135043 
3209.777653  	44.181411 
3211.209311  	44.163880 
3212.640969  	44.153795 
3214.072627  	44.194520 
3215.504285  	44.174529 
3216.935944  	44.136758 
3218.367602  	44.157697 
3219.799260  	44.197859 
3221.230918  	44.230184 
3222.662576  	44.237257 
3224.094235  	44.222092 
3225.525893  	44.242517 
3226.957551  	44.307900 
3228.389209  	44.319023 
3229.820867  	44.272882 
3231.252526  	44.305704 
3232.684184  	44.368718 
3234.115842  	44.362476 
3235.547500  	44.354928 
3236.979158  	44.314882 
3238.410816  	44.259595 
3239.842475  	44.322350 
3241.274133  	44.406650 
3242.705791  	44.414135 
3244.137449  	44.379393 
3245.569107  	44.318333 
3247.000766  	44.333263 
3248.432424  	44.401825 
3249.864082  	44.405338 
3251.295740  	44.406256 
3252.727398  	44.415321 
3254.159057  	44.404518 
3255.590715  	44.416866 
3257.022373  	44.420522 
3258.454031  	44.432537 
3259.885689  	44.464397 
3261.317347  	44.478198 
3262.749006  	44.508303 
3264.180664  	44.508047 
3265.612322  	44.503072 
3267.043980  	44.568482 
3268.475638  	44.554843 
3269.907297  	44.493191 
3271.338955  	44.509430 
3272.770613  	44.468242 
3274.202271  	44.438200 
3275.633929  	44.539267 
3277.065587  	44.573169 
3278.497246  	44.515792 
3279.928904  	44.517608 
3281.360562  	44.548039 
3282.792220  	44.540390 
3284.223878  	44.534340 
3285.655537  	44.572991 
3287.087195  	44.581547 
3288.518853  	44.547665 
3289.950511  	44.586486 
3291.382169  	44.638883 
3292.813828  	44.615797 
3294.245486  	44.621852 
3295.677144  	44.694723 
3297.108802  	44.737824 
3298.540460  	44.696620 
3299.972118  	44.651264 
3301.403777  	44.675583 
3302.835435  	44.698721 
3304.267093  	44.709737 
3305.698751  	44.730679 
3307.130409  	44.721185 
3308.562068  	44.742778 
3309.993726  	44.766371 
3311.425384  	44.714152 
3312.857042  	44.705029 
3314.288700  	44.737101 
3315.720359  	44.731799 
3317.152017  	44.717512 
3318.583675  	44.664978 
3320.015333  	44.652871 
3321.446991  	44.731990 
3322.878649  	44.760629 
3324.310308  	44.759534 
3325.741966  	44.763117 
3327.173624  	44.741853 
3328.605282  	44.783057 
3330.036940  	44.794271 
3331.468599  	44.715539 
3332.900257  	44.732942 
3334.331915  	44.809646 
3335.763573  	44.814903 
3337.195231  	44.818954 
3338.626889  	44.866335 
3340.058548  	44.897849 
3341.490206  	44.851525 
3342.921864  	44.790099 
3344.353522  	44.799078 
3345.785180  	44.807742 
3347.216839  	44.810807 
3348.648497  	44.866194 
3350.080155  	44.913351 
3351.511813  	44.899820 
3352.943471  	44.829312 
3354.375130  	44.791114 
3355.806788  	44.859657 
3357.238446  	44.927495 
3358.670104  	44.951248 
3360.101762  	44.970880 
3361.533420  	44.940292 
3362.965079  	44.896415 
3364.396737  	44.910660 
3365.828395  	44.974251 
3367.260053  	45.027927 
3368.691711  	44.985749 
3370.123370  	44.927058 
3371.555028  	44.948279 
3372.986686  	44.960906 
3374.418344  	44.956495 
3375.850002  	44.986908 
3377.281660  	45.026708 
3378.713319  	45.057456 
3380.144977  	45.042805 
3381.576635  	45.009376 
3383.008293  	45.008440 
3384.439951  	45.004119 
3385.871610  	45.006975 
3387.303268  	45.017972 
3388.734926  	45.031068 
3390.166584  	45.072422 
3391.598242  	45.063702 
3393.029901  	45.043905 
3394.461559  	45.098805 
3395.893217  	45.081036 
3397.324875  	45.006511 
3398.756533  	45.012810 
3400.188191  	45.026477 
3401.619850  	45.037248 
3403.051508  	45.079680 
3404.483166  	45.092957 
3405.914824  	45.071263 
3407.346482  	45.041218 
3408.778141  	45.044149 
3410.209799  	45.052923 
3411.641457  	45.018501 
3413.073115  	45.039131 
3414.504773  	45.086560 
3415.936432  	45.065276 
3417.368090  	45.083256 
3418.799748  	45.124173 
3420.231406  	45.105218 
3421.663064  	45.127563 
3423.094722  	45.185930 
3424.526381  	45.186037 
3425.958039  	45.163680 
3427.389697  	45.192660 
3428.821355  	45.262588 
3430.253013  	45.279024 
3431.684672  	45.247440 
3433.116330  	45.252373 
3434.547988  	45.283744 
3435.979646  	45.311027 
3437.411304  	45.301380 
3438.842962  	45.257996 
3440.274621  	45.261450 
3441.706279  	45.312264 
3443.137937  	45.370374 
3444.569595  	45.395242 
3446.001253  	45.367708 
3447.432912  	45.378174 
3448.864570  	45.409538 
3450.296228  	45.378196 
3451.727886  	45.373001 
3453.159544  	45.422463 
3454.591203  	45.452834 
3456.022861  	45.420443 
3457.454519  	45.380687 
3458.886177  	45.460144 
3460.317835  	45.509921 
3461.749493  	45.407908 
3463.181152  	45.404632 
3464.612810  	45.477609 
3466.044468  	45.468278 
3467.476126  	45.497935 
3468.907784  	45.516750 
3470.339443  	45.491257 
3471.771101  	45.517428 
3473.202759  	45.500889 
3474.634417  	45.482574 
3476.066075  	45.514039 
3477.497734  	45.482870 
3478.929392  	45.499342 
3480.361050  	45.586137 
3481.792708  	45.593272 
3483.224366  	45.580175 
3484.656024  	45.590203 
3486.087683  	45.605808 
3487.519341  	45.628000 
3488.950999  	45.596315 
3490.382657  	45.582319 
3491.814315  	45.623632 
3493.245974  	45.614631 
3494.677632  	45.585969 
3496.109290  	45.606486 
3497.540948  	45.647625 
3498.972606  	45.648235 
3500.404264  	45.604211 
3501.835923  	45.615015 
3503.267581  	45.669408 
3504.699239  	45.657706 
3506.130897  	45.606184 
3507.562555  	45.556900 
3508.994214  	45.567737 
3510.425872  	45.663308 
3511.857530  	45.722697 
3513.289188  	45.746764 
3514.720846  	45.750907 
3516.152505  	45.717808 
3517.584163  	45.752887 
3519.015821  	45.790124 
3520.447479  	45.737995 
3521.879137  	45.757793 
3523.310795  	45.808373 
3524.742454  	45.734751 
3526.174112  	45.699730 
3527.605770  	45.764556 
3529.037428  	45.800070 
3530.469086  	45.826120 
3531.900745  	45.849264 
3533.332403  	45.790611 
3534.764061  	45.738353 
3536.195719  	45.791542 
3537.627377  	45.858731 
3539.059035  	45.865945 
3540.490694  	45.849701 
3541.922352  	45.849936 
3543.354010  	45.886397 
3544.785668  	45.884914 
3546.217326  	45.861825 
3547.648985  	45.917924 
3549.080643  	45.912845 
3550.512301  	45.855809 
3551.943959  	45.895606 
3553.375617  	45.938462 
3554.807276  	45.935266 
3556.238934  	45.928949 
3557.670592  	45.891326 
3559.102250  	45.942740 
3560.533908  	46.060021 
3561.965566  	46.069602 
3563.397225  	45.999725 
3564.828883  	45.875403 
3566.260541  	45.859893 
3567.692199  	46.137326 
3569.123857  	46.260511 
3570.555516  	46.212016 
3571.987174  	46.215462 
3573.418832  	46.158891 
3574.850490  	46.140377 
3576.282148  	46.199458 
3577.713807  	46.181533 
3579.145465  	46.175083 
3580.577123  	46.230061 
3582.008781  	46.300544 
3583.440439  	46.304636 
3584.872097  	46.153221 
3586.303756  	46.124097 
3587.735414  	46.370232 
3589.167072  	46.405271 
3590.598730  	46.249427 
3592.030388  	46.151012 
3593.462047  	46.130697 
3594.893705  	46.303503 
3596.325363  	46.430542 
3597.757021  	46.317940 
3599.188679  	46.235547 
3600.620337  	46.264088 
3602.051996  	46.286811 
3603.483654  	46.264765 
3604.915312  	46.190576 
3606.346970  	46.120266 
3607.778628  	46.201144 
3609.210287  	46.380680 
3610.641945  	46.318470 
3612.073603  	46.232340 
3613.505261  	46.429645 
3614.936919  	46.480961 
3616.368578  	46.244965 
3617.800236  	46.179028 
3619.231894  	46.332042 
3620.663552  	46.485350 
3622.095210  	46.514563 
3623.526868  	46.455196 
3624.958527  	46.375605 
3626.390185  	46.171377 
3627.821843  	46.025040 
3629.253501  	46.453474 
3630.685159  	46.648098 
3632.116818  	46.409949 
3633.548476  	46.503992 
3634.980134  	46.582967 
3636.411792  	46.444590 
3637.843450  	46.465722 
3639.275109  	46.485200 
3640.706767  	46.452653 
3642.138425  	46.553502 
3643.570083  	46.554949 
3645.001741  	46.409781 
3646.433399  	46.343741 
3647.865058  	46.377307 
3649.296716  	46.542475 
3650.728374  	46.904939 
3652.160032  	46.922776 
3653.591690  	46.566983 
3655.023349  	46.442298 
3656.455007  	46.684773 
3657.886665  	46.736911 
3659.318323  	46.634771 
3660.749981  	46.691189 
3662.181639  	46.716130 
3663.613298  	46.753126 
3665.044956  	46.804892 
3666.476614  	46.642132 
3667.908272  	46.462104 
3669.339930  	46.570244 
3670.771589  	46.926501 
3672.203247  	46.851204 
3673.634905  	46.526577 
3675.066563  	46.554426 
3676.498221  	47.009706 
3677.929880  	46.875797 
3679.361538  	46.863958 
3680.793196  	46.970622 
3682.224854  	46.870285 
3683.656512  	46.867839 
3685.088170  	46.824253 
3686.519829  	46.602423 
3687.951487  	46.624100 
3689.383145  	46.905401 
3690.814803  	47.038412 
3692.246461  	47.172428 
3693.678120  	47.114187 
3695.109778  	46.919444 
3696.541436  	46.861939 
3697.973094  	46.834424 
3699.404752  	46.739880 
3700.836411  	46.803863 
3702.268069  	47.059815 
3703.699727  	47.081588 
3705.131385  	46.943398 
3706.563043  	46.916233 
3707.994701  	46.881399 
3709.426360  	46.870662 
3710.858018  	47.095229 
3712.289676  	47.280040 
3713.721334  	47.224150 
3715.152992  	47.135399 
3716.584651  	47.052455 
3718.016309  	47.057628 
3719.447967  	47.067764 
3720.879625  	46.933959 
3722.311283  	46.858686 
3723.742941  	46.902181 
3725.174600  	46.943619 
3726.606258  	47.082512 
3728.037916  	47.123437 
3729.469574  	46.909936 
3730.901232  	46.796274 
3732.332891  	46.912692 
3733.764549  	46.942306 
3735.196207  	46.997776 
3736.627865  	47.313508 
3738.059523  	47.231812 
3739.491182  	47.071888 
3740.922840  	47.035165 
3742.354498  	46.836889 
3743.786156  	46.881189 
3745.217814  	47.572813 
3746.649472  	47.246605 
3748.081131  	46.898043 
3749.512789  	47.018344 
3750.944447  	47.140197 
3752.376105  	47.385836 
3753.807763  	47.543529 
3755.239422  	47.245982 
3756.671080  	47.136268 
3758.102738  	47.185280 
3759.534396  	47.236383 
3760.966054  	47.499321 
3762.397712  	47.431404 
3763.829371  	47.214175 
3765.261029  	47.404535 
3766.692687  	47.468360 
3768.124345  	47.189107 
3769.556003  	47.215317 
3770.987662  	47.414576 
3772.419320  	47.372653 
3773.850978  	47.348511 
3775.282636  	47.416689 
3776.714294  	47.394950 
3778.145953  	47.341113 
3779.577611  	47.475684 
3781.009269  	47.518641 
3782.440927  	47.358282 
3783.872585  	47.392614 
3785.304243  	47.505145 
3786.735902  	47.493952 
3788.167560  	47.554734 
3789.599218  	47.546271 
3791.030876  	47.451692 
3792.462534  	47.479422 
3793.894193  	47.477153 
3795.325851  	47.441688 
3796.757509  	47.535320 
3798.189167  	47.515928 
3799.620825  	47.324513 
3801.052484  	47.328884 
3802.484142  	47.708086 
3803.915800  	47.611382 
3805.347458  	47.352207 
3806.779116  	47.513523 
3808.210774  	47.731588 
3809.642433  	47.542387 
3811.074091  	47.529380 
3812.505749  	47.516857 
3813.937407  	47.377311 
3815.369065  	47.542414 
3816.800724  	47.780873 
3818.232382  	47.459584 
3819.664040  	47.296486 
3821.095698  	47.650156 
3822.527356  	48.006415 
3823.959014  	47.705603 
3825.390673  	47.513593 
3826.822331  	47.622148 
3828.253989  	47.635180 
3829.685647  	47.521919 
3831.117305  	47.519521 
3832.548964  	47.493255 
3833.980622  	47.415966 
3835.412280  	47.419615 
3836.843938  	47.528588 
3838.275596  	47.713832 
3839.707255  	47.772791 
3841.138913  	47.721723 
3842.570571  	47.702030 
3844.002229  	47.727529 
3845.433887  	47.763178 
3846.865545  	47.670128 
3848.297204  	47.590607 
3849.728862  	47.597963 
3851.160520  	47.437259 
3852.592178  	47.400080 
3854.023836  	48.077385 
3855.455495  	48.163462 
3856.887153  	47.966273 
3858.318811  	47.877840 
3859.750469  	47.702530 
3861.182127  	47.660654 
3862.613786  	47.645601 
3864.045444  	47.654336 
3865.477102  	47.949129 
3866.908760  	47.786810 
3868.340418  	47.464213 
3869.772076  	47.741226 
3871.203735  	47.983150 
3872.635393  	47.745738 
3874.067051  	47.831960 
3875.498709  	47.956801 
3876.930367  	47.850277 
3878.362026  	47.735248 
3879.793684  	47.647883 
3881.225342  	47.812275 
3882.657000  	47.905787 
3884.088658  	47.796137 
3885.520316  	47.939374 
3886.951975  	48.077244 
3888.383633  	47.829642 
3889.815291  	47.728670 
3891.246949  	47.874078 
3892.678607  	47.998366 
3894.110266  	47.944226 
3895.541924  	47.851968 
3896.973582  	47.804812 
3898.405240  	47.822828 
3899.836898  	47.910643 
3901.268557  	47.942819 
3902.700215  	47.907146 
3904.131873  	47.964021 
3905.563531  	48.005083 
3906.995189  	48.005457 
3908.426847  	48.042697 
3909.858506  	47.994349 
3911.290164  	47.950072 
3912.721822  	47.999062 
3914.153480  	47.988211 
3915.585138  	48.001529 
3917.016797  	48.075807 
3918.448455  	48.045855 
3919.880113  	48.040290 
3921.311771  	48.046963 
3922.743429  	48.005756 
3924.175088  	48.069277 
3925.606746  	48.101913 
3927.038404  	47.999404 
3928.470062  	47.976193 
3929.901720  	48.003050 
3931.333378  	48.049521 
3932.765037  	48.156631 
3934.196695  	48.153969 
3935.628353  	48.051206 
3937.060011  	48.038150 
3938.491669  	48.110313 
3939.923328  	48.127304 
3941.354986  	48.088595 
3942.786644  	48.151752 
3944.218302  	48.246030 
3945.649960  	48.174976 
3947.081618  	48.128807 
3948.513277  	48.218763 
3949.944935  	48.232724 
3951.376593  	48.190356 
3952.808251  	48.225416 
3954.239909  	48.235107 
3955.671568  	48.213940 
3957.103226  	48.213236 
3958.534884  	48.159010 
3959.966542  	48.120472 
3961.398200  	48.199959 
3962.829859  	48.283263 
3964.261517  	48.292969 
3965.693175  	48.260349 
3967.124833  	48.189688 
3968.556491  	48.158528 
3969.988149  	48.207039 
3971.419808  	48.235822 
3972.851466  	48.219973 
3974.283124  	48.229661 
3975.714782  	48.290654 
3977.146440  	48.338387 
3978.578099  	48.318079 
3980.009757  	48.306785 
3981.441415  	48.325605 
3982.873073  	48.294840 
3984.304731  	48.296823 
3985.736389  	48.371759 
3987.168048  	48.364576 
3988.599706  	48.309692 
3990.031364  	48.342340 
3991.463022  	48.374721 
3992.894680  	48.375426 
3994.326339  	48.435042 
3995.757997  	48.450987 
3997.189655  	48.366864 
3998.621313  	48.331861 
4000.052971  	48.326946 
4001.484630  	48.302396 
4002.916288  	48.359511 
4004.347946  	48.418112 
4005.779604  	48.391373 
4007.211262  	48.378676 
4008.642920  	48.378768 
4010.074579  	48.416189 
4011.506237  	48.493136 
4012.937895  	48.469507 
4014.369553  	48.446455 
4015.801211  	48.476363 
4017.232870  	48.415207 
4018.664528  	48.434345 
4020.096186  	48.545698 
4021.527844  	48.509543 
4022.959502  	48.500173 
4024.391161  	48.578686 
4025.822819  	48.542654 
4027.254477  	48.493359 
4028.686135  	48.502570 
4030.117793  	48.527297 
4031.549451  	48.575154 
4032.981110  	48.532937 
4034.412768  	48.459292 
4035.844426  	48.489056 
4037.276084  	48.511333 
4038.707742  	48.510637 
4040.139401  	48.520701 
4041.571059  	48.487804 
4043.002717  	48.491337 
4044.434375  	48.544717 
4045.866033  	48.551593 
4047.297691  	48.522002 
4048.729350  	48.499659 
4050.161008  	48.535280 
4051.592666  	48.595467 
4053.024324  	48.577633 
4054.455982  	48.548521 
4055.887641  	48.551209 
4057.319299  	48.507379 
4058.750957  	48.498818 
4060.182615  	48.590240 
4061.614273  	48.632618 
4063.045932  	48.584883 
4064.477590  	48.576418 
4065.909248  	48.608777 
4067.340906  	48.613826 
4068.772564  	48.615652 
4070.204222  	48.601264 
4071.635881  	48.581547 
4073.067539  	48.648869 
4074.499197  	48.719891 
4075.930855  	48.698819 
4077.362513  	48.712259 
4078.794172  	48.771040 
4080.225830  	48.753379 
4081.657488  	48.713655 
4083.089146  	48.744915 
4084.520804  	48.793776 
4085.952463  	48.776395 
4087.384121  	48.725496 
4088.815779  	48.739229 
4090.247437  	48.809528 
4091.679095  	48.853397 
4093.110753  	48.840608 
4094.542412  	48.822704 
4095.974070  	48.862141 
4097.405728  	48.894206 
4098.837386  	48.860391 
4100.269044  	48.852926 
4101.700703  	48.896057 
4103.132361  	48.929753 
4104.564019  	48.958881 
4105.995677  	48.980150 
4107.427335  	48.996241 
4108.858993  	49.028255 
4110.290652  	49.034659 
4111.722310  	49.000014 
4113.153968  	48.984267 
4114.585626  	49.019354 
4116.017284  	49.053110 
4117.448943  	49.035315 
4118.880601  	49.006063 
4120.312259  	48.995192 
4121.743917  	48.977199 
4123.175575  	48.963327 
4124.607234  	48.976288 
4126.038892  	49.011988 
4127.470550  	49.043656 
4128.902208  	49.037713 
4130.333866  	49.014003 
4131.765524  	49.023464 
4133.197183  	49.074826 
4134.628841  	49.104918 
4136.060499  	49.089048 
4137.492157  	49.112228 
4138.923815  	49.140912 
4140.355474  	49.104680 
4141.787132  	49.122860 
4143.218790  	49.167933 
4144.650448  	49.114051 
4146.082106  	49.075622 
4147.513764  	49.110387 
4148.945423  	49.169330 
4150.377081  	49.229901 
4151.808739  	49.196776 
4153.240397  	49.152828 
4154.672055  	49.220318 
4156.103714  	49.240557 
4157.535372  	49.192339 
4158.967030  	49.218157 
4160.398688  	49.263538 
4161.830346  	49.241052 
4163.262005  	49.183890 
4164.693663  	49.171503 
4166.125321  	49.195546 
4167.556979  	49.196896 
4168.988637  	49.211277 
4170.420295  	49.198987 
4171.851954  	49.144307 
4173.283612  	49.168135 
4174.715270  	49.185263 
4176.146928  	49.145584 
4177.578586  	49.175895 
4179.010245  	49.206936 
4180.441903  	49.238714 
4181.873561  	49.313354 
4183.305219  	49.294790 
4184.736877  	49.299284 
4186.168536  	49.400392 
4187.600194  	49.375630 
4189.031852  	49.297505 
4190.463510  	49.313243 
4191.895168  	49.310772 
4193.326826  	49.288147 
4194.758485  	49.330981 
4196.190143  	49.396048 
4197.621801  	49.376458 
4199.053459  	49.310492 
4200.485117  	49.337438 
4201.916776  	49.378988 
4203.348434  	49.358881 
4204.780092  	49.360782 
4206.211750  	49.352931 
4207.643408  	49.388055 
4209.075066  	49.516959 
4210.506725  	49.534795 
4211.938383  	49.449259 
4213.370041  	49.417861 
4214.801699  	49.403807 
4216.233357  	49.424872 
4217.665016  	49.477954 
4219.096674  	49.482163 
4220.528332  	49.473953 
4221.959990  	49.447460 
4223.391648  	49.381758 
4224.823307  	49.365629 
4226.254965  	49.440834 
4227.686623  	49.540996 
4229.118281  	49.562868 
4230.549939  	49.521632 
4231.981597  	49.505219 
4233.413256  	49.495048 
4234.844914  	49.492664 
4236.276572  	49.516212 
4237.708230  	49.544691 
4239.139888  	49.616499 
4240.571547  	49.676874 
4242.003205  	49.662911 
4243.434863  	49.650942 
4244.866521  	49.621679 
4246.298179  	49.580843 
4247.729838  	49.608433 
4249.161496  	49.633802 
4250.593154  	49.650393 
4252.024812  	49.697406 
4253.456470  	49.701120 
4254.888128  	49.705217 
4256.319787  	49.746582 
4257.751445  	49.750818 
4259.183103  	49.749335 
4260.614761  	49.759508 
4262.046419  	49.740713 
4263.478078  	49.733766 
4264.909736  	49.767619 
4266.341394  	49.800997 
4267.773052  	49.782578 
4269.204710  	49.738593 
4270.636368  	49.747180 
4272.068027  	49.795548 
4273.499685  	49.831090 
4274.931343  	49.814827 
4276.363001  	49.742114 
4277.794659  	49.740039 
4279.226318  	49.851701 
4280.657976  	49.914103 
4282.089634  	49.871136 
4283.521292  	49.808950 
4284.952950  	49.759585 
4286.384609  	49.747137 
4287.816267  	49.799326 
4289.247925  	49.860306 
4290.679583  	49.890575 
4292.111241  	49.940249 
4293.542899  	49.972875 
4294.974558  	49.924247 
4296.406216  	49.903669 
4297.837874  	49.920593 
4299.269532  	49.837852 
4300.701190  	49.780923 
4302.132849  	49.893917 
4303.564507  	49.973413 
4304.996165  	49.909979 
4306.427823  	49.894137 
4307.859481  	49.957341 
4309.291140  	49.952160 
4310.722798  	49.933453 
4312.154456  	49.988070 
4313.586114  	49.998587 
4315.017772  	49.945618 
4316.449430  	49.941997 
4317.881089  	49.996782 
4319.312747  	50.057554 
4320.744405  	50.040930 
4322.176063  	49.968617 
4323.607721  	49.975430 
4325.039380  	49.993040 
4326.471038  	49.942878 
4327.902696  	49.921150 
4329.334354  	49.940041 
4330.766012  	49.993600 
4332.197670  	50.035833 
4333.629329  	50.002446 
4335.060987  	50.039439 
4336.492645  	50.118250 
4337.924303  	50.058125 
4339.355961  	50.002471 
4340.787620  	50.050371 
4342.219278  	50.109013 
4343.650936  	50.111632 
4345.082594  	49.993325 
4346.514252  	49.938555 
4347.945911  	50.080575 
4349.377569  	50.159521 
4350.809227  	50.121882 
4352.240885  	50.112323 
4353.672543  	50.119939 
4355.104201  	50.147400 
4356.535860  	50.136856 
4357.967518  	50.082664 
4359.399176  	50.097895 
4360.830834  	50.133044 
4362.262492  	50.186553 
4363.694151  	50.267667 
4365.125809  	50.258019 
4366.557467  	50.254130 
4367.989125  	50.298698 
4369.420783  	50.243935 
4370.852441  	50.170869 
4372.284100  	50.186604 
4373.715758  	50.266711 
4375.147416  	50.354814 
4376.579074  	50.346861 
4378.010732  	50.315042 
4379.442391  	50.356961 
4380.874049  	50.392789 
4382.305707  	50.394495 
4383.737365  	50.338418 
4385.169023  	50.281310 
4386.600682  	50.344890 
4388.032340  	50.386050 
4389.463998  	50.353872 
4390.895656  	50.390599 
4392.327314  	50.408621 
4393.758972  	50.351106 
4395.190631  	50.307186 
4396.622289  	50.317411 
4398.053947  	50.394780 
4399.485605  	50.390976 
4400.917263  	50.259347 
4402.348922  	50.221597 
4403.780580  	50.303684 
4405.212238  	50.427978 
4406.643896  	50.559444 
4408.075554  	50.553033 
4409.507213  	50.473094 
4410.938871  	50.476993 
4412.370529  	50.486607 
4413.802187  	50.483941 
4415.233845  	50.514020 
4416.665503  	50.554730 
4418.097162  	50.593791 
4419.528820  	50.549365 
4420.960478  	50.460648 
4422.392136  	50.473201 
4423.823794  	50.497729 
4425.255453  	50.473174 
4426.687111  	50.475144 
4428.118769  	50.444723 
4429.550427  	50.402147 
4430.982085  	50.427622 
4432.413743  	50.412318 
4433.845402  	50.355302 
4435.277060  	50.392991 
4436.708718  	50.472989 
4438.140376  	50.504579 
4439.572034  	50.524477 
4441.003693  	50.548346 
4442.435351  	50.549962 
4443.867009  	50.541657 
4445.298667  	50.560222 
4446.730325  	50.612121 
4448.161984  	50.666140 
4449.593642  	50.699966 
4451.025300  	50.690133 
4452.456958  	50.627606 
4453.888616  	50.600367 
4455.320274  	50.665993 
4456.751933  	50.707196 
4458.183591  	50.665401 
4459.615249  	50.665613 
4461.046907  	50.718600 
4462.478565  	50.715393 
4463.910224  	50.719233 
4465.341882  	50.791709 
4466.773540  	50.789872 
4468.205198  	50.683735 
4469.636856  	50.622682 
4471.068515  	50.655435 
4472.500173  	50.725256 
4473.931831  	50.745178 
4475.363489  	50.712952 
4476.795147  	50.739455 
4478.226805  	50.747035 
4479.658464  	50.660932 
4481.090122  	50.709564 
4482.521780  	50.867505 
4483.953438  	50.858829 
4485.385096  	50.798459 
4486.816755  	50.837581 
4488.248413  	50.829751 
4489.680071  	50.768309 
4491.111729  	50.796968 
4492.543387  	50.900451 
4493.975045  	50.922710 
4495.406704  	50.844173 
4496.838362  	50.850853 
4498.270020  	50.919468 
4499.701678  	50.844003 
4501.133336  	50.716316 
4502.564995  	50.708129 
4503.996653  	50.776782 
4505.428311  	50.875795 
4506.859969  	50.966608 
4508.291627  	50.976133 
4509.723286  	50.935970 
4511.154944  	50.933223 
4512.586602  	50.963948 
4514.018260  	50.968188 
4515.449918  	50.980083 
4516.881576  	51.045642 
4518.313235  	51.056999 
4519.744893  	50.960122 
4521.176551  	50.922321 
4522.608209  	51.034238 
4524.039867  	51.116852 
4525.471526  	51.055269 
4526.903184  	50.987022 
4528.334842  	50.944139 
4529.766500  	50.883837 
4531.198158  	50.913196 
4532.629817  	50.942334 
4534.061475  	50.892070 
4535.493133  	50.999908 
4536.924791  	51.138936 
4538.356449  	51.025381 
4539.788107  	50.912887 
4541.219766  	50.968469 
4542.651424  	51.052856 
4544.083082  	51.144054 
4545.514740  	51.187315 
4546.946398  	51.180486 
4548.378057  	51.199312 
4549.809715  	51.153396 
4551.241373  	51.062403 
4552.673031  	51.048014 
4554.104689  	51.051033 
4555.536347  	51.033420 
4556.968006  	51.057503 
4558.399664  	51.117960 
4559.831322  	51.131373 
4561.262980  	51.085368 
4562.694638  	51.067075 
4564.126297  	51.071477 
4565.557955  	51.094737 
4566.989613  	51.173136 
4568.421271  	51.165903 
4569.852929  	51.059897 
4571.284588  	51.056496 
4572.716246  	51.134691 
4574.147904  	51.169806 
4575.579562  	51.134490 
4577.011220  	51.078249 
4578.442878  	51.113665 
4579.874537  	51.172589 
4581.306195  	51.169374 
4582.737853  	51.216496 
4584.169511  	51.274931 
4585.601169  	51.250952 
4587.032828  	51.206256 
4588.464486  	51.157200 
4589.896144  	51.167281 
4591.327802  	51.282817 
4592.759460  	51.346346 
4594.191118  	51.277631 
4595.622777  	51.195098 
4597.054435  	51.219297 
4598.486093  	51.322866 
4599.917751  	51.367686 
4601.349409  	51.331913 
4602.781068  	51.303953 
4604.212726  	51.329645 
4605.644384  	51.359462 
4607.076042  	51.321006 
4608.507700  	51.317382 
4609.939359  	51.414656 
4611.371017  	51.464888 
4612.802675  	51.469647 
4614.234333  	51.490509 
4615.665991  	51.454875 
4617.097649  	51.401788 
4618.529308  	51.375401 
4619.960966  	51.363683 
4621.392624  	51.378934 
4622.824282  	51.331060 
4624.255940  	51.243188 
4625.687599  	51.262345 
4627.119257  	51.360131 
4628.550915  	51.444808 
4629.982573  	51.440005 
4631.414231  	51.368725 
4632.845890  	51.375372 
4634.277548  	51.413321 
4635.709206  	51.410900 
4637.140864  	51.439033 
4638.572522  	51.455342 
4640.004180  	51.449245 
4641.435839  	51.478318 
4642.867497  	51.509623 
4644.299155  	51.523262 
4645.730813  	51.494582 
4647.162471  	51.476626 
4648.594130  	51.550797 
4650.025788  	51.609005 
4651.457446  	51.607523 
4652.889104  	51.582261 
4654.320762  	51.538277 
4655.752420  	51.591096 
4657.184079  	51.671232 
4658.615737  	51.672806 
4660.047395  	51.728671 
4661.479053  	51.739660 
4662.910711  	51.660835 
4664.342370  	51.693047 
4665.774028  	51.675263 
4667.205686  	51.553832 
4668.637344  	51.570939 
4670.069002  	51.599879 
4671.500661  	51.562545 
4672.932319  	51.612810 
4674.363977  	51.654314 
4675.795635  	51.615186 
4677.227293  	51.582344 
4678.658951  	51.587275 
4680.090610  	51.644360 
4681.522268  	51.678633 
4682.953926  	51.615996 
4684.385584  	51.559347 
4685.817242  	51.609484 
4687.248901  	51.708497 
4688.680559  	51.755803 
4690.112217  	51.751984 
4691.543875  	51.721932 
4692.975533  	51.691716 
4694.407192  	51.744668 
4695.838850  	51.813209 
4697.270508  	51.814766 
4698.702166  	51.856581 
4700.133824  	51.875222 
4701.565482  	51.812693 
4702.997141  	51.861715 
4704.428799  	51.945526 
4705.860457  	51.900276 
4707.292115  	51.881417 
4708.723773  	51.907627 
4710.155432  	51.855175 
4711.587090  	51.796933 
4713.018748  	51.788862 
4714.450406  	51.799346 
4715.882064  	51.861655 
4717.313722  	51.949326 
4718.745381  	51.969890 
4720.177039  	51.986054 
4721.608697  	52.056713 
4723.040355  	52.039901 
4724.472013  	51.941055 
4725.903672  	51.917607 
4727.335330  	51.944699 
4728.766988  	51.983713 
4730.198646  	51.999050 
4731.630304  	51.961769 
4733.061963  	52.014195 
4734.493621  	52.081976 
4735.925279  	52.035466 
4737.356937  	52.070938 
4738.788595  	52.120434 
4740.220253  	52.048829 
4741.651912  	52.059692 
4743.083570  	52.055558 
4744.515228  	51.946562 
4745.946886  	51.959797 
4747.378544  	51.979216 
4748.810203  	51.945167 
4750.241861  	52.064246 
4751.673519  	52.159124 
4753.105177  	52.064346 
4754.536835  	51.967045 
4755.968493  	51.975221 
4757.400152  	52.055951 
4758.831810  	52.113588 
4760.263468  	52.118127 
4761.695126  	52.148115 
4763.126784  	52.171104 
4764.558443  	52.123342 
4765.990101  	52.056572 
4767.421759  	52.101078 
4768.853417  	52.268036 
4770.285075  	52.271695 
4771.716734  	52.077818 
4773.148392  	52.064680 
4774.580050  	52.223095 
4776.011708  	52.262399 
4777.443366  	52.183320 
4778.875024  	52.118838 
4780.306683  	52.186016 
4781.738341  	52.297819 
4783.169999  	52.222232 
4784.601657  	52.096452 
4786.033315  	52.125236 
4787.464974  	52.200411 
4788.896632  	52.252396 
4790.328290  	52.237733 
4791.759948  	52.140479 
4793.191606  	52.160475 
4794.623265  	52.307911 
4796.054923  	52.342672 
4797.486581  	52.262016 
4798.918239  	52.247417 
4800.349897  	52.324250 
4801.781555  	52.335026 
4803.213214  	52.233981 
4804.644872  	52.217253 
4806.076530  	52.336596 
4807.508188  	52.446107 
4808.939846  	52.524536 
4810.371505  	52.516246 
4811.803163  	52.373598 
4813.234821  	52.332451 
4814.666479  	52.451358 
4816.098137  	52.463920 
4817.529795  	52.371850 
4818.961454  	52.357848 
4820.393112  	52.395189 
4821.824770  	52.417069 
4823.256428  	52.431879 
4824.688086  	52.466058 
4826.119745  	52.499231 
4827.551403  	52.434916 
4828.983061  	52.334763 
4830.414719  	52.378709 
4831.846377  	52.527786 
4833.278036  	52.612100 
4834.709694  	52.536708 
4836.141352  	52.412955 
4837.573010  	52.479020 
4839.004668  	52.593492 
4840.436326  	52.467966 
4841.867985  	52.324680 
4843.299643  	52.387128 
4844.731301  	52.515317 
4846.162959  	52.610915 
4847.594617  	52.544189 
4849.026276  	52.325248 
4850.457934  	52.291334 
4851.889592  	52.415343 
4853.321250  	52.440137 
4854.752908  	52.493656 
4856.184567  	52.586505 
4857.616225  	52.561092 
4859.047883  	52.564086 
4860.479541  	52.618201 
4861.911199  	52.584778 
4863.342857  	52.599688 
4864.774516  	52.685950 
4866.206174  	52.660885 
4867.637832  	52.600915 
4869.069490  	52.604273 
4870.501148  	52.584223 
4871.932807  	52.608003 
4873.364465  	52.744675 
4874.796123  	52.791834 
4876.227781  	52.663561 
4877.659439  	52.593203 
4879.091097  	52.693614 
4880.522756  	52.780303 
4881.954414  	52.739568 
4883.386072  	52.670622 
4884.817730  	52.651968 
4886.249388  	52.683751 
4887.681047  	52.742153 
4889.112705  	52.763654 
4890.544363  	52.747999 
4891.976021  	52.728346 
4893.407679  	52.625521 
4894.839338  	52.473648 
4896.270996  	52.477370 
4897.702654  	52.610295 
4899.134312  	52.680962 
4900.565970  	52.711909 
4901.997628  	52.780333 
4903.429287  	52.825398 
4904.860945  	52.807601 
4906.292603  	52.766859 
4907.724261  	52.752784 
4909.155919  	52.781266 
4910.587578  	52.815594 
4912.019236  	52.824143 
4913.450894  	52.799808 
4914.882552  	52.741993 
4916.314210  	52.749236 
4917.745869  	52.900321 
4919.177527  	52.970968 
4920.609185  	52.817129 
4922.040843  	52.793326 
4923.472501  	53.024614 
4924.904159  	53.085552 
4926.335818  	52.943203 
4927.767476  	52.939227 
4929.199134  	53.008866 
4930.630792  	53.005446 
4932.062450  	52.958508 
4933.494109  	52.861204 
4934.925767  	52.854293 
4936.357425  	52.959791 
4937.789083  	52.924327 
4939.220741  	52.815312 
4940.652399  	52.821246 
4942.084058  	52.890272 
4943.515716  	53.047864 
4944.947374  	53.192933 
4946.379032  	53.118765 
4947.810690  	53.001656 
4949.242349  	53.024643 
4950.674007  	53.099322 
4952.105665  	53.147508 
4953.537323  	53.111017 
4954.968981  	53.048560 
4956.400640  	53.055560 
4957.832298  	53.031546 
4959.263956  	53.007147 
4960.695614  	53.111859 
4962.127272  	53.188748 
4963.558930  	53.116618 
4964.990589  	53.052866 
4966.422247  	53.056361 
4967.853905  	52.975078 
4969.285563  	52.848398 
4970.717221  	52.910007 
4972.148880  	53.080780 
4973.580538  	53.170735 
4975.012196  	53.252902 
4976.443854  	53.260222 
4977.875512  	53.168175 
4979.307170  	53.238895 
4980.738829  	53.310107 
4982.170487  	53.128460 
4983.602145  	53.047268 
4985.033803  	53.202200 
4986.465461  	53.280581 
4987.897120  	53.265376 
4989.328778  	53.283152 
4990.760436  	53.300614 
4992.192094  	53.321180 
4993.623752  	53.341330 
4995.055411  	53.314779 
4996.487069  	53.312898 
4997.918727  	53.367572 
4999.350385  	53.337518 
5000.782043  	53.263304 
5002.213701  	53.303685 
5003.645360  	53.305491 
5005.077018  	53.210103 
5006.508676  	53.227155 
5007.940334  	53.293653 
5009.371992  	53.327203 
5010.803651  	53.404476 
5012.235309  	53.394788 
5013.666967  	53.315457 
5015.098625  	53.351396 
5016.530283  	53.397112 
5017.961942  	53.393565 
5019.393600  	53.426611 
5020.825258  	53.431682 
5022.256916  	53.371380 
5023.688574  	53.288647 
5025.120232  	53.262342 
5026.551891  	53.381986 
5027.983549  	53.518134 
5029.415207  	53.508897 
5030.846865  	53.466124 
5032.278523  	53.509202 
5033.710182  	53.526333 
5035.141840  	53.438090 
5036.573498  	53.394942 
5038.005156  	53.419015 
5039.436814  	53.367611 
5040.868472  	53.394100 
5042.300131  	53.582496 
5043.731789  	53.616319 
5045.163447  	53.463048 
5046.595105  	53.417708 
5048.026763  	53.491229 
5049.458422  	53.519960 
5050.890080  	53.484872 
5052.321738  	53.475874 
5053.753396  	53.571494 
5055.185054  	53.740078 
5056.616713  	53.823764 
5058.048371  	53.753265 
5059.480029  	53.700297 
5060.911687  	53.695058 
5062.343345  	53.608183 
5063.775003  	53.629014 
5065.206662  	53.796092 
5066.638320  	53.762461 
5068.069978  	53.606962 
5069.501636  	53.573397 
5070.933294  	53.579357 
5072.364953  	53.650833 
5073.796611  	53.774595 
5075.228269  	53.784367 
5076.659927  	53.755189 
5078.091585  	53.815866 
5079.523244  	53.923582 
5080.954902  	53.880138 
5082.386560  	53.638182 
5083.818218  	53.559733 
5085.249876  	53.689589 
5086.681534  	53.733141 
5088.113193  	53.812517 
5089.544851  	53.909523 
5090.976509  	53.797108 
5092.408167  	53.745145 
5093.839825  	53.849124 
5095.271484  	53.829799 
5096.703142  	53.770483 
5098.134800  	53.801007 
5099.566458  	53.814157 
5100.998116  	53.772658 
5102.429774  	53.706597 
5103.861433  	53.706220 
5105.293091  	53.827802 
5106.724749  	53.921206 
5108.156407  	53.839434 
5109.588065  	53.708793 
5111.019724  	53.746707 
5112.451382  	53.855456 
5113.883040  	53.862397 
5115.314698  	53.949340 
5116.746356  	54.123086 
5118.178015  	54.070015 
5119.609673  	53.924590 
5121.041331  	53.981617 
5122.472989  	54.028798 
5123.904647  	53.912209 
5125.336305  	53.853939 
5126.767964  	53.901658 
5128.199622  	53.933593 
5129.631280  	53.960375 
5131.062938  	53.984943 
5132.494596  	54.038429 
5133.926255  	54.158617 
5135.357913  	54.162278 
5136.789571  	54.042620 
5138.221229  	54.052133 
5139.652887  	54.133202 
5141.084546  	54.166633 
5142.516204  	54.181324 
5143.947862  	54.059788 
5145.379520  	53.936100 
5146.811178  	54.036607 
5148.242836  	54.143338 
5149.674495  	54.180462 
5151.106153  	54.271199 
5152.537811  	54.246509 
5153.969469  	54.152347 
5155.401127  	54.196843 
5156.832786  	54.227139 
5158.264444  	54.163256 
5159.696102  	54.104786 
5161.127760  	54.010632 
5162.559418  	53.974750 
5163.991076  	54.134824 
5165.422735  	54.273081 
5166.854393  	54.224395 
5168.286051  	54.203623 
5169.717709  	54.306048 
5171.149367  	54.368361 
5172.581026  	54.313854 
5174.012684  	54.211843 
5175.444342  	54.190300 
5176.876000  	54.295243 
5178.307658  	54.365077 
5179.739317  	54.324908 
5181.170975  	54.255113 
5182.602633  	54.228457 
5184.034291  	54.345915 
5185.465949  	54.469720 
5186.897607  	54.401815 
5188.329266  	54.389806 
5189.760924  	54.438483 
5191.192582  	54.384238 
5192.624240  	54.519256 
5194.055898  	54.669588 
5195.487557  	54.413482 
5196.919215  	54.205127 
5198.350873  	54.351949 
5199.782531  	54.499488 
5201.214189  	54.540279 
5202.645847  	54.411449 
5204.077506  	54.260317 
5205.509164  	54.452496 
5206.940822  	54.633740 
5208.372480  	54.487007 
5209.804138  	54.523770 
5211.235797  	54.706858 
5212.667455  	54.758211 
5214.099113  	54.748137 
5215.530771  	54.551049 
5216.962429  	54.326422 
5218.394088  	54.449635 
5219.825746  	54.599136 
5221.257404  	54.523438 
5222.689062  	54.511321 
5224.120720  	54.549907 
5225.552378  	54.569841 
5226.984037  	54.665026 
5228.415695  	54.683344 
5229.847353  	54.636151 
5231.279011  	54.679176 
5232.710669  	54.723443 
5234.142328  	54.739571 
5235.573986  	54.797679 
5237.005644  	54.816729 
5238.437302  	54.739718 
5239.868960  	54.598352 
5241.300619  	54.524790 
5242.732277  	54.610541 
5244.163935  	54.686744 
5245.595593  	54.683668 
5247.027251  	54.770259 
5248.458909  	54.887443 
5249.890568  	54.908282 
5251.322226  	54.900857 
5252.753884  	54.902232 
5254.185542  	54.959721 
5255.617200  	55.009629 
5257.048859  	54.864546 
5258.480517  	54.781682 
5259.912175  	54.945581 
5261.343833  	55.006504 
5262.775491  	54.895870 
5264.207149  	54.922467 
5265.638808  	54.982454 
5267.070466  	55.001327 
5268.502124  	55.078210 
5269.933782  	55.009995 
5271.365440  	54.852566 
5272.797099  	54.878168 
5274.228757  	54.930091 
5275.660415  	54.890790 
5277.092073  	54.850737 
5278.523731  	54.812108 
5279.955390  	54.881696 
5281.387048  	55.010243 
5282.818706  	54.990143 
5284.250364  	55.013360 
5285.682022  	55.083318 
5287.113680  	54.880830 
5288.545339  	54.706757 
5289.976997  	54.840265 
5291.408655  	54.878976 
5292.840313  	54.738682 
5294.271971  	54.816710 
5295.703630  	55.012428 
5297.135288  	55.097857 
5298.566946  	55.172637 
5299.998604  	55.184565 
5301.430262  	55.058843 
5302.861921  	55.007991 
5304.293579  	55.030216 
5305.725237  	54.982652 
5307.156895  	54.899755 
5308.588553  	54.828389 
5310.020211  	54.890296 
5311.451870  	54.992455 
5312.883528  	54.893977 
5314.315186  	54.899560 
5315.746844  	55.162443 
5317.178502  	55.195851 
5318.610161  	55.060694 
5320.041819  	55.054487 
5321.473477  	55.000890 
5322.905135  	55.044072 
5324.336793  	55.256971 
5325.768451  	55.232463 
5327.200110  	55.022368 
5328.631768  	54.931505 
5330.063426  	54.884582 
5331.495084  	54.827122 
5332.926742  	54.890192 
5334.358401  	54.992864 
5335.790059  	54.953285 
5337.221717  	55.010166 
5338.653375  	55.319148 
5340.085033  	55.295497 
5341.516692  	55.028999 
5342.948350  	55.179663 
5344.380008  	55.383745 
5345.811666  	55.205714 
5347.243324  	55.280261 
5348.674982  	55.554091 
5350.106641  	55.472581 
5351.538299  	55.320127 
5352.969957  	55.420924 
5354.401615  	55.477123 
5355.833273  	55.448452 
5357.264932  	55.501513 
5358.696590  	55.402526 
5360.128248  	55.187712 
5361.559906  	55.211878 
5362.991564  	55.394636 
5364.423222  	55.475060 
5365.854881  	55.381141 
5367.286539  	55.228478 
5368.718197  	55.269523 
5370.149855  	55.341232 
5371.581513  	55.193638 
5373.013172  	55.161575 
5374.444830  	55.309807 
5375.876488  	55.336812 
5377.308146  	55.329933 
5378.739804  	55.349626 
5380.171463  	55.405202 
5381.603121  	55.564557 
5383.034779  	55.665016 
5384.466437  	55.682695 
5385.898095  	55.649280 
5387.329753  	55.557425 
5388.761412  	55.575188 
5390.193070  	55.508270 
5391.624728  	55.366892 
5393.056386  	55.519826 
5394.488044  	55.687082 
5395.919703  	55.582031 
5397.351361  	55.475265 
5398.783019  	55.481771 
5400.214677  	55.762819 
5401.646335  	56.015194 
5403.077994  	55.863053 
5404.509652  	55.756101 
5405.941310  	55.678332 
5407.372968  	55.407412 
5408.804626  	55.450887 
5410.236284  	55.565846 
5411.667943  	55.378466 
5413.099601  	55.507994 
5414.531259  	55.830796 
5415.962917  	55.742042 
5417.394575  	55.613641 
5418.826234  	55.814597 
5420.257892  	56.069287 
5421.689550  	55.938573 
5423.121208  	55.646565 
5424.552866  	55.604362 
5425.984524  	55.538658 
5427.416183  	55.431889 
5428.847841  	55.617901 
5430.279499  	55.822805 
5431.711157  	55.807311 
5433.142815  	55.781357 
5434.574474  	55.812652 
5436.006132  	55.901301 
5437.437790  	55.858146 
5438.869448  	55.707617 
5440.301106  	55.694760 
5441.732765  	55.784132 
5443.164423  	55.888376 
5444.596081  	55.892455 
5446.027739  	55.675611 
5447.459397  	55.618218 
5448.891055  	55.830934 
5450.322714  	55.925564 
5451.754372  	55.924617 
5453.186030  	55.941660 
5454.617688  	55.928251 
5456.049346  	55.918120 
5457.481005  	55.787410 
5458.912663  	55.586498 
5460.344321  	55.679629 
5461.775979  	55.874101 
5463.207637  	55.605385 
5464.639296  	55.233285 
5466.070954  	55.399222 
5467.502612  	55.751456 
5468.934270  	55.737360 
5470.365928  	55.629615 
5471.797586  	55.708565 
5473.229245  	55.876038 
5474.660903  	56.033057 
5476.092561  	55.930640 
5477.524219  	55.726518 
5478.955877  	55.951080 
5480.387536  	56.271018 
5481.819194  	56.151993 
5483.250852  	55.936071 
5484.682510  	55.984330 
5486.114168  	56.032717 
5487.545826  	55.983096 
5488.977485  	55.899572 
5490.409143  	55.848479 
5491.840801  	55.988767 
5493.272459  	56.023941 
5494.704117  	55.823324 
5496.135776  	55.988244 
5497.567434  	56.185248 
5498.999092  	55.851949 
5500.430750  	55.700361 
5501.862408  	55.994697 
5503.294067  	56.191813 
5504.725725  	56.312365 
5506.157383  	56.247352 
5507.589041  	55.990586 
5509.020699  	56.027085 
5510.452357  	56.200877 
5511.884016  	56.162833 
5513.315674  	55.965629 
5514.747332  	55.846869 
5516.178990  	56.110076 
5517.610648  	56.350483 
5519.042307  	56.264203 
5520.473965  	56.332202 
5521.905623  	56.279088 
5523.337281  	55.952375 
5524.768939  	56.093998 
5526.200598  	56.500285 
5527.632256  	56.532918 
5529.063914  	56.253596 
5530.495572  	55.960494 
5531.927230  	55.862142 
5533.358888  	55.756653 
5534.790547  	55.685685 
5536.222205  	56.058383 
5537.653863  	56.420876 
5539.085521  	56.384664 
5540.517179  	56.285631 
5541.948838  	56.100789 
5543.380496  	56.045266 
5544.812154  	56.439528 
5546.243812  	56.731393 
5547.675470  	56.507847 
5549.107128  	56.158330 
5550.538787  	56.149866 
5551.970445  	56.263339 
5553.402103  	56.121712 
5554.833761  	56.117387 
5556.265419  	56.279377 
5557.697078  	56.144603 
5559.128736  	56.169694 
5560.560394  	56.485003 
5561.992052  	56.448060 
5563.423710  	56.204214 
5564.855369  	56.143880 
5566.287027  	56.262422 
5567.718685  	56.458765 
5569.150343  	56.513877 
5570.582001  	56.447371 
5572.013659  	56.433892 
5573.445318  	56.504339 
5574.876976  	56.532382 
5576.308634  	56.302284 
5577.740292  	56.186459 
5579.171950  	56.443236 
5580.603609  	56.540896 
5582.035267  	56.525279 
5583.466925  	56.536413 
5584.898583  	56.195471 
5586.330241  	55.988194 
5587.761899  	56.355065 
5589.193558  	56.720032 
5590.625216  	56.826247 
5592.056874  	56.861672 
5593.488532  	56.898625 
5594.920190  	56.866732 
5596.351849  	56.715181 
5597.783507  	56.622312 
5599.215165  	56.520734 
5600.646823  	56.366515 
5602.078481  	56.435598 
5603.510140  	56.457923 
5604.941798  	56.252962 
5606.373456  	56.231934 
5607.805114  	56.339643 
5609.236772  	56.398694 
5610.668430  	56.539662 
5612.100089  	56.683824 
5613.531747  	56.660525 
5614.963405  	56.491389 
5616.395063  	56.570207 
5617.826721  	56.961487 
5619.258380  	56.994527 
5620.690038  	56.736429 
5622.121696  	56.716040 
5623.553354  	56.592073 
5624.985012  	56.331612 
5626.416671  	56.486676 
5627.848329  	56.864613 
5629.279987  	56.882308 
5630.711645  	56.551816 
5632.143303  	56.370085 
5633.574961  	56.548625 
5635.006620  	56.870059 
5636.438278  	57.064991 
5637.869936  	56.944529 
5639.301594  	56.734167 
5640.733252  	56.651732 
5642.164911  	56.429766 
5643.596569  	56.289653 
5645.028227  	56.492507 
5646.459885  	56.637874 
5647.891543  	56.812459 
5649.323201  	57.005975 
5650.754860  	56.756644 
5652.186518  	56.614574 
5653.618176  	56.937406 
5655.049834  	57.081591 
5656.481492  	57.034420 
5657.913151  	56.997713 
5659.344809  	56.756158 
5660.776467  	56.584300 
5662.208125  	56.822881 
5663.639783  	57.153684 
5665.071442  	57.153147 
5666.503100  	56.943444 
5667.934758  	56.879973 
5669.366416  	56.856643 
5670.798074  	56.738893 
5672.229732  	56.823226 
5673.661391  	57.100725 
5675.093049  	57.067960 
5676.524707  	56.707529 
5677.956365  	56.614914 
5679.388023  	56.828545 
5680.819682  	56.869899 
5682.251340  	56.892463 
5683.682998  	57.134231 
5685.114656  	57.200212 
5686.546314  	57.068344 
5687.977973  	57.115408 
5689.409631  	57.184073 
5690.841289  	57.009473 
5692.272947  	56.878321 
5693.704605  	56.996115 
5695.136263  	56.962244 
5696.567922  	56.692650 
5697.999580  	56.692189 
5699.431238  	56.880427 
5700.862896  	56.843080 
5702.294554  	56.779296 
5703.726213  	56.877615 
5705.157871  	56.895035 
5706.589529  	56.826080 
5708.021187  	57.005701 
5709.452845  	57.203173 
5710.884503  	56.922798 
5712.316162  	56.781722 
5713.747820  	57.166009 
5715.179478  	57.170252 
5716.611136  	56.831532 
5718.042794  	56.871353 
5719.474453  	57.113283 
5720.906111  	57.308736 
5722.337769  	57.182286 
5723.769427  	56.951579 
5725.201085  	57.379757 
5726.632744  	57.627689 
5728.064402  	57.066648 
5729.496060  	56.965355 
5730.927718  	57.295329 
5732.359376  	57.181903 
5733.791034  	57.031191 
5735.222693  	56.970453 
5736.654351  	56.782570 
5738.086009  	56.820436 
5739.517667  	57.200508 
5740.949325  	57.404645 
5742.380984  	57.128121 
5743.812642  	57.147526 
5745.244300  	57.713993 
5746.675958  	57.732325 
5748.107616  	57.374531 
5749.539275  	57.479553 
5750.970933  	57.589189 
5752.402591  	57.550181 
5753.834249  	57.519235 
5755.265907  	57.261959 
5756.697565  	57.064132 
5758.129224  	57.032596 
5759.560882  	57.049939 
5760.992540  	57.284069 
5762.424198  	57.436080 
5763.855856  	57.359784 
5765.287515  	57.325945 
5766.719173  	57.353950 
5768.150831  	57.606892 
5769.582489  	57.818265 
5771.014147  	57.528217 
5772.445805  	57.300928 
5773.877464  	57.433758 
5775.309122  	57.468001 
5776.740780  	57.470288 
5778.172438  	57.600719 
5779.604096  	57.779467 
5781.035755  	58.015788 
5782.467413  	58.020307 
5783.899071  	57.697540 
5785.330729  	57.625371 
5786.762387  	57.838948 
5788.194046  	57.766360 
5789.625704  	57.536785 
5791.057362  	57.344866 
5792.489020  	57.047274 
5793.920678  	57.196423 
5795.352336  	57.756051 
5796.783995  	57.766131 
5798.215653  	57.610447 
5799.647311  	57.732074 
5801.078969  	57.459929 
5802.510627  	57.222925 
5803.942286  	57.432440 
5805.373944  	57.352422 
5806.805602  	57.229139 
5808.237260  	57.445985 
5809.668918  	57.490776 
5811.100576  	57.375326 
5812.532235  	57.202821 
5813.963893  	57.058857 
5815.395551  	57.417213 
5816.827209  	57.904898 
5818.258867  	57.916592 
5819.690526  	57.745031 
5821.122184  	57.534039 
5822.553842  	57.340599 
5823.985500  	57.471062 
5825.417158  	57.735022 
5826.848817  	57.838491 
5828.280475  	57.730826 
5829.712133  	57.408016 
5831.143791  	57.328879 
5832.575449  	57.646860 
5834.007107  	57.680188 
5835.438766  	57.423636 
5836.870424  	57.528461 
5838.302082  	57.844234 
5839.733740  	57.845508 
5841.165398  	57.479209 
5842.597057  	57.043842 
5844.028715  	57.014402 
5845.460373  	57.580408 
5846.892031  	58.287686 
5848.323689  	58.420571 
5849.755348  	57.951221 
5851.187006  	57.517347 
5852.618664  	57.427053 
5854.050322  	57.533745 
5855.481980  	57.631934 
5856.913638  	57.594106 
5858.345297  	57.709398 
5859.776955  	57.950452 
5861.208613  	57.747389 
5862.640271  	57.433253 
5864.071929  	57.541645 
5865.503588  	57.792575 
5866.935246  	58.064668 
5868.366904  	58.137481 
5869.798562  	57.888482 
5871.230220  	57.913770 
5872.661878  	58.013358 
5874.093537  	57.753063 
5875.525195  	57.556717 
5876.956853  	57.459887 
5878.388511  	57.442210 
5879.820169  	57.603234 
5881.251828  	57.589253 
5882.683486  	57.613500 
5884.115144  	57.803179 
5885.546802  	57.653759 
5886.978460  	57.465534 
5888.410119  	57.551832 
5889.841777  	57.622974 
5891.273435  	57.657839 
5892.705093  	57.682210 
5894.136751  	57.795946 
5895.568409  	57.952419 
5897.000068  	57.827662 
5898.431726  	57.679719 
5899.863384  	57.759250 
5901.295042  	57.755370 
5902.726700  	57.630225 
5904.158359  	57.461626 
5905.590017  	57.480829 
5907.021675  	57.962510 
5908.453333  	58.474002 
5909.884991  	58.550569 
5911.316650  	58.308327 
5912.748308  	57.995522 
5914.179966  	57.759955 
5915.611624  	57.693054 
5917.043282  	57.879180 
5918.474940  	57.987666 
5919.906599  	57.750296 
5921.338257  	57.636712 
5922.769915  	57.701868 
5924.201573  	57.788339 
5925.633231  	58.137088 
5927.064890  	58.170168 
5928.496548  	57.729023 
5929.928206  	57.658600 
5931.359864  	57.812924 
5932.791522  	57.855832 
5934.223180  	58.070170 
5935.654839  	58.311353 
5937.086497  	58.331048 
5938.518155  	58.216641 
5939.949813  	58.359949 
5941.381471  	58.651110 
5942.813130  	58.329684 
5944.244788  	58.003596 
5945.676446  	58.459559 
5947.108104  	58.676276 
5948.539762  	58.197250 
5949.971421  	57.622624 
5951.403079  	57.355139 
5952.834737  	57.699718 
5954.266395  	57.981600 
5955.698053  	57.636684 
5957.129711  	57.451672 
5958.561370  	57.668180 
5959.993028  	57.997711 
5961.424686  	58.178053 
5962.856344  	57.836225 
5964.288002  	57.626578 
5965.719661  	57.801474 
5967.151319  	57.472323 
5968.582977  	57.170001 
5970.014635  	57.731358 
5971.446293  	58.330665 
5972.877951  	58.443948 
5974.309610  	58.419236 
5975.741268  	58.212296 
5977.172926  	57.848682 
5978.604584  	57.753758 
5980.036242  	57.865463 
5981.467901  	57.844516 
5982.899559  	57.922952 
5984.331217  	58.393971 
5985.762875  	58.829585 
5987.194533  	58.777165 
5988.626192  	58.447161 
5990.057850  	58.245097 
5991.489508  	58.153391 
5992.921166  	58.098041 
5994.352824  	58.133929 
5995.784482  	58.083986 
5997.216141  	58.187436 
5998.647799  	58.583106 
6000.079457  	58.611352 
6001.511115  	58.416638 
6002.942773  	58.446285 
6004.374432  	58.091774 
6005.806090  	57.487064 
6007.237748  	57.469603 
6008.669406  	57.979974 
6010.101064  	58.386316 
6011.532723  	58.106879 
6012.964381  	57.681982 
6014.396039  	58.056139 
6015.827697  	58.820773 
6017.259355  	59.202267 
6018.691013  	58.741229 
6020.122672  	57.881979 
6021.554330  	57.891956 
6022.985988  	58.017663 
6024.417646  	57.532934 
6025.849304  	57.692153 
6027.280963  	57.878707 
6028.712621  	57.503671 
6030.144279  	57.874946 
6031.575937  	58.185966 
6033.007595  	57.789058 
6034.439253  	57.844896 
6035.870912  	57.774773 
6037.302570  	57.426916 
6038.734228  	57.879189 
6040.165886  	58.306522 
6041.597544  	58.045911 
6043.029203  	58.053224 
6044.460861  	58.436768 
6045.892519  	58.540038 
6047.324177  	58.384559 
6048.755835  	58.291551 
6050.187494  	58.121089 
6051.619152  	57.994088 
6053.050810  	57.995484 
6054.482468  	57.695472 
6055.914126  	57.718200 
6057.345784  	58.655935 
6058.777443  	59.076087 
6060.209101  	58.406104 
6061.640759  	58.010801 
6063.072417  	58.164587 
6064.504075  	58.196893 
6065.935734  	58.360837 
6067.367392  	58.818760 
6068.799050  	58.772408 
6070.230708  	58.177166 
6071.662366  	57.776236 
6073.094025  	57.627440 
6074.525683  	57.983746 
6075.957341  	58.488652 
6077.388999  	57.950778 
6078.820657  	57.461687 
6080.252315  	58.028704 
6081.683974  	58.496274 
6083.115632  	58.675891 
6084.547290  	58.261028 
6085.978948  	57.274085 
6087.410606  	57.638236 
6088.842265  	58.694371 
6090.273923  	58.730834 
6091.705581  	58.580461 
6093.137239  	58.521915 
6094.568897  	58.543221 
6096.000555  	58.828954 
6097.432214  	58.644632 
6098.863872  	58.718840 
6100.295530  	59.270985 
6101.727188  	59.177643 
6103.158846  	58.927474 
6104.590505  	58.473769 
6106.022163  	57.607593 
6107.453821  	57.496983 
6108.885479  	57.795940 
6110.317137  	57.743453 
6111.748796  	57.699203 
6113.180454  	58.012652 
6114.612112  	58.733873 
6116.043770  	58.781236 
6117.475428  	58.200294 
6118.907086  	58.592408 
6120.338745  	58.930239 
6121.770403  	58.152808 
6123.202061  	57.667253 
6124.633719  	57.778409 
6126.065377  	58.072428 
6127.497036  	58.465236 
6128.928694  	58.778923 
6130.360352  	59.124716 
6131.792010  	58.990008 
6133.223668  	58.573614 
6134.655327  	58.944449 
6136.086985  	59.423676 
6137.518643  	59.335375 
6138.950301  	59.227377 
6140.381959  	59.355558 
6141.813617  	59.496826 
6143.245276  	58.941999 
6144.676934  	58.095257 
6146.108592  	58.258908 
6147.540250  	58.943825 
6148.971908  	59.319907 
6150.403567  	59.459070 
6151.835225  	59.228112 
6153.266883  	58.799773 
6154.698541  	58.456620 
6156.130199  	58.403775 
6157.561857  	58.507245 
6158.993516  	58.313287 
6160.425174  	58.534382 
6161.856832  	59.173492 
6163.288490  	59.047840 
6164.720148  	58.803483 
6166.151807  	58.942037 
6167.583465  	58.766799 
6169.015123  	58.466206 
6170.446781  	58.238842 
6171.878439  	58.455313 
6173.310098  	59.059922 
6174.741756  	58.921792 
6176.173414  	58.742654 
6177.605072  	59.303317 
6179.036730  	59.246845 
6180.468388  	58.570477 
6181.900047  	58.424697 
6183.331705  	58.651625 
6184.763363  	58.585347 
6186.195021  	58.432289 
6187.626679  	58.750582 
6189.058338  	58.909592 
6190.489996  	58.720736 
6191.921654  	59.112168 
6193.353312  	59.321253 
6194.784970  	58.692047 
6196.216628  	58.444746 
6197.648287  	58.982775 
6199.079945  	59.345863 
6200.511603  	58.587542 
6201.943261  	57.774825 
6203.374919  	58.363828 
6204.806578  	58.719306 
6206.238236  	58.323169 
6207.669894  	58.693902 
6209.101552  	58.763736 
6210.533210  	58.437722 
6211.964869  	58.889997 
6213.396527  	59.126962 
6214.828185  	59.080405 
6216.259843  	58.853608 
6217.691501  	58.174847 
6219.123159  	58.459712 
6220.554818  	58.933461 
6221.986476  	58.184950 
6223.418134  	57.967884 
6224.849792  	58.698143 
6226.281450  	59.069547 
6227.713109  	59.048973 
6229.144767  	58.891442 
6230.576425  	58.646140 
6232.008083  	58.253901 
6233.439741  	58.059219 
6234.871400  	58.352971 
6236.303058  	58.524144 
6237.734716  	58.762009 
6239.166374  	59.136475 
6240.598032  	58.959946 
6242.029690  	58.957384 
6243.461349  	59.042519 
6244.893007  	58.327194 
6246.324665  	57.785487 
6247.756323  	58.164771 
6249.187981  	58.677871 
6250.619640  	58.661517 
6252.051298  	58.722541 
6253.482956  	59.343656 
6254.914614  	59.285663 
6256.346272  	58.657765 
6257.777930  	58.660043 
6259.209589  	58.627422 
6260.641247  	58.840986 
6262.072905  	59.380611 
6263.504563  	58.922863 
6264.936221  	58.740348 
6266.367880  	59.236629 
6267.799538  	58.998642 
6269.231196  	58.846406 
6270.662854  	58.629145 
6272.094512  	57.961166 
6273.526171  	58.175994 
6274.957829  	58.646802 
6276.389487  	58.759907 
6277.821145  	58.935426 
6279.252803  	58.803502 
6280.684461  	58.831820 
6282.116120  	58.774296 
6283.547778  	58.228769 
6284.979436  	58.555285 
6286.411094  	59.488847 
6287.842752  	60.013346 
6289.274411  	60.008271 
6290.706069  	59.002853 
6292.137727  	58.226186 
6293.569385  	58.586465 
6295.001043  	58.899943 
6296.432702  	58.916079 
6297.864360  	58.872048 
6299.296018  	58.739619 
6300.727676  	58.612646 
6302.159334  	58.385569 
6303.590992  	58.549721 
6305.022651  	58.825108 
6306.454309  	58.480234 
6307.885967  	58.211700 
6309.317625  	58.064260 
6310.749283  	58.261072 
6312.180942  	59.307824 
6313.612600  	59.518920 
6315.044258  	58.461996 
6316.475916  	57.718220 
6317.907574  	57.708550 
6319.339232  	58.311791 
6320.770891  	58.971615 
6322.202549  	59.172242 
6323.634207  	59.173487 
6325.065865  	58.841242 
6326.497523  	58.586569 
6327.929182  	58.593158 
6329.360840  	58.422246 
6330.792498  	58.774879 
6332.224156  	59.415289 
6333.655814  	59.270983 
6335.087473  	58.451953 
6336.519131  	57.482366 
6337.950789  	57.886700 
6339.382447  	59.569399 
6340.814105  	60.036922 
6342.245763  	59.490921 
6343.677422  	59.007875 
6345.109080  	58.384420 
6346.540738  	58.505565 
6347.972396  	58.736190 
6349.404054  	58.082458 
6350.835713  	57.919911 
6352.267371  	58.555701 
6353.699029  	59.186598 
6355.130687  	59.479384 
6356.562345  	58.968607 
6357.994003  	58.283895 
6359.425662  	58.372192 
6360.857320  	59.153235 
6362.288978  	59.620959 
6363.720636  	59.039542 
6365.152294  	58.391484 
6366.583953  	58.365749 
6368.015611  	58.514211 
6369.447269  	58.578175 
6370.878927  	58.337684 
6372.310585  	58.639997 
6373.742244  	59.746015 
6375.173902  	60.099715 
6376.605560  	59.881384 
6378.037218  	59.685527 
6379.468876  	59.092008 
6380.900534  	58.785587 
6382.332193  	58.578302 
6383.763851  	58.448132 
6385.195509  	59.111792 
6386.627167  	59.393243 
6388.058825  	59.247199 
6389.490484  	59.322759 
6390.922142  	58.857934 
6392.353800  	58.547305 
6393.785458  	58.334722 
6395.217116  	57.986146 
6396.648775  	59.033403 
6398.080433  	59.798961 
6399.512091  	58.585020 
6400.943749  	57.752844 
6402.375407  	58.149602 
6403.807065  	58.837352 
6405.238724  	59.318908 
6406.670382  	59.344279 
6408.102040  	59.475686 
6409.533698  	59.454278 
6410.965356  	59.129589 
6412.397015  	59.012078 
6413.828673  	58.536331 
6415.260331  	58.222432 
6416.691989  	58.439297 
6418.123647  	58.421974 
6419.555305  	59.014497 
6420.986964  	59.906160 
6422.418622  	59.722304 
6423.850280  	59.313183 
6425.281938  	59.270874 
6426.713596  	59.332384 
6428.145255  	59.004662 
6429.576913  	58.399575 
6431.008571  	58.919755 
6432.440229  	59.649229 
6433.871887  	59.233317 
6435.303546  	59.006886 
6436.735204  	59.086222 
6438.166862  	59.131642 
6439.598520  	59.164952 
6441.030178  	58.690213 
6442.461836  	58.918845 
6443.893495  	59.713018 
6445.325153  	59.438187 
6446.756811  	59.087916 
6448.188469  	59.349555 
6449.620127  	60.085892 
6451.051786  	60.632329 
6452.483444  	59.366782 
6453.915102  	58.352400 
6455.346760  	59.100165 
6456.778418  	59.365587 
6458.210077  	59.397581 
6459.641735  	59.901859 
6461.073393  	59.710599 
6462.505051  	59.157072 
6463.936709  	58.825564 
6465.368367  	59.225350 
6466.800026  	59.988960 
6468.231684  	59.973215 
6469.663342  	60.006094 
6471.095000  	59.916486 
6472.526658  	59.158544 
6473.958317  	59.109765 
6475.389975  	59.375331 
6476.821633  	59.553347 
6478.253291  	59.837920 
6479.684949  	59.345305 
6481.116607  	59.416661 
6482.548266  	59.940873 
6483.979924  	58.847607 
6485.411582  	57.922916 
6486.843240  	58.204529 
6488.274898  	58.466084 
6489.706557  	59.123302 
6491.138215  	59.931032 
6492.569873  	60.164740 
6494.001531  	59.605418 
6495.433189  	58.633386 
6496.864848  	58.985590 
6498.296506  	60.077737 
6499.728164  	60.224133 
6501.159822  	60.079619 
6502.591480  	59.804417 
6504.023138  	59.470354 
6505.454797  	59.234051 
6506.886455  	58.647489 
6508.318113  	58.758581 
6509.749771  	59.344613 
6511.181429  	59.218911 
6512.613088  	59.248558 
6514.044746  	59.444524 
6515.476404  	59.340082 
6516.908062  	59.370166 
6518.339720  	59.561996 
6519.771379  	59.974471 
6521.203037  	59.721516 
6522.634695  	58.487645 
6524.066353  	57.997165 
6525.498011  	58.101685 
6526.929669  	58.171407 
6528.361328  	58.428185 
6529.792986  	58.237234 
6531.224644  	58.039844 
6532.656302  	58.269308 
6534.087960  	58.666471 
6535.519619  	59.540831 
6536.951277  	59.844126 
6538.382935  	59.301919 
6539.814593  	58.905388 
6541.246251  	58.305806 
6542.677909  	58.158283 
6544.109568  	58.611373 
6545.541226  	58.740657 
6546.972884  	59.284850 
6548.404542  	59.694927 
6549.836200  	59.489357 
6551.267859  	59.812984 
6552.699517  	59.846264 
6554.131175  	59.871345 
6555.562833  	60.575789 
6556.994491  	60.115302 
6558.426150  	59.001268 
6559.857808  	58.789080 
6561.289466  	59.138275 
6562.721124  	59.602157 
6564.152782  	59.584790 
6565.584440  	59.493916 
6567.016099  	59.683422 
6568.447757  	59.603729 
6569.879415  	59.890246 
6571.311073  	59.892508 
6572.742731  	59.543063 
6574.174390  	60.316846 
6575.606048  	60.190944 
6577.037706  	59.029701 
6578.469364  	59.380826 
6579.901022  	59.473325 
6581.332680  	58.893013 
6582.764339  	59.395228 
6584.195997  	59.888936 
6585.627655  	60.102466 
6587.059313  	60.195064 
6588.490971  	59.571550 
6589.922630  	59.117060 
6591.354288  	58.824102 
6592.785946  	58.498164 
6594.217604  	58.642878 
6595.649262  	59.068301 
6597.080921  	59.332664 
6598.512579  	58.667581 
6599.944237  	58.267784 
6601.375895  	59.458152 
6602.807553  	59.891029 
6604.239211  	59.131271 
6605.670870  	59.125501 
6607.102528  	59.361711 
6608.534186  	59.936173 
6609.965844  	60.619904 
6611.397502  	60.210358 
6612.829161  	59.823173 
6614.260819  	60.012270 
6615.692477  	59.989139 
6617.124135  	59.400606 
6618.555793  	58.621730 
6619.987452  	58.847890 
6621.419110  	59.322084 
6622.850768  	59.298312 
6624.282426  	59.321096 
6625.714084  	58.284485 
6627.145742  	57.528869 
6628.577401  	58.869751 
6630.009059  	59.817307 
6631.440717  	59.839171 
6632.872375  	59.796671 
6634.304033  	59.225926 
6635.735692  	59.764819 
6637.167350  	60.269562 
6638.599008  	59.130490 
6640.030666  	58.631649 
6641.462324  	58.682903 
6642.893982  	58.925165 
6644.325641  	59.821463 
6645.757299  	59.553273 
6647.188957  	59.328548 
6648.620615  	60.195045 
6650.052273  	59.784794 
6651.483932  	59.225383 
6652.915590  	59.917710 
6654.347248  	60.164902 
6655.778906  	59.796738 
6657.210564  	59.634057 
6658.642223  	59.814321 
6660.073881  	59.737402 
6661.505539  	59.085995 
6662.937197  	58.848013 
6664.368855  	59.086204 
6665.800513  	59.276292 
6667.232172  	59.552530 
6668.663830  	59.788580 
6670.095488  	59.902886 
6671.527146  	59.573856 
6672.958804  	59.224383 
6674.390463  	59.422519 
6675.822121  	59.193185 
6677.253779  	59.366368 
6678.685437  	60.476851 
6680.117095  	60.393000 
6681.548754  	59.604245 
6682.980412  	59.213535 
6684.412070  	58.701553 
6685.843728  	58.680217 
6687.275386  	58.994395 
6688.707044  	59.382742 
6690.138703  	59.486171 
6691.570361  	58.821631 
6693.002019  	59.275949 
6694.433677  	59.797613 
6695.865335  	58.657135 
6697.296994  	59.339417 
6698.728652  	60.703220 
6700.160310  	59.751838 
6701.591968  	59.581302 
6703.023626  	60.332662 
6704.455284  	60.191570 
6705.886943  	59.882860 
6707.318601  	58.896389 
6708.750259  	58.293754 
6710.181917  	58.945784 
6711.613575  	59.787603 
6713.045234  	60.759629 
6714.476892  	60.610410 
6715.908550  	59.709288 
6717.340208  	59.824815 
6718.771866  	59.650779 
6720.203525  	59.574222 
6721.635183  	59.881752 
6723.066841  	59.630189 
6724.498499  	60.874424 
6725.930157  	62.086525 
6727.361815  	60.669347 
6728.793474  	59.506333 
6730.225132  	59.246490 
6731.656790  	59.613007 
6733.088448  	60.884317 
6734.520106  	60.663338 
6735.951765  	59.415049 
6737.383423  	58.792602 
6738.815081  	58.673578 
6740.246739  	59.436294 
6741.678397  	60.009748 
6743.110056  	60.241333 
6744.541714  	61.057235 
6745.973372  	61.026852 
6747.405030  	60.689333 
6748.836688  	60.572694 
6750.268346  	59.923826 
6751.700005  	60.173494 
6753.131663  	60.526478 
6754.563321  	60.179620 
6755.994979  	60.469424 
6757.426637  	60.195966 
6758.858296  	59.588464 
6760.289954  	59.689956 
6761.721612  	59.456105 
6763.153270  	59.657970 
6764.584928  	59.805321 
6766.016586  	59.336689 
6767.448245  	60.163847 
6768.879903  	60.569253 
6770.311561  	59.259985 
6771.743219  	58.633262 
6773.174877  	58.745301 
6774.606536  	58.868976 
6776.038194  	59.201275 
6777.469852  	59.627123 
6778.901510  	59.951262 
6780.333168  	59.695983 
6781.764827  	59.875483 
6783.196485  	60.089334 
6784.628143  	58.965006 
6786.059801  	59.141088 
6787.491459  	60.761500 
6788.923117  	60.915353 
6790.354776  	60.472657 
6791.786434  	60.060095 
6793.218092  	59.745946 
6794.649750  	59.728795 
6796.081408  	58.752654 
6797.513067  	58.388129 
6798.944725  	59.391809 
6800.376383  	59.884396 
6801.808041  	60.321571 
6803.239699  	60.331299 
6804.671357  	59.618546 
6806.103016  	59.514603 
6807.534674  	59.125523 
6808.966332  	59.096476 
6810.397990  	60.056763 
6811.829648  	59.970767 
6813.261307  	59.296149 
6814.692965  	58.618918 
6816.124623  	58.264253 
6817.556281  	59.416863 
6818.987939  	59.872717 
6820.419598  	59.153957 
6821.851256  	59.445605 
6823.282914  	60.057967 
6824.714572  	60.482262 
6826.146230  	60.328717 
6827.577888  	59.342935 
6829.009547  	58.855890 
6830.441205  	58.498118 
6831.872863  	58.526742 
6833.304521  	58.730151 
6834.736179  	57.892927 
6836.167838  	58.696336 
6837.599496  	60.356044 
6839.031154  	59.530196 
6840.462812  	59.150192 
6841.894470  	59.526935 
6843.326129  	58.990302 
6844.757787  	59.876003 
6846.189445  	60.850230 
6847.621103  	60.559283 
6849.052761  	60.714710 
6850.484419  	60.029304 
6851.916078  	58.989387 
6853.347736  	59.306693 
6854.779394  	59.830614 
6856.211052  	59.725525 
6857.642710  	59.208948 
6859.074369  	59.291784 
6860.506027  	59.474659 
6861.937685  	58.998481 
6863.369343  	59.745134 
6864.801001  	60.525992 
6866.232659  	59.685763 
6867.664318  	59.566168 
6869.095976  	59.672965 
6870.527634  	59.723142 
6871.959292  	60.511254 
6873.390950  	60.096258 
6874.822609  	59.664316 
6876.254267  	60.207128 
6877.685925  	59.775739 
6879.117583  	59.811474 
6880.549241  	60.067631 
6881.980900  	59.111116 
6883.412558  	58.726684 
6884.844216  	58.482339 
6886.275874  	58.541940 
6887.707532  	60.129266 
6889.139190  	60.839688 
6890.570849  	60.438900 
6892.002507  	60.581831 
6893.434165  	60.621052 
6894.865823  	59.921666 
6896.297481  	58.867333 
6897.729140  	59.186932 
6899.160798  	60.575354 
6900.592456  	60.565502 
6902.024114  	60.266832 
6903.455772  	60.666723 
6904.887431  	60.403640 
6906.319089  	59.744888 
6907.750747  	59.341307 
6909.182405  	60.070018 
6910.614063  	61.001647 
6912.045721  	60.050764 
6913.477380  	59.378064 
6914.909038  	60.071572 
6916.340696  	60.353525 
6917.772354  	60.413335 
6919.204012  	60.054354 
6920.635671  	59.737747 
6922.067329  	60.213025 
6923.498987  	60.086394 
6924.930645  	60.073746 
6926.362303  	59.943278 
6927.793961  	58.629031 
6929.225620  	58.780488 
6930.657278  	59.992179 
6932.088936  	60.325254 
6933.520594  	60.682909 
6934.952252  	60.301035 
6936.383911  	59.842034 
6937.815569  	60.021244 
6939.247227  	59.124864 
6940.678885  	58.617645 
6942.110543  	59.150838 
6943.542202  	59.462551 
6944.973860  	60.110907 
6946.405518  	60.064698 
6947.837176  	59.757753 
6949.268834  	60.354748 
6950.700492  	59.872071 
6952.132151  	59.401192 
6953.563809  	59.756145 
6954.995467  	59.156253 
6956.427125  	59.380886 
6957.858783  	60.788734 
6959.290442  	60.995539 
6960.722100  	60.194287 
6962.153758  	59.295885 
6963.585416  	59.685823 
6965.017074  	60.600937 
6966.448732  	60.480650 
6967.880391  	61.166594 
6969.312049  	61.508383 
6970.743707  	60.147317 
6972.175365  	60.583795 
6973.607023  	62.077075 
6975.038682  	61.242668 
6976.470340  	59.332862 
6977.901998  	58.896622 
6979.333656  	60.473858 
6980.765314  	60.947076 
6982.196973  	59.372888 
6983.628631  	59.285951 
6985.060289  	59.993698 
6986.491947  	60.062496 
6987.923605  	61.069679 
6989.355263  	61.475375 
6990.786922  	60.127146 
6992.218580  	58.939156 
6993.650238  	58.762534 
6995.081896  	59.062118 
6996.513554  	59.316253 
6997.945213  	59.823592 
6999.376871  	60.556823 
7000.808529  	61.024901 
7002.240187  	61.815814 
7003.671845  	61.931953 
7005.103504  	60.743238 
7006.535162  	60.280420 
7007.966820  	60.240823 
7009.398478  	60.107779 
7010.830136  	60.490972 
7012.261794  	60.257798 
7013.693453  	60.084103 
7015.125111  	61.066830 
7016.556769  	61.682404 
7017.988427  	60.723509 
7019.420085  	58.871662 
7020.851744  	58.699972 
7022.283402  	59.713367 
7023.715060  	59.324856 
7025.146718  	59.704610 
7026.578376  	60.668472 
7028.010034  	59.311050 
7029.441693  	59.042661 
7030.873351  	60.768504 
7032.305009  	61.293729 
7033.736667  	61.591166 
7035.168325  	61.847367 
7036.599984  	61.058061 
7038.031642  	60.296952 
7039.463300  	60.116743 
7040.894958  	60.425073 
7042.326616  	59.975753 
7043.758275  	59.474470 
7045.189933  	60.577947 
7046.621591  	60.440266 
7048.053249  	59.252981 
7049.484907  	59.967376 
7050.916565  	60.530523 
7052.348224  	60.996649 
7053.779882  	61.974056 
7055.211540  	60.457591 
7056.643198  	58.830026 
7058.074856  	59.983491 
7059.506515  	60.713142 
7060.938173  	59.740775 
7062.369831  	59.429624 
7063.801489  	60.073828 
7065.233147  	59.633653 
7066.664806  	59.200682 
7068.096464  	60.692462 
7069.528122  	61.015383 
7070.959780  	59.864395 
7072.391438  	60.770433 
7073.823096  	61.431987 
7075.254755  	60.788241 
7076.686413  	61.558684 
7078.118071  	62.020525 
7079.549729  	61.145979 
7080.981387  	61.000647 
7082.413046  	61.667321 
7083.844704  	61.569452 
7085.276362  	60.504182 
7086.708020  	60.609234 
7088.139678  	61.514202 
7089.571336  	60.533095 
7091.002995  	59.403741 
7092.434653  	59.655268 
7093.866311  	59.679689 
7095.297969  	59.614959 
7096.729627  	60.409055 
7098.161286  	61.194274 
7099.592944  	60.075198 
7101.024602  	58.309029 
7102.456260  	59.237267 
7103.887918  	60.562608 
7105.319577  	60.423823 
7106.751235  	61.067966 
7108.182893  	60.315273 
7109.614551  	58.853011 
7111.046209  	59.696126 
7112.477867  	59.533153 
7113.909526  	58.513766 
7115.341184  	59.721107 
7116.772842  	60.798699 
7118.204500  	60.802247 
7119.636158  	60.621113 
7121.067817  	59.985093 
7122.499475  	59.390617 
7123.931133  	58.504031 
7125.362791  	58.287586 
7126.794449  	59.023074 
7128.226108  	58.993030 
7129.657766  	59.329618 
7131.089424  	60.425891 
7132.521082  	61.110010 
7133.952740  	61.712398 
7135.384398  	61.259056 
7136.816057  	60.464824 
7138.247715  	60.561584 
7139.679373  	60.091632 
7141.111031  	60.196149 
7142.542689  	60.512748 
7143.974348  	59.228034 
7145.406006  	58.876168 
7146.837664  	59.310559 
7148.269322  	58.985233 
7149.700980  	59.184160 
7151.132638  	59.471398 
7152.564297  	59.925938 
7153.995955  	60.395509 
7155.427613  	60.122079 
7156.859271  	60.781219 
7158.290929  	61.437504 
7159.722588  	61.597188 
7161.154246  	62.619137 
7162.585904  	61.699110 
7164.017562  	60.503685 
7165.449220  	61.639952 
7166.880879  	62.015011 
7168.312537  	62.006188 
7169.744195  	61.946691 
7171.175853  	60.644888 
7172.607511  	60.920932 
7174.039169  	61.330973 
7175.470828  	60.418233 
7176.902486  	61.345134 
7178.334144  	62.462689 
7179.765802  	62.223787 
7181.197460  	61.747814 
7182.629119  	60.435872 
7184.060777  	59.952683 
7185.492435  	60.516002 
7186.924093  	60.668409 
7188.355751  	60.863464 
7189.787409  	60.224126 
7191.219068  	59.670028 
7192.650726  	60.809695 
7194.082384  	61.399777 
7195.514042  	61.122041 
7196.945700  	60.926366 
7198.377359  	60.779182 
7199.809017  	61.025554 
7201.240675  	60.464704 
7202.672333  	59.770648 
7204.103991  	60.305183 
7205.535650  	60.652792 
7206.967308  	61.223866 
7208.398966  	61.978989 
7209.830624  	61.784012 
7211.262282  	61.335865 
7212.693940  	60.001690 
7214.125599  	59.550164 
7215.557257  	61.290289 
7216.988915  	60.802927 
7218.420573  	58.702775 
7219.852231  	57.798124 
7221.283890  	57.030797 
7222.715548  	57.930493 
7224.147206  	59.502487 
7225.578864  	59.550560 
7227.010522  	60.670699 
7228.442181  	61.220837 
7229.873839  	59.796141 
7231.305497  	60.527950 
7232.737155  	62.062651 
7234.168813  	61.229236 
7235.600471  	60.017981 
7237.032130  	59.190366 
7238.463788  	59.366717 
7239.895446  	60.861135 
7241.327104  	61.555916 
7242.758762  	60.825656 
7244.190421  	60.582660 
7245.622079  	61.757882 
7247.053737  	61.830667 
7248.485395  	60.543982 
7249.917053  	61.382342 
7251.348711  	62.944430 
7252.780370  	62.079872 
7254.212028  	60.936993 
7255.643686  	60.816277 
7257.075344  	60.396792 
7258.507002  	59.736449 
7259.938661  	59.815918 
7261.370319  	60.717640 
7262.801977  	60.167376 
7264.233635  	58.461608 
7265.665293  	59.187428 
7267.096952  	60.982430 
7268.528610  	61.601827 
7269.960268  	62.269277 
7271.391926  	61.681549 
7272.823584  	60.513762 
7274.255242  	62.256903 
7275.686901  	63.787754 
7277.118559  	62.432103 
7278.550217  	61.858313 
7279.981875  	61.615757 
7281.413533  	59.778713 
7282.845192  	59.483691 
7284.276850  	60.398351 
7285.708508  	60.175705 
7287.140166  	61.382329 
7288.571824  	64.260329 
7290.003483  	64.300737 
7291.435141  	61.867112 
7292.866799  	60.734248 
7294.298457  	61.805479 
7295.730115  	61.970974 
7297.161773  	59.414678 
7298.593432  	58.042802 
7300.025090  	58.765840 
7301.456748  	59.318713 
7302.888406  	60.430582 
7304.320064  	61.195236 
7305.751723  	60.915890 
7307.183381  	61.095615 
7308.615039  	60.019614 
7310.046697  	58.835226 
7311.478355  	59.802267 
7312.910013  	60.762074 
7314.341672  	62.092480 
7315.773330  	62.914620 
7317.204988  	60.895593 
7318.636646  	60.803449 
7320.068304  	61.943398 
7321.499963  	59.895226 
7322.931621  	59.065287 
7324.363279  	59.956074 
7325.794937  	59.972281 
7327.226595  	60.830328 
7328.658254  	60.484204 
7330.089912  	58.470604 
7331.521570  	58.735128 
7332.953228  	59.942648 
7334.384886  	60.766291 
7335.816544  	61.405231 
7337.248203  	60.195801 
7338.679861  	58.324318 
7340.111519  	57.851937 
7341.543177  	59.541978 
7342.974835  	61.760223 
7344.406494  	61.626580 
7345.838152  	60.713927 
7347.269810  	61.609452 
7348.701468  	62.436169 
7350.133126  	61.338045 
7351.564785  	60.388297 
7352.996443  	61.589519 
7354.428101  	62.332172 
7355.859759  	61.141224 
7357.291417  	61.521388 
7358.723075  	61.936421 
7360.154734  	60.227178 
7361.586392  	59.835417 
7363.018050  	60.671824 
7364.449708  	60.337955 
7365.881366  	59.720919 
7367.313025  	59.520569 
7368.744683  	60.811279 
7370.176341  	62.188494 
7371.607999  	61.431999 
7373.039657  	61.105282 
7374.471315  	60.567997 
7375.902974  	58.805553 
7377.334632  	59.859591 
7378.766290  	61.869668 
7380.197948  	60.855552 
7381.629606  	59.692723 
7383.061265  	60.526307 
7384.492923  	62.201341 
7385.924581  	62.301090 
7387.356239  	60.220167 
7388.787897  	59.070928 
7390.219556  	60.240658 
7391.651214  	62.075577 
7393.082872  	62.104123 
7394.514530  	59.896844 
7395.946188  	59.079923 
7397.377846  	60.670282 
7398.809505  	61.634861 
7400.241163  	61.116581 
7401.672821  	59.835269 
7403.104479  	59.402600 
7404.536137  	60.529971 
7405.967796  	60.671757 
7407.399454  	60.104545 
7408.831112  	60.773020 
7410.262770  	62.110708 
7411.694428  	63.886779 
7413.126086  	64.074485 
7414.557745  	61.458392 
7415.989403  	60.351710 
7417.421061  	61.364086 
7418.852719  	61.914620 
7420.284377  	61.522801 
7421.716036  	61.229443 
7423.147694  	62.417948 
7424.579352  	63.951067 
7426.011010  	63.286669 
7427.442668  	61.492927 
7428.874327  	60.559496 
7430.305985  	60.968483 
7431.737643  	60.916713 
7433.169301  	58.473593 
7434.600959  	58.693494 
7436.032617  	62.611707 
7437.464276  	62.596471 
7438.895934  	59.488075 
7440.327592  	59.051418 
7441.759250  	59.792551 
7443.190908  	59.164326 
7444.622567  	57.721655 
7446.054225  	56.230910 
7447.485883  	55.768465 
7448.917541  	57.033871 
7450.349199  	59.336551 
7451.780858  	61.576310 
7453.212516  	62.918995 
7454.644174  	63.025433 
7456.075832  	62.355961 
7457.507490  	62.298281 
7458.939148  	61.855882 
7460.370807  	60.145801 
7461.802465  	60.363777 
7463.234123  	62.329190 
7464.665781  	62.266145 
7466.097439  	61.813972 
7467.529098  	61.956644 
7468.960756  	61.233031 
7470.392414  	61.922443 
7471.824072  	62.878835 
7473.255730  	61.342361 
7474.687388  	61.359382 
7476.119047  	63.308021 
7477.550705  	62.603527 
7478.982363  	60.294547 
7480.414021  	59.960330 
7481.845679  	61.569380 
7483.277338  	61.961796 
7484.708996  	59.762447 
7486.140654  	59.231312 
7487.572312  	61.403347 
7489.003970  	61.335012 
7490.435629  	59.815787 
7491.867287  	59.747800 
7493.298945  	59.174060 
7494.730603  	59.477570 
7496.162261  	62.164660 
7497.593919  	63.446585 
7499.025578  	63.044077 
7500.457236  	62.826393 
7501.888894  	63.527745 
7503.320552  	64.822435 
7504.752210  	63.462399 
7506.183869  	60.750893 
7507.615527  	61.157924 
7509.047185  	61.099665 
7510.478843  	57.946531 
7511.910501  	56.478039 
7513.342160  	58.812910 
7514.773818  	62.250773 
7516.205476  	63.386183 
7517.637134  	62.097301 
7519.068792  	60.760027 
7520.500450  	59.889662 
7521.932109  	59.352757 
7523.363767  	59.150072 
7524.795425  	59.590120 
7526.227083  	62.499476 
7527.658741  	64.971171 
7529.090400  	62.701834 
7530.522058  	60.432657 
7531.953716  	61.264182 
7533.385374  	62.397371 
7534.817032  	62.668628 
7536.248690  	62.114397 
7537.680349  	61.848292 
7539.112007  	62.505021 
7540.543665  	62.672337 
7541.975323  	64.028280 
7543.406981  	65.283928 
7544.838640  	63.055275 
7546.270298  	61.695203 
7547.701956  	62.594903 
7549.133614  	61.102215 
7550.565272  	58.948712 
7551.996931  	58.629362 
7553.428589  	58.319145 
7554.860247  	58.230743 
7556.291905  	59.357210 
7557.723563  	61.120217 
7559.155221  	62.615116 
7560.586880  	63.272884 
7562.018538  	62.890349 
7563.450196  	61.291900 
7564.881854  	60.531027 
7566.313512  	61.814496 
7567.745171  	62.466688 
7569.176829  	62.444177 
7570.608487  	63.238230 
7572.040145  	62.985212 
7573.471803  	60.691169 
7574.903461  	59.073935 
7576.335120  	60.350642 
7577.766778  	61.907460 
7579.198436  	60.292124 
7580.630094  	59.068035 
7582.061752  	60.040126 
7583.493411  	59.107797 
7584.925069  	58.264679 
7586.356727  	60.409522 
7587.788385  	60.240573 
7589.220043  	58.387088 
7590.651702  	61.405683 
7592.083360  	65.808818 
7593.515018  	64.792332 
7594.946676  	62.328550 
7596.378334  	61.006981 
7597.809992  	59.055528 
7599.241651  	59.442244 
7600.673309  	61.975403 
7602.104967  	61.740968 
7603.536625  	60.939353 
7604.968283  	62.208031 
7606.399942  	63.630324 
7607.831600  	64.770119 
7609.263258  	63.782973 
7610.694916  	61.018903 
7612.126574  	60.720554 
7613.558233  	62.608041 
7614.989891  	63.163866 
7616.421549  	61.306858 
7617.853207  	59.734630 
7619.284865  	61.433377 
7620.716523  	61.388332 
7622.148182  	57.916756 
7623.579840  	59.059884 
7625.011498  	63.004831 
7626.443156  	64.080170 
7627.874814  	64.222764 
7629.306473  	61.516891 
7630.738131  	57.983615 
7632.169789  	58.702385 
7633.601447  	60.257941 
7635.033105  	60.496859 
7636.464763  	60.187636 
7637.896422  	59.096969 
7639.328080  	61.412309 
7640.759738  	65.220815 
7642.191396  	64.749704 
7643.623054  	63.396107 
7645.054713  	62.502913 
7646.486371  	61.758020 
7647.918029  	62.317605 
7649.349687  	60.641446 
7650.781345  	59.359561 
7652.213004  	62.104193 
7653.644662  	63.214610 
7655.076320  	63.359523 
7656.507978  	64.648928 
7657.939636  	61.857860 
7659.371294  	57.882751 
7660.802953  	57.374574 
7662.234611  	59.247772 
7663.666269  	62.228573 
7665.097927  	62.710391 
7666.529585  	60.275215 
7667.961244  	60.711537 
7669.392902  	62.706372 
7670.824560  	61.960928 
7672.256218  	60.414731 
7673.687876  	60.296562 
7675.119535  	61.684933 
7676.551193  	62.971051 
7677.982851  	61.877579 
7679.414509  	60.316132 
7680.846167  	60.948703 
7682.277825  	62.155999 
7683.709484  	60.107363 
7685.141142  	57.007878 
7686.572800  	57.606872 
7688.004458  	59.526262 
7689.436116  	58.756602 
7690.867775  	58.105401 
7692.299433  	59.486838 
7693.731091  	61.307863 
7695.162749  	61.730155 
7696.594407  	60.194510 
7698.026065  	60.550030 
7699.457724  	63.788253 
7700.889382  	65.319329 
7702.321040  	65.071045 
7703.752698  	64.765646 
7705.184356  	63.345822 
7706.616015  	62.701713 
7708.047673  	64.972027 
7709.479331  	67.076949 
7710.910989  	65.717021 
7712.342647  	63.666340 
7713.774306  	64.413770 
7715.205964  	64.357320 
7716.637622  	61.547507 
7718.069280  	60.673811 
7719.500938  	61.381072 
7720.932596  	61.650176 
7722.364255  	62.559069 
7723.795913  	62.828801 
7725.227571  	63.745065 
7726.659229  	64.950514 
7728.090887  	62.060787 
7729.522546  	59.804441 
7730.954204  	61.892940 
7732.385862  	62.137746 
7733.817520  	59.463045 
7735.249178  	58.616844 
7736.680837  	60.977047 
7738.112495  	62.743846 
7739.544153  	61.638918 
7740.975811  	61.731003 
7742.407469  	64.250288 
7743.839127  	62.828301 
7745.270786  	58.149431 
7746.702444  	55.493899 
7748.134102  	56.875858 
7749.565760  	61.966198 
7750.997418  	65.289485 
7752.429077  	63.135002 
7753.860735  	60.764513 
7755.292393  	61.071610 
7756.724051  	62.125172 
7758.155709  	61.393155 
7759.587367  	60.638795 
7761.019026  	63.343238 
7762.450684  	66.033212 
7763.882342  	65.003947 
7765.314000  	62.664957 
7766.745658  	62.001393 
7768.177317  	63.503261 
7769.608975  	61.343322 
7771.040633  	55.755173 
7772.472291  	56.009356 
7773.903949  	61.065081 
7775.335608  	61.573390 
7776.767266  	60.527018 
7778.198924  	61.511501 
7779.630582  	63.265221 
7781.062240  	65.930060 
7782.493898  	66.024426 
7783.925557  	64.913094 
7785.357215  	65.466580 
7786.788873  	63.137195 
7788.220531  	59.034646 
7789.652189  	58.866315 
7791.083848  	61.142900 
7792.515506  	60.348433 
7793.947164  	58.601910 
7795.378822  	62.301974 
7796.810480  	66.375989 
7798.242138  	64.119631 
7799.673797  	62.665969 
7801.105455  	62.886977 
7802.537113  	62.109312 
7803.968771  	63.419121 
7805.400429  	61.403036 
7806.832088  	57.217984 
7808.263746  	60.291939 
7809.695404  	65.950887 
7811.127062  	67.177524 
7812.558720  	65.612860 
7813.990379  	62.944690 
7815.422037  	61.630198 
7816.853695  	61.656341 
7818.285353  	61.716431 
7819.717011  	63.187508 
7821.148669  	63.411131 
7822.580328  	62.952972 
7824.011986  	63.621880 
7825.443644  	61.879971 
7826.875302  	60.884153 
7828.306960  	60.974259 
7829.738619  	58.849705 
7831.170277  	62.248417 
7832.601935  	68.881718 
7834.033593  	67.502367 
7835.465251  	63.855767 
7836.896910  	63.289197 
7838.328568  	63.126510 
7839.760226  	63.657558 
7841.191884  	62.909341 
7842.623542  	62.748184 
7844.055200  	64.276612 
7845.486859  	62.180913 
7846.918517  	61.292325 
7848.350175  	65.346070 
7849.781833  	65.512019 
7851.213491  	62.438091 
7852.645150  	61.420522 
7854.076808  	60.843777 
7855.508466  	61.710725 
7856.940124  	63.453873 
7858.371782  	62.134330 
7859.803440  	61.388355 
7861.235099  	65.802175 
7862.666757  	68.840139 
7864.098415  	65.470104 
7865.530073  	62.652298 
7866.961731  	61.536027 
7868.393390  	59.364815 
7869.825048  	59.633482 
7871.256706  	62.744104 
7872.688364  	63.283763 
7874.120022  	61.027501 
7875.551681  	58.068332 
7876.983339  	58.487829 
7878.414997  	62.356884 
7879.846655  	62.599122 
7881.278313  	59.329707 
7882.709971  	58.426216 
7884.141630  	59.355649 
7885.573288  	62.202471 
7887.004946  	63.649145 
7888.436604  	61.035104 
7889.868262  	61.135274 
7891.299921  	63.496217 
7892.731579  	60.956378 
7894.163237  	59.590155 
7895.594895  	64.034662 
7897.026553  	67.108053 
7898.458212  	64.344210 
7899.889870  	59.219603 