##TITLE=No Description
##DATA TYPE=INFRARED SPECTRUM
##XUNITS=1/CM
##YUNITS=%T
349.324597  	223.190270 
350.756256  	466.159276 
352.187914  	211.488432 
353.619572  	101.617871 
355.051230  	69.009396 
356.482888  	94.557307 
357.914546  	146.684438 
359.346205  	116.325212 
360.777863  	102.816625 
362.209521  	103.238219 
363.641179  	91.898503 
365.072837  	84.664631 
366.504496  	84.633952 
367.936154  	87.753195 
369.367812  	82.279906 
370.799470  	75.880429 
372.231128  	91.342138 
373.662787  	103.814964 
375.094445  	91.874710 
376.526103  	91.285262 
377.957761  	90.257266 
379.389419  	84.367357 
380.821077  	85.353607 
382.252736  	91.842492 
383.684394  	86.886247 
385.116052  	71.251430 
386.547710  	69.289025 
387.979368  	74.488064 
389.411027  	76.639173 
390.842685  	78.895706 
392.274343  	82.681907 
393.706001  	85.173596 
395.137659  	84.890404 
396.569317  	79.393535 
398.000976  	76.122580 
399.432634  	85.086035 
400.864292  	87.968031 
402.295950  	86.577668 
403.727608  	89.004959 
405.159267  	93.444017 
406.590925  	96.294129 
408.022583  	93.965918 
409.454241  	88.064998 
410.885899  	86.361969 
412.317558  	85.610231 
413.749216  	83.794092 
415.180874  	86.883379 
416.612532  	90.855876 
418.044190  	92.539305 
419.475848  	95.523061 
420.907507  	92.994070 
422.339165  	89.443424 
423.770823  	90.521011 
425.202481  	92.091951 
426.634139  	91.033073 
428.065798  	91.140718 
429.497456  	92.644961 
430.929114  	92.219559 
432.360772  	90.009428 
433.792430  	89.144415 
435.224089  	89.319250 
436.655747  	88.243113 
438.087405  	87.284646 
439.519063  	87.162436 
440.950721  	87.721413 
442.382379  	88.670430 
443.814038  	88.067921 
445.245696  	87.296961 
446.677354  	87.951558 
448.109012  	87.063151 
449.540670  	85.240932 
450.972329  	85.497987 
452.403987  	86.715256 
453.835645  	86.932468 
455.267303  	86.543796 
456.698961  	85.970068 
458.130619  	85.850176 
459.562278  	86.474860 
460.993936  	85.680329 
462.425594  	83.727537 
463.857252  	83.602404 
465.288910  	84.503997 
466.720569  	84.052826 
468.152227  	83.710622 
469.583885  	84.074109 
471.015543  	83.625761 
472.447201  	83.152321 
473.878860  	82.759845 
475.310518  	81.755917 
476.742176  	80.743781 
478.173834  	79.927881 
479.605492  	79.546290 
481.037150  	79.217129 
482.468809  	78.242704 
483.900467  	77.930073 
485.332125  	78.435240 
486.763783  	77.974530 
488.195441  	77.293439 
489.627100  	77.301318 
491.058758  	77.142023 
492.490416  	76.511825 
493.922074  	75.442240 
495.353732  	74.045626 
496.785391  	72.528475 
498.217049  	70.803282 
499.648707  	69.067748 
501.080365  	67.130704 
502.512023  	64.182750 
503.943681  	60.330214 
505.375340  	55.762965 
506.806998  	51.303980 
508.238656  	49.629112 
509.670314  	51.252578 
511.101972  	54.121767 
512.533631  	56.543231 
513.965289  	58.106194 
515.396947  	59.775168 
516.828605  	62.836118 
518.260263  	66.714738 
519.691921  	69.744876 
521.123580  	72.307330 
522.555238  	74.810764 
523.986896  	76.621549 
525.418554  	78.179124 
526.850212  	79.851837 
528.281871  	80.637142 
529.713529  	80.680041 
531.145187  	80.890624 
532.576845  	81.237475 
534.008503  	81.221482 
535.440162  	81.073262 
536.871820  	81.525523 
538.303478  	82.028603 
539.735136  	81.583384 
541.166794  	81.215628 
542.598452  	81.404673 
544.030111  	81.047573 
545.461769  	80.797617 
546.893427  	81.252087 
548.325085  	81.093859 
549.756743  	80.527592 
551.188402  	80.456312 
552.620060  	80.454893 
554.051718  	80.386684 
555.483376  	80.379848 
556.915034  	80.332122 
558.346692  	80.245188 
559.778351  	80.096497 
561.210009  	80.162484 
562.641667  	80.321730 
564.073325  	79.972201 
565.504983  	79.512029 
566.936642  	79.365845 
568.368300  	79.123810 
569.799958  	78.774512 
571.231616  	78.560257 
572.663274  	78.347181 
574.094933  	78.003223 
575.526591  	77.686148 
576.958249  	77.531343 
578.389907  	77.248541 
579.821565  	76.905452 
581.253223  	76.939773 
582.684882  	77.064292 
584.116540  	76.998688 
585.548198  	77.007713 
586.979856  	77.141425 
588.411514  	77.274127 
589.843173  	77.113376 
591.274831  	76.748583 
592.706489  	76.793264 
594.138147  	76.820044 
595.569805  	76.356244 
597.001464  	75.997662 
598.433122  	75.665568 
599.864780  	74.838144 
601.296438  	73.755552 
602.728096  	72.531412 
604.159754  	70.999252 
605.591413  	69.274427 
607.023071  	67.490153 
608.454729  	66.068741 
609.886387  	65.669897 
611.318045  	66.117174 
612.749704  	67.019707 
614.181362  	68.184909 
615.613020  	69.308519 
617.044678  	70.321180 
618.476336  	71.086859 
619.907994  	71.454314 
621.339653  	71.513738 
622.771311  	71.443420 
624.202969  	71.285227 
625.634627  	70.946684 
627.066285  	70.567617 
628.497944  	70.291960 
629.929602  	69.967675 
631.361260  	69.537504 
632.792918  	69.023455 
634.224576  	68.375619 
635.656235  	67.879152 
637.087893  	67.835509 
638.519551  	67.861291 
639.951209  	67.618001 
641.382867  	67.368136 
642.814525  	67.348125 
644.246184  	67.512818 
645.677842  	67.588596 
647.109500  	67.394930 
648.541158  	67.293254 
649.972816  	67.462345 
651.404475  	67.446077 
652.836133  	67.159857 
654.267791  	66.952434 
655.699449  	66.912103 
657.131107  	67.022009 
658.562766  	67.192878 
659.994424  	67.210582 
661.426082  	67.134759 
662.857740  	67.316717 
664.289398  	67.688702 
665.721056  	67.767743 
667.152715  	67.700900 
668.584373  	68.150942 
670.016031  	68.459894 
671.447689  	68.508354 
672.879347  	68.750219 
674.311006  	69.075203 
675.742664  	69.381564 
677.174322  	69.734575 
678.605980  	70.005711 
680.037638  	70.252626 
681.469296  	70.497711 
682.900955  	70.818495 
684.332613  	71.408332 
685.764271  	71.937928 
687.195929  	72.291425 
688.627587  	72.840816 
690.059246  	73.372014 
691.490904  	73.636711 
692.922562  	73.895977 
694.354220  	74.271733 
695.785878  	74.645240 
697.217537  	74.860747 
698.649195  	74.911297 
700.080853  	74.864847 
701.512511  	74.692976 
702.944169  	74.506747 
704.375827  	74.337462 
705.807486  	74.015263 
707.239144  	73.816360 
708.670802  	74.085281 
710.102460  	74.557447 
711.534118  	75.039087 
712.965777  	75.509268 
714.397435  	75.830538 
715.829093  	76.109249 
717.260751  	76.346012 
718.692409  	76.345015 
720.124067  	76.274055 
721.555726  	76.257120 
722.987384  	76.188201 
724.419042  	76.194649 
725.850700  	76.316996 
727.282358  	76.390407 
728.714017  	76.356001 
730.145675  	76.236021 
731.577333  	76.193138 
733.008991  	76.246747 
734.440649  	76.104662 
735.872308  	75.758356 
737.303966  	75.360972 
738.735624  	74.784039 
740.167282  	73.961521 
741.598940  	72.956188 
743.030598  	71.802477 
744.462257  	70.594689 
745.893915  	69.468687 
747.325573  	68.601864 
748.757231  	68.103634 
750.188889  	67.945224 
751.620548  	68.011306 
753.052206  	68.173258 
754.483864  	68.349689 
755.915522  	68.425011 
757.347180  	68.266849 
758.778839  	67.743514 
760.210497  	66.677966 
761.642155  	65.009111 
763.073813  	62.836767 
764.505471  	60.280908 
765.937129  	57.630444 
767.368788  	55.314167 
768.800446  	53.714059 
770.232104  	53.199530 
771.663762  	54.060209 
773.095420  	56.462445 
774.527079  	59.887585 
775.958737  	63.401120 
777.390395  	66.627452 
778.822053  	69.322742 
780.253711  	71.329402 
781.685369  	73.025642 
783.117028  	74.898480 
784.548686  	77.122946 
785.980344  	79.428800 
787.412002  	81.405003 
788.843660  	82.970137 
790.275319  	84.056685 
791.706977  	84.579658 
793.138635  	84.765189 
794.570293  	84.711137 
796.001951  	84.257961 
797.433610  	83.467207 
798.865268  	82.351669 
800.296926  	80.818077 
801.728584  	79.075854 
803.160242  	77.255944 
804.591900  	75.330788 
806.023559  	73.333064 
807.455217  	71.264706 
808.886875  	69.226227 
810.318533  	67.267438 
811.750191  	65.465145 
813.181850  	64.065957 
814.613508  	63.124891 
816.045166  	62.831407 
817.476824  	63.532828 
818.908482  	65.246158 
820.340141  	67.741359 
821.771799  	70.522143 
823.203457  	73.017906 
824.635115  	74.971679 
826.066773  	76.464944 
827.498431  	77.670859 
828.930090  	78.561883 
830.361748  	79.060505 
831.793406  	79.357912 
833.225064  	79.593067 
834.656722  	79.725816 
836.088381  	79.788684 
837.520039  	79.637184 
838.951697  	79.169809 
840.383355  	78.645452 
841.815013  	78.077280 
843.246671  	77.321310 
844.678330  	76.549485 
846.109988  	75.942543 
847.541646  	75.629907 
848.973304  	75.734521 
850.404962  	76.232976 
851.836621  	77.031054 
853.268279  	78.025810 
854.699937  	79.059923 
856.131595  	79.908652 
857.563253  	80.473815 
858.994912  	80.894670 
860.426570  	81.265879 
861.858228  	81.647565 
863.289886  	82.274521 
864.721544  	83.262525 
866.153202  	84.582507 
867.584861  	86.210910 
869.016519  	87.942325 
870.448177  	89.589510 
871.879835  	91.134182 
873.311493  	92.386005 
874.743152  	93.232474 
876.174810  	93.836406 
877.606468  	94.221584 
879.038126  	94.377965 
880.469784  	94.374942 
881.901443  	94.292845 
883.333101  	94.242684 
884.764759  	94.191025 
886.196417  	94.099925 
887.628075  	93.949568 
889.059733  	93.694377 
890.491392  	93.505557 
891.923050  	93.381902 
893.354708  	93.133425 
894.786366  	92.854901 
896.218024  	92.559901 
897.649683  	92.223289 
899.081341  	91.969584 
900.512999  	91.687906 
901.944657  	91.323598 
903.376315  	90.929305 
904.807973  	90.387366 
906.239632  	89.723192 
907.671290  	88.886322 
909.102948  	87.708857 
910.534606  	86.418646 
911.966264  	85.319849 
913.397923  	84.523984 
914.829581  	84.192641 
916.261239  	84.446296 
917.692897  	85.145219 
919.124555  	86.010911 
920.556214  	86.812973 
921.987872  	87.392921 
923.419530  	87.686146 
924.851188  	87.745897 
926.282846  	87.606293 
927.714504  	87.265431 
929.146163  	86.794788 
930.577821  	86.218911 
932.009479  	85.594771 
933.441137  	85.029468 
934.872795  	84.459171 
936.304454  	83.805283 
937.736112  	83.090171 
939.167770  	82.410623 
940.599428  	81.856619 
942.031086  	81.319706 
943.462744  	80.775627 
944.894403  	80.319060 
946.326061  	79.816740 
947.757719  	79.221539 
949.189377  	78.655753 
950.621035  	78.087727 
952.052694  	77.484936 
953.484352  	76.884202 
954.916010  	76.322835 
956.347668  	75.822099 
957.779326  	75.364840 
959.210985  	75.028872 
960.642643  	74.858456 
962.074301  	74.794702 
963.505959  	74.883447 
964.937617  	75.150332 
966.369275  	75.487624 
967.800934  	75.760972 
969.232592  	75.892844 
970.664250  	75.891781 
972.095908  	75.745266 
973.527566  	75.453892 
974.959225  	75.073880 
976.390883  	74.542577 
977.822541  	73.915691 
979.254199  	73.435254 
980.685857  	73.127779 
982.117516  	72.998449 
983.549174  	73.148340 
984.980832  	73.533200 
986.412490  	74.062467 
987.844148  	74.628373 
989.275806  	75.098192 
990.707465  	75.388679 
992.139123  	75.448764 
993.570781  	75.338188 
995.002439  	75.130543 
996.434097  	74.771256 
997.865756  	74.289140 
999.297414  	73.742293 
1000.729072  	73.100770 
1002.160730  	72.378188 
1003.592388  	71.599616 
1005.024046  	70.821400 
1006.455705  	69.995432 
1007.887363  	68.950188 
1009.319021  	67.725694 
1010.750679  	66.339295 
1012.182337  	64.639914 
1013.613996  	62.423071 
1015.045654  	59.388529 
1016.477312  	56.161784 
1017.908970  	54.618746 
1019.340628  	55.983590 
1020.772287  	59.501426 
1022.203945  	63.200337 
1023.635603  	65.821134 
1025.067261  	67.040857 
1026.498919  	66.897582 
1027.930577  	65.891947 
1029.362236  	64.536093 
1030.793894  	62.985069 
1032.225552  	61.516067 
1033.657210  	60.209158 
1035.088868  	58.921490 
1036.520527  	57.811074 
1037.952185  	56.847840 
1039.383843  	55.919272 
1040.815501  	54.995153 
1042.247159  	53.852719 
1043.678818  	52.527792 
1045.110476  	51.050210 
1046.542134  	49.352639 
1047.973792  	47.632032 
1049.405450  	45.755195 
1050.837108  	43.728217 
1052.268767  	41.824294 
1053.700425  	39.841706 
1055.132083  	37.938471 
1056.563741  	36.297595 
1057.995399  	34.740267 
1059.427058  	33.519118 
1060.858716  	32.524385 
1062.290374  	31.719337 
1063.722032  	31.395017 
1065.153690  	31.139631 
1066.585348  	30.991031 
1068.017007  	31.106291 
1069.448665  	31.075047 
1070.880323  	31.087627 
1072.311981  	31.132693 
1073.743639  	31.103358 
1075.175298  	31.355056 
1076.606956  	31.663774 
1078.038614  	32.141736 
1079.470272  	33.097782 
1080.901930  	34.311263 
1082.333589  	36.211158 
1083.765247  	38.942268 
1085.196905  	42.071179 
1086.628563  	45.418238 
1088.060221  	48.270857 
1089.491879  	50.003469 
1090.923538  	50.752057 
1092.355196  	50.758250 
1093.786854  	50.377029 
1095.218512  	49.820587 
1096.650170  	49.079742 
1098.081829  	48.386540 
1099.513487  	47.664784 
1100.945145  	46.868680 
1102.376803  	46.246572 
1103.808461  	45.746342 
1105.240120  	45.596556 
1106.671778  	45.921371 
1108.103436  	46.423631 
1109.535094  	47.155439 
1110.966752  	48.115061 
1112.398410  	49.443340 
1113.830069  	51.300825 
1115.261727  	53.276392 
1116.693385  	55.310507 
1118.125043  	57.401952 
1119.556701  	59.281261 
1120.988360  	61.178856 
1122.420018  	63.212145 
1123.851676  	65.266093 
1125.283334  	67.490713 
1126.714992  	69.812151 
1128.146650  	72.057949 
1129.578309  	74.247677 
1131.009967  	76.324563 
1132.441625  	78.215062 
1133.873283  	79.962724 
1135.304941  	81.564199 
1136.736600  	82.954885 
1138.168258  	84.144166 
1139.599916  	85.156415 
1141.031574  	86.017339 
1142.463232  	86.736891 
1143.894891  	87.325108 
1145.326549  	87.852984 
1146.758207  	88.288440 
1148.189865  	88.663229 
1149.621523  	89.095071 
1151.053181  	89.443554 
1152.484840  	89.650834 
1153.916498  	89.818230 
1155.348156  	89.878471 
1156.779814  	89.827311 
1158.211472  	89.669869 
1159.643131  	89.389351 
1161.074789  	89.049828 
1162.506447  	88.577635 
1163.938105  	88.000650 
1165.369763  	87.360684 
1166.801421  	86.525955 
1168.233080  	85.569431 
1169.664738  	84.499969 
1171.096396  	83.253422 
1172.528054  	81.900024 
1173.959712  	80.324606 
1175.391371  	78.519865 
1176.823029  	76.484592 
1178.254687  	74.105845 
1179.686345  	71.714057 
1181.118003  	69.676717 
1182.549662  	68.128283 
1183.981320  	66.875809 
1185.412978  	65.430445 
1186.844636  	63.708943 
1188.276294  	61.709603 
1189.707952  	59.418284 
1191.139611  	57.076467 
1192.571269  	54.569044 
1194.002927  	51.928105 
1195.434585  	49.301349 
1196.866243  	46.388940 
1198.297902  	43.346294 
1199.729560  	40.376267 
1201.161218  	37.587600 
1202.592876  	35.520855 
1204.024534  	34.215664 
1205.456193  	33.640308 
1206.887851  	33.659366 
1208.319509  	33.624387 
1209.751167  	33.319023 
1211.182825  	32.465521 
1212.614483  	30.920720 
1214.046142  	29.225476 
1215.477800  	27.551032 
1216.909458  	26.220394 
1218.341116  	25.566783 
1219.772774  	25.291249 
1221.204433  	25.569591 
1222.636091  	26.249619 
1224.067749  	27.005920 
1225.499407  	28.123771 
1226.931065  	29.295785 
1228.362723  	30.481414 
1229.794382  	31.980413 
1231.226040  	33.492409 
1232.657698  	35.229503 
1234.089356  	37.311682 
1235.521014  	39.516106 
1236.952673  	42.147099 
1238.384331  	45.095656 
1239.815989  	48.151689 
1241.247647  	51.337087 
1242.679305  	54.312967 
1244.110964  	56.904236 
1245.542622  	58.880941 
1246.974280  	59.831018 
1248.405938  	59.835017 
1249.837596  	59.273633 
1251.269254  	58.721488 
1252.700913  	58.923747 
1254.132571  	60.090937 
1255.564229  	62.237535 
1256.995887  	65.234359 
1258.427545  	68.576756 
1259.859204  	71.969732 
1261.290862  	75.176800 
1262.722520  	77.934649 
1264.154178  	80.204794 
1265.585836  	81.993986 
1267.017495  	83.225766 
1268.449153  	83.974685 
1269.880811  	84.417618 
1271.312469  	84.627297 
1272.744127  	84.685974 
1274.175785  	84.682617 
1275.607444  	84.738128 
1277.039102  	84.910831 
1278.470760  	85.108596 
1279.902418  	85.343346 
1281.334076  	85.600322 
1282.765735  	85.786852 
1284.197393  	85.957771 
1285.629051  	86.061359 
1287.060709  	85.979284 
1288.492367  	85.660700 
1289.924025  	84.962171 
1291.355684  	83.872462 
1292.787342  	82.386358 
1294.219000  	80.484750 
1295.650658  	78.262588 
1297.082316  	75.586744 
1298.513975  	72.442963 
1299.945633  	68.892513 
1301.377291  	65.029463 
1302.808949  	61.248378 
1304.240607  	57.686592 
1305.672266  	54.840214 
1307.103924  	53.103023 
1308.535582  	52.305053 
1309.967240  	52.692877 
1311.398898  	53.962691 
1312.830556  	55.788542 
1314.262215  	58.012612 
1315.693873  	59.927819 
1317.125531  	61.708060 
1318.557189  	64.049586 
1319.988847  	67.259405 
1321.420506  	71.203855 
1322.852164  	75.163200 
1324.283822  	78.716894 
1325.715480  	81.703347 
1327.147138  	84.125452 
1328.578796  	86.083382 
1330.010455  	87.550676 
1331.442113  	88.675164 
1332.873771  	89.456440 
1334.305429  	89.914146 
1335.737087  	90.168016 
1337.168746  	90.191577 
1338.600404  	90.150000 
1340.032062  	90.093896 
1341.463720  	90.030447 
1342.895378  	90.064876 
1344.327037  	90.054381 
1345.758695  	90.012197 
1347.190353  	89.928869 
1348.622011  	89.597766 
1350.053669  	89.111663 
1351.485327  	88.491951 
1352.916986  	87.744523 
1354.348644  	87.021200 
1355.780302  	86.288792 
1357.211960  	85.684291 
1358.643618  	85.218064 
1360.075277  	84.767837 
1361.506935  	84.440692 
1362.938593  	84.142655 
1364.370251  	83.850120 
1365.801909  	83.679569 
1367.233568  	83.564748 
1368.665226  	83.611823 
1370.096884  	83.800315 
1371.528542  	84.016168 
1372.960200  	84.336633 
1374.391858  	84.751495 
1375.823517  	85.200572 
1377.255175  	85.671478 
1378.686833  	86.173340 
1380.118491  	86.707622 
1381.550149  	87.218510 
1382.981808  	87.638286 
1384.413466  	87.903541 
1385.845124  	88.030333 
1387.276782  	88.067336 
1388.708440  	88.158686 
1390.140098  	88.319712 
1391.571757  	88.523889 
1393.003415  	88.685268 
1394.435073  	88.629233 
1395.866731  	88.332292 
1397.298389  	87.845190 
1398.730048  	87.013310 
1400.161706  	85.801710 
1401.593364  	84.271569 
1403.025022  	82.232617 
1404.456680  	79.291288 
1405.888339  	74.981027 
1407.319997  	69.793694 
1408.751655  	64.122005 
1410.183313  	58.002246 
1411.614971  	53.317274 
1413.046629  	51.620250 
1414.478288  	52.781794 
1415.909946  	57.311330 
1417.341604  	63.246576 
1418.773262  	70.355375 
1420.204920  	79.565214 
1421.636579  	84.478504 
1423.068237  	87.215387 
1424.499895  	89.620309 
1425.931553  	90.026286 
1427.363211  	89.742730 
1428.794870  	88.949063 
1430.226528  	87.348224 
1431.658186  	86.108706 
1433.089844  	84.945367 
1434.521502  	84.135430 
1435.953160  	84.077896 
1437.384819  	84.776293 
1438.816477  	85.695560 
1440.248135  	86.423672 
1441.679793  	86.766569 
1443.111451  	86.612195 
1444.543110  	85.891250 
1445.974768  	85.132775 
1447.406426  	84.945926 
1448.838084  	85.036933 
1450.269742  	85.267758 
1451.701400  	85.530298 
1453.133059  	85.512189 
1454.564717  	85.456124 
1455.996375  	85.351087 
1457.428033  	85.273386 
1458.859691  	85.703650 
1460.291350  	85.527718 
1461.723008  	84.922414 
1463.154666  	84.305171 
1464.586324  	83.414091 
1466.017982  	82.624311 
1467.449641  	81.935649 
1468.881299  	81.023609 
1470.312957  	80.259296 
1471.744615  	79.284151 
1473.176273  	78.111431 
1474.607931  	77.361373 
1476.039590  	76.104671 
1477.471248  	75.066424 
1478.902906  	75.058550 
1480.334564  	75.902289 
1481.766222  	77.799575 
1483.197881  	79.462338 
1484.629539  	80.802261 
1486.061197  	81.931678 
1487.492855  	82.304896 
1488.924513  	82.814371 
1490.356172  	82.818796 
1491.787830  	82.044555 
1493.219488  	81.409651 
1494.651146  	80.020073 
1496.082804  	78.280553 
1497.514462  	76.562461 
1498.946121  	73.924989 
1500.377779  	71.660224 
1501.809437  	69.091343 
1503.241095  	65.926513 
1504.672753  	63.516557 
1506.104412  	60.248006 
1507.536070  	54.973361 
1508.967728  	51.861133 
1510.399386  	48.045204 
1511.831044  	44.884402 
1513.262702  	42.573489 
1514.694361  	40.232644 
1516.126019  	39.305440 
1517.557677  	37.910121 
1518.989335  	35.835497 
1520.420993  	34.928268 
1521.852652  	32.482918 
1523.284310  	31.252348 
1524.715968  	30.890589 
1526.147626  	29.863490 
1527.579284  	30.646192 
1529.010943  	31.247235 
1530.442601  	31.874908 
1531.874259  	33.538508 
1533.305917  	34.989170 
1534.737575  	38.204337 
1536.169233  	40.712886 
1537.600892  	42.130384 
1539.032550  	45.777817 
1540.464208  	50.520592 
1541.895866  	54.157590 
1543.327524  	58.367715 
1544.759183  	61.765365 
1546.190841  	66.107915 
1547.622499  	69.643436 
1549.054157  	72.442234 
1550.485815  	76.655850 
1551.917473  	79.747499 
1553.349132  	81.985521 
1554.780790  	85.130823 
1556.212448  	87.142205 
1557.644106  	88.296040 
1559.075764  	90.299959 
1560.507423  	92.140657 
1561.939081  	92.821369 
1563.370739  	93.235260 
1564.802397  	93.620418 
1566.234055  	94.091644 
1567.665714  	94.470238 
1569.097372  	95.060030 
1570.529030  	95.951961 
1571.960688  	96.519090 
1573.392346  	96.846424 
1574.824004  	97.022519 
1576.255663  	96.943467 
1577.687321  	96.597355 
1579.118979  	96.240441 
1580.550637  	95.548297 
1581.982295  	94.382361 
1583.413954  	92.907466 
1584.845612  	90.683221 
1586.277270  	87.827672 
1587.708928  	84.337696 
1589.140586  	79.844809 
1590.572245  	75.387824 
1592.003903  	71.008357 
1593.435561  	67.353025 
1594.867219  	65.452681 
1596.298877  	64.420226 
1597.730535  	65.094379 
1599.162194  	66.944476 
1600.593852  	69.024236 
1602.025510  	71.927252 
1603.457168  	74.540153 
1604.888826  	76.588471 
1606.320485  	78.376565 
1607.752143  	79.301658 
1609.183801  	79.902500 
1610.615459  	80.212493 
1612.047117  	80.223905 
1613.478775  	80.942956 
1614.910434  	81.761727 
1616.342092  	83.279531 
1617.773750  	86.419696 
1619.205408  	88.408037 
1620.637066  	90.317846 
1622.068725  	92.233049 
1623.500383  	93.313652 
1624.932041  	94.427685 
1626.363699  	94.940514 
1627.795357  	94.774699 
1629.227016  	94.898924 
1630.658674  	94.518614 
1632.090332  	93.710299 
1633.521990  	93.091558 
1634.953648  	91.977844 
1636.385306  	91.324459 
1637.816965  	92.146613 
1639.248623  	92.951559 
1640.680281  	94.283852 
1642.111939  	95.159920 
1643.543597  	95.669282 
1644.975256  	96.319052 
1646.406914  	96.102495 
1647.838572  	96.307067 
1649.270230  	96.599512 
1650.701888  	96.214047 
1652.133547  	96.414070 
1653.565205  	95.964485 
1654.996863  	95.264924 
1656.428521  	95.459877 
1657.860179  	94.797271 
1659.291837  	94.324740 
1660.723496  	94.027113 
1662.155154  	92.982594 
1663.586812  	92.639871 
1665.018470  	92.000280 
1666.450128  	90.952325 
1667.881787  	90.578718 
1669.313445  	89.265819 
1670.745103  	88.010685 
1672.176761  	87.298647 
1673.608419  	85.455747 
1675.040077  	84.108879 
1676.471736  	81.960346 
1677.903394  	79.287093 
1679.335052  	77.626305 
1680.766710  	74.493174 
1682.198368  	71.466732 
1683.630027  	69.726934 
1685.061685  	63.801770 
1686.493343  	60.487298 
1687.925001  	57.634065 
1689.356659  	52.819232 
1690.788318  	49.126636 
1692.219976  	45.139530 
1693.651634  	41.040234 
1695.083292  	38.747337 
1696.514950  	35.735057 
1697.946608  	33.878018 
1699.378267  	34.209508 
1700.809925  	36.786820 
1702.241583  	39.686816 
1703.673241  	41.944877 
1705.104899  	45.228998 
1706.536558  	49.377229 
1707.968216  	52.767793 
1709.399874  	55.540634 
1710.831532  	58.290747 
1712.263190  	60.944427 
1713.694849  	62.932589 
1715.126507  	65.158454 
1716.558165  	67.327646 
1717.989823  	68.855111 
1719.421481  	70.857012 
1720.853139  	71.672640 
1722.284798  	71.853940 
1723.716456  	72.235117 
1725.148114  	72.021368 
1726.579772  	71.692728 
1728.011430  	71.738103 
1729.443089  	71.933361 
1730.874747  	73.075416 
1732.306405  	74.358377 
1733.738063  	75.900004 
1735.169721  	80.218839 
1736.601379  	82.588408 
1738.033038  	84.555362 
1739.464696  	87.832279 
1740.896354  	90.492778 
1742.328012  	92.869161 
1743.759670  	95.112101 
1745.191329  	96.511239 
1746.622987  	98.269898 
1748.054645  	99.296634 
1749.486303  	99.948926 
1750.917961  	101.161319 
1752.349620  	101.317603 
1753.781278  	101.857138 
1755.212936  	102.386136 
1756.644594  	102.237445 
1758.076252  	102.839463 
1759.507910  	102.969972 
1760.939569  	102.760199 
1762.371227  	103.321481 
1763.802885  	103.221795 
1765.234543  	103.273638 
1766.666201  	103.552107 
1768.097860  	103.240862 
1769.529518  	103.547676 
1770.961176  	103.604711 
1772.392834  	103.138101 
1773.824492  	103.656453 
1775.256150  	103.554024 
1776.687809  	103.454415 
1778.119467  	103.752745 
1779.551125  	103.560808 
1780.982783  	103.750926 
1782.414441  	103.876812 
1783.846100  	103.584949 
1785.277758  	103.796899 
1786.709416  	103.686327 
1788.141074  	103.594699 
1789.572732  	103.892658 
1791.004391  	103.661342 
1792.436049  	103.704574 
1793.867707  	103.889340 
1795.299365  	103.663925 
1796.731023  	103.914197 
1798.162681  	103.879219 
1799.594340  	103.735360 
1801.025998  	104.059493 
1802.457656  	103.889523 
1803.889314  	103.948953 
1805.320972  	104.135029 
1806.752631  	103.912417 
1808.184289  	104.140886 
1809.615947  	104.199555 
1811.047605  	104.023159 
1812.479263  	104.336216 
1813.910922  	104.267108 
1815.342580  	104.334275 
1816.774238  	104.587784 
1818.205896  	104.311400 
1819.637554  	104.443351 
1821.069212  	104.494406 
1822.500871  	104.308144 
1823.932529  	104.651092 
1825.364187  	104.533053 
1826.795845  	104.519107 
1828.227503  	104.931424 
1829.659162  	104.687783 
1831.090820  	104.808503 
1832.522478  	104.982466 
1833.954136  	104.759878 
1835.385794  	105.055580 
1836.817452  	105.043761 
1838.249111  	104.934986 
1839.680769  	105.257622 
1841.112427  	105.051191 
1842.544085  	105.074912 
1843.975743  	105.258693 
1845.407402  	104.903255 
1846.839060  	105.193467 
1848.270718  	105.242548 
1849.702376  	105.216059 
1851.134034  	105.621525 
1852.565693  	105.348436 
1853.997351  	105.293553 
1855.429009  	105.527634 
1856.860667  	105.130566 
1858.292325  	105.277837 
1859.723983  	105.395925 
1861.155642  	105.101636 
1862.587300  	105.387519 
1864.018958  	105.326529 
1865.450616  	105.222705 
1866.882274  	105.415736 
1868.313933  	105.054980 
1869.745591  	105.222481 
1871.177249  	105.345403 
1872.608907  	105.049515 
1874.040565  	105.379183 
1875.472224  	105.307993 
1876.903882  	105.050440 
1878.335540  	105.220991 
1879.767198  	104.929584 
1881.198856  	105.024651 
1882.630514  	105.208004 
1884.062173  	104.824983 
1885.493831  	105.054452 
1886.925489  	105.095499 
1888.357147  	104.824355 
1889.788805  	105.021478 
1891.220464  	104.783624 
1892.652122  	104.833491 
1894.083780  	105.021231 
1895.515438  	104.603030 
1896.947096  	104.785410 
1898.378754  	104.797184 
1899.810413  	104.457322 
1901.242071  	104.758132 
1902.673729  	104.643876 
1904.105387  	104.518100 
1905.537045  	104.662778 
1906.968704  	104.330391 
1908.400362  	104.511600 
1909.832020  	104.567323 
1911.263678  	104.320546 
1912.695336  	104.874445 
1914.126995  	104.870508 
1915.558653  	104.704270 
1916.990311  	105.109148 
1918.421969  	104.965303 
1919.853627  	105.265407 
1921.285285  	105.566451 
1922.716944  	105.186075 
1924.148602  	105.394862 
1925.580260  	105.299249 
1927.011918  	105.156451 
1928.443576  	105.545337 
1929.875235  	105.188660 
1931.306893  	105.239964 
1932.738551  	105.514412 
1934.170209  	105.091379 
1935.601867  	105.513955 
1937.033525  	105.585917 
1938.465184  	105.204779 
1939.896842  	105.777279 
1941.328500  	105.700972 
1942.760158  	105.562387 
1944.191816  	105.680672 
1945.623475  	105.083462 
1947.055133  	105.522591 
1948.486791  	105.826965 
1949.918449  	105.405370 
1951.350107  	105.728052 
1952.781766  	105.283390 
1954.213424  	105.273066 
1955.645082  	106.089029 
1957.076740  	105.420035 
1958.508398  	105.401012 
1959.940056  	105.705628 
1961.371715  	105.127127 
1962.803373  	105.597302 
1964.235031  	105.308379 
1965.666689  	104.919341 
1967.098347  	105.547720 
1968.530006  	104.749781 
1969.961664  	104.826568 
1971.393322  	105.529435 
1972.824980  	105.146618 
1974.256638  	105.729387 
1975.688297  	105.376260 
1977.119955  	104.854416 
1978.551613  	105.604255 
1979.983271  	104.682854 
1981.414929  	104.752765 
1982.846587  	105.648589 
1984.278246  	105.005997 
1985.709904  	105.273807 
1987.141562  	105.516295 
1988.573220  	105.423055 
1990.004878  	106.338308 
1991.436537  	105.901838 
1992.868195  	105.618570 
1994.299853  	106.139151 
1995.731511  	105.403544 
1997.163169  	105.626968 
1998.594827  	106.078363 
2000.026486  	105.551280 
2001.458144  	105.805544 
2002.889802  	105.408031 
2004.321460  	105.082865 
2005.753118  	105.653718 
2007.184777  	105.099461 
2008.616435  	105.122145 
2010.048093  	105.280538 
2011.479751  	104.791111 
2012.911409  	105.447831 
2014.343068  	105.203563 
2015.774726  	104.708524 
2017.206384  	105.113830 
2018.638042  	104.494976 
2020.069700  	104.994557 
2021.501358  	105.717941 
2022.933017  	104.917143 
2024.364675  	105.081561 
2025.796333  	104.695540 
2027.227991  	104.419038 
2028.659649  	105.597974 
2030.091308  	105.034631 
2031.522966  	104.916889 
2032.954624  	106.066444 
2034.386282  	105.780507 
2035.817940  	105.811437 
2037.249599  	105.452544 
2038.681257  	104.805629 
2040.112915  	105.322755 
2041.544573  	105.108021 
2042.976231  	105.306975 
2044.407889  	106.041471 
2045.839548  	105.459908 
2047.271206  	105.325564 
2048.702864  	105.140577 
2050.134522  	104.798893 
2051.566180  	105.481211 
2052.997839  	105.432629 
2054.429497  	105.276569 
2055.861155  	105.636754 
2057.292813  	105.333991 
2058.724471  	105.584202 
2060.156129  	105.933322 
2061.587788  	105.632901 
2063.019446  	105.687510 
2064.451104  	105.219068 
2065.882762  	105.014614 
2067.314420  	105.577644 
2068.746079  	105.215238 
2070.177737  	105.117301 
2071.609395  	105.440183 
2073.041053  	105.179943 
2074.472711  	105.499783 
2075.904370  	105.749814 
2077.336028  	105.539178 
2078.767686  	105.661857 
2080.199344  	105.519531 
2081.631002  	105.548586 
2083.062660  	105.623509 
2084.494319  	105.291956 
2085.925977  	105.479237 
2087.357635  	105.457554 
2088.789293  	105.241465 
2090.220951  	105.694369 
2091.652610  	105.696014 
2093.084268  	105.626011 
2094.515926  	105.797550 
2095.947584  	105.348200 
2097.379242  	105.441349 
2098.810901  	105.825090 
2100.242559  	105.661842 
2101.674217  	105.784421 
2103.105875  	105.711818 
2104.537533  	105.554756 
2105.969191  	105.693581 
2107.400850  	105.466321 
2108.832508  	105.484146 
2110.264166  	105.576553 
2111.695824  	105.354865 
2113.127482  	105.517137 
2114.559141  	105.445307 
2115.990799  	105.333084 
2117.422457  	105.706185 
2118.854115  	105.680509 
2120.285773  	105.611531 
2121.717431  	105.669320 
2123.149090  	105.630552 
2124.580748  	105.940975 
2126.012406  	105.777069 
2127.444064  	105.540979 
2128.875722  	105.959134 
2130.307381  	105.798755 
2131.739039  	105.661728 
2133.170697  	105.790814 
2134.602355  	105.472360 
2136.034013  	105.876432 
2137.465672  	105.776899 
2138.897330  	104.889572 
2140.328988  	105.333533 
2141.760646  	105.631689 
2143.192304  	105.389629 
2144.623962  	105.532162 
2146.055621  	105.225370 
2147.487279  	105.369412 
2148.918937  	105.400120 
2150.350595  	104.909214 
2151.782253  	105.325253 
2153.213912  	105.065179 
2154.645570  	104.627837 
2156.077228  	104.903430 
2157.508886  	104.105891 
2158.940544  	104.479447 
2160.372202  	105.388786 
2161.803861  	104.670662 
2163.235519  	104.875262 
2164.667177  	104.736927 
2166.098835  	104.407845 
2167.530493  	104.912774 
2168.962152  	104.682551 
2170.393810  	105.044999 
2171.825468  	105.434386 
2173.257126  	104.733830 
2174.688784  	104.910727 
2176.120443  	104.491267 
2177.552101  	103.905133 
2178.983759  	105.074926 
2180.415417  	105.320245 
2181.847075  	104.978116 
2183.278733  	105.164248 
2184.710392  	104.811398 
2186.142050  	105.214371 
2187.573708  	105.339294 
2189.005366  	104.852883 
2190.437024  	105.384306 
2191.868683  	105.111503 
2193.300341  	104.556172 
2194.731999  	105.044969 
2196.163657  	105.163717 
2197.595315  	105.475138 
2199.026974  	105.575732 
2200.458632  	105.056382 
2201.890290  	105.394907 
2203.321948  	105.337106 
2204.753606  	104.973164 
2206.185264  	105.376985 
2207.616923  	105.181313 
2209.048581  	105.097122 
2210.480239  	105.449161 
2211.911897  	105.284854 
2213.343555  	105.368409 
2214.775214  	105.276715 
2216.206872  	105.078870 
2217.638530  	105.366584 
2219.070188  	105.326972 
2220.501846  	105.560483 
2221.933504  	105.740630 
2223.365163  	105.237759 
2224.796821  	105.411996 
2226.228479  	105.519867 
2227.660137  	105.289719 
2229.091795  	105.553033 
2230.523454  	105.213675 
2231.955112  	105.074533 
2233.386770  	105.626596 
2234.818428  	105.468676 
2236.250086  	105.399924 
2237.681745  	105.548743 
2239.113403  	105.448382 
2240.545061  	105.747636 
2241.976719  	105.774003 
2243.408377  	105.650405 
2244.840035  	105.764485 
2246.271694  	105.460691 
2247.703352  	105.433685 
2249.135010  	105.518672 
2250.566668  	105.250477 
2251.998326  	105.441697 
2253.429985  	105.582030 
2254.861643  	105.572833 
2256.293301  	105.728183 
2257.724959  	105.421027 
2259.156617  	105.387914 
2260.588276  	105.637680 
2262.019934  	105.462917 
2263.451592  	105.581860 
2264.883250  	105.677084 
2266.314908  	105.436366 
2267.746566  	105.423548 
2269.178225  	105.404883 
2270.609883  	105.595321 
2272.041541  	105.765448 
2273.473199  	105.488761 
2274.904857  	105.471369 
2276.336516  	105.417311 
2277.768174  	105.248750 
2279.199832  	105.486518 
2280.631490  	105.476494 
2282.063148  	105.415499 
2283.494806  	105.605222 
2284.926465  	105.516053 
2286.358123  	105.553961 
2287.789781  	105.627423 
2289.221439  	105.489112 
2290.653097  	105.617965 
2292.084756  	105.591858 
2293.516414  	105.383681 
2294.948072  	105.453586 
2296.379730  	105.436159 
2297.811388  	105.447930 
2299.243047  	105.589051 
2300.674705  	105.555757 
2302.106363  	105.574005 
2303.538021  	105.597105 
2304.969679  	105.576813 
2306.401337  	105.609912 
2307.832996  	105.501781 
2309.264654  	105.506877 
2310.696312  	105.600879 
2312.127970  	105.567215 
2313.559628  	105.699433 
2314.991287  	105.714307 
2316.422945  	105.603700 
2317.854603  	105.716579 
2319.286261  	105.619722 
2320.717919  	105.486210 
2322.149577  	105.606376 
2323.581236  	105.580066 
2325.012894  	105.557680 
2326.444552  	105.528793 
2327.876210  	105.412081 
2329.307868  	105.426710 
2330.739527  	105.355633 
2332.171185  	105.348752 
2333.602843  	105.481382 
2335.034501  	105.344334 
2336.466159  	105.269699 
2337.897818  	105.295479 
2339.329476  	105.183787 
2340.761134  	105.225086 
2342.192792  	105.240222 
2343.624450  	105.251897 
2345.056108  	105.371579 
2346.487767  	105.354388 
2347.919425  	105.515666 
2349.351083  	105.631812 
2350.782741  	105.396924 
2352.214399  	105.288241 
2353.646058  	105.316458 
2355.077716  	105.205938 
2356.509374  	105.200509 
2357.941032  	105.111255 
2359.372690  	105.168020 
2360.804349  	105.319474 
2362.236007  	105.093685 
2363.667665  	105.088156 
2365.099323  	105.191583 
2366.530981  	105.129842 
2367.962639  	105.285834 
2369.394298  	105.248351 
2370.825956  	105.150543 
2372.257614  	105.277449 
2373.689272  	105.281934 
2375.120930  	105.419924 
2376.552589  	105.590020 
2377.984247  	105.568401 
2379.415905  	105.651829 
2380.847563  	105.670780 
2382.279221  	105.706133 
2383.710879  	105.910182 
2385.142538  	105.918129 
2386.574196  	105.879862 
2388.005854  	105.913924 
2389.437512  	105.877977 
2390.869170  	105.961699 
2392.300829  	105.985685 
2393.732487  	105.925746 
2395.164145  	105.985880 
2396.595803  	105.922896 
2398.027461  	105.925947 
2399.459120  	106.034035 
2400.890778  	105.927745 
2402.322436  	105.938681 
2403.754094  	106.031571 
2405.185752  	105.979567 
2406.617410  	105.973091 
2408.049069  	105.872535 
2409.480727  	105.865218 
2410.912385  	106.043396 
2412.344043  	105.990694 
2413.775701  	105.967268 
2415.207360  	106.047113 
2416.639018  	105.976360 
2418.070676  	105.978922 
2419.502334  	105.959475 
2420.933992  	105.920079 
2422.365651  	106.008938 
2423.797309  	105.999244 
2425.228967  	106.027197 
2426.660625  	106.059142 
2428.092283  	105.935520 
2429.523941  	105.923345 
2430.955600  	105.883897 
2432.387258  	105.853034 
2433.818916  	105.972883 
2435.250574  	105.876771 
2436.682232  	105.823098 
2438.113891  	105.978550 
2439.545549  	105.965807 
2440.977207  	105.944278 
2442.408865  	105.911166 
2443.840523  	105.817642 
2445.272181  	105.872127 
2446.703840  	105.901762 
2448.135498  	105.949205 
2449.567156  	106.000953 
2450.998814  	105.921580 
2452.430472  	105.978047 
2453.862131  	105.916059 
2455.293789  	105.673126 
2456.725447  	105.721918 
2458.157105  	105.795522 
2459.588763  	105.759997 
2461.020422  	105.779843 
2462.452080  	105.738480 
2463.883738  	105.804452 
2465.315396  	105.850474 
2466.747054  	105.779256 
2468.178712  	105.869367 
2469.610371  	105.848803 
2471.042029  	105.769442 
2472.473687  	105.842827 
2473.905345  	105.759861 
2475.337003  	105.750102 
2476.768662  	105.828909 
2478.200320  	105.717795 
2479.631978  	105.727031 
2481.063636  	105.742083 
2482.495294  	105.686148 
2483.926953  	105.753520 
2485.358611  	105.698813 
2486.790269  	105.728252 
2488.221927  	105.851176 
2489.653585  	105.722668 
2491.085243  	105.703834 
2492.516902  	105.726414 
2493.948560  	105.648471 
2495.380218  	105.785505 
2496.811876  	105.832989 
2498.243534  	105.832326 
2499.675193  	105.948194 
2501.106851  	105.789524 
2502.538509  	105.697064 
2503.970167  	105.827343 
2505.401825  	105.799322 
2506.833483  	105.797879 
2508.265142  	105.793774 
2509.696800  	105.718796 
2511.128458  	105.730227 
2512.560116  	105.694843 
2513.991774  	105.747029 
2515.423433  	105.880464 
2516.855091  	105.924728 
2518.286749  	106.026195 
2519.718407  	105.955209 
2521.150065  	105.764015 
2522.581724  	105.811144 
2524.013382  	105.866651 
2525.445040  	105.914042 
2526.876698  	105.948921 
2528.308356  	105.824825 
2529.740014  	105.821745 
2531.171673  	105.826137 
2532.603331  	105.754176 
2534.034989  	105.811161 
2535.466647  	105.757021 
2536.898305  	105.730693 
2538.329964  	105.852906 
2539.761622  	105.796664 
2541.193280  	105.783773 
2542.624938  	105.861065 
2544.056596  	105.856889 
2545.488254  	105.926581 
2546.919913  	105.886900 
2548.351571  	105.758531 
2549.783229  	105.739168 
2551.214887  	105.702981 
2552.646545  	105.742543 
2554.078204  	105.726734 
2555.509862  	105.566655 
2556.941520  	105.604120 
2558.373178  	105.699222 
2559.804836  	105.696336 
2561.236495  	105.619126 
2562.668153  	105.437949 
2564.099811  	105.504429 
2565.531469  	105.667929 
2566.963127  	105.623566 
2568.394785  	105.681901 
2569.826444  	105.641380 
2571.258102  	105.453701 
2572.689760  	105.525791 
2574.121418  	105.587661 
2575.553076  	105.565654 
2576.984735  	105.621060 
2578.416393  	105.564251 
2579.848051  	105.500802 
2581.279709  	105.495727 
2582.711367  	105.527342 
2584.143026  	105.616810 
2585.574684  	105.559077 
2587.006342  	105.516768 
2588.438000  	105.566109 
2589.869658  	105.492456 
2591.301316  	105.516161 
2592.732975  	105.563226 
2594.164633  	105.449427 
2595.596291  	105.406498 
2597.027949  	105.363920 
2598.459607  	105.348000 
2599.891266  	105.413465 
2601.322924  	105.309218 
2602.754582  	105.232620 
2604.186240  	105.332506 
2605.617898  	105.433713 
2607.049556  	105.475650 
2608.481215  	105.364216 
2609.912873  	105.350993 
2611.344531  	105.493615 
2612.776189  	105.388990 
2614.207847  	105.299951 
2615.639506  	105.401008 
2617.071164  	105.427744 
2618.502822  	105.520217 
2619.934480  	105.532908 
2621.366138  	105.360384 
2622.797797  	105.354659 
2624.229455  	105.387554 
2625.661113  	105.355022 
2627.092771  	105.374581 
2628.524429  	105.318093 
2629.956087  	105.281373 
2631.387746  	105.296815 
2632.819404  	105.249894 
2634.251062  	105.254680 
2635.682720  	105.273945 
2637.114378  	105.292033 
2638.546037  	105.342100 
2639.977695  	105.295892 
2641.409353  	105.269746 
2642.841011  	105.309556 
2644.272669  	105.281812 
2645.704328  	105.282653 
2647.135986  	105.303747 
2648.567644  	105.274300 
2649.999302  	105.249679 
2651.430960  	105.223462 
2652.862618  	105.229795 
2654.294277  	105.231567 
2655.725935  	105.182726 
2657.157593  	105.161358 
2658.589251  	105.119278 
2660.020909  	105.088929 
2661.452568  	105.115458 
2662.884226  	105.060767 
2664.315884  	105.005760 
2665.747542  	105.003079 
2667.179200  	104.948341 
2668.610858  	104.932991 
2670.042517  	104.925972 
2671.474175  	104.862798 
2672.905833  	104.841425 
2674.337491  	104.817968 
2675.769149  	104.813481 
2677.200808  	104.832515 
2678.632466  	104.760833 
2680.064124  	104.711084 
2681.495782  	104.696358 
2682.927440  	104.634763 
2684.359099  	104.617854 
2685.790757  	104.581118 
2687.222415  	104.503540 
2688.654073  	104.465517 
2690.085731  	104.386965 
2691.517389  	104.308209 
2692.949048  	104.251891 
2694.380706  	104.155314 
2695.812364  	104.102683 
2697.244022  	104.048433 
2698.675680  	103.954832 
2700.107339  	103.921841 
2701.538997  	103.902865 
2702.970655  	103.883268 
2704.402313  	103.855579 
2705.833971  	103.766314 
2707.265630  	103.710189 
2708.697288  	103.685890 
2710.128946  	103.629402 
2711.560604  	103.569049 
2712.992262  	103.497771 
2714.423920  	103.464176 
2715.855579  	103.442939 
2717.287237  	103.362920 
2718.718895  	103.310972 
2720.150553  	103.267022 
2721.582211  	103.217389 
2723.013870  	103.205291 
2724.445528  	103.095209 
2725.877186  	102.939366 
2727.308844  	102.875630 
2728.740502  	102.816150 
2730.172160  	102.746166 
2731.603819  	102.661714 
2733.035477  	102.572904 
2734.467135  	102.551995 
2735.898793  	102.487182 
2737.330451  	102.387636 
2738.762110  	102.360601 
2740.193768  	102.316023 
2741.625426  	102.277084 
2743.057084  	102.269884 
2744.488742  	102.231740 
2745.920401  	102.234034 
2747.352059  	102.241706 
2748.783717  	102.209446 
2750.215375  	102.207203 
2751.647033  	102.204932 
2753.078691  	102.202170 
2754.510350  	102.172424 
2755.942008  	102.100572 
2757.373666  	102.121420 
2758.805324  	102.157808 
2760.236982  	102.096920 
2761.668641  	102.036942 
2763.100299  	101.969655 
2764.531957  	101.907201 
2765.963615  	101.894558 
2767.395273  	101.851418 
2768.826931  	101.781207 
2770.258590  	101.703882 
2771.690248  	101.614547 
2773.121906  	101.516952 
2774.553564  	101.375226 
2775.985222  	101.274607 
2777.416881  	101.203041 
2778.848539  	101.023026 
2780.280197  	100.817897 
2781.711855  	100.605240 
2783.143513  	100.314796 
2784.575172  	100.009395 
2786.006830  	99.666495 
2787.438488  	99.310924 
2788.870146  	99.001192 
2790.301804  	98.676945 
2791.733462  	98.387356 
2793.165121  	98.141227 
2794.596779  	97.922489 
2796.028437  	97.834755 
2797.460095  	97.799547 
2798.891753  	97.793775 
2800.323412  	97.933599 
2801.755070  	98.087524 
2803.186728  	98.220904 
2804.618386  	98.451366 
2806.050044  	98.700693 
2807.481703  	98.933860 
2808.913361  	99.168856 
2810.345019  	99.348987 
2811.776677  	99.445528 
2813.208335  	99.445615 
2814.639993  	99.414078 
2816.071652  	99.373267 
2817.503310  	99.237146 
2818.934968  	99.013200 
2820.366626  	98.719545 
2821.798284  	98.350930 
2823.229943  	97.914868 
2824.661601  	97.405779 
2826.093259  	96.868532 
2827.524917  	96.236856 
2828.956575  	95.456431 
2830.388233  	94.646511 
2831.819892  	93.774212 
2833.251550  	92.808139 
2834.683208  	91.820523 
2836.114866  	90.726594 
2837.546524  	89.540180 
2838.978183  	88.335816 
2840.409841  	87.039941 
2841.841499  	85.643138 
2843.273157  	84.116740 
2844.704815  	82.369175 
2846.136474  	80.341592 
2847.568132  	78.109507 
2848.999790  	76.255490 
2850.431448  	75.501596 
2851.863106  	75.844509 
2853.294764  	76.633483 
2854.726423  	77.313178 
2856.158081  	77.756041 
2857.589739  	78.101051 
2859.021397  	78.437233 
2860.453055  	78.811099 
2861.884714  	79.278206 
2863.316372  	79.758074 
2864.748030  	80.212011 
2866.179688  	80.720836 
2867.611346  	81.265897 
2869.043005  	81.803287 
2870.474663  	82.360679 
2871.906321  	83.017921 
2873.337979  	83.830702 
2874.769637  	84.736539 
2876.201295  	85.742035 
2877.632954  	86.840568 
2879.064612  	87.826713 
2880.496270  	88.645958 
2881.927928  	89.365961 
2883.359586  	89.932300 
2884.791245  	90.331036 
2886.222903  	90.577700 
2887.654561  	90.693852 
2889.086219  	90.684893 
2890.517877  	90.546887 
2891.949535  	90.392744 
2893.381194  	90.218794 
2894.812852  	89.959520 
2896.244510  	89.710687 
2897.676168  	89.464402 
2899.107826  	89.180560 
2900.539485  	88.879490 
2901.971143  	88.528600 
2903.402801  	88.208656 
2904.834459  	87.876000 
2906.266117  	87.342821 
2907.697776  	86.700152 
2909.129434  	86.023557 
2910.561092  	85.204402 
2911.992750  	84.124554 
2913.424408  	82.640313 
2914.856066  	80.959334 
2916.287725  	79.660033 
2917.719383  	79.109948 
2919.151041  	79.277918 
2920.582699  	79.923498 
2922.014357  	80.811978 
2923.446016  	81.739596 
2924.877674  	82.450333 
2926.309332  	82.893027 
2927.740990  	83.178525 
2929.172648  	83.285583 
2930.604306  	83.261976 
2932.035965  	83.161136 
2933.467623  	82.974717 
2934.899281  	82.823191 
2936.330939  	82.718680 
2937.762597  	82.627749 
2939.194256  	82.659393 
2940.625914  	82.785265 
2942.057572  	82.932793 
2943.489230  	83.144940 
2944.920888  	83.440006 
2946.352547  	83.814998 
2947.784205  	84.210304 
2949.215863  	84.621327 
2950.647521  	85.119172 
2952.079179  	85.609167 
2953.510837  	86.032425 
2954.942496  	86.467821 
2956.374154  	86.998300 
2957.805812  	87.720524 
2959.237470  	88.500463 
2960.669128  	89.221250 
2962.100787  	90.074760 
2963.532445  	91.020989 
2964.964103  	91.909204 
2966.395761  	92.805475 
2967.827419  	93.707766 
2969.259078  	94.620637 
2970.690736  	95.481636 
2972.122394  	96.227150 
2973.554052  	97.037557 
2974.985710  	97.841705 
2976.417368  	98.486768 
2977.849027  	99.120579 
2979.280685  	99.717069 
2980.712343  	100.208550 
2982.144001  	100.640187 
2983.575659  	100.995334 
2985.007318  	101.354135 
2986.438976  	101.691708 
2987.870634  	101.955697 
2989.302292  	102.221292 
2990.733950  	102.390790 
2992.165608  	102.504652 
2993.597267  	102.695814 
2995.028925  	102.816555 
2996.460583  	102.860587 
2997.892241  	102.910689 
2999.323899  	102.931956 
3000.755558  	102.984314 
3002.187216  	103.050991 
3003.618874  	103.082333 
3005.050532  	103.079623 
3006.482190  	103.036739 
3007.913849  	103.076681 
3009.345507  	103.140486 
3010.777165  	103.070427 
3012.208823  	103.046037 
3013.640481  	103.153979 
3015.072139  	103.233739 
3016.503798  	103.205746 
3017.935456  	103.106970 
3019.367114  	103.063369 
3020.798772  	103.038045 
3022.230430  	102.943545 
3023.662089  	102.866539 
3025.093747  	102.737108 
3026.525405  	102.496732 
3027.957063  	102.261468 
3029.388721  	102.050608 
3030.820380  	101.925564 
3032.252038  	101.872452 
3033.683696  	101.768013 
3035.115354  	101.685638 
3036.547012  	101.608239 
3037.978670  	101.455923 
3039.410329  	101.325403 
3040.841987  	101.266186 
3042.273645  	101.297593 
3043.705303  	101.342977 
3045.136961  	101.295709 
3046.568620  	101.282807 
3048.000278  	101.340124 
3049.431936  	101.427295 
3050.863594  	101.588089 
3052.295252  	101.685469 
3053.726910  	101.677329 
3055.158569  	101.688567 
3056.590227  	101.714228 
3058.021885  	101.752640 
3059.453543  	101.788017 
3060.885201  	101.831523 
3062.316860  	101.912515 
3063.748518  	101.953719 
3065.180176  	102.059620 
3066.611834  	102.250222 
3068.043492  	102.336675 
3069.475151  	102.431201 
3070.906809  	102.556790 
3072.338467  	102.621607 
3073.770125  	102.784070 
3075.201783  	102.954663 
3076.633441  	103.015875 
3078.065100  	103.100590 
3079.496758  	103.195095 
3080.928416  	103.303919 
3082.360074  	103.382639 
3083.791732  	103.387870 
3085.223391  	103.463803 
3086.655049  	103.478296 
3088.086707  	103.442434 
3089.518365  	103.593832 
3090.950023  	103.670863 
3092.381682  	103.606724 
3093.813340  	103.640683 
3095.244998  	103.653918 
3096.676656  	103.639396 
3098.108314  	103.633444 
3099.539972  	103.573606 
3100.971631  	103.567254 
3102.403289  	103.513291 
3103.834947  	103.356110 
3105.266605  	103.246516 
3106.698263  	103.141667 
3108.129922  	103.054191 
3109.561580  	102.931809 
3110.993238  	102.722304 
3112.424896  	102.641252 
3113.856554  	102.569338 
3115.288212  	102.382221 
3116.719871  	102.320346 
3118.151529  	102.309877 
3119.583187  	102.240930 
3121.014845  	102.183714 
3122.446503  	102.128718 
3123.878162  	102.165075 
3125.309820  	102.208390 
3126.741478  	102.186788 
3128.173136  	102.306669 
3129.604794  	102.497901 
3131.036453  	102.667033 
3132.468111  	102.875021 
3133.899769  	103.028297 
3135.331427  	103.158365 
3136.763085  	103.260134 
3138.194743  	103.333503 
3139.626402  	103.566293 
3141.058060  	103.786053 
3142.489718  	103.860388 
3143.921376  	103.990867 
3145.353034  	104.091188 
3146.784693  	104.112201 
3148.216351  	104.169331 
3149.648009  	104.185327 
3151.079667  	104.147623 
3152.511325  	104.144464 
3153.942983  	104.230360 
3155.374642  	104.299784 
3156.806300  	104.221895 
3158.237958  	104.193282 
3159.669616  	104.225278 
3161.101274  	104.127371 
3162.532933  	104.038352 
3163.964591  	103.959471 
3165.396249  	103.853713 
3166.827907  	103.867901 
3168.259565  	103.841034 
3169.691224  	103.718072 
3171.122882  	103.642028 
3172.554540  	103.521628 
3173.986198  	103.369080 
3175.417856  	103.226399 
3176.849514  	103.050604 
3178.281173  	102.877220 
3179.712831  	102.663180 
3181.144489  	102.474180 
3182.576147  	102.355179 
3184.007805  	102.202806 
3185.439464  	102.117123 
3186.871122  	102.023080 
3188.302780  	101.798543 
3189.734438  	101.701566 
3191.166096  	101.698650 
3192.597755  	101.629042 
3194.029413  	101.622533 
3195.461071  	101.668230 
3196.892729  	101.788353 
3198.324387  	101.980560 
3199.756045  	102.051838 
3201.187704  	102.076085 
3202.619362  	102.148150 
3204.051020  	102.239209 
3205.482678  	102.343892 
3206.914336  	102.320314 
3208.345995  	102.236144 
3209.777653  	102.245663 
3211.209311  	102.236193 
3212.640969  	102.177775 
3214.072627  	102.050456 
3215.504285  	101.904475 
3216.935944  	101.904210 
3218.367602  	101.847634 
3219.799260  	101.660825 
3221.230918  	101.577075 
3222.662576  	101.481848 
3224.094235  	101.273336 
3225.525893  	101.106104 
3226.957551  	101.014529 
3228.389209  	100.911762 
3229.820867  	100.729822 
3231.252526  	100.576789 
3232.684184  	100.481929 
3234.115842  	100.288834 
3235.547500  	100.091622 
3236.979158  	99.947336 
3238.410816  	99.751334 
3239.842475  	99.605366 
3241.274133  	99.485976 
3242.705791  	99.280497 
3244.137449  	99.059790 
3245.569107  	98.831625 
3247.000766  	98.609498 
3248.432424  	98.405637 
3249.864082  	98.223568 
3251.295740  	98.141797 
3252.727398  	98.011647 
3254.159057  	97.740709 
3255.590715  	97.521981 
3257.022373  	97.370745 
3258.454031  	97.209264 
3259.885689  	96.984416 
3261.317347  	96.678449 
3262.749006  	96.443726 
3264.180664  	96.244719 
3265.612322  	95.992210 
3267.043980  	95.764014 
3268.475638  	95.487838 
3269.907297  	95.205968 
3271.338955  	94.967288 
3272.770613  	94.612200 
3274.202271  	94.317691 
3275.633929  	94.147123 
3277.065587  	93.784653 
3278.497246  	93.336870 
3279.928904  	92.986345 
3281.360562  	92.605421 
3282.792220  	92.180781 
3284.223878  	91.752470 
3285.655537  	91.335873 
3287.087195  	90.926599 
3288.518853  	90.481894 
3289.950511  	90.040414 
3291.382169  	89.565913 
3292.813828  	89.030875 
3294.245486  	88.531381 
3295.677144  	88.062215 
3297.108802  	87.650390 
3298.540460  	87.318827 
3299.972118  	87.010950 
3301.403777  	86.841197 
3302.835435  	86.808592 
3304.267093  	86.772503 
3305.698751  	86.791991 
3307.130409  	86.882003 
3308.562068  	87.014884 
3309.993726  	87.183782 
3311.425384  	87.275775 
3312.857042  	87.302262 
3314.288700  	87.296271 
3315.720359  	87.254660 
3317.152017  	87.275935 
3318.583675  	87.316950 
3320.015333  	87.332050 
3321.446991  	87.377918 
3322.878649  	87.388717 
3324.310308  	87.404785 
3325.741966  	87.505413 
3327.173624  	87.612074 
3328.605282  	87.715269 
3330.036940  	87.826217 
3331.468599  	87.990226 
3332.900257  	88.283877 
3334.331915  	88.601294 
3335.763573  	88.870185 
3337.195231  	89.151803 
3338.626889  	89.517680 
3340.058548  	90.014960 
3341.490206  	90.529086 
3342.921864  	90.986389 
3344.353522  	91.460486 
3345.785180  	91.956213 
3347.216839  	92.477303 
3348.648497  	92.982097 
3350.080155  	93.455180 
3351.511813  	93.990956 
3352.943471  	94.531285 
3354.375130  	95.072630 
3355.806788  	95.634619 
3357.238446  	96.087366 
3358.670104  	96.568604 
3360.101762  	97.091762 
3361.533420  	97.444993 
3362.965079  	97.826806 
3364.396737  	98.287005 
3365.828395  	98.652671 
3367.260053  	99.037061 
3368.691711  	99.372274 
3370.123370  	99.598067 
3371.555028  	99.854525 
3372.986686  	100.081352 
3374.418344  	100.311008 
3375.850002  	100.568562 
3377.281660  	100.740445 
3378.713319  	100.919390 
3380.144977  	101.118761 
3381.576635  	101.268622 
3383.008293  	101.374320 
3384.439951  	101.419994 
3385.871610  	101.543570 
3387.303268  	101.685669 
3388.734926  	101.717412 
3390.166584  	101.892118 
3391.598242  	102.123702 
3393.029901  	102.188747 
3394.461559  	102.307312 
3395.893217  	102.442417 
3397.324875  	102.460027 
3398.756533  	102.492881 
3400.188191  	102.558539 
3401.619850  	102.684906 
3403.051508  	102.839917 
3404.483166  	102.895053 
3405.914824  	102.905121 
3407.346482  	102.923456 
3408.778141  	103.028691 
3410.209799  	103.212541 
3411.641457  	103.275599 
3413.073115  	103.263302 
3414.504773  	103.257053 
3415.936432  	103.284538 
3417.368090  	103.459610 
3418.799748  	103.554666 
3420.231406  	103.460326 
3421.663064  	103.474842 
3423.094722  	103.582623 
3424.526381  	103.666525 
3425.958039  	103.733994 
3427.389697  	103.719157 
3428.821355  	103.716540 
3430.253013  	103.748656 
3431.684672  	103.738630 
3433.116330  	103.777809 
3434.547988  	103.859955 
3435.979646  	103.933671 
3437.411304  	103.992471 
3438.842962  	104.012097 
3440.274621  	104.050436 
3441.706279  	104.068785 
3443.137937  	104.058902 
3444.569595  	104.109579 
3446.001253  	104.106335 
3447.432912  	104.068872 
3448.864570  	104.166903 
3450.296228  	104.299568 
3451.727886  	104.337435 
3453.159544  	104.275183 
3454.591203  	104.281356 
3456.022861  	104.391594 
3457.454519  	104.370418 
3458.886177  	104.353164 
3460.317835  	104.460857 
3461.749493  	104.444103 
3463.181152  	104.407780 
3464.612810  	104.432905 
3466.044468  	104.399197 
3467.476126  	104.446093 
3468.907784  	104.486047 
3470.339443  	104.459349 
3471.771101  	104.530710 
3473.202759  	104.526391 
3474.634417  	104.444721 
3476.066075  	104.439761 
3477.497734  	104.415097 
3478.929392  	104.456289 
3480.361050  	104.492125 
3481.792708  	104.350442 
3483.224366  	104.309427 
3484.656024  	104.422878 
3486.087683  	104.508688 
3487.519341  	104.575292 
3488.950999  	104.570257 
3490.382657  	104.560494 
3491.814315  	104.598857 
3493.245974  	104.563423 
3494.677632  	104.480852 
3496.109290  	104.400094 
3497.540948  	104.378447 
3498.972606  	104.450302 
3500.404264  	104.483934 
3501.835923  	104.481650 
3503.267581  	104.455084 
3504.699239  	104.406827 
3506.130897  	104.499756 
3507.562555  	104.604126 
3508.994214  	104.574254 
3510.425872  	104.564416 
3511.857530  	104.631546 
3513.289188  	104.731347 
3514.720846  	104.748604 
3516.152505  	104.632916 
3517.584163  	104.639183 
3519.015821  	104.748904 
3520.447479  	104.729916 
3521.879137  	104.668493 
3523.310795  	104.634964 
3524.742454  	104.635953 
3526.174112  	104.676982 
3527.605770  	104.716471 
3529.037428  	104.814748 
3530.469086  	104.867421 
3531.900745  	104.820891 
3533.332403  	104.836333 
3534.764061  	104.836085 
3536.195719  	104.806745 
3537.627377  	104.878000 
3539.059035  	104.915580 
3540.490694  	104.934824 
3541.922352  	105.020209 
3543.354010  	105.039836 
3544.785668  	104.991247 
3546.217326  	104.948671 
3547.648985  	104.960261 
3549.080643  	105.057585 
3550.512301  	105.116241 
3551.943959  	105.080444 
3553.375617  	105.024863 
3554.807276  	105.044096 
3556.238934  	105.087799 
3557.670592  	105.052279 
3559.102250  	105.080140 
3560.533908  	105.215971 
3561.965566  	105.219653 
3563.397225  	105.149909 
3564.828883  	105.105800 
3566.260541  	105.047334 
3567.692199  	105.137182 
3569.123857  	105.279575 
3570.555516  	105.341454 
3571.987174  	105.410076 
3573.418832  	105.408000 
3574.850490  	105.442806 
3576.282148  	105.521027 
3577.713807  	105.459277 
3579.145465  	105.439346 
3580.577123  	105.476220 
3582.008781  	105.440031 
3583.440439  	105.486436 
3584.872097  	105.552165 
3586.303756  	105.570241 
3587.735414  	105.628086 
3589.167072  	105.644746 
3590.598730  	105.711773 
3592.030388  	105.752081 
3593.462047  	105.679787 
3594.893705  	105.741312 
3596.325363  	105.817125 
3597.757021  	105.750444 
3599.188679  	105.774310 
3600.620337  	105.809814 
3602.051996  	105.804306 
3603.483654  	105.817612 
3604.915312  	105.792859 
3606.346970  	105.829077 
3607.778628  	105.830636 
3609.210287  	105.740048 
3610.641945  	105.851570 
3612.073603  	105.907105 
3613.505261  	105.833166 
3614.936919  	105.947556 
3616.368578  	106.016624 
3617.800236  	105.929232 
3619.231894  	105.842906 
3620.663552  	105.827886 
3622.095210  	105.919337 
3623.526868  	105.935586 
3624.958527  	105.885570 
3626.390185  	105.949881 
3627.821843  	105.844813 
3629.253501  	105.412760 
3630.685159  	105.677218 
3632.116818  	106.063273 
3633.548476  	106.119967 
3634.980134  	106.159132 
3636.411792  	106.232701 
3637.843450  	106.152488 
3639.275109  	106.114604 
3640.706767  	106.225161 
3642.138425  	106.175271 
3643.570083  	106.101540 
3645.001741  	106.213562 
3646.433399  	106.180203 
3647.865058  	106.065043 
3649.296716  	106.156113 
3650.728374  	106.010038 
3652.160032  	106.128366 
3653.591690  	106.495417 
3655.023349  	106.498092 
3656.455007  	106.236100 
3657.886665  	106.232625 
3659.318323  	106.375811 
3660.749981  	106.442492 
3662.181639  	106.475959 
3663.613298  	106.576993 
3665.044956  	106.575093 
3666.476614  	106.364796 
3667.908272  	106.326795 
3669.339930  	106.419317 
3670.771589  	106.278738 
3672.203247  	106.461139 
3673.634905  	106.672458 
3675.066563  	106.354147 
3676.498221  	106.024021 
3677.929880  	106.438121 
3679.361538  	106.576322 
3680.793196  	106.548811 
3682.224854  	106.591513 
3683.656512  	106.578153 
3685.088170  	106.546934 
3686.519829  	106.616269 
3687.951487  	106.594018 
3689.383145  	106.472135 
3690.814803  	106.602479 
3692.246461  	106.717979 
3693.678120  	106.765842 
3695.109778  	106.886623 
3696.541436  	106.896305 
3697.973094  	106.827948 
3699.404752  	106.865298 
3700.836411  	106.829380 
3702.268069  	106.739404 
3703.699727  	106.809547 
3705.131385  	106.881266 
3706.563043  	106.849017 
3707.994701  	106.775976 
3709.426360  	106.846791 
3710.858018  	106.954469 
3712.289676  	106.727896 
3713.721334  	106.653893 
3715.152992  	106.862054 
3716.584651  	106.884483 
3718.016309  	106.821821 
3719.447967  	106.841613 
3720.879625  	106.838242 
3722.311283  	106.778830 
3723.742941  	106.736929 
3725.174600  	106.801063 
3726.606258  	106.817086 
3728.037916  	106.773257 
3729.469574  	106.891047 
3730.901232  	106.854948 
3732.332891  	106.623215 
3733.764549  	106.799513 
3735.196207  	106.856083 
3736.627865  	106.541438 
3738.059523  	106.754904 
3739.491182  	106.894203 
3740.922840  	106.846614 
3742.354498  	106.880968 
3743.786156  	106.636175 
3745.217814  	106.293637 
3746.649472  	106.749178 
3748.081131  	106.846570 
3749.512789  	106.611862 
3750.944447  	106.459830 
3752.376105  	106.535712 
3753.807763  	106.754659 
3755.239422  	106.847777 
3756.671080  	106.804226 
3758.102738  	106.762581 
3759.534396  	106.714609 
3760.966054  	106.727974 
3762.397712  	106.843745 
3763.829371  	106.883173 
3765.261029  	106.869813 
3766.692687  	106.892618 
3768.124345  	106.873107 
3769.556003  	106.735993 
3770.987662  	106.663825 
3772.419320  	106.832868 
3773.850978  	106.954379 
3775.282636  	106.926271 
3776.714294  	106.899131 
3778.145953  	106.862422 
3779.577611  	106.765104 
3781.009269  	106.814273 
3782.440927  	106.956148 
3783.872585  	107.012182 
3785.304243  	107.031325 
3786.735902  	107.044918 
3788.167560  	107.016683 
3789.599218  	107.000294 
3791.030876  	107.002220 
3792.462534  	106.975658 
3793.894193  	107.002545 
3795.325851  	107.000662 
3796.757509  	106.842032 
3798.189167  	106.885369 
3799.620825  	106.997070 
3801.052484  	106.610197 
3802.484142  	106.211845 
3803.915800  	106.741754 
3805.347458  	107.025950 
3806.779116  	106.835390 
3808.210774  	106.686370 
3809.642433  	106.827995 
3811.074091  	106.808312 
3812.505749  	106.751338 
3813.937407  	106.845852 
3815.369065  	106.704890 
3816.800724  	106.404896 
3818.232382  	106.760429 
3819.664040  	106.914782 
3821.095698  	106.484124 
3822.527356  	106.515152 
3823.959014  	106.922412 
3825.390673  	106.870696 
3826.822331  	106.674237 
3828.253989  	106.711422 
3829.685647  	106.802105 
3831.117305  	106.740352 
3832.548964  	106.624701 
3833.980622  	106.640403 
3835.412280  	106.675883 
3836.843938  	106.664362 
3838.275596  	106.640561 
3839.707255  	106.651302 
3841.138913  	106.792220 
3842.570571  	106.827225 
3844.002229  	106.644809 
3845.433887  	106.585950 
3846.865545  	106.652171 
3848.297204  	106.648969 
3849.728862  	106.705920 
3851.160520  	106.757034 
3852.592178  	106.475786 
3854.023836  	106.012387 
3855.455495  	106.382901 
3856.887153  	106.698376 
3858.318811  	106.741136 
3859.750469  	106.696112 
3861.182127  	106.623282 
3862.613786  	106.582311 
3864.045444  	106.583538 
3865.477102  	106.457116 
3866.908760  	106.516163 
3868.340418  	106.721877 
3869.772076  	106.603903 
3871.203735  	106.515978 
3872.635393  	106.795636 
3874.067051  	106.732429 
3875.498709  	106.581777 
3876.930367  	106.769929 
3878.362026  	106.771953 
3879.793684  	106.568066 
3881.225342  	106.506280 
3882.657000  	106.657926 
3884.088658  	106.763167 
3885.520316  	106.532487 
3886.951975  	106.366294 
3888.383633  	106.724717 
3889.815291  	106.834528 
3891.246949  	106.635824 
3892.678607  	106.573536 
3894.110266  	106.563151 
3895.541924  	106.587646 
3896.973582  	106.687535 
3898.405240  	106.694440 
3899.836898  	106.703272 
3901.268557  	106.719323 
3902.700215  	106.601196 
3904.131873  	106.451298 
3905.563531  	106.412050 
3906.995189  	106.590271 
3908.426847  	106.743772 
3909.858506  	106.673638 
3911.290164  	106.596592 
3912.721822  	106.653896 
3914.153480  	106.719512 
3915.585138  	106.689674 
3917.016797  	106.560697 
3918.448455  	106.541413 
3919.880113  	106.579204 
3921.311771  	106.552551 
3922.743429  	106.643113 
3924.175088  	106.686783 
3925.606746  	106.587432 
3927.038404  	106.641255 
3928.470062  	106.667988 
3929.901720  	106.605522 
3931.333378  	106.683545 
3932.765037  	106.685236 
3934.196695  	106.561526 
3935.628353  	106.550721 
3937.060011  	106.549674 
3938.491669  	106.587093 
3939.923328  	106.692385 
3941.354986  	106.660634 
3942.786644  	106.508428 
3944.218302  	106.488340 
3945.649960  	106.619053 
3947.081618  	106.682827 
3948.513277  	106.636941 
3949.944935  	106.614778 
3951.376593  	106.597332 
3952.808251  	106.557312 
3954.239909  	106.535107 
3955.671568  	106.478397 
3957.103226  	106.455503 
3958.534884  	106.523264 
3959.966542  	106.545593 
3961.398200  	106.481999 
3962.829859  	106.437598 
3964.261517  	106.500258 
3965.693175  	106.544252 
3967.124833  	106.446395 
3968.556491  	106.395004 
3969.988149  	106.437779 
3971.419808  	106.451106 
3972.851466  	106.524138 
3974.283124  	106.574135 
3975.714782  	106.507595 
3977.146440  	106.508800 
3978.578099  	106.544885 
3980.009757  	106.530257 
3981.441415  	106.524592 
3982.873073  	106.492585 
3984.304731  	106.472648 
3985.736389  	106.498537 
3987.168048  	106.490387 
3988.599706  	106.451121 
3990.031364  	106.423090 
3991.463022  	106.444677 
3992.894680  	106.463150 
3994.326339  	106.453266 
3995.757997  	106.538375 
3997.189655  	106.580283 
3998.621313  	106.462860 
4000.052971  	106.443580 
4001.484630  	106.531641 
4002.916288  	106.529673 
4004.347946  	106.467613 
4005.779604  	106.456915 
4007.211262  	106.530266 
4008.642920  	106.531976 
4010.074579  	106.456698 
4011.506237  	106.492597 
4012.937895  	106.481744 
4014.369553  	106.405839 
4015.801211  	106.452382 
4017.232870  	106.439129 
4018.664528  	106.412606 
4020.096186  	106.514543 
4021.527844  	106.496273 
4022.959502  	106.435625 
4024.391161  	106.474531 
4025.822819  	106.457638 
4027.254477  	106.468824 
4028.686135  	106.531962 
4030.117793  	106.529700 
4031.549451  	106.503637 
4032.981110  	106.434936 
4034.412768  	106.401038 
4035.844426  	106.485256 
4037.276084  	106.531530 
4038.707742  	106.514896 
4040.139401  	106.489667 
4041.571059  	106.452513 
4043.002717  	106.461343 
4044.434375  	106.459305 
4045.866033  	106.376473 
4047.297691  	106.279446 
4048.729350  	106.258163 
4050.161008  	106.363265 
4051.592666  	106.455280 
4053.024324  	106.404638 
4054.455982  	106.318812 
4055.887641  	106.293011 
4057.319299  	106.323048 
4058.750957  	106.348458 
4060.182615  	106.374093 
4061.614273  	106.461177 
4063.045932  	106.461028 
4064.477590  	106.330411 
4065.909248  	106.246492 
4067.340906  	106.206708 
4068.772564  	106.230339 
4070.204222  	106.329118 
4071.635881  	106.386135 
4073.067539  	106.469438 
4074.499197  	106.521922 
4075.930855  	106.437740 
4077.362513  	106.461683 
4078.794172  	106.587258 
4080.225830  	106.572581 
4081.657488  	106.477535 
4083.089146  	106.417220 
4084.520804  	106.440184 
4085.952463  	106.502166 
4087.384121  	106.479483 
4088.815779  	106.439726 
4090.247437  	106.473539 
4091.679095  	106.541985 
4093.110753  	106.561883 
4094.542412  	106.500266 
4095.974070  	106.499382 
4097.405728  	106.537666 
4098.837386  	106.488504 
4100.269044  	106.513547 
4101.700703  	106.614982 
4103.132361  	106.639601 
4104.564019  	106.625652 
4105.995677  	106.540976 
4107.427335  	106.466402 
4108.858993  	106.518995 
4110.290652  	106.535899 
4111.722310  	106.560662 
4113.153968  	106.663161 
4114.585626  	106.625973 
4116.017284  	106.511911 
4117.448943  	106.531811 
4118.880601  	106.619624 
4120.312259  	106.633254 
4121.743917  	106.566853 
4123.175575  	106.569403 
4124.607234  	106.638554 
4126.038892  	106.618649 
4127.470550  	106.562337 
4128.902208  	106.542853 
4130.333866  	106.567913 
4131.765524  	106.676831 
4133.197183  	106.743586 
4134.628841  	106.676236 
4136.060499  	106.587998 
4137.492157  	106.553253 
4138.923815  	106.559487 
4140.355474  	106.574178 
4141.787132  	106.606565 
4143.218790  	106.621899 
4144.650448  	106.559897 
4146.082106  	106.553234 
4147.513764  	106.634183 
4148.945423  	106.665379 
4150.377081  	106.674111 
4151.808739  	106.642676 
4153.240397  	106.574838 
4154.672055  	106.592364 
4156.103714  	106.588667 
4157.535372  	106.543045 
4158.967030  	106.577259 
4160.398688  	106.593908 
4161.830346  	106.584267 
4163.262005  	106.583663 
4164.693663  	106.543630 
4166.125321  	106.565768 
4167.556979  	106.615561 
4168.988637  	106.574370 
4170.420295  	106.516169 
4171.851954  	106.478740 
4173.283612  	106.504299 
4174.715270  	106.584252 
4176.146928  	106.571506 
4177.578586  	106.487382 
4179.010245  	106.435821 
4180.441903  	106.452610 
4181.873561  	106.504737 
4183.305219  	106.468165 
4184.736877  	106.422671 
4186.168536  	106.480699 
4187.600194  	106.509908 
4189.031852  	106.479779 
4190.463510  	106.455001 
4191.895168  	106.450294 
4193.326826  	106.478273 
4194.758485  	106.504789 
4196.190143  	106.570042 
4197.621801  	106.590817 
4199.053459  	106.432381 
4200.485117  	106.358569 
4201.916776  	106.442417 
4203.348434  	106.427564 
4204.780092  	106.407188 
4206.211750  	106.464784 
4207.643408  	106.524662 
4209.075066  	106.603948 
4210.506725  	106.556835 
4211.938383  	106.400204 
4213.370041  	106.382455 
4214.801699  	106.463743 
4216.233357  	106.536504 
4217.665016  	106.590627 
4219.096674  	106.605151 
4220.528332  	106.585490 
4221.959990  	106.459168 
4223.391648  	106.295370 
4224.823307  	106.296787 
4226.254965  	106.403330 
4227.686623  	106.507086 
4229.118281  	106.600607 
4230.549939  	106.607986 
4231.981597  	106.512365 
4233.413256  	106.418543 
4234.844914  	106.416669 
4236.276572  	106.431282 
4237.708230  	106.406105 
4239.139888  	106.481800 
4240.571547  	106.599602 
4242.003205  	106.606244 
4243.434863  	106.571872 
4244.866521  	106.473301 
4246.298179  	106.373521 
4247.729838  	106.434387 
4249.161496  	106.495358 
4250.593154  	106.519380 
4252.024812  	106.588354 
4253.456470  	106.538252 
4254.888128  	106.454981 
4256.319787  	106.499891 
4257.751445  	106.524240 
4259.183103  	106.471090 
4260.614761  	106.410800 
4262.046419  	106.428484 
4263.478078  	106.512262 
4264.909736  	106.482411 
4266.341394  	106.427833 
4267.773052  	106.490488 
4269.204710  	106.523853 
4270.636368  	106.574670 
4272.068027  	106.693069 
4273.499685  	106.664000 
4274.931343  	106.538613 
4276.363001  	106.514469 
4277.794659  	106.549450 
4279.226318  	106.565013 
4280.657976  	106.572646 
4282.089634  	106.586939 
4283.521292  	106.568190 
4284.952950  	106.513357 
4286.384609  	106.493641 
4287.816267  	106.493659 
4289.247925  	106.486934 
4290.679583  	106.529945 
4292.111241  	106.611609 
4293.542899  	106.647704 
4294.974558  	106.593245 
4296.406216  	106.520159 
4297.837874  	106.511588 
4299.269532  	106.488950 
4300.701190  	106.421819 
4302.132849  	106.417277 
4303.564507  	106.446479 
4304.996165  	106.428922 
4306.427823  	106.427517 
4307.859481  	106.456045 
4309.291140  	106.426409 
4310.722798  	106.424550 
4312.154456  	106.563829 
4313.586114  	106.619795 
4315.017772  	106.484354 
4316.449430  	106.421536 
4317.881089  	106.440208 
4319.312747  	106.431559 
4320.744405  	106.505955 
4322.176063  	106.572046 
4323.607721  	106.548875 
4325.039380  	106.559605 
4326.471038  	106.493067 
4327.902696  	106.330286 
4329.334354  	106.323038 
4330.766012  	106.429669 
4332.197670  	106.429418 
4333.629329  	106.343726 
4335.060987  	106.307826 
4336.492645  	106.321658 
4337.924303  	106.325294 
4339.355961  	106.375667 
4340.787620  	106.456045 
4342.219278  	106.459165 
4343.650936  	106.420535 
4345.082594  	106.358046 
4346.514252  	106.326696 
4347.945911  	106.441778 
4349.377569  	106.495711 
4350.809227  	106.375422 
4352.240885  	106.365525 
4353.672543  	106.472498 
4355.104201  	106.483512 
4356.535860  	106.426118 
4357.967518  	106.385206 
4359.399176  	106.416071 
4360.830834  	106.480683 
4362.262492  	106.446794 
4363.694151  	106.379614 
4365.125809  	106.375459 
4366.557467  	106.369044 
4367.989125  	106.391368 
4369.420783  	106.462125 
4370.852441  	106.450064 
4372.284100  	106.403465 
4373.715758  	106.477614 
4375.147416  	106.595677 
4376.579074  	106.638218 
4378.010732  	106.622946 
4379.442391  	106.585795 
4380.874049  	106.595252 
4382.305707  	106.661400 
4383.737365  	106.652294 
4385.169023  	106.561535 
4386.600682  	106.534259 
4388.032340  	106.617985 
4389.463998  	106.708850 
4390.895656  	106.710145 
4392.327314  	106.705635 
4393.758972  	106.701979 
4395.190631  	106.590069 
4396.622289  	106.584350 
4398.053947  	106.744466 
4399.485605  	106.714151 
4400.917263  	106.600141 
4402.348922  	106.645237 
4403.780580  	106.640518 
4405.212238  	106.637568 
4406.643896  	106.767431 
4408.075554  	106.755477 
4409.507213  	106.568339 
4410.938871  	106.486096 
4412.370529  	106.601526 
4413.802187  	106.746869 
4415.233845  	106.744352 
4416.665503  	106.712011 
4418.097162  	106.722891 
4419.528820  	106.641503 
4420.960478  	106.623582 
4422.392136  	106.776712 
4423.823794  	106.858668 
4425.255453  	106.836714 
4426.687111  	106.784791 
4428.118769  	106.655571 
4429.550427  	106.564820 
4430.982085  	106.609642 
4432.413743  	106.680135 
4433.845402  	106.677801 
4435.277060  	106.636085 
4436.708718  	106.650323 
4438.140376  	106.701917 
4439.572034  	106.730713 
4441.003693  	106.800246 
4442.435351  	106.880724 
4443.867009  	106.849586 
4445.298667  	106.809263 
4446.730325  	106.905131 
4448.161984  	106.996750 
4449.593642  	106.947984 
4451.025300  	106.891020 
4452.456958  	106.875056 
4453.888616  	106.837212 
4455.320274  	106.895160 
4456.751933  	106.997046 
4458.183591  	106.931109 
4459.615249  	106.857769 
4461.046907  	106.903576 
4462.478565  	106.895752 
4463.910224  	106.880970 
4465.341882  	106.948195 
4466.773540  	106.973998 
4468.205198  	106.959485 
4469.636856  	106.955204 
4471.068515  	106.914472 
4472.500173  	106.861777 
4473.931831  	106.828744 
4475.363489  	106.805700 
4476.795147  	106.822796 
4478.226805  	106.874159 
4479.658464  	106.920556 
4481.090122  	106.991319 
4482.521780  	107.061192 
4483.953438  	106.988897 
4485.385096  	106.838701 
4486.816755  	106.826283 
4488.248413  	106.845871 
4489.680071  	106.779535 
4491.111729  	106.847084 
4492.543387  	107.003500 
4493.975045  	106.983443 
4495.406704  	106.944233 
4496.838362  	107.013842 
4498.270020  	107.001064 
4499.701678  	106.961479 
4501.133336  	106.991902 
4502.564995  	106.919871 
4503.996653  	106.815271 
4505.428311  	106.886247 
4506.859969  	106.979953 
4508.291627  	106.938625 
4509.723286  	106.896359 
4511.154944  	106.951477 
4512.586602  	107.012647 
4514.018260  	106.971559 
4515.449918  	106.929862 
4516.881576  	107.032123 
4518.313235  	107.082513 
4519.744893  	106.935932 
4521.176551  	106.881809 
4522.608209  	106.988934 
4524.039867  	106.981838 
4525.471526  	106.909113 
4526.903184  	106.935994 
4528.334842  	106.942677 
4529.766500  	106.897508 
4531.198158  	106.901884 
4532.629817  	106.896757 
4534.061475  	106.884443 
4535.493133  	106.990766 
4536.924791  	107.080650 
4538.356449  	106.935713 
4539.788107  	106.750922 
4541.219766  	106.809475 
4542.651424  	106.946018 
4544.083082  	106.910060 
4545.514740  	106.836221 
4546.946398  	106.924350 
4548.378057  	107.101958 
4549.809715  	107.181468 
4551.241373  	107.079158 
4552.673031  	106.922396 
4554.104689  	106.911808 
4555.536347  	106.992197 
4556.968006  	106.972611 
4558.399664  	106.899322 
4559.831322  	106.889351 
4561.262980  	106.855089 
4562.694638  	106.756749 
4564.126297  	106.774397 
4565.557955  	106.928635 
4566.989613  	106.985689 
4568.421271  	106.931124 
4569.852929  	106.889295 
4571.284588  	106.798884 
4572.716246  	106.788569 
4574.147904  	106.985459 
4575.579562  	107.015290 
4577.011220  	106.801210 
4578.442878  	106.756350 
4579.874537  	106.799412 
4581.306195  	106.729853 
4582.737853  	106.810193 
4584.169511  	107.012986 
4585.601169  	106.965260 
4587.032828  	106.743388 
4588.464486  	106.740006 
4589.896144  	106.956123 
4591.327802  	107.014483 
4592.759460  	106.866752 
4594.191118  	106.827100 
4595.622777  	106.935906 
4597.054435  	107.030692 
4598.486093  	107.097325 
4599.917751  	107.101398 
4601.349409  	106.985535 
4602.781068  	106.861860 
4604.212726  	106.851632 
4605.644384  	106.888101 
4607.076042  	106.913515 
4608.507700  	107.010731 
4609.939359  	107.133551 
4611.371017  	107.148905 
4612.802675  	107.096576 
4614.234333  	107.036100 
4615.665991  	106.978083 
4617.097649  	106.936679 
4618.529308  	106.878479 
4619.960966  	106.865383 
4621.392624  	106.917284 
4622.824282  	106.856330 
4624.255940  	106.695962 
4625.687599  	106.650790 
4627.119257  	106.761792 
4628.550915  	106.845402 
4629.982573  	106.763436 
4631.414231  	106.680890 
4632.845890  	106.713008 
4634.277548  	106.722624 
4635.709206  	106.728315 
4637.140864  	106.737318 
4638.572522  	106.716125 
4640.004180  	106.840512 
4641.435839  	106.953594 
4642.867497  	106.837439 
4644.299155  	106.770880 
4645.730813  	106.799715 
4647.162471  	106.767793 
4648.594130  	106.767686 
4650.025788  	106.794407 
4651.457446  	106.866184 
4652.889104  	106.946211 
4654.320762  	106.864413 
4655.752420  	106.813402 
4657.184079  	106.856630 
4658.615737  	106.806772 
4660.047395  	106.817305 
4661.479053  	106.873826 
4662.910711  	106.874296 
4664.342370  	106.982131 
4665.774028  	106.987776 
4667.205686  	106.807131 
4668.637344  	106.825585 
4670.069002  	106.954606 
4671.500661  	106.941187 
4672.932319  	106.947706 
4674.363977  	107.056463 
4675.795635  	107.092653 
4677.227293  	106.932354 
4678.658951  	106.825940 
4680.090610  	106.978957 
4681.522268  	107.021192 
4682.953926  	106.885366 
4684.385584  	106.983237 
4685.817242  	107.155759 
4687.248901  	107.088074 
4688.680559  	106.938704 
4690.112217  	106.816432 
4691.543875  	106.747716 
4692.975533  	106.830103 
4694.407192  	106.946022 
4695.838850  	106.884958 
4697.270508  	106.731868 
4698.702166  	106.774083 
4700.133824  	107.006995 
4701.565482  	107.103549 
4702.997141  	106.969351 
4704.428799  	106.841849 
4705.860457  	106.837768 
4707.292115  	106.848456 
4708.723773  	106.847063 
4710.155432  	106.916751 
4711.587090  	106.980269 
4713.018748  	106.930900 
4714.450406  	106.886108 
4715.882064  	106.959640 
4717.313722  	107.053341 
4718.745381  	107.066146 
4720.177039  	107.093440 
4721.608697  	107.151166 
4723.040355  	107.048922 
4724.472013  	106.919384 
4725.903672  	106.990082 
4727.335330  	107.031715 
4728.766988  	106.975945 
4730.198646  	106.962493 
4731.630304  	106.899621 
4733.061963  	106.933654 
4734.493621  	107.101952 
4735.925279  	107.091917 
4737.356937  	107.046610 
4738.788595  	107.044079 
4740.220253  	106.883005 
4741.651912  	106.870659 
4743.083570  	107.054139 
4744.515228  	107.071888 
4745.946886  	107.051650 
4747.378544  	107.050959 
4748.810203  	106.969018 
4750.241861  	106.987451 
4751.673519  	107.028451 
4753.105177  	106.961631 
4754.536835  	106.945857 
4755.968493  	106.975504 
4757.400152  	106.991180 
4758.831810  	106.971558 
4760.263468  	106.891181 
4761.695126  	106.927988 
4763.126784  	107.083625 
4764.558443  	107.096970 
4765.990101  	106.977479 
4767.421759  	106.872134 
4768.853417  	106.817988 
4770.285075  	106.831805 
4771.716734  	106.862747 
4773.148392  	106.910686 
4774.580050  	107.051454 
4776.011708  	107.165459 
4777.443366  	107.112043 
4778.875024  	107.008904 
4780.306683  	106.948303 
4781.738341  	106.875354 
4783.169999  	106.853582 
4784.601657  	106.956834 
4786.033315  	107.080384 
4787.464974  	107.099170 
4788.896632  	107.005461 
4790.328290  	106.928157 
4791.759948  	106.933952 
4793.191606  	106.932719 
4794.623265  	106.997149 
4796.054923  	107.152886 
4797.486581  	107.124466 
4798.918239  	106.939393 
4800.349897  	106.876515 
4801.781555  	106.897981 
4803.213214  	106.898216 
4804.644872  	106.874157 
4806.076530  	106.833860 
4807.508188  	106.856915 
4808.939846  	106.941577 
4810.371505  	107.003994 
4811.803163  	106.984102 
4813.234821  	106.913468 
4814.666479  	106.975638 
4816.098137  	107.111345 
4817.529795  	107.082950 
4818.961454  	107.017623 
4820.393112  	107.047347 
4821.824770  	107.070406 
4823.256428  	107.095475 
4824.688086  	107.147579 
4826.119745  	107.159009 
4827.551403  	107.044333 
4828.983061  	106.887038 
4830.414719  	106.926817 
4831.846377  	107.022606 
4833.278036  	106.942087 
4834.709694  	106.875341 
4836.141352  	106.909630 
4837.573010  	106.995737 
4839.004668  	107.091364 
4840.436326  	106.985977 
4841.867985  	106.803605 
4843.299643  	106.771999 
4844.731301  	106.785354 
4846.162959  	106.904144 
4847.594617  	107.036672 
4849.026276  	106.948549 
4850.457934  	106.937602 
4851.889592  	107.056018 
4853.321250  	106.978677 
4854.752908  	106.865081 
4856.184567  	106.909959 
4857.616225  	107.004110 
4859.047883  	107.030897 
4860.479541  	106.963690 
4861.911199  	106.969571 
4863.342857  	107.027201 
4864.774516  	106.971309 
4866.206174  	106.981253 
4867.637832  	107.055254 
4869.069490  	106.954536 
4870.501148  	106.840810 
4871.932807  	106.920800 
4873.364465  	107.084333 
4874.796123  	107.121614 
4876.227781  	106.992999 
4877.659439  	106.935225 
4879.091097  	107.012284 
4880.522756  	106.994019 
4881.954414  	106.842695 
4883.386072  	106.719953 
4884.817730  	106.742431 
4886.249388  	106.862858 
4887.681047  	106.902739 
4889.112705  	106.825548 
4890.544363  	106.769858 
4891.976021  	106.828693 
4893.407679  	106.881754 
4894.839338  	106.807327 
4896.270996  	106.806147 
4897.702654  	106.933122 
4899.134312  	106.958047 
4900.565970  	106.959697 
4901.997628  	107.019319 
4903.429287  	107.037360 
4904.860945  	107.092534 
4906.292603  	107.098337 
4907.724261  	106.983742 
4909.155919  	106.996654 
4910.587578  	107.093136 
4912.019236  	107.050882 
4913.450894  	106.894345 
4914.882552  	106.735330 
4916.314210  	106.755606 
4917.745869  	106.936467 
4919.177527  	106.996609 
4920.609185  	106.896168 
4922.040843  	106.835460 
4923.472501  	106.954671 
4924.904159  	107.106598 
4926.335818  	107.076327 
4927.767476  	107.067787 
4929.199134  	107.183057 
4930.630792  	107.169389 
4932.062450  	107.033433 
4933.494109  	106.875137 
4934.925767  	106.778663 
4936.357425  	106.901156 
4937.789083  	107.075318 
4939.220741  	107.122442 
4940.652399  	107.054160 
4942.084058  	106.858512 
4943.515716  	106.817551 
4944.947374  	107.026524 
4946.379032  	107.085263 
4947.810690  	106.979335 
4949.242349  	106.925742 
4950.674007  	106.919462 
4952.105665  	106.979497 
4953.537323  	106.953166 
4954.968981  	106.768803 
4956.400640  	106.758623 
4957.832298  	106.928856 
4959.263956  	106.953602 
4960.695614  	106.903547 
4962.127272  	106.959546 
4963.558930  	106.959072 
4964.990589  	106.911852 
4966.422247  	107.047381 
4967.853905  	107.096614 
4969.285563  	106.882377 
4970.717221  	106.878341 
4972.148880  	107.041021 
4973.580538  	106.968306 
4975.012196  	106.927673 
4976.443854  	107.026631 
4977.875512  	107.069631 
4979.307170  	107.209923 
4980.738829  	107.345200 
4982.170487  	107.219110 
4983.602145  	107.040906 
4985.033803  	107.012126 
4986.465461  	107.051371 
4987.897120  	107.023041 
4989.328778  	106.964662 
4990.760436  	107.044799 
4992.192094  	107.164291 
4993.623752  	107.160001 
4995.055411  	107.126574 
4996.487069  	107.169888 
4997.918727  	107.274622 
4999.350385  	107.254644 
5000.782043  	107.072141 
5002.213701  	107.029164 
5003.645360  	107.100924 
5005.077018  	107.150628 
5006.508676  	107.336375 
5007.940334  	107.392446 
5009.371992  	107.093972 
5010.803651  	106.939510 
5012.235309  	107.082875 
5013.666967  	107.143430 
5015.098625  	107.077812 
5016.530283  	107.020071 
5017.961942  	107.018317 
5019.393600  	107.170635 
5020.825258  	107.366876 
5022.256916  	107.314923 
5023.688574  	107.144742 
5025.120232  	107.196338 
5026.551891  	107.307738 
5027.983549  	107.248675 
5029.415207  	107.180172 
5030.846865  	107.164676 
5032.278523  	107.202202 
5033.710182  	107.296618 
5035.141840  	107.211002 
5036.573498  	106.983454 
5038.005156  	106.907548 
5039.436814  	106.978466 
5040.868472  	107.146266 
5042.300131  	107.272247 
5043.731789  	107.138879 
5045.163447  	107.004309 
5046.595105  	107.095965 
5048.026763  	107.118867 
5049.458422  	106.977391 
5050.890080  	106.894981 
5052.321738  	106.852718 
5053.753396  	106.834935 
5055.185054  	107.045528 
5056.616713  	107.276250 
5058.048371  	107.130408 
5059.480029  	106.948933 
5060.911687  	107.048247 
5062.343345  	107.113685 
5063.775003  	107.140072 
5065.206662  	107.183956 
5066.638320  	107.051992 
5068.069978  	107.075173 
5069.501636  	107.332758 
5070.933294  	107.293626 
5072.364953  	107.048782 
5073.796611  	106.946486 
5075.228269  	106.956315 
5076.659927  	107.112876 
5078.091585  	107.322269 
5079.523244  	107.430043 
5080.954902  	107.396247 
5082.386560  	107.088743 
5083.818218  	106.817635 
5085.249876  	106.954523 
5086.681534  	107.089202 
5088.113193  	107.009826 
5089.544851  	107.055744 
5090.976509  	107.187855 
5092.408167  	107.193719 
5093.839825  	107.105572 
5095.271484  	107.055914 
5096.703142  	107.120139 
5098.134800  	107.145893 
5099.566458  	107.118571 
5100.998116  	107.156564 
5102.429774  	107.059731 
5103.861433  	106.958175 
5105.293091  	107.211757 
5106.724749  	107.367904 
5108.156407  	107.079969 
5109.588065  	106.860718 
5111.019724  	106.899614 
5112.451382  	106.953640 
5113.883040  	107.026605 
5115.314698  	107.164724 
5116.746356  	107.261640 
5118.178015  	107.168946 
5119.609673  	107.027691 
5121.041331  	107.163447 
5122.472989  	107.289498 
5123.904647  	107.047700 
5125.336305  	106.830689 
5126.767964  	106.868345 
5128.199622  	106.951388 
5129.631280  	107.067741 
5131.062938  	107.162084 
5132.494596  	107.181099 
5133.926255  	107.209470 
5135.357913  	107.118042 
5136.789571  	106.982221 
5138.221229  	107.104974 
5139.652887  	107.258207 
5141.084546  	107.154522 
5142.516204  	107.023285 
5143.947862  	106.999791 
5145.379520  	106.976506 
5146.811178  	106.962906 
5148.242836  	106.973336 
5149.674495  	107.043815 
5151.106153  	107.188743 
5152.537811  	107.169162 
5153.969469  	107.024524 
5155.401127  	107.106275 
5156.832786  	107.195453 
5158.264444  	107.027257 
5159.696102  	106.966328 
5161.127760  	107.056856 
5162.559418  	107.079107 
5163.991076  	107.117143 
5165.422735  	107.103097 
5166.854393  	107.078390 
5168.286051  	107.157306 
5169.717709  	107.096046 
5171.149367  	107.115204 
5172.581026  	107.430929 
5174.012684  	107.391020 
5175.444342  	106.983848 
5176.876000  	106.886442 
5178.307658  	107.034840 
5179.739317  	107.063699 
5181.170975  	106.937273 
5182.602633  	106.855178 
5184.034291  	107.013861 
5185.465949  	107.106264 
5186.897607  	106.934274 
5188.329266  	106.909010 
5189.760924  	106.977017 
5191.192582  	106.851639 
5192.624240  	106.895664 
5194.055898  	107.256271 
5195.487557  	107.366514 
5196.919215  	107.127230 
5198.350873  	107.088732 
5199.782531  	107.142556 
5201.214189  	106.907667 
5202.645847  	106.816067 
5204.077506  	107.035336 
5205.509164  	107.087739 
5206.940822  	107.020489 
5208.372480  	107.101394 
5209.804138  	107.232529 
5211.235797  	107.380717 
5212.667455  	107.418500 
5214.099113  	107.273064 
5215.530771  	107.090380 
5216.962429  	106.949693 
5218.394088  	106.993024 
5219.825746  	107.161664 
5221.257404  	107.177802 
5222.689062  	107.182352 
5224.120720  	107.185015 
5225.552378  	106.977900 
5226.984037  	106.845531 
5228.415695  	106.900934 
5229.847353  	106.947783 
5231.279011  	107.051557 
5232.710669  	107.004745 
5234.142328  	106.800997 
5235.573986  	106.968663 
5237.005644  	107.294514 
5238.437302  	107.197002 
5239.868960  	107.021341 
5241.300619  	107.171330 
5242.732277  	107.282560 
5244.163935  	107.154041 
5245.595593  	107.105494 
5247.027251  	107.207857 
5248.458909  	107.182036 
5249.890568  	107.085677 
5251.322226  	107.209698 
5252.753884  	107.367498 
5254.185542  	107.234961 
5255.617200  	106.998126 
5257.048859  	107.018082 
5258.480517  	107.135746 
5259.912175  	107.207415 
5261.343833  	107.282722 
5262.775491  	107.244458 
5264.207149  	107.054530 
5265.638808  	106.962393 
5267.070466  	107.129102 
5268.502124  	107.312238 
5269.933782  	107.176553 
5271.365440  	106.998692 
5272.797099  	107.168431 
5274.228757  	107.208614 
5275.660415  	106.890877 
5277.092073  	106.869190 
5278.523731  	107.231527 
5279.955390  	107.415121 
5281.387048  	107.322507 
5282.818706  	107.240029 
5284.250364  	107.273841 
5285.682022  	107.263284 
5287.113680  	107.134123 
5288.545339  	107.061464 
5289.976997  	107.080471 
5291.408655  	107.136301 
5292.840313  	107.170395 
5294.271971  	107.069775 
5295.703630  	107.013375 
5297.135288  	107.201757 
5298.566946  	107.292978 
5299.998604  	107.067980 
5301.430262  	106.866567 
5302.861921  	106.929932 
5304.293579  	107.198160 
5305.725237  	107.455774 
5307.156895  	107.391135 
5308.588553  	107.116458 
5310.020211  	107.158119 
5311.451870  	107.335118 
5312.883528  	107.224652 
5314.315186  	107.140745 
5315.746844  	107.234628 
5317.178502  	107.129929 
5318.610161  	107.027372 
5320.041819  	107.215167 
5321.473477  	107.383848 
5322.905135  	107.402001 
5324.336793  	107.275622 
5325.768451  	106.946262 
5327.200110  	106.668129 
5328.631768  	106.701011 
5330.063426  	106.905823 
5331.495084  	107.084655 
5332.926742  	107.249644 
5334.358401  	107.398858 
5335.790059  	107.394340 
5337.221717  	107.243107 
5338.653375  	107.123344 
5340.085033  	107.033602 
5341.516692  	107.079053 
5342.948350  	107.292531 
5344.380008  	107.220071 
5345.811666  	106.838703 
5347.243324  	106.876839 
5348.674982  	107.205872 
5350.106641  	107.431264 
5351.538299  	107.428555 
5352.969957  	107.228204 
5354.401615  	107.114541 
5355.833273  	107.188040 
5357.264932  	107.142263 
5358.696590  	106.996309 
5360.128248  	106.856674 
5361.559906  	106.833616 
5362.991564  	107.170758 
5364.423222  	107.592670 
5365.854881  	107.550408 
5367.286539  	107.182637 
5368.718197  	106.937676 
5370.149855  	107.092540 
5371.581513  	107.419385 
5373.013172  	107.384004 
5374.444830  	107.244089 
5375.876488  	107.345428 
5377.308146  	107.158917 
5378.739804  	106.926097 
5380.171463  	107.292678 
5381.603121  	107.631145 
5383.034779  	107.575237 
5384.466437  	107.426413 
5385.898095  	107.273189 
5387.329753  	107.349051 
5388.761412  	107.442786 
5390.193070  	107.196802 
5391.624728  	107.160469 
5393.056386  	107.303133 
5394.488044  	107.174110 
5395.919703  	107.299188 
5397.351361  	107.492082 
5398.783019  	107.354383 
5400.214677  	107.387499 
5401.646335  	107.376796 
5403.077994  	107.153649 
5404.509652  	107.200151 
5405.941310  	107.193876 
5407.372968  	107.038045 
5408.804626  	107.123751 
5410.236284  	107.305575 
5411.667943  	107.580505 
5413.099601  	107.696183 
5414.531259  	107.252939 
5415.962917  	106.953958 
5417.394575  	107.180389 
5418.826234  	107.556583 
5420.257892  	107.859972 
5421.689550  	107.694576 
5423.121208  	107.267645 
5424.552866  	107.107882 
5425.984524  	106.921888 
5427.416183  	106.596946 
5428.847841  	106.557450 
5430.279499  	106.992222 
5431.711157  	107.489439 
5433.142815  	107.541742 
5434.574474  	107.285211 
5436.006132  	107.135189 
5437.437790  	107.179980 
5438.869448  	107.481363 
5440.301106  	107.743479 
5441.732765  	107.452798 
5443.164423  	107.150017 
5444.596081  	107.164229 
5446.027739  	107.022699 
5447.459397  	106.933163 
5448.891055  	106.988281 
5450.322714  	106.909072 
5451.754372  	106.947835 
5453.186030  	107.103133 
5454.617688  	107.200561 
5456.049346  	107.413470 
5457.481005  	107.555767 
5458.912663  	107.383807 
5460.344321  	107.206930 
5461.775979  	107.183280 
5463.207637  	107.198895 
5464.639296  	107.157781 
5466.070954  	106.880977 
5467.502612  	106.549606 
5468.934270  	106.673593 
5470.365928  	107.031415 
5471.797586  	107.071576 
5473.229245  	106.933931 
5474.660903  	106.841340 
5476.092561  	106.857478 
5477.524219  	107.066352 
5478.955877  	107.280494 
5480.387536  	107.446916 
5481.819194  	107.478655 
5483.250852  	107.162524 
5484.682510  	106.894691 
5486.114168  	107.023127 
5487.545826  	107.193774 
5488.977485  	107.231945 
5490.409143  	107.303960 
5491.840801  	107.400327 
5493.272459  	107.307139 
5494.704117  	107.005494 
5496.135776  	106.943574 
5497.567434  	106.978055 
5498.999092  	106.702686 
5500.430750  	106.642670 
5501.862408  	107.038017 
5503.294067  	107.291059 
5504.725725  	107.343180 
5506.157383  	107.341200 
5507.589041  	107.186980 
5509.020699  	107.047941 
5510.452357  	107.052021 
5511.884016  	107.031700 
5513.315674  	106.891633 
5514.747332  	106.948742 
5516.178990  	107.352756 
5517.610648  	107.456724 
5519.042307  	107.261911 
5520.473965  	107.358015 
5521.905623  	107.219097 
5523.337281  	106.775697 
5524.768939  	106.888696 
5526.200598  	107.246605 
5527.632256  	107.343071 
5529.063914  	107.364037 
5530.495572  	107.182367 
5531.927230  	106.904707 
5533.358888  	106.893302 
5534.790547  	107.001703 
5536.222205  	107.131623 
5537.653863  	107.245184 
5539.085521  	107.129962 
5540.517179  	107.077037 
5541.948838  	107.323310 
5543.380496  	107.314437 
5544.812154  	106.986567 
5546.243812  	107.004633 
5547.675470  	107.142272 
5549.107128  	107.026074 
5550.538787  	107.076619 
5551.970445  	106.972959 
5553.402103  	106.527562 
5554.833761  	106.750458 
5556.265419  	107.346227 
5557.697078  	107.248840 
5559.128736  	107.016298 
5560.560394  	107.104592 
5561.992052  	107.092982 
5563.423710  	107.104540 
5564.855369  	107.209990 
5566.287027  	107.091048 
5567.718685  	106.877911 
5569.150343  	106.859341 
5570.582001  	106.997551 
5572.013659  	107.266578 
5573.445318  	107.561432 
5574.876976  	107.508925 
5576.308634  	107.235043 
5577.740292  	107.204116 
5579.171950  	107.213698 
5580.603609  	107.163712 
5582.035267  	107.228147 
5583.466925  	107.053694 
5584.898583  	106.709059 
5586.330241  	106.695795 
5587.761899  	106.945688 
5589.193558  	107.241277 
5590.625216  	107.307813 
5592.056874  	107.102674 
5593.488532  	107.091513 
5594.920190  	107.259412 
5596.351849  	107.360264 
5597.783507  	107.283469 
5599.215165  	106.876787 
5600.646823  	106.714607 
5602.078481  	107.089374 
5603.510140  	107.179194 
5604.941798  	106.848225 
5606.373456  	106.663030 
5607.805114  	106.767151 
5609.236772  	107.057619 
5610.668430  	107.242003 
5612.100089  	107.154013 
5613.531747  	106.911573 
5614.963405  	106.697365 
5616.395063  	106.728610 
5617.826721  	106.877446 
5619.258380  	106.984634 
5620.690038  	107.106652 
5622.121696  	107.175582 
5623.553354  	107.294655 
5624.985012  	107.301538 
5626.416671  	107.072203 
5627.848329  	107.188852 
5629.279987  	107.307951 
5630.711645  	106.893439 
5632.143303  	106.788438 
5633.574961  	107.014112 
5635.006620  	107.092319 
5636.438278  	107.443002 
5637.869936  	107.673956 
5639.301594  	107.338913 
5640.733252  	107.029968 
5642.164911  	106.867640 
5643.596569  	106.644426 
5645.028227  	106.477693 
5646.459885  	106.631273 
5647.891543  	107.046880 
5649.323201  	107.061851 
5650.754860  	106.643725 
5652.186518  	106.542517 
5653.618176  	106.905143 
5655.049834  	107.312125 
5656.481492  	107.327659 
5657.913151  	107.071845 
5659.344809  	106.851757 
5660.776467  	106.573956 
5662.208125  	106.717682 
5663.639783  	107.308129 
5665.071442  	107.341022 
5666.503100  	107.120851 
5667.934758  	107.216430 
5669.366416  	107.092703 
5670.798074  	106.821223 
5672.229732  	106.724677 
5673.661391  	106.905726 
5675.093049  	107.177589 
5676.524707  	106.875423 
5677.956365  	106.573971 
5679.388023  	106.905457 
5680.819682  	107.044659 
5682.251340  	106.918068 
5683.682998  	106.872138 
5685.114656  	106.866002 
5686.546314  	107.122758 
5687.977973  	107.085222 
5689.409631  	106.669711 
5690.841289  	106.817233 
5692.272947  	107.143857 
5693.704605  	107.063476 
5695.136263  	106.888422 
5696.567922  	106.765983 
5697.999580  	106.872824 
5699.431238  	106.952707 
5700.862896  	106.651135 
5702.294554  	106.411477 
5703.726213  	106.473180 
5705.157871  	106.818071 
5706.589529  	107.149312 
5708.021187  	106.890551 
5709.452845  	106.363499 
5710.884503  	106.127712 
5712.316162  	106.379134 
5713.747820  	106.973530 
5715.179478  	107.185502 
5716.611136  	107.116311 
5718.042794  	107.304611 
5719.474453  	107.453351 
5720.906111  	107.453635 
5722.337769  	107.228068 
5723.769427  	106.929996 
5725.201085  	107.065383 
5726.632744  	106.978826 
5728.064402  	106.627096 
5729.496060  	106.888620 
5730.927718  	107.135496 
5732.359376  	106.918240 
5733.791034  	106.696305 
5735.222693  	106.570839 
5736.654351  	106.763188 
5738.086009  	106.965638 
5739.517667  	107.024951 
5740.949325  	107.257526 
5742.380984  	107.033321 
5743.812642  	106.794373 
5745.244300  	107.230046 
5746.675958  	107.056530 
5748.107616  	106.449407 
5749.539275  	106.636054 
5750.970933  	107.157348 
5752.402591  	107.474810 
5753.834249  	107.128783 
5755.265907  	106.281617 
5756.697565  	106.129805 
5758.129224  	106.414704 
5759.560882  	106.535856 
5760.992540  	106.736542 
5762.424198  	106.734645 
5763.855856  	106.734009 
5765.287515  	107.001172 
5766.719173  	107.064190 
5768.150831  	107.141161 
5769.582489  	107.275023 
5771.014147  	107.168351 
5772.445805  	107.193180 
5773.877464  	107.265839 
5775.309122  	107.043491 
5776.740780  	106.971009 
5778.172438  	107.436301 
5779.604096  	107.954079 
5781.035755  	107.785628 
5782.467413  	107.363432 
5783.899071  	107.331674 
5785.330729  	107.289918 
5786.762387  	107.155776 
5788.194046  	107.070245 
5789.625704  	106.886963 
5791.057362  	106.898116 
5792.489020  	107.085333 
5793.920678  	107.142126 
5795.352336  	107.062870 
5796.783995  	106.882599 
5798.215653  	106.965462 
5799.647311  	107.180496 
5801.078969  	107.018460 
5802.510627  	106.935883 
5803.942286  	106.970416 
5805.373944  	106.852454 
5806.805602  	107.013925 
5808.237260  	107.117341 
5809.668918  	107.013934 
5811.100576  	107.126367 
5812.532235  	106.906432 
5813.963893  	106.531377 
5815.395551  	106.707506 
5816.827209  	107.011769 
5818.258867  	107.383422 
5819.690526  	107.684906 
5821.122184  	107.167613 
5822.553842  	106.574968 
5823.985500  	106.874716 
5825.417158  	107.320356 
5826.848817  	107.248622 
5828.280475  	107.151629 
5829.712133  	107.136145 
5831.143791  	106.810466 
5832.575449  	106.706564 
5834.007107  	107.133065 
5835.438766  	107.213241 
5836.870424  	106.976093 
5838.302082  	106.921530 
5839.733740  	106.698686 
5841.165398  	106.593644 
5842.597057  	106.825852 
5844.028715  	106.735355 
5845.460373  	106.594311 
5846.892031  	106.765215 
5848.323689  	106.811203 
5849.755348  	106.855208 
5851.187006  	106.939319 
5852.618664  	106.809403 
5854.050322  	106.814766 
5855.481980  	106.813324 
5856.913638  	106.562855 
5858.345297  	106.772617 
5859.776955  	107.047309 
5861.208613  	106.550345 
5862.640271  	106.358928 
5864.071929  	106.767451 
5865.503588  	106.852648 
5866.935246  	107.257345 
5868.366904  	107.843245 
5869.798562  	107.567140 
5871.230220  	107.282127 
5872.661878  	107.112251 
5874.093537  	106.648228 
5875.525195  	106.829675 
5876.956853  	107.002486 
5878.388511  	106.621764 
5879.820169  	106.899568 
5881.251828  	107.113900 
5882.683486  	106.466939 
5884.115144  	106.117009 
5885.546802  	106.405044 
5886.978460  	106.993441 
5888.410119  	107.258350 
5889.841777  	106.892065 
5891.273435  	106.823681 
5892.705093  	106.827716 
5894.136751  	106.475153 
5895.568409  	106.669794 
5897.000068  	107.020602 
5898.431726  	106.893422 
5899.863384  	106.690069 
5901.295042  	106.403167 
5902.726700  	106.564625 
5904.158359  	107.160137 
5905.590017  	107.133726 
5907.021675  	106.975776 
5908.453333  	107.181559 
5909.884991  	107.149808 
5911.316650  	107.137462 
5912.748308  	107.412046 
5914.179966  	107.427633 
5915.611624  	106.901214 
5917.043282  	106.397952 
5918.474940  	106.603062 
5919.906599  	106.889644 
5921.338257  	106.585136 
5922.769915  	106.491115 
5924.201573  	106.995819 
5925.633231  	107.562192 
5927.064890  	107.686926 
5928.496548  	107.312899 
5929.928206  	107.110797 
5931.359864  	107.146817 
5932.791522  	107.035031 
5934.223180  	107.465055 
5935.654839  	108.305373 
5937.086497  	108.105372 
5938.518155  	107.154677 
5939.949813  	106.793858 
5941.381471  	106.942621 
5942.813130  	107.052905 
5944.244788  	107.204480 
5945.676446  	107.151073 
5947.108104  	106.745826 
5948.539762  	106.573235 
5949.971421  	106.712401 
5951.403079  	107.039746 
5952.834737  	107.641627 
5954.266395  	107.739181 
5955.698053  	107.190389 
5957.129711  	107.168824 
5958.561370  	107.586031 
5959.993028  	107.601989 
5961.424686  	107.288998 
5962.856344  	107.162312 
5964.288002  	107.559527 
5965.719661  	107.657485 
5967.151319  	107.018689 
5968.582977  	107.056658 
5970.014635  	107.839089 
5971.446293  	108.006256 
5972.877951  	107.901316 
5974.309610  	107.913473 
5975.741268  	107.515730 
5977.172926  	107.057691 
5978.604584  	106.771408 
5980.036242  	106.364699 
5981.467901  	106.414422 
5982.899559  	107.270701 
5984.331217  	107.998457 
5985.762875  	108.006836 
5987.194533  	107.678968 
5988.626192  	107.284474 
5990.057850  	106.954806 
5991.489508  	106.887026 
5992.921166  	107.050408 
5994.352824  	107.168238 
5995.784482  	107.043835 
5997.216141  	107.158635 
5998.647799  	107.552322 
6000.079457  	107.378723 
6001.511115  	107.265980 
6002.942773  	107.679965 
6004.374432  	107.123702 
6005.806090  	106.061122 
6007.237748  	106.069001 
6008.669406  	106.420792 
6010.101064  	106.866231 
6011.532723  	107.461060 
6012.964381  	107.228481 
6014.396039  	106.904287 
6015.827697  	107.334572 
6017.259355  	107.657264 
6018.691013  	107.661905 
6020.122672  	107.357072 
6021.554330  	106.555580 
6022.985988  	105.997841 
6024.417646  	106.123815 
6025.849304  	106.335747 
6027.280963  	106.458900 
6028.712621  	107.263046 
6030.144279  	108.219304 
6031.575937  	107.798683 
6033.007595  	107.157903 
6034.439253  	107.283717 
6035.870912  	106.557449 
6037.302570  	105.634277 
6038.734228  	106.231628 
6040.165886  	107.235654 
6041.597544  	107.638864 
6043.029203  	107.760563 
6044.460861  	107.969331 
6045.892519  	108.393136 
6047.324177  	108.224522 
6048.755835  	107.693544 
6050.187494  	107.583798 
6051.619152  	107.214655 
6053.050810  	106.711090 
6054.482468  	106.684471 
6055.914126  	106.718088 
6057.345784  	107.103841 
6058.777443  	107.498870 
6060.209101  	107.078267 
6061.640759  	106.922383 
6063.072417  	107.121530 
6064.504075  	106.798652 
6065.935734  	106.911835 
6067.367392  	107.712183 
6068.799050  	108.047541 
6070.230708  	107.805955 
6071.662366  	107.256729 
6073.094025  	106.744556 
6074.525683  	106.919701 
6075.957341  	107.441833 
6077.388999  	107.484075 
6078.820657  	107.246332 
6080.252315  	107.275825 
6081.683974  	107.504304 
6083.115632  	107.558797 
6084.547290  	107.154098 
6085.978948  	106.351470 
6087.410606  	105.743154 
6088.842265  	106.221293 
6090.273923  	107.298290 
6091.705581  	106.992469 
6093.137239  	106.015425 
6094.568897  	106.592794 
6096.000555  	107.139714 
6097.432214  	106.362084 
6098.863872  	106.568277 
6100.295530  	107.468685 
6101.727188  	107.332204 
6103.158846  	107.219194 
6104.590505  	107.272266 
6106.022163  	106.945356 
6107.453821  	106.876081 
6108.885479  	106.824417 
6110.317137  	106.955370 
6111.748796  	107.641736 
6113.180454  	108.001370 
6114.612112  	107.893504 
6116.043770  	107.273625 
6117.475428  	106.282538 
6118.907086  	106.501403 
6120.338745  	107.159359 
6121.770403  	106.255883 
6123.202061  	105.581938 
6124.633719  	106.558569 
6126.065377  	107.132660 
6127.497036  	106.700085 
6128.928694  	106.871246 
6130.360352  	107.284197 
6131.792010  	107.063446 
6133.223668  	107.225756 
6134.655327  	107.606348 
6136.086985  	107.170058 
6137.518643  	106.992776 
6138.950301  	107.405536 
6140.381959  	107.468726 
6141.813617  	107.563247 
6143.245276  	107.533380 
6144.676934  	106.929347 
6146.108592  	106.871441 
6147.540250  	107.671687 
6148.971908  	108.310075 
6150.403567  	108.406924 
6151.835225  	108.332048 
6153.266883  	108.181090 
6154.698541  	107.687276 
6156.130199  	107.257430 
6157.561857  	106.999359 
6158.993516  	106.555683 
6160.425174  	106.956380 
6161.856832  	107.865250 
6163.288490  	107.450304 
6164.720148  	106.900209 
6166.151807  	107.419569 
6167.583465  	107.538478 
6169.015123  	107.030255 
6170.446781  	106.911455 
6171.878439  	107.306279 
6173.310098  	107.684322 
6174.741756  	107.491463 
6176.173414  	107.092429 
6177.605072  	106.944773 
6179.036730  	107.047812 
6180.468388  	107.609760 
6181.900047  	108.113860 
6183.331705  	108.134630 
6184.763363  	108.033761 
6186.195021  	107.565273 
6187.626679  	107.056929 
6189.058338  	107.239017 
6190.489996  	107.605225 
6191.921654  	107.690998 
6193.353312  	107.214195 
6194.784970  	106.306044 
6196.216628  	106.369850 
6197.648287  	107.505259 
6199.079945  	107.933221 
6200.511603  	107.273121 
6201.943261  	106.608568 
6203.374919  	106.654299 
6204.806578  	107.377884 
6206.238236  	107.901118 
6207.669894  	107.732448 
6209.101552  	107.746640 
6210.533210  	108.130785 
6211.964869  	107.936378 
6213.396527  	107.641993 
6214.828185  	107.812830 
6216.259843  	107.320278 
6217.691501  	106.463800 
6219.123159  	106.296967 
6220.554818  	106.229365 
6221.986476  	106.086723 
6223.418134  	106.115192 
6224.849792  	106.203911 
6226.281450  	106.810941 
6227.713109  	107.593422 
6229.144767  	107.536233 
6230.576425  	106.787084 
6232.008083  	106.313089 
6233.439741  	106.929876 
6234.871400  	107.416500 
6236.303058  	106.825597 
6237.734716  	107.023709 
6239.166374  	107.851677 
6240.598032  	107.641088 
6242.029690  	107.975436 
6243.461349  	109.103133 
6244.893007  	108.711121 
6246.324665  	107.366609 
6247.756323  	106.988407 
6249.187981  	107.223597 
6250.619640  	106.839390 
6252.051298  	106.207256 
6253.482956  	106.296163 
6254.914614  	106.835799 
6256.346272  	107.430991 
6257.777930  	107.640521 
6259.209589  	107.297987 
6260.641247  	107.547141 
6262.072905  	107.835014 
6263.504563  	107.075558 
6264.936221  	106.689872 
6266.367880  	106.770554 
6267.799538  	106.628190 
6269.231196  	106.878449 
6270.662854  	106.635909 
6272.094512  	105.834754 
6273.526171  	106.072557 
6274.957829  	106.789113 
6276.389487  	107.113601 
6277.821145  	107.423939 
6279.252803  	107.624718 
6280.684461  	107.293116 
6282.116120  	106.574188 
6283.547778  	106.527720 
6284.979436  	106.902531 
6286.411094  	106.683926 
6287.842752  	106.850775 
6289.274411  	107.271999 
6290.706069  	106.550565 
6292.137727  	105.746575 
6293.569385  	105.994494 
6295.001043  	107.058456 
6296.432702  	107.734457 
6297.864360  	106.816026 
6299.296018  	105.928128 
6300.727676  	106.467510 
6302.159334  	107.276609 
6303.590992  	107.633511 
6305.022651  	107.449422 
6306.454309  	107.261241 
6307.885967  	107.352080 
6309.317625  	106.786889 
6310.749283  	106.742501 
6312.180942  	107.563401 
6313.612600  	107.282548 
6315.044258  	106.682519 
6316.475916  	106.273629 
6317.907574  	105.614132 
6319.339232  	106.201645 
6320.770891  	107.110406 
6322.202549  	106.967755 
6323.634207  	106.994067 
6325.065865  	106.627618 
6326.497523  	106.005416 
6327.929182  	106.720218 
6329.360840  	107.760077 
6330.792498  	107.777981 
6332.224156  	107.275566 
6333.655814  	107.405734 
6335.087473  	107.749628 
6336.519131  	106.837752 
6337.950789  	106.521423 
6339.382447  	107.984639 
6340.814105  	108.092585 
6342.245763  	106.522293 
6343.677422  	106.023078 
6345.109080  	106.940915 
6346.540738  	107.749800 
6347.972396  	107.264533 
6349.404054  	106.554173 
6350.835713  	106.852075 
6352.267371  	107.163568 
6353.699029  	106.912289 
6355.130687  	106.293650 
6356.562345  	105.707175 
6357.994003  	106.030795 
6359.425662  	107.018174 
6360.857320  	107.936841 
6362.288978  	108.140407 
6363.720636  	107.464218 
6365.152294  	107.246700 
6366.583953  	107.273238 
6368.015611  	107.073376 
6369.447269  	107.679660 
6370.878927  	107.830813 
6372.310585  	106.883801 
6373.742244  	106.352671 
6375.173902  	106.070002 
6376.605560  	106.329979 
6378.037218  	107.013238 
6379.468876  	106.844952 
6380.900534  	106.767696 
6382.332193  	106.673645 
6383.763851  	106.149926 
6385.195509  	106.663775 
6386.627167  	107.177818 
6388.058825  	107.021774 
6389.490484  	107.192270 
6390.922142  	106.794844 
6392.353800  	106.370357 
6393.785458  	106.512979 
6395.217116  	106.105112 
6396.648775  	106.209961 
6398.080433  	106.902133 
6399.512091  	107.081241 
6400.943749  	107.800854 
6402.375407  	108.403326 
6403.807065  	107.407468 
6405.238724  	106.333365 
6406.670382  	106.490094 
6408.102040  	107.162338 
6409.533698  	107.260301 
6410.965356  	107.178121 
6412.397015  	107.773652 
6413.828673  	108.069610 
6415.260331  	107.319749 
6416.691989  	106.560403 
6418.123647  	106.817285 
6419.555305  	107.650589 
6420.986964  	107.639910 
6422.418622  	106.752687 
6423.850280  	105.871395 
6425.281938  	105.421397 
6426.713596  	106.031477 
6428.145255  	106.606222 
6429.576913  	106.257173 
6431.008571  	106.733989 
6432.440229  	108.189394 
6433.871887  	108.954400 
6435.303546  	108.659220 
6436.735204  	107.903364 
6438.166862  	107.470589 
6439.598520  	106.834908 
6441.030178  	106.593840 
6442.461836  	107.971933 
6443.893495  	108.226519 
6445.325153  	106.564751 
6446.756811  	105.655835 
6448.188469  	105.245527 
6449.620127  	105.967665 
6451.051786  	107.282938 
6452.483444  	106.529633 
6453.915102  	106.580779 
6455.346760  	108.332380 
6456.778418  	108.269418 
6458.210077  	107.867775 
6459.641735  	107.806797 
6461.073393  	106.761116 
6462.505051  	106.382893 
6463.936709  	106.826644 
6465.368367  	107.634347 
6466.800026  	108.189601 
6468.231684  	106.996722 
6469.663342  	106.370133 
6471.095000  	107.044727 
6472.526658  	106.660652 
6473.958317  	106.205479 
6475.389975  	106.608968 
6476.821633  	107.099725 
6478.253291  	107.146683 
6479.684949  	106.174264 
6481.116607  	105.915386 
6482.548266  	106.639908 
6483.979924  	106.425906 
6485.411582  	106.412131 
6486.843240  	107.148949 
6488.274898  	107.185739 
6489.706557  	107.080605 
6491.138215  	107.260655 
6492.569873  	107.190684 
6494.001531  	106.801707 
6495.433189  	106.598425 
6496.864848  	106.700649 
6498.296506  	106.055317 
6499.728164  	105.829831 
6501.159822  	107.091645 
6502.591480  	107.555469 
6504.023138  	107.187291 
6505.454797  	107.222139 
6506.886455  	107.057540 
6508.318113  	107.172690 
6509.749771  	107.235422 
6511.181429  	107.271666 
6512.613088  	107.706023 
6514.044746  	106.738662 
6515.476404  	106.029663 
6516.908062  	107.139672 
6518.339720  	106.768465 
6519.771379  	105.962268 
6521.203037  	106.828770 
6522.634695  	106.774202 
6524.066353  	106.589357 
6525.498011  	107.443078 
6526.929669  	107.130656 
6528.361328  	106.169247 
6529.792986  	105.984985 
6531.224644  	106.269032 
6532.656302  	106.719599 
6534.087960  	106.953006 
6535.519619  	107.004225 
6536.951277  	107.191922 
6538.382935  	107.087490 
6539.814593  	106.334547 
6541.246251  	105.792015 
6542.677909  	106.222095 
6544.109568  	106.492412 
6545.541226  	106.422889 
6546.972884  	106.946622 
6548.404542  	107.327444 
6549.836200  	107.715228 
6551.267859  	108.132397 
6552.699517  	107.384792 
6554.131175  	107.185523 
6555.562833  	107.524854 
6556.994491  	106.451571 
6558.426150  	105.954118 
6559.857808  	106.777753 
6561.289466  	107.619594 
6562.721124  	108.184100 
6564.152782  	107.608330 
6565.584440  	107.223750 
6567.016099  	107.491260 
6568.447757  	106.109315 
6569.879415  	105.157748 
6571.311073  	105.895029 
6572.742731  	105.720032 
6574.174390  	105.382074 
6575.606048  	105.698368 
6577.037706  	105.875939 
6578.469364  	106.692613 
6579.901022  	107.364012 
6581.332680  	106.779218 
6582.764339  	106.392937 
6584.195997  	107.008596 
6585.627655  	107.366472 
6587.059313  	106.579230 
6588.490971  	106.091953 
6589.922630  	106.610693 
6591.354288  	107.068498 
6592.785946  	107.209956 
6594.217604  	106.349395 
6595.649262  	105.545364 
6597.080921  	106.382304 
6598.512579  	106.115574 
6599.944237  	105.264657 
6601.375895  	106.938589 
6602.807553  	108.202018 
6604.239211  	107.483879 
6605.670870  	106.773800 
6607.102528  	106.218003 
6608.534186  	106.760369 
6609.965844  	107.496038 
6611.397502  	107.377062 
6612.829161  	108.140233 
6614.260819  	108.398323 
6615.692477  	107.444193 
6617.124135  	107.237632 
6618.555793  	107.294296 
6619.987452  	107.516759 
6621.419110  	107.434742 
6622.850768  	106.362426 
6624.282426  	105.441986 
6625.714084  	104.070064 
6627.145742  	103.838499 
6628.577401  	106.172147 
6630.009059  	106.755597 
6631.440717  	105.477429 
6632.872375  	105.483108 
6634.304033  	105.465181 
6635.735692  	105.483927 
6637.167350  	105.520408 
6638.599008  	105.264140 
6640.030666  	106.775201 
6641.462324  	108.008782 
6642.893982  	107.250658 
6644.325641  	106.810874 
6645.757299  	106.070238 
6647.188957  	105.210499 
6648.620615  	105.355979 
6650.052273  	105.399863 
6651.483932  	105.976899 
6652.915590  	107.280300 
6654.347248  	107.947550 
6655.778906  	107.941588 
6657.210564  	106.843113 
6658.642223  	105.526299 
6660.073881  	105.430451 
6661.505539  	105.952784 
6662.937197  	106.331169 
6664.368855  	106.674524 
6665.800513  	107.290698 
6667.232172  	106.776831 
6668.663830  	104.717856 
6670.095488  	104.605671 
6671.527146  	105.850499 
6672.958804  	105.644538 
6674.390463  	106.284805 
6675.822121  	107.098288 
6677.253779  	106.226942 
6678.685437  	106.642189 
6680.117095  	107.369385 
6681.548754  	106.487191 
6682.980412  	105.978790 
6684.412070  	106.057842 
6685.843728  	106.677535 
6687.275386  	107.322000 
6688.707044  	106.216202 
6690.138703  	104.993836 
6691.570361  	105.354566 
6693.002019  	106.531113 
6694.433677  	107.081267 
6695.865335  	106.187855 
6697.296994  	106.085598 
6698.728652  	107.350327 
6700.160310  	107.429328 
6701.591968  	106.925874 
6703.023626  	107.127169 
6704.455284  	106.978319 
6705.886943  	105.849499 
6707.318601  	104.615275 
6708.750259  	105.449608 
6710.181917  	107.954411 
6711.613575  	109.081518 
6713.045234  	108.482945 
6714.476892  	107.346402 
6715.908550  	106.769796 
6717.340208  	107.088134 
6718.771866  	107.471819 
6720.203525  	108.485022 
6721.635183  	108.701891 
6723.066841  	106.901466 
6724.498499  	107.076114 
6725.930157  	108.738212 
6727.361815  	107.849002 
6728.793474  	106.329677 
6730.225132  	106.042476 
6731.656790  	107.071091 
6733.088448  	108.756094 
6734.520106  	108.304672 
6735.951765  	106.984287 
6737.383423  	106.905811 
6738.815081  	106.428309 
6740.246739  	106.179619 
6741.678397  	106.800562 
6743.110056  	106.789023 
6744.541714  	107.085579 
6745.973372  	108.620925 
6747.405030  	109.875922 
6748.836688  	109.463389 
6750.268346  	108.291852 
6751.700005  	107.773908 
6753.131663  	107.101468 
6754.563321  	106.888501 
6755.994979  	107.862689 
6757.426637  	107.388954 
6758.858296  	105.851264 
6760.289954  	105.665125 
6761.721612  	105.372003 
6763.153270  	104.329077 
6764.584928  	103.728099 
6766.016586  	103.881985 
6767.448245  	104.958246 
6768.879903  	106.466581 
6770.311561  	107.048237 
6771.743219  	106.101428 
6773.174877  	105.039579 
6774.606536  	105.214954 
6776.038194  	105.062921 
6777.469852  	104.952143 
6778.901510  	106.770469 
6780.333168  	108.448689 
6781.764827  	108.481282 
6783.196485  	107.372408 
6784.628143  	105.509026 
6786.059801  	105.198611 
6787.491459  	106.141799 
6788.923117  	107.008545 
6790.354776  	108.351793 
6791.786434  	107.718782 
6793.218092  	105.523728 
6794.649750  	105.812409 
6796.081408  	106.631902 
6797.513067  	106.365777 
6798.944725  	106.362788 
6800.376383  	105.676346 
6801.808041  	105.371091 
6803.239699  	106.600327 
6804.671357  	107.490850 
6806.103016  	107.574290 
6807.534674  	107.163804 
6808.966332  	106.940347 
6810.397990  	107.517251 
6811.829648  	107.652498 
6813.261307  	106.880993 
6814.692965  	105.853086 
6816.124623  	105.505257 
6817.556281  	106.122251 
6818.987939  	106.198704 
6820.419598  	106.022327 
6821.851256  	106.760158 
6823.282914  	107.354225 
6824.714572  	107.720169 
6826.146230  	108.075338 
6827.577888  	107.929417 
6829.009547  	107.452548 
6830.441205  	105.994311 
6831.872863  	104.844325 
6833.304521  	105.579410 
6834.736179  	106.099405 
6836.167838  	105.699341 
6837.599496  	105.838556 
6839.031154  	106.023765 
6840.462812  	105.700291 
6841.894470  	105.343356 
6843.326129  	106.007417 
6844.757787  	107.546642 
6846.189445  	107.896347 
6847.621103  	106.985886 
6849.052761  	106.328208 
6850.484419  	106.561390 
6851.916078  	107.382928 
6853.347736  	107.509565 
6854.779394  	107.439015 
6856.211052  	107.932126 
6857.642710  	107.596535 
6859.074369  	107.093244 
6860.506027  	107.030806 
6861.937685  	106.815928 
6863.369343  	107.176159 
6864.801001  	106.926409 
6866.232659  	106.288546 
6867.664318  	107.301206 
6869.095976  	107.604436 
6870.527634  	106.646510 
6871.959292  	106.001961 
6873.390950  	105.472318 
6874.822609  	106.560419 
6876.254267  	108.072657 
6877.685925  	106.852094 
6879.117583  	105.820188 
6880.549241  	106.700842 
6881.980900  	107.711226 
6883.412558  	108.106386 
6884.844216  	107.277618 
6886.275874  	106.843834 
6887.707532  	108.128135 
6889.139190  	108.650171 
6890.570849  	107.641295 
6892.002507  	106.776951 
6893.434165  	107.241504 
6894.865823  	108.065272 
6896.297481  	107.395720 
6897.729140  	107.093336 
6899.160798  	108.040214 
6900.592456  	107.925316 
6902.024114  	107.322114 
6903.455772  	107.177101 
6904.887431  	106.874910 
6906.319089  	106.742895 
6907.750747  	106.364701 
6909.182405  	106.133395 
6910.614063  	106.335199 
6912.045721  	105.581607 
6913.477380  	104.859928 
6914.909038  	105.807485 
6916.340696  	107.200348 
6917.772354  	107.041627 
6919.204012  	105.945323 
6920.635671  	106.324960 
6922.067329  	107.344597 
6923.498987  	107.251599 
6924.930645  	106.846345 
6926.362303  	105.675251 
6927.793961  	105.205422 
6929.225620  	107.135894 
6930.657278  	108.082615 
6932.088936  	108.110658 
6933.520594  	108.852539 
6934.952252  	108.017402 
6936.383911  	107.308421 
6937.815569  	107.716303 
6939.247227  	107.424503 
6940.678885  	107.617393 
6942.110543  	107.123698 
6943.542202  	106.118128 
6944.973860  	106.564944 
6946.405518  	106.285222 
6947.837176  	106.651174 
6949.268834  	108.156351 
6950.700492  	106.303945 
6952.132151  	104.186783 
6953.563809  	105.256466 
6954.995467  	107.013887 
6956.427125  	107.993535 
6957.858783  	107.256922 
6959.290442  	106.550576 
6960.722100  	107.640680 
6962.153758  	107.117932 
6963.585416  	105.920376 
6965.017074  	106.462103 
6966.448732  	107.514801 
6967.880391  	109.433343 
6969.312049  	109.767142 
6970.743707  	108.107919 
6972.175365  	108.782194 
6973.607023  	108.651965 
6975.038682  	105.918723 
6976.470340  	105.390963 
6977.901998  	106.787563 
6979.333656  	108.088045 
6980.765314  	108.371153 
6982.196973  	106.091086 
6983.628631  	104.300883 
6985.060289  	105.155447 
6986.491947  	106.504388 
6987.923605  	106.994783 
6989.355263  	106.368281 
6990.786922  	104.958463 
6992.218580  	103.649742 
6993.650238  	103.629256 
6995.081896  	105.015374 
6996.513554  	106.248630 
6997.945213  	107.039710 
6999.376871  	107.461092 
7000.808529  	107.117373 
7002.240187  	107.158359 
7003.671845  	106.810410 
7005.103504  	105.733550 
7006.535162  	106.390006 
7007.966820  	107.532120 
7009.398478  	107.470446 
7010.830136  	106.936281 
7012.261794  	105.220798 
7013.693453  	104.519530 
7015.125111  	105.903917 
7016.556769  	106.472932 
7017.988427  	106.609408 
7019.420085  	106.956972 
7020.851744  	105.876057 
7022.283402  	104.654637 
7023.715060  	105.388225 
7025.146718  	107.610899 
7026.578376  	108.319501 
7028.010034  	106.597208 
7029.441693  	105.934297 
7030.873351  	106.675111 
7032.305009  	107.225893 
7033.736667  	107.839246 
7035.168325  	107.278077 
7036.599984  	106.300794 
7038.031642  	106.379808 
7039.463300  	106.045220 
7040.894958  	105.711216 
7042.326616  	105.720134 
7043.758275  	105.734205 
7045.189933  	106.480586 
7046.621591  	106.231556 
7048.053249  	105.308921 
7049.484907  	105.807316 
7050.916565  	106.169118 
7052.348224  	106.909154 
7053.779882  	107.935729 
7055.211540  	106.355359 
7056.643198  	105.182528 
7058.074856  	106.410720 
7059.506515  	106.511009 
7060.938173  	105.599339 
7062.369831  	105.760082 
7063.801489  	106.200296 
7065.233147  	105.776732 
7066.664806  	105.940475 
7068.096464  	107.871256 
7069.528122  	108.474735 
7070.959780  	107.367624 
7072.391438  	107.645949 
7073.823096  	107.651218 
7075.254755  	107.084179 
7076.686413  	107.282172 
7078.118071  	106.582083 
7079.549729  	106.365218 
7080.981387  	107.604316 
7082.413046  	108.287343 
7083.844704  	108.924574 
7085.276362  	109.067717 
7086.708020  	108.344216 
7088.139678  	108.657289 
7089.571336  	108.665486 
7091.002995  	108.171228 
7092.434653  	108.223948 
7093.866311  	106.989519 
7095.297969  	105.428550 
7096.729627  	106.149370 
7098.161286  	107.577674 
7099.592944  	107.364667 
7101.024602  	105.962498 
7102.456260  	105.683994 
7103.887918  	106.284117 
7105.319577  	106.648887 
7106.751235  	107.623627 
7108.182893  	106.707578 
7109.614551  	103.771827 
7111.046209  	103.393158 
7112.477867  	104.689426 
7113.909526  	105.271393 
7115.341184  	106.617370 
7116.772842  	106.967369 
7118.204500  	105.942479 
7119.636158  	107.080170 
7121.067817  	108.486847 
7122.499475  	107.953875 
7123.931133  	107.896295 
7125.362791  	107.991769 
7126.794449  	106.239147 
7128.226108  	104.998167 
7129.657766  	106.093152 
7131.089424  	107.314149 
7132.521082  	107.347110 
7133.952740  	106.238766 
7135.384398  	104.962282 
7136.816057  	105.701798 
7138.247715  	107.112917 
7139.679373  	107.706082 
7141.111031  	108.576733 
7142.542689  	107.827323 
7143.974348  	106.138658 
7145.406006  	107.025767 
7146.837664  	108.266234 
7148.269322  	108.277481 
7149.700980  	107.961446 
7151.132638  	106.036365 
7152.564297  	104.725103 
7153.995955  	105.658044 
7155.427613  	106.904811 
7156.859271  	107.178630 
7158.290929  	105.480846 
7159.722588  	104.912250 
7161.154246  	107.394243 
7162.585904  	107.322969 
7164.017562  	105.602548 
7165.449220  	106.236895 
7166.880879  	106.374687 
7168.312537  	106.327203 
7169.744195  	107.068641 
7171.175853  	106.714061 
7172.607511  	105.799455 
7174.039169  	104.230150 
7175.470828  	103.980992 
7176.902486  	106.004894 
7178.334144  	105.860808 
7179.765802  	104.938618 
7181.197460  	106.002164 
7182.629119  	105.858857 
7184.060777  	106.008869 
7185.492435  	107.439648 
7186.924093  	106.956201 
7188.355751  	105.792963 
7189.787409  	105.277131 
7191.219068  	105.241634 
7192.650726  	106.131845 
7194.082384  	106.838340 
7195.514042  	107.337204 
7196.945700  	107.472031 
7198.377359  	107.007570 
7199.809017  	107.094474 
7201.240675  	106.806289 
7202.672333  	106.116170 
7204.103991  	105.654232 
7205.535650  	104.524412 
7206.967308  	105.310604 
7208.398966  	107.497859 
7209.830624  	107.067807 
7211.262282  	106.200925 
7212.693940  	105.989823 
7214.125599  	105.341334 
7215.557257  	105.551763 
7216.988915  	104.459252 
7218.420573  	101.930774 
7219.852231  	102.165009 
7221.283890  	104.309537 
7222.715548  	105.713274 
7224.147206  	106.064173 
7225.578864  	105.882155 
7227.010522  	107.065551 
7228.442181  	107.703871 
7229.873839  	106.290819 
7231.305497  	106.850669 
7232.737155  	109.026453 
7234.168813  	108.697331 
7235.600471  	106.726915 
7237.032130  	105.855154 
7238.463788  	107.057072 
7239.895446  	108.365986 
7241.327104  	107.606530 
7242.758762  	106.686551 
7244.190421  	106.942077 
7245.622079  	107.554817 
7247.053737  	107.707131 
7248.485395  	107.001185 
7249.917053  	107.764510 
7251.348711  	109.015591 
7252.780370  	106.117152 
7254.212028  	102.651727 
7255.643686  	104.082296 
7257.075344  	106.135364 
7258.507002  	105.834270 
7259.938661  	106.311933 
7261.370319  	107.465526 
7262.801977  	106.058025 
7264.233635  	103.479780 
7265.665293  	103.627818 
7267.096952  	105.908364 
7268.528610  	107.295935 
7269.960268  	107.177103 
7271.391926  	106.337585 
7272.823584  	106.727322 
7274.255242  	109.218849 
7275.686901  	109.651097 
7277.118559  	107.360145 
7278.550217  	107.322195 
7279.981875  	108.538323 
7281.413533  	107.568025 
7282.845192  	106.242306 
7284.276850  	105.136912 
7285.708508  	104.631846 
7287.140166  	106.606792 
7288.571824  	108.616013 
7290.003483  	107.910793 
7291.435141  	106.499538 
7292.866799  	106.268607 
7294.298457  	107.818025 
7295.730115  	108.717352 
7297.161773  	107.103572 
7298.593432  	107.090441 
7300.025090  	108.837314 
7301.456748  	108.855603 
7302.888406  	108.038872 
7304.320064  	106.783932 
7305.751723  	105.479023 
7307.183381  	105.806452 
7308.615039  	105.970178 
7310.046697  	105.797164 
7311.478355  	106.147398 
7312.910013  	104.929660 
7314.341672  	104.242687 
7315.773330  	105.588347 
7317.204988  	106.434530 
7318.636646  	107.852030 
7320.068304  	109.617277 
7321.499963  	108.420328 
7322.931621  	106.446034 
7324.363279  	105.689888 
7325.794937  	105.290539 
7327.226595  	105.940275 
7328.658254  	107.334192 
7330.089912  	107.369542 
7331.521570  	107.415881 
7332.953228  	108.286683 
7334.384886  	107.305134 
7335.816544  	105.990890 
7337.248203  	106.841758 
7338.679861  	105.895299 
7340.111519  	103.416846 
7341.543177  	105.080732 
7342.974835  	107.217870 
7344.406494  	107.538603 
7345.838152  	109.326520 
7347.269810  	108.944280 
7348.701468  	106.778767 
7350.133126  	107.187956 
7351.564785  	107.470903 
7352.996443  	107.049738 
7354.428101  	107.163912 
7355.859759  	104.839121 
7357.291417  	102.413618 
7358.723075  	103.504041 
7360.154734  	105.427332 
7361.586392  	105.787020 
7363.018050  	105.752450 
7364.449708  	106.564389 
7365.881366  	105.594125 
7367.313025  	103.415138 
7368.744683  	105.782302 
7370.176341  	109.849094 
7371.607999  	108.921941 
7373.039657  	106.976856 
7374.471315  	106.920760 
7375.902974  	106.724084 
7377.334632  	106.923281 
7378.766290  	107.235897 
7380.197948  	106.362693 
7381.629606  	105.244408 
7383.061265  	105.877391 
7384.492923  	107.854703 
7385.924581  	107.705753 
7387.356239  	106.035380 
7388.787897  	106.743508 
7390.219556  	108.355494 
7391.651214  	107.804265 
7393.082872  	106.338412 
7394.514530  	106.659584 
7395.946188  	107.536699 
7397.377846  	106.618287 
7398.809505  	106.077108 
7400.241163  	107.066608 
7401.672821  	106.927076 
7403.104479  	106.710700 
7404.536137  	107.016888 
7405.967796  	105.959136 
7407.399454  	104.898073 
7408.831112  	105.115117 
7410.262770  	107.683641 
7411.694428  	111.701241 
7413.126086  	111.640099 
7414.557745  	108.603113 
7415.989403  	108.289383 
7417.421061  	109.072634 
7418.852719  	108.531451 
7420.284377  	106.805509 
7421.716036  	106.190405 
7423.147694  	106.931989 
7424.579352  	106.492904 
7426.011010  	107.242652 
7427.442668  	108.304761 
7428.874327  	104.788778 
7430.305985  	104.313351 
7431.737643  	109.144439 
7433.169301  	108.622824 
7434.600959  	106.419922 
7436.032617  	108.353825 
7437.464276  	107.527246 
7438.895934  	105.367338 
7440.327592  	106.189998 
7441.759250  	106.903849 
7443.190908  	106.572967 
7444.622567  	105.936010 
7446.054225  	104.696098 
7447.485883  	104.259956 
7448.917541  	105.766842 
7450.349199  	108.358666 
7451.780858  	108.838668 
7453.212516  	107.723789 
7454.644174  	108.635256 
7456.075832  	109.009166 
7457.507490  	106.828428 
7458.939148  	105.884203 
7460.370807  	106.397073 
7461.802465  	107.082276 
7463.234123  	108.718289 
7464.665781  	108.832106 
7466.097439  	106.509411 
7467.529098  	105.202345 
7468.960756  	105.454187 
7470.392414  	106.804294 
7471.824072  	109.323126 
7473.255730  	110.208454 
7474.687388  	108.172436 
7476.119047  	106.876888 
7477.550705  	108.323033 
7478.982363  	110.225591 
7480.414021  	109.544621 
7481.845679  	106.455752 
7483.277338  	103.728795 
7484.708996  	102.973652 
7486.140654  	104.262065 
7487.572312  	106.723939 
7489.003970  	106.811816 
7490.435629  	104.672926 
7491.867287  	103.784223 
7493.298945  	102.261332 
7494.730603  	102.253810 
7496.162261  	107.239463 
7497.593919  	109.107536 
7499.025578  	105.505499 
7500.457236  	105.362312 
7501.888894  	108.472250 
7503.320552  	109.583269 
7504.752210  	107.650735 
7506.183869  	103.880654 
7507.615527  	103.037234 
7509.047185  	105.024716 
7510.478843  	104.938072 
7511.910501  	103.146677 
7513.342160  	103.058880 
7514.773818  	104.182595 
7516.205476  	104.339223 
7517.637134  	105.094228 
7519.068792  	106.697346 
7520.500450  	104.644110 
7521.932109  	102.785759 
7523.363767  	106.310521 
7524.795425  	107.612694 
7526.227083  	106.242417 
7527.658741  	108.878178 
7529.090400  	109.911425 
7530.522058  	107.176006 
7531.953716  	105.671972 
7533.385374  	105.535789 
7534.817032  	107.296785 
7536.248690  	107.950211 
7537.680349  	105.298802 
7539.112007  	106.216350 
7540.543665  	109.515143 
7541.975323  	109.041939 
7543.406981  	108.789312 
7544.838640  	109.662267 
7546.270298  	108.246163 
7547.701956  	106.296058 
7549.133614  	105.412768 
7550.565272  	105.071384 
7551.996931  	104.468198 
7553.428589  	103.673903 
7554.860247  	105.716053 
7556.291905  	108.993037 
7557.723563  	109.352842 
7559.155221  	108.560975 
7560.586880  	109.641092 
7562.018538  	111.158200 
7563.450196  	110.913959 
7564.881854  	110.342851 
7566.313512  	110.717366 
7567.745171  	110.309691 
7569.176829  	109.586992 
7570.608487  	109.487841 
7572.040145  	108.127764 
7573.471803  	106.483188 
7574.903461  	107.344665 
7576.335120  	109.038805 
7577.766778  	108.928799 
7579.198436  	107.748867 
7580.630094  	107.769337 
7582.061752  	107.039295 
7583.493411  	104.719095 
7584.925069  	105.089674 
7586.356727  	107.234676 
7587.788385  	106.397626 
7589.220043  	105.805880 
7590.651702  	107.710703 
7592.083360  	109.653044 
7593.515018  	109.961454 
7594.946676  	108.366362 
7596.378334  	106.345431 
7597.809992  	105.489536 
7599.241651  	105.524620 
7600.673309  	106.784056 
7602.104967  	108.266074 
7603.536625  	109.827695 
7604.968283  	112.810080 
7606.399942  	114.306146 
7607.831600  	112.874236 
7609.263258  	111.180631 
7610.694916  	109.514123 
7612.126574  	107.691449 
7613.558233  	106.802674 
7614.989891  	106.624378 
7616.421549  	106.088177 
7617.853207  	105.606733 
7619.284865  	106.660617 
7620.716523  	106.721772 
7622.148182  	104.874299 
7623.579840  	106.874497 
7625.011498  	109.983869 
7626.443156  	108.406918 
7627.874814  	108.675429 
7629.306473  	110.617297 
7630.738131  	107.868815 
7632.169789  	104.603361 
7633.601447  	103.847237 
7635.033105  	104.128190 
7636.464763  	104.691993 
7637.896422  	103.565805 
7639.328080  	104.240530 
7640.759738  	109.078036 
7642.191396  	111.346748 
7643.623054  	110.589060 
7645.054713  	109.103007 
7646.486371  	105.218131 
7647.918029  	103.464515 
7649.349687  	105.430911 
7650.781345  	106.373667 
7652.213004  	106.492017 
7653.644662  	107.599115 
7655.076320  	108.369045 
7656.507978  	107.262621 
7657.939636  	105.347413 
7659.371294  	104.807218 
7660.802953  	104.035110 
7662.234611  	102.348559 
7663.666269  	104.135049 
7665.097927  	108.615529 
7666.529585  	109.784426 
7667.961244  	108.035386 
7669.392902  	107.621560 
7670.824560  	109.399306 
7672.256218  	109.108519 
7673.687876  	106.058009 
7675.119535  	106.237926 
7676.551193  	109.172753 
7677.982851  	108.259690 
7679.414509  	106.402897 
7680.846167  	107.283185 
7682.277825  	108.124430 
7683.709484  	106.737001 
7685.141142  	104.637937 
7686.572800  	104.305429 
7688.004458  	107.054795 
7689.436116  	109.359223 
7690.867775  	107.076105 
7692.299433  	104.766094 
7693.731091  	107.577460 
7695.162749  	110.060526 
7696.594407  	107.865860 
7698.026065  	107.150954 
7699.457724  	108.616707 
7700.889382  	108.066560 
7702.321040  	108.723127 
7703.752698  	110.670993 
7705.184356  	108.950590 
7706.616015  	105.987758 
7708.047673  	106.237529 
7709.479331  	108.459772 
7710.910989  	108.206593 
7712.342647  	105.193938 
7713.774306  	105.462540 
7715.205964  	107.888660 
7716.637622  	106.193137 
7718.069280  	104.658578 
7719.500938  	107.885693 
7720.932596  	111.245051 
7722.364255  	110.839706 
7723.795913  	109.738989 
7725.227571  	111.232784 
7726.659229  	111.282700 
7728.090887  	107.021921 
7729.522546  	105.112978 
7730.954204  	107.778849 
7732.385862  	109.130513 
7733.817520  	107.878507 
7735.249178  	106.521585 
7736.680837  	108.184530 
7738.112495  	110.775500 
7739.544153  	108.813353 
7740.975811  	105.784463 
7742.407469  	106.734621 
7743.839127  	105.781261 
7745.270786  	102.685716 
7746.702444  	103.056441 
7748.134102  	105.978441 
7749.565760  	109.200163 
7750.997418  	110.407785 
7752.429077  	107.959105 
7753.860735  	106.821459 
7755.292393  	108.926727 
7756.724051  	108.699562 
7758.155709  	105.674390 
7759.587367  	106.044063 
7761.019026  	109.744133 
7762.450684  	111.463047 
7763.882342  	110.134574 
7765.314000  	107.778805 
7766.745658  	108.458103 
7768.177317  	112.455236 
7769.608975  	109.620471 
7771.040633  	102.895778 
7772.472291  	104.262916 
7773.903949  	108.768779 
7775.335608  	106.418305 
7776.767266  	104.919163 
7778.198924  	107.022095 
7779.630582  	109.292660 
7781.062240  	113.331731 
7782.493898  	116.278556 
7783.925557  	112.360763 
7785.357215  	105.034971 
7786.788873  	101.793144 
7788.220531  	104.557422 
7789.652189  	107.543392 
7791.083848  	107.410900 
7792.515506  	105.672921 
7793.947164  	103.939627 
7795.378822  	106.261250 
7796.810480  	109.612741 
7798.242138  	106.239135 
7799.673797  	102.295447 
7801.105455  	102.959044 
7802.537113  	104.430034 
7803.968771  	106.467331 
7805.400429  	106.163968 
7806.832088  	100.928730 
7808.263746  	99.037171 
7809.695404  	103.936036 
7811.127062  	108.901279 
7812.558720  	109.043473 
7813.990379  	107.536053 
7815.422037  	108.641784 
7816.853695  	111.307334 
7818.285353  	112.865817 
7819.717011  	111.899697 
7821.148669  	107.035288 
7822.580328  	102.286908 
7824.011986  	103.163337 
7825.443644  	107.839926 
7826.875302  	109.610343 
7828.306960  	106.577707 
7829.738619  	106.302311 
7831.170277  	109.427701 
7832.601935  	108.625407 
7834.033593  	106.121924 
7835.465251  	106.849681 
7836.896910  	105.263055 
7838.328568  	103.557662 
7839.760226  	106.526245 
7841.191884  	108.667416 
7842.623542  	109.629373 
7844.055200  	110.965250 
7845.486859  	108.777139 
7846.918517  	107.568776 
7848.350175  	109.108722 
7849.781833  	106.953437 
7851.213491  	105.400771 
7852.645150  	107.247778 
7854.076808  	106.540014 
7855.508466  	105.723076 
7856.940124  	108.451564 
7858.371782  	107.581603 
7859.803440  	105.189990 
7861.235099  	107.811789 
7862.666757  	109.857240 
7864.098415  	109.832258 
7865.530073  	110.654021 
7866.961731  	107.565905 
7868.393390  	103.466592 
7869.825048  	104.266734 
7871.256706  	106.822911 
7872.688364  	109.459532 
7874.120022  	111.253664 
7875.551681  	107.706463 
7876.983339  	103.811603 
7878.414997  	105.498260 
7879.846655  	106.809314 
7881.278313  	106.067205 
7882.709971  	108.980784 
7884.141630  	110.590859 
7885.573288  	108.058111 
7887.004946  	109.184977 
7888.436604  	112.241737 
7889.868262  	111.966669 
7891.299921  	111.628541 
7892.731579  	108.424106 
7894.163237  	104.282653 
7895.594895  	108.498031 
7897.026553  	111.280241 
7898.458212  	105.366476 
7899.889870  	102.545989 