##TITLE=No Description
##DATA TYPE=INFRARED SPECTRUM
##XUNITS=1/CM
##YUNITS=Abs
349.324597  	-0.179760 
350.756256  	-0.571625 
352.187914  	-0.206034 
353.619572  	-0.062362 
355.051230  	-0.059733 
356.482888  	-0.097689 
357.914546  	-0.249526 
359.346205  	-0.226294 
360.777863  	-0.177209 
362.209521  	-0.113649 
363.641179  	-0.048251 
365.072837  	0.009313 
366.504496  	0.058237 
367.936154  	0.030253 
369.367812  	-0.001350 
370.799470  	0.068304 
372.231128  	0.063808 
373.662787  	-0.004185 
375.094445  	0.062804 
376.526103  	0.112270 
377.957761  	0.079769 
379.389419  	0.065725 
380.821077  	0.042952 
382.252736  	0.022978 
383.684394  	0.057231 
385.116052  	0.104690 
386.547710  	0.104270 
387.979368  	0.109318 
389.411027  	0.124438 
390.842685  	0.109123 
392.274343  	0.083633 
393.706001  	0.090112 
395.137659  	0.099663 
396.569317  	0.087159 
398.000976  	0.117235 
399.432634  	0.123367 
400.864292  	0.088052 
402.295950  	0.088622 
403.727608  	0.095057 
405.159267  	0.074953 
406.590925  	0.063545 
408.022583  	0.065224 
409.454241  	0.065514 
410.885899  	0.069021 
412.317558  	0.073823 
413.749216  	0.080217 
415.180874  	0.082976 
416.612532  	0.087599 
418.044190  	0.093844 
419.475848  	0.062691 
420.907507  	0.047294 
422.339165  	0.051912 
423.770823  	0.040417 
425.202481  	0.035683 
426.634139  	0.046070 
428.065798  	0.041709 
429.497456  	0.035471 
430.929114  	0.039457 
432.360772  	0.036140 
433.792430  	0.029037 
435.224089  	0.030858 
436.655747  	0.038045 
438.087405  	0.039001 
439.519063  	0.037494 
440.950721  	0.039338 
442.382379  	0.039628 
443.814038  	0.041534 
445.245696  	0.046513 
446.677354  	0.044618 
448.109012  	0.044369 
449.540670  	0.047381 
450.972329  	0.039445 
452.403987  	0.031244 
453.835645  	0.037326 
455.267303  	0.045649 
456.698961  	0.050150 
458.130619  	0.046926 
459.562278  	0.042628 
460.993936  	0.051431 
462.425594  	0.066896 
463.857252  	0.069420 
465.288910  	0.061501 
466.720569  	0.061607 
468.152227  	0.068393 
469.583885  	0.064319 
471.015543  	0.058661 
472.447201  	0.061615 
473.878860  	0.061770 
475.310518  	0.062441 
476.742176  	0.066276 
478.173834  	0.062732 
479.605492  	0.059131 
481.037150  	0.061759 
482.468809  	0.064467 
483.900467  	0.069741 
485.332125  	0.075247 
486.763783  	0.075492 
488.195441  	0.078125 
489.627100  	0.083308 
491.058758  	0.083105 
492.490416  	0.079967 
493.922074  	0.078585 
495.353732  	0.079094 
496.785391  	0.081906 
498.217049  	0.084785 
499.648707  	0.083611 
501.080365  	0.081571 
502.512023  	0.082359 
503.943681  	0.080565 
505.375340  	0.077988 
506.806998  	0.080052 
508.238656  	0.080290 
509.670314  	0.077078 
511.101972  	0.075078 
512.533631  	0.072601 
513.965289  	0.073768 
515.396947  	0.079708 
516.828605  	0.081592 
518.260263  	0.082069 
519.691921  	0.086850 
521.123580  	0.090634 
522.555238  	0.095417 
523.986896  	0.103325 
525.418554  	0.108091 
526.850212  	0.110972 
528.281871  	0.118110 
529.713529  	0.125790 
531.145187  	0.131195 
532.576845  	0.139178 
534.008503  	0.150391 
535.440162  	0.159690 
536.871820  	0.169794 
538.303478  	0.184994 
539.735136  	0.199690 
541.166794  	0.212607 
542.598452  	0.229333 
544.030111  	0.248533 
545.461769  	0.266712 
546.893427  	0.285130 
548.325085  	0.306324 
549.756743  	0.327430 
551.188402  	0.341365 
552.620060  	0.351142 
554.051718  	0.358329 
555.483376  	0.352264 
556.915034  	0.335510 
558.346692  	0.316909 
559.778351  	0.296534 
561.210009  	0.276305 
562.641667  	0.255047 
564.073325  	0.228986 
565.504983  	0.195210 
566.936642  	0.152501 
568.368300  	0.111579 
569.799958  	0.083978 
571.231616  	0.070733 
572.663274  	0.069099 
574.094933  	0.073634 
575.526591  	0.078848 
576.958249  	0.079971 
578.389907  	0.076487 
579.821565  	0.072214 
581.253223  	0.067332 
582.684882  	0.062018 
584.116540  	0.058616 
585.548198  	0.055979 
586.979856  	0.052983 
588.411514  	0.050323 
589.843173  	0.047400 
591.274831  	0.044418 
592.706489  	0.041768 
594.138147  	0.039402 
595.569805  	0.037609 
597.001464  	0.035739 
598.433122  	0.034330 
599.864780  	0.034485 
601.296438  	0.034576 
602.728096  	0.032883 
604.159754  	0.030551 
605.591413  	0.029956 
607.023071  	0.030258 
608.454729  	0.029291 
609.886387  	0.029338 
611.318045  	0.030643 
612.749704  	0.030219 
614.181362  	0.030125 
615.613020  	0.031060 
617.044678  	0.029968 
618.476336  	0.028370 
619.907994  	0.028139 
621.339653  	0.029311 
622.771311  	0.032136 
624.202969  	0.034310 
625.634627  	0.035519 
627.066285  	0.037776 
628.497944  	0.040325 
629.929602  	0.043348 
631.361260  	0.046656 
632.792918  	0.047333 
634.224576  	0.046286 
635.656235  	0.045795 
637.087893  	0.043941 
638.519551  	0.039727 
639.951209  	0.035500 
641.382867  	0.033737 
642.814525  	0.033457 
644.246184  	0.032860 
645.677842  	0.032806 
647.109500  	0.033265 
648.541158  	0.033420 
649.972816  	0.034085 
651.404475  	0.035240 
652.836133  	0.035814 
654.267791  	0.035796 
655.699449  	0.035979 
657.131107  	0.036518 
658.562766  	0.037120 
659.994424  	0.038542 
661.426082  	0.040048 
662.857740  	0.040258 
664.289398  	0.040865 
665.721056  	0.042101 
667.152715  	0.041612 
668.584373  	0.040374 
670.016031  	0.042221 
671.447689  	0.044144 
672.879347  	0.045961 
674.311006  	0.047324 
675.742664  	0.048652 
677.174322  	0.050465 
678.605980  	0.051730 
680.037638  	0.053798 
681.469296  	0.057996 
682.900955  	0.062619 
684.332613  	0.067440 
685.764271  	0.072729 
687.195929  	0.076705 
688.627587  	0.077170 
690.059246  	0.075132 
691.490904  	0.074329 
692.922562  	0.075353 
694.354220  	0.077129 
695.785878  	0.080059 
697.217537  	0.084811 
698.649195  	0.091777 
700.080853  	0.100283 
701.512511  	0.108609 
702.944169  	0.116094 
704.375827  	0.122071 
705.807486  	0.125984 
707.239144  	0.126865 
708.670802  	0.123831 
710.102460  	0.119478 
711.534118  	0.114468 
712.965777  	0.108310 
714.397435  	0.103564 
715.829093  	0.099572 
717.260751  	0.095198 
718.692409  	0.092753 
720.124067  	0.092162 
721.555726  	0.093135 
722.987384  	0.096701 
724.419042  	0.101026 
725.850700  	0.104545 
727.282358  	0.107034 
728.714017  	0.108536 
730.145675  	0.110349 
731.577333  	0.111464 
733.008991  	0.110268 
734.440649  	0.107779 
735.872308  	0.104817 
737.303966  	0.103328 
738.735624  	0.104905 
740.167282  	0.107498 
741.598940  	0.110422 
743.030598  	0.114912 
744.462257  	0.120967 
745.893915  	0.128552 
747.325573  	0.136839 
748.757231  	0.145473 
750.188889  	0.155564 
751.620548  	0.166850 
753.052206  	0.178300 
754.483864  	0.188776 
755.915522  	0.197994 
757.347180  	0.206203 
758.778839  	0.211796 
760.210497  	0.215409 
761.642155  	0.219465 
763.073813  	0.223701 
764.505471  	0.227829 
765.937129  	0.231650 
767.368788  	0.233496 
768.800446  	0.231175 
770.232104  	0.223042 
771.663762  	0.210094 
773.095420  	0.193601 
774.527079  	0.175302 
775.958737  	0.158663 
777.390395  	0.144535 
778.822053  	0.132208 
780.253711  	0.122531 
781.685369  	0.115563 
783.117028  	0.109916 
784.548686  	0.104957 
785.980344  	0.101163 
787.412002  	0.098890 
788.843660  	0.097379 
790.275319  	0.096270 
791.706977  	0.096025 
793.138635  	0.096310 
794.570293  	0.097856 
796.001951  	0.101992 
797.433610  	0.108247 
798.865268  	0.117469 
800.296926  	0.130759 
801.728584  	0.146890 
803.160242  	0.166466 
804.591900  	0.189302 
806.023559  	0.212320 
807.455217  	0.235320 
808.886875  	0.259018 
810.318533  	0.282190 
811.750191  	0.301992 
813.181850  	0.315893 
814.613508  	0.323173 
816.045166  	0.321893 
817.476824  	0.316010 
818.908482  	0.313234 
820.340141  	0.315475 
821.771799  	0.325750 
823.203457  	0.345560 
824.635115  	0.369439 
826.066773  	0.393652 
827.498431  	0.411583 
828.930090  	0.414591 
830.361748  	0.403214 
831.793406  	0.380374 
833.225064  	0.351499 
834.656722  	0.321026 
836.088381  	0.289593 
837.520039  	0.261361 
838.951697  	0.238625 
840.383355  	0.219765 
841.815013  	0.205002 
843.246671  	0.193183 
844.678330  	0.181424 
846.109988  	0.168999 
847.541646  	0.155483 
848.973304  	0.140425 
850.404962  	0.124285 
851.836621  	0.107892 
853.268279  	0.092331 
854.699937  	0.078342 
856.131595  	0.066688 
857.563253  	0.058048 
858.994912  	0.051542 
860.426570  	0.046278 
861.858228  	0.042735 
863.289886  	0.040927 
864.721544  	0.040890 
866.153202  	0.042795 
867.584861  	0.045853 
869.016519  	0.049920 
870.448177  	0.055165 
871.879835  	0.061518 
873.311493  	0.069265 
874.743152  	0.078125 
876.174810  	0.088314 
877.606468  	0.100080 
879.038126  	0.113024 
880.469784  	0.127696 
881.901443  	0.143149 
883.333101  	0.157625 
884.764759  	0.170232 
886.196417  	0.178310 
887.628075  	0.179864 
889.059733  	0.172959 
890.491392  	0.155490 
891.923050  	0.130189 
893.354708  	0.102659 
894.786366  	0.078117 
896.218024  	0.059953 
897.649683  	0.048032 
899.081341  	0.040631 
900.512999  	0.037038 
901.944657  	0.035808 
903.376315  	0.035407 
904.807973  	0.035560 
906.239632  	0.036265 
907.671290  	0.038071 
909.102948  	0.040616 
910.534606  	0.042837 
911.966264  	0.045450 
913.397923  	0.049134 
914.829581  	0.053387 
916.261239  	0.057310 
917.692897  	0.059747 
919.124555  	0.060241 
920.556214  	0.058868 
921.987872  	0.056403 
923.419530  	0.053779 
924.851188  	0.051109 
926.282846  	0.049597 
927.714504  	0.050423 
929.146163  	0.052681 
930.577821  	0.056156 
932.009479  	0.060839 
933.441137  	0.065218 
934.872795  	0.068155 
936.304454  	0.069105 
937.736112  	0.069096 
939.167770  	0.070109 
940.599428  	0.072064 
942.031086  	0.073906 
943.462744  	0.074639 
944.894403  	0.073719 
946.326061  	0.072160 
947.757719  	0.070556 
949.189377  	0.069017 
950.621035  	0.068330 
952.052694  	0.068766 
953.484352  	0.070677 
954.916010  	0.074118 
956.347668  	0.077945 
957.779326  	0.081434 
959.210985  	0.083760 
960.642643  	0.084722 
962.074301  	0.085322 
963.505959  	0.085232 
964.937617  	0.084471 
966.369275  	0.084284 
967.800934  	0.084638 
969.232592  	0.085217 
970.664250  	0.086152 
972.095908  	0.087651 
973.527566  	0.090049 
974.959225  	0.092768 
976.390883  	0.095754 
977.822541  	0.099668 
979.254199  	0.104041 
980.685857  	0.108793 
982.117516  	0.114335 
983.549174  	0.121028 
984.980832  	0.129477 
986.412490  	0.139422 
987.844148  	0.151292 
989.275806  	0.165382 
990.707465  	0.179713 
992.139123  	0.192806 
993.570781  	0.203193 
995.002439  	0.210863 
996.434097  	0.219203 
997.865756  	0.231444 
999.297414  	0.252434 
1000.729072  	0.286782 
1002.160730  	0.332367 
1003.592388  	0.380764 
1005.024046  	0.416764 
1006.455705  	0.433181 
1007.887363  	0.441736 
1009.319021  	0.456731 
1010.750679  	0.499820 
1012.182337  	0.584973 
1013.613996  	0.655730 
1015.045654  	0.606193 
1016.477312  	0.464729 
1017.908970  	0.330788 
1019.340628  	0.234967 
1020.772287  	0.171162 
1022.203945  	0.128478 
1023.635603  	0.097551 
1025.067261  	0.075026 
1026.498919  	0.060629 
1027.930577  	0.053217 
1029.362236  	0.050724 
1030.793894  	0.050965 
1032.225552  	0.052563 
1033.657210  	0.054710 
1035.088868  	0.057274 
1036.520527  	0.060253 
1037.952185  	0.063389 
1039.383843  	0.066644 
1040.815501  	0.069865 
1042.247159  	0.073211 
1043.678818  	0.076913 
1045.110476  	0.080438 
1046.542134  	0.083582 
1047.973792  	0.086759 
1049.405450  	0.090179 
1050.837108  	0.093688 
1052.268767  	0.097575 
1053.700425  	0.102226 
1055.132083  	0.106578 
1056.563741  	0.110467 
1057.995399  	0.115253 
1059.427058  	0.120505 
1060.858716  	0.125940 
1062.290374  	0.132057 
1063.722032  	0.138684 
1065.153690  	0.146942 
1066.585348  	0.157046 
1068.017007  	0.168773 
1069.448665  	0.183888 
1070.880323  	0.202675 
1072.311981  	0.226924 
1073.743639  	0.260652 
1075.175298  	0.308760 
1076.606956  	0.381442 
1078.038614  	0.469922 
1079.470272  	0.524967 
1080.901930  	0.508999 
1082.333589  	0.435799 
1083.765247  	0.347627 
1085.196905  	0.271650 
1086.628563  	0.214888 
1088.060221  	0.179877 
1089.491879  	0.164465 
1090.923538  	0.162274 
1092.355196  	0.168586 
1093.786854  	0.180623 
1095.218512  	0.197210 
1096.650170  	0.219716 
1098.081829  	0.246528 
1099.513487  	0.273754 
1100.945145  	0.294587 
1102.376803  	0.301491 
1103.808461  	0.298486 
1105.240120  	0.292671 
1106.671778  	0.289241 
1108.103436  	0.290534 
1109.535094  	0.290307 
1110.966752  	0.284955 
1112.398410  	0.276687 
1113.830069  	0.267477 
1115.261727  	0.261056 
1116.693385  	0.257747 
1118.125043  	0.256528 
1119.556701  	0.258954 
1120.988360  	0.263378 
1122.420018  	0.269809 
1123.851676  	0.280147 
1125.283334  	0.292001 
1126.714992  	0.305696 
1128.146650  	0.321596 
1129.578309  	0.337860 
1131.009967  	0.356723 
1132.441625  	0.377379 
1133.873283  	0.399513 
1135.304941  	0.425106 
1136.736600  	0.451581 
1138.168258  	0.482489 
1139.599916  	0.518959 
1141.031574  	0.556590 
1142.463232  	0.600685 
1143.894891  	0.648212 
1145.326549  	0.697712 
1146.758207  	0.757302 
1148.189865  	0.816586 
1149.621523  	0.879851 
1151.053181  	0.954129 
1152.484840  	1.025346 
1153.916498  	1.109613 
1155.348156  	1.193893 
1156.779814  	1.258473 
1158.211472  	1.317146 
1159.643131  	1.297065 
1161.074789  	1.211572 
1162.506447  	1.097215 
1163.938105  	0.951197 
1165.369763  	0.818006 
1166.801421  	0.701039 
1168.233080  	0.601526 
1169.664738  	0.533608 
1171.096396  	0.496824 
1172.528054  	0.495175 
1173.959712  	0.533583 
1175.391371  	0.600526 
1176.823029  	0.682657 
1178.254687  	0.766509 
1179.686345  	0.842184 
1181.118003  	0.929995 
1182.549662  	1.030080 
1183.981320  	1.129563 
1185.412978  	1.217394 
1186.844636  	1.230070 
1188.276294  	1.187038 
1189.707952  	1.115562 
1191.139611  	1.017278 
1192.571269  	0.929647 
1194.002927  	0.844432 
1195.434585  	0.762028 
1196.866243  	0.692873 
1198.297902  	0.626194 
1199.729560  	0.566357 
1201.161218  	0.516028 
1202.592876  	0.471371 
1204.024534  	0.439481 
1205.456193  	0.423770 
1206.887851  	0.428625 
1208.319509  	0.462538 
1209.751167  	0.521812 
1211.182825  	0.599587 
1212.614483  	0.688322 
1214.046142  	0.765613 
1215.477800  	0.826437 
1216.909458  	0.863942 
1218.341116  	0.869936 
1219.772774  	0.864839 
1221.204433  	0.842642 
1222.636091  	0.810537 
1224.067749  	0.781743 
1225.499407  	0.745500 
1226.931065  	0.711970 
1228.362723  	0.681900 
1229.794382  	0.648783 
1231.226040  	0.621748 
1232.657698  	0.595012 
1234.089356  	0.567981 
1235.521014  	0.546559 
1236.952673  	0.523502 
1238.384331  	0.501829 
1239.815989  	0.483337 
1241.247647  	0.463099 
1242.679305  	0.444937 
1244.110964  	0.426047 
1245.542622  	0.404564 
1246.974280  	0.384090 
1248.405938  	0.360660 
1249.837596  	0.335343 
1251.269254  	0.310259 
1252.700913  	0.283066 
1254.132571  	0.256142 
1255.564229  	0.229515 
1256.995887  	0.202490 
1258.427545  	0.177288 
1259.859204  	0.153288 
1261.290862  	0.130724 
1262.722520  	0.111153 
1264.154178  	0.094286 
1265.585836  	0.080131 
1267.017495  	0.068705 
1268.449153  	0.059427 
1269.880811  	0.052405 
1271.312469  	0.047496 
1272.744127  	0.043919 
1274.175785  	0.041619 
1275.607444  	0.040494 
1277.039102  	0.040383 
1278.470760  	0.041669 
1279.902418  	0.043970 
1281.334076  	0.046874 
1282.765735  	0.050375 
1284.197393  	0.054168 
1285.629051  	0.058303 
1287.060709  	0.062195 
1288.492367  	0.065209 
1289.924025  	0.067448 
1291.355684  	0.068107 
1292.787342  	0.066650 
1294.219000  	0.063283 
1295.650658  	0.057972 
1297.082316  	0.051362 
1298.513975  	0.044627 
1299.945633  	0.038227 
1301.377291  	0.032639 
1302.808949  	0.028265 
1304.240607  	0.025387 
1305.672266  	0.024961 
1307.103924  	0.026492 
1308.535582  	0.028437 
1309.967240  	0.029034 
1311.398898  	0.026304 
1312.830556  	0.020611 
1314.262215  	0.014234 
1315.693873  	0.008543 
1317.125531  	0.004371 
1318.557189  	0.001689 
1319.988847  	-0.000414 
1321.420506  	-0.001712 
1322.852164  	-0.002663 
1324.283822  	-0.003476 
1325.715480  	-0.003849 
1327.147138  	-0.004596 
1328.578796  	-0.005150 
1330.010455  	-0.005172 
1331.442113  	-0.005556 
1332.873771  	-0.005664 
1334.305429  	-0.005684 
1335.737087  	-0.006022 
1337.168746  	-0.005948 
1338.600404  	-0.006041 
1340.032062  	-0.006196 
1341.463720  	-0.006209 
1342.895378  	-0.006678 
1344.327037  	-0.006561 
1345.758695  	-0.006165 
1347.190353  	-0.006154 
1348.622011  	-0.005698 
1350.053669  	-0.005550 
1351.485327  	-0.005349 
1352.916986  	-0.004405 
1354.348644  	-0.003719 
1355.780302  	-0.002296 
1357.211960  	0.000059 
1358.643618  	0.004252 
1360.075277  	0.013993 
1361.506935  	0.029717 
1362.938593  	0.049039 
1364.370251  	0.059351 
1365.801909  	0.053953 
1367.233568  	0.039659 
1368.665226  	0.023667 
1370.096884  	0.011863 
1371.528542  	0.005262 
1372.960200  	0.002144 
1374.391858  	0.000387 
1375.823517  	-0.000206 
1377.255175  	-0.000233 
1378.686833  	0.000355 
1380.118491  	0.002576 
1381.550149  	0.006502 
1382.981808  	0.013828 
1384.413466  	0.022593 
1385.845124  	0.029086 
1387.276782  	0.030517 
1388.708440  	0.025351 
1390.140098  	0.018741 
1391.571757  	0.012245 
1393.003415  	0.007824 
1394.435073  	0.006403 
1395.866731  	0.006026 
1397.298389  	0.006639 
1398.730048  	0.009424 
1400.161706  	0.013267 
1401.593364  	0.017590 
1403.025022  	0.023656 
1404.456680  	0.031850 
1405.888339  	0.042540 
1407.319997  	0.052212 
1408.751655  	0.057108 
1410.183313  	0.057680 
1411.614971  	0.052192 
1413.046629  	0.041661 
1414.478288  	0.030633 
1415.909946  	0.019840 
1417.341604  	0.011692 
1418.773262  	0.006502 
1420.204920  	0.001087 
1421.636579  	-0.001603 
1423.068237  	-0.002684 
1424.499895  	-0.003985 
1425.931553  	-0.004475 
1427.363211  	-0.005054 
1428.794870  	-0.005538 
1430.226528  	-0.005132 
1431.658186  	-0.005441 
1433.089844  	-0.005309 
1434.521502  	-0.004701 
1435.953160  	-0.004333 
1437.384819  	-0.002162 
1438.816477  	-0.000914 
1440.248135  	0.000426 
1441.679793  	0.003663 
1443.111451  	0.006118 
1444.543110  	0.008482 
1445.974768  	0.011154 
1447.406426  	0.012995 
1448.838084  	0.016019 
1450.269742  	0.017964 
1451.701400  	0.018487 
1453.133059  	0.019194 
1454.564717  	0.018870 
1455.996375  	0.019970 
1457.428033  	0.026316 
1458.859691  	0.030783 
1460.291350  	0.036792 
1461.723008  	0.042988 
1463.154666  	0.047272 
1464.586324  	0.050698 
1466.017982  	0.048967 
1467.449641  	0.046362 
1468.881299  	0.043963 
1470.312957  	0.040585 
1471.744615  	0.039576 
1473.176273  	0.037837 
1474.607931  	0.035188 
1476.039590  	0.035904 
1477.471248  	0.035713 
1478.902906  	0.036525 
1480.334564  	0.039929 
1481.766222  	0.043208 
1483.197881  	0.049297 
1484.629539  	0.057625 
1486.061197  	0.066371 
1487.492855  	0.080682 
1488.924513  	0.097154 
1490.356172  	0.116191 
1491.787830  	0.145343 
1493.219488  	0.170783 
1494.651146  	0.197521 
1496.082804  	0.236386 
1497.514462  	0.274522 
1498.946121  	0.313856 
1500.377779  	0.353401 
1501.809437  	0.373176 
1503.241095  	0.384954 
1504.672753  	0.385853 
1506.104412  	0.355668 
1507.536070  	0.295086 
1508.967728  	0.240391 
1510.399386  	0.192815 
1511.831044  	0.149195 
1513.262702  	0.108983 
1514.694361  	0.080068 
1516.126019  	0.060648 
1517.557677  	0.041078 
1518.989335  	0.028731 
1520.420993  	0.023675 
1521.852652  	0.015397 
1523.284310  	0.009010 
1524.715968  	0.006857 
1526.147626  	0.003063 
1527.579284  	0.000380 
1529.010943  	-0.001353 
1530.442601  	-0.003680 
1531.874259  	-0.004423 
1533.305917  	-0.005284 
1534.737575  	-0.007298 
1536.169233  	-0.007985 
1537.600892  	-0.008850 
1539.032550  	-0.009166 
1540.464208  	-0.008911 
1541.895866  	-0.010859 
1543.327524  	-0.011316 
1544.759183  	-0.011610 
1546.190841  	-0.012614 
1547.622499  	-0.012910 
1549.054157  	-0.013235 
1550.485815  	-0.013558 
1551.917473  	-0.013779 
1553.349132  	-0.014245 
1554.780790  	-0.014309 
1556.212448  	-0.014612 
1557.644106  	-0.014745 
1559.075764  	-0.012527 
1560.507423  	-0.014305 
1561.939081  	-0.015584 
1563.370739  	-0.015481 
1564.802397  	-0.015566 
1566.234055  	-0.015608 
1567.665714  	-0.015346 
1569.097372  	-0.014928 
1570.529030  	-0.014383 
1571.960688  	-0.014595 
1573.392346  	-0.014610 
1574.824004  	-0.013878 
1576.255663  	-0.012835 
1577.687321  	-0.012166 
1579.118979  	-0.011928 
1580.550637  	-0.011290 
1581.982295  	-0.009695 
1583.413954  	-0.007811 
1584.845612  	-0.005210 
1586.277270  	-0.001467 
1587.708928  	0.002972 
1589.140586  	0.008219 
1590.572245  	0.012819 
1592.003903  	0.016168 
1593.435561  	0.017909 
1594.867219  	0.017496 
1596.298877  	0.016608 
1597.730535  	0.016009 
1599.162194  	0.016392 
1600.593852  	0.017706 
1602.025510  	0.018274 
1603.457168  	0.017882 
1604.888826  	0.015872 
1606.320485  	0.012363 
1607.752143  	0.008388 
1609.183801  	0.003694 
1610.615459  	-0.000485 
1612.047117  	-0.003702 
1613.478775  	-0.006165 
1614.910434  	-0.007632 
1616.342092  	-0.008705 
1617.773750  	-0.010108 
1619.205408  	-0.011280 
1620.637066  	-0.012054 
1622.068725  	-0.012286 
1623.500383  	-0.012439 
1624.932041  	-0.013201 
1626.363699  	-0.013552 
1627.795357  	-0.013328 
1629.227016  	-0.013279 
1630.658674  	-0.013582 
1632.090332  	-0.013785 
1633.521990  	-0.013530 
1634.953648  	-0.012595 
1636.385306  	-0.011740 
1637.816965  	-0.012170 
1639.248623  	-0.012439 
1640.680281  	-0.012199 
1642.111939  	-0.011703 
1643.543597  	-0.011326 
1644.975256  	-0.010832 
1646.406914  	-0.009858 
1647.838572  	-0.009299 
1649.270230  	-0.009836 
1650.701888  	-0.010141 
1652.133547  	-0.009646 
1653.565205  	-0.008372 
1654.996863  	-0.009550 
1656.428521  	-0.010137 
1657.860179  	-0.010222 
1659.291837  	-0.010310 
1660.723496  	-0.010310 
1662.155154  	-0.010269 
1663.586812  	-0.010578 
1665.018470  	-0.011006 
1666.450128  	-0.011219 
1667.881787  	-0.010983 
1669.313445  	-0.010731 
1670.745103  	-0.011446 
1672.176761  	-0.012082 
1673.608419  	-0.012419 
1675.040077  	-0.012649 
1676.471736  	-0.012617 
1677.903394  	-0.013002 
1679.335052  	-0.012991 
1680.766710  	-0.012485 
1682.198368  	-0.012589 
1683.630027  	-0.011583 
1685.061685  	-0.010694 
1686.493343  	-0.012322 
1687.925001  	-0.012078 
1689.356659  	-0.011536 
1690.788318  	-0.011618 
1692.219976  	-0.010862 
1693.651634  	-0.010343 
1695.083292  	-0.009383 
1696.514950  	-0.007272 
1697.946608  	-0.007656 
1699.378267  	-0.006889 
1700.809925  	-0.004694 
1702.241583  	-0.005360 
1703.673241  	-0.004354 
1705.104899  	-0.002937 
1706.536558  	-0.001931 
1707.968216  	-0.000353 
1709.399874  	0.000490 
1710.831532  	0.001839 
1712.263190  	0.003658 
1713.694849  	0.004778 
1715.126507  	0.007283 
1716.558165  	0.009312 
1717.989823  	0.010408 
1719.421481  	0.013237 
1720.853139  	0.014224 
1722.284798  	0.016325 
1723.716456  	0.019966 
1725.148114  	0.021581 
1726.579772  	0.024405 
1728.011430  	0.027817 
1729.443089  	0.029898 
1730.874747  	0.033520 
1732.306405  	0.035818 
1733.738063  	0.037883 
1735.169721  	0.042185 
1736.601379  	0.042915 
1738.033038  	0.046171 
1739.464696  	0.051003 
1740.896354  	0.053332 
1742.328012  	0.058562 
1743.759670  	0.063597 
1745.191329  	0.068373 
1746.622987  	0.077217 
1748.054645  	0.085406 
1749.486303  	0.096158 
1750.917961  	0.111278 
1752.349620  	0.126291 
1753.781278  	0.147368 
1755.212936  	0.170646 
1756.644594  	0.198772 
1758.076252  	0.241805 
1759.507910  	0.283477 
1760.939569  	0.327965 
1762.371227  	0.391588 
1763.802885  	0.445887 
1765.234543  	0.488330 
1766.666201  	0.528043 
1768.097860  	0.538958 
1769.529518  	0.540406 
1770.961176  	0.540296 
1772.392834  	0.504869 
1773.824492  	0.473829 
1775.256150  	0.450515 
1776.687809  	0.413338 
1778.119467  	0.383867 
1779.551125  	0.353936 
1780.982783  	0.315435 
1782.414441  	0.287488 
1783.846100  	0.259421 
1785.277758  	0.227762 
1786.709416  	0.202700 
1788.141074  	0.176316 
1789.572732  	0.152684 
1791.004391  	0.133227 
1792.436049  	0.106957 
1793.867707  	0.087260 
1795.299365  	0.073376 
1796.731023  	0.057604 
1798.162681  	0.047510 
1799.594340  	0.037892 
1801.025998  	0.027872 
1802.457656  	0.022803 
1803.889314  	0.015972 
1805.320972  	0.011386 
1806.752631  	0.009047 
1808.184289  	0.004288 
1809.615947  	0.002536 
1811.047605  	0.000470 
1812.479263  	-0.003120 
1813.910922  	-0.003404 
1815.342580  	-0.005494 
1816.774238  	-0.007063 
1818.205896  	-0.006705 
1819.637554  	-0.008977 
1821.069212  	-0.009107 
1822.500871  	-0.009254 
1823.932529  	-0.011373 
1825.364187  	-0.010576 
1826.795845  	-0.011665 
1828.227503  	-0.012953 
1829.659162  	-0.011757 
1831.090820  	-0.013416 
1832.522478  	-0.013644 
1833.954136  	-0.013434 
1835.385794  	-0.015159 
1836.817452  	-0.014838 
1838.249111  	-0.015737 
1839.680769  	-0.016929 
1841.112427  	-0.015807 
1842.544085  	-0.016729 
1843.975743  	-0.016435 
1845.407402  	-0.015387 
1846.839060  	-0.017351 
1848.270718  	-0.016676 
1849.702376  	-0.016671 
1851.134034  	-0.017849 
1852.565693  	-0.016652 
1853.997351  	-0.017428 
1855.429009  	-0.017857 
1856.860667  	-0.016735 
1858.292325  	-0.017993 
1859.723983  	-0.017686 
1861.155642  	-0.017319 
1862.587300  	-0.018667 
1864.018958  	-0.017886 
1865.450616  	-0.018141 
1866.882274  	-0.018394 
1868.313933  	-0.016877 
1869.745591  	-0.018158 
1871.177249  	-0.018079 
1872.608907  	-0.017490 
1874.040565  	-0.018517 
1875.472224  	-0.017464 
1876.903882  	-0.017245 
1878.335540  	-0.017785 
1879.767198  	-0.016964 
1881.198856  	-0.017885 
1882.630514  	-0.017360 
1884.062173  	-0.015965 
1885.493831  	-0.016866 
1886.925489  	-0.015964 
1888.357147  	-0.015288 
1889.788805  	-0.015671 
1891.220464  	-0.014214 
1892.652122  	-0.014249 
1894.083780  	-0.013605 
1895.515438  	-0.012235 
1896.947096  	-0.013309 
1898.378754  	-0.012935 
1899.810413  	-0.012773 
1901.242071  	-0.013718 
1902.673729  	-0.012927 
1904.105387  	-0.013817 
1905.537045  	-0.014744 
1906.968704  	-0.014546 
1908.400362  	-0.016185 
1909.832020  	-0.016181 
1911.263678  	-0.016638 
1912.695336  	-0.018920 
1914.126995  	-0.018694 
1915.558653  	-0.019619 
1916.990311  	-0.020970 
1918.421969  	-0.020303 
1919.853627  	-0.021716 
1921.285285  	-0.021131 
1922.716944  	-0.019577 
1924.148602  	-0.021002 
1925.580260  	-0.020432 
1927.011918  	-0.021035 
1928.443576  	-0.023291 
1929.875235  	-0.022396 
1931.306893  	-0.022286 
1932.738551  	-0.022003 
1934.170209  	-0.021293 
1935.601867  	-0.022790 
1937.033525  	-0.021981 
1938.465184  	-0.021983 
1939.896842  	-0.023823 
1941.328500  	-0.022608 
1942.760158  	-0.022886 
1944.191816  	-0.022945 
1945.623475  	-0.021235 
1947.055133  	-0.022598 
1948.486791  	-0.022723 
1949.918449  	-0.022698 
1951.350107  	-0.023645 
1952.781766  	-0.021796 
1954.213424  	-0.022750 
1955.645082  	-0.023608 
1957.076740  	-0.021937 
1958.508398  	-0.024375 
1959.940056  	-0.024554 
1961.371715  	-0.023084 
1962.803373  	-0.023825 
1964.235031  	-0.020721 
1965.666689  	-0.020933 
1967.098347  	-0.022874 
1968.530006  	-0.020540 
1969.961664  	-0.022085 
1971.393322  	-0.021783 
1972.824980  	-0.020883 
1974.256638  	-0.024569 
1975.688297  	-0.022694 
1977.119955  	-0.022650 
1978.551613  	-0.024916 
1979.983271  	-0.020633 
1981.414929  	-0.021280 
1982.846587  	-0.023005 
1984.278246  	-0.021729 
1985.709904  	-0.023581 
1987.141562  	-0.022830 
1988.573220  	-0.022592 
1990.004878  	-0.025015 
1991.436537  	-0.023208 
1992.868195  	-0.023263 
1994.299853  	-0.023368 
1995.731511  	-0.021377 
1997.163169  	-0.024158 
1998.594827  	-0.024934 
2000.026486  	-0.022841 
2001.458144  	-0.023138 
2002.889802  	-0.021824 
2004.321460  	-0.021908 
2005.753118  	-0.021578 
2007.184777  	-0.018641 
2008.616435  	-0.020102 
2010.048093  	-0.020462 
2011.479751  	-0.020202 
2012.911409  	-0.022428 
2014.343068  	-0.020583 
2015.774726  	-0.021067 
2017.206384  	-0.022637 
2018.638042  	-0.019721 
2020.069700  	-0.021299 
2021.501358  	-0.022296 
2022.933017  	-0.021065 
2024.364675  	-0.022694 
2025.796333  	-0.020059 
2027.227991  	-0.019795 
2028.659649  	-0.023497 
2030.091308  	-0.021862 
2031.522966  	-0.022263 
2032.954624  	-0.023184 
2034.386282  	-0.021541 
2035.817940  	-0.023004 
2037.249599  	-0.021349 
2038.681257  	-0.019043 
2040.112915  	-0.019460 
2041.544573  	-0.018752 
2042.976231  	-0.020865 
2044.407889  	-0.022283 
2045.839548  	-0.020357 
2047.271206  	-0.019856 
2048.702864  	-0.018374 
2050.134522  	-0.018682 
2051.566180  	-0.020098 
2052.997839  	-0.018576 
2054.429497  	-0.019654 
2055.861155  	-0.020736 
2057.292813  	-0.018912 
2058.724471  	-0.020141 
2060.156129  	-0.021561 
2061.587788  	-0.021812 
2063.019446  	-0.022181 
2064.451104  	-0.020139 
2065.882762  	-0.020318 
2067.314420  	-0.021401 
2068.746079  	-0.019548 
2070.177737  	-0.020136 
2071.609395  	-0.020998 
2073.041053  	-0.020423 
2074.472711  	-0.021964 
2075.904370  	-0.022192 
2077.336028  	-0.021446 
2078.767686  	-0.021555 
2080.199344  	-0.020980 
2081.631002  	-0.021496 
2083.062660  	-0.021356 
2084.494319  	-0.020533 
2085.925977  	-0.021635 
2087.357635  	-0.021362 
2088.789293  	-0.020908 
2090.220951  	-0.022154 
2091.652610  	-0.022236 
2093.084268  	-0.022952 
2094.515926  	-0.023484 
2095.947584  	-0.022248 
2097.379242  	-0.022701 
2098.810901  	-0.023269 
2100.242559  	-0.023296 
2101.674217  	-0.023725 
2103.105875  	-0.022995 
2104.537533  	-0.023540 
2105.969191  	-0.024191 
2107.400850  	-0.022973 
2108.832508  	-0.023290 
2110.264166  	-0.023387 
2111.695824  	-0.022872 
2113.127482  	-0.023660 
2114.559141  	-0.023023 
2115.990799  	-0.022853 
2117.422457  	-0.023995 
2118.854115  	-0.023473 
2120.285773  	-0.023436 
2121.717431  	-0.023975 
2123.149090  	-0.024354 
2124.580748  	-0.025263 
2126.012406  	-0.024174 
2127.444064  	-0.023444 
2128.875722  	-0.024194 
2130.307381  	-0.023268 
2131.739039  	-0.023775 
2133.170697  	-0.024538 
2134.602355  	-0.023114 
2136.034013  	-0.024249 
2137.465672  	-0.024639 
2138.897330  	-0.022722 
2140.328988  	-0.023282 
2141.760646  	-0.023814 
2143.192304  	-0.023641 
2144.623962  	-0.023210 
2146.055621  	-0.022295 
2147.487279  	-0.023264 
2148.918937  	-0.022909 
2150.350595  	-0.022129 
2151.782253  	-0.022832 
2153.213912  	-0.020480 
2154.645570  	-0.019091 
2156.077228  	-0.018832 
2157.508886  	-0.017077 
2158.940544  	-0.020305 
2160.372202  	-0.021399 
2161.803861  	-0.019341 
2163.235519  	-0.021438 
2164.667177  	-0.020378 
2166.098835  	-0.019152 
2167.530493  	-0.020789 
2168.962152  	-0.020853 
2170.393810  	-0.022293 
2171.825468  	-0.022334 
2173.257126  	-0.020429 
2174.688784  	-0.020997 
2176.120443  	-0.019717 
2177.552101  	-0.019349 
2178.983759  	-0.021385 
2180.415417  	-0.020645 
2181.847075  	-0.020725 
2183.278733  	-0.020577 
2184.710392  	-0.019548 
2186.142050  	-0.021126 
2187.573708  	-0.019746 
2189.005366  	-0.018334 
2190.437024  	-0.019722 
2191.868683  	-0.017394 
2193.300341  	-0.016411 
2194.731999  	-0.018353 
2196.163657  	-0.018252 
2197.595315  	-0.018976 
2199.026974  	-0.019073 
2200.458632  	-0.018468 
2201.890290  	-0.019373 
2203.321948  	-0.018106 
2204.753606  	-0.018203 
2206.185264  	-0.020347 
2207.616923  	-0.019176 
2209.048581  	-0.018690 
2210.480239  	-0.020054 
2211.911897  	-0.020552 
2213.343555  	-0.020706 
2214.775214  	-0.019143 
2216.206872  	-0.018088 
2217.638530  	-0.018340 
2219.070188  	-0.017991 
2220.501846  	-0.018881 
2221.933504  	-0.018542 
2223.365163  	-0.016728 
2224.796821  	-0.016883 
2226.228479  	-0.016355 
2227.660137  	-0.016161 
2229.091795  	-0.016473 
2230.523454  	-0.014093 
2231.955112  	-0.013794 
2233.386770  	-0.015657 
2234.818428  	-0.015787 
2236.250086  	-0.016647 
2237.681745  	-0.017030 
2239.113403  	-0.016434 
2240.545061  	-0.017390 
2241.976719  	-0.017988 
2243.408377  	-0.018048 
2244.840035  	-0.017672 
2246.271694  	-0.016674 
2247.703352  	-0.017283 
2249.135010  	-0.017586 
2250.566668  	-0.017318 
2251.998326  	-0.018649 
2253.429985  	-0.019431 
2254.861643  	-0.019792 
2256.293301  	-0.020299 
2257.724959  	-0.019930 
2259.156617  	-0.020536 
2260.588276  	-0.021097 
2262.019934  	-0.020843 
2263.451592  	-0.021688 
2264.883250  	-0.022139 
2266.314908  	-0.022008 
2267.746566  	-0.022311 
2269.178225  	-0.022504 
2270.609883  	-0.023178 
2272.041541  	-0.023061 
2273.473199  	-0.022228 
2274.904857  	-0.022453 
2276.336516  	-0.022191 
2277.768174  	-0.022163 
2279.199832  	-0.023285 
2280.631490  	-0.023529 
2282.063148  	-0.023432 
2283.494806  	-0.023181 
2284.926465  	-0.023028 
2286.358123  	-0.024262 
2287.789781  	-0.024785 
2289.221439  	-0.024523 
2290.653097  	-0.025042 
2292.084756  	-0.024796 
2293.516414  	-0.024197 
2294.948072  	-0.024042 
2296.379730  	-0.023693 
2297.811388  	-0.024001 
2299.243047  	-0.024407 
2300.674705  	-0.024498 
2302.106363  	-0.025167 
2303.538021  	-0.025488 
2304.969679  	-0.025302 
2306.401337  	-0.024905 
2307.832996  	-0.024386 
2309.264654  	-0.024861 
2310.696312  	-0.025279 
2312.127970  	-0.025142 
2313.559628  	-0.025566 
2314.991287  	-0.025344 
2316.422945  	-0.025069 
2317.854603  	-0.025753 
2319.286261  	-0.025693 
2320.717919  	-0.025544 
2322.149577  	-0.025992 
2323.581236  	-0.026091 
2325.012894  	-0.026297 
2326.444552  	-0.026127 
2327.876210  	-0.025718 
2329.307868  	-0.025972 
2330.739527  	-0.026052 
2332.171185  	-0.026216 
2333.602843  	-0.026619 
2335.034501  	-0.026527 
2336.466159  	-0.026743 
2337.897818  	-0.026910 
2339.329476  	-0.026792 
2340.761134  	-0.027221 
2342.192792  	-0.027369 
2343.624450  	-0.027367 
2345.056108  	-0.027376 
2346.487767  	-0.026696 
2347.919425  	-0.026358 
2349.351083  	-0.026343 
2350.782741  	-0.026320 
2352.214399  	-0.026794 
2353.646058  	-0.027151 
2355.077716  	-0.027220 
2356.509374  	-0.027082 
2357.941032  	-0.026478 
2359.372690  	-0.026903 
2360.804349  	-0.027450 
2362.236007  	-0.027000 
2363.667665  	-0.026970 
2365.099323  	-0.026626 
2366.530981  	-0.026312 
2367.962639  	-0.026513 
2369.394298  	-0.025817 
2370.825956  	-0.025504 
2372.257614  	-0.025643 
2373.689272  	-0.025221 
2375.120930  	-0.025332 
2376.552589  	-0.025079 
2377.984247  	-0.024050 
2379.415905  	-0.023688 
2380.847563  	-0.023658 
2382.279221  	-0.023603 
2383.710879  	-0.023494 
2385.142538  	-0.023135 
2386.574196  	-0.023004 
2388.005854  	-0.022814 
2389.437512  	-0.022603 
2390.869170  	-0.022742 
2392.300829  	-0.022486 
2393.732487  	-0.022230 
2395.164145  	-0.022289 
2396.595803  	-0.022079 
2398.027461  	-0.022104 
2399.459120  	-0.021934 
2400.890778  	-0.021435 
2402.322436  	-0.021716 
2403.754094  	-0.022003 
2405.185752  	-0.021866 
2406.617410  	-0.021724 
2408.049069  	-0.021273 
2409.480727  	-0.021242 
2410.912385  	-0.021516 
2412.344043  	-0.021450 
2413.775701  	-0.021674 
2415.207360  	-0.021841 
2416.639018  	-0.021824 
2418.070676  	-0.021807 
2419.502334  	-0.021442 
2420.933992  	-0.021780 
2422.365651  	-0.022474 
2423.797309  	-0.022457 
2425.228967  	-0.022663 
2426.660625  	-0.022638 
2428.092283  	-0.022289 
2429.523941  	-0.022561 
2430.955600  	-0.022452 
2432.387258  	-0.022340 
2433.818916  	-0.022784 
2435.250574  	-0.022705 
2436.682232  	-0.022851 
2438.113891  	-0.023277 
2439.545549  	-0.023112 
2440.977207  	-0.022965 
2442.408865  	-0.022661 
2443.840523  	-0.022326 
2445.272181  	-0.022363 
2446.703840  	-0.022324 
2448.135498  	-0.022666 
2449.567156  	-0.022933 
2450.998814  	-0.022665 
2452.430472  	-0.022793 
2453.862131  	-0.022640 
2455.293789  	-0.022129 
2456.725447  	-0.022262 
2458.157105  	-0.022521 
2459.588763  	-0.022645 
2461.020422  	-0.022473 
2462.452080  	-0.022294 
2463.883738  	-0.022784 
2465.315396  	-0.022702 
2466.747054  	-0.022341 
2468.178712  	-0.022813 
2469.610371  	-0.022799 
2471.042029  	-0.022557 
2472.473687  	-0.022673 
2473.905345  	-0.022471 
2475.337003  	-0.022627 
2476.768662  	-0.022624 
2478.200320  	-0.022295 
2479.631978  	-0.022909 
2481.063636  	-0.023290 
2482.495294  	-0.023097 
2483.926953  	-0.023223 
2485.358611  	-0.023096 
2486.790269  	-0.023202 
2488.221927  	-0.023341 
2489.653585  	-0.022868 
2491.085243  	-0.022935 
2492.516902  	-0.023270 
2493.948560  	-0.023556 
2495.380218  	-0.024160 
2496.811876  	-0.024181 
2498.243534  	-0.024240 
2499.675193  	-0.024634 
2501.106851  	-0.024308 
2502.538509  	-0.024138 
2503.970167  	-0.024303 
2505.401825  	-0.024229 
2506.833483  	-0.024392 
2508.265142  	-0.024382 
2509.696800  	-0.024251 
2511.128458  	-0.024303 
2512.560116  	-0.024179 
2513.991774  	-0.024478 
2515.423433  	-0.025035 
2516.855091  	-0.025309 
2518.286749  	-0.025540 
2519.718407  	-0.025167 
2521.150065  	-0.024571 
2522.581724  	-0.024562 
2524.013382  	-0.024676 
2525.445040  	-0.024786 
2526.876698  	-0.024625 
2528.308356  	-0.024327 
2529.740014  	-0.024390 
2531.171673  	-0.024196 
2532.603331  	-0.024283 
2534.034989  	-0.024877 
2535.466647  	-0.024801 
2536.898305  	-0.024788 
2538.329964  	-0.024981 
2539.761622  	-0.024634 
2541.193280  	-0.024712 
2542.624938  	-0.024983 
2544.056596  	-0.024974 
2545.488254  	-0.025271 
2546.919913  	-0.025295 
2548.351571  	-0.025103 
2549.783229  	-0.025210 
2551.214887  	-0.025364 
2552.646545  	-0.025683 
2554.078204  	-0.025700 
2555.509862  	-0.025383 
2556.941520  	-0.025513 
2558.373178  	-0.025830 
2559.804836  	-0.025966 
2561.236495  	-0.025498 
2562.668153  	-0.024950 
2564.099811  	-0.025587 
2565.531469  	-0.026002 
2566.963127  	-0.025565 
2568.394785  	-0.025699 
2569.826444  	-0.025516 
2571.258102  	-0.024907 
2572.689760  	-0.025093 
2574.121418  	-0.025348 
2575.553076  	-0.025439 
2576.984735  	-0.025484 
2578.416393  	-0.025183 
2579.848051  	-0.025050 
2581.279709  	-0.024958 
2582.711367  	-0.024977 
2584.143026  	-0.025241 
2585.574684  	-0.024924 
2587.006342  	-0.024644 
2588.438000  	-0.024889 
2589.869658  	-0.024889 
2591.301316  	-0.024872 
2592.732975  	-0.024782 
2594.164633  	-0.024608 
2595.596291  	-0.024955 
2597.027949  	-0.025178 
2598.459607  	-0.025088 
2599.891266  	-0.025058 
2601.322924  	-0.024650 
2602.754582  	-0.024305 
2604.186240  	-0.024604 
2605.617898  	-0.025045 
2607.049556  	-0.025066 
2608.481215  	-0.024748 
2609.912873  	-0.024844 
2611.344531  	-0.025183 
2612.776189  	-0.025122 
2614.207847  	-0.025155 
2615.639506  	-0.025237 
2617.071164  	-0.025194 
2618.502822  	-0.025446 
2619.934480  	-0.025399 
2621.366138  	-0.025113 
2622.797797  	-0.025335 
2624.229455  	-0.025551 
2625.661113  	-0.025677 
2627.092771  	-0.025931 
2628.524429  	-0.025928 
2629.956087  	-0.025920 
2631.387746  	-0.026013 
2632.819404  	-0.025967 
2634.251062  	-0.025980 
2635.682720  	-0.026055 
2637.114378  	-0.026178 
2638.546037  	-0.026285 
2639.977695  	-0.026149 
2641.409353  	-0.026040 
2642.841011  	-0.026070 
2644.272669  	-0.026014 
2645.704328  	-0.025986 
2647.135986  	-0.026019 
2648.567644  	-0.025907 
2649.999302  	-0.025776 
2651.430960  	-0.025947 
2652.862618  	-0.026128 
2654.294277  	-0.025946 
2655.725935  	-0.025832 
2657.157593  	-0.025767 
2658.589251  	-0.025420 
2660.020909  	-0.025376 
2661.452568  	-0.025589 
2662.884226  	-0.025525 
2664.315884  	-0.025495 
2665.747542  	-0.025479 
2667.179200  	-0.025377 
2668.610858  	-0.025433 
2670.042517  	-0.025393 
2671.474175  	-0.025337 
2672.905833  	-0.025423 
2674.337491  	-0.025357 
2675.769149  	-0.025419 
2677.200808  	-0.025576 
2678.632466  	-0.025386 
2680.064124  	-0.025199 
2681.495782  	-0.025250 
2682.927440  	-0.025377 
2684.359099  	-0.025523 
2685.790757  	-0.025532 
2687.222415  	-0.025445 
2688.654073  	-0.025385 
2690.085731  	-0.025379 
2691.517389  	-0.025389 
2692.949048  	-0.025295 
2694.380706  	-0.025275 
2695.812364  	-0.025281 
2697.244022  	-0.025086 
2698.675680  	-0.025040 
2700.107339  	-0.025082 
2701.538997  	-0.024971 
2702.970655  	-0.025059 
2704.402313  	-0.025164 
2705.833971  	-0.025014 
2707.265630  	-0.024839 
2708.697288  	-0.024721 
2710.128946  	-0.024680 
2711.560604  	-0.024450 
2712.992262  	-0.024132 
2714.423920  	-0.024308 
2715.855579  	-0.024479 
2717.287237  	-0.024319 
2718.718895  	-0.024374 
2720.150553  	-0.024438 
2721.582211  	-0.024410 
2723.013870  	-0.024514 
2724.445528  	-0.024487 
2725.877186  	-0.024410 
2727.308844  	-0.024369 
2728.740502  	-0.024267 
2730.172160  	-0.024230 
2731.603819  	-0.024202 
2733.035477  	-0.024318 
2734.467135  	-0.024459 
2735.898793  	-0.024278 
2737.330451  	-0.024221 
2738.762110  	-0.024276 
2740.193768  	-0.024141 
2741.625426  	-0.024260 
2743.057084  	-0.024473 
2744.488742  	-0.024480 
2745.920401  	-0.024478 
2747.352059  	-0.024404 
2748.783717  	-0.024450 
2750.215375  	-0.024536 
2751.647033  	-0.024389 
2753.078691  	-0.024405 
2754.510350  	-0.024401 
2755.942008  	-0.024165 
2757.373666  	-0.024185 
2758.805324  	-0.024274 
2760.236982  	-0.024185 
2761.668641  	-0.023949 
2763.100299  	-0.023564 
2764.531957  	-0.023440 
2765.963615  	-0.023405 
2767.395273  	-0.023178 
2768.826931  	-0.023139 
2770.258590  	-0.023060 
2771.690248  	-0.022868 
2773.121906  	-0.022857 
2774.553564  	-0.022722 
2775.985222  	-0.022564 
2777.416881  	-0.022570 
2778.848539  	-0.022551 
2780.280197  	-0.022609 
2781.711855  	-0.022633 
2783.143513  	-0.022642 
2784.575172  	-0.022766 
2786.006830  	-0.022723 
2787.438488  	-0.022753 
2788.870146  	-0.022930 
2790.301804  	-0.022951 
2791.733462  	-0.023134 
2793.165121  	-0.023326 
2794.596779  	-0.023273 
2796.028437  	-0.023332 
2797.460095  	-0.023293 
2798.891753  	-0.023134 
2800.323412  	-0.023117 
2801.755070  	-0.022921 
2803.186728  	-0.022704 
2804.618386  	-0.022703 
2806.050044  	-0.022644 
2807.481703  	-0.022583 
2808.913361  	-0.022618 
2810.345019  	-0.022625 
2811.776677  	-0.022459 
2813.208335  	-0.022275 
2814.639993  	-0.022462 
2816.071652  	-0.022674 
2817.503310  	-0.022602 
2818.934968  	-0.022639 
2820.366626  	-0.022729 
2821.798284  	-0.022709 
2823.229943  	-0.022612 
2824.661601  	-0.022445 
2826.093259  	-0.022461 
2827.524917  	-0.022420 
2828.956575  	-0.022249 
2830.388233  	-0.022383 
2831.819892  	-0.022432 
2833.251550  	-0.022341 
2834.683208  	-0.022401 
2836.114866  	-0.022101 
2837.546524  	-0.021688 
2838.978183  	-0.021480 
2840.409841  	-0.021121 
2841.841499  	-0.020971 
2843.273157  	-0.020829 
2844.704815  	-0.020232 
2846.136474  	-0.019824 
2847.568132  	-0.019560 
2848.999790  	-0.019009 
2850.431448  	-0.018473 
2851.863106  	-0.018078 
2853.294764  	-0.017769 
2854.726423  	-0.017313 
2856.158081  	-0.016643 
2857.589739  	-0.016105 
2859.021397  	-0.015449 
2860.453055  	-0.014418 
2861.884714  	-0.013072 
2863.316372  	-0.011232 
2864.748030  	-0.009156 
2866.179688  	-0.006962 
2867.611346  	-0.004428 
2869.043005  	-0.001864 
2870.474663  	0.000380 
2871.906321  	0.001918 
2873.337979  	0.002493 
2874.769637  	0.002428 
2876.201295  	0.001759 
2877.632954  	0.000431 
2879.064612  	-0.001214 
2880.496270  	-0.002875 
2881.927928  	-0.004269 
2883.359586  	-0.005474 
2884.791245  	-0.006505 
2886.222903  	-0.006793 
2887.654561  	-0.006512 
2889.086219  	-0.006149 
2890.517877  	-0.005707 
2891.949535  	-0.005533 
2893.381194  	-0.005726 
2894.812852  	-0.006065 
2896.244510  	-0.006517 
2897.676168  	-0.006884 
2899.107826  	-0.007222 
2900.539485  	-0.007379 
2901.971143  	-0.007012 
2903.402801  	-0.006634 
2904.834459  	-0.006199 
2906.266117  	-0.005182 
2907.697776  	-0.004125 
2909.129434  	-0.003398 
2910.561092  	-0.002888 
2911.992750  	-0.002584 
2913.424408  	-0.002360 
2914.856066  	-0.002379 
2916.287725  	-0.002570 
2917.719383  	-0.002594 
2919.151041  	-0.002450 
2920.582699  	-0.001811 
2922.014357  	-0.000673 
2923.446016  	0.000545 
2924.877674  	0.002073 
2926.309332  	0.003908 
2927.740990  	0.005841 
2929.172648  	0.007729 
2930.604306  	0.009087 
2932.035965  	0.010169 
2933.467623  	0.011239 
2934.899281  	0.011677 
2936.330939  	0.011613 
2937.762597  	0.011472 
2939.194256  	0.011003 
2940.625914  	0.010277 
2942.057572  	0.009648 
2943.489230  	0.009219 
2944.920888  	0.008859 
2946.352547  	0.008647 
2947.784205  	0.008968 
2949.215863  	0.009611 
2950.647521  	0.010388 
2952.079179  	0.011821 
2953.510837  	0.014165 
2954.942496  	0.017435 
2956.374154  	0.021486 
2957.805812  	0.026290 
2959.237470  	0.032293 
2960.669128  	0.038940 
2962.100787  	0.045279 
2963.532445  	0.051213 
2964.964103  	0.056288 
2966.395761  	0.059875 
2967.827419  	0.061677 
2969.259078  	0.061585 
2970.690736  	0.060114 
2972.122394  	0.057557 
2973.554052  	0.053639 
2974.985710  	0.048901 
2976.417368  	0.044091 
2977.849027  	0.039067 
2979.280685  	0.033906 
2980.712343  	0.028999 
2982.144001  	0.024245 
2983.575659  	0.019518 
2985.007318  	0.015086 
2986.438976  	0.011165 
2987.870634  	0.007572 
2989.302292  	0.004323 
2990.733950  	0.001562 
2992.165608  	-0.001090 
2993.597267  	-0.003600 
2995.028925  	-0.005614 
2996.460583  	-0.007451 
2997.892241  	-0.009258 
2999.323899  	-0.010834 
3000.755558  	-0.012151 
3002.187216  	-0.013299 
3003.618874  	-0.014387 
3005.050532  	-0.015185 
3006.482190  	-0.015856 
3007.913849  	-0.016856 
3009.345507  	-0.017665 
3010.777165  	-0.018118 
3012.208823  	-0.018696 
3013.640481  	-0.019200 
3015.072139  	-0.019587 
3016.503798  	-0.019749 
3017.935456  	-0.019505 
3019.367114  	-0.019502 
3020.798772  	-0.019751 
3022.230430  	-0.019829 
3023.662089  	-0.019799 
3025.093747  	-0.019411 
3026.525405  	-0.018846 
3027.957063  	-0.018332 
3029.388721  	-0.017479 
3030.820380  	-0.016572 
3032.252038  	-0.015611 
3033.683696  	-0.014051 
3035.115354  	-0.012328 
3036.547012  	-0.010928 
3037.978670  	-0.009874 
3039.410329  	-0.009086 
3040.841987  	-0.008526 
3042.273645  	-0.008591 
3043.705303  	-0.009228 
3045.136961  	-0.009864 
3046.568620  	-0.010435 
3048.000278  	-0.010963 
3049.431936  	-0.011345 
3050.863594  	-0.011520 
3052.295252  	-0.011397 
3053.726910  	-0.011025 
3055.158569  	-0.010406 
3056.590227  	-0.009910 
3058.021885  	-0.009902 
3059.453543  	-0.009970 
3060.885201  	-0.010123 
3062.316860  	-0.010440 
3063.748518  	-0.010663 
3065.180176  	-0.011167 
3066.611834  	-0.011777 
3068.043492  	-0.012324 
3069.475151  	-0.013288 
3070.906809  	-0.013829 
3072.338467  	-0.013815 
3073.770125  	-0.014445 
3075.201783  	-0.015259 
3076.633441  	-0.015683 
3078.065100  	-0.015973 
3079.496758  	-0.016142 
3080.928416  	-0.016615 
3082.360074  	-0.017146 
3083.791732  	-0.017440 
3085.223391  	-0.018037 
3086.655049  	-0.018398 
3088.086707  	-0.018505 
3089.518365  	-0.019138 
3090.950023  	-0.019570 
3092.381682  	-0.019715 
3093.813340  	-0.020194 
3095.244998  	-0.020492 
3096.676656  	-0.020550 
3098.108314  	-0.020606 
3099.539972  	-0.020502 
3100.971631  	-0.020436 
3102.403289  	-0.020520 
3103.834947  	-0.020611 
3105.266605  	-0.020509 
3106.698263  	-0.020509 
3108.129922  	-0.020844 
3109.561580  	-0.020634 
3110.993238  	-0.020219 
3112.424896  	-0.020602 
3113.856554  	-0.020784 
3115.288212  	-0.020549 
3116.719871  	-0.020682 
3118.151529  	-0.020786 
3119.583187  	-0.020925 
3121.014845  	-0.021141 
3122.446503  	-0.021235 
3123.878162  	-0.021707 
3125.309820  	-0.021971 
3126.741478  	-0.021785 
3128.173136  	-0.022177 
3129.604794  	-0.022831 
3131.036453  	-0.023107 
3132.468111  	-0.023070 
3133.899769  	-0.022796 
3135.331427  	-0.022675 
3136.763085  	-0.022614 
3138.194743  	-0.022650 
3139.626402  	-0.023200 
3141.058060  	-0.023667 
3142.489718  	-0.023760 
3143.921376  	-0.023804 
3145.353034  	-0.023777 
3146.784693  	-0.023868 
3148.216351  	-0.023893 
3149.648009  	-0.023798 
3151.079667  	-0.023966 
3152.511325  	-0.024102 
3153.942983  	-0.024310 
3155.374642  	-0.024508 
3156.806300  	-0.024079 
3158.237958  	-0.023945 
3159.669616  	-0.024375 
3161.101274  	-0.024301 
3162.532933  	-0.024182 
3163.964591  	-0.024361 
3165.396249  	-0.024287 
3166.827907  	-0.024183 
3168.259565  	-0.024218 
3169.691224  	-0.024212 
3171.122882  	-0.024140 
3172.554540  	-0.024222 
3173.986198  	-0.024456 
3175.417856  	-0.024292 
3176.849514  	-0.024061 
3178.281173  	-0.024097 
3179.712831  	-0.023806 
3181.144489  	-0.023811 
3182.576147  	-0.024290 
3184.007805  	-0.024225 
3185.439464  	-0.024213 
3186.871122  	-0.024522 
3188.302780  	-0.024327 
3189.734438  	-0.024060 
3191.166096  	-0.024003 
3192.597755  	-0.023848 
3194.029413  	-0.023654 
3195.461071  	-0.023490 
3196.892729  	-0.023662 
3198.324387  	-0.023977 
3199.756045  	-0.024054 
3201.187704  	-0.024208 
3202.619362  	-0.024241 
3204.051020  	-0.024197 
3205.482678  	-0.024460 
3206.914336  	-0.024366 
3208.345995  	-0.023952 
3209.777653  	-0.024035 
3211.209311  	-0.024460 
3212.640969  	-0.024763 
3214.072627  	-0.024697 
3215.504285  	-0.024448 
3216.935944  	-0.024291 
3218.367602  	-0.023983 
3219.799260  	-0.023904 
3221.230918  	-0.024306 
3222.662576  	-0.024455 
3224.094235  	-0.024323 
3225.525893  	-0.024318 
3226.957551  	-0.024413 
3228.389209  	-0.024496 
3229.820867  	-0.024560 
3231.252526  	-0.024800 
3232.684184  	-0.024842 
3234.115842  	-0.024477 
3235.547500  	-0.024550 
3236.979158  	-0.024854 
3238.410816  	-0.024768 
3239.842475  	-0.024897 
3241.274133  	-0.025189 
3242.705791  	-0.025106 
3244.137449  	-0.024828 
3245.569107  	-0.024550 
3247.000766  	-0.024423 
3248.432424  	-0.024356 
3249.864082  	-0.024333 
3251.295740  	-0.024580 
3252.727398  	-0.024729 
3254.159057  	-0.024729 
3255.590715  	-0.024903 
3257.022373  	-0.025055 
3258.454031  	-0.025128 
3259.885689  	-0.024912 
3261.317347  	-0.024396 
3262.749006  	-0.024214 
3264.180664  	-0.024301 
3265.612322  	-0.024510 
3267.043980  	-0.024739 
3268.475638  	-0.024453 
3269.907297  	-0.024174 
3271.338955  	-0.024217 
3272.770613  	-0.024057 
3274.202271  	-0.024191 
3275.633929  	-0.024561 
3277.065587  	-0.024497 
3278.497246  	-0.024389 
3279.928904  	-0.024248 
3281.360562  	-0.023992 
3282.792220  	-0.023975 
3284.223878  	-0.024017 
3285.655537  	-0.024173 
3287.087195  	-0.024461 
3288.518853  	-0.024616 
3289.950511  	-0.024849 
3291.382169  	-0.024966 
3292.813828  	-0.024805 
3294.245486  	-0.024791 
3295.677144  	-0.024855 
3297.108802  	-0.024868 
3298.540460  	-0.024822 
3299.972118  	-0.024730 
3301.403777  	-0.024932 
3302.835435  	-0.025158 
3304.267093  	-0.024983 
3305.698751  	-0.024710 
3307.130409  	-0.024599 
3308.562068  	-0.024675 
3309.993726  	-0.024659 
3311.425384  	-0.024476 
3312.857042  	-0.024593 
3314.288700  	-0.024714 
3315.720359  	-0.024528 
3317.152017  	-0.024520 
3318.583675  	-0.024569 
3320.015333  	-0.024550 
3321.446991  	-0.024809 
3322.878649  	-0.025118 
3324.310308  	-0.025182 
3325.741966  	-0.025135 
3327.173624  	-0.025121 
3328.605282  	-0.025033 
3330.036940  	-0.024817 
3331.468599  	-0.024784 
3332.900257  	-0.024849 
3334.331915  	-0.024828 
3335.763573  	-0.024852 
3337.195231  	-0.024633 
3338.626889  	-0.024466 
3340.058548  	-0.024781 
3341.490206  	-0.024957 
3342.921864  	-0.025091 
3344.353522  	-0.025292 
3345.785180  	-0.025033 
3347.216839  	-0.024905 
3348.648497  	-0.024927 
3350.080155  	-0.024668 
3351.511813  	-0.024902 
3352.943471  	-0.025289 
3354.375130  	-0.025246 
3355.806788  	-0.025312 
3357.238446  	-0.025188 
3358.670104  	-0.024974 
3360.101762  	-0.025124 
3361.533420  	-0.024985 
3362.965079  	-0.024725 
3364.396737  	-0.024786 
3365.828395  	-0.024784 
3367.260053  	-0.024791 
3368.691711  	-0.024759 
3370.123370  	-0.024616 
3371.555028  	-0.024683 
3372.986686  	-0.024769 
3374.418344  	-0.024692 
3375.850002  	-0.024542 
3377.281660  	-0.024537 
3378.713319  	-0.024883 
3380.144977  	-0.025117 
3381.576635  	-0.025081 
3383.008293  	-0.024999 
3384.439951  	-0.024743 
3385.871610  	-0.024723 
3387.303268  	-0.024991 
3388.734926  	-0.025007 
3390.166584  	-0.025017 
3391.598242  	-0.024987 
3393.029901  	-0.024903 
3394.461559  	-0.025250 
3395.893217  	-0.025415 
3397.324875  	-0.025053 
3398.756533  	-0.024780 
3400.188191  	-0.024679 
3401.619850  	-0.024805 
3403.051508  	-0.025011 
3404.483166  	-0.024777 
3405.914824  	-0.024486 
3407.346482  	-0.024572 
3408.778141  	-0.024715 
3410.209799  	-0.024702 
3411.641457  	-0.024731 
3413.073115  	-0.024875 
3414.504773  	-0.024772 
3415.936432  	-0.024690 
3417.368090  	-0.025021 
3418.799748  	-0.024917 
3420.231406  	-0.024377 
3421.663064  	-0.024433 
3423.094722  	-0.024678 
3424.526381  	-0.024762 
3425.958039  	-0.025033 
3427.389697  	-0.024949 
3428.821355  	-0.024477 
3430.253013  	-0.024488 
3431.684672  	-0.024851 
3433.116330  	-0.024892 
3434.547988  	-0.024784 
3435.979646  	-0.024879 
3437.411304  	-0.024912 
3438.842962  	-0.024787 
3440.274621  	-0.024670 
3441.706279  	-0.024516 
3443.137937  	-0.024597 
3444.569595  	-0.024831 
3446.001253  	-0.024620 
3447.432912  	-0.024231 
3448.864570  	-0.024167 
3450.296228  	-0.024349 
3451.727886  	-0.024574 
3453.159544  	-0.024557 
3454.591203  	-0.024637 
3456.022861  	-0.024822 
3457.454519  	-0.024431 
3458.886177  	-0.024197 
3460.317835  	-0.024393 
3461.749493  	-0.024048 
3463.181152  	-0.023897 
3464.612810  	-0.024398 
3466.044468  	-0.024591 
3467.476126  	-0.024586 
3468.907784  	-0.024369 
3470.339443  	-0.023915 
3471.771101  	-0.024018 
3473.202759  	-0.024265 
3474.634417  	-0.024109 
3476.066075  	-0.024073 
3477.497734  	-0.024138 
3478.929392  	-0.024130 
3480.361050  	-0.024042 
3481.792708  	-0.023732 
3483.224366  	-0.023595 
3484.656024  	-0.023906 
3486.087683  	-0.024322 
3487.519341  	-0.024486 
3488.950999  	-0.024303 
3490.382657  	-0.024211 
3491.814315  	-0.024364 
3493.245974  	-0.024339 
3494.677632  	-0.024033 
3496.109290  	-0.023647 
3497.540948  	-0.023467 
3498.972606  	-0.023690 
3500.404264  	-0.023963 
3501.835923  	-0.023819 
3503.267581  	-0.023376 
3504.699239  	-0.023227 
3506.130897  	-0.023399 
3507.562555  	-0.023385 
3508.994214  	-0.023128 
3510.425872  	-0.022905 
3511.857530  	-0.022961 
3513.289188  	-0.023239 
3514.720846  	-0.023275 
3516.152505  	-0.022996 
3517.584163  	-0.022741 
3519.015821  	-0.022558 
3520.447479  	-0.022584 
3521.879137  	-0.022648 
3523.310795  	-0.022341 
3524.742454  	-0.022057 
3526.174112  	-0.021992 
3527.605770  	-0.021846 
3529.037428  	-0.021796 
3530.469086  	-0.021784 
3531.900745  	-0.021778 
3533.332403  	-0.021950 
3534.764061  	-0.022049 
3536.195719  	-0.022131 
3537.627377  	-0.022256 
3539.059035  	-0.022141 
3540.490694  	-0.022132 
3541.922352  	-0.022480 
3543.354010  	-0.022815 
3544.785668  	-0.022862 
3546.217326  	-0.022552 
3547.648985  	-0.022284 
3549.080643  	-0.022526 
3550.512301  	-0.022850 
3551.943959  	-0.022638 
3553.375617  	-0.022222 
3554.807276  	-0.022476 
3556.238934  	-0.022775 
3557.670592  	-0.022536 
3559.102250  	-0.022523 
3560.533908  	-0.022712 
3561.965566  	-0.022600 
3563.397225  	-0.022612 
3564.828883  	-0.022436 
3566.260541  	-0.021770 
3567.692199  	-0.021554 
3569.123857  	-0.022224 
3570.555516  	-0.023093 
3571.987174  	-0.023536 
3573.418832  	-0.023295 
3574.850490  	-0.023271 
3576.282148  	-0.023486 
3577.713807  	-0.023277 
3579.145465  	-0.023122 
3580.577123  	-0.023129 
3582.008781  	-0.023289 
3583.440439  	-0.023618 
3584.872097  	-0.023452 
3586.303756  	-0.022909 
3587.735414  	-0.022376 
3589.167072  	-0.022368 
3590.598730  	-0.023305 
3592.030388  	-0.023854 
3593.462047  	-0.023506 
3594.893705  	-0.023354 
3596.325363  	-0.023575 
3597.757021  	-0.023721 
3599.188679  	-0.023944 
3600.620337  	-0.024167 
3602.051996  	-0.024568 
3603.483654  	-0.024906 
3604.915312  	-0.024966 
3606.346970  	-0.024800 
3607.778628  	-0.023878 
3609.210287  	-0.023473 
3610.641945  	-0.024671 
3612.073603  	-0.024800 
3613.505261  	-0.023819 
3614.936919  	-0.023848 
3616.368578  	-0.024014 
3617.800236  	-0.023475 
3619.231894  	-0.023095 
3620.663552  	-0.023745 
3622.095210  	-0.024713 
3623.526868  	-0.024852 
3624.958527  	-0.024704 
3626.390185  	-0.024794 
3627.821843  	-0.023679 
3629.253501  	-0.021224 
3630.685159  	-0.022586 
3632.116818  	-0.024264 
3633.548476  	-0.024222 
3634.980134  	-0.024165 
3636.411792  	-0.024561 
3637.843450  	-0.024635 
3639.275109  	-0.024777 
3640.706767  	-0.024736 
3642.138425  	-0.023930 
3643.570083  	-0.023713 
3645.001741  	-0.024273 
3646.433399  	-0.023805 
3647.865058  	-0.022605 
3649.296716  	-0.022124 
3650.728374  	-0.021597 
3652.160032  	-0.022730 
3653.591690  	-0.024196 
3655.023349  	-0.023880 
3656.455007  	-0.022531 
3657.886665  	-0.022694 
3659.318323  	-0.023596 
3660.749981  	-0.023750 
3662.181639  	-0.023515 
3663.613298  	-0.023846 
3665.044956  	-0.024064 
3666.476614  	-0.023438 
3667.908272  	-0.022866 
3669.339930  	-0.021861 
3670.771589  	-0.020491 
3672.203247  	-0.022174 
3673.634905  	-0.023019 
3675.066563  	-0.020389 
3676.498221  	-0.018977 
3677.929880  	-0.022047 
3679.361538  	-0.022851 
3680.793196  	-0.023110 
3682.224854  	-0.023740 
3683.656512  	-0.023676 
3685.088170  	-0.023596 
3686.519829  	-0.023727 
3687.951487  	-0.022849 
3689.383145  	-0.021945 
3690.814803  	-0.022839 
3692.246461  	-0.023752 
3693.678120  	-0.024518 
3695.109778  	-0.024962 
3696.541436  	-0.024838 
3697.973094  	-0.025227 
3699.404752  	-0.025801 
3700.836411  	-0.025275 
3702.268069  	-0.024666 
3703.699727  	-0.025155 
3705.131385  	-0.025527 
3706.563043  	-0.025450 
3707.994701  	-0.025118 
3709.426360  	-0.024793 
3710.858018  	-0.024436 
3712.289676  	-0.023699 
3713.721334  	-0.023988 
3715.152992  	-0.025086 
3716.584651  	-0.025482 
3718.016309  	-0.025471 
3719.447967  	-0.025578 
3720.879625  	-0.025338 
3722.311283  	-0.024695 
3723.742941  	-0.024681 
3725.174600  	-0.025262 
3726.606258  	-0.025163 
3728.037916  	-0.025209 
3729.469574  	-0.025993 
3730.901232  	-0.025557 
3732.332891  	-0.024305 
3733.764549  	-0.024878 
3735.196207  	-0.024502 
3736.627865  	-0.022796 
3738.059523  	-0.024033 
3739.491182  	-0.024942 
3740.922840  	-0.025191 
3742.354498  	-0.025621 
3743.786156  	-0.024419 
3745.217814  	-0.022731 
3746.649472  	-0.024812 
3748.081131  	-0.024949 
3749.512789  	-0.023430 
3750.944447  	-0.022963 
3752.376105  	-0.023499 
3753.807763  	-0.024443 
3755.239422  	-0.025150 
3756.671080  	-0.025070 
3758.102738  	-0.024929 
3759.534396  	-0.024971 
3760.966054  	-0.025059 
3762.397712  	-0.025542 
3763.829371  	-0.025682 
3765.261029  	-0.025172 
3766.692687  	-0.025047 
3768.124345  	-0.025248 
3769.556003  	-0.024575 
3770.987662  	-0.024009 
3772.419320  	-0.024973 
3773.850978  	-0.025878 
3775.282636  	-0.026068 
3776.714294  	-0.026156 
3778.145953  	-0.025898 
3779.577611  	-0.024965 
3781.009269  	-0.024948 
3782.440927  	-0.025721 
3783.872585  	-0.025722 
3785.304243  	-0.025415 
3786.735902  	-0.025658 
3788.167560  	-0.026043 
3789.599218  	-0.026217 
3791.030876  	-0.025824 
3792.462534  	-0.025403 
3793.894193  	-0.025910 
3795.325851  	-0.026070 
3796.757509  	-0.025192 
3798.189167  	-0.025466 
3799.620825  	-0.025665 
3801.052484  	-0.023362 
3802.484142  	-0.021894 
3803.915800  	-0.024574 
3805.347458  	-0.025414 
3806.779116  	-0.024241 
3808.210774  	-0.024184 
3809.642433  	-0.025545 
3811.074091  	-0.025928 
3812.505749  	-0.025823 
3813.937407  	-0.025795 
3815.369065  	-0.024640 
3816.800724  	-0.023161 
3818.232382  	-0.024730 
3819.664040  	-0.025468 
3821.095698  	-0.023601 
3822.527356  	-0.023456 
3823.959014  	-0.025546 
3825.390673  	-0.025657 
3826.822331  	-0.024548 
3828.253989  	-0.024612 
3829.685647  	-0.025323 
3831.117305  	-0.025128 
3832.548964  	-0.024594 
3833.980622  	-0.024690 
3835.412280  	-0.024593 
3836.843938  	-0.023944 
3838.275596  	-0.023299 
3839.707255  	-0.023487 
3841.138913  	-0.024646 
3842.570571  	-0.025208 
3844.002229  	-0.024654 
3845.433887  	-0.024635 
3846.865545  	-0.025191 
3848.297204  	-0.025128 
3849.728862  	-0.025052 
3851.160520  	-0.024969 
3852.592178  	-0.022951 
3854.023836  	-0.020218 
3855.455495  	-0.022824 
3856.887153  	-0.024308 
3858.318811  	-0.024636 
3859.750469  	-0.025157 
3861.182127  	-0.025207 
3862.613786  	-0.024918 
3864.045444  	-0.024507 
3865.477102  	-0.023486 
3866.908760  	-0.023819 
3868.340418  	-0.024292 
3869.772076  	-0.022748 
3871.203735  	-0.023010 
3872.635393  	-0.025027 
3874.067051  	-0.024543 
3875.498709  	-0.023831 
3876.930367  	-0.024892 
3878.362026  	-0.024978 
3879.793684  	-0.023718 
3881.225342  	-0.022966 
3882.657000  	-0.024052 
3884.088658  	-0.024711 
3885.520316  	-0.023357 
3886.951975  	-0.022770 
3888.383633  	-0.024519 
3889.815291  	-0.024830 
3891.246949  	-0.023846 
3892.678607  	-0.023809 
3894.110266  	-0.024307 
3895.541924  	-0.024602 
3896.973582  	-0.024697 
3898.405240  	-0.024415 
3899.836898  	-0.024214 
3901.268557  	-0.023959 
3902.700215  	-0.023275 
3904.131873  	-0.022924 
3905.563531  	-0.023331 
3906.995189  	-0.024127 
3908.426847  	-0.024932 
3909.858506  	-0.025068 
3911.290164  	-0.024473 
3912.721822  	-0.024408 
3914.153480  	-0.024961 
3915.585138  	-0.024661 
3917.016797  	-0.023856 
3918.448455  	-0.024038 
3919.880113  	-0.024295 
3921.311771  	-0.024382 
3922.743429  	-0.024762 
3924.175088  	-0.024409 
3925.606746  	-0.023756 
3927.038404  	-0.024197 
3928.470062  	-0.024628 
3929.901720  	-0.024521 
3931.333378  	-0.024270 
3932.765037  	-0.023973 
3934.196695  	-0.024162 
3935.628353  	-0.024632 
3937.060011  	-0.024746 
3938.491669  	-0.024871 
3939.923328  	-0.025099 
3941.354986  	-0.024820 
3942.786644  	-0.024267 
3944.218302  	-0.024517 
3945.649960  	-0.025060 
3947.081618  	-0.024834 
3948.513277  	-0.024517 
3949.944935  	-0.024728 
3951.376593  	-0.024653 
3952.808251  	-0.024391 
3954.239909  	-0.024462 
3955.671568  	-0.024623 
3957.103226  	-0.024705 
3958.534884  	-0.024636 
3959.966542  	-0.024402 
3961.398200  	-0.024032 
3962.829859  	-0.023828 
3964.261517  	-0.024301 
3965.693175  	-0.024609 
3967.124833  	-0.024104 
3968.556491  	-0.023804 
3969.988149  	-0.023937 
3971.419808  	-0.024104 
3972.851466  	-0.024419 
3974.283124  	-0.024428 
3975.714782  	-0.024269 
3977.146440  	-0.024413 
3978.578099  	-0.024462 
3980.009757  	-0.024557 
3981.441415  	-0.024654 
3982.873073  	-0.024360 
3984.304731  	-0.024233 
3985.736389  	-0.024291 
3987.168048  	-0.024237 
3988.599706  	-0.024300 
3990.031364  	-0.024153 
3991.463022  	-0.023863 
3992.894680  	-0.023913 
3994.326339  	-0.024104 
3995.757997  	-0.024330 
3997.189655  	-0.024282 
3998.621313  	-0.023892 
4000.052971  	-0.023957 
4001.484630  	-0.024418 
4002.916288  	-0.024476 
4004.347946  	-0.024139 
4005.779604  	-0.024003 
4007.211262  	-0.024160 
4008.642920  	-0.024092 
4010.074579  	-0.024108 
4011.506237  	-0.024558 
4012.937895  	-0.024636 
4014.369553  	-0.024457 
4015.801211  	-0.024467 
4017.232870  	-0.024248 
4018.664528  	-0.024291 
4020.096186  	-0.024551 
4021.527844  	-0.024260 
4022.959502  	-0.024196 
4024.391161  	-0.024431 
4025.822819  	-0.024245 
4027.254477  	-0.024343 
4028.686135  	-0.024739 
4030.117793  	-0.024588 
4031.549451  	-0.024124 
4032.981110  	-0.023878 
4034.412768  	-0.023914 
4035.844426  	-0.024059 
4037.276084  	-0.024267 
4038.707742  	-0.024394 
4040.139401  	-0.024197 
4041.571059  	-0.024252 
4043.002717  	-0.024613 
4044.434375  	-0.024388 
4045.866033  	-0.023879 
4047.297691  	-0.023615 
4048.729350  	-0.023451 
4050.161008  	-0.023598 
4051.592666  	-0.023708 
4053.024324  	-0.023449 
4054.455982  	-0.023266 
4055.887641  	-0.023151 
4057.319299  	-0.023075 
4058.750957  	-0.023040 
4060.182615  	-0.022894 
4061.614273  	-0.022955 
4063.045932  	-0.023023 
4064.477590  	-0.022798 
4065.909248  	-0.022572 
4067.340906  	-0.022207 
4068.772564  	-0.021988 
4070.204222  	-0.022198 
4071.635881  	-0.022192 
4073.067539  	-0.022127 
4074.499197  	-0.022188 
4075.930855  	-0.021996 
4077.362513  	-0.022123 
4078.794172  	-0.022501 
4080.225830  	-0.022329 
4081.657488  	-0.022072 
4083.089146  	-0.022152 
4084.520804  	-0.022211 
4085.952463  	-0.022083 
4087.384121  	-0.021997 
4088.815779  	-0.022357 
4090.247437  	-0.022776 
4091.679095  	-0.022734 
4093.110753  	-0.022757 
4094.542412  	-0.023061 
4095.974070  	-0.023332 
4097.405728  	-0.023509 
4098.837386  	-0.023452 
4100.269044  	-0.023363 
4101.700703  	-0.023596 
4103.132361  	-0.023920 
4104.564019  	-0.024023 
4105.995677  	-0.023831 
4107.427335  	-0.023679 
4108.858993  	-0.023865 
4110.290652  	-0.023980 
4111.722310  	-0.024058 
4113.153968  	-0.024455 
4114.585626  	-0.024572 
4116.017284  	-0.024183 
4117.448943  	-0.023931 
4118.880601  	-0.023871 
4120.312259  	-0.023837 
4121.743917  	-0.023962 
4123.175575  	-0.024144 
4124.607234  	-0.024325 
4126.038892  	-0.024560 
4127.470550  	-0.024667 
4128.902208  	-0.024591 
4130.333866  	-0.024445 
4131.765524  	-0.024218 
4133.197183  	-0.024027 
4134.628841  	-0.024066 
4136.060499  	-0.024208 
4137.492157  	-0.024185 
4138.923815  	-0.023971 
4140.355474  	-0.023857 
4141.787132  	-0.024020 
4143.218790  	-0.024187 
4144.650448  	-0.024205 
4146.082106  	-0.024150 
4147.513764  	-0.023973 
4148.945423  	-0.023820 
4150.377081  	-0.023760 
4151.808739  	-0.023637 
4153.240397  	-0.023659 
4154.672055  	-0.023934 
4156.103714  	-0.024194 
4157.535372  	-0.024257 
4158.967030  	-0.024084 
4160.398688  	-0.023907 
4161.830346  	-0.023776 
4163.262005  	-0.023595 
4164.693663  	-0.023816 
4166.125321  	-0.024136 
4167.556979  	-0.023896 
4168.988637  	-0.023839 
4170.420295  	-0.024068 
4171.851954  	-0.023774 
4173.283612  	-0.023462 
4174.715270  	-0.023437 
4176.146928  	-0.023222 
4177.578586  	-0.023047 
4179.010245  	-0.023169 
4180.441903  	-0.023469 
4181.873561  	-0.023662 
4183.305219  	-0.023528 
4184.736877  	-0.023452 
4186.168536  	-0.023507 
4187.600194  	-0.023498 
4189.031852  	-0.023690 
4190.463510  	-0.023824 
4191.895168  	-0.023700 
4193.326826  	-0.023816 
4194.758485  	-0.024082 
4196.190143  	-0.024173 
4197.621801  	-0.024044 
4199.053459  	-0.023641 
4200.485117  	-0.023362 
4201.916776  	-0.023433 
4203.348434  	-0.023568 
4204.780092  	-0.023615 
4206.211750  	-0.023504 
4207.643408  	-0.023560 
4209.075066  	-0.024006 
4210.506725  	-0.024224 
4211.938383  	-0.024044 
4213.370041  	-0.023854 
4214.801699  	-0.023724 
4216.233357  	-0.023897 
4217.665016  	-0.024297 
4219.096674  	-0.024263 
4220.528332  	-0.023821 
4221.959990  	-0.023493 
4223.391648  	-0.023403 
4224.823307  	-0.023467 
4226.254965  	-0.023660 
4227.686623  	-0.023899 
4229.118281  	-0.023942 
4230.549939  	-0.023800 
4231.981597  	-0.023783 
4233.413256  	-0.023761 
4234.844914  	-0.023482 
4236.276572  	-0.023356 
4237.708230  	-0.023604 
4239.139888  	-0.023774 
4240.571547  	-0.023882 
4242.003205  	-0.024191 
4243.434863  	-0.024239 
4244.866521  	-0.023927 
4246.298179  	-0.023797 
4247.729838  	-0.023777 
4249.161496  	-0.023840 
4250.593154  	-0.024176 
4252.024812  	-0.024217 
4253.456470  	-0.023908 
4254.888128  	-0.023845 
4256.319787  	-0.023753 
4257.751445  	-0.023555 
4259.183103  	-0.023677 
4260.614761  	-0.023785 
4262.046419  	-0.023737 
4263.478078  	-0.023867 
4264.909736  	-0.023903 
4266.341394  	-0.023633 
4267.773052  	-0.023466 
4269.204710  	-0.023734 
4270.636368  	-0.024290 
4272.068027  	-0.024507 
4273.499685  	-0.024040 
4274.931343  	-0.023575 
4276.363001  	-0.023669 
4277.794659  	-0.023844 
4279.226318  	-0.023768 
4280.657976  	-0.023663 
4282.089634  	-0.023612 
4283.521292  	-0.023753 
4284.952950  	-0.024009 
4286.384609  	-0.023937 
4287.816267  	-0.023719 
4289.247925  	-0.023588 
4290.679583  	-0.023357 
4292.111241  	-0.023417 
4293.542899  	-0.023789 
4294.974558  	-0.023818 
4296.406216  	-0.023759 
4297.837874  	-0.023877 
4299.269532  	-0.023743 
4300.701190  	-0.023600 
4302.132849  	-0.023751 
4303.564507  	-0.023716 
4304.996165  	-0.023431 
4306.427823  	-0.023393 
4307.859481  	-0.023462 
4309.291140  	-0.023195 
4310.722798  	-0.023079 
4312.154456  	-0.023524 
4313.586114  	-0.023844 
4315.017772  	-0.023820 
4316.449430  	-0.023822 
4317.881089  	-0.023746 
4319.312747  	-0.023657 
4320.744405  	-0.023629 
4322.176063  	-0.023535 
4323.607721  	-0.023598 
4325.039380  	-0.023529 
4326.471038  	-0.023006 
4327.902696  	-0.022836 
4329.334354  	-0.023397 
4330.766012  	-0.023859 
4332.197670  	-0.023599 
4333.629329  	-0.023097 
4335.060987  	-0.023212 
4336.492645  	-0.023593 
4337.924303  	-0.023438 
4339.355961  	-0.023250 
4340.787620  	-0.023538 
4342.219278  	-0.023803 
4343.650936  	-0.023689 
4345.082594  	-0.023277 
4346.514252  	-0.022946 
4347.945911  	-0.023192 
4349.377569  	-0.023631 
4350.809227  	-0.023401 
4352.240885  	-0.023070 
4353.672543  	-0.023697 
4355.104201  	-0.024314 
4356.535860  	-0.023906 
4357.967518  	-0.023548 
4359.399176  	-0.023647 
4360.830834  	-0.023505 
4362.262492  	-0.023418 
4363.694151  	-0.023550 
4365.125809  	-0.023651 
4366.557467  	-0.023823 
4367.989125  	-0.023733 
4369.420783  	-0.023384 
4370.852441  	-0.023250 
4372.284100  	-0.023200 
4373.715758  	-0.023420 
4375.147416  	-0.023977 
4376.579074  	-0.024037 
4378.010732  	-0.023646 
4379.442391  	-0.023663 
4380.874049  	-0.024077 
4382.305707  	-0.024286 
4383.737365  	-0.024059 
4385.169023  	-0.023807 
4386.600682  	-0.023933 
4388.032340  	-0.024340 
4389.463998  	-0.024666 
4390.895656  	-0.024547 
4392.327314  	-0.024163 
4393.758972  	-0.023905 
4395.190631  	-0.023758 
4396.622289  	-0.023934 
4398.053947  	-0.024299 
4399.485605  	-0.024149 
4400.917263  	-0.023819 
4402.348922  	-0.023880 
4403.780580  	-0.024014 
4405.212238  	-0.024124 
4406.643896  	-0.024246 
4408.075554  	-0.024143 
4409.507213  	-0.023694 
4410.938871  	-0.023128 
4412.370529  	-0.023182 
4413.802187  	-0.023796 
4415.233845  	-0.023968 
4416.665503  	-0.023849 
4418.097162  	-0.023953 
4419.528820  	-0.023918 
4420.960478  	-0.023841 
4422.392136  	-0.023873 
4423.823794  	-0.023685 
4425.255453  	-0.023596 
4426.687111  	-0.023818 
4428.118769  	-0.023758 
4429.550427  	-0.023344 
4430.982085  	-0.023359 
4432.413743  	-0.023974 
4433.845402  	-0.024145 
4435.277060  	-0.023568 
4436.708718  	-0.023432 
4438.140376  	-0.023942 
4439.572034  	-0.024225 
4441.003693  	-0.024385 
4442.435351  	-0.024513 
4443.867009  	-0.024235 
4445.298667  	-0.024191 
4446.730325  	-0.024633 
4448.161984  	-0.024697 
4449.593642  	-0.024560 
4451.025300  	-0.024690 
4452.456958  	-0.024422 
4453.888616  	-0.023915 
4455.320274  	-0.024149 
4456.751933  	-0.024712 
4458.183591  	-0.024782 
4459.615249  	-0.024625 
4461.046907  	-0.024592 
4462.478565  	-0.024644 
4463.910224  	-0.024847 
4465.341882  	-0.024935 
4466.773540  	-0.024414 
4468.205198  	-0.023844 
4469.636856  	-0.024121 
4471.068515  	-0.024582 
4472.500173  	-0.024316 
4473.931831  	-0.023924 
4475.363489  	-0.023934 
4476.795147  	-0.023993 
4478.226805  	-0.024063 
4479.658464  	-0.024333 
4481.090122  	-0.024763 
4482.521780  	-0.025029 
4483.953438  	-0.024668 
4485.385096  	-0.024225 
4486.816755  	-0.024522 
4488.248413  	-0.024632 
4489.680071  	-0.023962 
4491.111729  	-0.023992 
4492.543387  	-0.024863 
4493.975045  	-0.025016 
4495.406704  	-0.024683 
4496.838362  	-0.024648 
4498.270020  	-0.024557 
4499.701678  	-0.024697 
4501.133336  	-0.025065 
4502.564995  	-0.024725 
4503.996653  	-0.024163 
4505.428311  	-0.024213 
4506.859969  	-0.024392 
4508.291627  	-0.024428 
4509.723286  	-0.024398 
4511.154944  	-0.024370 
4512.586602  	-0.024666 
4514.018260  	-0.025099 
4515.449918  	-0.025440 
4516.881576  	-0.025827 
4518.313235  	-0.025875 
4519.744893  	-0.025419 
4521.176551  	-0.025092 
4522.608209  	-0.025123 
4524.039867  	-0.025095 
4525.471526  	-0.024832 
4526.903184  	-0.024673 
4528.334842  	-0.024615 
4529.766500  	-0.024353 
4531.198158  	-0.024271 
4532.629817  	-0.024404 
4534.061475  	-0.024256 
4535.493133  	-0.024394 
4536.924791  	-0.024952 
4538.356449  	-0.024793 
4539.788107  	-0.024133 
4541.219766  	-0.024221 
4542.651424  	-0.024862 
4544.083082  	-0.024986 
4545.514740  	-0.024650 
4546.946398  	-0.024917 
4548.378057  	-0.025669 
4549.809715  	-0.025690 
4551.241373  	-0.025166 
4552.673031  	-0.024966 
4554.104689  	-0.024777 
4555.536347  	-0.024414 
4556.968006  	-0.024420 
4558.399664  	-0.024599 
4559.831322  	-0.024350 
4561.262980  	-0.023944 
4562.694638  	-0.023960 
4564.126297  	-0.024354 
4565.557955  	-0.024823 
4566.989613  	-0.025109 
4568.421271  	-0.024991 
4569.852929  	-0.024647 
4571.284588  	-0.024510 
4572.716246  	-0.024646 
4574.147904  	-0.024658 
4575.579562  	-0.024377 
4577.011220  	-0.024202 
4578.442878  	-0.024158 
4579.874537  	-0.023985 
4581.306195  	-0.024196 
4582.737853  	-0.024919 
4584.169511  	-0.025280 
4585.601169  	-0.024936 
4587.032828  	-0.024300 
4588.464486  	-0.023899 
4589.896144  	-0.023942 
4591.327802  	-0.024049 
4592.759460  	-0.024161 
4594.191118  	-0.024385 
4595.622777  	-0.024386 
4597.054435  	-0.024394 
4598.486093  	-0.024748 
4599.917751  	-0.025001 
4601.349409  	-0.024863 
4602.781068  	-0.024393 
4604.212726  	-0.023987 
4605.644384  	-0.024178 
4607.076042  	-0.024617 
4608.507700  	-0.024922 
4609.939359  	-0.025220 
4611.371017  	-0.025136 
4612.802675  	-0.024626 
4614.234333  	-0.024418 
4615.665991  	-0.024627 
4617.097649  	-0.024888 
4618.529308  	-0.024945 
4619.960966  	-0.024588 
4621.392624  	-0.024271 
4622.824282  	-0.024437 
4624.255940  	-0.024277 
4625.687599  	-0.023606 
4627.119257  	-0.023728 
4628.550915  	-0.024182 
4629.982573  	-0.023495 
4631.414231  	-0.022880 
4632.845890  	-0.023448 
4634.277548  	-0.023807 
4635.709206  	-0.023483 
4637.140864  	-0.023361 
4638.572522  	-0.023712 
4640.004180  	-0.024141 
4641.435839  	-0.023930 
4642.867497  	-0.023543 
4644.299155  	-0.023914 
4645.730813  	-0.024163 
4647.162471  	-0.023787 
4648.594130  	-0.023675 
4650.025788  	-0.023895 
4651.457446  	-0.024186 
4652.889104  	-0.024340 
4654.320762  	-0.024106 
4655.752420  	-0.024012 
4657.184079  	-0.024039 
4658.615737  	-0.023682 
4660.047395  	-0.023508 
4661.479053  	-0.023812 
4662.910711  	-0.024132 
4664.342370  	-0.024202 
4665.774028  	-0.023875 
4667.205686  	-0.023529 
4668.637344  	-0.023600 
4670.069002  	-0.023922 
4671.500661  	-0.024318 
4672.932319  	-0.024469 
4674.363977  	-0.024234 
4675.795635  	-0.024055 
4677.227293  	-0.023873 
4678.658951  	-0.023557 
4680.090610  	-0.023651 
4681.522268  	-0.024127 
4682.953926  	-0.024358 
4684.385584  	-0.024355 
4685.817242  	-0.024476 
4687.248901  	-0.024454 
4688.680559  	-0.024090 
4690.112217  	-0.023955 
4691.543875  	-0.023972 
4692.975533  	-0.023646 
4694.407192  	-0.023646 
4695.838850  	-0.024092 
4697.270508  	-0.024122 
4698.702166  	-0.023992 
4700.133824  	-0.024085 
4701.565482  	-0.024145 
4702.997141  	-0.024322 
4704.428799  	-0.024524 
4705.860457  	-0.024505 
4707.292115  	-0.024389 
4708.723773  	-0.024157 
4710.155432  	-0.024253 
4711.587090  	-0.024786 
4713.018748  	-0.024629 
4714.450406  	-0.023909 
4715.882064  	-0.023936 
4717.313722  	-0.024449 
4718.745381  	-0.024794 
4720.177039  	-0.025208 
4721.608697  	-0.025302 
4723.040355  	-0.024853 
4724.472013  	-0.024728 
4725.903672  	-0.024760 
4727.335330  	-0.024261 
4728.766988  	-0.024073 
4730.198646  	-0.024401 
4731.630304  	-0.024363 
4733.061963  	-0.024480 
4734.493621  	-0.024984 
4735.925279  	-0.024906 
4737.356937  	-0.024537 
4738.788595  	-0.024470 
4740.220253  	-0.024575 
4741.651912  	-0.024971 
4743.083570  	-0.025131 
4744.515228  	-0.024775 
4745.946886  	-0.024738 
4747.378544  	-0.024830 
4748.810203  	-0.024617 
4750.241861  	-0.024588 
4751.673519  	-0.024552 
4753.105177  	-0.024315 
4754.536835  	-0.024353 
4755.968493  	-0.024636 
4757.400152  	-0.024822 
4758.831810  	-0.024598 
4760.263468  	-0.024204 
4761.695126  	-0.024474 
4763.126784  	-0.025047 
4764.558443  	-0.024914 
4765.990101  	-0.024325 
4767.421759  	-0.023949 
4768.853417  	-0.023894 
4770.285075  	-0.023932 
4771.716734  	-0.024008 
4773.148392  	-0.024518 
4774.580050  	-0.025235 
4776.011708  	-0.025198 
4777.443366  	-0.024410 
4778.875024  	-0.023844 
4780.306683  	-0.023899 
4781.738341  	-0.024160 
4783.169999  	-0.024389 
4784.601657  	-0.024610 
4786.033315  	-0.024722 
4787.464974  	-0.024880 
4788.896632  	-0.024972 
4790.328290  	-0.024577 
4791.759948  	-0.024376 
4793.191606  	-0.024978 
4794.623265  	-0.025537 
4796.054923  	-0.025439 
4797.486581  	-0.024883 
4798.918239  	-0.024486 
4800.349897  	-0.024626 
4801.781555  	-0.024597 
4803.213214  	-0.024370 
4804.644872  	-0.024677 
4806.076530  	-0.024994 
4807.508188  	-0.025020 
4808.939846  	-0.025004 
4810.371505  	-0.024636 
4811.803163  	-0.024516 
4813.234821  	-0.025100 
4814.666479  	-0.025451 
4816.098137  	-0.025268 
4817.529795  	-0.024914 
4818.961454  	-0.024823 
4820.393112  	-0.025177 
4821.824770  	-0.025174 
4823.256428  	-0.024921 
4824.688086  	-0.025203 
4826.119745  	-0.025329 
4827.551403  	-0.025038 
4828.983061  	-0.024921 
4830.414719  	-0.024764 
4831.846377  	-0.024607 
4833.278036  	-0.024625 
4834.709694  	-0.024576 
4836.141352  	-0.024759 
4837.573010  	-0.025101 
4839.004668  	-0.024981 
4840.436326  	-0.024678 
4841.867985  	-0.024674 
4843.299643  	-0.024716 
4844.731301  	-0.024809 
4846.162959  	-0.025013 
4847.594617  	-0.024521 
4849.026276  	-0.023578 
4850.457934  	-0.023737 
4851.889592  	-0.024319 
4853.321250  	-0.023932 
4854.752908  	-0.023688 
4856.184567  	-0.024109 
4857.616225  	-0.024387 
4859.047883  	-0.024587 
4860.479541  	-0.024590 
4861.911199  	-0.024578 
4863.342857  	-0.025022 
4864.774516  	-0.025082 
4866.206174  	-0.024784 
4867.637832  	-0.024901 
4869.069490  	-0.024791 
4870.501148  	-0.024516 
4871.932807  	-0.024912 
4873.364465  	-0.025528 
4874.796123  	-0.025629 
4876.227781  	-0.025330 
4877.659439  	-0.025256 
4879.091097  	-0.025265 
4880.522756  	-0.024794 
4881.954414  	-0.024526 
4883.386072  	-0.024598 
4884.817730  	-0.024517 
4886.249388  	-0.025147 
4887.681047  	-0.025864 
4889.112705  	-0.025084 
4890.544363  	-0.024174 
4891.976021  	-0.024342 
4893.407679  	-0.024540 
4894.839338  	-0.024409 
4896.270996  	-0.024193 
4897.702654  	-0.023986 
4899.134312  	-0.024086 
4900.565970  	-0.024445 
4901.997628  	-0.024725 
4903.429287  	-0.024629 
4904.860945  	-0.024471 
4906.292603  	-0.024735 
4907.724261  	-0.024735 
4909.155919  	-0.024266 
4910.587578  	-0.024294 
4912.019236  	-0.024487 
4913.450894  	-0.024142 
4914.882552  	-0.023800 
4916.314210  	-0.023881 
4917.745869  	-0.024444 
4919.177527  	-0.025128 
4920.609185  	-0.025249 
4922.040843  	-0.025231 
4923.472501  	-0.025475 
4924.904159  	-0.025359 
4926.335818  	-0.025104 
4927.767476  	-0.025213 
4929.199134  	-0.025395 
4930.630792  	-0.025571 
4932.062450  	-0.025167 
4933.494109  	-0.024082 
4934.925767  	-0.024223 
4936.357425  	-0.025550 
4937.789083  	-0.025562 
4939.220741  	-0.024476 
4940.652399  	-0.024129 
4942.084058  	-0.024475 
4943.515716  	-0.024949 
4944.947374  	-0.025289 
4946.379032  	-0.025279 
4947.810690  	-0.025080 
4949.242349  	-0.024695 
4950.674007  	-0.024396 
4952.105665  	-0.024580 
4953.537323  	-0.024633 
4954.968981  	-0.024242 
4956.400640  	-0.024150 
4957.832298  	-0.024296 
4959.263956  	-0.023999 
4960.695614  	-0.023905 
4962.127272  	-0.024637 
4963.558930  	-0.024900 
4964.990589  	-0.024478 
4966.422247  	-0.024875 
4967.853905  	-0.025049 
4969.285563  	-0.023917 
4970.717221  	-0.023674 
4972.148880  	-0.024462 
4973.580538  	-0.024248 
4975.012196  	-0.023865 
4976.443854  	-0.024300 
4977.875512  	-0.024679 
4979.307170  	-0.024932 
4980.738829  	-0.025188 
4982.170487  	-0.025032 
4983.602145  	-0.024689 
4985.033803  	-0.024471 
4986.465461  	-0.024303 
4987.897120  	-0.024490 
4989.328778  	-0.025118 
4990.760436  	-0.025282 
4992.192094  	-0.025008 
4993.623752  	-0.025319 
4995.055411  	-0.025380 
4996.487069  	-0.024508 
4997.918727  	-0.024233 
4999.350385  	-0.024681 
5000.782043  	-0.024693 
5002.213701  	-0.024320 
5003.645360  	-0.023892 
5005.077018  	-0.024232 
5006.508676  	-0.025508 
5007.940334  	-0.025814 
5009.371992  	-0.024846 
5010.803651  	-0.024367 
5012.235309  	-0.024586 
5013.666967  	-0.024717 
5015.098625  	-0.024738 
5016.530283  	-0.024896 
5017.961942  	-0.024968 
5019.393600  	-0.024889 
5020.825258  	-0.025161 
5022.256916  	-0.025239 
5023.688574  	-0.024478 
5025.120232  	-0.024212 
5026.551891  	-0.025049 
5027.983549  	-0.025697 
5029.415207  	-0.025660 
5030.846865  	-0.025306 
5032.278523  	-0.024913 
5033.710182  	-0.024552 
5035.141840  	-0.024059 
5036.573498  	-0.023718 
5038.005156  	-0.023873 
5039.436814  	-0.024395 
5040.868472  	-0.025063 
5042.300131  	-0.025350 
5043.731789  	-0.025033 
5045.163447  	-0.024736 
5046.595105  	-0.024902 
5048.026763  	-0.024982 
5049.458422  	-0.024297 
5050.890080  	-0.023683 
5052.321738  	-0.024023 
5053.753396  	-0.024427 
5055.185054  	-0.024629 
5056.616713  	-0.024995 
5058.048371  	-0.024787 
5059.480029  	-0.024178 
5060.911687  	-0.023895 
5062.343345  	-0.023853 
5063.775003  	-0.024210 
5065.206662  	-0.024533 
5066.638320  	-0.024486 
5068.069978  	-0.024762 
5069.501636  	-0.024834 
5070.933294  	-0.024282 
5072.364953  	-0.023918 
5073.796611  	-0.023755 
5075.228269  	-0.024106 
5076.659927  	-0.025126 
5078.091585  	-0.025423 
5079.523244  	-0.025033 
5080.954902  	-0.024988 
5082.386560  	-0.024901 
5083.818218  	-0.024748 
5085.249876  	-0.024939 
5086.681534  	-0.025017 
5088.113193  	-0.024769 
5089.544851  	-0.024547 
5090.976509  	-0.024616 
5092.408167  	-0.024991 
5093.839825  	-0.025307 
5095.271484  	-0.025100 
5096.703142  	-0.024424 
5098.134800  	-0.023992 
5099.566458  	-0.024322 
5100.998116  	-0.024709 
5102.429774  	-0.024313 
5103.861433  	-0.023986 
5105.293091  	-0.024811 
5106.724749  	-0.025574 
5108.156407  	-0.024875 
5109.588065  	-0.024006 
5111.019724  	-0.024154 
5112.451382  	-0.024113 
5113.883040  	-0.023500 
5115.314698  	-0.023881 
5116.746356  	-0.024899 
5118.178015  	-0.024391 
5119.609673  	-0.023369 
5121.041331  	-0.024181 
5122.472989  	-0.024937 
5123.904647  	-0.023805 
5125.336305  	-0.023114 
5126.767964  	-0.023782 
5128.199622  	-0.024158 
5129.631280  	-0.024152 
5131.062938  	-0.024318 
5132.494596  	-0.024631 
5133.926255  	-0.025049 
5135.357913  	-0.025137 
5136.789571  	-0.024936 
5138.221229  	-0.025123 
5139.652887  	-0.025361 
5141.084546  	-0.024795 
5142.516204  	-0.024071 
5143.947862  	-0.024292 
5145.379520  	-0.024675 
5146.811178  	-0.024451 
5148.242836  	-0.024278 
5149.674495  	-0.024317 
5151.106153  	-0.024519 
5152.537811  	-0.024857 
5153.969469  	-0.024695 
5155.401127  	-0.024313 
5156.832786  	-0.024009 
5158.264444  	-0.023532 
5159.696102  	-0.023561 
5161.127760  	-0.023874 
5162.559418  	-0.024072 
5163.991076  	-0.024769 
5165.422735  	-0.024874 
5166.854393  	-0.024309 
5168.286051  	-0.024507 
5169.717709  	-0.024357 
5171.149367  	-0.024030 
5172.581026  	-0.025003 
5174.012684  	-0.025371 
5175.444342  	-0.024629 
5176.876000  	-0.024591 
5178.307658  	-0.024886 
5179.739317  	-0.024905 
5181.170975  	-0.024878 
5182.602633  	-0.024868 
5184.034291  	-0.025160 
5185.465949  	-0.025174 
5186.897607  	-0.024678 
5188.329266  	-0.024912 
5189.760924  	-0.025512 
5191.192582  	-0.025056 
5192.624240  	-0.024583 
5194.055898  	-0.025349 
5195.487557  	-0.025216 
5196.919215  	-0.023504 
5198.350873  	-0.023653 
5199.782531  	-0.025216 
5201.214189  	-0.025151 
5202.645847  	-0.024972 
5204.077506  	-0.025317 
5205.509164  	-0.024835 
5206.940822  	-0.024682 
5208.372480  	-0.025008 
5209.804138  	-0.024934 
5211.235797  	-0.025253 
5212.667455  	-0.025366 
5214.099113  	-0.025121 
5215.530771  	-0.025165 
5216.962429  	-0.024508 
5218.394088  	-0.023501 
5219.825746  	-0.023536 
5221.257404  	-0.023929 
5222.689062  	-0.024113 
5224.120720  	-0.024393 
5225.552378  	-0.024536 
5226.984037  	-0.024015 
5228.415695  	-0.023353 
5229.847353  	-0.023704 
5231.279011  	-0.024573 
5232.710669  	-0.024267 
5234.142328  	-0.023057 
5235.573986  	-0.022783 
5237.005644  	-0.023913 
5238.437302  	-0.024661 
5239.868960  	-0.024468 
5241.300619  	-0.024837 
5242.732277  	-0.024996 
5244.163935  	-0.024236 
5245.595593  	-0.024568 
5247.027251  	-0.025117 
5248.458909  	-0.024374 
5249.890568  	-0.024325 
5251.322226  	-0.025137 
5252.753884  	-0.025530 
5254.185542  	-0.025849 
5255.617200  	-0.025734 
5257.048859  	-0.024923 
5258.480517  	-0.024702 
5259.912175  	-0.025658 
5261.343833  	-0.026386 
5262.775491  	-0.025286 
5264.207149  	-0.023776 
5265.638808  	-0.023765 
5267.070466  	-0.024781 
5268.502124  	-0.025912 
5269.933782  	-0.025755 
5271.365440  	-0.024694 
5272.797099  	-0.024878 
5274.228757  	-0.024971 
5275.660415  	-0.024472 
5277.092073  	-0.025045 
5278.523731  	-0.024856 
5279.955390  	-0.023848 
5281.387048  	-0.024575 
5282.818706  	-0.025196 
5284.250364  	-0.024826 
5285.682022  	-0.025121 
5287.113680  	-0.024932 
5288.545339  	-0.024022 
5289.976997  	-0.023762 
5291.408655  	-0.024246 
5292.840313  	-0.025385 
5294.271971  	-0.026252 
5295.703630  	-0.025899 
5297.135288  	-0.025123 
5298.566946  	-0.024510 
5299.998604  	-0.023894 
5301.430262  	-0.023519 
5302.861921  	-0.023682 
5304.293579  	-0.024749 
5305.725237  	-0.025603 
5307.156895  	-0.024939 
5308.588553  	-0.024394 
5310.020211  	-0.025180 
5311.451870  	-0.025527 
5312.883528  	-0.025025 
5314.315186  	-0.024535 
5315.746844  	-0.024076 
5317.178502  	-0.023789 
5318.610161  	-0.023768 
5320.041819  	-0.023952 
5321.473477  	-0.024675 
5322.905135  	-0.025111 
5324.336793  	-0.024113 
5325.768451  	-0.022694 
5327.200110  	-0.022465 
5328.631768  	-0.023827 
5330.063426  	-0.025024 
5331.495084  	-0.024735 
5332.926742  	-0.024610 
5334.358401  	-0.025433 
5335.790059  	-0.025507 
5337.221717  	-0.025090 
5338.653375  	-0.024565 
5340.085033  	-0.023597 
5341.516692  	-0.023954 
5342.948350  	-0.024651 
5344.380008  	-0.023745 
5345.811666  	-0.023563 
5347.243324  	-0.024825 
5348.674982  	-0.025427 
5350.106641  	-0.026161 
5351.538299  	-0.026388 
5352.969957  	-0.024947 
5354.401615  	-0.024046 
5355.833273  	-0.024845 
5357.264932  	-0.025115 
5358.696590  	-0.024400 
5360.128248  	-0.023952 
5361.559906  	-0.024293 
5362.991564  	-0.024773 
5364.423222  	-0.025185 
5365.854881  	-0.025144 
5367.286539  	-0.023990 
5368.718197  	-0.023415 
5370.149855  	-0.024566 
5371.581513  	-0.025316 
5373.013172  	-0.025172 
5374.444830  	-0.025300 
5375.876488  	-0.024723 
5377.308146  	-0.023567 
5378.739804  	-0.024067 
5380.171463  	-0.025209 
5381.603121  	-0.025133 
5383.034779  	-0.024796 
5384.466437  	-0.024875 
5385.898095  	-0.024709 
5387.329753  	-0.024998 
5388.761412  	-0.025714 
5390.193070  	-0.025500 
5391.624728  	-0.024901 
5393.056386  	-0.024656 
5394.488044  	-0.024278 
5395.919703  	-0.024037 
5397.351361  	-0.024246 
5398.783019  	-0.024892 
5400.214677  	-0.025404 
5401.646335  	-0.024952 
5403.077994  	-0.024765 
5404.509652  	-0.025397 
5405.941310  	-0.025024 
5407.372968  	-0.024276 
5408.804626  	-0.024536 
5410.236284  	-0.024997 
5411.667943  	-0.025253 
5413.099601  	-0.025018 
5414.531259  	-0.024204 
5415.962917  	-0.024183 
5417.394575  	-0.025117 
5418.826234  	-0.026524 
5420.257892  	-0.027660 
5421.689550  	-0.027012 
5423.121208  	-0.025433 
5424.552866  	-0.024928 
5425.984524  	-0.024785 
5427.416183  	-0.023673 
5428.847841  	-0.022563 
5430.279499  	-0.023298 
5431.711157  	-0.025014 
5433.142815  	-0.025770 
5434.574474  	-0.025396 
5436.006132  	-0.024716 
5437.437790  	-0.025428 
5438.869448  	-0.026698 
5440.301106  	-0.025977 
5441.732765  	-0.024542 
5443.164423  	-0.024871 
5444.596081  	-0.024390 
5446.027739  	-0.022641 
5447.459397  	-0.022741 
5448.891055  	-0.024083 
5450.322714  	-0.024857 
5451.754372  	-0.025082 
5453.186030  	-0.024794 
5454.617688  	-0.024503 
5456.049346  	-0.024955 
5457.481005  	-0.025511 
5458.912663  	-0.025102 
5460.344321  	-0.024385 
5461.775979  	-0.024274 
5463.207637  	-0.024485 
5464.639296  	-0.024782 
5466.070954  	-0.024569 
5467.502612  	-0.023477 
5468.934270  	-0.023395 
5470.365928  	-0.024635 
5471.797586  	-0.025112 
5473.229245  	-0.024645 
5474.660903  	-0.023576 
5476.092561  	-0.022618 
5477.524219  	-0.023541 
5478.955877  	-0.025093 
5480.387536  	-0.025807 
5481.819194  	-0.025710 
5483.250852  	-0.025046 
5484.682510  	-0.025022 
5486.114168  	-0.025531 
5487.545826  	-0.024937 
5488.977485  	-0.023877 
5490.409143  	-0.024155 
5491.840801  	-0.025302 
5493.272459  	-0.025022 
5494.704117  	-0.023307 
5496.135776  	-0.023368 
5497.567434  	-0.023965 
5498.999092  	-0.022820 
5500.430750  	-0.023280 
5501.862408  	-0.025686 
5503.294067  	-0.025737 
5504.725725  	-0.024462 
5506.157383  	-0.024722 
5507.589041  	-0.025069 
5509.020699  	-0.024381 
5510.452357  	-0.024383 
5511.884016  	-0.025445 
5513.315674  	-0.025227 
5514.747332  	-0.023842 
5516.178990  	-0.023839 
5517.610648  	-0.024332 
5519.042307  	-0.023918 
5520.473965  	-0.023801 
5521.905623  	-0.024000 
5523.337281  	-0.024413 
5524.768939  	-0.024972 
5526.200598  	-0.024744 
5527.632256  	-0.025179 
5529.063914  	-0.026923 
5530.495572  	-0.027019 
5531.927230  	-0.025388 
5533.358888  	-0.024755 
5534.790547  	-0.024961 
5536.222205  	-0.024760 
5537.653863  	-0.024674 
5539.085521  	-0.024466 
5540.517179  	-0.023817 
5541.948838  	-0.023962 
5543.380496  	-0.024524 
5544.812154  	-0.025027 
5546.243812  	-0.026430 
5547.675470  	-0.026437 
5549.107128  	-0.024587 
5550.538787  	-0.025017 
5551.970445  	-0.025346 
5553.402103  	-0.022808 
5554.833761  	-0.023356 
5556.265419  	-0.026744 
5557.697078  	-0.026135 
5559.128736  	-0.023791 
5560.560394  	-0.024500 
5561.992052  	-0.025578 
5563.423710  	-0.024762 
5564.855369  	-0.024042 
5566.287027  	-0.023725 
5567.718685  	-0.022934 
5569.150343  	-0.023210 
5570.582001  	-0.024615 
5572.013659  	-0.025253 
5573.445318  	-0.025374 
5574.876976  	-0.025466 
5576.308634  	-0.025428 
5577.740292  	-0.025237 
5579.171950  	-0.024131 
5580.603609  	-0.023410 
5582.035267  	-0.023633 
5583.466925  	-0.023245 
5584.898583  	-0.023904 
5586.330241  	-0.025119 
5587.761899  	-0.024392 
5589.193558  	-0.024329 
5590.625216  	-0.024554 
5592.056874  	-0.023233 
5593.488532  	-0.023864 
5594.920190  	-0.025066 
5596.351849  	-0.024302 
5597.783507  	-0.024097 
5599.215165  	-0.023245 
5600.646823  	-0.022495 
5602.078481  	-0.025019 
5603.510140  	-0.025879 
5604.941798  	-0.023320 
5606.373456  	-0.022824 
5607.805114  	-0.023963 
5609.236772  	-0.024096 
5610.668430  	-0.024665 
5612.100089  	-0.025991 
5613.531747  	-0.025878 
5614.963405  	-0.023689 
5616.395063  	-0.021992 
5617.826721  	-0.022263 
5619.258380  	-0.023007 
5620.690038  	-0.023172 
5622.121696  	-0.022902 
5623.553354  	-0.023369 
5624.985012  	-0.024474 
5626.416671  	-0.023922 
5627.848329  	-0.023213 
5629.279987  	-0.024451 
5630.711645  	-0.024265 
5632.143303  	-0.022189 
5633.574961  	-0.022479 
5635.006620  	-0.025230 
5636.438278  	-0.026941 
5637.869936  	-0.026443 
5639.301594  	-0.025914 
5640.733252  	-0.026327 
5642.164911  	-0.026057 
5643.596569  	-0.025566 
5645.028227  	-0.025403 
5646.459885  	-0.024229 
5647.891543  	-0.023440 
5649.323201  	-0.023788 
5650.754860  	-0.023173 
5652.186518  	-0.023124 
5653.618176  	-0.025162 
5655.049834  	-0.026378 
5656.481492  	-0.025982 
5657.913151  	-0.025582 
5659.344809  	-0.024750 
5660.776467  	-0.023899 
5662.208125  	-0.024308 
5663.639783  	-0.024521 
5665.071442  	-0.023822 
5666.503100  	-0.024201 
5667.934758  	-0.025477 
5669.366416  	-0.025373 
5670.798074  	-0.023956 
5672.229732  	-0.023370 
5673.661391  	-0.024607 
5675.093049  	-0.025442 
5676.524707  	-0.024407 
5677.956365  	-0.024329 
5679.388023  	-0.026035 
5680.819682  	-0.026231 
5682.251340  	-0.024612 
5683.682998  	-0.023746 
5685.114656  	-0.023898 
5686.546314  	-0.023928 
5687.977973  	-0.024175 
5689.409631  	-0.025213 
5690.841289  	-0.025669 
5692.272947  	-0.024902 
5693.704605  	-0.024410 
5695.136263  	-0.024105 
5696.567922  	-0.023370 
5697.999580  	-0.023458 
5699.431238  	-0.024543 
5700.862896  	-0.025092 
5702.294554  	-0.024406 
5703.726213  	-0.023850 
5705.157871  	-0.024433 
5706.589529  	-0.024411 
5708.021187  	-0.023526 
5709.452845  	-0.023589 
5710.884503  	-0.024120 
5712.316162  	-0.024836 
5713.747820  	-0.025417 
5715.179478  	-0.024425 
5716.611136  	-0.023724 
5718.042794  	-0.024595 
5719.474453  	-0.025228 
5720.906111  	-0.025307 
5722.337769  	-0.024668 
5723.769427  	-0.024388 
5725.201085  	-0.025920 
5726.632744  	-0.025710 
5728.064402  	-0.023823 
5729.496060  	-0.024899 
5730.927718  	-0.026464 
5732.359376  	-0.025524 
5733.791034  	-0.024769 
5735.222693  	-0.024712 
5736.654351  	-0.024098 
5738.086009  	-0.023454 
5739.517667  	-0.024075 
5740.949325  	-0.025207 
5742.380984  	-0.023927 
5743.812642  	-0.022368 
5745.244300  	-0.024465 
5746.675958  	-0.026982 
5748.107616  	-0.027263 
5749.539275  	-0.026790 
5750.970933  	-0.025873 
5752.402591  	-0.025194 
5753.834249  	-0.024373 
5755.265907  	-0.022818 
5756.697565  	-0.022800 
5758.129224  	-0.023606 
5759.560882  	-0.023541 
5760.992540  	-0.024263 
5762.424198  	-0.024768 
5763.855856  	-0.024211 
5765.287515  	-0.024300 
5766.719173  	-0.024206 
5768.150831  	-0.024361 
5769.582489  	-0.025635 
5771.014147  	-0.025727 
5772.445805  	-0.025074 
5773.877464  	-0.024653 
5775.309122  	-0.023317 
5776.740780  	-0.022944 
5778.172438  	-0.024009 
5779.604096  	-0.025087 
5781.035755  	-0.026953 
5782.467413  	-0.027450 
5783.899071  	-0.025525 
5785.330729  	-0.025132 
5786.762387  	-0.024898 
5788.194046  	-0.022102 
5789.625704  	-0.021272 
5791.057362  	-0.023880 
5792.489020  	-0.025965 
5793.920678  	-0.026550 
5795.352336  	-0.025759 
5796.783995  	-0.023882 
5798.215653  	-0.023216 
5799.647311  	-0.023286 
5801.078969  	-0.022333 
5802.510627  	-0.022727 
5803.942286  	-0.024434 
5805.373944  	-0.023709 
5806.805602  	-0.022871 
5808.237260  	-0.024964 
5809.668918  	-0.025819 
5811.100576  	-0.023962 
5812.532235  	-0.022215 
5813.963893  	-0.021130 
5815.395551  	-0.022062 
5816.827209  	-0.024797 
5818.258867  	-0.026292 
5819.690526  	-0.026673 
5821.122184  	-0.025234 
5822.553842  	-0.022328 
5823.985500  	-0.023566 
5825.417158  	-0.027444 
5826.848817  	-0.027279 
5828.280475  	-0.024489 
5829.712133  	-0.023067 
5831.143791  	-0.024204 
5832.575449  	-0.027024 
5834.007107  	-0.027370 
5835.438766  	-0.024153 
5836.870424  	-0.021708 
5838.302082  	-0.022178 
5839.733740  	-0.023298 
5841.165398  	-0.023246 
5842.597057  	-0.023340 
5844.028715  	-0.023531 
5845.460373  	-0.022414 
5846.892031  	-0.022565 
5848.323689  	-0.024432 
5849.755348  	-0.024621 
5851.187006  	-0.023919 
5852.618664  	-0.023895 
5854.050322  	-0.023779 
5855.481980  	-0.023483 
5856.913638  	-0.022890 
5858.345297  	-0.023059 
5859.776955  	-0.023449 
5861.208613  	-0.022102 
5862.640271  	-0.021753 
5864.071929  	-0.023243 
5865.503588  	-0.024478 
5866.935246  	-0.026698 
5868.366904  	-0.027769 
5869.798562  	-0.025997 
5871.230220  	-0.025459 
5872.661878  	-0.026159 
5874.093537  	-0.026776 
5875.525195  	-0.027368 
5876.956853  	-0.025793 
5878.388511  	-0.024505 
5879.820169  	-0.025057 
5881.251828  	-0.023682 
5882.683486  	-0.022028 
5884.115144  	-0.022290 
5885.546802  	-0.023139 
5886.978460  	-0.025035 
5888.410119  	-0.025589 
5889.841777  	-0.024161 
5891.273435  	-0.024299 
5892.705093  	-0.023912 
5894.136751  	-0.022631 
5895.568409  	-0.024441 
5897.000068  	-0.025559 
5898.431726  	-0.022078 
5899.863384  	-0.019389 
5901.295042  	-0.021573 
5902.726700  	-0.025322 
5904.158359  	-0.025912 
5905.590017  	-0.023636 
5907.021675  	-0.023534 
5908.453333  	-0.026593 
5909.884991  	-0.027597 
5911.316650  	-0.025993 
5912.748308  	-0.025554 
5914.179966  	-0.024207 
5915.611624  	-0.021649 
5917.043282  	-0.022905 
5918.474940  	-0.024632 
5919.906599  	-0.023070 
5921.338257  	-0.022517 
5922.769915  	-0.021410 
5924.201573  	-0.018704 
5925.633231  	-0.020596 
5927.064890  	-0.024354 
5928.496548  	-0.024850 
5929.928206  	-0.025276 
5931.359864  	-0.025900 
5932.791522  	-0.024842 
5934.223180  	-0.024064 
5935.654839  	-0.024650 
5937.086497  	-0.025406 
5938.518155  	-0.024249 
5939.949813  	-0.022045 
5941.381471  	-0.021546 
5942.813130  	-0.022002 
5944.244788  	-0.023395 
5945.676446  	-0.025493 
5947.108104  	-0.024686 
5948.539762  	-0.022435 
5949.971421  	-0.022643 
5951.403079  	-0.024457 
5952.834737  	-0.026991 
5954.266395  	-0.027683 
5955.698053  	-0.023996 
5957.129711  	-0.021810 
5958.561370  	-0.024237 
5959.993028  	-0.024915 
5961.424686  	-0.023446 
5962.856344  	-0.025296 
5964.288002  	-0.027775 
5965.719661  	-0.026059 
5967.151319  	-0.023219 
5968.582977  	-0.023029 
5970.014635  	-0.024019 
5971.446293  	-0.024686 
5972.877951  	-0.025930 
5974.309610  	-0.027510 
5975.741268  	-0.027945 
5977.172926  	-0.027034 
5978.604584  	-0.024733 
5980.036242  	-0.021805 
5981.467901  	-0.021669 
5982.899559  	-0.024855 
5984.331217  	-0.027150 
5985.762875  	-0.026724 
5987.194533  	-0.024955 
5988.626192  	-0.023927 
5990.057850  	-0.024993 
5991.489508  	-0.025808 
5992.921166  	-0.025018 
5994.352824  	-0.024112 
5995.784482  	-0.023241 
5997.216141  	-0.024141 
5998.647799  	-0.026397 
6000.079457  	-0.025983 
6001.511115  	-0.024919 
6002.942773  	-0.025672 
6004.374432  	-0.025402 
6005.806090  	-0.023998 
6007.237748  	-0.022962 
6008.669406  	-0.023737 
6010.101064  	-0.026578 
6011.532723  	-0.026584 
6012.964381  	-0.023328 
6014.396039  	-0.022131 
6015.827697  	-0.023386 
6017.259355  	-0.025336 
6018.691013  	-0.026037 
6020.122672  	-0.023941 
6021.554330  	-0.022450 
6022.985988  	-0.023131 
6024.417646  	-0.023799 
6025.849304  	-0.023513 
6027.280963  	-0.023007 
6028.712621  	-0.025560 
6030.144279  	-0.029066 
6031.575937  	-0.027303 
6033.007595  	-0.024291 
6034.439253  	-0.024378 
6035.870912  	-0.023271 
6037.302570  	-0.021412 
6038.734228  	-0.022780 
6040.165886  	-0.025736 
6041.597544  	-0.026052 
6043.029203  	-0.024160 
6044.460861  	-0.025433 
6045.892519  	-0.028915 
6047.324177  	-0.029163 
6048.755835  	-0.027629 
6050.187494  	-0.025222 
6051.619152  	-0.021700 
6053.050810  	-0.020466 
6054.482468  	-0.020671 
6055.914126  	-0.021606 
6057.345784  	-0.024673 
6058.777443  	-0.024511 
6060.209101  	-0.020823 
6061.640759  	-0.021635 
6063.072417  	-0.025794 
6064.504075  	-0.027074 
6065.935734  	-0.026493 
6067.367392  	-0.026528 
6068.799050  	-0.026696 
6070.230708  	-0.026365 
6071.662366  	-0.025034 
6073.094025  	-0.022799 
6074.525683  	-0.021692 
6075.957341  	-0.022664 
6077.388999  	-0.023794 
6078.820657  	-0.024586 
6080.252315  	-0.025250 
6081.683974  	-0.025005 
6083.115632  	-0.024790 
6084.547290  	-0.024625 
6085.978948  	-0.022601 
6087.410606  	-0.019793 
6088.842265  	-0.019481 
6090.273923  	-0.021086 
6091.705581  	-0.020808 
6093.137239  	-0.021253 
6094.568897  	-0.025777 
6096.000555  	-0.027035 
6097.432214  	-0.023195 
6098.863872  	-0.024127 
6100.295530  	-0.027689 
6101.727188  	-0.026081 
6103.158846  	-0.023231 
6104.590505  	-0.022122 
6106.022163  	-0.021780 
6107.453821  	-0.023292 
6108.885479  	-0.024308 
6110.317137  	-0.023709 
6111.748796  	-0.025067 
6113.180454  	-0.027356 
6114.612112  	-0.026374 
6116.043770  	-0.023630 
6117.475428  	-0.023230 
6118.907086  	-0.025507 
6120.338745  	-0.027457 
6121.770403  	-0.024782 
6123.202061  	-0.019698 
6124.633719  	-0.021738 
6126.065377  	-0.027570 
6127.497036  	-0.025391 
6128.928694  	-0.021966 
6130.360352  	-0.024647 
6131.792010  	-0.024507 
6133.223668  	-0.021247 
6134.655327  	-0.021228 
6136.086985  	-0.022359 
6137.518643  	-0.024082 
6138.950301  	-0.025855 
6140.381959  	-0.025064 
6141.813617  	-0.024807 
6143.245276  	-0.026145 
6144.676934  	-0.025930 
6146.108592  	-0.025348 
6147.540250  	-0.026770 
6148.971908  	-0.028098 
6150.403567  	-0.027215 
6151.835225  	-0.026578 
6153.266883  	-0.026634 
6154.698541  	-0.025214 
6156.130199  	-0.025647 
6157.561857  	-0.027433 
6158.993516  	-0.025161 
6160.425174  	-0.023689 
6161.856832  	-0.025983 
6163.288490  	-0.025247 
6164.720148  	-0.023109 
6166.151807  	-0.024812 
6167.583465  	-0.026254 
6169.015123  	-0.024540 
6170.446781  	-0.023273 
6171.878439  	-0.024733 
6173.310098  	-0.026876 
6174.741756  	-0.027186 
6176.173414  	-0.025381 
6177.605072  	-0.024233 
6179.036730  	-0.026660 
6180.468388  	-0.029129 
6181.900047  	-0.027382 
6183.331705  	-0.025057 
6184.763363  	-0.025333 
6186.195021  	-0.026444 
6187.626679  	-0.026071 
6189.058338  	-0.023453 
6190.489996  	-0.022766 
6191.921654  	-0.026136 
6193.353312  	-0.027935 
6194.784970  	-0.027379 
6196.216628  	-0.028325 
6197.648287  	-0.029472 
6199.079945  	-0.027861 
6200.511603  	-0.023947 
6201.943261  	-0.022111 
6203.374919  	-0.023946 
6204.806578  	-0.026539 
6206.238236  	-0.028552 
6207.669894  	-0.027523 
6209.101552  	-0.024059 
6210.533210  	-0.024424 
6211.964869  	-0.026767 
6213.396527  	-0.026892 
6214.828185  	-0.025960 
6216.259843  	-0.022917 
6217.691501  	-0.020939 
6219.123159  	-0.022070 
6220.554818  	-0.021688 
6221.986476  	-0.021841 
6223.418134  	-0.023345 
6224.849792  	-0.022982 
6226.281450  	-0.024857 
6227.713109  	-0.028215 
6229.144767  	-0.027483 
6230.576425  	-0.024110 
6232.008083  	-0.021526 
6233.439741  	-0.022737 
6234.871400  	-0.023731 
6236.303058  	-0.020586 
6237.734716  	-0.021920 
6239.166374  	-0.026579 
6240.598032  	-0.025652 
6242.029690  	-0.025819 
6243.461349  	-0.028413 
6244.893007  	-0.025123 
6246.324665  	-0.021385 
6247.756323  	-0.024089 
6249.187981  	-0.027647 
6250.619640  	-0.026588 
6252.051298  	-0.024530 
6253.482956  	-0.024186 
6254.914614  	-0.022001 
6256.346272  	-0.019467 
6257.777930  	-0.019866 
6259.209589  	-0.021002 
6260.641247  	-0.023452 
6262.072905  	-0.024628 
6263.504563  	-0.020679 
6264.936221  	-0.018573 
6266.367880  	-0.021267 
6267.799538  	-0.024558 
6269.231196  	-0.025633 
6270.662854  	-0.022470 
6272.094512  	-0.021513 
6273.526171  	-0.025592 
6274.957829  	-0.025827 
6276.389487  	-0.025374 
6277.821145  	-0.028349 
6279.252803  	-0.026717 
6280.684461  	-0.023410 
6282.116120  	-0.025141 
6283.547778  	-0.027055 
6284.979436  	-0.025736 
6286.411094  	-0.023544 
6287.842752  	-0.023284 
6289.274411  	-0.023606 
6290.706069  	-0.021652 
6292.137727  	-0.019828 
6293.569385  	-0.020573 
6295.001043  	-0.023438 
6296.432702  	-0.025370 
6297.864360  	-0.024041 
6299.296018  	-0.024673 
6300.727676  	-0.027971 
6302.159334  	-0.026902 
6303.590992  	-0.024118 
6305.022651  	-0.025071 
6306.454309  	-0.027742 
6307.885967  	-0.028936 
6309.317625  	-0.026351 
6310.749283  	-0.024349 
6312.180942  	-0.025935 
6313.612600  	-0.025429 
6315.044258  	-0.023569 
6316.475916  	-0.023115 
6317.907574  	-0.021854 
6319.339232  	-0.023644 
6320.770891  	-0.028385 
6322.202549  	-0.028895 
6323.634207  	-0.026813 
6325.065865  	-0.024535 
6326.497523  	-0.021075 
6327.929182  	-0.020724 
6329.360840  	-0.025052 
6330.792498  	-0.028067 
6332.224156  	-0.028457 
6333.655814  	-0.030265 
6335.087473  	-0.030929 
6336.519131  	-0.027183 
6337.950789  	-0.024750 
6339.382447  	-0.025699 
6340.814105  	-0.025945 
6342.245763  	-0.024596 
6343.677422  	-0.021684 
6345.109080  	-0.020860 
6346.540738  	-0.023457 
6347.972396  	-0.022682 
6349.404054  	-0.020842 
6350.835713  	-0.024212 
6352.267371  	-0.027991 
6353.699029  	-0.028498 
6355.130687  	-0.027499 
6356.562345  	-0.026111 
6357.994003  	-0.025420 
6359.425662  	-0.026401 
6360.857320  	-0.029119 
6362.288978  	-0.028995 
6363.720636  	-0.024999 
6365.152294  	-0.025359 
6366.583953  	-0.026322 
6368.015611  	-0.021823 
6369.447269  	-0.021059 
6370.878927  	-0.024064 
6372.310585  	-0.023421 
6373.742244  	-0.022219 
6375.173902  	-0.022093 
6376.605560  	-0.022869 
6378.037218  	-0.024768 
6379.468876  	-0.024895 
6380.900534  	-0.024537 
6382.332193  	-0.024905 
6383.763851  	-0.025128 
6385.195509  	-0.024705 
6386.627167  	-0.022345 
6388.058825  	-0.022847 
6389.490484  	-0.025471 
6390.922142  	-0.023309 
6392.353800  	-0.022471 
6393.785458  	-0.023179 
6395.217116  	-0.019623 
6396.648775  	-0.020423 
6398.080433  	-0.022917 
6399.512091  	-0.020278 
6400.943749  	-0.024478 
6402.375407  	-0.031433 
6403.807065  	-0.028059 
6405.238724  	-0.024071 
6406.670382  	-0.025375 
6408.102040  	-0.026613 
6409.533698  	-0.026984 
6410.965356  	-0.025798 
6412.397015  	-0.025404 
6413.828673  	-0.027039 
6415.260331  	-0.024795 
6416.691989  	-0.020260 
6418.123647  	-0.019439 
6419.555305  	-0.021006 
6420.986964  	-0.023693 
6422.418622  	-0.025531 
6423.850280  	-0.022997 
6425.281938  	-0.019990 
6426.713596  	-0.020307 
6428.145255  	-0.020649 
6429.576913  	-0.021811 
6431.008571  	-0.025085 
6432.440229  	-0.027709 
6433.871887  	-0.030082 
6435.303546  	-0.030747 
6436.735204  	-0.027559 
6438.166862  	-0.025637 
6439.598520  	-0.025513 
6441.030178  	-0.025001 
6442.461836  	-0.027902 
6443.893495  	-0.030838 
6445.325153  	-0.029042 
6446.756811  	-0.026054 
6448.188469  	-0.022798 
6449.620127  	-0.022169 
6451.051786  	-0.024558 
6452.483444  	-0.024041 
6453.915102  	-0.025963 
6455.346760  	-0.031114 
6456.778418  	-0.027504 
6458.210077  	-0.022347 
6459.641735  	-0.026152 
6461.073393  	-0.028113 
6462.505051  	-0.025306 
6463.936709  	-0.026046 
6465.368367  	-0.027093 
6466.800026  	-0.025180 
6468.231684  	-0.025379 
6469.663342  	-0.026836 
6471.095000  	-0.025424 
6472.526658  	-0.024482 
6473.958317  	-0.025843 
6475.389975  	-0.026321 
6476.821633  	-0.027112 
6478.253291  	-0.028004 
6479.684949  	-0.024620 
6481.116607  	-0.021744 
6482.548266  	-0.023857 
6483.979924  	-0.023223 
6485.411582  	-0.018965 
6486.843240  	-0.021522 
6488.274898  	-0.026486 
6489.706557  	-0.023471 
6491.138215  	-0.021275 
6492.569873  	-0.025376 
6494.001531  	-0.026197 
6495.433189  	-0.024132 
6496.864848  	-0.023308 
6498.296506  	-0.022742 
6499.728164  	-0.024914 
6501.159822  	-0.025213 
6502.591480  	-0.022773 
6504.023138  	-0.026946 
6505.454797  	-0.029778 
6506.886455  	-0.025207 
6508.318113  	-0.025103 
6509.749771  	-0.026226 
6511.181429  	-0.023616 
6512.613088  	-0.022761 
6514.044746  	-0.019644 
6515.476404  	-0.017973 
6516.908062  	-0.024705 
6518.339720  	-0.027658 
6519.771379  	-0.024158 
6521.203037  	-0.025409 
6522.634695  	-0.027410 
6524.066353  	-0.024054 
6525.498011  	-0.021846 
6526.929669  	-0.024412 
6528.361328  	-0.027670 
6529.792986  	-0.028586 
6531.224644  	-0.026545 
6532.656302  	-0.022593 
6534.087960  	-0.021168 
6535.519619  	-0.021484 
6536.951277  	-0.020538 
6538.382935  	-0.021058 
6539.814593  	-0.021495 
6541.246251  	-0.021782 
6542.677909  	-0.025786 
6544.109568  	-0.026000 
6545.541226  	-0.021313 
6546.972884  	-0.021431 
6548.404542  	-0.023873 
6549.836200  	-0.027655 
6551.267859  	-0.032169 
6552.699517  	-0.027746 
6554.131175  	-0.022408 
6555.562833  	-0.024094 
6556.994491  	-0.021969 
6558.426150  	-0.018830 
6559.857808  	-0.022492 
6561.289466  	-0.026214 
6562.721124  	-0.027889 
6564.152782  	-0.029135 
6565.584440  	-0.028506 
6567.016099  	-0.026697 
6568.447757  	-0.024278 
6569.879415  	-0.023085 
6571.311073  	-0.022797 
6572.742731  	-0.022401 
6574.174390  	-0.024100 
6575.606048  	-0.025011 
6577.037706  	-0.023871 
6578.469364  	-0.024899 
6579.901022  	-0.024651 
6581.332680  	-0.022506 
6582.764339  	-0.024951 
6584.195997  	-0.027862 
6585.627655  	-0.026148 
6587.059313  	-0.024448 
6588.490971  	-0.023221 
6589.922630  	-0.022536 
6591.354288  	-0.026166 
6592.785946  	-0.027190 
6594.217604  	-0.019809 
6595.649262  	-0.015708 
6597.080921  	-0.019956 
6598.512579  	-0.022474 
6599.944237  	-0.022961 
6601.375895  	-0.025951 
6602.807553  	-0.028438 
6604.239211  	-0.028122 
6605.670870  	-0.025796 
6607.102528  	-0.024160 
6608.534186  	-0.024383 
6609.965844  	-0.023831 
6611.397502  	-0.026013 
6612.829161  	-0.030480 
6614.260819  	-0.030022 
6615.692477  	-0.027411 
6617.124135  	-0.026462 
6618.555793  	-0.026589 
6619.987452  	-0.029725 
6621.419110  	-0.030897 
6622.850768  	-0.026572 
6624.282426  	-0.020398 
6625.714084  	-0.014257 
6627.145742  	-0.013995 
6628.577401  	-0.019149 
6630.009059  	-0.021259 
6631.440717  	-0.020228 
6632.872375  	-0.017558 
6634.304033  	-0.017279 
6635.735692  	-0.024488 
6637.167350  	-0.027526 
6638.599008  	-0.023388 
6640.030666  	-0.023941 
6641.462324  	-0.025012 
6642.893982  	-0.023289 
6644.325641  	-0.025330 
6645.757299  	-0.026504 
6647.188957  	-0.024259 
6648.620615  	-0.022933 
6650.052273  	-0.022723 
6651.483932  	-0.025150 
6652.915590  	-0.029076 
6654.347248  	-0.027975 
6655.778906  	-0.022691 
6657.210564  	-0.020003 
6658.642223  	-0.020511 
6660.073881  	-0.021528 
6661.505539  	-0.024488 
6662.937197  	-0.026542 
6664.368855  	-0.025645 
6665.800513  	-0.027145 
6667.232172  	-0.026000 
6668.663830  	-0.018967 
6670.095488  	-0.017777 
6671.527146  	-0.019969 
6672.958804  	-0.019814 
6674.390463  	-0.022674 
6675.822121  	-0.022598 
6677.253779  	-0.018740 
6678.685437  	-0.020612 
6680.117095  	-0.022901 
6681.548754  	-0.023861 
6682.980412  	-0.026262 
6684.412070  	-0.024457 
6685.843728  	-0.022564 
6687.275386  	-0.022841 
6688.707044  	-0.019530 
6690.138703  	-0.017808 
6691.570361  	-0.019333 
6693.002019  	-0.019917 
6694.433677  	-0.022469 
6695.865335  	-0.022899 
6697.296994  	-0.017783 
6698.728652  	-0.017665 
6700.160310  	-0.025192 
6701.591968  	-0.029326 
6703.023626  	-0.027238 
6704.455284  	-0.024921 
6705.886943  	-0.022015 
6707.318601  	-0.016718 
6708.750259  	-0.016603 
6710.181917  	-0.024653 
6711.613575  	-0.029460 
6713.045234  	-0.024809 
6714.476892  	-0.020990 
6715.908550  	-0.026105 
6717.340208  	-0.031489 
6718.771866  	-0.029703 
6720.203525  	-0.027116 
6721.635183  	-0.027340 
6723.066841  	-0.028428 
6724.498499  	-0.030114 
6725.930157  	-0.028974 
6727.361815  	-0.023034 
6728.793474  	-0.016559 
6730.225132  	-0.014387 
6731.656790  	-0.019295 
6733.088448  	-0.024812 
6734.520106  	-0.023734 
6735.951765  	-0.020514 
6737.383423  	-0.019683 
6738.815081  	-0.019558 
6740.246739  	-0.019276 
6741.678397  	-0.019968 
6743.110056  	-0.022141 
6744.541714  	-0.024709 
6745.973372  	-0.028850 
6747.405030  	-0.031705 
6748.836688  	-0.027060 
6750.268346  	-0.022249 
6751.700005  	-0.022792 
6753.131663  	-0.020042 
6754.563321  	-0.018379 
6755.994979  	-0.024629 
6757.426637  	-0.028571 
6758.858296  	-0.026847 
6760.289954  	-0.024484 
6761.721612  	-0.020068 
6763.153270  	-0.015606 
6764.584928  	-0.015538 
6766.016586  	-0.019769 
6767.448245  	-0.023844 
6768.879903  	-0.024214 
6770.311561  	-0.022844 
6771.743219  	-0.021053 
6773.174877  	-0.019685 
6774.606536  	-0.021154 
6776.038194  	-0.023002 
6777.469852  	-0.023972 
6778.901510  	-0.025494 
6780.333168  	-0.025604 
6781.764827  	-0.024736 
6783.196485  	-0.022392 
6784.628143  	-0.019165 
6786.059801  	-0.020836 
6787.491459  	-0.024233 
6788.923117  	-0.024229 
6790.354776  	-0.024774 
6791.786434  	-0.025277 
6793.218092  	-0.024373 
6794.649750  	-0.025256 
6796.081408  	-0.025819 
6797.513067  	-0.023989 
6798.944725  	-0.020427 
6800.376383  	-0.016145 
6801.808041  	-0.015358 
6803.239699  	-0.019286 
6804.671357  	-0.023205 
6806.103016  	-0.024372 
6807.534674  	-0.024083 
6808.966332  	-0.024021 
6810.397990  	-0.024431 
6811.829648  	-0.025069 
6813.261307  	-0.023515 
6814.692965  	-0.019208 
6816.124623  	-0.016834 
6817.556281  	-0.017468 
6818.987939  	-0.019889 
6820.419598  	-0.022267 
6821.851256  	-0.021369 
6823.282914  	-0.021407 
6824.714572  	-0.023352 
6826.146230  	-0.021713 
6827.577888  	-0.023058 
6829.009547  	-0.026678 
6830.441205  	-0.022181 
6831.872863  	-0.017174 
6833.304521  	-0.017933 
6834.736179  	-0.020668 
6836.167838  	-0.024247 
6837.599496  	-0.022829 
6839.031154  	-0.017467 
6840.462812  	-0.016830 
6841.894470  	-0.019109 
6843.326129  	-0.023531 
6844.757787  	-0.028799 
6846.189445  	-0.029352 
6847.621103  	-0.028543 
6849.052761  	-0.028449 
6850.484419  	-0.027446 
6851.916078  	-0.026545 
6853.347736  	-0.024599 
6854.779394  	-0.025632 
6856.211052  	-0.027164 
6857.642710  	-0.020270 
6859.074369  	-0.014297 
6860.506027  	-0.015765 
6861.937685  	-0.018471 
6863.369343  	-0.022392 
6864.801001  	-0.022998 
6866.232659  	-0.018136 
6867.664318  	-0.016860 
6869.095976  	-0.019762 
6870.527634  	-0.023412 
6871.959292  	-0.024655 
6873.390950  	-0.023905 
6874.822609  	-0.027375 
6876.254267  	-0.026359 
6877.685925  	-0.016097 
6879.117583  	-0.016508 
6880.549241  	-0.027106 
6881.980900  	-0.027664 
6883.412558  	-0.021144 
6884.844216  	-0.019608 
6886.275874  	-0.022022 
6887.707532  	-0.023991 
6889.139190  	-0.022878 
6890.570849  	-0.019475 
6892.002507  	-0.020745 
6893.434165  	-0.025469 
6894.865823  	-0.020976 
6896.297481  	-0.013589 
6897.729140  	-0.017339 
6899.160798  	-0.020855 
6900.592456  	-0.018846 
6902.024114  	-0.020288 
6903.455772  	-0.020265 
6904.887431  	-0.020016 
6906.319089  	-0.024584 
6907.750747  	-0.025461 
6909.182405  	-0.024350 
6910.614063  	-0.023872 
6912.045721  	-0.018077 
6913.477380  	-0.013261 
6914.909038  	-0.013871 
6916.340696  	-0.016232 
6917.772354  	-0.017535 
6919.204012  	-0.015842 
6920.635671  	-0.017092 
6922.067329  	-0.021648 
6923.498987  	-0.019557 
6924.930645  	-0.016203 
6926.362303  	-0.018071 
6927.793961  	-0.019234 
6929.225620  	-0.019718 
6930.657278  	-0.021684 
6932.088936  	-0.023531 
6933.520594  	-0.024514 
6934.952252  	-0.024271 
6936.383911  	-0.024295 
6937.815569  	-0.026381 
6939.247227  	-0.029785 
6940.678885  	-0.029621 
6942.110543  	-0.023485 
6943.542202  	-0.021749 
6944.973860  	-0.024341 
6946.405518  	-0.022486 
6947.837176  	-0.024134 
6949.268834  	-0.029474 
6950.700492  	-0.025649 
6952.132151  	-0.018372 
6953.563809  	-0.017431 
6954.995467  	-0.021579 
6956.427125  	-0.024154 
6957.858783  	-0.022765 
6959.290442  	-0.022626 
6960.722100  	-0.022091 
6962.153758  	-0.019162 
6963.585416  	-0.020643 
6965.017074  	-0.023176 
6966.448732  	-0.024655 
6967.880391  	-0.029698 
6969.312049  	-0.030653 
6970.743707  	-0.028407 
6972.175365  	-0.030417 
6973.607023  	-0.028729 
6975.038682  	-0.021811 
6976.470340  	-0.018879 
6977.901998  	-0.024073 
6979.333656  	-0.030043 
6980.765314  	-0.023725 
6982.196973  	-0.012263 
6983.628631  	-0.012301 
6985.060289  	-0.019087 
6986.491947  	-0.023786 
6987.923605  	-0.022243 
6989.355263  	-0.015893 
6990.786922  	-0.013892 
6992.218580  	-0.014065 
6993.650238  	-0.014438 
6995.081896  	-0.021666 
6996.513554  	-0.030058 
6997.945213  	-0.030948 
6999.376871  	-0.027754 
7000.808529  	-0.026461 
7002.240187  	-0.026142 
7003.671845  	-0.022822 
7005.103504  	-0.023799 
7006.535162  	-0.028232 
7007.966820  	-0.022094 
7009.398478  	-0.015280 
7010.830136  	-0.018541 
7012.261794  	-0.018535 
7013.693453  	-0.018101 
7015.125111  	-0.026412 
7016.556769  	-0.032397 
7017.988427  	-0.027193 
7019.420085  	-0.018760 
7020.851744  	-0.019682 
7022.283402  	-0.022404 
7023.715060  	-0.017440 
7025.146718  	-0.019857 
7026.578376  	-0.028028 
7028.010034  	-0.026352 
7029.441693  	-0.024650 
7030.873351  	-0.028072 
7032.305009  	-0.028799 
7033.736667  	-0.028867 
7035.168325  	-0.027276 
7036.599984  	-0.023546 
7038.031642  	-0.021673 
7039.463300  	-0.021055 
7040.894958  	-0.021347 
7042.326616  	-0.020175 
7043.758275  	-0.019651 
7045.189933  	-0.021870 
7046.621591  	-0.018404 
7048.053249  	-0.016000 
7049.484907  	-0.022058 
7050.916565  	-0.022938 
7052.348224  	-0.020569 
7053.779882  	-0.021604 
7055.211540  	-0.015677 
7056.643198  	-0.009953 
7058.074856  	-0.016006 
7059.506515  	-0.019782 
7060.938173  	-0.015388 
7062.369831  	-0.017080 
7063.801489  	-0.024131 
7065.233147  	-0.019713 
7066.664806  	-0.011490 
7068.096464  	-0.016666 
7069.528122  	-0.020756 
7070.959780  	-0.015550 
7072.391438  	-0.016941 
7073.823096  	-0.021988 
7075.254755  	-0.022130 
7076.686413  	-0.021032 
7078.118071  	-0.019073 
7079.549729  	-0.018403 
7080.981387  	-0.017176 
7082.413046  	-0.012821 
7083.844704  	-0.013924 
7085.276362  	-0.019994 
7086.708020  	-0.024184 
7088.139678  	-0.027165 
7089.571336  	-0.023960 
7091.002995  	-0.019262 
7092.434653  	-0.025048 
7093.866311  	-0.030716 
7095.297969  	-0.024829 
7096.729627  	-0.018481 
7098.161286  	-0.019890 
7099.592944  	-0.021689 
7101.024602  	-0.021532 
7102.456260  	-0.023094 
7103.887918  	-0.024545 
7105.319577  	-0.023373 
7106.751235  	-0.019318 
7108.182893  	-0.010654 
7109.614551  	-0.006513 
7111.046209  	-0.012831 
7112.477867  	-0.019687 
7113.909526  	-0.020862 
7115.341184  	-0.020717 
7116.772842  	-0.018471 
7118.204500  	-0.015061 
7119.636158  	-0.016693 
7121.067817  	-0.020909 
7122.499475  	-0.021359 
7123.931133  	-0.021076 
7125.362791  	-0.023303 
7126.794449  	-0.020226 
7128.226108  	-0.012421 
7129.657766  	-0.012727 
7131.089424  	-0.021213 
7132.521082  	-0.027295 
7133.952740  	-0.026429 
7135.384398  	-0.022408 
7136.816057  	-0.019655 
7138.247715  	-0.018407 
7139.679373  	-0.020836 
7141.111031  	-0.025540 
7142.542689  	-0.022088 
7143.974348  	-0.014919 
7145.406006  	-0.017864 
7146.837664  	-0.028187 
7148.269322  	-0.032518 
7149.700980  	-0.025005 
7151.132638  	-0.015538 
7152.564297  	-0.017212 
7153.995955  	-0.018215 
7155.427613  	-0.013036 
7156.859271  	-0.013573 
7158.290929  	-0.015692 
7159.722588  	-0.019253 
7161.154246  	-0.028061 
7162.585904  	-0.025832 
7164.017562  	-0.014578 
7165.449220  	-0.012164 
7166.880879  	-0.016823 
7168.312537  	-0.022068 
7169.744195  	-0.023871 
7171.175853  	-0.022857 
7172.607511  	-0.021617 
7174.039169  	-0.016911 
7175.470828  	-0.015406 
7176.902486  	-0.020671 
7178.334144  	-0.021351 
7179.765802  	-0.020675 
7181.197460  	-0.023147 
7182.629119  	-0.019541 
7184.060777  	-0.015474 
7185.492435  	-0.017952 
7186.924093  	-0.019836 
7188.355751  	-0.016817 
7189.787409  	-0.012970 
7191.219068  	-0.015889 
7192.650726  	-0.021343 
7194.082384  	-0.020022 
7195.514042  	-0.019396 
7196.945700  	-0.024873 
7198.377359  	-0.029384 
7199.809017  	-0.029542 
7201.240675  	-0.024115 
7202.672333  	-0.018311 
7204.103991  	-0.019128 
7205.535650  	-0.022073 
7206.967308  	-0.022681 
7208.398966  	-0.021412 
7209.830624  	-0.017708 
7211.262282  	-0.014433 
7212.693940  	-0.014294 
7214.125599  	-0.020210 
7215.557257  	-0.028992 
7216.988915  	-0.026281 
7218.420573  	-0.012344 
7219.852231  	-0.003168 
7221.283890  	-0.006332 
7222.715548  	-0.013785 
7224.147206  	-0.015067 
7225.578864  	-0.013705 
7227.010522  	-0.019564 
7228.442181  	-0.023071 
7229.873839  	-0.017290 
7231.305497  	-0.018431 
7232.737155  	-0.028469 
7234.168813  	-0.029100 
7235.600471  	-0.019330 
7237.032130  	-0.013461 
7238.463788  	-0.017657 
7239.895446  	-0.024141 
7241.327104  	-0.024567 
7242.758762  	-0.023748 
7244.190421  	-0.021528 
7245.622079  	-0.016844 
7247.053737  	-0.020788 
7248.485395  	-0.029271 
7249.917053  	-0.031720 
7251.348711  	-0.032108 
7252.780370  	-0.028192 
7254.212028  	-0.018881 
7255.643686  	-0.017343 
7257.075344  	-0.017896 
7258.507002  	-0.011892 
7259.938661  	-0.011578 
7261.370319  	-0.017845 
7262.801977  	-0.019529 
7264.233635  	-0.016275 
7265.665293  	-0.013268 
7267.096952  	-0.014930 
7268.528610  	-0.020187 
7269.960268  	-0.024778 
7271.391926  	-0.026822 
7272.823584  	-0.026493 
7274.255242  	-0.029751 
7275.686901  	-0.034063 
7277.118559  	-0.030410 
7278.550217  	-0.025495 
7279.981875  	-0.022940 
7281.413533  	-0.019489 
7282.845192  	-0.020959 
7284.276850  	-0.021393 
7285.708508  	-0.019009 
7287.140166  	-0.022826 
7288.571824  	-0.026069 
7290.003483  	-0.026219 
7291.435141  	-0.024333 
7292.866799  	-0.015184 
7294.298457  	-0.011627 
7295.730115  	-0.015576 
7297.161773  	-0.016235 
7298.593432  	-0.023734 
7300.025090  	-0.026850 
7301.456748  	-0.019816 
7302.888406  	-0.024453 
7304.320064  	-0.026147 
7305.751723  	-0.018519 
7307.183381  	-0.019932 
7308.615039  	-0.016347 
7310.046697  	-0.009218 
7311.478355  	-0.013245 
7312.910013  	-0.016721 
7314.341672  	-0.023214 
7315.773330  	-0.032561 
7317.204988  	-0.030612 
7318.636646  	-0.029196 
7320.068304  	-0.028015 
7321.499963  	-0.020092 
7322.931621  	-0.021281 
7324.363279  	-0.026343 
7325.794937  	-0.024488 
7327.226595  	-0.026246 
7328.658254  	-0.028871 
7330.089912  	-0.023935 
7331.521570  	-0.020994 
7332.953228  	-0.025787 
7334.384886  	-0.026846 
7335.816544  	-0.018754 
7337.248203  	-0.014803 
7338.679861  	-0.016694 
7340.111519  	-0.015213 
7341.543177  	-0.016056 
7342.974835  	-0.020509 
7344.406494  	-0.024994 
7345.838152  	-0.029998 
7347.269810  	-0.029353 
7348.701468  	-0.025047 
7350.133126  	-0.019484 
7351.564785  	-0.014495 
7352.996443  	-0.021575 
7354.428101  	-0.029785 
7355.859759  	-0.026517 
7357.291417  	-0.024013 
7358.723075  	-0.019615 
7360.154734  	-0.015099 
7361.586392  	-0.020465 
7363.018050  	-0.021394 
7364.449708  	-0.016564 
7365.881366  	-0.014547 
7367.313025  	-0.007829 
7368.744683  	-0.003288 
7370.176341  	-0.006764 
7371.607999  	-0.010867 
7373.039657  	-0.015696 
7374.471315  	-0.018167 
7375.902974  	-0.019388 
7377.334632  	-0.028897 
7378.766290  	-0.035186 
7380.197948  	-0.026391 
7381.629606  	-0.011151 
7383.061265  	-0.008053 
7384.492923  	-0.018277 
7385.924581  	-0.020379 
7387.356239  	-0.017632 
7388.787897  	-0.022604 
7390.219556  	-0.025248 
7391.651214  	-0.025547 
7393.082872  	-0.025795 
7394.514530  	-0.020166 
7395.946188  	-0.015190 
7397.377846  	-0.014079 
7398.809505  	-0.017632 
7400.241163  	-0.023980 
7401.672821  	-0.017589 
7403.104479  	-0.008003 
7404.536137  	-0.012405 
7405.967796  	-0.017886 
7407.399454  	-0.017097 
7408.831112  	-0.017859 
7410.262770  	-0.022870 
7411.694428  	-0.028346 
7413.126086  	-0.023671 
7414.557745  	-0.016837 
7415.989403  	-0.023533 
7417.421061  	-0.032163 
7418.852719  	-0.032747 
7420.284377  	-0.024722 
7421.716036  	-0.014858 
7423.147694  	-0.017239 
7424.579352  	-0.023259 
7426.011010  	-0.021072 
7427.442668  	-0.014325 
7428.874327  	-0.004099 
7430.305985  	-0.004995 
7431.737643  	-0.019412 
7433.169301  	-0.023247 
7434.600959  	-0.023395 
7436.032617  	-0.027377 
7437.464276  	-0.019828 
7438.895934  	-0.012627 
7440.327592  	-0.013874 
7441.759250  	-0.015022 
7443.190908  	-0.017886 
7444.622567  	-0.018270 
7446.054225  	-0.015381 
7447.485883  	-0.019003 
7448.917541  	-0.023196 
7450.349199  	-0.023679 
7451.780858  	-0.023533 
7453.212516  	-0.022791 
7454.644174  	-0.023046 
7456.075832  	-0.018134 
7457.507490  	-0.009436 
7458.939148  	-0.010771 
7460.370807  	-0.016137 
7461.802465  	-0.020388 
7463.234123  	-0.028564 
7464.665781  	-0.025238 
7466.097439  	-0.010088 
7467.529098  	-0.010531 
7468.960756  	-0.023674 
7470.392414  	-0.031740 
7471.824072  	-0.032889 
7473.255730  	-0.027342 
7474.687388  	-0.015821 
7476.119047  	-0.008741 
7477.550705  	-0.014570 
7478.982363  	-0.028488 
7480.414021  	-0.031588 
7481.845679  	-0.020008 
7483.277338  	-0.010111 
7484.708996  	-0.005500 
7486.140654  	-0.005569 
7487.572312  	-0.016253 
7489.003970  	-0.024045 
7490.435629  	-0.018990 
7491.867287  	-0.013334 
7493.298945  	-0.010578 
7494.730603  	-0.013751 
7496.162261  	-0.027675 
7497.593919  	-0.037393 
7499.025578  	-0.036844 
7500.457236  	-0.032927 
7501.888894  	-0.027846 
7503.320552  	-0.028317 
7504.752210  	-0.026951 
7506.183869  	-0.014101 
7507.615527  	-0.011821 
7509.047185  	-0.021791 
7510.478843  	-0.018034 
7511.910501  	-0.006199 
7513.342160  	-0.008374 
7514.773818  	-0.016830 
7516.205476  	-0.019264 
7517.637134  	-0.021543 
7519.068792  	-0.023500 
7520.500450  	-0.015357 
7521.932109  	-0.007316 
7523.363767  	-0.014392 
7524.795425  	-0.025406 
7526.227083  	-0.028528 
7527.658741  	-0.028734 
7529.090400  	-0.030599 
7530.522058  	-0.031484 
7531.953716  	-0.026720 
7533.385374  	-0.023543 
7534.817032  	-0.029468 
7536.248690  	-0.030901 
7537.680349  	-0.022520 
7539.112007  	-0.016478 
7540.543665  	-0.015243 
7541.975323  	-0.017248 
7543.406981  	-0.022068 
7544.838640  	-0.030727 
7546.270298  	-0.038477 
7547.701956  	-0.031315 
7549.133614  	-0.018091 
7550.565272  	-0.016508 
7551.996931  	-0.017427 
7553.428589  	-0.013122 
7554.860247  	-0.016468 
7556.291905  	-0.026252 
7557.723563  	-0.032749 
7559.155221  	-0.030342 
7560.586880  	-0.026371 
7562.018538  	-0.035419 
7563.450196  	-0.045297 
7564.881854  	-0.036940 
7566.313512  	-0.020745 
7567.745171  	-0.012366 
7569.176829  	-0.012946 
7570.608487  	-0.017547 
7572.040145  	-0.027051 
7573.471803  	-0.030342 
7574.903461  	-0.017096 
7576.335120  	-0.009602 
7577.766778  	-0.018664 
7579.198436  	-0.022124 
7580.630094  	-0.025303 
7582.061752  	-0.030806 
7583.493411  	-0.018909 
7584.925069  	-0.009966 
7586.356727  	-0.019899 
7587.788385  	-0.020055 
7589.220043  	-0.014920 
7590.651702  	-0.022120 
7592.083360  	-0.027725 
7593.515018  	-0.029338 
7594.946676  	-0.031417 
7596.378334  	-0.025934 
7597.809992  	-0.019893 
7599.241651  	-0.022098 
7600.673309  	-0.024247 
7602.104967  	-0.020915 
7603.536625  	-0.020216 
7604.968283  	-0.032782 
7606.399942  	-0.046324 
7607.831600  	-0.041388 
7609.263258  	-0.027706 
7610.694916  	-0.024365 
7612.126574  	-0.023211 
7613.558233  	-0.020425 
7614.989891  	-0.021549 
7616.421549  	-0.018586 
7617.853207  	-0.017156 
7619.284865  	-0.026420 
7620.716523  	-0.022391 
7622.148182  	-0.007442 
7623.579840  	-0.012037 
7625.011498  	-0.025456 
7626.443156  	-0.032436 
7627.874814  	-0.037211 
7629.306473  	-0.026374 
7630.738131  	-0.013537 
7632.169789  	-0.016384 
7633.601447  	-0.016170 
7635.033105  	-0.015502 
7636.464763  	-0.021919 
7637.896422  	-0.016324 
7639.328080  	-0.014673 
7640.759738  	-0.027940 
7642.191396  	-0.028292 
7643.623054  	-0.024050 
7645.054713  	-0.027010 
7646.486371  	-0.019899 
7647.918029  	-0.012721 
7649.349687  	-0.015153 
7650.781345  	-0.017884 
7652.213004  	-0.016197 
7653.644662  	-0.005274 
7655.076320  	0.000112 
7656.507978  	-0.013542 
7657.939636  	-0.019184 
7659.371294  	-0.012139 
7660.802953  	-0.013762 
7662.234611  	-0.019322 
7663.666269  	-0.021961 
7665.097927  	-0.024564 
7666.529585  	-0.023269 
7667.961244  	-0.026184 
7669.392902  	-0.037721 
7670.824560  	-0.033187 
7672.256218  	-0.008762 
7673.687876  	-0.000239 
7675.119535  	-0.014577 
7676.551193  	-0.022425 
7677.982851  	-0.020110 
7679.414509  	-0.023819 
7680.846167  	-0.028061 
7682.277825  	-0.026131 
7683.709484  	-0.018655 
7685.141142  	-0.013635 
7686.572800  	-0.019319 
7688.004458  	-0.024879 
7689.436116  	-0.025747 
7690.867775  	-0.033015 
7692.299433  	-0.038748 
7693.731091  	-0.038211 
7695.162749  	-0.036790 
7696.594407  	-0.032773 
7698.026065  	-0.029983 
7699.457724  	-0.027107 
7700.889382  	-0.024325 
7702.321040  	-0.034783 
7703.752698  	-0.040910 
7705.184356  	-0.026240 
7706.616015  	-0.018555 
7708.047673  	-0.024415 
7709.479331  	-0.030568 
7710.910989  	-0.033570 
7712.342647  	-0.026348 
7713.774306  	-0.020029 
7715.205964  	-0.020127 
7716.637622  	-0.015343 
7718.069280  	-0.020183 
7719.500938  	-0.037765 
7720.932596  	-0.048647 
7722.364255  	-0.049492 
7723.795913  	-0.042930 
7725.227571  	-0.036280 
7726.659229  	-0.031250 
7728.090887  	-0.023071 
7729.522546  	-0.025358 
7730.954204  	-0.032270 
7732.385862  	-0.021806 
7733.817520  	-0.016229 
7735.249178  	-0.021555 
7736.680837  	-0.025559 
7738.112495  	-0.027642 
7739.544153  	-0.020788 
7740.975811  	-0.015486 
7742.407469  	-0.019220 
7743.839127  	-0.009674 
7745.270786  	0.001458 
7746.702444  	-0.001387 
7748.134102  	-0.009871 
7749.565760  	-0.030147 
7750.997418  	-0.036773 
7752.429077  	-0.018131 
7753.860735  	-0.012765 
7755.292393  	-0.015755 
7756.724051  	-0.009285 
7758.155709  	-0.007342 
7759.587367  	-0.014627 
7761.019026  	-0.031013 
7762.450684  	-0.046496 
7763.882342  	-0.037573 
7765.314000  	-0.019771 
7766.745658  	-0.023042 
7768.177317  	-0.038694 
7769.608975  	-0.029864 
7771.040633  	-0.001551 
7772.472291  	0.001440 
7773.903949  	-0.013951 
7775.335608  	-0.014735 
7776.767266  	-0.023956 
7778.198924  	-0.036018 
7779.630582  	-0.039610 
7781.062240  	-0.054793 
7782.493898  	-0.055577 
7783.925557  	-0.035891 
7785.357215  	-0.026489 
7786.788873  	-0.010579 
7788.220531  	-0.003154 
7789.652189  	-0.024215 
7791.083848  	-0.030433 
7792.515506  	-0.018731 
7793.947164  	-0.011350 
7795.378822  	-0.010889 
7796.810480  	-0.027827 
7798.242138  	-0.037115 
7799.673797  	-0.016576 
7801.105455  	-0.002469 
7802.537113  	-0.018712 
7803.968771  	-0.037445 
7805.400429  	-0.032271 
7806.832088  	-0.015614 
7808.263746  	-0.018448 
7809.695404  	-0.035722 
7811.127062  	-0.037567 
7812.558720  	-0.027046 
7813.990379  	-0.023528 
7815.422037  	-0.027479 
7816.853695  	-0.021281 
7818.285353  	-0.013396 
7819.717011  	-0.015556 
7821.148669  	-0.002253 
7822.580328  	0.012182 
7824.011986  	-0.008336 
7825.443644  	-0.029912 
7826.875302  	-0.029617 
7828.306960  	-0.028405 
7829.738619  	-0.023730 
7831.170277  	-0.021050 
7832.601935  	-0.035675 
7834.033593  	-0.046558 
7835.465251  	-0.041566 
7836.896910  	-0.033212 
7838.328568  	-0.033095 
7839.760226  	-0.033856 
7841.191884  	-0.019128 
7842.623542  	-0.017924 
7844.055200  	-0.042479 
7845.486859  	-0.045139 
7846.918517  	-0.029101 
7848.350175  	-0.024936 
7849.781833  	-0.018352 
7851.213491  	-0.015253 
7852.645150  	-0.028264 
7854.076808  	-0.021195 
7855.508466  	-0.005821 
7856.940124  	-0.017122 
7858.371782  	-0.022058 
7859.803440  	-0.015512 
7861.235099  	-0.029255 
7862.666757  	-0.035419 
7864.098415  	-0.022446 
7865.530073  	-0.013840 
7866.961731  	0.000434 
7868.393390  	0.008309 
7869.825048  	-0.015824 
7871.256706  	-0.041208 
7872.688364  	-0.043567 
7874.120022  	-0.030881 
7875.551681  	-0.017862 
7876.983339  	-0.021149 
7878.414997  	-0.033423 
7879.846655  	-0.031548 
7881.278313  	-0.013215 
7882.709971  	-0.002884 
7884.141630  	-0.007550 
7885.573288  	-0.012073 
7887.004946  	-0.014798 
7888.436604  	-0.023472 
7889.868262  	-0.021603 
7891.299921  	-0.005668 
7892.731579  	-0.005939 
7894.163237  	-0.020899 
7895.594895  	-0.038793 
7897.026553  	-0.047015 
7898.458212  	-0.025758 
7899.889870  	-0.001981 