##TITLE=No Description
##DATA TYPE=INFRARED SPECTRUM
##XUNITS=1/CM
##YUNITS=Abs
349.324597  	-0.261021 
350.756256  	-0.089880 
352.187914  	0.298527 
353.619572  	-0.094329 
355.051230  	-0.234528 
356.482888  	-0.088232 
357.914546  	0.028807 
359.346205  	0.112385 
360.777863  	0.017979 
362.209521  	-0.110350 
363.641179  	0.000805 
365.072837  	0.150565 
366.504496  	0.089452 
367.936154  	-0.003774 
369.367812  	0.030363 
370.799470  	0.086224 
372.231128  	0.007570 
373.662787  	-0.051192 
375.094445  	0.016937 
376.526103  	0.068293 
377.957761  	0.051960 
379.389419  	0.039948 
380.821077  	0.018001 
382.252736  	-0.023548 
383.684394  	-0.031788 
385.116052  	0.030897 
386.547710  	0.085663 
387.979368  	0.072526 
389.411027  	0.054926 
390.842685  	0.066046 
392.274343  	0.071910 
393.706001  	0.042031 
395.137659  	0.020206 
396.569317  	0.040594 
398.000976  	0.080058 
399.432634  	0.080582 
400.864292  	0.071235 
402.295950  	0.062805 
403.727608  	0.046307 
405.159267  	0.042417 
406.590925  	0.056448 
408.022583  	0.059245 
409.454241  	0.055858 
410.885899  	0.058027 
412.317558  	0.053790 
413.749216  	0.050822 
415.180874  	0.056035 
416.612532  	0.052901 
418.044190  	0.033647 
419.475848  	0.019845 
420.907507  	0.027621 
422.339165  	0.031026 
423.770823  	0.029481 
425.202481  	0.032020 
426.634139  	0.033459 
428.065798  	0.023740 
429.497456  	0.017781 
430.929114  	0.029858 
432.360772  	0.038280 
433.792430  	0.030349 
435.224089  	0.029014 
436.655747  	0.039578 
438.087405  	0.041748 
439.519063  	0.038520 
440.950721  	0.036105 
442.382379  	0.035841 
443.814038  	0.044612 
445.245696  	0.049672 
446.677354  	0.042682 
448.109012  	0.042686 
449.540670  	0.047263 
450.972329  	0.041334 
452.403987  	0.035976 
453.835645  	0.039985 
455.267303  	0.046550 
456.698961  	0.056241 
458.130619  	0.056834 
459.562278  	0.044771 
460.993936  	0.045769 
462.425594  	0.054406 
463.857252  	0.052927 
465.288910  	0.051820 
466.720569  	0.057200 
468.152227  	0.054444 
469.583885  	0.047827 
471.015543  	0.050169 
472.447201  	0.053284 
473.878860  	0.052982 
475.310518  	0.055785 
476.742176  	0.056906 
478.173834  	0.054126 
479.605492  	0.052641 
481.037150  	0.052158 
482.468809  	0.051927 
483.900467  	0.053471 
485.332125  	0.056677 
486.763783  	0.060163 
488.195441  	0.061192 
489.627100  	0.060991 
491.058758  	0.061333 
492.490416  	0.059899 
493.922074  	0.059266 
495.353732  	0.061402 
496.785391  	0.061491 
498.217049  	0.060444 
499.648707  	0.060946 
501.080365  	0.060809 
502.512023  	0.060302 
503.943681  	0.059980 
505.375340  	0.060974 
506.806998  	0.064257 
508.238656  	0.064367 
509.670314  	0.061776 
511.101972  	0.062007 
512.533631  	0.063427 
513.965289  	0.065308 
515.396947  	0.068101 
516.828605  	0.068465 
518.260263  	0.067226 
519.691921  	0.066440 
521.123580  	0.066825 
522.555238  	0.070575 
523.986896  	0.074926 
525.418554  	0.077219 
526.850212  	0.079687 
528.281871  	0.082787 
529.713529  	0.086502 
531.145187  	0.090062 
532.576845  	0.092408 
534.008503  	0.096664 
535.440162  	0.101315 
536.871820  	0.103066 
538.303478  	0.106467 
539.735136  	0.112187 
541.166794  	0.116959 
542.598452  	0.122631 
544.030111  	0.128920 
545.461769  	0.134880 
546.893427  	0.141659 
548.325085  	0.147518 
549.756743  	0.152784 
551.188402  	0.157390 
552.620060  	0.158086 
554.051718  	0.156100 
555.483376  	0.152010 
556.915034  	0.144807 
558.346692  	0.136830 
559.778351  	0.128386 
561.210009  	0.119482 
562.641667  	0.111430 
564.073325  	0.101215 
565.504983  	0.086745 
566.936642  	0.071202 
568.368300  	0.056767 
569.799958  	0.045094 
571.231616  	0.039979 
572.663274  	0.041329 
574.094933  	0.044575 
575.526591  	0.046777 
576.958249  	0.046962 
578.389907  	0.046766 
579.821565  	0.046534 
581.253223  	0.044033 
582.684882  	0.041258 
584.116540  	0.040114 
585.548198  	0.038593 
586.979856  	0.037013 
588.411514  	0.036327 
589.843173  	0.036007 
591.274831  	0.035895 
592.706489  	0.034940 
594.138147  	0.033763 
595.569805  	0.033271 
597.001464  	0.032224 
598.433122  	0.032261 
599.864780  	0.033999 
601.296438  	0.033707 
602.728096  	0.031763 
604.159754  	0.030788 
605.591413  	0.030521 
607.023071  	0.030783 
608.454729  	0.031148 
609.886387  	0.031586 
611.318045  	0.032463 
612.749704  	0.032214 
614.181362  	0.031636 
615.613020  	0.032719 
617.044678  	0.033156 
618.476336  	0.032314 
619.907994  	0.032874 
621.339653  	0.034129 
622.771311  	0.034616 
624.202969  	0.035304 
625.634627  	0.036514 
627.066285  	0.037436 
628.497944  	0.038090 
629.929602  	0.039489 
631.361260  	0.041452 
632.792918  	0.041882 
634.224576  	0.040762 
635.656235  	0.040057 
637.087893  	0.039165 
638.519551  	0.037216 
639.951209  	0.035885 
641.382867  	0.035956 
642.814525  	0.036017 
644.246184  	0.035874 
645.677842  	0.036577 
647.109500  	0.037534 
648.541158  	0.037492 
649.972816  	0.037177 
651.404475  	0.037637 
652.836133  	0.038029 
654.267791  	0.038224 
655.699449  	0.039038 
657.131107  	0.039397 
658.562766  	0.038899 
659.994424  	0.039300 
661.426082  	0.040344 
662.857740  	0.040491 
664.289398  	0.040482 
665.721056  	0.041792 
667.152715  	0.044759 
668.584373  	0.045898 
670.016031  	0.043715 
671.447689  	0.043596 
672.879347  	0.044273 
674.311006  	0.044402 
675.742664  	0.045014 
677.174322  	0.045929 
678.605980  	0.046445 
680.037638  	0.047460 
681.469296  	0.049117 
682.900955  	0.050914 
684.332613  	0.052574 
685.764271  	0.053804 
687.195929  	0.054496 
688.627587  	0.054207 
690.059246  	0.054194 
691.490904  	0.055391 
692.922562  	0.055620 
694.354220  	0.055164 
695.785878  	0.056367 
697.217537  	0.058707 
698.649195  	0.061441 
700.080853  	0.064485 
701.512511  	0.067169 
702.944169  	0.069521 
704.375827  	0.071417 
705.807486  	0.072751 
707.239144  	0.072760 
708.670802  	0.070449 
710.102460  	0.068001 
711.534118  	0.066556 
712.965777  	0.064972 
714.397435  	0.063822 
715.829093  	0.062448 
717.260751  	0.060397 
718.692409  	0.059935 
720.124067  	0.060745 
721.555726  	0.061549 
722.987384  	0.063090 
724.419042  	0.064832 
725.850700  	0.066223 
727.282358  	0.067137 
728.714017  	0.067247 
730.145675  	0.067650 
731.577333  	0.067909 
733.008991  	0.067054 
734.440649  	0.066439 
735.872308  	0.065860 
737.303966  	0.065252 
738.735624  	0.066315 
740.167282  	0.067787 
741.598940  	0.068528 
743.030598  	0.070270 
744.462257  	0.073172 
745.893915  	0.076312 
747.325573  	0.079458 
748.757231  	0.082444 
750.188889  	0.085666 
751.620548  	0.089305 
753.052206  	0.092998 
754.483864  	0.096506 
755.915522  	0.099348 
757.347180  	0.101101 
758.778839  	0.101900 
760.210497  	0.102296 
761.642155  	0.102742 
763.073813  	0.103470 
764.505471  	0.104290 
765.937129  	0.104445 
767.368788  	0.103682 
768.800446  	0.101981 
770.232104  	0.098557 
771.663762  	0.093321 
773.095420  	0.087119 
774.527079  	0.080762 
775.958737  	0.075122 
777.390395  	0.070735 
778.822053  	0.067373 
780.253711  	0.064592 
781.685369  	0.062346 
783.117028  	0.060827 
784.548686  	0.059787 
785.980344  	0.058910 
787.412002  	0.058605 
788.843660  	0.058824 
790.275319  	0.058934 
791.706977  	0.059357 
793.138635  	0.060306 
794.570293  	0.061289 
796.001951  	0.063145 
797.433610  	0.066651 
798.865268  	0.071195 
800.296926  	0.076465 
801.728584  	0.082587 
803.160242  	0.089741 
804.591900  	0.097752 
806.023559  	0.105634 
807.455217  	0.112840 
808.886875  	0.119629 
810.318533  	0.125943 
811.750191  	0.130887 
813.181850  	0.133704 
814.613508  	0.134330 
816.045166  	0.133179 
817.476824  	0.131628 
818.908482  	0.130639 
820.340141  	0.130840 
821.771799  	0.133651 
823.203457  	0.138949 
824.635115  	0.145251 
826.066773  	0.151321 
827.498431  	0.154737 
828.930090  	0.154013 
830.361748  	0.149681 
831.793406  	0.142191 
833.225064  	0.132949 
834.656722  	0.123015 
836.088381  	0.112803 
837.520039  	0.103682 
838.951697  	0.096037 
840.383355  	0.089427 
841.815013  	0.083936 
843.246671  	0.079147 
844.678330  	0.074458 
846.109988  	0.069762 
847.541646  	0.064990 
848.973304  	0.059886 
850.404962  	0.054037 
851.836621  	0.047696 
853.268279  	0.041911 
854.699937  	0.037427 
856.131595  	0.034240 
857.563253  	0.031828 
858.994912  	0.029889 
860.426570  	0.028739 
861.858228  	0.028394 
863.289886  	0.028428 
864.721544  	0.028970 
866.153202  	0.030151 
867.584861  	0.031693 
869.016519  	0.033765 
870.448177  	0.036398 
871.879835  	0.039194 
873.311493  	0.042373 
874.743152  	0.046262 
876.174810  	0.050401 
877.606468  	0.054361 
879.038126  	0.058655 
880.469784  	0.063568 
881.901443  	0.068428 
883.333101  	0.072903 
884.764759  	0.076178 
886.196417  	0.077097 
887.628075  	0.076121 
889.059733  	0.072950 
890.491392  	0.066352 
891.923050  	0.057163 
893.354708  	0.047516 
894.786366  	0.039366 
896.218024  	0.033749 
897.649683  	0.030200 
899.081341  	0.028005 
900.512999  	0.027153 
901.944657  	0.027249 
903.376315  	0.027662 
904.807973  	0.028288 
906.239632  	0.029147 
907.671290  	0.030229 
909.102948  	0.031404 
910.534606  	0.032520 
911.966264  	0.033818 
913.397923  	0.035502 
914.829581  	0.037117 
916.261239  	0.038199 
917.692897  	0.039096 
919.124555  	0.039672 
920.556214  	0.039192 
921.987872  	0.038341 
923.419530  	0.037845 
924.851188  	0.037254 
926.282846  	0.036912 
927.714504  	0.037332 
929.146163  	0.038305 
930.577821  	0.039931 
932.009479  	0.041821 
933.441137  	0.043327 
934.872795  	0.044461 
936.304454  	0.044975 
937.736112  	0.045049 
939.167770  	0.045412 
940.599428  	0.046147 
942.031086  	0.047092 
943.462744  	0.047591 
944.894403  	0.047057 
946.326061  	0.046302 
947.757719  	0.045858 
949.189377  	0.045423 
950.621035  	0.045336 
952.052694  	0.045889 
953.484352  	0.046833 
954.916010  	0.048068 
956.347668  	0.049560 
957.779326  	0.051099 
959.210985  	0.052117 
960.642643  	0.052406 
962.074301  	0.052603 
963.505959  	0.052902 
964.937617  	0.052944 
966.369275  	0.052959 
967.800934  	0.053290 
969.232592  	0.053815 
970.664250  	0.054597 
972.095908  	0.055653 
973.527566  	0.056626 
974.959225  	0.057684 
976.390883  	0.059085 
977.822541  	0.060483 
979.254199  	0.062145 
980.685857  	0.064420 
982.117516  	0.066786 
983.549174  	0.069440 
984.980832  	0.072863 
986.412490  	0.076834 
987.844148  	0.081385 
989.275806  	0.086158 
990.707465  	0.090666 
992.139123  	0.094776 
993.570781  	0.097668 
995.002439  	0.099769 
996.434097  	0.102519 
997.865756  	0.106499 
999.297414  	0.113036 
1000.729072  	0.122783 
1002.160730  	0.134336 
1003.592388  	0.145482 
1005.024046  	0.152745 
1006.455705  	0.155669 
1007.887363  	0.157571 
1009.319021  	0.161068 
1010.750679  	0.170898 
1012.182337  	0.187990 
1013.613996  	0.198421 
1015.045654  	0.185958 
1016.477312  	0.153136 
1017.908970  	0.116633 
1019.340628  	0.087200 
1020.772287  	0.066229 
1022.203945  	0.051995 
1023.635603  	0.042001 
1025.067261  	0.034946 
1026.498919  	0.030819 
1027.930577  	0.029272 
1029.362236  	0.029513 
1030.793894  	0.030741 
1032.225552  	0.032145 
1033.657210  	0.033585 
1035.088868  	0.035488 
1036.520527  	0.037669 
1037.952185  	0.039693 
1039.383843  	0.041386 
1040.815501  	0.042923 
1042.247159  	0.044767 
1043.678818  	0.046579 
1045.110476  	0.048009 
1046.542134  	0.049549 
1047.973792  	0.051242 
1049.405450  	0.052820 
1050.837108  	0.054293 
1052.268767  	0.056018 
1053.700425  	0.058292 
1055.132083  	0.060293 
1056.563741  	0.061913 
1057.995399  	0.064226 
1059.427058  	0.066834 
1060.858716  	0.069172 
1062.290374  	0.071495 
1063.722032  	0.073892 
1065.153690  	0.077026 
1066.585348  	0.080973 
1068.017007  	0.085410 
1069.448665  	0.090916 
1070.880323  	0.097571 
1072.311981  	0.105768 
1073.743639  	0.116177 
1075.175298  	0.129438 
1076.606956  	0.146890 
1078.038614  	0.164040 
1079.470272  	0.171425 
1080.901930  	0.165344 
1082.333589  	0.147734 
1083.765247  	0.125399 
1085.196905  	0.104985 
1086.628563  	0.089053 
1088.060221  	0.079204 
1089.491879  	0.075614 
1090.923538  	0.076286 
1092.355196  	0.079542 
1093.786854  	0.084463 
1095.218512  	0.090725 
1096.650170  	0.098456 
1098.081829  	0.106544 
1099.513487  	0.114008 
1100.945145  	0.119429 
1102.376803  	0.120877 
1103.808461  	0.119654 
1105.240120  	0.118114 
1106.671778  	0.117548 
1108.103436  	0.117848 
1109.535094  	0.117556 
1110.966752  	0.116396 
1112.398410  	0.114400 
1113.830069  	0.112132 
1115.261727  	0.111310 
1116.693385  	0.111372 
1118.125043  	0.111794 
1119.556701  	0.113452 
1120.988360  	0.115504 
1122.420018  	0.118010 
1123.851676  	0.121518 
1125.283334  	0.125227 
1126.714992  	0.129847 
1128.146650  	0.135100 
1129.578309  	0.140085 
1131.009967  	0.145796 
1132.441625  	0.151453 
1133.873283  	0.157005 
1135.304941  	0.163552 
1136.736600  	0.170050 
1138.168258  	0.177162 
1139.599916  	0.184932 
1141.031574  	0.192112 
1142.463232  	0.200051 
1143.894891  	0.208066 
1145.326549  	0.215704 
1146.758207  	0.224082 
1148.189865  	0.231612 
1149.621523  	0.239054 
1151.053181  	0.246609 
1152.484840  	0.252625 
1153.916498  	0.258919 
1155.348156  	0.263932 
1156.779814  	0.266169 
1158.211472  	0.267059 
1159.643131  	0.263983 
1161.074789  	0.256767 
1162.506447  	0.245762 
1163.938105  	0.230160 
1165.369763  	0.213085 
1166.801421  	0.194771 
1168.233080  	0.176301 
1169.664738  	0.162404 
1171.096396  	0.155013 
1172.528054  	0.155906 
1173.959712  	0.165930 
1175.391371  	0.180858 
1176.823029  	0.196323 
1178.254687  	0.209597 
1179.686345  	0.220107 
1181.118003  	0.230977 
1182.549662  	0.241484 
1183.981320  	0.249938 
1185.412978  	0.255846 
1186.844636  	0.256145 
1188.276294  	0.252341 
1189.707952  	0.246341 
1191.139611  	0.237713 
1192.571269  	0.228385 
1194.002927  	0.217763 
1195.434585  	0.205990 
1196.866243  	0.194509 
1198.297902  	0.182007 
1199.729560  	0.169462 
1201.161218  	0.157839 
1202.592876  	0.146611 
1204.024534  	0.137773 
1205.456193  	0.133182 
1206.887851  	0.134293 
1208.319509  	0.142417 
1209.751167  	0.155770 
1211.182825  	0.171777 
1212.614483  	0.187597 
1214.046142  	0.199460 
1215.477800  	0.207754 
1216.909458  	0.212566 
1218.341116  	0.213628 
1219.772774  	0.213242 
1221.204433  	0.210617 
1222.636091  	0.206594 
1224.067749  	0.202919 
1225.499407  	0.198015 
1226.931065  	0.192973 
1228.362723  	0.188266 
1229.794382  	0.182901 
1231.226040  	0.178031 
1232.657698  	0.172844 
1234.089356  	0.167405 
1235.521014  	0.163001 
1236.952673  	0.158326 
1238.384331  	0.153592 
1239.815989  	0.149202 
1241.247647  	0.144564 
1242.679305  	0.140454 
1244.110964  	0.135889 
1245.542622  	0.130343 
1246.974280  	0.124953 
1248.405938  	0.118984 
1249.837596  	0.112303 
1251.269254  	0.104959 
1252.700913  	0.096460 
1254.132571  	0.087759 
1255.564229  	0.078753 
1256.995887  	0.069181 
1258.427545  	0.059925 
1259.859204  	0.050796 
1261.290862  	0.041789 
1262.722520  	0.033687 
1264.154178  	0.026651 
1265.585836  	0.020521 
1267.017495  	0.015371 
1268.449153  	0.011320 
1269.880811  	0.008296 
1271.312469  	0.006134 
1272.744127  	0.004604 
1274.175785  	0.003521 
1275.607444  	0.002879 
1277.039102  	0.002886 
1278.470760  	0.003606 
1279.902418  	0.004605 
1281.334076  	0.005802 
1282.765735  	0.007365 
1284.197393  	0.009020 
1285.629051  	0.010765 
1287.060709  	0.012506 
1288.492367  	0.013852 
1289.924025  	0.014845 
1291.355684  	0.015285 
1292.787342  	0.014888 
1294.219000  	0.013820 
1295.650658  	0.012002 
1297.082316  	0.009470 
1298.513975  	0.006884 
1299.945633  	0.004432 
1301.377291  	0.002100 
1302.808949  	0.000299 
1304.240607  	-0.000748 
1305.672266  	-0.000868 
1307.103924  	-0.000273 
1308.535582  	0.000527 
1309.967240  	0.000876 
1311.398898  	-0.000115 
1312.830556  	-0.002377 
1314.262215  	-0.004887 
1315.693873  	-0.007113 
1317.125531  	-0.008801 
1318.557189  	-0.009909 
1319.988847  	-0.010778 
1321.420506  	-0.011275 
1322.852164  	-0.011572 
1324.283822  	-0.011778 
1325.715480  	-0.011785 
1327.147138  	-0.011995 
1328.578796  	-0.012074 
1330.010455  	-0.011854 
1331.442113  	-0.011954 
1332.873771  	-0.012026 
1334.305429  	-0.011899 
1335.737087  	-0.011846 
1337.168746  	-0.011636 
1338.600404  	-0.011495 
1340.032062  	-0.011478 
1341.463720  	-0.011459 
1342.895378  	-0.011591 
1344.327037  	-0.011414 
1345.758695  	-0.011014 
1347.190353  	-0.010765 
1348.622011  	-0.010424 
1350.053669  	-0.010268 
1351.485327  	-0.010100 
1352.916986  	-0.009602 
1354.348644  	-0.009141 
1355.780302  	-0.008300 
1357.211960  	-0.007018 
1358.643618  	-0.004917 
1360.075277  	-0.000580 
1361.506935  	0.005830 
1362.938593  	0.012879 
1364.370251  	0.015940 
1365.801909  	0.013411 
1367.233568  	0.007864 
1368.665226  	0.001668 
1370.096884  	-0.002992 
1371.528542  	-0.005499 
1372.960200  	-0.006561 
1374.391858  	-0.007153 
1375.823517  	-0.007265 
1377.255175  	-0.007099 
1378.686833  	-0.006592 
1380.118491  	-0.005378 
1381.550149  	-0.003603 
1382.981808  	-0.000615 
1384.413466  	0.002763 
1385.845124  	0.005099 
1387.276782  	0.005450 
1388.708440  	0.003377 
1390.140098  	0.000832 
1391.571757  	-0.001648 
1393.003415  	-0.003328 
1394.435073  	-0.003680 
1395.866731  	-0.003468 
1397.298389  	-0.003073 
1398.730048  	-0.001920 
1400.161706  	-0.000324 
1401.593364  	0.001520 
1403.025022  	0.004084 
1404.456680  	0.007285 
1405.888339  	0.011208 
1407.319997  	0.014721 
1408.751655  	0.016298 
1410.183313  	0.016245 
1411.614971  	0.014264 
1413.046629  	0.010493 
1414.478288  	0.006264 
1415.909946  	0.001977 
1417.341604  	-0.001148 
1418.773262  	-0.003168 
1420.204920  	-0.005681 
1421.636579  	-0.006754 
1423.068237  	-0.006796 
1424.499895  	-0.006987 
1425.931553  	-0.007168 
1427.363211  	-0.007379 
1428.794870  	-0.007434 
1430.226528  	-0.007047 
1431.658186  	-0.006950 
1433.089844  	-0.006754 
1434.521502  	-0.006437 
1435.953160  	-0.006195 
1437.384819  	-0.005133 
1438.816477  	-0.004462 
1440.248135  	-0.003773 
1441.679793  	-0.002312 
1443.111451  	-0.001161 
1444.543110  	-0.000040 
1445.974768  	0.001164 
1447.406426  	0.002017 
1448.838084  	0.003210 
1450.269742  	0.003814 
1451.701400  	0.004015 
1453.133059  	0.004527 
1454.564717  	0.004556 
1455.996375  	0.005110 
1457.428033  	0.007923 
1458.859691  	0.009709 
1460.291350  	0.011825 
1461.723008  	0.013939 
1463.154666  	0.015371 
1464.586324  	0.016579 
1466.017982  	0.015910 
1467.449641  	0.014934 
1468.881299  	0.014134 
1470.312957  	0.013007 
1471.744615  	0.012803 
1473.176273  	0.012399 
1474.607931  	0.011501 
1476.039590  	0.011896 
1477.471248  	0.012010 
1478.902906  	0.012424 
1480.334564  	0.013891 
1481.766222  	0.015459 
1483.197881  	0.018007 
1484.629539  	0.021269 
1486.061197  	0.024706 
1487.492855  	0.030253 
1488.924513  	0.036475 
1490.356172  	0.043239 
1491.787830  	0.052850 
1493.219488  	0.060784 
1494.651146  	0.068930 
1496.082804  	0.080677 
1497.514462  	0.091757 
1498.946121  	0.101957 
1500.377779  	0.111168 
1501.809437  	0.114993 
1503.241095  	0.116408 
1504.672753  	0.115007 
1506.104412  	0.106865 
1507.536070  	0.091747 
1508.967728  	0.075399 
1510.399386  	0.059812 
1511.831044  	0.045221 
1513.262702  	0.031244 
1514.694361  	0.020692 
1516.126019  	0.013671 
1517.557677  	0.006390 
1518.989335  	0.001678 
1520.420993  	0.000257 
1521.852652  	-0.002597 
1523.284310  	-0.005388 
1524.715968  	-0.006114 
1526.147626  	-0.007442 
1527.579284  	-0.008412 
1529.010943  	-0.008932 
1530.442601  	-0.009703 
1531.874259  	-0.009746 
1533.305917  	-0.009727 
1534.737575  	-0.010430 
1536.169233  	-0.010689 
1537.600892  	-0.010842 
1539.032550  	-0.010500 
1540.464208  	-0.010248 
1541.895866  	-0.011506 
1543.327524  	-0.011812 
1544.759183  	-0.011929 
1546.190841  	-0.012217 
1547.622499  	-0.011970 
1549.054157  	-0.011790 
1550.485815  	-0.011879 
1551.917473  	-0.011937 
1553.349132  	-0.011992 
1554.780790  	-0.011897 
1556.212448  	-0.011766 
1557.644106  	-0.011282 
1559.075764  	-0.010061 
1560.507423  	-0.011850 
1561.939081  	-0.012366 
1563.370739  	-0.012091 
1564.802397  	-0.012013 
1566.234055  	-0.011997 
1567.665714  	-0.011757 
1569.097372  	-0.011417 
1570.529030  	-0.011180 
1571.960688  	-0.011275 
1573.392346  	-0.011143 
1574.824004  	-0.010643 
1576.255663  	-0.010228 
1577.687321  	-0.010190 
1579.118979  	-0.010118 
1580.550637  	-0.009744 
1581.982295  	-0.008936 
1583.413954  	-0.008006 
1584.845612  	-0.006729 
1586.277270  	-0.005114 
1587.708928  	-0.003519 
1589.140586  	-0.001668 
1590.572245  	-0.000015 
1592.003903  	0.001083 
1593.435561  	0.001621 
1594.867219  	0.001443 
1596.298877  	0.001027 
1597.730535  	0.000792 
1599.162194  	0.000980 
1600.593852  	0.001390 
1602.025510  	0.001552 
1603.457168  	0.001443 
1604.888826  	0.000674 
1606.320485  	-0.000688 
1607.752143  	-0.002258 
1609.183801  	-0.004102 
1610.615459  	-0.005693 
1612.047117  	-0.006945 
1613.478775  	-0.007882 
1614.910434  	-0.008329 
1616.342092  	-0.008626 
1617.773750  	-0.009258 
1619.205408  	-0.009773 
1620.637066  	-0.009952 
1622.068725  	-0.009817 
1623.500383  	-0.009676 
1624.932041  	-0.009895 
1626.363699  	-0.010029 
1627.795357  	-0.009918 
1629.227016  	-0.009748 
1630.658674  	-0.009723 
1632.090332  	-0.009690 
1633.521990  	-0.009380 
1634.953648  	-0.008733 
1636.385306  	-0.008376 
1637.816965  	-0.008822 
1639.248623  	-0.009104 
1640.680281  	-0.008985 
1642.111939  	-0.008624 
1643.543597  	-0.008452 
1644.975256  	-0.008176 
1646.406914  	-0.007492 
1647.838572  	-0.007419 
1649.270230  	-0.007740 
1650.701888  	-0.007474 
1652.133547  	-0.006742 
1653.565205  	-0.006615 
1654.996863  	-0.007671 
1656.428521  	-0.007828 
1657.860179  	-0.007896 
1659.291837  	-0.008016 
1660.723496  	-0.007819 
1662.155154  	-0.007526 
1663.586812  	-0.007737 
1665.018470  	-0.007925 
1666.450128  	-0.007813 
1667.881787  	-0.007553 
1669.313445  	-0.007275 
1670.745103  	-0.007591 
1672.176761  	-0.008045 
1673.608419  	-0.008173 
1675.040077  	-0.008275 
1676.471736  	-0.008121 
1677.903394  	-0.007891 
1679.335052  	-0.007660 
1680.766710  	-0.007346 
1682.198368  	-0.007212 
1683.630027  	-0.006857 
1685.061685  	-0.006899 
1686.493343  	-0.007453 
1687.925001  	-0.007252 
1689.356659  	-0.006886 
1690.788318  	-0.006805 
1692.219976  	-0.006382 
1693.651634  	-0.005766 
1695.083292  	-0.004927 
1696.514950  	-0.004157 
1697.946608  	-0.004284 
1699.378267  	-0.003694 
1700.809925  	-0.003135 
1702.241583  	-0.003760 
1703.673241  	-0.003209 
1705.104899  	-0.002423 
1706.536558  	-0.001919 
1707.968216  	-0.001281 
1709.399874  	-0.000800 
1710.831532  	0.000054 
1712.263190  	0.001161 
1713.694849  	0.001972 
1715.126507  	0.003098 
1716.558165  	0.003768 
1717.989823  	0.003757 
1719.421481  	0.004521 
1720.853139  	0.004979 
1722.284798  	0.005881 
1723.716456  	0.007289 
1725.148114  	0.007836 
1726.579772  	0.008851 
1728.011430  	0.010311 
1729.443089  	0.011328 
1730.874747  	0.012741 
1732.306405  	0.013740 
1733.738063  	0.014584 
1735.169721  	0.015864 
1736.601379  	0.016232 
1738.033038  	0.017621 
1739.464696  	0.019704 
1740.896354  	0.020979 
1742.328012  	0.022992 
1743.759670  	0.024988 
1745.191329  	0.027235 
1746.622987  	0.031009 
1748.054645  	0.034593 
1749.486303  	0.038661 
1750.917961  	0.043820 
1752.349620  	0.049200 
1753.781278  	0.056538 
1755.212936  	0.064282 
1756.644594  	0.073414 
1758.076252  	0.086147 
1759.507910  	0.097126 
1760.939569  	0.107833 
1762.371227  	0.122037 
1763.802885  	0.132167 
1765.234543  	0.138243 
1766.666201  	0.143703 
1768.097860  	0.144731 
1769.529518  	0.143476 
1770.961176  	0.142171 
1772.392834  	0.135999 
1773.824492  	0.129614 
1775.256150  	0.123916 
1776.687809  	0.115396 
1778.119467  	0.108224 
1779.551125  	0.100855 
1780.982783  	0.090902 
1782.414441  	0.083147 
1783.846100  	0.075543 
1785.277758  	0.066815 
1786.709416  	0.059409 
1788.141074  	0.051093 
1789.572732  	0.043395 
1791.004391  	0.037019 
1792.436049  	0.028303 
1793.867707  	0.021583 
1795.299365  	0.016454 
1796.731023  	0.010463 
1798.162681  	0.006746 
1799.594340  	0.003123 
1801.025998  	-0.000655 
1802.457656  	-0.002356 
1803.889314  	-0.005077 
1805.320972  	-0.007004 
1806.752631  	-0.007858 
1808.184289  	-0.009603 
1809.615947  	-0.009979 
1811.047605  	-0.010658 
1812.479263  	-0.012070 
1813.910922  	-0.011880 
1815.342580  	-0.012745 
1816.774238  	-0.013566 
1818.205896  	-0.013119 
1819.637554  	-0.013810 
1821.069212  	-0.013730 
1822.500871  	-0.013528 
1823.932529  	-0.014328 
1825.364187  	-0.013975 
1826.795845  	-0.014316 
1828.227503  	-0.014742 
1829.659162  	-0.014122 
1831.090820  	-0.014869 
1832.522478  	-0.014843 
1833.954136  	-0.014499 
1835.385794  	-0.015235 
1836.817452  	-0.015084 
1838.249111  	-0.015440 
1839.680769  	-0.015998 
1841.112427  	-0.015187 
1842.544085  	-0.015279 
1843.975743  	-0.015245 
1845.407402  	-0.014771 
1846.839060  	-0.015540 
1848.270718  	-0.015158 
1849.702376  	-0.015080 
1851.134034  	-0.015671 
1852.565693  	-0.014971 
1853.997351  	-0.015183 
1855.429009  	-0.015457 
1856.860667  	-0.014498 
1858.292325  	-0.014759 
1859.723983  	-0.015190 
1861.155642  	-0.015373 
1862.587300  	-0.015807 
1864.018958  	-0.015173 
1865.450616  	-0.014990 
1866.882274  	-0.015029 
1868.313933  	-0.014287 
1869.745591  	-0.014815 
1871.177249  	-0.014901 
1872.608907  	-0.014610 
1874.040565  	-0.015223 
1875.472224  	-0.014962 
1876.903882  	-0.014583 
1878.335540  	-0.014454 
1879.767198  	-0.013989 
1881.198856  	-0.014587 
1882.630514  	-0.014591 
1884.062173  	-0.013779 
1885.493831  	-0.013988 
1886.925489  	-0.013651 
1888.357147  	-0.013275 
1889.788805  	-0.013349 
1891.220464  	-0.012529 
1892.652122  	-0.012387 
1894.083780  	-0.012140 
1895.515438  	-0.011557 
1896.947096  	-0.012503 
1898.378754  	-0.012974 
1899.810413  	-0.012834 
1901.242071  	-0.013101 
1902.673729  	-0.012538 
1904.105387  	-0.012632 
1905.537045  	-0.013452 
1906.968704  	-0.013368 
1908.400362  	-0.013438 
1909.832020  	-0.013614 
1911.263678  	-0.014094 
1912.695336  	-0.014911 
1914.126995  	-0.014614 
1915.558653  	-0.014478 
1916.990311  	-0.014801 
1918.421969  	-0.014972 
1919.853627  	-0.015911 
1921.285285  	-0.016029 
1922.716944  	-0.015521 
1924.148602  	-0.015485 
1925.580260  	-0.014980 
1927.011918  	-0.015360 
1928.443576  	-0.015888 
1929.875235  	-0.015459 
1931.306893  	-0.016343 
1932.738551  	-0.016524 
1934.170209  	-0.015672 
1935.601867  	-0.016031 
1937.033525  	-0.015192 
1938.465184  	-0.015110 
1939.896842  	-0.017131 
1941.328500  	-0.017079 
1942.760158  	-0.016450 
1944.191816  	-0.016195 
1945.623475  	-0.015121 
1947.055133  	-0.015785 
1948.486791  	-0.016455 
1949.918449  	-0.015725 
1951.350107  	-0.015554 
1952.781766  	-0.015649 
1954.213424  	-0.016563 
1955.645082  	-0.017030 
1957.076740  	-0.016009 
1958.508398  	-0.016157 
1959.940056  	-0.016372 
1961.371715  	-0.016699 
1962.803373  	-0.017055 
1964.235031  	-0.014619 
1965.666689  	-0.013621 
1967.098347  	-0.014855 
1968.530006  	-0.014517 
1969.961664  	-0.014705 
1971.393322  	-0.014986 
1972.824980  	-0.015601 
1974.256638  	-0.016983 
1975.688297  	-0.016008 
1977.119955  	-0.016287 
1978.551613  	-0.016627 
1979.983271  	-0.013669 
1981.414929  	-0.014158 
1982.846587  	-0.016047 
1984.278246  	-0.015216 
1985.709904  	-0.014381 
1987.141562  	-0.013848 
1988.573220  	-0.015515 
1990.004878  	-0.017509 
1991.436537  	-0.015551 
1992.868195  	-0.014962 
1994.299853  	-0.016061 
1995.731511  	-0.015670 
1997.163169  	-0.016967 
1998.594827  	-0.017186 
2000.026486  	-0.014820 
2001.458144  	-0.014131 
2002.889802  	-0.014090 
2004.321460  	-0.013437 
2005.753118  	-0.012454 
2007.184777  	-0.011868 
2008.616435  	-0.013328 
2010.048093  	-0.014528 
2011.479751  	-0.015194 
2012.911409  	-0.015648 
2014.343068  	-0.014314 
2015.774726  	-0.014813 
2017.206384  	-0.015095 
2018.638042  	-0.012743 
2020.069700  	-0.013829 
2021.501358  	-0.015558 
2022.933017  	-0.014998 
2024.364675  	-0.014957 
2025.796333  	-0.012704 
2027.227991  	-0.012080 
2028.659649  	-0.015328 
2030.091308  	-0.015120 
2031.522966  	-0.013705 
2032.954624  	-0.014364 
2034.386282  	-0.014101 
2035.817940  	-0.013492 
2037.249599  	-0.012753 
2038.681257  	-0.012456 
2040.112915  	-0.013031 
2041.544573  	-0.013326 
2042.976231  	-0.014374 
2044.407889  	-0.014973 
2045.839548  	-0.013983 
2047.271206  	-0.013253 
2048.702864  	-0.012546 
2050.134522  	-0.012843 
2051.566180  	-0.014242 
2052.997839  	-0.014512 
2054.429497  	-0.013990 
2055.861155  	-0.013244 
2057.292813  	-0.013165 
2058.724471  	-0.014255 
2060.156129  	-0.014773 
2061.587788  	-0.015252 
2063.019446  	-0.015279 
2064.451104  	-0.013710 
2065.882762  	-0.014016 
2067.314420  	-0.014888 
2068.746079  	-0.013163 
2070.177737  	-0.012754 
2071.609395  	-0.014226 
2073.041053  	-0.014760 
2074.472711  	-0.015193 
2075.904370  	-0.015496 
2077.336028  	-0.014972 
2078.767686  	-0.014146 
2080.199344  	-0.013757 
2081.631002  	-0.014070 
2083.062660  	-0.013867 
2084.494319  	-0.013648 
2085.925977  	-0.014137 
2087.357635  	-0.014080 
2088.789293  	-0.014267 
2090.220951  	-0.014823 
2091.652610  	-0.014755 
2093.084268  	-0.015357 
2094.515926  	-0.015527 
2095.947584  	-0.014507 
2097.379242  	-0.014970 
2098.810901  	-0.015990 
2100.242559  	-0.015878 
2101.674217  	-0.015237 
2103.105875  	-0.014494 
2104.537533  	-0.015138 
2105.969191  	-0.016204 
2107.400850  	-0.015369 
2108.832508  	-0.014384 
2110.264166  	-0.014705 
2111.695824  	-0.015368 
2113.127482  	-0.015469 
2114.559141  	-0.015174 
2115.990799  	-0.015560 
2117.422457  	-0.015992 
2118.854115  	-0.015923 
2120.285773  	-0.016080 
2121.717431  	-0.015958 
2123.149090  	-0.016522 
2124.580748  	-0.017675 
2126.012406  	-0.016779 
2127.444064  	-0.015744 
2128.875722  	-0.015901 
2130.307381  	-0.015265 
2131.739039  	-0.015136 
2133.170697  	-0.015061 
2134.602355  	-0.013967 
2136.034013  	-0.014621 
2137.465672  	-0.015500 
2138.897330  	-0.014968 
2140.328988  	-0.015270 
2141.760646  	-0.015529 
2143.192304  	-0.015189 
2144.623962  	-0.015027 
2146.055621  	-0.014989 
2147.487279  	-0.015132 
2148.918937  	-0.014247 
2150.350595  	-0.013498 
2151.782253  	-0.014284 
2153.213912  	-0.014581 
2154.645570  	-0.013801 
2156.077228  	-0.011507 
2157.508886  	-0.009945 
2158.940544  	-0.012043 
2160.372202  	-0.012300 
2161.803861  	-0.011474 
2163.235519  	-0.013224 
2164.667177  	-0.013824 
2166.098835  	-0.014316 
2167.530493  	-0.014467 
2168.962152  	-0.013430 
2170.393810  	-0.014696 
2171.825468  	-0.014863 
2173.257126  	-0.013124 
2174.688784  	-0.013550 
2176.120443  	-0.012904 
2177.552101  	-0.012453 
2178.983759  	-0.014860 
2180.415417  	-0.014958 
2181.847075  	-0.013121 
2183.278733  	-0.012869 
2184.710392  	-0.014028 
2186.142050  	-0.015383 
2187.573708  	-0.014367 
2189.005366  	-0.012847 
2190.437024  	-0.012781 
2191.868683  	-0.011670 
2193.300341  	-0.011306 
2194.731999  	-0.012437 
2196.163657  	-0.012584 
2197.595315  	-0.013170 
2199.026974  	-0.014161 
2200.458632  	-0.013772 
2201.890290  	-0.013016 
2203.321948  	-0.013116 
2204.753606  	-0.014241 
2206.185264  	-0.014439 
2207.616923  	-0.013695 
2209.048581  	-0.014458 
2210.480239  	-0.015185 
2211.911897  	-0.015126 
2213.343555  	-0.015152 
2214.775214  	-0.013873 
2216.206872  	-0.012945 
2217.638530  	-0.013270 
2219.070188  	-0.013259 
2220.501846  	-0.013529 
2221.933504  	-0.013389 
2223.365163  	-0.012844 
2224.796821  	-0.013172 
2226.228479  	-0.012857 
2227.660137  	-0.012664 
2229.091795  	-0.013310 
2230.523454  	-0.013024 
2231.955112  	-0.013031 
2233.386770  	-0.013423 
2234.818428  	-0.013104 
2236.250086  	-0.013202 
2237.681745  	-0.013256 
2239.113403  	-0.013417 
2240.545061  	-0.014122 
2241.976719  	-0.013860 
2243.408377  	-0.013334 
2244.840035  	-0.013134 
2246.271694  	-0.013156 
2247.703352  	-0.014134 
2249.135010  	-0.014269 
2250.566668  	-0.013630 
2251.998326  	-0.014131 
2253.429985  	-0.014347 
2254.861643  	-0.014599 
2256.293301  	-0.015657 
2257.724959  	-0.015296 
2259.156617  	-0.014243 
2260.588276  	-0.014252 
2262.019934  	-0.014790 
2263.451592  	-0.015352 
2264.883250  	-0.015359 
2266.314908  	-0.014864 
2267.746566  	-0.014540 
2269.178225  	-0.014511 
2270.609883  	-0.014951 
2272.041541  	-0.015555 
2273.473199  	-0.015961 
2274.904857  	-0.015677 
2276.336516  	-0.014645 
2277.768174  	-0.014622 
2279.199832  	-0.015424 
2280.631490  	-0.015592 
2282.063148  	-0.015798 
2283.494806  	-0.015779 
2284.926465  	-0.015508 
2286.358123  	-0.016143 
2287.789781  	-0.016505 
2289.221439  	-0.016204 
2290.653097  	-0.016183 
2292.084756  	-0.015815 
2293.516414  	-0.015389 
2294.948072  	-0.015383 
2296.379730  	-0.015258 
2297.811388  	-0.015313 
2299.243047  	-0.015482 
2300.674705  	-0.015597 
2302.106363  	-0.015917 
2303.538021  	-0.015909 
2304.969679  	-0.015557 
2306.401337  	-0.015027 
2307.832996  	-0.014421 
2309.264654  	-0.014498 
2310.696312  	-0.014687 
2312.127970  	-0.014557 
2313.559628  	-0.014798 
2314.991287  	-0.014813 
2316.422945  	-0.014636 
2317.854603  	-0.014728 
2319.286261  	-0.014276 
2320.717919  	-0.013670 
2322.149577  	-0.013450 
2323.581236  	-0.013322 
2325.012894  	-0.013405 
2326.444552  	-0.013078 
2327.876210  	-0.012502 
2329.307868  	-0.012509 
2330.739527  	-0.012357 
2332.171185  	-0.012188 
2333.602843  	-0.012648 
2335.034501  	-0.012745 
2336.466159  	-0.012484 
2337.897818  	-0.012455 
2339.329476  	-0.012387 
2340.761134  	-0.012381 
2342.192792  	-0.012634 
2343.624450  	-0.012906 
2345.056108  	-0.012794 
2346.487767  	-0.012908 
2347.919425  	-0.013869 
2349.351083  	-0.014233 
2350.782741  	-0.013380 
2352.214399  	-0.012552 
2353.646058  	-0.012307 
2355.077716  	-0.011898 
2356.509374  	-0.011215 
2357.941032  	-0.010670 
2359.372690  	-0.010939 
2360.804349  	-0.011405 
2362.236007  	-0.011181 
2363.667665  	-0.011263 
2365.099323  	-0.011698 
2366.530981  	-0.011806 
2367.962639  	-0.011725 
2369.394298  	-0.011555 
2370.825956  	-0.011867 
2372.257614  	-0.012565 
2373.689272  	-0.013152 
2375.120930  	-0.013903 
2376.552589  	-0.014203 
2377.984247  	-0.014010 
2379.415905  	-0.014395 
2380.847563  	-0.015027 
2382.279221  	-0.015467 
2383.710879  	-0.016040 
2385.142538  	-0.016465 
2386.574196  	-0.016423 
2388.005854  	-0.016086 
2389.437512  	-0.015907 
2390.869170  	-0.015964 
2392.300829  	-0.015843 
2393.732487  	-0.015811 
2395.164145  	-0.015934 
2396.595803  	-0.015757 
2398.027461  	-0.015694 
2399.459120  	-0.015752 
2400.890778  	-0.015565 
2402.322436  	-0.015555 
2403.754094  	-0.015652 
2405.185752  	-0.015677 
2406.617410  	-0.015602 
2408.049069  	-0.015244 
2409.480727  	-0.015353 
2410.912385  	-0.015840 
2412.344043  	-0.015742 
2413.775701  	-0.015654 
2415.207360  	-0.015816 
2416.639018  	-0.015735 
2418.070676  	-0.015786 
2419.502334  	-0.015859 
2420.933992  	-0.015756 
2422.365651  	-0.015769 
2423.797309  	-0.015853 
2425.228967  	-0.016206 
2426.660625  	-0.016614 
2428.092283  	-0.016474 
2429.523941  	-0.016065 
2430.955600  	-0.015647 
2432.387258  	-0.015464 
2433.818916  	-0.015805 
2435.250574  	-0.016083 
2436.682232  	-0.016066 
2438.113891  	-0.016280 
2439.545549  	-0.016550 
2440.977207  	-0.016274 
2442.408865  	-0.015737 
2443.840523  	-0.015759 
2445.272181  	-0.015992 
2446.703840  	-0.015803 
2448.135498  	-0.015792 
2449.567156  	-0.016102 
2450.998814  	-0.016317 
2452.430472  	-0.016468 
2453.862131  	-0.016169 
2455.293789  	-0.015563 
2456.725447  	-0.015512 
2458.157105  	-0.015883 
2459.588763  	-0.016084 
2461.020422  	-0.015981 
2462.452080  	-0.015963 
2463.883738  	-0.016235 
2465.315396  	-0.016211 
2466.747054  	-0.016156 
2468.178712  	-0.016603 
2469.610371  	-0.016705 
2471.042029  	-0.016291 
2472.473687  	-0.016015 
2473.905345  	-0.015905 
2475.337003  	-0.015968 
2476.768662  	-0.015977 
2478.200320  	-0.015983 
2479.631978  	-0.016389 
2481.063636  	-0.016524 
2482.495294  	-0.016219 
2483.926953  	-0.016233 
2485.358611  	-0.016370 
2486.790269  	-0.016434 
2488.221927  	-0.016593 
2489.653585  	-0.016594 
2491.085243  	-0.016392 
2492.516902  	-0.016162 
2493.948560  	-0.016231 
2495.380218  	-0.016661 
2496.811876  	-0.016949 
2498.243534  	-0.017102 
2499.675193  	-0.017093 
2501.106851  	-0.016538 
2502.538509  	-0.016113 
2503.970167  	-0.016397 
2505.401825  	-0.016732 
2506.833483  	-0.016841 
2508.265142  	-0.016987 
2509.696800  	-0.016929 
2511.128458  	-0.016706 
2512.560116  	-0.016901 
2513.991774  	-0.017171 
2515.423433  	-0.017055 
2516.855091  	-0.017213 
2518.286749  	-0.017449 
2519.718407  	-0.017105 
2521.150065  	-0.016739 
2522.581724  	-0.016536 
2524.013382  	-0.016644 
2525.445040  	-0.017270 
2526.876698  	-0.017331 
2528.308356  	-0.016962 
2529.740014  	-0.017115 
2531.171673  	-0.017019 
2532.603331  	-0.016759 
2534.034989  	-0.017034 
2535.466647  	-0.017124 
2536.898305  	-0.016963 
2538.329964  	-0.017062 
2539.761622  	-0.017349 
2541.193280  	-0.017569 
2542.624938  	-0.017416 
2544.056596  	-0.017406 
2545.488254  	-0.017785 
2546.919913  	-0.017609 
2548.351571  	-0.017035 
2549.783229  	-0.016880 
2551.214887  	-0.017079 
2552.646545  	-0.017399 
2554.078204  	-0.017554 
2555.509862  	-0.017540 
2556.941520  	-0.017733 
2558.373178  	-0.018059 
2559.804836  	-0.017988 
2561.236495  	-0.017219 
2562.668153  	-0.016746 
2564.099811  	-0.017229 
2565.531469  	-0.017518 
2566.963127  	-0.017566 
2568.394785  	-0.017750 
2569.826444  	-0.017056 
2571.258102  	-0.016351 
2572.689760  	-0.016888 
2574.121418  	-0.017389 
2575.553076  	-0.017299 
2576.984735  	-0.017257 
2578.416393  	-0.017165 
2579.848051  	-0.016891 
2581.279709  	-0.016690 
2582.711367  	-0.016942 
2584.143026  	-0.017304 
2585.574684  	-0.017291 
2587.006342  	-0.017461 
2588.438000  	-0.017670 
2589.869658  	-0.017424 
2591.301316  	-0.017313 
2592.732975  	-0.017255 
2594.164633  	-0.017060 
2595.596291  	-0.017223 
2597.027949  	-0.017458 
2598.459607  	-0.017479 
2599.891266  	-0.017294 
2601.322924  	-0.016851 
2602.754582  	-0.016793 
2604.186240  	-0.017342 
2605.617898  	-0.017802 
2607.049556  	-0.017708 
2608.481215  	-0.017228 
2609.912873  	-0.017088 
2611.344531  	-0.017328 
2612.776189  	-0.017361 
2614.207847  	-0.017369 
2615.639506  	-0.017459 
2617.071164  	-0.017586 
2618.502822  	-0.017883 
2619.934480  	-0.017799 
2621.366138  	-0.017421 
2622.797797  	-0.017445 
2624.229455  	-0.017517 
2625.661113  	-0.017516 
2627.092771  	-0.017646 
2628.524429  	-0.017557 
2629.956087  	-0.017480 
2631.387746  	-0.017707 
2632.819404  	-0.017821 
2634.251062  	-0.017725 
2635.682720  	-0.017674 
2637.114378  	-0.017724 
2638.546037  	-0.017698 
2639.977695  	-0.017592 
2641.409353  	-0.017713 
2642.841011  	-0.017853 
2644.272669  	-0.017703 
2645.704328  	-0.017722 
2647.135986  	-0.017987 
2648.567644  	-0.017931 
2649.999302  	-0.017683 
2651.430960  	-0.017779 
2652.862618  	-0.018049 
2654.294277  	-0.018014 
2655.725935  	-0.017798 
2657.157593  	-0.017722 
2658.589251  	-0.017732 
2660.020909  	-0.017744 
2661.452568  	-0.017763 
2662.884226  	-0.017793 
2664.315884  	-0.017871 
2665.747542  	-0.017888 
2667.179200  	-0.017819 
2668.610858  	-0.017828 
2670.042517  	-0.017900 
2671.474175  	-0.017911 
2672.905833  	-0.017825 
2674.337491  	-0.017808 
2675.769149  	-0.017988 
2677.200808  	-0.018035 
2678.632466  	-0.017840 
2680.064124  	-0.017723 
2681.495782  	-0.017654 
2682.927440  	-0.017639 
2684.359099  	-0.017806 
2685.790757  	-0.017894 
2687.222415  	-0.017874 
2688.654073  	-0.017930 
2690.085731  	-0.017916 
2691.517389  	-0.017864 
2692.949048  	-0.017908 
2694.380706  	-0.017876 
2695.812364  	-0.017789 
2697.244022  	-0.017836 
2698.675680  	-0.017850 
2700.107339  	-0.017740 
2701.538997  	-0.017771 
2702.970655  	-0.017873 
2704.402313  	-0.017832 
2705.833971  	-0.017821 
2707.265630  	-0.017796 
2708.697288  	-0.017697 
2710.128946  	-0.017721 
2711.560604  	-0.017627 
2712.992262  	-0.017397 
2714.423920  	-0.017418 
2715.855579  	-0.017491 
2717.287237  	-0.017493 
2718.718895  	-0.017565 
2720.150553  	-0.017560 
2721.582211  	-0.017638 
2723.013870  	-0.017836 
2724.445528  	-0.017817 
2725.877186  	-0.017677 
2727.308844  	-0.017586 
2728.740502  	-0.017624 
2730.172160  	-0.017753 
2731.603819  	-0.017673 
2733.035477  	-0.017575 
2734.467135  	-0.017598 
2735.898793  	-0.017491 
2737.330451  	-0.017490 
2738.762110  	-0.017562 
2740.193768  	-0.017454 
2741.625426  	-0.017511 
2743.057084  	-0.017661 
2744.488742  	-0.017635 
2745.920401  	-0.017599 
2747.352059  	-0.017519 
2748.783717  	-0.017517 
2750.215375  	-0.017724 
2751.647033  	-0.017833 
2753.078691  	-0.017790 
2754.510350  	-0.017613 
2755.942008  	-0.017369 
2757.373666  	-0.017405 
2758.805324  	-0.017579 
2760.236982  	-0.017583 
2761.668641  	-0.017501 
2763.100299  	-0.017439 
2764.531957  	-0.017446 
2765.963615  	-0.017407 
2767.395273  	-0.017240 
2768.826931  	-0.017123 
2770.258590  	-0.017072 
2771.690248  	-0.017043 
2773.121906  	-0.017025 
2774.553564  	-0.016968 
2775.985222  	-0.016990 
2777.416881  	-0.017078 
2778.848539  	-0.017116 
2780.280197  	-0.017124 
2781.711855  	-0.017115 
2783.143513  	-0.017215 
2784.575172  	-0.017280 
2786.006830  	-0.017085 
2787.438488  	-0.017038 
2788.870146  	-0.017196 
2790.301804  	-0.017233 
2791.733462  	-0.017307 
2793.165121  	-0.017363 
2794.596779  	-0.017347 
2796.028437  	-0.017458 
2797.460095  	-0.017406 
2798.891753  	-0.017245 
2800.323412  	-0.017335 
2801.755070  	-0.017358 
2803.186728  	-0.017200 
2804.618386  	-0.017122 
2806.050044  	-0.017120 
2807.481703  	-0.017167 
2808.913361  	-0.017212 
2810.345019  	-0.017175 
2811.776677  	-0.017061 
2813.208335  	-0.016935 
2814.639993  	-0.016969 
2816.071652  	-0.017075 
2817.503310  	-0.017058 
2818.934968  	-0.017035 
2820.366626  	-0.017089 
2821.798284  	-0.017119 
2823.229943  	-0.017049 
2824.661601  	-0.017028 
2826.093259  	-0.017110 
2827.524917  	-0.016982 
2828.956575  	-0.016891 
2830.388233  	-0.017147 
2831.819892  	-0.017167 
2833.251550  	-0.016975 
2834.683208  	-0.016969 
2836.114866  	-0.016787 
2837.546524  	-0.016593 
2838.978183  	-0.016604 
2840.409841  	-0.016466 
2841.841499  	-0.016354 
2843.273157  	-0.016253 
2844.704815  	-0.015930 
2846.136474  	-0.015665 
2847.568132  	-0.015264 
2848.999790  	-0.014655 
2850.431448  	-0.014424 
2851.863106  	-0.014546 
2853.294764  	-0.014683 
2854.726423  	-0.014753 
2856.158081  	-0.014682 
2857.589739  	-0.014513 
2859.021397  	-0.014193 
2860.453055  	-0.013718 
2861.884714  	-0.013254 
2863.316372  	-0.012758 
2864.748030  	-0.012088 
2866.179688  	-0.011211 
2867.611346  	-0.010399 
2869.043005  	-0.009815 
2870.474663  	-0.009150 
2871.906321  	-0.008571 
2873.337979  	-0.008443 
2874.769637  	-0.008526 
2876.201295  	-0.008819 
2877.632954  	-0.009401 
2879.064612  	-0.010028 
2880.496270  	-0.010644 
2881.927928  	-0.011133 
2883.359586  	-0.011463 
2884.791245  	-0.011692 
2886.222903  	-0.011587 
2887.654561  	-0.011398 
2889.086219  	-0.011383 
2890.517877  	-0.011301 
2891.949535  	-0.011361 
2893.381194  	-0.011571 
2894.812852  	-0.011612 
2896.244510  	-0.011645 
2897.676168  	-0.011629 
2899.107826  	-0.011639 
2900.539485  	-0.011847 
2901.971143  	-0.011736 
2903.402801  	-0.011435 
2904.834459  	-0.011409 
2906.266117  	-0.011138 
2907.697776  	-0.010585 
2909.129434  	-0.010284 
2910.561092  	-0.010087 
2911.992750  	-0.009763 
2913.424408  	-0.009426 
2914.856066  	-0.009216 
2916.287725  	-0.009163 
2917.719383  	-0.009109 
2919.151041  	-0.008918 
2920.582699  	-0.008655 
2922.014357  	-0.008458 
2923.446016  	-0.008193 
2924.877674  	-0.007715 
2926.309332  	-0.007294 
2927.740990  	-0.006920 
2929.172648  	-0.006453 
2930.604306  	-0.006151 
2932.035965  	-0.005858 
2933.467623  	-0.005456 
2934.899281  	-0.005293 
2936.330939  	-0.005268 
2937.762597  	-0.005417 
2939.194256  	-0.005931 
2940.625914  	-0.006338 
2942.057572  	-0.006464 
2943.489230  	-0.006562 
2944.920888  	-0.006686 
2946.352547  	-0.006831 
2947.784205  	-0.006720 
2949.215863  	-0.006388 
2950.647521  	-0.006208 
2952.079179  	-0.005795 
2953.510837  	-0.004807 
2954.942496  	-0.003530 
2956.374154  	-0.002230 
2957.805812  	-0.000985 
2959.237470  	0.000685 
2960.669128  	0.002987 
2962.100787  	0.005144 
2963.532445  	0.006849 
2964.964103  	0.008262 
2966.395761  	0.009159 
2967.827419  	0.009536 
2969.259078  	0.009492 
2970.690736  	0.009053 
2972.122394  	0.008370 
2973.554052  	0.007222 
2974.985710  	0.005729 
2976.417368  	0.004415 
2977.849027  	0.002903 
2979.280685  	0.000983 
2980.712343  	-0.000794 
2982.144001  	-0.002417 
2983.575659  	-0.003934 
2985.007318  	-0.005204 
2986.438976  	-0.006625 
2987.870634  	-0.008209 
2989.302292  	-0.009327 
2990.733950  	-0.010093 
2992.165608  	-0.011033 
2993.597267  	-0.011959 
2995.028925  	-0.012758 
2996.460583  	-0.013663 
2997.892241  	-0.014340 
2999.323899  	-0.014648 
3000.755558  	-0.015060 
3002.187216  	-0.015578 
3003.618874  	-0.015974 
3005.050532  	-0.016274 
3006.482190  	-0.016528 
3007.913849  	-0.016867 
3009.345507  	-0.017138 
3010.777165  	-0.017202 
3012.208823  	-0.017468 
3013.640481  	-0.017945 
3015.072139  	-0.018126 
3016.503798  	-0.017992 
3017.935456  	-0.017855 
3019.367114  	-0.017820 
3020.798772  	-0.017831 
3022.230430  	-0.017902 
3023.662089  	-0.017893 
3025.093747  	-0.017566 
3026.525405  	-0.017224 
3027.957063  	-0.017146 
3029.388721  	-0.016926 
3030.820380  	-0.016489 
3032.252038  	-0.016166 
3033.683696  	-0.015847 
3035.115354  	-0.015411 
3036.547012  	-0.015055 
3037.978670  	-0.014750 
3039.410329  	-0.014282 
3040.841987  	-0.013900 
3042.273645  	-0.013986 
3043.705303  	-0.014250 
3045.136961  	-0.014329 
3046.568620  	-0.014353 
3048.000278  	-0.014434 
3049.431936  	-0.014591 
3050.863594  	-0.014811 
3052.295252  	-0.014919 
3053.726910  	-0.014785 
3055.158569  	-0.014465 
3056.590227  	-0.014259 
3058.021885  	-0.014287 
3059.453543  	-0.014371 
3060.885201  	-0.014632 
3062.316860  	-0.014860 
3063.748518  	-0.014777 
3065.180176  	-0.015043 
3066.611834  	-0.015564 
3068.043492  	-0.015579 
3069.475151  	-0.015673 
3070.906809  	-0.016077 
3072.338467  	-0.016146 
3073.770125  	-0.016198 
3075.201783  	-0.016500 
3076.633441  	-0.016646 
3078.065100  	-0.016668 
3079.496758  	-0.016777 
3080.928416  	-0.016976 
3082.360074  	-0.017100 
3083.791732  	-0.017136 
3085.223391  	-0.017388 
3086.655049  	-0.017662 
3088.086707  	-0.017677 
3089.518365  	-0.017837 
3090.950023  	-0.018088 
3092.381682  	-0.017960 
3093.813340  	-0.017843 
3095.244998  	-0.018168 
3096.676656  	-0.018387 
3098.108314  	-0.018201 
3099.539972  	-0.018143 
3100.971631  	-0.018284 
3102.403289  	-0.018352 
3103.834947  	-0.018383 
3105.266605  	-0.018228 
3106.698263  	-0.018084 
3108.129922  	-0.018313 
3109.561580  	-0.018358 
3110.993238  	-0.018096 
3112.424896  	-0.018113 
3113.856554  	-0.018316 
3115.288212  	-0.018483 
3116.719871  	-0.018499 
3118.151529  	-0.018347 
3119.583187  	-0.018413 
3121.014845  	-0.018527 
3122.446503  	-0.018477 
3123.878162  	-0.018609 
3125.309820  	-0.018798 
3126.741478  	-0.018948 
3128.173136  	-0.019117 
3129.604794  	-0.019163 
3131.036453  	-0.019346 
3132.468111  	-0.019480 
3133.899769  	-0.019254 
3135.331427  	-0.019178 
3136.763085  	-0.019205 
3138.194743  	-0.019247 
3139.626402  	-0.019625 
3141.058060  	-0.019784 
3142.489718  	-0.019659 
3143.921376  	-0.019792 
3145.353034  	-0.019823 
3146.784693  	-0.019638 
3148.216351  	-0.019457 
3149.648009  	-0.019267 
3151.079667  	-0.019405 
3152.511325  	-0.019802 
3153.942983  	-0.019952 
3155.374642  	-0.019835 
3156.806300  	-0.019768 
3158.237958  	-0.020009 
3159.669616  	-0.020181 
3161.101274  	-0.019972 
3162.532933  	-0.019946 
3163.964591  	-0.020056 
3165.396249  	-0.019877 
3166.827907  	-0.019904 
3168.259565  	-0.020246 
3169.691224  	-0.020314 
3171.122882  	-0.020146 
3172.554540  	-0.020147 
3173.986198  	-0.020163 
3175.417856  	-0.019946 
3176.849514  	-0.019924 
3178.281173  	-0.020101 
3179.712831  	-0.019885 
3181.144489  	-0.019670 
3182.576147  	-0.019817 
3184.007805  	-0.019886 
3185.439464  	-0.019997 
3186.871122  	-0.020124 
3188.302780  	-0.019912 
3189.734438  	-0.019748 
3191.166096  	-0.019779 
3192.597755  	-0.019748 
3194.029413  	-0.019677 
3195.461071  	-0.019612 
3196.892729  	-0.019802 
3198.324387  	-0.020174 
3199.756045  	-0.020213 
3201.187704  	-0.020032 
3202.619362  	-0.019906 
3204.051020  	-0.019888 
3205.482678  	-0.020087 
3206.914336  	-0.020224 
3208.345995  	-0.020125 
3209.777653  	-0.020103 
3211.209311  	-0.020222 
3212.640969  	-0.020265 
3214.072627  	-0.020097 
3215.504285  	-0.019877 
3216.935944  	-0.019825 
3218.367602  	-0.019758 
3219.799260  	-0.019703 
3221.230918  	-0.019963 
3222.662576  	-0.020209 
3224.094235  	-0.020027 
3225.525893  	-0.019851 
3226.957551  	-0.020080 
3228.389209  	-0.020206 
3229.820867  	-0.020021 
3231.252526  	-0.020049 
3232.684184  	-0.020178 
3234.115842  	-0.020177 
3235.547500  	-0.020255 
3236.979158  	-0.020134 
3238.410816  	-0.019972 
3239.842475  	-0.020293 
3241.274133  	-0.020464 
3242.705791  	-0.020194 
3244.137449  	-0.020124 
3245.569107  	-0.020218 
3247.000766  	-0.020199 
3248.432424  	-0.020083 
3249.864082  	-0.019961 
3251.295740  	-0.020029 
3252.727398  	-0.020113 
3254.159057  	-0.020094 
3255.590715  	-0.020194 
3257.022373  	-0.020291 
3258.454031  	-0.020266 
3259.885689  	-0.020218 
3261.317347  	-0.020196 
3262.749006  	-0.020305 
3264.180664  	-0.020479 
3265.612322  	-0.020555 
3267.043980  	-0.020391 
3268.475638  	-0.020111 
3269.907297  	-0.020212 
3271.338955  	-0.020325 
3272.770613  	-0.019952 
3274.202271  	-0.019936 
3275.633929  	-0.020363 
3277.065587  	-0.020283 
3278.497246  	-0.020009 
3279.928904  	-0.020044 
3281.360562  	-0.020071 
3282.792220  	-0.020022 
3284.223878  	-0.020038 
3285.655537  	-0.020110 
3287.087195  	-0.020066 
3288.518853  	-0.019917 
3289.950511  	-0.020091 
3291.382169  	-0.020472 
3292.813828  	-0.020573 
3294.245486  	-0.020533 
3295.677144  	-0.020545 
3297.108802  	-0.020552 
3298.540460  	-0.020520 
3299.972118  	-0.020368 
3301.403777  	-0.020278 
3302.835435  	-0.020431 
3304.267093  	-0.020512 
3305.698751  	-0.020345 
3307.130409  	-0.020201 
3308.562068  	-0.020173 
3309.993726  	-0.020181 
3311.425384  	-0.020260 
3312.857042  	-0.020336 
3314.288700  	-0.020339 
3315.720359  	-0.020289 
3317.152017  	-0.020044 
3318.583675  	-0.019885 
3320.015333  	-0.020223 
3321.446991  	-0.020455 
3322.878649  	-0.020310 
3324.310308  	-0.020432 
3325.741966  	-0.020632 
3327.173624  	-0.020515 
3328.605282  	-0.020418 
3330.036940  	-0.020482 
3331.468599  	-0.020620 
3332.900257  	-0.020609 
3334.331915  	-0.020369 
3335.763573  	-0.020382 
3337.195231  	-0.020590 
3338.626889  	-0.020547 
3340.058548  	-0.020431 
3341.490206  	-0.020437 
3342.921864  	-0.020650 
3344.353522  	-0.020965 
3345.785180  	-0.021006 
3347.216839  	-0.020873 
3348.648497  	-0.020654 
3350.080155  	-0.020392 
3351.511813  	-0.020497 
3352.943471  	-0.020680 
3354.375130  	-0.020617 
3355.806788  	-0.020700 
3357.238446  	-0.020704 
3358.670104  	-0.020485 
3360.101762  	-0.020517 
3361.533420  	-0.020599 
3362.965079  	-0.020564 
3364.396737  	-0.020715 
3365.828395  	-0.020903 
3367.260053  	-0.020990 
3368.691711  	-0.020976 
3370.123370  	-0.020679 
3371.555028  	-0.020389 
3372.986686  	-0.020427 
3374.418344  	-0.020392 
3375.850002  	-0.020276 
3377.281660  	-0.020541 
3378.713319  	-0.020790 
3380.144977  	-0.020740 
3381.576635  	-0.020843 
3383.008293  	-0.020804 
3384.439951  	-0.020540 
3385.871610  	-0.020731 
3387.303268  	-0.020848 
3388.734926  	-0.020501 
3390.166584  	-0.020445 
3391.598242  	-0.020492 
3393.029901  	-0.020439 
3394.461559  	-0.020814 
3395.893217  	-0.021146 
3397.324875  	-0.021040 
3398.756533  	-0.020862 
3400.188191  	-0.020722 
3401.619850  	-0.020789 
3403.051508  	-0.021011 
3404.483166  	-0.020912 
3405.914824  	-0.020584 
3407.346482  	-0.020412 
3408.778141  	-0.020432 
3410.209799  	-0.020512 
3411.641457  	-0.020658 
3413.073115  	-0.020884 
3414.504773  	-0.020783 
3415.936432  	-0.020485 
3417.368090  	-0.020707 
3418.799748  	-0.020924 
3420.231406  	-0.020549 
3421.663064  	-0.020436 
3423.094722  	-0.020734 
3424.526381  	-0.020838 
3425.958039  	-0.021017 
3427.389697  	-0.021094 
3428.821355  	-0.020673 
3430.253013  	-0.020483 
3431.684672  	-0.020668 
3433.116330  	-0.020563 
3434.547988  	-0.020517 
3435.979646  	-0.020724 
3437.411304  	-0.020688 
3438.842962  	-0.020757 
3440.274621  	-0.021044 
3441.706279  	-0.020978 
3443.137937  	-0.020815 
3444.569595  	-0.020772 
3446.001253  	-0.020591 
3447.432912  	-0.020567 
3448.864570  	-0.020809 
3450.296228  	-0.020914 
3451.727886  	-0.020747 
3453.159544  	-0.020585 
3454.591203  	-0.020837 
3456.022861  	-0.021022 
3457.454519  	-0.020730 
3458.886177  	-0.020687 
3460.317835  	-0.020833 
3461.749493  	-0.020739 
3463.181152  	-0.020802 
3464.612810  	-0.020851 
3466.044468  	-0.020819 
3467.476126  	-0.020937 
3468.907784  	-0.020706 
3470.339443  	-0.020515 
3471.771101  	-0.020845 
3473.202759  	-0.020885 
3474.634417  	-0.020606 
3476.066075  	-0.020427 
3477.497734  	-0.020260 
3478.929392  	-0.020422 
3480.361050  	-0.020695 
3481.792708  	-0.020507 
3483.224366  	-0.020347 
3484.656024  	-0.020601 
3486.087683  	-0.020908 
3487.519341  	-0.020910 
3488.950999  	-0.020612 
3490.382657  	-0.020544 
3491.814315  	-0.020852 
3493.245974  	-0.021004 
3494.677632  	-0.020681 
3496.109290  	-0.020233 
3497.540948  	-0.020160 
3498.972606  	-0.020290 
3500.404264  	-0.020362 
3501.835923  	-0.020314 
3503.267581  	-0.019922 
3504.699239  	-0.019851 
3506.130897  	-0.020450 
3507.562555  	-0.020564 
3508.994214  	-0.020162 
3510.425872  	-0.020125 
3511.857530  	-0.020340 
3513.289188  	-0.020595 
3514.720846  	-0.020606 
3516.152505  	-0.020193 
3517.584163  	-0.020039 
3519.015821  	-0.020062 
3520.447479  	-0.019905 
3521.879137  	-0.019979 
3523.310795  	-0.019895 
3524.742454  	-0.019420 
3526.174112  	-0.019420 
3527.605770  	-0.019747 
3529.037428  	-0.019867 
3530.469086  	-0.019959 
3531.900745  	-0.020071 
3533.332403  	-0.020070 
3534.764061  	-0.019973 
3536.195719  	-0.019923 
3537.627377  	-0.020097 
3539.059035  	-0.020312 
3540.490694  	-0.020276 
3541.922352  	-0.020104 
3543.354010  	-0.020102 
3544.785668  	-0.020186 
3546.217326  	-0.020114 
3547.648985  	-0.020039 
3549.080643  	-0.020016 
3550.512301  	-0.020018 
3551.943959  	-0.020196 
3553.375617  	-0.020324 
3554.807276  	-0.020172 
3556.238934  	-0.019886 
3557.670592  	-0.019600 
3559.102250  	-0.019807 
3560.533908  	-0.020374 
3561.965566  	-0.020192 
3563.397225  	-0.019542 
3564.828883  	-0.019485 
3566.260541  	-0.019774 
3567.692199  	-0.019783 
3569.123857  	-0.019786 
3570.555516  	-0.020139 
3571.987174  	-0.020565 
3573.418832  	-0.020656 
3574.850490  	-0.020421 
3576.282148  	-0.020210 
3577.713807  	-0.020211 
3579.145465  	-0.020298 
3580.577123  	-0.020262 
3582.008781  	-0.020300 
3583.440439  	-0.020433 
3584.872097  	-0.020321 
3586.303756  	-0.020219 
3587.735414  	-0.020389 
3589.167072  	-0.020464 
3590.598730  	-0.020506 
3592.030388  	-0.020449 
3593.462047  	-0.020225 
3594.893705  	-0.020413 
3596.325363  	-0.020849 
3597.757021  	-0.020742 
3599.188679  	-0.020422 
3600.620337  	-0.020502 
3602.051996  	-0.020816 
3603.483654  	-0.020799 
3604.915312  	-0.020562 
3606.346970  	-0.020457 
3607.778628  	-0.020373 
3609.210287  	-0.020314 
3610.641945  	-0.020574 
3612.073603  	-0.020832 
3613.505261  	-0.020781 
3614.936919  	-0.020669 
3616.368578  	-0.020763 
3617.800236  	-0.020576 
3619.231894  	-0.020087 
3620.663552  	-0.020366 
3622.095210  	-0.020666 
3623.526868  	-0.020250 
3624.958527  	-0.020152 
3626.390185  	-0.020325 
3627.821843  	-0.019615 
3629.253501  	-0.018608 
3630.685159  	-0.019438 
3632.116818  	-0.019982 
3633.548476  	-0.020066 
3634.980134  	-0.020429 
3636.411792  	-0.020738 
3637.843450  	-0.020800 
3639.275109  	-0.020993 
3640.706767  	-0.021042 
3642.138425  	-0.020569 
3643.570083  	-0.020404 
3645.001741  	-0.020657 
3646.433399  	-0.020195 
3647.865058  	-0.019518 
3649.296716  	-0.019870 
3650.728374  	-0.019815 
3652.160032  	-0.020073 
3653.591690  	-0.020981 
3655.023349  	-0.021208 
3656.455007  	-0.020516 
3657.886665  	-0.020097 
3659.318323  	-0.020351 
3660.749981  	-0.020461 
3662.181639  	-0.020512 
3663.613298  	-0.020915 
3665.044956  	-0.020847 
3666.476614  	-0.019949 
3667.908272  	-0.019442 
3669.339930  	-0.019480 
3670.771589  	-0.019503 
3672.203247  	-0.019863 
3673.634905  	-0.019694 
3675.066563  	-0.018767 
3676.498221  	-0.019258 
3677.929880  	-0.020401 
3679.361538  	-0.020542 
3680.793196  	-0.020758 
3682.224854  	-0.020693 
3683.656512  	-0.020066 
3685.088170  	-0.019909 
3686.519829  	-0.020283 
3687.951487  	-0.019917 
3689.383145  	-0.019211 
3690.814803  	-0.019846 
3692.246461  	-0.020565 
3693.678120  	-0.020841 
3695.109778  	-0.021066 
3696.541436  	-0.021077 
3697.973094  	-0.020986 
3699.404752  	-0.021021 
3700.836411  	-0.020922 
3702.268069  	-0.020846 
3703.699727  	-0.020903 
3705.131385  	-0.020823 
3706.563043  	-0.020742 
3707.994701  	-0.020749 
3709.426360  	-0.020843 
3710.858018  	-0.020690 
3712.289676  	-0.020183 
3713.721334  	-0.020643 
3715.152992  	-0.021404 
3716.584651  	-0.021303 
3718.016309  	-0.021005 
3719.447967  	-0.021013 
3720.879625  	-0.020894 
3722.311283  	-0.020820 
3723.742941  	-0.021062 
3725.174600  	-0.021292 
3726.606258  	-0.021442 
3728.037916  	-0.021446 
3729.469574  	-0.021090 
3730.901232  	-0.020390 
3732.332891  	-0.020081 
3733.764549  	-0.020892 
3735.196207  	-0.021065 
3736.627865  	-0.020440 
3738.059523  	-0.020850 
3739.491182  	-0.021217 
3740.922840  	-0.021081 
3742.354498  	-0.020944 
3743.786156  	-0.020720 
3745.217814  	-0.020468 
3746.649472  	-0.020708 
3748.081131  	-0.020596 
3749.512789  	-0.020209 
3750.944447  	-0.020358 
3752.376105  	-0.020997 
3753.807763  	-0.021206 
3755.239422  	-0.021023 
3756.671080  	-0.020939 
3758.102738  	-0.020937 
3759.534396  	-0.021059 
3760.966054  	-0.021352 
3762.397712  	-0.021276 
3763.829371  	-0.021030 
3765.261029  	-0.021167 
3766.692687  	-0.021379 
3768.124345  	-0.021012 
3769.556003  	-0.020387 
3770.987662  	-0.020477 
3772.419320  	-0.021296 
3773.850978  	-0.021698 
3775.282636  	-0.021659 
3776.714294  	-0.021602 
3778.145953  	-0.021397 
3779.577611  	-0.021084 
3781.009269  	-0.021227 
3782.440927  	-0.021513 
3783.872585  	-0.021606 
3785.304243  	-0.021583 
3786.735902  	-0.021416 
3788.167560  	-0.021391 
3789.599218  	-0.021647 
3791.030876  	-0.021730 
3792.462534  	-0.021631 
3793.894193  	-0.021663 
3795.325851  	-0.021451 
3796.757509  	-0.021149 
3798.189167  	-0.021590 
3799.620825  	-0.021553 
3801.052484  	-0.020253 
3802.484142  	-0.019643 
3803.915800  	-0.020818 
3805.347458  	-0.021169 
3806.779116  	-0.020885 
3808.210774  	-0.020982 
3809.642433  	-0.021476 
3811.074091  	-0.021484 
3812.505749  	-0.021172 
3813.937407  	-0.021316 
3815.369065  	-0.021218 
3816.800724  	-0.020243 
3818.232382  	-0.020512 
3819.664040  	-0.020983 
3821.095698  	-0.020440 
3822.527356  	-0.020662 
3823.959014  	-0.021631 
3825.390673  	-0.021687 
3826.822331  	-0.021245 
3828.253989  	-0.021040 
3829.685647  	-0.021010 
3831.117305  	-0.020879 
3832.548964  	-0.020930 
3833.980622  	-0.021035 
3835.412280  	-0.020664 
3836.843938  	-0.020284 
3838.275596  	-0.020474 
3839.707255  	-0.020893 
3841.138913  	-0.021355 
3842.570571  	-0.021550 
3844.002229  	-0.021292 
3845.433887  	-0.021066 
3846.865545  	-0.020956 
3848.297204  	-0.020942 
3849.728862  	-0.021087 
3851.160520  	-0.020901 
3852.592178  	-0.020233 
3854.023836  	-0.019852 
3855.455495  	-0.020676 
3856.887153  	-0.021307 
3858.318811  	-0.021541 
3859.750469  	-0.021586 
3861.182127  	-0.021569 
3862.613786  	-0.021199 
3864.045444  	-0.020901 
3865.477102  	-0.020879 
3866.908760  	-0.020782 
3868.340418  	-0.020856 
3869.772076  	-0.020715 
3871.203735  	-0.020562 
3872.635393  	-0.021291 
3874.067051  	-0.021541 
3875.498709  	-0.021085 
3876.930367  	-0.021463 
3878.362026  	-0.021668 
3879.793684  	-0.020661 
3881.225342  	-0.019894 
3882.657000  	-0.020653 
3884.088658  	-0.021155 
3885.520316  	-0.020649 
3886.951975  	-0.020311 
3888.383633  	-0.021070 
3889.815291  	-0.021272 
3891.246949  	-0.020830 
3892.678607  	-0.021101 
3894.110266  	-0.021504 
3895.541924  	-0.021402 
3896.973582  	-0.021359 
3898.405240  	-0.021338 
3899.836898  	-0.021182 
3901.268557  	-0.020919 
3902.700215  	-0.020495 
3904.131873  	-0.020259 
3905.563531  	-0.020515 
3906.995189  	-0.021139 
3908.426847  	-0.021774 
3909.858506  	-0.021809 
3911.290164  	-0.021365 
3912.721822  	-0.021263 
3914.153480  	-0.021488 
3915.585138  	-0.021448 
3917.016797  	-0.021120 
3918.448455  	-0.021007 
3919.880113  	-0.021088 
3921.311771  	-0.021119 
3922.743429  	-0.021294 
3924.175088  	-0.021405 
3925.606746  	-0.021194 
3927.038404  	-0.021150 
3928.470062  	-0.021252 
3929.901720  	-0.021195 
3931.333378  	-0.021262 
3932.765037  	-0.021438 
3934.196695  	-0.021331 
3935.628353  	-0.021189 
3937.060011  	-0.021391 
3938.491669  	-0.021728 
3939.923328  	-0.021632 
3941.354986  	-0.021236 
3942.786644  	-0.021080 
3944.218302  	-0.021225 
3945.649960  	-0.021435 
3947.081618  	-0.021579 
3948.513277  	-0.021542 
3949.944935  	-0.021441 
3951.376593  	-0.021362 
3952.808251  	-0.021327 
3954.239909  	-0.021416 
3955.671568  	-0.021381 
3957.103226  	-0.021216 
3958.534884  	-0.021236 
3959.966542  	-0.021243 
3961.398200  	-0.021122 
3962.829859  	-0.021228 
3964.261517  	-0.021386 
3965.693175  	-0.021194 
3967.124833  	-0.020983 
3968.556491  	-0.021002 
3969.988149  	-0.020891 
3971.419808  	-0.020810 
3972.851466  	-0.021123 
3974.283124  	-0.021344 
3975.714782  	-0.021393 
3977.146440  	-0.021663 
3978.578099  	-0.021782 
3980.009757  	-0.021629 
3981.441415  	-0.021511 
3982.873073  	-0.021306 
3984.304731  	-0.021187 
3985.736389  	-0.021326 
3987.168048  	-0.021416 
3988.599706  	-0.021471 
3990.031364  	-0.021456 
3991.463022  	-0.021231 
3992.894680  	-0.021212 
3994.326339  	-0.021516 
3995.757997  	-0.021760 
3997.189655  	-0.021778 
3998.621313  	-0.021568 
4000.052971  	-0.021375 
4001.484630  	-0.021562 
4002.916288  	-0.021744 
4004.347946  	-0.021376 
4005.779604  	-0.020997 
4007.211262  	-0.021153 
4008.642920  	-0.021353 
4010.074579  	-0.021459 
4011.506237  	-0.021702 
4012.937895  	-0.021647 
4014.369553  	-0.021349 
4015.801211  	-0.021319 
4017.232870  	-0.021435 
4018.664528  	-0.021632 
4020.096186  	-0.021692 
4021.527844  	-0.021365 
4022.959502  	-0.021319 
4024.391161  	-0.021545 
4025.822819  	-0.021452 
4027.254477  	-0.021595 
4028.686135  	-0.022009 
4030.117793  	-0.021888 
4031.549451  	-0.021482 
4032.981110  	-0.021346 
4034.412768  	-0.021464 
4035.844426  	-0.021635 
4037.276084  	-0.021587 
4038.707742  	-0.021407 
4040.139401  	-0.021339 
4041.571059  	-0.021315 
4043.002717  	-0.021347 
4044.434375  	-0.021445 
4045.866033  	-0.021396 
4047.297691  	-0.021163 
4048.729350  	-0.021015 
4050.161008  	-0.021133 
4051.592666  	-0.021343 
4053.024324  	-0.021370 
4054.455982  	-0.021051 
4055.887641  	-0.020623 
4057.319299  	-0.020643 
4058.750957  	-0.020954 
4060.182615  	-0.021127 
4061.614273  	-0.021388 
4063.045932  	-0.021524 
4064.477590  	-0.021124 
4065.909248  	-0.020642 
4067.340906  	-0.020370 
4068.772564  	-0.020248 
4070.204222  	-0.020453 
4071.635881  	-0.020894 
4073.067539  	-0.021209 
4074.499197  	-0.021089 
4075.930855  	-0.020692 
4077.362513  	-0.020637 
4078.794172  	-0.020891 
4080.225830  	-0.021006 
4081.657488  	-0.020985 
4083.089146  	-0.020916 
4084.520804  	-0.020840 
4085.952463  	-0.020675 
4087.384121  	-0.020499 
4088.815779  	-0.020755 
4090.247437  	-0.021121 
4091.679095  	-0.021127 
4093.110753  	-0.021158 
4094.542412  	-0.021260 
4095.974070  	-0.021352 
4097.405728  	-0.021470 
4098.837386  	-0.021191 
4100.269044  	-0.020972 
4101.700703  	-0.021450 
4103.132361  	-0.021941 
4104.564019  	-0.022081 
4105.995677  	-0.021973 
4107.427335  	-0.021659 
4108.858993  	-0.021706 
4110.290652  	-0.021871 
4111.722310  	-0.021670 
4113.153968  	-0.021736 
4114.585626  	-0.021896 
4116.017284  	-0.021627 
4117.448943  	-0.021579 
4118.880601  	-0.021783 
4120.312259  	-0.021748 
4121.743917  	-0.021697 
4123.175575  	-0.021736 
4124.607234  	-0.021908 
4126.038892  	-0.022217 
4127.470550  	-0.022236 
4128.902208  	-0.022001 
4130.333866  	-0.021890 
4131.765524  	-0.021899 
4133.197183  	-0.021787 
4134.628841  	-0.021399 
4136.060499  	-0.021242 
4137.492157  	-0.021639 
4138.923815  	-0.021754 
4140.355474  	-0.021485 
4141.787132  	-0.021588 
4143.218790  	-0.021735 
4144.650448  	-0.021598 
4146.082106  	-0.021566 
4147.513764  	-0.021605 
4148.945423  	-0.021694 
4150.377081  	-0.021748 
4151.808739  	-0.021427 
4153.240397  	-0.021237 
4154.672055  	-0.021632 
4156.103714  	-0.022000 
4157.535372  	-0.021948 
4158.967030  	-0.021755 
4160.398688  	-0.021620 
4161.830346  	-0.021455 
4163.262005  	-0.021360 
4164.693663  	-0.021614 
4166.125321  	-0.021765 
4167.556979  	-0.021533 
4168.988637  	-0.021573 
4170.420295  	-0.021694 
4171.851954  	-0.021504 
4173.283612  	-0.021575 
4174.715270  	-0.021649 
4176.146928  	-0.021356 
4177.578586  	-0.021283 
4179.010245  	-0.021374 
4180.441903  	-0.021451 
4181.873561  	-0.021571 
4183.305219  	-0.021314 
4184.736877  	-0.021047 
4186.168536  	-0.021353 
4187.600194  	-0.021789 
4189.031852  	-0.022006 
4190.463510  	-0.021931 
4191.895168  	-0.021727 
4193.326826  	-0.021795 
4194.758485  	-0.021961 
4196.190143  	-0.022090 
4197.621801  	-0.021981 
4199.053459  	-0.021288 
4200.485117  	-0.020997 
4201.916776  	-0.021574 
4203.348434  	-0.021844 
4204.780092  	-0.021747 
4206.211750  	-0.021778 
4207.643408  	-0.021750 
4209.075066  	-0.021990 
4210.506725  	-0.022209 
4211.938383  	-0.021755 
4213.370041  	-0.021510 
4214.801699  	-0.021859 
4216.233357  	-0.021920 
4217.665016  	-0.021724 
4219.096674  	-0.021680 
4220.528332  	-0.021614 
4221.959990  	-0.021513 
4223.391648  	-0.021346 
4224.823307  	-0.021106 
4226.254965  	-0.021215 
4227.686623  	-0.021637 
4229.118281  	-0.021856 
4230.549939  	-0.021851 
4231.981597  	-0.021803 
4233.413256  	-0.021815 
4234.844914  	-0.021850 
4236.276572  	-0.021526 
4237.708230  	-0.021226 
4239.139888  	-0.021631 
4240.571547  	-0.021972 
4242.003205  	-0.021846 
4243.434863  	-0.021979 
4244.866521  	-0.022021 
4246.298179  	-0.021695 
4247.729838  	-0.021672 
4249.161496  	-0.021857 
4250.593154  	-0.022060 
4252.024812  	-0.022249 
4253.456470  	-0.021995 
4254.888128  	-0.021792 
4256.319787  	-0.022061 
4257.751445  	-0.022155 
4259.183103  	-0.022097 
4260.614761  	-0.022250 
4262.046419  	-0.022485 
4263.478078  	-0.022626 
4264.909736  	-0.022288 
4266.341394  	-0.021807 
4267.773052  	-0.021954 
4269.204710  	-0.022168 
4270.636368  	-0.022077 
4272.068027  	-0.022260 
4273.499685  	-0.022430 
4274.931343  	-0.022241 
4276.363001  	-0.022074 
4277.794659  	-0.021969 
4279.226318  	-0.022024 
4280.657976  	-0.022386 
4282.089634  	-0.022567 
4283.521292  	-0.022396 
4284.952950  	-0.022191 
4286.384609  	-0.021923 
4287.816267  	-0.021643 
4289.247925  	-0.021630 
4290.679583  	-0.021793 
4292.111241  	-0.021947 
4293.542899  	-0.022066 
4294.974558  	-0.022060 
4296.406216  	-0.021982 
4297.837874  	-0.021877 
4299.269532  	-0.021531 
4300.701190  	-0.021141 
4302.132849  	-0.021216 
4303.564507  	-0.021514 
4304.996165  	-0.021635 
4306.427823  	-0.021850 
4307.859481  	-0.021979 
4309.291140  	-0.021516 
4310.722798  	-0.021291 
4312.154456  	-0.022041 
4313.586114  	-0.022535 
4315.017772  	-0.022001 
4316.449430  	-0.021517 
4317.881089  	-0.021577 
4319.312747  	-0.021600 
4320.744405  	-0.021403 
4322.176063  	-0.021348 
4323.607721  	-0.021820 
4325.039380  	-0.022302 
4326.471038  	-0.021897 
4327.902696  	-0.021318 
4329.334354  	-0.021594 
4330.766012  	-0.021944 
4332.197670  	-0.021651 
4333.629329  	-0.021436 
4335.060987  	-0.021791 
4336.492645  	-0.022194 
4337.924303  	-0.022102 
4339.355961  	-0.021754 
4340.787620  	-0.021707 
4342.219278  	-0.021954 
4343.650936  	-0.022073 
4345.082594  	-0.021853 
4346.514252  	-0.021594 
4347.945911  	-0.021673 
4349.377569  	-0.021815 
4350.809227  	-0.021741 
4352.240885  	-0.021825 
4353.672543  	-0.022163 
4355.104201  	-0.022334 
4356.535860  	-0.022178 
4357.967518  	-0.021898 
4359.399176  	-0.021777 
4360.830834  	-0.021868 
4362.262492  	-0.021942 
4363.694151  	-0.021946 
4365.125809  	-0.022037 
4366.557467  	-0.022134 
4367.989125  	-0.022014 
4369.420783  	-0.021857 
4370.852441  	-0.021900 
4372.284100  	-0.021828 
4373.715758  	-0.021692 
4375.147416  	-0.022085 
4376.579074  	-0.022571 
4378.010732  	-0.022431 
4379.442391  	-0.022238 
4380.874049  	-0.022522 
4382.305707  	-0.022895 
4383.737365  	-0.022965 
4385.169023  	-0.022643 
4386.600682  	-0.022315 
4388.032340  	-0.022370 
4389.463998  	-0.022479 
4390.895656  	-0.022450 
4392.327314  	-0.022464 
4393.758972  	-0.022331 
4395.190631  	-0.022102 
4396.622289  	-0.022173 
4398.053947  	-0.022315 
4399.485605  	-0.022133 
4400.917263  	-0.021908 
4402.348922  	-0.022042 
4403.780580  	-0.022299 
4405.212238  	-0.022342 
4406.643896  	-0.022425 
4408.075554  	-0.022550 
4409.507213  	-0.022244 
4410.938871  	-0.021796 
4412.370529  	-0.021719 
4413.802187  	-0.021815 
4415.233845  	-0.022038 
4416.665503  	-0.022257 
4418.097162  	-0.022020 
4419.528820  	-0.021770 
4420.960478  	-0.021957 
4422.392136  	-0.022050 
4423.823794  	-0.022020 
4425.255453  	-0.022166 
4426.687111  	-0.022119 
4428.118769  	-0.021835 
4429.550427  	-0.021627 
4430.982085  	-0.021546 
4432.413743  	-0.021701 
4433.845402  	-0.021898 
4435.277060  	-0.021875 
4436.708718  	-0.022059 
4438.140376  	-0.022419 
4439.572034  	-0.022354 
4441.003693  	-0.022296 
4442.435351  	-0.022737 
4443.867009  	-0.023047 
4445.298667  	-0.023059 
4446.730325  	-0.023097 
4448.161984  	-0.022858 
4449.593642  	-0.022563 
4451.025300  	-0.022675 
4452.456958  	-0.022612 
4453.888616  	-0.022474 
4455.320274  	-0.022958 
4456.751933  	-0.023248 
4458.183591  	-0.022985 
4459.615249  	-0.023146 
4461.046907  	-0.023334 
4462.478565  	-0.022897 
4463.910224  	-0.022701 
4465.341882  	-0.022855 
4466.773540  	-0.022639 
4468.205198  	-0.022440 
4469.636856  	-0.022657 
4471.068515  	-0.022677 
4472.500173  	-0.022202 
4473.931831  	-0.021811 
4475.363489  	-0.021869 
4476.795147  	-0.022077 
4478.226805  	-0.022318 
4479.658464  	-0.022732 
4481.090122  	-0.023099 
4482.521780  	-0.023209 
4483.953438  	-0.023165 
4485.385096  	-0.023054 
4486.816755  	-0.022952 
4488.248413  	-0.022835 
4489.680071  	-0.022703 
4491.111729  	-0.022853 
4492.543387  	-0.023173 
4493.975045  	-0.023060 
4495.406704  	-0.022648 
4496.838362  	-0.022554 
4498.270020  	-0.022730 
4499.701678  	-0.022764 
4501.133336  	-0.022481 
4502.564995  	-0.022007 
4503.996653  	-0.021797 
4505.428311  	-0.022048 
4506.859969  	-0.022342 
4508.291627  	-0.022399 
4509.723286  	-0.022287 
4511.154944  	-0.022213 
4512.586602  	-0.022500 
4514.018260  	-0.022865 
4515.449918  	-0.022888 
4516.881576  	-0.023081 
4518.313235  	-0.023442 
4519.744893  	-0.023178 
4521.176551  	-0.022786 
4522.608209  	-0.022971 
4524.039867  	-0.023196 
4525.471526  	-0.023258 
4526.903184  	-0.023254 
4528.334842  	-0.022877 
4529.766500  	-0.022530 
4531.198158  	-0.022673 
4532.629817  	-0.022715 
4534.061475  	-0.022488 
4535.493133  	-0.022700 
4536.924791  	-0.023195 
4538.356449  	-0.023116 
4539.788107  	-0.022731 
4541.219766  	-0.022843 
4542.651424  	-0.022979 
4544.083082  	-0.022547 
4545.514740  	-0.022371 
4546.946398  	-0.023086 
4548.378057  	-0.023867 
4549.809715  	-0.023711 
4551.241373  	-0.022779 
4552.673031  	-0.022173 
4554.104689  	-0.022404 
4555.536347  	-0.022836 
4556.968006  	-0.022982 
4558.399664  	-0.022972 
4559.831322  	-0.022845 
4561.262980  	-0.022568 
4562.694638  	-0.022336 
4564.126297  	-0.022352 
4565.557955  	-0.022470 
4566.989613  	-0.022327 
4568.421271  	-0.021927 
4569.852929  	-0.021682 
4571.284588  	-0.022039 
4572.716246  	-0.022951 
4574.147904  	-0.023397 
4575.579562  	-0.022833 
4577.011220  	-0.022391 
4578.442878  	-0.022482 
4579.874537  	-0.022096 
4581.306195  	-0.021672 
4582.737853  	-0.022284 
4584.169511  	-0.023002 
4585.601169  	-0.022823 
4587.032828  	-0.022418 
4588.464486  	-0.022353 
4589.896144  	-0.022512 
4591.327802  	-0.022779 
4592.759460  	-0.022917 
4594.191118  	-0.022923 
4595.622777  	-0.023152 
4597.054435  	-0.023441 
4598.486093  	-0.023310 
4599.917751  	-0.022805 
4601.349409  	-0.022290 
4602.781068  	-0.022055 
4604.212726  	-0.022235 
4605.644384  	-0.022657 
4607.076042  	-0.023057 
4608.507700  	-0.023302 
4609.939359  	-0.023219 
4611.371017  	-0.022856 
4612.802675  	-0.022635 
4614.234333  	-0.022736 
4615.665991  	-0.022850 
4617.097649  	-0.022759 
4618.529308  	-0.022733 
4619.960966  	-0.023033 
4621.392624  	-0.023212 
4622.824282  	-0.022783 
4624.255940  	-0.022333 
4625.687599  	-0.022537 
4627.119257  	-0.022897 
4628.550915  	-0.022780 
4629.982573  	-0.022405 
4631.414231  	-0.022167 
4632.845890  	-0.022143 
4634.277548  	-0.022182 
4635.709206  	-0.022033 
4637.140864  	-0.021880 
4638.572522  	-0.022210 
4640.004180  	-0.022717 
4641.435839  	-0.022775 
4642.867497  	-0.022753 
4644.299155  	-0.022899 
4645.730813  	-0.022776 
4647.162471  	-0.022697 
4648.594130  	-0.022810 
4650.025788  	-0.022519 
4651.457446  	-0.022282 
4652.889104  	-0.022363 
4654.320762  	-0.022044 
4655.752420  	-0.021924 
4657.184079  	-0.022414 
4658.615737  	-0.022447 
4660.047395  	-0.022250 
4661.479053  	-0.022526 
4662.910711  	-0.022719 
4664.342370  	-0.022649 
4665.774028  	-0.022389 
4667.205686  	-0.022025 
4668.637344  	-0.022313 
4670.069002  	-0.023042 
4671.500661  	-0.023256 
4672.932319  	-0.023196 
4674.363977  	-0.023427 
4675.795635  	-0.023641 
4677.227293  	-0.023157 
4678.658951  	-0.022280 
4680.090610  	-0.022316 
4681.522268  	-0.023022 
4682.953926  	-0.023110 
4684.385584  	-0.023009 
4685.817242  	-0.023209 
4687.248901  	-0.023027 
4688.680559  	-0.022591 
4690.112217  	-0.022423 
4691.543875  	-0.022631 
4692.975533  	-0.023348 
4694.407192  	-0.023806 
4695.838850  	-0.023048 
4697.270508  	-0.022023 
4698.702166  	-0.022046 
4700.133824  	-0.022648 
4701.565482  	-0.022896 
4702.997141  	-0.022824 
4704.428799  	-0.022848 
4705.860457  	-0.022948 
4707.292115  	-0.022746 
4708.723773  	-0.022400 
4710.155432  	-0.022664 
4711.587090  	-0.023220 
4713.018748  	-0.022944 
4714.450406  	-0.022295 
4715.882064  	-0.022459 
4717.313722  	-0.023122 
4718.745381  	-0.023657 
4720.177039  	-0.024037 
4721.608697  	-0.023811 
4723.040355  	-0.023020 
4724.472013  	-0.022798 
4725.903672  	-0.023128 
4727.335330  	-0.023148 
4728.766988  	-0.023292 
4730.198646  	-0.023582 
4731.630304  	-0.023189 
4733.061963  	-0.022969 
4734.493621  	-0.023462 
4735.925279  	-0.023515 
4737.356937  	-0.023296 
4738.788595  	-0.023164 
4740.220253  	-0.022555 
4741.651912  	-0.022618 
4743.083570  	-0.023721 
4744.515228  	-0.023833 
4745.946886  	-0.023068 
4747.378544  	-0.023060 
4748.810203  	-0.023410 
4750.241861  	-0.023404 
4751.673519  	-0.023330 
4753.105177  	-0.023357 
4754.536835  	-0.023492 
4755.968493  	-0.023719 
4757.400152  	-0.023593 
4758.831810  	-0.022744 
4760.263468  	-0.021988 
4761.695126  	-0.022314 
4763.126784  	-0.023198 
4764.558443  	-0.023680 
4765.990101  	-0.023451 
4767.421759  	-0.022665 
4768.853417  	-0.022150 
4770.285075  	-0.022212 
4771.716734  	-0.022297 
4773.148392  	-0.022651 
4774.580050  	-0.023437 
4776.011708  	-0.023789 
4777.443366  	-0.023517 
4778.875024  	-0.023206 
4780.306683  	-0.023028 
4781.738341  	-0.023000 
4783.169999  	-0.023196 
4784.601657  	-0.023313 
4786.033315  	-0.023143 
4787.464974  	-0.023196 
4788.896632  	-0.023443 
4790.328290  	-0.023166 
4791.759948  	-0.022961 
4793.191606  	-0.023535 
4794.623265  	-0.023905 
4796.054923  	-0.023548 
4797.486581  	-0.023245 
4798.918239  	-0.023418 
4800.349897  	-0.023690 
4801.781555  	-0.023472 
4803.213214  	-0.023114 
4804.644872  	-0.023388 
4806.076530  	-0.023767 
4807.508188  	-0.023620 
4808.939846  	-0.023403 
4810.371505  	-0.023271 
4811.803163  	-0.023016 
4813.234821  	-0.023080 
4814.666479  	-0.023680 
4816.098137  	-0.024044 
4817.529795  	-0.023830 
4818.961454  	-0.023578 
4820.393112  	-0.023385 
4821.824770  	-0.023312 
4823.256428  	-0.023470 
4824.688086  	-0.023362 
4826.119745  	-0.023333 
4827.551403  	-0.023604 
4828.983061  	-0.023177 
4830.414719  	-0.022714 
4831.846377  	-0.023184 
4833.278036  	-0.023460 
4834.709694  	-0.023241 
4836.141352  	-0.023145 
4837.573010  	-0.023290 
4839.004668  	-0.023704 
4840.436326  	-0.023509 
4841.867985  	-0.022773 
4843.299643  	-0.022961 
4844.731301  	-0.023615 
4846.162959  	-0.023782 
4847.594617  	-0.023426 
4849.026276  	-0.022604 
4850.457934  	-0.022712 
4851.889592  	-0.023700 
4853.321250  	-0.023220 
4854.752908  	-0.022080 
4856.184567  	-0.022501 
4857.616225  	-0.023507 
4859.047883  	-0.023660 
4860.479541  	-0.023372 
4861.911199  	-0.023320 
4863.342857  	-0.023209 
4864.774516  	-0.022896 
4866.206174  	-0.023306 
4867.637832  	-0.024105 
4869.069490  	-0.023727 
4870.501148  	-0.022731 
4871.932807  	-0.022949 
4873.364465  	-0.024172 
4874.796123  	-0.024491 
4876.227781  	-0.023746 
4877.659439  	-0.023621 
4879.091097  	-0.023727 
4880.522756  	-0.023005 
4881.954414  	-0.022655 
4883.386072  	-0.022926 
4884.817730  	-0.023144 
4886.249388  	-0.023701 
4887.681047  	-0.023657 
4889.112705  	-0.022649 
4890.544363  	-0.022736 
4891.976021  	-0.023637 
4893.407679  	-0.023377 
4894.839338  	-0.022776 
4896.270996  	-0.023049 
4897.702654  	-0.023361 
4899.134312  	-0.023218 
4900.565970  	-0.023178 
4901.997628  	-0.023394 
4903.429287  	-0.023615 
4904.860945  	-0.023599 
4906.292603  	-0.023365 
4907.724261  	-0.023463 
4909.155919  	-0.023757 
4910.587578  	-0.023512 
4912.019236  	-0.023101 
4913.450894  	-0.022993 
4914.882552  	-0.022949 
4916.314210  	-0.022916 
4917.745869  	-0.022735 
4919.177527  	-0.022661 
4920.609185  	-0.023104 
4922.040843  	-0.023404 
4923.472501  	-0.023544 
4924.904159  	-0.023963 
4926.335818  	-0.024119 
4927.767476  	-0.024178 
4929.199134  	-0.024506 
4930.630792  	-0.024560 
4932.062450  	-0.024184 
4933.494109  	-0.023555 
4934.925767  	-0.023261 
4936.357425  	-0.023730 
4937.789083  	-0.024090 
4939.220741  	-0.023954 
4940.652399  	-0.023552 
4942.084058  	-0.023009 
4943.515716  	-0.023222 
4944.947374  	-0.024040 
4946.379032  	-0.024173 
4947.810690  	-0.023559 
4949.242349  	-0.022791 
4950.674007  	-0.022750 
4952.105665  	-0.023543 
4953.537323  	-0.023696 
4954.968981  	-0.023166 
4956.400640  	-0.023141 
4957.832298  	-0.023514 
4959.263956  	-0.023773 
4960.695614  	-0.023776 
4962.127272  	-0.023748 
4963.558930  	-0.023703 
4964.990589  	-0.023414 
4966.422247  	-0.023442 
4967.853905  	-0.023493 
4969.285563  	-0.023104 
4970.717221  	-0.023345 
4972.148880  	-0.023491 
4973.580538  	-0.022717 
4975.012196  	-0.022691 
4976.443854  	-0.023097 
4977.875512  	-0.023155 
4979.307170  	-0.023794 
4980.738829  	-0.024029 
4982.170487  	-0.023450 
4983.602145  	-0.023434 
4985.033803  	-0.023471 
4986.465461  	-0.023131 
4987.897120  	-0.023145 
4989.328778  	-0.023395 
4990.760436  	-0.023575 
4992.192094  	-0.023796 
4993.623752  	-0.024320 
4995.055411  	-0.024585 
4996.487069  	-0.024017 
4997.918727  	-0.023789 
4999.350385  	-0.023996 
5000.782043  	-0.023614 
5002.213701  	-0.023405 
5003.645360  	-0.023639 
5005.077018  	-0.024046 
5006.508676  	-0.024819 
5007.940334  	-0.024682 
5009.371992  	-0.023780 
5010.803651  	-0.023831 
5012.235309  	-0.023947 
5013.666967  	-0.023605 
5015.098625  	-0.024053 
5016.530283  	-0.024599 
5017.961942  	-0.024253 
5019.393600  	-0.024116 
5020.825258  	-0.024630 
5022.256916  	-0.024216 
5023.688574  	-0.022833 
5025.120232  	-0.022659 
5026.551891  	-0.023666 
5027.983549  	-0.024250 
5029.415207  	-0.024400 
5030.846865  	-0.024149 
5032.278523  	-0.023816 
5033.710182  	-0.023905 
5035.141840  	-0.023517 
5036.573498  	-0.023106 
5038.005156  	-0.023612 
5039.436814  	-0.023898 
5040.868472  	-0.024081 
5042.300131  	-0.024556 
5043.731789  	-0.024027 
5045.163447  	-0.023310 
5046.595105  	-0.023867 
5048.026763  	-0.024393 
5049.458422  	-0.024100 
5050.890080  	-0.023894 
5052.321738  	-0.023593 
5053.753396  	-0.022886 
5055.185054  	-0.023007 
5056.616713  	-0.023906 
5058.048371  	-0.023976 
5059.480029  	-0.023754 
5060.911687  	-0.024047 
5062.343345  	-0.024105 
5063.775003  	-0.024305 
5065.206662  	-0.024404 
5066.638320  	-0.023525 
5068.069978  	-0.023182 
5069.501636  	-0.023621 
5070.933294  	-0.023471 
5072.364953  	-0.023305 
5073.796611  	-0.023358 
5075.228269  	-0.023551 
5076.659927  	-0.024328 
5078.091585  	-0.024585 
5079.523244  	-0.024262 
5080.954902  	-0.024422 
5082.386560  	-0.024413 
5083.818218  	-0.024099 
5085.249876  	-0.023837 
5086.681534  	-0.023509 
5088.113193  	-0.023717 
5089.544851  	-0.023957 
5090.976509  	-0.023789 
5092.408167  	-0.024187 
5093.839825  	-0.024250 
5095.271484  	-0.023342 
5096.703142  	-0.023160 
5098.134800  	-0.023865 
5099.566458  	-0.024580 
5100.998116  	-0.024864 
5102.429774  	-0.024143 
5103.861433  	-0.023440 
5105.293091  	-0.023865 
5106.724749  	-0.024304 
5108.156407  	-0.023663 
5109.588065  	-0.022579 
5111.019724  	-0.022594 
5112.451382  	-0.023371 
5113.883040  	-0.023127 
5115.314698  	-0.023125 
5116.746356  	-0.024329 
5118.178015  	-0.024190 
5119.609673  	-0.023410 
5121.041331  	-0.024382 
5122.472989  	-0.024701 
5123.904647  	-0.023098 
5125.336305  	-0.022171 
5126.767964  	-0.022524 
5128.199622  	-0.022885 
5129.631280  	-0.022833 
5131.062938  	-0.022882 
5132.494596  	-0.023802 
5133.926255  	-0.024745 
5135.357913  	-0.024363 
5136.789571  	-0.023535 
5138.221229  	-0.023751 
5139.652887  	-0.024650 
5141.084546  	-0.024801 
5142.516204  	-0.023934 
5143.947862  	-0.023302 
5145.379520  	-0.023744 
5146.811178  	-0.024551 
5148.242836  	-0.024411 
5149.674495  	-0.023845 
5151.106153  	-0.024289 
5152.537811  	-0.024370 
5153.969469  	-0.023325 
5155.401127  	-0.023292 
5156.832786  	-0.023603 
5158.264444  	-0.022766 
5159.696102  	-0.022435 
5161.127760  	-0.022848 
5162.559418  	-0.023335 
5163.991076  	-0.023762 
5165.422735  	-0.023145 
5166.854393  	-0.022958 
5168.286051  	-0.023917 
5169.717709  	-0.023698 
5171.149367  	-0.023525 
5172.581026  	-0.024594 
5174.012684  	-0.024335 
5175.444342  	-0.023533 
5176.876000  	-0.023754 
5178.307658  	-0.023666 
5179.739317  	-0.023427 
5181.170975  	-0.023326 
5182.602633  	-0.022918 
5184.034291  	-0.023240 
5185.465949  	-0.024122 
5186.897607  	-0.024191 
5188.329266  	-0.023882 
5189.760924  	-0.023682 
5191.192582  	-0.023091 
5192.624240  	-0.022890 
5194.055898  	-0.023971 
5195.487557  	-0.024308 
5196.919215  	-0.023182 
5198.350873  	-0.023701 
5199.782531  	-0.024966 
5201.214189  	-0.023916 
5202.645847  	-0.022815 
5204.077506  	-0.023425 
5205.509164  	-0.024036 
5206.940822  	-0.024216 
5208.372480  	-0.024220 
5209.804138  	-0.024300 
5211.235797  	-0.024553 
5212.667455  	-0.024575 
5214.099113  	-0.024835 
5215.530771  	-0.024751 
5216.962429  	-0.023629 
5218.394088  	-0.023024 
5219.825746  	-0.023163 
5221.257404  	-0.023596 
5222.689062  	-0.024633 
5224.120720  	-0.024797 
5225.552378  	-0.024242 
5226.984037  	-0.024340 
5228.415695  	-0.023895 
5229.847353  	-0.023725 
5231.279011  	-0.024496 
5232.710669  	-0.023668 
5234.142328  	-0.022432 
5235.573986  	-0.023419 
5237.005644  	-0.024619 
5238.437302  	-0.024556 
5239.868960  	-0.024727 
5241.300619  	-0.025555 
5242.732277  	-0.025660 
5244.163935  	-0.024576 
5245.595593  	-0.024027 
5247.027251  	-0.024465 
5248.458909  	-0.024091 
5249.890568  	-0.023421 
5251.322226  	-0.024098 
5252.753884  	-0.024817 
5254.185542  	-0.024418 
5255.617200  	-0.023809 
5257.048859  	-0.023612 
5258.480517  	-0.023727 
5259.912175  	-0.024524 
5261.343833  	-0.025028 
5262.775491  	-0.024134 
5264.207149  	-0.023432 
5265.638808  	-0.023903 
5267.070466  	-0.024531 
5268.502124  	-0.024788 
5269.933782  	-0.024062 
5271.365440  	-0.023378 
5272.797099  	-0.024239 
5274.228757  	-0.024797 
5275.660415  	-0.024188 
5277.092073  	-0.024314 
5278.523731  	-0.024969 
5279.955390  	-0.025013 
5281.387048  	-0.025010 
5282.818706  	-0.025426 
5284.250364  	-0.025860 
5285.682022  	-0.025615 
5287.113680  	-0.024624 
5288.545339  	-0.023637 
5289.976997  	-0.023206 
5291.408655  	-0.023544 
5292.840313  	-0.023851 
5294.271971  	-0.023881 
5295.703630  	-0.024352 
5297.135288  	-0.024922 
5298.566946  	-0.025258 
5299.998604  	-0.024958 
5301.430262  	-0.023670 
5302.861921  	-0.023605 
5304.293579  	-0.025081 
5305.725237  	-0.025216 
5307.156895  	-0.024520 
5308.588553  	-0.024861 
5310.020211  	-0.025357 
5311.451870  	-0.025262 
5312.883528  	-0.024601 
5314.315186  	-0.024001 
5315.746844  	-0.024078 
5317.178502  	-0.024016 
5318.610161  	-0.023720 
5320.041819  	-0.023499 
5321.473477  	-0.023588 
5322.905135  	-0.024960 
5324.336793  	-0.025816 
5325.768451  	-0.024352 
5327.200110  	-0.023036 
5328.631768  	-0.023036 
5330.063426  	-0.022810 
5331.495084  	-0.022742 
5332.926742  	-0.023531 
5334.358401  	-0.024410 
5335.790059  	-0.024338 
5337.221717  	-0.023709 
5338.653375  	-0.024105 
5340.085033  	-0.024874 
5341.516692  	-0.024492 
5342.948350  	-0.024133 
5344.380008  	-0.024090 
5345.811666  	-0.023933 
5347.243324  	-0.024422 
5348.674982  	-0.025289 
5350.106641  	-0.025848 
5351.538299  	-0.026034 
5352.969957  	-0.025504 
5354.401615  	-0.024409 
5355.833273  	-0.024200 
5357.264932  	-0.024487 
5358.696590  	-0.024241 
5360.128248  	-0.024132 
5361.559906  	-0.024290 
5362.991564  	-0.024059 
5364.423222  	-0.024338 
5365.854881  	-0.024996 
5367.286539  	-0.024530 
5368.718197  	-0.023949 
5370.149855  	-0.024181 
5371.581513  	-0.024285 
5373.013172  	-0.024545 
5374.444830  	-0.025459 
5375.876488  	-0.025881 
5377.308146  	-0.025190 
5378.739804  	-0.024694 
5380.171463  	-0.025313 
5381.603121  	-0.025562 
5383.034779  	-0.024800 
5384.466437  	-0.024316 
5385.898095  	-0.024169 
5387.329753  	-0.024573 
5388.761412  	-0.025634 
5390.193070  	-0.025569 
5391.624728  	-0.024683 
5393.056386  	-0.024094 
5394.488044  	-0.023218 
5395.919703  	-0.023522 
5397.351361  	-0.024924 
5398.783019  	-0.025040 
5400.214677  	-0.024672 
5401.646335  	-0.024617 
5403.077994  	-0.024087 
5404.509652  	-0.023799 
5405.941310  	-0.023963 
5407.372968  	-0.024116 
5408.804626  	-0.024152 
5410.236284  	-0.024116 
5411.667943  	-0.024972 
5413.099601  	-0.025869 
5414.531259  	-0.025306 
5415.962917  	-0.024525 
5417.394575  	-0.024339 
5418.826234  	-0.024875 
5420.257892  	-0.026286 
5421.689550  	-0.026436 
5423.121208  	-0.025102 
5424.552866  	-0.024638 
5425.984524  	-0.024898 
5427.416183  	-0.024456 
5428.847841  	-0.023431 
5430.279499  	-0.023276 
5431.711157  	-0.024177 
5433.142815  	-0.024589 
5434.574474  	-0.024836 
5436.006132  	-0.025163 
5437.437790  	-0.024670 
5438.869448  	-0.024334 
5440.301106  	-0.024442 
5441.732765  	-0.024263 
5443.164423  	-0.024118 
5444.596081  	-0.023685 
5446.027739  	-0.023467 
5447.459397  	-0.024176 
5448.891055  	-0.023972 
5450.322714  	-0.023504 
5451.754372  	-0.024380 
5453.186030  	-0.024819 
5454.617688  	-0.024629 
5456.049346  	-0.025033 
5457.481005  	-0.025486 
5458.912663  	-0.025393 
5460.344321  	-0.024511 
5461.775979  	-0.023308 
5463.207637  	-0.023202 
5464.639296  	-0.023641 
5466.070954  	-0.023424 
5467.502612  	-0.023015 
5468.934270  	-0.023411 
5470.365928  	-0.023877 
5471.797586  	-0.023161 
5473.229245  	-0.022990 
5474.660903  	-0.024409 
5476.092561  	-0.024716 
5477.524219  	-0.023463 
5478.955877  	-0.023521 
5480.387536  	-0.024555 
5481.819194  	-0.024900 
5483.250852  	-0.024544 
5484.682510  	-0.024506 
5486.114168  	-0.024624 
5487.545826  	-0.024131 
5488.977485  	-0.023976 
5490.409143  	-0.025073 
5491.840801  	-0.026164 
5493.272459  	-0.026081 
5494.704117  	-0.025219 
5496.135776  	-0.024938 
5497.567434  	-0.024668 
5498.999092  	-0.023739 
5500.430750  	-0.023973 
5501.862408  	-0.025024 
5503.294067  	-0.025105 
5504.725725  	-0.025590 
5506.157383  	-0.026006 
5507.589041  	-0.024479 
5509.020699  	-0.023487 
5510.452357  	-0.024741 
5511.884016  	-0.025715 
5513.315674  	-0.024931 
5514.747332  	-0.024013 
5516.178990  	-0.025058 
5517.610648  	-0.026477 
5519.042307  	-0.026025 
5520.473965  	-0.025319 
5521.905623  	-0.025137 
5523.337281  	-0.024740 
5524.768939  	-0.024656 
5526.200598  	-0.024909 
5527.632256  	-0.025410 
5529.063914  	-0.025722 
5530.495572  	-0.024757 
5531.927230  	-0.023695 
5533.358888  	-0.023296 
5534.790547  	-0.022649 
5536.222205  	-0.022815 
5537.653863  	-0.023955 
5539.085521  	-0.023937 
5540.517179  	-0.023227 
5541.948838  	-0.023666 
5543.380496  	-0.024489 
5544.812154  	-0.024755 
5546.243812  	-0.025534 
5547.675470  	-0.026178 
5549.107128  	-0.025100 
5550.538787  	-0.024231 
5551.970445  	-0.023902 
5553.402103  	-0.022610 
5554.833761  	-0.023151 
5556.265419  	-0.025098 
5557.697078  	-0.024519 
5559.128736  	-0.024229 
5560.560394  	-0.025445 
5561.992052  	-0.024298 
5563.423710  	-0.022950 
5564.855369  	-0.023811 
5566.287027  	-0.023804 
5567.718685  	-0.022824 
5569.150343  	-0.023145 
5570.582001  	-0.024621 
5572.013659  	-0.026061 
5573.445318  	-0.026237 
5574.876976  	-0.025507 
5576.308634  	-0.025033 
5577.740292  	-0.024444 
5579.171950  	-0.023903 
5580.603609  	-0.024547 
5582.035267  	-0.025516 
5583.466925  	-0.024867 
5584.898583  	-0.022970 
5586.330241  	-0.022393 
5587.761899  	-0.023940 
5589.193558  	-0.025651 
5590.625216  	-0.026377 
5592.056874  	-0.026431 
5593.488532  	-0.025930 
5594.920190  	-0.025358 
5596.351849  	-0.024985 
5597.783507  	-0.023796 
5599.215165  	-0.022335 
5600.646823  	-0.022862 
5602.078481  	-0.024666 
5603.510140  	-0.024944 
5604.941798  	-0.023836 
5606.373456  	-0.023487 
5607.805114  	-0.024109 
5609.236772  	-0.024025 
5610.668430  	-0.023394 
5612.100089  	-0.023857 
5613.531747  	-0.024217 
5614.963405  	-0.023532 
5616.395063  	-0.023965 
5617.826721  	-0.024826 
5619.258380  	-0.023848 
5620.690038  	-0.022849 
5622.121696  	-0.023407 
5623.553354  	-0.024320 
5624.985012  	-0.024842 
5626.416671  	-0.025161 
5627.848329  	-0.025463 
5629.279987  	-0.025482 
5630.711645  	-0.025015 
5632.143303  	-0.024418 
5633.574961  	-0.024121 
5635.006620  	-0.025376 
5636.438278  	-0.027063 
5637.869936  	-0.025763 
5639.301594  	-0.023531 
5640.733252  	-0.023630 
5642.164911  	-0.023950 
5643.596569  	-0.023996 
5645.028227  	-0.024583 
5646.459885  	-0.024001 
5647.891543  	-0.023281 
5649.323201  	-0.023548 
5650.754860  	-0.022685 
5652.186518  	-0.022079 
5653.618176  	-0.024148 
5655.049834  	-0.026020 
5656.481492  	-0.025839 
5657.913151  	-0.025653 
5659.344809  	-0.025053 
5660.776467  	-0.023788 
5662.208125  	-0.024533 
5663.639783  	-0.025448 
5665.071442  	-0.024049 
5666.503100  	-0.023803 
5667.934758  	-0.024916 
5669.366416  	-0.024626 
5670.798074  	-0.024436 
5672.229732  	-0.024326 
5673.661391  	-0.023991 
5675.093049  	-0.024952 
5676.524707  	-0.024878 
5677.956365  	-0.023814 
5679.388023  	-0.024744 
5680.819682  	-0.025753 
5682.251340  	-0.025831 
5683.682998  	-0.026028 
5685.114656  	-0.025577 
5686.546314  	-0.025529 
5687.977973  	-0.025760 
5689.409631  	-0.025270 
5690.841289  	-0.025834 
5692.272947  	-0.026198 
5693.704605  	-0.024599 
5695.136263  	-0.023706 
5696.567922  	-0.024128 
5697.999580  	-0.024685 
5699.431238  	-0.025466 
5700.862896  	-0.025596 
5702.294554  	-0.024718 
5703.726213  	-0.024006 
5705.157871  	-0.024473 
5706.589529  	-0.025531 
5708.021187  	-0.025360 
5709.452845  	-0.024215 
5710.884503  	-0.023426 
5712.316162  	-0.023504 
5713.747820  	-0.024727 
5715.179478  	-0.025161 
5716.611136  	-0.023439 
5718.042794  	-0.022317 
5719.474453  	-0.023421 
5720.906111  	-0.024787 
5722.337769  	-0.025000 
5723.769427  	-0.025280 
5725.201085  	-0.026567 
5726.632744  	-0.026320 
5728.064402  	-0.024390 
5729.496060  	-0.024403 
5730.927718  	-0.025189 
5732.359376  	-0.024277 
5733.791034  	-0.023717 
5735.222693  	-0.024081 
5736.654351  	-0.024272 
5738.086009  	-0.024689 
5739.517667  	-0.025453 
5740.949325  	-0.025886 
5742.380984  	-0.025122 
5743.812642  	-0.024305 
5745.244300  	-0.025257 
5746.675958  	-0.025928 
5748.107616  	-0.025515 
5749.539275  	-0.026471 
5750.970933  	-0.027772 
5752.402591  	-0.026867 
5753.834249  	-0.024531 
5755.265907  	-0.023078 
5756.697565  	-0.023546 
5758.129224  	-0.024596 
5759.560882  	-0.024772 
5760.992540  	-0.024173 
5762.424198  	-0.023302 
5763.855856  	-0.023212 
5765.287515  	-0.024097 
5766.719173  	-0.024864 
5768.150831  	-0.025297 
5769.582489  	-0.024965 
5771.014147  	-0.024225 
5772.445805  	-0.024865 
5773.877464  	-0.025358 
5775.309122  	-0.023776 
5776.740780  	-0.023438 
5778.172438  	-0.025849 
5779.604096  	-0.027106 
5781.035755  	-0.026268 
5782.467413  	-0.026148 
5783.899071  	-0.026102 
5785.330729  	-0.025189 
5786.762387  	-0.025090 
5788.194046  	-0.024920 
5789.625704  	-0.023991 
5791.057362  	-0.023664 
5792.489020  	-0.023062 
5793.920678  	-0.023248 
5795.352336  	-0.025263 
5796.783995  	-0.024938 
5798.215653  	-0.023097 
5799.647311  	-0.023966 
5801.078969  	-0.025285 
5802.510627  	-0.025817 
5803.942286  	-0.026364 
5805.373944  	-0.025368 
5806.805602  	-0.024746 
5808.237260  	-0.026321 
5809.668918  	-0.027543 
5811.100576  	-0.026711 
5812.532235  	-0.023657 
5813.963893  	-0.021058 
5815.395551  	-0.022322 
5816.827209  	-0.025064 
5818.258867  	-0.026559 
5819.690526  	-0.027254 
5821.122184  	-0.026204 
5822.553842  	-0.024393 
5823.985500  	-0.024826 
5825.417158  	-0.026234 
5826.848817  	-0.026028 
5828.280475  	-0.025245 
5829.712133  	-0.024704 
5831.143791  	-0.023766 
5832.575449  	-0.024106 
5834.007107  	-0.025144 
5835.438766  	-0.023660 
5836.870424  	-0.022782 
5838.302082  	-0.024816 
5839.733740  	-0.024898 
5841.165398  	-0.023664 
5842.597057  	-0.023757 
5844.028715  	-0.022983 
5845.460373  	-0.023366 
5846.892031  	-0.025233 
5848.323689  	-0.025288 
5849.755348  	-0.026170 
5851.187006  	-0.026867 
5852.618664  	-0.024520 
5854.050322  	-0.024148 
5855.481980  	-0.025046 
5856.913638  	-0.023588 
5858.345297  	-0.023652 
5859.776955  	-0.023785 
5861.208613  	-0.021585 
5862.640271  	-0.021922 
5864.071929  	-0.024190 
5865.503588  	-0.025497 
5866.935246  	-0.027364 
5868.366904  	-0.027809 
5869.798562  	-0.025845 
5871.230220  	-0.024824 
5872.661878  	-0.025002 
5874.093537  	-0.025309 
5875.525195  	-0.025112 
5876.956853  	-0.023391 
5878.388511  	-0.022649 
5879.820169  	-0.024253 
5881.251828  	-0.024205 
5882.683486  	-0.021598 
5884.115144  	-0.020269 
5885.546802  	-0.021754 
5886.978460  	-0.025164 
5888.410119  	-0.028271 
5889.841777  	-0.028296 
5891.273435  	-0.026608 
5892.705093  	-0.025689 
5894.136751  	-0.024799 
5895.568409  	-0.024647 
5897.000068  	-0.025976 
5898.431726  	-0.025918 
5899.863384  	-0.024847 
5901.295042  	-0.025226 
5902.726700  	-0.025562 
5904.158359  	-0.024647 
5905.590017  	-0.023760 
5907.021675  	-0.023547 
5908.453333  	-0.024136 
5909.884991  	-0.024759 
5911.316650  	-0.025198 
5912.748308  	-0.025924 
5914.179966  	-0.025109 
5915.611624  	-0.022882 
5917.043282  	-0.022619 
5918.474940  	-0.023649 
5919.906599  	-0.023681 
5921.338257  	-0.023563 
5922.769915  	-0.023855 
5924.201573  	-0.024669 
5925.633231  	-0.026342 
5927.064890  	-0.027008 
5928.496548  	-0.026330 
5929.928206  	-0.026106 
5931.359864  	-0.025597 
5932.791522  	-0.024779 
5934.223180  	-0.025784 
5935.654839  	-0.026587 
5937.086497  	-0.025352 
5938.518155  	-0.025340 
5939.949813  	-0.026553 
5941.381471  	-0.026200 
5942.813130  	-0.025633 
5944.244788  	-0.025348 
5945.676446  	-0.024204 
5947.108104  	-0.023727 
5948.539762  	-0.023354 
5949.971421  	-0.022388 
5951.403079  	-0.024182 
5952.834737  	-0.027625 
5954.266395  	-0.027657 
5955.698053  	-0.024829 
5957.129711  	-0.022857 
5958.561370  	-0.023002 
5959.993028  	-0.024285 
5961.424686  	-0.024707 
5962.856344  	-0.024542 
5964.288002  	-0.025229 
5965.719661  	-0.024695 
5967.151319  	-0.022000 
5968.582977  	-0.021463 
5970.014635  	-0.024105 
5971.446293  	-0.025550 
5972.877951  	-0.025859 
5974.309610  	-0.027229 
5975.741268  	-0.027738 
5977.172926  	-0.026500 
5978.604584  	-0.024035 
5980.036242  	-0.021143 
5981.467901  	-0.022118 
5982.899559  	-0.026329 
5984.331217  	-0.027742 
5985.762875  	-0.026635 
5987.194533  	-0.024847 
5988.626192  	-0.022691 
5990.057850  	-0.023427 
5991.489508  	-0.024937 
5992.921166  	-0.023606 
5994.352824  	-0.023353 
5995.784482  	-0.025579 
5997.216141  	-0.027411 
5998.647799  	-0.027817 
6000.079457  	-0.026194 
6001.511115  	-0.024709 
6002.942773  	-0.024919 
6004.374432  	-0.024703 
6005.806090  	-0.024272 
6007.237748  	-0.023485 
6008.669406  	-0.022040 
6010.101064  	-0.024020 
6011.532723  	-0.027567 
6012.964381  	-0.026622 
6014.396039  	-0.024228 
6015.827697  	-0.025456 
6017.259355  	-0.028153 
6018.691013  	-0.028679 
6020.122672  	-0.026564 
6021.554330  	-0.023511 
6022.985988  	-0.022505 
6024.417646  	-0.024627 
6025.849304  	-0.025186 
6027.280963  	-0.022276 
6028.712621  	-0.022455 
6030.144279  	-0.024852 
6031.575937  	-0.023166 
6033.007595  	-0.022864 
6034.439253  	-0.026349 
6035.870912  	-0.026030 
6037.302570  	-0.023571 
6038.734228  	-0.023864 
6040.165886  	-0.024931 
6041.597544  	-0.026050 
6043.029203  	-0.026354 
6044.460861  	-0.025762 
6045.892519  	-0.027246 
6047.324177  	-0.028526 
6048.755835  	-0.027647 
6050.187494  	-0.026900 
6051.619152  	-0.024805 
6053.050810  	-0.021828 
6054.482468  	-0.022433 
6055.914126  	-0.024985 
6057.345784  	-0.025610 
6058.777443  	-0.024361 
6060.209101  	-0.022565 
6061.640759  	-0.022944 
6063.072417  	-0.025063 
6064.504075  	-0.024892 
6065.935734  	-0.024325 
6067.367392  	-0.026708 
6068.799050  	-0.028860 
6070.230708  	-0.028701 
6071.662366  	-0.026337 
6073.094025  	-0.022831 
6074.525683  	-0.022734 
6075.957341  	-0.025663 
6077.388999  	-0.025911 
6078.820657  	-0.024588 
6080.252315  	-0.024552 
6081.683974  	-0.025122 
6083.115632  	-0.026269 
6084.547290  	-0.025780 
6085.978948  	-0.022711 
6087.410606  	-0.020825 
6088.842265  	-0.021469 
6090.273923  	-0.023073 
6091.705581  	-0.022964 
6093.137239  	-0.021835 
6094.568897  	-0.024004 
6096.000555  	-0.025210 
6097.432214  	-0.021273 
6098.863872  	-0.021410 
6100.295530  	-0.026625 
6101.727188  	-0.027640 
6103.158846  	-0.025988 
6104.590505  	-0.024979 
6106.022163  	-0.022876 
6107.453821  	-0.021746 
6108.885479  	-0.022859 
6110.317137  	-0.024145 
6111.748796  	-0.025584 
6113.180454  	-0.027826 
6114.612112  	-0.028775 
6116.043770  	-0.026093 
6117.475428  	-0.024173 
6118.907086  	-0.027274 
6120.338745  	-0.028225 
6121.770403  	-0.022817 
6123.202061  	-0.019544 
6124.633719  	-0.021765 
6126.065377  	-0.023041 
6127.497036  	-0.022015 
6128.928694  	-0.023173 
6130.360352  	-0.024507 
6131.792010  	-0.023247 
6133.223668  	-0.024520 
6134.655327  	-0.027177 
6136.086985  	-0.025467 
6137.518643  	-0.024315 
6138.950301  	-0.025378 
6140.381959  	-0.024699 
6141.813617  	-0.025252 
6143.245276  	-0.024624 
6144.676934  	-0.020463 
6146.108592  	-0.022101 
6147.540250  	-0.027540 
6148.971908  	-0.027614 
6150.403567  	-0.027035 
6151.835225  	-0.029219 
6153.266883  	-0.030042 
6154.698541  	-0.028662 
6156.130199  	-0.025654 
6157.561857  	-0.022675 
6158.993516  	-0.022117 
6160.425174  	-0.023934 
6161.856832  	-0.026053 
6163.288490  	-0.025532 
6164.720148  	-0.024350 
6166.151807  	-0.026945 
6167.583465  	-0.028956 
6169.015123  	-0.025759 
6170.446781  	-0.022876 
6171.878439  	-0.024801 
6173.310098  	-0.027414 
6174.741756  	-0.026431 
6176.173414  	-0.024094 
6177.605072  	-0.023913 
6179.036730  	-0.024278 
6180.468388  	-0.023365 
6181.900047  	-0.023198 
6183.331705  	-0.024907 
6184.763363  	-0.026720 
6186.195021  	-0.025814 
6187.626679  	-0.022037 
6189.058338  	-0.020976 
6190.489996  	-0.024885 
6191.921654  	-0.026581 
6193.353312  	-0.022637 
6194.784970  	-0.019808 
6196.216628  	-0.022613 
6197.648287  	-0.027157 
6199.079945  	-0.027882 
6200.511603  	-0.024130 
6201.943261  	-0.019952 
6203.374919  	-0.019424 
6204.806578  	-0.022844 
6206.238236  	-0.026994 
6207.669894  	-0.028637 
6209.101552  	-0.027769 
6210.533210  	-0.026239 
6211.964869  	-0.024840 
6213.396527  	-0.024399 
6214.828185  	-0.025179 
6216.259843  	-0.025299 
6217.691501  	-0.024188 
6219.123159  	-0.023911 
6220.554818  	-0.025214 
6221.986476  	-0.025549 
6223.418134  	-0.022769 
6224.849792  	-0.020688 
6226.281450  	-0.023365 
6227.713109  	-0.026490 
6229.144767  	-0.025132 
6230.576425  	-0.021648 
6232.008083  	-0.020992 
6233.439741  	-0.024259 
6234.871400  	-0.025773 
6236.303058  	-0.023577 
6237.734716  	-0.024887 
6239.166374  	-0.029200 
6240.598032  	-0.030139 
6242.029690  	-0.030490 
6243.461349  	-0.029369 
6244.893007  	-0.022982 
6246.324665  	-0.019721 
6247.756323  	-0.023126 
6249.187981  	-0.025166 
6250.619640  	-0.024803 
6252.051298  	-0.024892 
6253.482956  	-0.024094 
6254.914614  	-0.022247 
6256.346272  	-0.020363 
6257.777930  	-0.020264 
6259.209589  	-0.023726 
6260.641247  	-0.027817 
6262.072905  	-0.027624 
6263.504563  	-0.023328 
6264.936221  	-0.020425 
6266.367880  	-0.021876 
6267.799538  	-0.023651 
6269.231196  	-0.022878 
6270.662854  	-0.022410 
6272.094512  	-0.023156 
6273.526171  	-0.024100 
6274.957829  	-0.025964 
6276.389487  	-0.027782 
6277.821145  	-0.028147 
6279.252803  	-0.028162 
6280.684461  	-0.027245 
6282.116120  	-0.024685 
6283.547778  	-0.023637 
6284.979436  	-0.024380 
6286.411094  	-0.023653 
6287.842752  	-0.022716 
6289.274411  	-0.023836 
6290.706069  	-0.023776 
6292.137727  	-0.021929 
6293.569385  	-0.023030 
6295.001043  	-0.025683 
6296.432702  	-0.025030 
6297.864360  	-0.023621 
6299.296018  	-0.023690 
6300.727676  	-0.023385 
6302.159334  	-0.025349 
6303.590992  	-0.028315 
6305.022651  	-0.028461 
6306.454309  	-0.029975 
6307.885967  	-0.030883 
6309.317625  	-0.025160 
6310.749283  	-0.022291 
6312.180942  	-0.026886 
6313.612600  	-0.029373 
6315.044258  	-0.028424 
6316.475916  	-0.025517 
6317.907574  	-0.021284 
6319.339232  	-0.022979 
6320.770891  	-0.027672 
6322.202549  	-0.027327 
6323.634207  	-0.026966 
6325.065865  	-0.027409 
6326.497523  	-0.024677 
6327.929182  	-0.023474 
6329.360840  	-0.024342 
6330.792498  	-0.024498 
6332.224156  	-0.026591 
6333.655814  	-0.027094 
6335.087473  	-0.022992 
6336.519131  	-0.022192 
6337.950789  	-0.026086 
6339.382447  	-0.027028 
6340.814105  	-0.024991 
6342.245763  	-0.024575 
6343.677422  	-0.025013 
6345.109080  	-0.024801 
6346.540738  	-0.024514 
6347.972396  	-0.023387 
6349.404054  	-0.021727 
6350.835713  	-0.023309 
6352.267371  	-0.028435 
6353.699029  	-0.031678 
6355.130687  	-0.031167 
6356.562345  	-0.027562 
6357.994003  	-0.022303 
6359.425662  	-0.022017 
6360.857320  	-0.027302 
6362.288978  	-0.029759 
6363.720636  	-0.028918 
6365.152294  	-0.028275 
6366.583953  	-0.026570 
6368.015611  	-0.025889 
6369.447269  	-0.026204 
6370.878927  	-0.024673 
6372.310585  	-0.023820 
6373.742244  	-0.022874 
6375.173902  	-0.021737 
6376.605560  	-0.024922 
6378.037218  	-0.027357 
6379.468876  	-0.024659 
6380.900534  	-0.023606 
6382.332193  	-0.025833 
6383.763851  	-0.027011 
6385.195509  	-0.025253 
6386.627167  	-0.022949 
6388.058825  	-0.024172 
6389.490484  	-0.025184 
6390.922142  	-0.024586 
6392.353800  	-0.027089 
6393.785458  	-0.026686 
6395.217116  	-0.023359 
6396.648775  	-0.026497 
6398.080433  	-0.028124 
6399.512091  	-0.023875 
6400.943749  	-0.025152 
6402.375407  	-0.028159 
6403.807065  	-0.025643 
6405.238724  	-0.024839 
6406.670382  	-0.026167 
6408.102040  	-0.025328 
6409.533698  	-0.024199 
6410.965356  	-0.024786 
6412.397015  	-0.028022 
6413.828673  	-0.030384 
6415.260331  	-0.027743 
6416.691989  	-0.025212 
6418.123647  	-0.024874 
6419.555305  	-0.022685 
6420.986964  	-0.021857 
6422.418622  	-0.023188 
6423.850280  	-0.022249 
6425.281938  	-0.023142 
6426.713596  	-0.026362 
6428.145255  	-0.025902 
6429.576913  	-0.025927 
6431.008571  	-0.028006 
6432.440229  	-0.026991 
6433.871887  	-0.026193 
6435.303546  	-0.026415 
6436.735204  	-0.025254 
6438.166862  	-0.026426 
6439.598520  	-0.026045 
6441.030178  	-0.022731 
6442.461836  	-0.026138 
6443.893495  	-0.031530 
6445.325153  	-0.028701 
6446.756811  	-0.023219 
6448.188469  	-0.020318 
6449.620127  	-0.020750 
6451.051786  	-0.024424 
6452.483444  	-0.027671 
6453.915102  	-0.031031 
6455.346760  	-0.034226 
6456.778418  	-0.031531 
6458.210077  	-0.028454 
6459.641735  	-0.030248 
6461.073393  	-0.028623 
6462.505051  	-0.023727 
6463.936709  	-0.023881 
6465.368367  	-0.025665 
6466.800026  	-0.025202 
6468.231684  	-0.025971 
6469.663342  	-0.026223 
6471.095000  	-0.025685 
6472.526658  	-0.027192 
6473.958317  	-0.026211 
6475.389975  	-0.024084 
6476.821633  	-0.028038 
6478.253291  	-0.031355 
6479.684949  	-0.028113 
6481.116607  	-0.025312 
6482.548266  	-0.026162 
6483.979924  	-0.026517 
6485.411582  	-0.022400 
6486.843240  	-0.019170 
6488.274898  	-0.024276 
6489.706557  	-0.029313 
6491.138215  	-0.028078 
6492.569873  	-0.027030 
6494.001531  	-0.025310 
6495.433189  	-0.022443 
6496.864848  	-0.022949 
6498.296506  	-0.024047 
6499.728164  	-0.025322 
6501.159822  	-0.026334 
6502.591480  	-0.024650 
6504.023138  	-0.025550 
6505.454797  	-0.026635 
6506.886455  	-0.023569 
6508.318113  	-0.023751 
6509.749771  	-0.025076 
6511.181429  	-0.024795 
6512.613088  	-0.026964 
6514.044746  	-0.025288 
6515.476404  	-0.022740 
6516.908062  	-0.027509 
6518.339720  	-0.028071 
6519.771379  	-0.023894 
6521.203037  	-0.027612 
6522.634695  	-0.030394 
6524.066353  	-0.025410 
6525.498011  	-0.023601 
6526.929669  	-0.025306 
6528.361328  	-0.023066 
6529.792986  	-0.020003 
6531.224644  	-0.020837 
6532.656302  	-0.024505 
6534.087960  	-0.028878 
6535.519619  	-0.030680 
6536.951277  	-0.028798 
6538.382935  	-0.025898 
6539.814593  	-0.023000 
6541.246251  	-0.021716 
6542.677909  	-0.024266 
6544.109568  	-0.026091 
6545.541226  	-0.025269 
6546.972884  	-0.025691 
6548.404542  	-0.027414 
6549.836200  	-0.030669 
6551.267859  	-0.033174 
6552.699517  	-0.028964 
6554.131175  	-0.024487 
6555.562833  	-0.027035 
6556.994491  	-0.029054 
6558.426150  	-0.025869 
6559.857808  	-0.024333 
6561.289466  	-0.028027 
6562.721124  	-0.031079 
6564.152782  	-0.031412 
6565.584440  	-0.032418 
6567.016099  	-0.028723 
6568.447757  	-0.020097 
6569.879415  	-0.018667 
6571.311073  	-0.021884 
6572.742731  	-0.021787 
6574.174390  	-0.022194 
6575.606048  	-0.022541 
6577.037706  	-0.023205 
6578.469364  	-0.027870 
6579.901022  	-0.027696 
6581.332680  	-0.022738 
6582.764339  	-0.025187 
6584.195997  	-0.030024 
6585.627655  	-0.028151 
6587.059313  	-0.024855 
6588.490971  	-0.025026 
6589.922630  	-0.027203 
6591.354288  	-0.028701 
6592.785946  	-0.026473 
6594.217604  	-0.022680 
6595.649262  	-0.023787 
6597.080921  	-0.025609 
6598.512579  	-0.019657 
6599.944237  	-0.015097 
6601.375895  	-0.020881 
6602.807553  	-0.026149 
6604.239211  	-0.026408 
6605.670870  	-0.029584 
6607.102528  	-0.031762 
6608.534186  	-0.028218 
6609.965844  	-0.025750 
6611.397502  	-0.027557 
6612.829161  	-0.029518 
6614.260819  	-0.029244 
6615.692477  	-0.027497 
6617.124135  	-0.027086 
6618.555793  	-0.029708 
6619.987452  	-0.031084 
6621.419110  	-0.027423 
6622.850768  	-0.023333 
6624.282426  	-0.021169 
6625.714084  	-0.018734 
6627.145742  	-0.019251 
6628.577401  	-0.024514 
6630.009059  	-0.029420 
6631.440717  	-0.028431 
6632.872375  	-0.022307 
6634.304033  	-0.019865 
6635.735692  	-0.022960 
6637.167350  	-0.022396 
6638.599008  	-0.020511 
6640.030666  	-0.023856 
6641.462324  	-0.026799 
6642.893982  	-0.026179 
6644.325641  	-0.024568 
6645.757299  	-0.022456 
6647.188957  	-0.020596 
6648.620615  	-0.019429 
6650.052273  	-0.020769 
6651.483932  	-0.024813 
6652.915590  	-0.026722 
6654.347248  	-0.025121 
6655.778906  	-0.024002 
6657.210564  	-0.025158 
6658.642223  	-0.024176 
6660.073881  	-0.019290 
6661.505539  	-0.020802 
6662.937197  	-0.028213 
6664.368855  	-0.029430 
6665.800513  	-0.028263 
6667.232172  	-0.026340 
6668.663830  	-0.019184 
6670.095488  	-0.019855 
6671.527146  	-0.027015 
6672.958804  	-0.025765 
6674.390463  	-0.025390 
6675.822121  	-0.029693 
6677.253779  	-0.027059 
6678.685437  	-0.023064 
6680.117095  	-0.024988 
6681.548754  	-0.028282 
6682.980412  	-0.027088 
6684.412070  	-0.021376 
6685.843728  	-0.020385 
6687.275386  	-0.024231 
6688.707044  	-0.021226 
6690.138703  	-0.016370 
6691.570361  	-0.021263 
6693.002019  	-0.028916 
6694.433677  	-0.028759 
6695.865335  	-0.023282 
6697.296994  	-0.020730 
6698.728652  	-0.022694 
6700.160310  	-0.025134 
6701.591968  	-0.026034 
6703.023626  	-0.027829 
6704.455284  	-0.030129 
6705.886943  	-0.026184 
6707.318601  	-0.017826 
6708.750259  	-0.017973 
6710.181917  	-0.026479 
6711.613575  	-0.031710 
6713.045234  	-0.030366 
6714.476892  	-0.025998 
6715.908550  	-0.023514 
6717.340208  	-0.023276 
6718.771866  	-0.023644 
6720.203525  	-0.027219 
6721.635183  	-0.028847 
6723.066841  	-0.026618 
6724.498499  	-0.030976 
6725.930157  	-0.034837 
6727.361815  	-0.026675 
6728.793474  	-0.018804 
6730.225132  	-0.018631 
6731.656790  	-0.023365 
6733.088448  	-0.031261 
6734.520106  	-0.032572 
6735.951765  	-0.026602 
6737.383423  	-0.023069 
6738.815081  	-0.020934 
6740.246739  	-0.020718 
6741.678397  	-0.026946 
6743.110056  	-0.030474 
6744.541714  	-0.028181 
6745.973372  	-0.032072 
6747.405030  	-0.038834 
6748.836688  	-0.036452 
6750.268346  	-0.033172 
6751.700005  	-0.035661 
6753.131663  	-0.031792 
6754.563321  	-0.023316 
6755.994979  	-0.023551 
6757.426637  	-0.028094 
6758.858296  	-0.026695 
6760.289954  	-0.020678 
6761.721612  	-0.016918 
6763.153270  	-0.018586 
6764.584928  	-0.021259 
6766.016586  	-0.022921 
6767.448245  	-0.026073 
6768.879903  	-0.028558 
6770.311561  	-0.026800 
6771.743219  	-0.021865 
6773.174877  	-0.019903 
6774.606536  	-0.022576 
6776.038194  	-0.023120 
6777.469852  	-0.024167 
6778.901510  	-0.030396 
6780.333168  	-0.032348 
6781.764827  	-0.028769 
6783.196485  	-0.025568 
6784.628143  	-0.022292 
6786.059801  	-0.024578 
6787.491459  	-0.029857 
6788.923117  	-0.027697 
6790.354776  	-0.025241 
6791.786434  	-0.026853 
6793.218092  	-0.026059 
6794.649750  	-0.025265 
6796.081408  	-0.025188 
6797.513067  	-0.025493 
6798.944725  	-0.027780 
6800.376383  	-0.026706 
6801.808041  	-0.023591 
6803.239699  	-0.023943 
6804.671357  	-0.024923 
6806.103016  	-0.026805 
6807.534674  	-0.028380 
6808.966332  	-0.025158 
6810.397990  	-0.022657 
6811.829648  	-0.024485 
6813.261307  	-0.024862 
6814.692965  	-0.021796 
6816.124623  	-0.018780 
6817.556281  	-0.020457 
6818.987939  	-0.023771 
6820.419598  	-0.020816 
6821.851256  	-0.019447 
6823.282914  	-0.027767 
6824.714572  	-0.032944 
6826.146230  	-0.029599 
6827.577888  	-0.026894 
6829.009547  	-0.023832 
6830.441205  	-0.020084 
6831.872863  	-0.021459 
6833.304521  	-0.022136 
6834.736179  	-0.021041 
6836.167838  	-0.024501 
6837.599496  	-0.024836 
6839.031154  	-0.020063 
6840.462812  	-0.021321 
6841.894470  	-0.025755 
6843.326129  	-0.026766 
6844.757787  	-0.028896 
6846.189445  	-0.031310 
6847.621103  	-0.030474 
6849.052761  	-0.028790 
6850.484419  	-0.027652 
6851.916078  	-0.026022 
6853.347736  	-0.024078 
6854.779394  	-0.024963 
6856.211052  	-0.027538 
6857.642710  	-0.025772 
6859.074369  	-0.021709 
6860.506027  	-0.018713 
6861.937685  	-0.016350 
6863.369343  	-0.020225 
6864.801001  	-0.029073 
6866.232659  	-0.030229 
6867.664318  	-0.025071 
6869.095976  	-0.023004 
6870.527634  	-0.023852 
6871.959292  	-0.023832 
6873.390950  	-0.026146 
6874.822609  	-0.030816 
6876.254267  	-0.029740 
6877.685925  	-0.020994 
6879.117583  	-0.016245 
6880.549241  	-0.021362 
6881.980900  	-0.027275 
6883.412558  	-0.025708 
6884.844216  	-0.022452 
6886.275874  	-0.026422 
6887.707532  	-0.033596 
6889.139190  	-0.032102 
6890.570849  	-0.023174 
6892.002507  	-0.020123 
6893.434165  	-0.025217 
6894.865823  	-0.025256 
6896.297481  	-0.019752 
6897.729140  	-0.020467 
6899.160798  	-0.024347 
6900.592456  	-0.024538 
6902.024114  	-0.025047 
6903.455772  	-0.027281 
6904.887431  	-0.026736 
6906.319089  	-0.021880 
6907.750747  	-0.018838 
6909.182405  	-0.023512 
6910.614063  	-0.027172 
6912.045721  	-0.024877 
6913.477380  	-0.024562 
6914.909038  	-0.025023 
6916.340696  	-0.023791 
6917.772354  	-0.025134 
6919.204012  	-0.023590 
6920.635671  	-0.019910 
6922.067329  	-0.023318 
6923.498987  	-0.027369 
6924.930645  	-0.024304 
6926.362303  	-0.020700 
6927.793961  	-0.021189 
6929.225620  	-0.023583 
6930.657278  	-0.026151 
6932.088936  	-0.026995 
6933.520594  	-0.024946 
6934.952252  	-0.023817 
6936.383911  	-0.024646 
6937.815569  	-0.024650 
6939.247227  	-0.027541 
6940.678885  	-0.030877 
6942.110543  	-0.027389 
6943.542202  	-0.025753 
6944.973860  	-0.027509 
6946.405518  	-0.023867 
6947.837176  	-0.025171 
6949.268834  	-0.030206 
6950.700492  	-0.022549 
6952.132151  	-0.012810 
6953.563809  	-0.013541 
6954.995467  	-0.017452 
6956.427125  	-0.021612 
6957.858783  	-0.026657 
6959.290442  	-0.028383 
6960.722100  	-0.027748 
6962.153758  	-0.028143 
6963.585416  	-0.028985 
6965.017074  	-0.026721 
6966.448732  	-0.026488 
6967.880391  	-0.032555 
6969.312049  	-0.031936 
6970.743707  	-0.026502 
6972.175365  	-0.031880 
6973.607023  	-0.035627 
6975.038682  	-0.024655 
6976.470340  	-0.016659 
6977.901998  	-0.021338 
6979.333656  	-0.025118 
6980.765314  	-0.024162 
6982.196973  	-0.022701 
6983.628631  	-0.018334 
6985.060289  	-0.018681 
6986.491947  	-0.029879 
6987.923605  	-0.033016 
6989.355263  	-0.023003 
6990.786922  	-0.017944 
6992.218580  	-0.018104 
6993.650238  	-0.020028 
6995.081896  	-0.024992 
6996.513554  	-0.028182 
6997.945213  	-0.031652 
6999.376871  	-0.032221 
7000.808529  	-0.026414 
7002.240187  	-0.026502 
7003.671845  	-0.027276 
7005.103504  	-0.021173 
7006.535162  	-0.022455 
7007.966820  	-0.027330 
7009.398478  	-0.028064 
7010.830136  	-0.030863 
7012.261794  	-0.027759 
7013.693453  	-0.022140 
7015.125111  	-0.028063 
7016.556769  	-0.037043 
7017.988427  	-0.038781 
7019.420085  	-0.032416 
7020.851744  	-0.025450 
7022.283402  	-0.025939 
7023.715060  	-0.025414 
7025.146718  	-0.025504 
7026.578376  	-0.033119 
7028.010034  	-0.033312 
7029.441693  	-0.027783 
7030.873351  	-0.029202 
7032.305009  	-0.029578 
7033.736667  	-0.029669 
7035.168325  	-0.030987 
7036.599984  	-0.025437 
7038.031642  	-0.021677 
7039.463300  	-0.024130 
7040.894958  	-0.024874 
7042.326616  	-0.026031 
7043.758275  	-0.026302 
7045.189933  	-0.024209 
7046.621591  	-0.025557 
7048.053249  	-0.026544 
7049.484907  	-0.025645 
7050.916565  	-0.027422 
7052.348224  	-0.028775 
7053.779882  	-0.028654 
7055.211540  	-0.025771 
7056.643198  	-0.019883 
7058.074856  	-0.020990 
7059.506515  	-0.025432 
7060.938173  	-0.020820 
7062.369831  	-0.019188 
7063.801489  	-0.024502 
7065.233147  	-0.019066 
7066.664806  	-0.012018 
7068.096464  	-0.019576 
7069.528122  	-0.024759 
7070.959780  	-0.020616 
7072.391438  	-0.021537 
7073.823096  	-0.024658 
7075.254755  	-0.024807 
7076.686413  	-0.027713 
7078.118071  	-0.029146 
7079.549729  	-0.023710 
7080.981387  	-0.016348 
7082.413046  	-0.015851 
7083.844704  	-0.021278 
7085.276362  	-0.023238 
7086.708020  	-0.024786 
7088.139678  	-0.030521 
7089.571336  	-0.026784 
7091.002995  	-0.017635 
7092.434653  	-0.023048 
7093.866311  	-0.032054 
7095.297969  	-0.028906 
7096.729627  	-0.027489 
7098.161286  	-0.032244 
7099.592944  	-0.029448 
7101.024602  	-0.022320 
7102.456260  	-0.020049 
7103.887918  	-0.019355 
7105.319577  	-0.020868 
7106.751235  	-0.024883 
7108.182893  	-0.021730 
7109.614551  	-0.016349 
7111.046209  	-0.017633 
7112.477867  	-0.018887 
7113.909526  	-0.017388 
7115.341184  	-0.017526 
7116.772842  	-0.016266 
7118.204500  	-0.016673 
7119.636158  	-0.022996 
7121.067817  	-0.024502 
7122.499475  	-0.020316 
7123.931133  	-0.021866 
7125.362791  	-0.027468 
7126.794449  	-0.026036 
7128.226108  	-0.018485 
7129.657766  	-0.017035 
7131.089424  	-0.024869 
7132.521082  	-0.030500 
7133.952740  	-0.026416 
7135.384398  	-0.019609 
7136.816057  	-0.017550 
7138.247715  	-0.018524 
7139.679373  	-0.022184 
7141.111031  	-0.027266 
7142.542689  	-0.027280 
7143.974348  	-0.023482 
7145.406006  	-0.022289 
7146.837664  	-0.023962 
7148.269322  	-0.025561 
7149.700980  	-0.022563 
7151.132638  	-0.017917 
7152.564297  	-0.021651 
7153.995955  	-0.027802 
7155.427613  	-0.029269 
7156.859271  	-0.029311 
7158.290929  	-0.024574 
7159.722588  	-0.020904 
7161.154246  	-0.025615 
7162.585904  	-0.025542 
7164.017562  	-0.020582 
7165.449220  	-0.021128 
7166.880879  	-0.024217 
7168.312537  	-0.029575 
7169.744195  	-0.031119 
7171.175853  	-0.026795 
7172.607511  	-0.029244 
7174.039169  	-0.031347 
7175.470828  	-0.026163 
7176.902486  	-0.026159 
7178.334144  	-0.025307 
7179.765802  	-0.018585 
7181.197460  	-0.018281 
7182.629119  	-0.020625 
7184.060777  	-0.021121 
7185.492435  	-0.025214 
7186.924093  	-0.028604 
7188.355751  	-0.027559 
7189.787409  	-0.021739 
7191.219068  	-0.016354 
7192.650726  	-0.019215 
7194.082384  	-0.025243 
7195.514042  	-0.024831 
7196.945700  	-0.019839 
7198.377359  	-0.019999 
7199.809017  	-0.027314 
7201.240675  	-0.027256 
7202.672333  	-0.018018 
7204.103991  	-0.016113 
7205.535650  	-0.018917 
7206.967308  	-0.021031 
7208.398966  	-0.028173 
7209.830624  	-0.029471 
7211.262282  	-0.020642 
7212.693940  	-0.014794 
7214.125599  	-0.015881 
7215.557257  	-0.018903 
7216.988915  	-0.015921 
7218.420573  	-0.007422 
7219.852231  	-0.006528 
7221.283890  	-0.013283 
7222.715548  	-0.019680 
7224.147206  	-0.026120 
7225.578864  	-0.028169 
7227.010522  	-0.027169 
7228.442181  	-0.024208 
7229.873839  	-0.015770 
7231.305497  	-0.015982 
7232.737155  	-0.026277 
7234.168813  	-0.023775 
7235.600471  	-0.015784 
7237.032130  	-0.016540 
7238.463788  	-0.021197 
7239.895446  	-0.028935 
7241.327104  	-0.034246 
7242.758762  	-0.031550 
7244.190421  	-0.027834 
7245.622079  	-0.028893 
7247.053737  	-0.031578 
7248.485395  	-0.030116 
7249.917053  	-0.025331 
7251.348711  	-0.023860 
7252.780370  	-0.022437 
7254.212028  	-0.019494 
7255.643686  	-0.022538 
7257.075344  	-0.023453 
7258.507002  	-0.020848 
7259.938661  	-0.025751 
7261.370319  	-0.029654 
7262.801977  	-0.023074 
7264.233635  	-0.017025 
7265.665293  	-0.018199 
7267.096952  	-0.021889 
7268.528610  	-0.024454 
7269.960268  	-0.025808 
7271.391926  	-0.025760 
7272.823584  	-0.026630 
7274.255242  	-0.033229 
7275.686901  	-0.035452 
7277.118559  	-0.029840 
7278.550217  	-0.031376 
7279.981875  	-0.031971 
7281.413533  	-0.022899 
7282.845192  	-0.022636 
7284.276850  	-0.023630 
7285.708508  	-0.015803 
7287.140166  	-0.020312 
7288.571824  	-0.032069 
7290.003483  	-0.027556 
7291.435141  	-0.016844 
7292.866799  	-0.017465 
7294.298457  	-0.028935 
7295.730115  	-0.035416 
7297.161773  	-0.028797 
7298.593432  	-0.023404 
7300.025090  	-0.023349 
7301.456748  	-0.025595 
7302.888406  	-0.028980 
7304.320064  	-0.025296 
7305.751723  	-0.019431 
7307.183381  	-0.022099 
7308.615039  	-0.024816 
7310.046697  	-0.022910 
7311.478355  	-0.020034 
7312.910013  	-0.020489 
7314.341672  	-0.029161 
7315.773330  	-0.031738 
7317.204988  	-0.025752 
7318.636646  	-0.030237 
7320.068304  	-0.033347 
7321.499963  	-0.024893 
7322.931621  	-0.025571 
7324.363279  	-0.030636 
7325.794937  	-0.022857 
7327.226595  	-0.015129 
7328.658254  	-0.018268 
7330.089912  	-0.022905 
7331.521570  	-0.023100 
7332.953228  	-0.024471 
7334.384886  	-0.026261 
7335.816544  	-0.024747 
7337.248203  	-0.023517 
7338.679861  	-0.023202 
7340.111519  	-0.021005 
7341.543177  	-0.022966 
7342.974835  	-0.027361 
7344.406494  	-0.028851 
7345.838152  	-0.031498 
7347.269810  	-0.033910 
7348.701468  	-0.034322 
7350.133126  	-0.029929 
7351.564785  	-0.020789 
7352.996443  	-0.020607 
7354.428101  	-0.027426 
7355.859759  	-0.027849 
7357.291417  	-0.028330 
7358.723075  	-0.031026 
7360.154734  	-0.028524 
7361.586392  	-0.024542 
7363.018050  	-0.022764 
7364.449708  	-0.022753 
7365.881366  	-0.021704 
7367.313025  	-0.019007 
7368.744683  	-0.019832 
7370.176341  	-0.020974 
7371.607999  	-0.023005 
7373.039657  	-0.030403 
7374.471315  	-0.030769 
7375.902974  	-0.023127 
7377.334632  	-0.023884 
7378.766290  	-0.026101 
7380.197948  	-0.020906 
7381.629606  	-0.016810 
7383.061265  	-0.019773 
7384.492923  	-0.026929 
7385.924581  	-0.024972 
7387.356239  	-0.016647 
7388.787897  	-0.018701 
7390.219556  	-0.025088 
7391.651214  	-0.026149 
7393.082872  	-0.022994 
7394.514530  	-0.015139 
7395.946188  	-0.014476 
7397.377846  	-0.024945 
7398.809505  	-0.029351 
7400.241163  	-0.025026 
7401.672821  	-0.019234 
7403.104479  	-0.014785 
7404.536137  	-0.016752 
7405.967796  	-0.023439 
7407.399454  	-0.024773 
7408.831112  	-0.022204 
7410.262770  	-0.029539 
7411.694428  	-0.041299 
7413.126086  	-0.036641 
7414.557745  	-0.026840 
7415.989403  	-0.030156 
7417.421061  	-0.031221 
7418.852719  	-0.031264 
7420.284377  	-0.036850 
7421.716036  	-0.030767 
7423.147694  	-0.021692 
7424.579352  	-0.022075 
7426.011010  	-0.019258 
7427.442668  	-0.015328 
7428.874327  	-0.013802 
7430.305985  	-0.013137 
7431.737643  	-0.020539 
7433.169301  	-0.026793 
7434.600959  	-0.027955 
7436.032617  	-0.027517 
7437.464276  	-0.017776 
7438.895934  	-0.014817 
7440.327592  	-0.026476 
7441.759250  	-0.029404 
7443.190908  	-0.025194 
7444.622567  	-0.021454 
7446.054225  	-0.013725 
7447.485883  	-0.014538 
7448.917541  	-0.025876 
7450.349199  	-0.036186 
7451.780858  	-0.038349 
7453.212516  	-0.031469 
7454.644174  	-0.027947 
7456.075832  	-0.026011 
7457.507490  	-0.012912 
7458.939148  	-0.004414 
7460.370807  	-0.007481 
7461.802465  	-0.015394 
7463.234123  	-0.031958 
7464.665781  	-0.034804 
7466.097439  	-0.018741 
7467.529098  	-0.017982 
7468.960756  	-0.027649 
7470.392414  	-0.029832 
7471.824072  	-0.029560 
7473.255730  	-0.024307 
7474.687388  	-0.018344 
7476.119047  	-0.021023 
7477.550705  	-0.022345 
7478.982363  	-0.022870 
7480.414021  	-0.029148 
7481.845679  	-0.033698 
7483.277338  	-0.026181 
7484.708996  	-0.013837 
7486.140654  	-0.017013 
7487.572312  	-0.027829 
7489.003970  	-0.027168 
7490.435629  	-0.022164 
7491.867287  	-0.015452 
7493.298945  	-0.007340 
7494.730603  	-0.011824 
7496.162261  	-0.022142 
7497.593919  	-0.027887 
7499.025578  	-0.030055 
7500.457236  	-0.023310 
7501.888894  	-0.023571 
7503.320552  	-0.036405 
7504.752210  	-0.040129 
7506.183869  	-0.032810 
7507.615527  	-0.026866 
7509.047185  	-0.025571 
7510.478843  	-0.025933 
7511.910501  	-0.016312 
7513.342160  	-0.009348 
7514.773818  	-0.017815 
7516.205476  	-0.021261 
7517.637134  	-0.022173 
7519.068792  	-0.030641 
7520.500450  	-0.034271 
7521.932109  	-0.037045 
7523.363767  	-0.036096 
7524.795425  	-0.027225 
7526.227083  	-0.032538 
7527.658741  	-0.039109 
7529.090400  	-0.027909 
7530.522058  	-0.021420 
7531.953716  	-0.018257 
7533.385374  	-0.015139 
7534.817032  	-0.025133 
7536.248690  	-0.026861 
7537.680349  	-0.016759 
7539.112007  	-0.019987 
7540.543665  	-0.027781 
7541.975323  	-0.026675 
7543.406981  	-0.026785 
7544.838640  	-0.034901 
7546.270298  	-0.044172 
7547.701956  	-0.037480 
7549.133614  	-0.017665 
7550.565272  	-0.007072 
7551.996931  	-0.007907 
7553.428589  	-0.012927 
7554.860247  	-0.022702 
7556.291905  	-0.030643 
7557.723563  	-0.036457 
7559.155221  	-0.041839 
7560.586880  	-0.041967 
7562.018538  	-0.039735 
7563.450196  	-0.039554 
7564.881854  	-0.034986 
7566.313512  	-0.025032 
7567.745171  	-0.018645 
7569.176829  	-0.019997 
7570.608487  	-0.026402 
7572.040145  	-0.035789 
7573.471803  	-0.035063 
7574.903461  	-0.021189 
7576.335120  	-0.018014 
7577.766778  	-0.027983 
7579.198436  	-0.031029 
7580.630094  	-0.033316 
7582.061752  	-0.034496 
7583.493411  	-0.022900 
7584.925069  	-0.018677 
7586.356727  	-0.024628 
7587.788385  	-0.016586 
7589.220043  	-0.013468 
7590.651702  	-0.032086 
7592.083360  	-0.043543 
7593.515018  	-0.039813 
7594.946676  	-0.035328 
7596.378334  	-0.023416 
7597.809992  	-0.011705 
7599.241651  	-0.016208 
7600.673309  	-0.021586 
7602.104967  	-0.018789 
7603.536625  	-0.022032 
7604.968283  	-0.033646 
7606.399942  	-0.043120 
7607.831600  	-0.044136 
7609.263258  	-0.037836 
7610.694916  	-0.030661 
7612.126574  	-0.025612 
7613.558233  	-0.024882 
7614.989891  	-0.028562 
7616.421549  	-0.027246 
7617.853207  	-0.029349 
7619.284865  	-0.042454 
7620.716523  	-0.039751 
7622.148182  	-0.020743 
7623.579840  	-0.019189 
7625.011498  	-0.027862 
7626.443156  	-0.029830 
7627.874814  	-0.037888 
7629.306473  	-0.041237 
7630.738131  	-0.029954 
7632.169789  	-0.019687 
7633.601447  	-0.015656 
7635.033105  	-0.017519 
7636.464763  	-0.023886 
7637.896422  	-0.023399 
7639.328080  	-0.026129 
7640.759738  	-0.039178 
7642.191396  	-0.043729 
7643.623054  	-0.036700 
7645.054713  	-0.029235 
7646.486371  	-0.024655 
7647.918029  	-0.028596 
7649.349687  	-0.028857 
7650.781345  	-0.014497 
7652.213004  	-0.007808 
7653.644662  	-0.018530 
7655.076320  	-0.030881 
7656.507978  	-0.036842 
7657.939636  	-0.031419 
7659.371294  	-0.021221 
7660.802953  	-0.020348 
7662.234611  	-0.020979 
7663.666269  	-0.019764 
7665.097927  	-0.026893 
7666.529585  	-0.029512 
7667.961244  	-0.026216 
7669.392902  	-0.033391 
7670.824560  	-0.033757 
7672.256218  	-0.016427 
7673.687876  	-0.012089 
7675.119535  	-0.022214 
7676.551193  	-0.018402 
7677.982851  	-0.007957 
7679.414509  	-0.008880 
7680.846167  	-0.012884 
7682.277825  	-0.019907 
7683.709484  	-0.023187 
7685.141142  	-0.018446 
7686.572800  	-0.023664 
7688.004458  	-0.036410 
7689.436116  	-0.036882 
7690.867775  	-0.034937 
7692.299433  	-0.037272 
7693.731091  	-0.033283 
7695.162749  	-0.025253 
7696.594407  	-0.026034 
7698.026065  	-0.031858 
7699.457724  	-0.023386 
7700.889382  	-0.010022 
7702.321040  	-0.020077 
7703.752698  	-0.036640 
7705.184356  	-0.035466 
7706.616015  	-0.034963 
7708.047673  	-0.040438 
7709.479331  	-0.041834 
7710.910989  	-0.040903 
7712.342647  	-0.035955 
7713.774306  	-0.033190 
7715.205964  	-0.033948 
7716.637622  	-0.028212 
7718.069280  	-0.026774 
7719.500938  	-0.029224 
7720.932596  	-0.027554 
7722.364255  	-0.037981 
7723.795913  	-0.050299 
7725.227571  	-0.050609 
7726.659229  	-0.044339 
7728.090887  	-0.031142 
7729.522546  	-0.023533 
7730.954204  	-0.032584 
7732.385862  	-0.041097 
7733.817520  	-0.046509 
7735.249178  	-0.039025 
7736.680837  	-0.020033 
7738.112495  	-0.015321 
7739.544153  	-0.020561 
7740.975811  	-0.021867 
7742.407469  	-0.024544 
7743.839127  	-0.015701 
7745.270786  	-0.005648 
7746.702444  	-0.012450 
7748.134102  	-0.021091 
7749.565760  	-0.032175 
7750.997418  	-0.040601 
7752.429077  	-0.033540 
7753.860735  	-0.036479 
7755.292393  	-0.039715 
7756.724051  	-0.020666 
7758.155709  	-0.015312 
7759.587367  	-0.030412 
7761.019026  	-0.032976 
7762.450684  	-0.032942 
7763.882342  	-0.036758 
7765.314000  	-0.025828 
7766.745658  	-0.021960 
7768.177317  	-0.040483 
7769.608975  	-0.036251 
7771.040633  	-0.008112 
7772.472291  	-0.011176 
7773.903949  	-0.031783 
7775.335608  	-0.027415 
7776.767266  	-0.030356 
7778.198924  	-0.039428 
7779.630582  	-0.034498 
7781.062240  	-0.045703 
7782.493898  	-0.060689 
7783.925557  	-0.046184 
7785.357215  	-0.025546 
7786.788873  	-0.014700 
7788.220531  	-0.019482 
7789.652189  	-0.036969 
7791.083848  	-0.036119 
7792.515506  	-0.021059 
7793.947164  	-0.019203 
7795.378822  	-0.025145 
7796.810480  	-0.030569 
7798.242138  	-0.031833 
7799.673797  	-0.020691 
7801.105455  	-0.010626 
7802.537113  	-0.017312 
7803.968771  	-0.031120 
7805.400429  	-0.027841 
7806.832088  	-0.007425 
7808.263746  	-0.006101 
7809.695404  	-0.033152 
7811.127062  	-0.046665 
7812.558720  	-0.036068 
7813.990379  	-0.034687 
7815.422037  	-0.041038 
7816.853695  	-0.038165 
7818.285353  	-0.040902 
7819.717011  	-0.051281 
7821.148669  	-0.037367 
7822.580328  	-0.012394 
7824.011986  	-0.015738 
7825.443644  	-0.035743 
7826.875302  	-0.042895 
7828.306960  	-0.030371 
7829.738619  	-0.023446 
7831.170277  	-0.040591 
7832.601935  	-0.049557 
7834.033593  	-0.030526 
7835.465251  	-0.013605 
7836.896910  	-0.015436 
7838.328568  	-0.030805 
7839.760226  	-0.042235 
7841.191884  	-0.030028 
7842.623542  	-0.021099 
7844.055200  	-0.020706 
7845.486859  	-0.004999 
7846.918517  	-0.005205 
7848.350175  	-0.029354 
7849.781833  	-0.028318 
7851.213491  	-0.011096 
7852.645150  	-0.010340 
7854.076808  	-0.012533 
7855.508466  	-0.009790 
7856.940124  	-0.013461 
7858.371782  	-0.020636 
7859.803440  	-0.030335 
7861.235099  	-0.038546 
7862.666757  	-0.035260 
7864.098415  	-0.032427 
7865.530073  	-0.029271 
7866.961731  	-0.021155 
7868.393390  	-0.030513 
7869.825048  	-0.048313 
7871.256706  	-0.041519 
7872.688364  	-0.038541 
7874.120022  	-0.046823 
7875.551681  	-0.027904 
7876.983339  	-0.009302 
7878.414997  	-0.023992 
7879.846655  	-0.037197 
7881.278313  	-0.035431 
7882.709971  	-0.029200 
7884.141630  	-0.022711 
7885.573288  	-0.036411 
7887.004946  	-0.057234 
7888.436604  	-0.060707 
7889.868262  	-0.052483 
7891.299921  	-0.034955 
7892.731579  	-0.022438 
7894.163237  	-0.028180 
7895.594895  	-0.035894 
7897.026553  	-0.045393 
7898.458212  	-0.046936 
7899.889870  	-0.030339 