##TITLE=No Description
##DATA TYPE=INFRARED SPECTRUM
##XUNITS=1/CM
##YUNITS=%T
349.324597  	23.246525 
350.756256  	172.977863 
352.187914  	122.960289 
353.619572  	89.202101 
355.051230  	131.111329 
356.482888  	136.052905 
357.914546  	104.884384 
359.346205  	95.294008 
360.777863  	106.086717 
362.209521  	105.726679 
363.641179  	88.024035 
365.072837  	76.181245 
366.504496  	83.950146 
367.936154  	88.108785 
369.367812  	73.157762 
370.799470  	72.211048 
372.231128  	91.162925 
373.662787  	100.077374 
375.094445  	76.171642 
376.526103  	65.194157 
377.957761  	73.080810 
379.389419  	81.794542 
380.821077  	91.053646 
382.252736  	94.728987 
383.684394  	89.262853 
385.116052  	81.583836 
386.547710  	79.822446 
387.979368  	78.828841 
389.411027  	78.021027 
390.842685  	78.725681 
392.274343  	81.195197 
393.706001  	84.710117 
395.137659  	82.989832 
396.569317  	77.111833 
398.000976  	75.187663 
399.432634  	78.094103 
400.864292  	79.531439 
402.295950  	80.303329 
403.727608  	83.181248 
405.159267  	85.568129 
406.590925  	84.460332 
408.022583  	83.962275 
409.454241  	85.728064 
410.885899  	85.717588 
412.317558  	83.691572 
413.749216  	81.222666 
415.180874  	81.169925 
416.612532  	83.848906 
418.044190  	85.732801 
419.475848  	86.429268 
420.907507  	87.914124 
422.339165  	87.446920 
423.770823  	87.357721 
425.202481  	89.415738 
426.634139  	90.400367 
428.065798  	91.068920 
429.497456  	91.332320 
430.929114  	89.344287 
432.360772  	88.121609 
433.792430  	88.863755 
435.224089  	89.516122 
436.655747  	89.768883 
438.087405  	89.361702 
439.519063  	88.282108 
440.950721  	88.475755 
442.382379  	89.338412 
443.814038  	87.949437 
445.245696  	86.853739 
446.677354  	88.777812 
448.109012  	89.159265 
449.540670  	87.020123 
450.972329  	87.087616 
452.403987  	88.257678 
453.835645  	87.632069 
455.267303  	86.920148 
456.698961  	85.760366 
458.130619  	85.086996 
459.562278  	86.276058 
460.993936  	85.282231 
462.425594  	82.976145 
463.857252  	83.049536 
465.288910  	83.955772 
466.720569  	84.409203 
468.152227  	84.805346 
469.583885  	84.189665 
471.015543  	83.152207 
472.447201  	83.362092 
473.878860  	84.656477 
475.310518  	85.007815 
476.742176  	83.514123 
478.173834  	82.134548 
479.605492  	82.907906 
481.037150  	83.665900 
482.468809  	82.291053 
483.900467  	80.467814 
485.332125  	80.553834 
486.763783  	81.678854 
488.195441  	81.592013 
489.627100  	80.729511 
491.058758  	80.593032 
492.490416  	81.023106 
493.922074  	80.903095 
495.353732  	80.151044 
496.785391  	79.724355 
498.217049  	79.941161 
499.648707  	80.113561 
501.080365  	80.172003 
502.512023  	80.498264 
503.943681  	81.008637 
505.375340  	81.129845 
506.806998  	80.345961 
508.238656  	79.770403 
509.670314  	80.222169 
511.101972  	80.521496 
512.533631  	80.259113 
513.965289  	79.654819 
515.396947  	78.775428 
516.828605  	78.642610 
518.260263  	78.930929 
519.691921  	78.355904 
521.123580  	77.770177 
522.555238  	77.332554 
523.986896  	76.408651 
525.418554  	75.619555 
526.850212  	74.928922 
528.281871  	73.721360 
529.713529  	72.483444 
531.145187  	71.660363 
532.576845  	70.943682 
534.008503  	69.771731 
535.440162  	68.308900 
536.871820  	66.975231 
538.303478  	65.485167 
539.735136  	63.857803 
541.166794  	62.194558 
542.598452  	60.351982 
544.030111  	58.881984 
545.461769  	57.518391 
546.893427  	55.560698 
548.325085  	53.708916 
549.756743  	52.149113 
551.188402  	50.794578 
552.620060  	50.168505 
554.051718  	50.092738 
555.483376  	50.775529 
556.915034  	52.377421 
558.346692  	54.073487 
559.778351  	55.897872 
561.210009  	58.032220 
562.641667  	60.028672 
564.073325  	62.489179 
565.504983  	66.341675 
566.936642  	71.160080 
568.368300  	75.632448 
569.799958  	78.907837 
571.231616  	80.614424 
572.663274  	80.485487 
574.094933  	79.278196 
575.526591  	78.265526 
576.958249  	78.026270 
578.389907  	78.094103 
579.821565  	77.971905 
581.253223  	77.839883 
582.684882  	78.029076 
584.116540  	78.367433 
585.548198  	78.447201 
586.979856  	78.064833 
588.411514  	77.369955 
589.843173  	76.692742 
591.274831  	76.180953 
592.706489  	75.755021 
594.138147  	75.191823 
595.569805  	74.135986 
597.001464  	72.686174 
598.433122  	71.359498 
599.864780  	70.142633 
601.296438  	69.007931 
602.728096  	68.028237 
604.159754  	66.988652 
605.591413  	66.147860 
607.023071  	65.645527 
608.454729  	65.432326 
609.886387  	66.111469 
611.318045  	67.698544 
612.749704  	69.827959 
614.181362  	72.300172 
615.613020  	74.561753 
617.044678  	76.337793 
618.476336  	77.768892 
619.907994  	78.928863 
621.339653  	79.558516 
622.771311  	79.482441 
624.202969  	78.999871 
625.634627  	78.339224 
627.066285  	77.506169 
628.497944  	76.543561 
629.929602  	75.491900 
631.361260  	74.663292 
632.792918  	74.611728 
634.224576  	75.159860 
635.656235  	76.070196 
637.087893  	77.627914 
638.519551  	79.383807 
639.951209  	81.027070 
641.382867  	82.690867 
642.814525  	84.156552 
644.246184  	85.515778 
645.677842  	86.781221 
647.109500  	87.756543 
648.541158  	88.756423 
649.972816  	89.801564 
651.404475  	90.484555 
652.836133  	90.911622 
654.267791  	91.320576 
655.699449  	91.621001 
657.131107  	91.921309 
658.562766  	92.339186 
659.994424  	92.530408 
661.426082  	92.439654 
662.857740  	92.526473 
664.289398  	92.768990 
665.721056  	92.520514 
667.152715  	91.223791 
668.584373  	90.199278 
670.016031  	91.324072 
671.447689  	91.782036 
672.879347  	91.564492 
674.311006  	91.389115 
675.742664  	91.120561 
677.174322  	90.679426 
678.605980  	90.305217 
680.037638  	89.787146 
681.469296  	89.240517 
682.900955  	88.797385 
684.332613  	88.194706 
685.764271  	87.517053 
687.195929  	87.010543 
688.627587  	86.852212 
690.059246  	86.827347 
691.490904  	86.583590 
692.922562  	86.398094 
694.354220  	86.230996 
695.785878  	85.696308 
697.217537  	84.912110 
698.649195  	83.942954 
700.080853  	82.861976 
701.512511  	81.878334 
702.944169  	80.922206 
704.375827  	80.168162 
705.807486  	79.782686 
707.239144  	79.734420 
708.670802  	80.090118 
710.102460  	80.519089 
711.534118  	80.971398 
712.965777  	81.641072 
714.397435  	82.217378 
715.829093  	82.761680 
717.260751  	83.296648 
718.692409  	83.406346 
720.124067  	83.280500 
721.555726  	83.023481 
722.987384  	82.438503 
724.419042  	81.848214 
725.850700  	81.390743 
727.282358  	81.065728 
728.714017  	80.947369 
730.145675  	80.732760 
731.577333  	80.512975 
733.008991  	80.618623 
734.440649  	80.876853 
735.872308  	81.158795 
737.303966  	81.297527 
738.735624  	81.090078 
740.167282  	80.716444 
741.598940  	80.213736 
743.030598  	79.509270 
744.462257  	78.697602 
745.893915  	77.742680 
747.325573  	76.664573 
748.757231  	75.521721 
750.188889  	74.308549 
751.620548  	73.083466 
753.052206  	71.853554 
754.483864  	70.707534 
755.915522  	69.716253 
757.347180  	68.884711 
758.778839  	68.345766 
760.210497  	68.007572 
761.642155  	67.706974 
763.073813  	67.399615 
764.505471  	67.009835 
765.937129  	66.757662 
767.368788  	66.795658 
768.800446  	67.058499 
770.232104  	67.819709 
771.663762  	69.184215 
773.095420  	70.954787 
774.527079  	72.967291 
775.958737  	74.880331 
777.390395  	76.496647 
778.822053  	77.862771 
780.253711  	78.911693 
781.685369  	79.664547 
783.117028  	80.250221 
784.548686  	80.695886 
785.980344  	81.019149 
787.412002  	81.205762 
788.843660  	81.280498 
790.275319  	81.298286 
791.706977  	81.208979 
793.138635  	81.033413 
794.570293  	80.692697 
796.001951  	79.995880 
797.433610  	79.040247 
798.865268  	77.812807 
800.296926  	76.109948 
801.728584  	74.060448 
803.160242  	71.802476 
804.591900  	69.363285 
806.023559  	66.915656 
807.455217  	64.602822 
808.886875  	62.412131 
810.318533  	60.333788 
811.750191  	58.702978 
813.181850  	57.735134 
814.613508  	57.269836 
816.045166  	57.384391 
817.476824  	57.812005 
818.908482  	57.957736 
820.340141  	57.682932 
821.771799  	56.830591 
823.203457  	55.358760 
824.635115  	53.570084 
826.066773  	51.745642 
827.498431  	50.517472 
828.930090  	50.341154 
830.361748  	51.161068 
831.793406  	52.988994 
833.225064  	55.420427 
834.656722  	58.107653 
836.088381  	61.048648 
837.520039  	63.764528 
838.951697  	66.010914 
840.383355  	67.992205 
841.815013  	69.632186 
843.246671  	70.999178 
844.678330  	72.351521 
846.109988  	73.797772 
847.541646  	75.440016 
848.973304  	77.274404 
850.404962  	79.264741 
851.836621  	81.325230 
853.268279  	83.235001 
854.699937  	84.904741 
856.131595  	86.263492 
857.563253  	87.250687 
858.994912  	87.999135 
860.426570  	88.497179 
861.858228  	88.716997 
863.289886  	88.827249 
864.721544  	88.720447 
866.153202  	88.289307 
867.584861  	87.700037 
869.016519  	86.946011 
870.448177  	86.035381 
871.879835  	85.021208 
873.311493  	83.829059 
874.743152  	82.541739 
876.174810  	81.182397 
877.606468  	79.689162 
879.038126  	78.135314 
880.469784  	76.521015 
881.901443  	74.873539 
883.333101  	73.314564 
884.764759  	72.079077 
886.196417  	71.430073 
887.628075  	71.426175 
889.059733  	72.341103 
890.491392  	74.393471 
891.923050  	77.269001 
893.354708  	80.526010 
894.786366  	83.537288 
896.218024  	85.697649 
897.649683  	87.004859 
899.081341  	87.745137 
900.512999  	88.083590 
901.944657  	88.142031 
903.376315  	87.968210 
904.807973  	87.699269 
906.239632  	87.451293 
907.671290  	87.101110 
909.102948  	86.658764 
910.534606  	86.205828 
911.966264  	85.687583 
913.397923  	85.083120 
914.829581  	84.412848 
916.261239  	83.859520 
917.692897  	83.560380 
919.124555  	83.433073 
920.556214  	83.528926 
921.987872  	83.790567 
923.419530  	84.040942 
924.851188  	84.290395 
926.282846  	84.376087 
927.714504  	84.145832 
929.146163  	83.721773 
930.577821  	83.122884 
932.009479  	82.438277 
933.441137  	81.849784 
934.872795  	81.421254 
936.304454  	81.217659 
937.736112  	81.077802 
939.167770  	80.844390 
940.599428  	80.596888 
942.031086  	80.289701 
943.462744  	80.045856 
944.894403  	80.106235 
946.326061  	80.298862 
947.757719  	80.417829 
949.189377  	80.447879 
950.621035  	80.380420 
952.052694  	80.198287 
953.484352  	79.824606 
954.916010  	79.306422 
956.347668  	78.736119 
957.779326  	78.131069 
959.210985  	77.711516 
960.642643  	77.524714 
962.074301  	77.343546 
963.505959  	77.165146 
964.937617  	77.030947 
966.369275  	76.926480 
967.800934  	76.793098 
969.232592  	76.476221 
970.664250  	76.061419 
972.095908  	75.642155 
973.527566  	75.125931 
974.959225  	74.525593 
976.390883  	73.732720 
977.822541  	72.722364 
979.254199  	71.632996 
980.685857  	70.268173 
982.117516  	68.973856 
983.549174  	68.853232 
984.980832  	69.839135 
986.412490  	70.336790 
987.844148  	69.420123 
989.275806  	67.770177 
990.707465  	66.115670 
992.139123  	64.595436 
993.570781  	63.449739 
995.002439  	62.577675 
996.434097  	61.574621 
997.865756  	60.273351 
999.297414  	58.256277 
1000.729072  	55.382205 
1002.160730  	52.173006 
1003.592388  	49.185608 
1005.024046  	47.235750 
1006.455705  	46.506302 
1007.887363  	46.106519 
1009.319021  	45.201598 
1010.750679  	42.721769 
1012.182337  	38.734831 
1013.613996  	36.409322 
1015.045654  	39.084653 
1016.477312  	46.669515 
1017.908970  	55.947541 
1019.340628  	63.991012 
1020.772287  	69.895286 
1022.203945  	73.919526 
1023.635603  	76.655199 
1025.067261  	78.421445 
1026.498919  	79.304484 
1027.930577  	79.455731 
1029.362236  	79.074777 
1030.793894  	78.414467 
1032.225552  	77.726705 
1033.657210  	77.020245 
1035.088868  	76.225651 
1036.520527  	75.394326 
1037.952185  	74.557682 
1039.383843  	73.815417 
1040.815501  	73.119043 
1042.247159  	72.309357 
1043.678818  	71.564021 
1045.110476  	70.887913 
1046.542134  	70.144522 
1047.973792  	69.463581 
1049.405450  	68.742592 
1050.837108  	67.982072 
1052.268767  	67.310842 
1053.700425  	66.526030 
1055.132083  	65.735564 
1056.563741  	64.992485 
1057.995399  	64.103551 
1059.427058  	63.305573 
1060.858716  	62.545044 
1062.290374  	61.659746 
1063.722032  	60.776093 
1065.153690  	59.681749 
1066.585348  	58.489357 
1068.017007  	57.346591 
1069.448665  	55.955839 
1070.880323  	54.498872 
1072.311981  	52.904982 
1073.743639  	50.846169 
1075.175298  	48.351707 
1076.606956  	45.185784 
1078.038614  	42.203208 
1079.470272  	41.190281 
1080.901930  	42.795962 
1082.333589  	46.786666 
1083.765247  	51.753223 
1085.196905  	56.211732 
1086.628563  	59.711098 
1088.060221  	61.800483 
1089.491879  	62.475082 
1090.923538  	62.358116 
1092.355196  	61.735700 
1093.786854  	60.887142 
1095.218512  	59.812889 
1096.650170  	58.248757 
1098.081829  	56.634479 
1099.513487  	55.257570 
1100.945145  	54.279628 
1102.376803  	54.101559 
1103.808461  	54.404244 
1105.240120  	54.808576 
1106.671778  	55.081704 
1108.103436  	55.068999 
1109.535094  	55.209871 
1110.966752  	55.604327 
1112.398410  	56.107736 
1113.830069  	56.735844 
1115.261727  	57.130294 
1116.693385  	57.350785 
1118.125043  	57.589404 
1119.556701  	57.584030 
1120.988360  	57.492097 
1122.420018  	57.339613 
1123.851676  	56.939551 
1125.283334  	56.508249 
1126.714992  	55.947684 
1128.146650  	55.233198 
1129.578309  	54.542078 
1131.009967  	53.697030 
1132.441625  	52.773564 
1133.873283  	51.735148 
1135.304941  	50.452998 
1136.736600  	49.177004 
1138.168258  	47.740678 
1139.599916  	46.135864 
1141.031574  	44.568155 
1142.463232  	42.780747 
1143.894891  	40.990347 
1145.326549  	39.227202 
1146.758207  	37.216036 
1148.189865  	35.331388 
1149.621523  	33.433611 
1151.053181  	31.438573 
1152.484840  	29.679573 
1153.916498  	27.867444 
1155.348156  	26.300712 
1156.779814  	25.246795 
1158.211472  	24.529834 
1159.643131  	24.742718 
1161.074789  	25.859134 
1162.506447  	27.801019 
1163.938105  	30.940703 
1165.369763  	34.791581 
1166.801421  	39.222999 
1168.233080  	43.875478 
1169.664738  	47.573263 
1171.096396  	49.694206 
1172.528054  	49.731746 
1173.959712  	47.625789 
1175.391371  	44.452974 
1176.823029  	41.134264 
1178.254687  	38.260598 
1179.686345  	35.952110 
1181.118003  	33.531590 
1182.549662  	31.051994 
1183.981320  	28.766127 
1185.412978  	26.957137 
1186.844636  	26.363420 
1188.276294  	26.640745 
1189.707952  	27.551003 
1191.139611  	29.219602 
1192.571269  	31.079779 
1194.002927  	33.339513 
1195.434585  	36.037110 
1196.866243  	38.747073 
1198.297902  	41.816236 
1199.729560  	45.063686 
1201.161218  	48.216187 
1202.592876  	51.340726 
1204.024534  	53.865770 
1205.456193  	55.372397 
1206.887851  	55.435597 
1208.319509  	53.568491 
1209.751167  	50.307923 
1211.182825  	46.310238 
1212.614483  	42.197102 
1214.046142  	39.011286 
1215.477800  	36.738776 
1216.909458  	35.289565 
1218.341116  	34.765178 
1219.772774  	34.638730 
1221.204433  	35.014138 
1222.636091  	35.763376 
1224.067749  	36.555464 
1225.499407  	37.683316 
1226.931065  	38.812714 
1228.362723  	39.902241 
1229.794382  	41.223427 
1231.226040  	42.384770 
1232.657698  	43.582177 
1234.089356  	44.891896 
1235.521014  	46.011490 
1236.952673  	47.241397 
1238.384331  	48.449315 
1239.815989  	49.547893 
1241.247647  	50.788600 
1242.679305  	51.928417 
1244.110964  	53.164616 
1245.542622  	54.634041 
1246.974280  	56.070807 
1248.405938  	57.778288 
1249.837596  	59.743446 
1251.269254  	61.843397 
1252.700913  	64.305417 
1254.132571  	66.925183 
1255.564229  	69.687392 
1256.995887  	72.650661 
1258.427545  	75.569463 
1259.859204  	78.500054 
1261.290862  	81.365596 
1262.722520  	83.946272 
1264.154178  	86.287370 
1265.585836  	88.336866 
1267.017495  	90.043053 
1268.449153  	91.472674 
1269.880811  	92.580019 
1271.312469  	93.403889 
1272.744127  	94.079895 
1274.175785  	94.570953 
1275.607444  	94.869579 
1277.039102  	95.002339 
1278.470760  	94.912424 
1279.902418  	94.677431 
1281.334076  	94.339266 
1282.765735  	93.866767 
1284.197393  	93.347919 
1285.629051  	92.805597 
1287.060709  	92.291126 
1288.492367  	91.888398 
1289.924025  	91.586608 
1291.355684  	91.476078 
1292.787342  	91.643160 
1294.219000  	92.090709 
1295.650658  	92.817516 
1297.082316  	93.727356 
1298.513975  	94.679830 
1299.945633  	95.615602 
1301.377291  	96.443924 
1302.808949  	97.085041 
1304.240607  	97.503255 
1305.672266  	97.588140 
1307.103924  	97.392877 
1308.535582  	97.108172 
1309.967240  	97.026942 
1311.398898  	97.433380 
1312.830556  	98.241078 
1314.262215  	99.169169 
1315.693873  	100.031174 
1317.125531  	100.677637 
1318.557189  	101.111079 
1319.988847  	101.414743 
1321.420506  	101.584267 
1322.852164  	101.753421 
1324.283822  	101.865892 
1325.715480  	101.870616 
1327.147138  	101.961878 
1328.578796  	102.002181 
1330.010455  	101.964465 
1331.442113  	102.025136 
1332.873771  	102.027851 
1334.305429  	102.016922 
1335.737087  	102.060475 
1337.168746  	102.032291 
1338.600404  	102.066632 
1340.032062  	102.105337 
1341.463720  	102.071051 
1342.895378  	102.102228 
1344.327037  	102.045390 
1345.758695  	101.967797 
1347.190353  	101.951614 
1348.622011  	101.846077 
1350.053669  	101.815405 
1351.485327  	101.780848 
1352.916986  	101.625953 
1354.348644  	101.539647 
1355.780302  	101.301770 
1357.211960  	100.877654 
1358.643618  	100.207632 
1360.075277  	98.769052 
1361.506935  	96.583330 
1362.938593  	94.020027 
1364.370251  	92.665085 
1365.801909  	93.376822 
1367.233568  	95.317453 
1368.665226  	97.546667 
1370.096884  	99.238338 
1371.528542  	100.197827 
1372.960200  	100.686592 
1374.391858  	100.981599 
1375.823517  	101.011583 
1377.255175  	100.962346 
1378.686833  	100.840842 
1380.118491  	100.447224 
1381.550149  	99.833385 
1382.981808  	98.767821 
1384.413466  	97.560866 
1385.845124  	96.766670 
1387.276782  	96.640423 
1388.708440  	97.288773 
1390.140098  	98.161807 
1391.571757  	99.089263 
1393.003415  	99.774029 
1394.435073  	100.032699 
1395.866731  	100.038556 
1397.298389  	99.900028 
1398.730048  	99.523365 
1400.161706  	98.941316 
1401.593364  	98.229122 
1403.025022  	97.345169 
1404.456680  	96.245746 
1405.888339  	94.785583 
1407.319997  	93.467167 
1408.751655  	92.849481 
1410.183313  	92.810709 
1411.614971  	93.520040 
1413.046629  	94.891288 
1414.478288  	96.382151 
1415.909946  	97.908887 
1417.341604  	99.115706 
1418.773262  	99.913615 
1420.204920  	100.657074 
1421.636579  	100.979568 
1423.068237  	101.131192 
1424.499895  	101.308921 
1425.931553  	101.304308 
1427.363211  	101.337479 
1428.794870  	101.399044 
1430.226528  	101.348258 
1431.658186  	101.364256 
1433.089844  	101.274952 
1434.521502  	101.183474 
1435.953160  	101.201149 
1437.384819  	100.866642 
1438.816477  	100.595058 
1440.248135  	100.364982 
1441.679793  	99.920767 
1443.111451  	99.594415 
1444.543110  	99.205372 
1445.974768  	98.793899 
1447.406426  	98.580250 
1448.838084  	98.174482 
1450.269742  	97.915953 
1451.701400  	97.861942 
1453.133059  	97.717071 
1454.564717  	97.759038 
1455.996375  	97.719263 
1457.428033  	96.939849 
1458.859691  	96.223216 
1460.291350  	95.282951 
1461.723008  	94.406032 
1463.154666  	93.904342 
1464.586324  	93.529765 
1466.017982  	93.709188 
1467.449641  	93.974694 
1468.881299  	94.260766 
1470.312957  	94.756700 
1471.744615  	94.973365 
1473.176273  	95.183545 
1474.607931  	95.475697 
1476.039590  	95.351221 
1477.471248  	95.336554 
1478.902906  	95.202947 
1480.334564  	94.743256 
1481.766222  	94.293446 
1483.197881  	93.455803 
1484.629539  	92.358237 
1486.061197  	91.237262 
1487.492855  	89.421801 
1488.924513  	87.419110 
1490.356172  	85.105325 
1491.787830  	81.624746 
1493.219488  	78.797868 
1494.651146  	76.002382 
1496.082804  	72.116188 
1497.514462  	68.500901 
1498.946121  	65.123348 
1500.377779  	62.008230 
1501.809437  	60.473209 
1503.241095  	59.661043 
1504.672753  	59.764213 
1506.104412  	62.093306 
1507.536070  	66.680430 
1508.967728  	71.420724 
1510.399386  	76.197093 
1511.831044  	80.942492 
1513.262702  	85.663956 
1514.694361  	89.415859 
1516.126019  	92.153861 
1517.557677  	94.952498 
1518.989335  	96.737646 
1520.420993  	97.538879 
1521.852652  	98.828119 
1523.284310  	99.723818 
1524.715968  	100.034423 
1526.147626  	100.636305 
1527.579284  	101.010937 
1529.010943  	101.193545 
1530.442601  	101.488176 
1531.874259  	101.622812 
1533.305917  	101.802386 
1534.737575  	102.017740 
1536.169233  	102.066126 
1537.600892  	102.226737 
1539.032550  	102.341530 
1540.464208  	102.377639 
1541.895866  	102.613774 
1543.327524  	102.608399 
1544.759183  	102.660085 
1546.190841  	102.733158 
1547.622499  	102.681094 
1549.054157  	102.740871 
1550.485815  	102.789613 
1551.917473  	102.748820 
1553.349132  	102.811498 
1554.780790  	102.866998 
1556.212448  	102.915478 
1557.644106  	102.968827 
1559.075764  	102.825351 
1560.507423  	102.973991 
1561.939081  	102.998611 
1563.370739  	102.909611 
1564.802397  	102.909552 
1566.234055  	102.910683 
1567.665714  	102.871700 
1569.097372  	102.851762 
1570.529030  	102.749759 
1571.960688  	102.692390 
1573.392346  	102.680506 
1574.824004  	102.642907 
1576.255663  	102.573515 
1577.687321  	102.434499 
1579.118979  	102.327942 
1580.550637  	102.167757 
1581.982295  	101.871039 
1583.413954  	101.572266 
1584.845612  	101.185077 
1586.277270  	100.627228 
1587.708928  	99.967407 
1589.140586  	99.196226 
1590.572245  	98.552902 
1592.003903  	98.117325 
1593.435561  	97.894769 
1594.867219  	97.953970 
1596.298877  	98.076684 
1597.730535  	98.154329 
1599.162194  	98.098618 
1600.593852  	97.928167 
1602.025510  	97.865001 
1603.457168  	97.911230 
1604.888826  	98.146387 
1606.320485  	98.601189 
1607.752143  	99.176085 
1609.183801  	99.858829 
1610.615459  	100.395450 
1612.047117  	100.768959 
1613.478775  	101.115525 
1614.910434  	101.381243 
1616.342092  	101.600118 
1617.773750  	101.821197 
1619.205408  	101.969091 
1620.637066  	102.098030 
1622.068725  	102.211859 
1623.500383  	102.264787 
1624.932041  	102.281910 
1626.363699  	102.318021 
1627.795357  	102.343273 
1629.227016  	102.301669 
1630.658674  	102.260927 
1632.090332  	102.267895 
1633.521990  	102.276038 
1634.953648  	102.274657 
1636.385306  	102.248226 
1637.816965  	102.194827 
1639.248623  	102.176894 
1640.680281  	102.123065 
1642.111939  	102.018916 
1643.543597  	101.965428 
1644.975256  	101.939773 
1646.406914  	101.897730 
1647.838572  	101.849762 
1649.270230  	101.767670 
1650.701888  	101.715831 
1652.133547  	101.733434 
1653.565205  	101.843717 
1654.996863  	101.827795 
1656.428521  	101.785342 
1657.860179  	101.769434 
1659.291837  	101.777774 
1660.723496  	101.761104 
1662.155154  	101.762325 
1663.586812  	101.823793 
1665.018470  	101.842134 
1666.450128  	101.844521 
1667.881787  	101.847780 
1669.313445  	101.905492 
1670.745103  	102.049438 
1672.176761  	102.056159 
1673.608419  	102.059011 
1675.040077  	102.147457 
1676.471736  	102.107804 
1677.903394  	102.078590 
1679.335052  	102.056024 
1680.766710  	101.970955 
1682.198368  	102.042895 
1683.630027  	102.133471 
1685.061685  	102.009677 
1686.493343  	102.003501 
1687.925001  	101.930560 
1689.356659  	101.846613 
1690.788318  	101.796610 
1692.219976  	101.631715 
1693.651634  	101.535568 
1695.083292  	101.424270 
1696.514950  	101.197668 
1697.946608  	101.234733 
1699.378267  	101.126014 
1700.809925  	100.879803 
1702.241583  	100.869591 
1703.673241  	100.674753 
1705.104899  	100.535115 
1706.536558  	100.386899 
1707.968216  	100.045627 
1709.399874  	99.856955 
1710.831532  	99.636089 
1712.263190  	99.369996 
1713.694849  	99.229059 
1715.126507  	98.878241 
1716.558165  	98.640805 
1717.989823  	98.593502 
1719.421481  	98.119316 
1720.853139  	97.890576 
1722.284798  	97.587538 
1723.716456  	97.054873 
1725.148114  	96.767892 
1726.579772  	96.347276 
1728.011430  	95.887707 
1729.443089  	95.638258 
1730.874747  	95.145860 
1732.306405  	94.802197 
1733.738063  	94.591301 
1735.169721  	93.968553 
1736.601379  	93.617321 
1738.033038  	93.045817 
1739.464696  	92.311534 
1740.896354  	91.857113 
1742.328012  	91.058056 
1743.759670  	90.271269 
1745.191329  	89.474658 
1746.622987  	88.253536 
1748.054645  	87.173603 
1749.486303  	85.760808 
1750.917961  	83.905147 
1752.349620  	82.099416 
1753.781278  	79.682587 
1755.212936  	77.246263 
1756.644594  	74.525923 
1758.076252  	70.664921 
1759.507910  	67.294263 
1760.939569  	63.970585 
1762.371227  	59.630974 
1763.802885  	56.381045 
1765.234543  	54.174485 
1766.666201  	52.288127 
1768.097860  	51.683663 
1769.529518  	51.616776 
1770.961176  	51.781853 
1772.392834  	53.427922 
1773.824492  	54.988373 
1775.256150  	56.457903 
1776.687809  	58.782747 
1778.119467  	60.775742 
1779.551125  	62.970727 
1780.982783  	65.892356 
1782.414441  	68.175420 
1783.846100  	70.637485 
1785.277758  	73.540964 
1786.709416  	75.978849 
1788.141074  	78.722874 
1789.572732  	81.349715 
1791.004391  	83.655877 
1792.436049  	86.813603 
1793.867707  	89.215359 
1795.299365  	90.994579 
1796.731023  	93.065339 
1798.162681  	94.423481 
1799.594340  	95.837772 
1801.025998  	97.295679 
1802.457656  	97.960883 
1803.889314  	98.892334 
1805.320972  	99.475957 
1806.752631  	99.799899 
1808.184289  	100.574886 
1809.615947  	100.841677 
1811.047605  	101.126034 
1812.479263  	101.613356 
1813.910922  	101.567648 
1815.342580  	101.901376 
1816.774238  	102.183644 
1818.205896  	102.103223 
1819.637554  	102.441259 
1821.069212  	102.410125 
1822.500871  	102.357417 
1823.932529  	102.680572 
1825.364187  	102.535314 
1826.795845  	102.659145 
1828.227503  	102.906194 
1829.659162  	102.781252 
1831.090820  	102.955721 
1832.522478  	102.921630 
1833.954136  	102.924357 
1835.385794  	103.185505 
1836.817452  	103.058370 
1838.249111  	103.174358 
1839.680769  	103.318067 
1841.112427  	103.070200 
1842.544085  	103.239464 
1843.975743  	103.298518 
1845.407402  	103.154926 
1846.839060  	103.374628 
1848.270718  	103.184309 
1849.702376  	103.194279 
1851.134034  	103.404780 
1852.565693  	103.196858 
1853.997351  	103.335911 
1855.429009  	103.399930 
1856.860667  	103.157466 
1858.292325  	103.359472 
1859.723983  	103.375976 
1861.155642  	103.322903 
1862.587300  	103.511616 
1864.018958  	103.416587 
1865.450616  	103.490541 
1866.882274  	103.510318 
1868.313933  	103.273044 
1869.745591  	103.486317 
1871.177249  	103.355427 
1872.608907  	103.143868 
1874.040565  	103.316301 
1875.472224  	103.231492 
1876.903882  	103.223070 
1878.335540  	103.240819 
1879.767198  	103.038183 
1881.198856  	103.195445 
1882.630514  	103.155823 
1884.062173  	102.945031 
1885.493831  	103.071577 
1886.925489  	102.927139 
1888.357147  	102.847422 
1889.788805  	102.866535 
1891.220464  	102.553088 
1892.652122  	102.627778 
1894.083780  	102.669774 
1895.515438  	102.455389 
1896.947096  	102.522843 
1898.378754  	102.434949 
1899.810413  	102.475107 
1901.242071  	102.652631 
1902.673729  	102.471283 
1904.105387  	102.599169 
1905.537045  	102.748592 
1906.968704  	102.707328 
1908.400362  	103.094154 
1909.832020  	103.200932 
1911.263678  	103.191842 
1912.695336  	103.519084 
1914.126995  	103.425504 
1915.558653  	103.444569 
1916.990311  	103.733236 
1918.421969  	103.709112 
1919.853627  	103.831958 
1921.285285  	103.892081 
1922.716944  	103.865478 
1924.148602  	103.846475 
1925.580260  	103.495807 
1927.011918  	103.593050 
1928.443576  	103.863327 
1929.875235  	103.675387 
1931.306893  	103.813609 
1932.738551  	103.756343 
1934.170209  	103.503201 
1935.601867  	103.739748 
1937.033525  	103.583538 
1938.465184  	103.611354 
1939.896842  	104.136689 
1941.328500  	104.031660 
1942.760158  	103.971678 
1944.191816  	103.968219 
1945.623475  	103.661340 
1947.055133  	103.809870 
1948.486791  	103.808596 
1949.918449  	103.690538 
1951.350107  	103.750954 
1952.781766  	103.554287 
1954.213424  	103.855722 
1955.645082  	104.147597 
1957.076740  	103.899738 
1958.508398  	104.087182 
1959.940056  	103.989238 
1961.371715  	103.770705 
1962.803373  	103.818229 
1964.235031  	103.412611 
1965.666689  	103.712444 
1967.098347  	103.939386 
1968.530006  	103.206674 
1969.961664  	103.454394 
1971.393322  	103.646847 
1972.824980  	103.526102 
1974.256638  	103.901008 
1975.688297  	103.447716 
1977.119955  	103.584216 
1978.551613  	104.111177 
1979.983271  	103.247603 
1981.414929  	103.140641 
1982.846587  	103.514975 
1984.278246  	103.543987 
1985.709904  	103.883199 
1987.141562  	103.652405 
1988.573220  	103.672026 
1990.004878  	104.226245 
1991.436537  	103.841304 
1992.868195  	103.834305 
1994.299853  	104.144818 
1995.731511  	103.818414 
1997.163169  	104.056330 
1998.594827  	104.258233 
2000.026486  	103.977318 
2001.458144  	103.817239 
2002.889802  	103.416138 
2004.321460  	103.402784 
2005.753118  	103.527675 
2007.184777  	103.293793 
2008.616435  	103.593369 
2010.048093  	103.644657 
2011.479751  	103.486673 
2012.911409  	103.660022 
2014.343068  	103.533225 
2015.774726  	103.884274 
2017.206384  	103.738744 
2018.638042  	102.740865 
2020.069700  	103.277949 
2021.501358  	103.795759 
2022.933017  	103.339275 
2024.364675  	103.497676 
2025.796333  	103.409851 
2027.227991  	103.609991 
2028.659649  	104.050146 
2030.091308  	103.196179 
2031.522966  	103.067652 
2032.954624  	103.789571 
2034.386282  	103.831899 
2035.817940  	103.825106 
2037.249599  	103.361303 
2038.681257  	103.114985 
2040.112915  	103.580300 
2041.544573  	103.422483 
2042.976231  	103.344649 
2044.407889  	103.687656 
2045.839548  	103.511939 
2047.271206  	103.241043 
2048.702864  	103.092543 
2050.134522  	103.150733 
2051.566180  	103.272432 
2052.997839  	103.134974 
2054.429497  	103.139651 
2055.861155  	103.096689 
2057.292813  	103.028754 
2058.724471  	103.333538 
2060.156129  	103.443365 
2061.587788  	103.449073 
2063.019446  	103.384575 
2064.451104  	102.910863 
2065.882762  	103.056348 
2067.314420  	103.508306 
2068.746079  	103.334712 
2070.177737  	103.378633 
2071.609395  	103.512599 
2073.041053  	103.351689 
2074.472711  	103.466173 
2075.904370  	103.570586 
2077.336028  	103.506942 
2078.767686  	103.462487 
2080.199344  	103.418551 
2081.631002  	103.515436 
2083.062660  	103.432590 
2084.494319  	103.287878 
2085.925977  	103.392949 
2087.357635  	103.323384 
2088.789293  	103.336991 
2090.220951  	103.560278 
2091.652610  	103.580257 
2093.084268  	103.722100 
2094.515926  	103.786701 
2095.947584  	103.616653 
2097.379242  	103.824923 
2098.810901  	103.984123 
2100.242559  	103.799770 
2101.674217  	103.687132 
2103.105875  	103.681155 
2104.537533  	103.868149 
2105.969191  	103.945275 
2107.400850  	103.769663 
2108.832508  	103.745229 
2110.264166  	103.668253 
2111.695824  	103.652858 
2113.127482  	103.848956 
2114.559141  	103.764515 
2115.990799  	103.634062 
2117.422457  	103.700843 
2118.854115  	103.783201 
2120.285773  	103.861027 
2121.717431  	103.784375 
2123.149090  	103.956708 
2124.580748  	104.275781 
2126.012406  	103.924196 
2127.444064  	103.700552 
2128.875722  	103.931656 
2130.307381  	103.740740 
2131.739039  	103.587503 
2133.170697  	103.619833 
2134.602355  	103.572433 
2136.034013  	103.794794 
2137.465672  	103.669752 
2138.897330  	103.291203 
2140.328988  	103.345108 
2141.760646  	103.433520 
2143.192304  	103.542843 
2144.623962  	103.489304 
2146.055621  	103.370924 
2147.487279  	103.668139 
2148.918937  	103.463969 
2150.350595  	103.127768 
2151.782253  	103.496388 
2153.213912  	103.474253 
2154.645570  	102.985742 
2156.077228  	102.366991 
2157.508886  	102.052111 
2158.940544  	102.649087 
2160.372202  	102.382371 
2161.803861  	101.997113 
2163.235519  	102.733378 
2164.667177  	102.833050 
2166.098835  	102.847080 
2167.530493  	103.282065 
2168.962152  	103.149531 
2170.393810  	103.070943 
2171.825468  	102.950886 
2173.257126  	102.869946 
2174.688784  	103.146606 
2176.120443  	102.823828 
2177.552101  	102.785688 
2178.983759  	103.261897 
2180.415417  	102.918484 
2181.847075  	102.721652 
2183.278733  	103.078043 
2184.710392  	103.354493 
2186.142050  	103.500620 
2187.573708  	102.864016 
2189.005366  	102.491661 
2190.437024  	103.015266 
2191.868683  	102.899692 
2193.300341  	102.552357 
2194.731999  	102.732616 
2196.163657  	102.932828 
2197.595315  	103.145143 
2199.026974  	103.125065 
2200.458632  	103.069010 
2201.890290  	103.207065 
2203.321948  	103.020894 
2204.753606  	102.950621 
2206.185264  	102.984013 
2207.616923  	102.798246 
2209.048581  	102.980143 
2210.480239  	103.148160 
2211.911897  	103.105902 
2213.343555  	103.131667 
2214.775214  	102.810314 
2216.206872  	102.632588 
2217.638530  	102.668919 
2219.070188  	102.521740 
2220.501846  	102.727568 
2221.933504  	102.806845 
2223.365163  	102.537112 
2224.796821  	102.632239 
2226.228479  	102.671306 
2227.660137  	102.630855 
2229.091795  	102.602078 
2230.523454  	102.238760 
2231.955112  	102.217517 
2233.386770  	102.427333 
2234.818428  	102.385977 
2236.250086  	102.582344 
2237.681745  	102.752453 
2239.113403  	102.777927 
2240.545061  	102.913148 
2241.976719  	102.790972 
2243.408377  	102.688548 
2244.840035  	102.708622 
2246.271694  	102.604849 
2247.703352  	102.714425 
2249.135010  	102.742743 
2250.566668  	102.573012 
2251.998326  	102.625507 
2253.429985  	102.679445 
2254.861643  	102.836517 
2256.293301  	103.125265 
2257.724959  	103.069497 
2259.156617  	102.937557 
2260.588276  	102.975594 
2262.019934  	103.105648 
2263.451592  	103.300446 
2264.883250  	103.306434 
2266.314908  	103.224450 
2267.746566  	103.230976 
2269.178225  	103.295906 
2270.609883  	103.452847 
2272.041541  	103.451961 
2273.473199  	103.450907 
2274.904857  	103.614748 
2276.336516  	103.451638 
2277.768174  	103.261757 
2279.199832  	103.439283 
2280.631490  	103.582043 
2282.063148  	103.603035 
2283.494806  	103.456073 
2284.926465  	103.306486 
2286.358123  	103.552908 
2287.789781  	103.744936 
2289.221439  	103.635068 
2290.653097  	103.562978 
2292.084756  	103.484458 
2293.516414  	103.422367 
2294.948072  	103.365325 
2296.379730  	103.197547 
2297.811388  	103.144951 
2299.243047  	103.206674 
2300.674705  	103.253046 
2302.106363  	103.301163 
2303.538021  	103.249829 
2304.969679  	103.129999 
2306.401337  	102.942474 
2307.832996  	102.721015 
2309.264654  	102.671825 
2310.696312  	102.639029 
2312.127970  	102.569249 
2313.559628  	102.554664 
2314.991287  	102.400644 
2316.422945  	102.287929 
2317.854603  	102.263475 
2319.286261  	102.002160 
2320.717919  	101.744384 
2322.149577  	101.625347 
2323.581236  	101.505386 
2325.012894  	101.483056 
2326.444552  	101.398642 
2327.876210  	101.220475 
2329.307868  	101.118213 
2330.739527  	101.031021 
2332.171185  	101.035036 
2333.602843  	101.102389 
2335.034501  	101.073921 
2336.466159  	101.061711 
2337.897818  	101.040110 
2339.329476  	100.966534 
2340.761134  	100.890033 
2342.192792  	100.838528 
2343.624450  	100.929875 
2345.056108  	100.993690 
2346.487767  	101.202095 
2347.919425  	101.782966 
2349.351083  	101.998460 
2350.782741  	101.586275 
2352.214399  	101.110662 
2353.646058  	100.797836 
2355.077716  	100.456291 
2356.509374  	100.117586 
2357.941032  	99.820608 
2359.372690  	99.841675 
2360.804349  	100.064823 
2362.236007  	100.043808 
2363.667665  	100.024218 
2365.099323  	100.107946 
2366.530981  	100.195426 
2367.962639  	100.391905 
2369.394298  	100.600777 
2370.825956  	100.844981 
2372.257614  	101.126131 
2373.689272  	101.397877 
2375.120930  	101.797684 
2376.552589  	102.125133 
2377.984247  	102.292379 
2379.415905  	102.544565 
2380.847563  	102.807585 
2382.279221  	103.007340 
2383.710879  	103.206427 
2385.142538  	103.358462 
2386.574196  	103.427406 
2388.005854  	103.390704 
2389.437512  	103.397246 
2390.869170  	103.492085 
2392.300829  	103.440020 
2393.732487  	103.374864 
2395.164145  	103.422721 
2396.595803  	103.398515 
2398.027461  	103.388368 
2399.459120  	103.384992 
2400.890778  	103.325477 
2402.322436  	103.372128 
2403.754094  	103.401004 
2405.185752  	103.339739 
2406.617410  	103.276982 
2408.049069  	103.181914 
2409.480727  	103.219690 
2410.912385  	103.311475 
2412.344043  	103.256018 
2413.775701  	103.268454 
2415.207360  	103.323227 
2416.639018  	103.333840 
2418.070676  	103.395425 
2419.502334  	103.361495 
2420.933992  	103.348502 
2422.365651  	103.450355 
2423.797309  	103.416168 
2425.228967  	103.405903 
2426.660625  	103.497176 
2428.092283  	103.453022 
2429.523941  	103.375349 
2430.955600  	103.349895 
2432.387258  	103.347143 
2433.818916  	103.377797 
2435.250574  	103.389734 
2436.682232  	103.441130 
2438.113891  	103.496229 
2439.545549  	103.481409 
2440.977207  	103.461169 
2442.408865  	103.374740 
2443.840523  	103.312972 
2445.272181  	103.383862 
2446.703840  	103.425908 
2448.135498  	103.465390 
2449.567156  	103.517081 
2450.998814  	103.519529 
2452.430472  	103.561970 
2453.862131  	103.493393 
2455.293789  	103.320821 
2456.725447  	103.322783 
2458.157105  	103.385079 
2459.588763  	103.386488 
2461.020422  	103.406638 
2462.452080  	103.412556 
2463.883738  	103.403418 
2465.315396  	103.377402 
2466.747054  	103.379294 
2468.178712  	103.439680 
2469.610371  	103.447616 
2471.042029  	103.459068 
2472.473687  	103.469632 
2473.905345  	103.390085 
2475.337003  	103.381046 
2476.768662  	103.405698 
2478.200320  	103.384050 
2479.631978  	103.444803 
2481.063636  	103.470321 
2482.495294  	103.430955 
2483.926953  	103.447328 
2485.358611  	103.450017 
2486.790269  	103.491905 
2488.221927  	103.564809 
2489.653585  	103.552325 
2491.085243  	103.514855 
2492.516902  	103.446639 
2493.948560  	103.433570 
2495.380218  	103.540342 
2496.811876  	103.584297 
2498.243534  	103.637336 
2499.675193  	103.722573 
2501.106851  	103.657283 
2502.538509  	103.616247 
2503.970167  	103.689414 
2505.401825  	103.738682 
2506.833483  	103.769579 
2508.265142  	103.731872 
2509.696800  	103.662748 
2511.128458  	103.659531 
2512.560116  	103.663068 
2513.991774  	103.713676 
2515.423433  	103.808552 
2516.855091  	103.826656 
2518.286749  	103.783335 
2519.718407  	103.744639 
2521.150065  	103.745493 
2522.581724  	103.726828 
2524.013382  	103.691344 
2525.445040  	103.737345 
2526.876698  	103.733041 
2528.308356  	103.682977 
2529.740014  	103.734005 
2531.171673  	103.689134 
2532.603331  	103.582600 
2534.034989  	103.618436 
2535.466647  	103.621940 
2536.898305  	103.622153 
2538.329964  	103.743790 
2539.761622  	103.773093 
2541.193280  	103.699218 
2542.624938  	103.711538 
2544.056596  	103.805346 
2545.488254  	103.844466 
2546.919913  	103.763973 
2548.351571  	103.698230 
2549.783229  	103.737921 
2551.214887  	103.806363 
2552.646545  	103.838423 
2554.078204  	103.812470 
2555.509862  	103.792351 
2556.941520  	103.841523 
2558.373178  	103.947968 
2559.804836  	104.015040 
2561.236495  	103.868931 
2562.668153  	103.694228 
2564.099811  	103.771202 
2565.531469  	103.884599 
2566.963127  	103.934642 
2568.394785  	103.953710 
2569.826444  	103.768392 
2571.258102  	103.598936 
2572.689760  	103.624742 
2574.121418  	103.633792 
2575.553076  	103.679896 
2576.984735  	103.759660 
2578.416393  	103.723911 
2579.848051  	103.677013 
2581.279709  	103.649189 
2582.711367  	103.663449 
2584.143026  	103.718062 
2585.574684  	103.667700 
2587.006342  	103.651722 
2588.438000  	103.729080 
2589.869658  	103.716537 
2591.301316  	103.721774 
2592.732975  	103.775950 
2594.164633  	103.732539 
2595.596291  	103.670342 
2597.027949  	103.664001 
2598.459607  	103.695504 
2599.891266  	103.702969 
2601.322924  	103.616142 
2602.754582  	103.557528 
2604.186240  	103.642343 
2605.617898  	103.781153 
2607.049556  	103.812818 
2608.481215  	103.708607 
2609.912873  	103.660437 
2611.344531  	103.727663 
2612.776189  	103.770444 
2614.207847  	103.771028 
2615.639506  	103.755599 
2617.071164  	103.777952 
2618.502822  	103.864638 
2619.934480  	103.872916 
2621.366138  	103.823530 
2622.797797  	103.823184 
2624.229455  	103.802448 
2625.661113  	103.800812 
2627.092771  	103.854813 
2628.524429  	103.864675 
2629.956087  	103.864373 
2631.387746  	103.891185 
2632.819404  	103.890228 
2634.251062  	103.870431 
2635.682720  	103.866152 
2637.114378  	103.894953 
2638.546037  	103.922518 
2639.977695  	103.902289 
2641.409353  	103.869352 
2642.841011  	103.857072 
2644.272669  	103.861262 
2645.704328  	103.866617 
2647.135986  	103.861043 
2648.567644  	103.865421 
2649.999302  	103.878430 
2651.430960  	103.891424 
2652.862618  	103.895436 
2654.294277  	103.869529 
2655.725935  	103.871748 
2657.157593  	103.897234 
2658.589251  	103.860195 
2660.020909  	103.827542 
2661.452568  	103.837103 
2662.884226  	103.820675 
2664.315884  	103.816549 
2665.747542  	103.830907 
2667.179200  	103.816624 
2668.610858  	103.813799 
2670.042517  	103.827700 
2671.474175  	103.817196 
2672.905833  	103.781591 
2674.337491  	103.772438 
2675.769149  	103.826990 
2677.200808  	103.851036 
2678.632466  	103.796908 
2680.064124  	103.767039 
2681.495782  	103.781229 
2682.927440  	103.798220 
2684.359099  	103.816478 
2685.790757  	103.823195 
2687.222415  	103.822150 
2688.654073  	103.811601 
2690.085731  	103.784605 
2691.517389  	103.768723 
2692.949048  	103.780439 
2694.380706  	103.802324 
2695.812364  	103.779570 
2697.244022  	103.729795 
2698.675680  	103.735913 
2700.107339  	103.751741 
2701.538997  	103.751969 
2702.970655  	103.783703 
2704.402313  	103.772690 
2705.833971  	103.721942 
2707.265630  	103.716187 
2708.697288  	103.709872 
2710.128946  	103.681740 
2711.560604  	103.644221 
2712.992262  	103.603919 
2714.423920  	103.616718 
2715.855579  	103.646332 
2717.287237  	103.641532 
2718.718895  	103.635262 
2720.150553  	103.640443 
2721.582211  	103.669596 
2723.013870  	103.689818 
2724.445528  	103.676667 
2725.877186  	103.682060 
2727.308844  	103.669536 
2728.740502  	103.631431 
2730.172160  	103.625330 
2731.603819  	103.619437 
2733.035477  	103.636973 
2734.467135  	103.658945 
2735.898793  	103.611842 
2737.330451  	103.605303 
2738.762110  	103.644685 
2740.193768  	103.628184 
2741.625426  	103.626964 
2743.057084  	103.640332 
2744.488742  	103.624949 
2745.920401  	103.629080 
2747.352059  	103.635817 
2748.783717  	103.649480 
2750.215375  	103.668774 
2751.647033  	103.657797 
2753.078691  	103.658942 
2754.510350  	103.637293 
2755.942008  	103.568289 
2757.373666  	103.545391 
2758.805324  	103.566062 
2760.236982  	103.591572 
2761.668641  	103.596223 
2763.100299  	103.549696 
2764.531957  	103.501323 
2765.963615  	103.462945 
2767.395273  	103.453550 
2768.826931  	103.485185 
2770.258590  	103.444801 
2771.690248  	103.390844 
2773.121906  	103.427649 
2774.553564  	103.428005 
2775.985222  	103.390955 
2777.416881  	103.398355 
2778.848539  	103.402969 
2780.280197  	103.418499 
2781.711855  	103.448295 
2783.143513  	103.463579 
2784.575172  	103.462953 
2786.006830  	103.408656 
2787.438488  	103.375425 
2788.870146  	103.421261 
2790.301804  	103.451370 
2791.733462  	103.471729 
2793.165121  	103.499215 
2794.596779  	103.493149 
2796.028437  	103.501115 
2797.460095  	103.510089 
2798.891753  	103.492335 
2800.323412  	103.491509 
2801.755070  	103.466725 
2803.186728  	103.414411 
2804.618386  	103.405277 
2806.050044  	103.402263 
2807.481703  	103.366118 
2808.913361  	103.350441 
2810.345019  	103.366221 
2811.776677  	103.368411 
2813.208335  	103.379802 
2814.639993  	103.432469 
2816.071652  	103.461327 
2817.503310  	103.434623 
2818.934968  	103.400003 
2820.366626  	103.386941 
2821.798284  	103.402256 
2823.229943  	103.413495 
2824.661601  	103.416931 
2826.093259  	103.430551 
2827.524917  	103.404337 
2828.956575  	103.389042 
2830.388233  	103.434861 
2831.819892  	103.430210 
2833.251550  	103.391717 
2834.683208  	103.367138 
2836.114866  	103.296713 
2837.546524  	103.244821 
2838.978183  	103.222395 
2840.409841  	103.183359 
2841.841499  	103.184036 
2843.273157  	103.156540 
2844.704815  	103.082615 
2846.136474  	103.059978 
2847.568132  	103.007493 
2848.999790  	102.900041 
2850.431448  	102.819939 
2851.863106  	102.765646 
2853.294764  	102.749018 
2854.726423  	102.709256 
2856.158081  	102.605268 
2857.589739  	102.513200 
2859.021397  	102.396719 
2860.453055  	102.256335 
2861.884714  	102.120725 
2863.316372  	101.865015 
2864.748030  	101.527194 
2866.179688  	101.244078 
2867.611346  	100.963200 
2869.043005  	100.634734 
2870.474663  	100.324779 
2871.906321  	100.142124 
2873.337979  	100.112540 
2874.769637  	100.146711 
2876.201295  	100.227428 
2877.632954  	100.393990 
2879.064612  	100.627756 
2880.496270  	100.875300 
2881.927928  	101.062926 
2883.359586  	101.190118 
2884.791245  	101.288006 
2886.222903  	101.323203 
2887.654561  	101.302229 
2889.086219  	101.229522 
2890.517877  	101.151770 
2891.949535  	101.175780 
2893.381194  	101.220834 
2894.812852  	101.226448 
2896.244510  	101.280866 
2897.676168  	101.338287 
2899.107826  	101.374109 
2900.539485  	101.405025 
2901.971143  	101.362018 
2903.402801  	101.316849 
2904.834459  	101.289617 
2906.266117  	101.164164 
2907.697776  	101.015738 
2909.129434  	100.918316 
2910.561092  	100.837502 
2911.992750  	100.800864 
2913.424408  	100.787671 
2914.856066  	100.776368 
2916.287725  	100.803478 
2917.719383  	100.829858 
2919.151041  	100.799403 
2920.582699  	100.702030 
2922.014357  	100.542578 
2923.446016  	100.335989 
2924.877674  	100.121860 
2926.309332  	99.930988 
2927.740990  	99.699505 
2929.172648  	99.437685 
2930.604306  	99.261437 
2932.035965  	99.123815 
2933.467623  	98.985519 
2934.899281  	98.938160 
2936.330939  	98.956332 
2937.762597  	99.001566 
2939.194256  	99.099077 
2940.625914  	99.192811 
2942.057572  	99.242970 
2943.489230  	99.270683 
2944.920888  	99.300835 
2946.352547  	99.329333 
2947.784205  	99.297041 
2949.215863  	99.219418 
2950.647521  	99.140893 
2952.079179  	98.988102 
2953.510837  	98.682223 
2954.942496  	98.218195 
2956.374154  	97.677144 
2957.805812  	97.109037 
2959.237470  	96.424284 
2960.669128  	95.633993 
2962.100787  	94.862320 
2963.532445  	94.166595 
2964.964103  	93.583187 
2966.395761  	93.141846 
2967.827419  	92.932884 
2969.259078  	93.015695 
2970.690736  	93.226699 
2972.122394  	93.487517 
2973.554052  	93.934262 
2974.985710  	94.509664 
2976.417368  	95.070023 
2977.849027  	95.673764 
2979.280685  	96.318763 
2980.712343  	96.925317 
2982.144001  	97.525593 
2983.575659  	98.125887 
2985.007318  	98.677994 
2986.438976  	99.172417 
2987.870634  	99.620415 
2989.302292  	100.025080 
2990.733950  	100.390333 
2992.165608  	100.750232 
2993.597267  	101.105673 
2995.028925  	101.410563 
2996.460583  	101.669135 
2997.892241  	101.900558 
2999.323899  	102.090959 
3000.755558  	102.248132 
3002.187216  	102.422748 
3003.618874  	102.610493 
3005.050532  	102.728154 
3006.482190  	102.824825 
3007.913849  	102.982072 
3009.345507  	103.081562 
3010.777165  	103.102820 
3012.208823  	103.177690 
3013.640481  	103.283404 
3015.072139  	103.342921 
3016.503798  	103.342604 
3017.935456  	103.311345 
3019.367114  	103.290069 
3020.798772  	103.261383 
3022.230430  	103.261994 
3023.662089  	103.279593 
3025.093747  	103.204207 
3026.525405  	103.114925 
3027.957063  	103.050385 
3029.388721  	102.916589 
3030.820380  	102.798775 
3032.252038  	102.686423 
3033.683696  	102.484511 
3035.115354  	102.306853 
3036.547012  	102.148211 
3037.978670  	101.946672 
3039.410329  	101.813645 
3040.841987  	101.765463 
3042.273645  	101.769786 
3043.705303  	101.855460 
3045.136961  	101.945929 
3046.568620  	101.979268 
3048.000278  	102.023657 
3049.431936  	102.095683 
3050.863594  	102.124996 
3052.295252  	102.105272 
3053.726910  	102.065607 
3055.158569  	101.998389 
3056.590227  	101.958410 
3058.021885  	101.961160 
3059.453543  	101.935860 
3060.885201  	101.937429 
3062.316860  	101.979745 
3063.748518  	102.016441 
3065.180176  	102.137989 
3066.611834  	102.263602 
3068.043492  	102.282777 
3069.475151  	102.370160 
3070.906809  	102.505992 
3072.338467  	102.534847 
3073.770125  	102.560058 
3075.201783  	102.643155 
3076.633441  	102.726820 
3078.065100  	102.808499 
3079.496758  	102.887573 
3080.928416  	102.943480 
3082.360074  	102.959836 
3083.791732  	103.017654 
3085.223391  	103.135298 
3086.655049  	103.166826 
3088.086707  	103.168510 
3089.518365  	103.248477 
3090.950023  	103.297293 
3092.381682  	103.308714 
3093.813340  	103.337000 
3095.244998  	103.372262 
3096.676656  	103.428074 
3098.108314  	103.441587 
3099.539972  	103.422912 
3100.971631  	103.434688 
3102.403289  	103.420997 
3103.834947  	103.393564 
3105.266605  	103.358037 
3106.698263  	103.324121 
3108.129922  	103.377634 
3109.561580  	103.407680 
3110.993238  	103.384357 
3112.424896  	103.433537 
3113.856554  	103.442990 
3115.288212  	103.395421 
3116.719871  	103.405775 
3118.151529  	103.443089 
3119.583187  	103.516991 
3121.014845  	103.531101 
3122.446503  	103.459413 
3123.878162  	103.526434 
3125.309820  	103.614457 
3126.741478  	103.573209 
3128.173136  	103.597865 
3129.604794  	103.664964 
3131.036453  	103.690412 
3132.468111  	103.729521 
3133.899769  	103.707451 
3135.331427  	103.642001 
3136.763085  	103.615113 
3138.194743  	103.623904 
3139.626402  	103.702892 
3141.058060  	103.800744 
3142.489718  	103.861949 
3143.921376  	103.907841 
3145.353034  	103.898940 
3146.784693  	103.856871 
3148.216351  	103.819274 
3149.648009  	103.793871 
3151.079667  	103.838830 
3152.511325  	103.892414 
3153.942983  	103.906371 
3155.374642  	103.946266 
3156.806300  	103.947698 
3158.237958  	103.921688 
3159.669616  	103.971462 
3161.101274  	103.977505 
3162.532933  	103.894117 
3163.964591  	103.875710 
3165.396249  	103.904950 
3166.827907  	103.906774 
3168.259565  	103.943130 
3169.691224  	103.967569 
3171.122882  	103.913240 
3172.554540  	103.916264 
3173.986198  	103.967897 
3175.417856  	103.914264 
3176.849514  	103.862386 
3178.281173  	103.882773 
3179.712831  	103.864343 
3181.144489  	103.849463 
3182.576147  	103.864869 
3184.007805  	103.882716 
3185.439464  	103.950761 
3186.871122  	103.982040 
3188.302780  	103.924667 
3189.734438  	103.878082 
3191.166096  	103.846641 
3192.597755  	103.818351 
3194.029413  	103.804066 
3195.461071  	103.826949 
3196.892729  	103.923922 
3198.324387  	103.977525 
3199.756045  	103.947053 
3201.187704  	103.946262 
3202.619362  	103.936120 
3204.051020  	103.913810 
3205.482678  	103.926758 
3206.914336  	103.898030 
3208.345995  	103.863116 
3209.777653  	103.875960 
3211.209311  	103.884632 
3212.640969  	103.908385 
3214.072627  	103.944977 
3215.504285  	103.948125 
3216.935944  	103.912944 
3218.367602  	103.863238 
3219.799260  	103.870570 
3221.230918  	103.920535 
3222.662576  	103.932826 
3224.094235  	103.914610 
3225.525893  	103.903073 
3226.957551  	103.937012 
3228.389209  	103.954059 
3229.820867  	103.898568 
3231.252526  	103.913836 
3232.684184  	103.970508 
3234.115842  	103.938235 
3235.547500  	103.935526 
3236.979158  	103.953489 
3238.410816  	103.917471 
3239.842475  	103.946881 
3241.274133  	104.002112 
3242.705791  	103.981303 
3244.137449  	103.945065 
3245.569107  	103.936926 
3247.000766  	103.952918 
3248.432424  	103.935711 
3249.864082  	103.895032 
3251.295740  	103.925623 
3252.727398  	103.949888 
3254.159057  	103.900279 
3255.590715  	103.882142 
3257.022373  	103.947310 
3258.454031  	104.038271 
3259.885689  	104.042827 
3261.317347  	103.970455 
3262.749006  	103.932760 
3264.180664  	103.898315 
3265.612322  	103.894770 
3267.043980  	103.972496 
3268.475638  	103.981912 
3269.907297  	103.925135 
3271.338955  	103.906726 
3272.770613  	103.892981 
3274.202271  	103.924867 
3275.633929  	103.984549 
3277.065587  	103.964094 
3278.497246  	103.925090 
3279.928904  	103.912476 
3281.360562  	103.890499 
3282.792220  	103.874649 
3284.223878  	103.863967 
3285.655537  	103.855783 
3287.087195  	103.860626 
3288.518853  	103.897088 
3289.950511  	103.971395 
3291.382169  	103.998770 
3292.813828  	103.934873 
3294.245486  	103.870469 
3295.677144  	103.899513 
3297.108802  	103.993761 
3298.540460  	104.016500 
3299.972118  	103.961353 
3301.403777  	103.952155 
3302.835435  	103.978299 
3304.267093  	103.983483 
3305.698751  	103.968587 
3307.130409  	103.937352 
3308.562068  	103.925704 
3309.993726  	103.933352 
3311.425384  	103.934471 
3312.857042  	103.935660 
3314.288700  	103.941914 
3315.720359  	103.967541 
3317.152017  	103.946546 
3318.583675  	103.875147 
3320.015333  	103.920651 
3321.446991  	104.021726 
3322.878649  	104.034987 
3324.310308  	104.063962 
3325.741966  	104.092077 
3327.173624  	104.037239 
3328.605282  	103.983207 
3330.036940  	103.949605 
3331.468599  	103.932885 
3332.900257  	103.939467 
3334.331915  	103.944098 
3335.763573  	103.967779 
3337.195231  	103.965315 
3338.626889  	103.943569 
3340.058548  	103.970167 
3341.490206  	103.960384 
3342.921864  	103.947073 
3344.353522  	103.990720 
3345.785180  	103.953790 
3347.216839  	103.910644 
3348.648497  	103.964883 
3350.080155  	103.959098 
3351.511813  	103.919469 
3352.943471  	103.971121 
3354.375130  	104.024143 
3355.806788  	104.008201 
3357.238446  	103.974787 
3358.670104  	103.984140 
3360.101762  	104.014356 
3361.533420  	104.001463 
3362.965079  	103.975575 
3364.396737  	103.974861 
3365.828395  	103.963752 
3367.260053  	103.937434 
3368.691711  	103.927395 
3370.123370  	103.923653 
3371.555028  	103.900491 
3372.986686  	103.895898 
3374.418344  	103.906896 
3375.850002  	103.875778 
3377.281660  	103.882282 
3378.713319  	103.962017 
3380.144977  	103.998237 
3381.576635  	103.981361 
3383.008293  	103.933096 
3384.439951  	103.877643 
3385.871610  	103.896603 
3387.303268  	103.930248 
3388.734926  	103.940513 
3390.166584  	103.958554 
3391.598242  	103.922778 
3393.029901  	103.922623 
3394.461559  	104.026770 
3395.893217  	104.056335 
3397.324875  	103.976112 
3398.756533  	103.887733 
3400.188191  	103.858683 
3401.619850  	103.914462 
3403.051508  	103.964128 
3404.483166  	103.960199 
3405.914824  	103.919411 
3407.346482  	103.859186 
3408.778141  	103.869368 
3410.209799  	103.906421 
3411.641457  	103.922025 
3413.073115  	103.961935 
3414.504773  	103.898093 
3415.936432  	103.814221 
3417.368090  	103.897548 
3418.799748  	103.921603 
3420.231406  	103.862736 
3421.663064  	103.901575 
3423.094722  	103.892411 
3424.526381  	103.880672 
3425.958039  	103.970191 
3427.389697  	103.974742 
3428.821355  	103.922181 
3430.253013  	103.910665 
3431.684672  	103.877367 
3433.116330  	103.872185 
3434.547988  	103.896243 
3435.979646  	103.915353 
3437.411304  	103.984890 
3438.842962  	104.003930 
3440.274621  	103.913780 
3441.706279  	103.890870 
3443.137937  	103.939335 
3444.569595  	103.900021 
3446.001253  	103.849431 
3447.432912  	103.885093 
3448.864570  	103.909762 
3450.296228  	103.911764 
3451.727886  	103.899660 
3453.159544  	103.834127 
3454.591203  	103.842794 
3456.022861  	103.905348 
3457.454519  	103.861406 
3458.886177  	103.838865 
3460.317835  	103.904666 
3461.749493  	103.933696 
3463.181152  	103.916452 
3464.612810  	103.853019 
3466.044468  	103.833485 
3467.476126  	103.916240 
3468.907784  	103.905821 
3470.339443  	103.834216 
3471.771101  	103.861066 
3473.202759  	103.864214 
3474.634417  	103.789287 
3476.066075  	103.718734 
3477.497734  	103.697869 
3478.929392  	103.739414 
3480.361050  	103.751785 
3481.792708  	103.704796 
3483.224366  	103.680525 
3484.656024  	103.717955 
3486.087683  	103.822507 
3487.519341  	103.876236 
3488.950999  	103.830976 
3490.382657  	103.844074 
3491.814315  	103.869311 
3493.245974  	103.820961 
3494.677632  	103.774443 
3496.109290  	103.712106 
3497.540948  	103.646609 
3498.972606  	103.644499 
3500.404264  	103.693590 
3501.835923  	103.755130 
3503.267581  	103.711350 
3504.699239  	103.613189 
3506.130897  	103.651175 
3507.562555  	103.742080 
3508.994214  	103.782208 
3510.425872  	103.746023 
3511.857530  	103.697662 
3513.289188  	103.796474 
3514.720846  	103.873930 
3516.152505  	103.757646 
3517.584163  	103.680157 
3519.015821  	103.671479 
3520.447479  	103.626045 
3521.879137  	103.659492 
3523.310795  	103.718547 
3524.742454  	103.677053 
3526.174112  	103.615077 
3527.605770  	103.602079 
3529.037428  	103.628962 
3530.469086  	103.608611 
3531.900745  	103.570190 
3533.332403  	103.635280 
3534.764061  	103.700239 
3536.195719  	103.670491 
3537.627377  	103.627717 
3539.059035  	103.615545 
3540.490694  	103.639305 
3541.922352  	103.685805 
3543.354010  	103.737276 
3544.785668  	103.807654 
3546.217326  	103.829473 
3547.648985  	103.771839 
3549.080643  	103.707007 
3550.512301  	103.669401 
3551.943959  	103.676460 
3553.375617  	103.688272 
3554.807276  	103.671382 
3556.238934  	103.659627 
3557.670592  	103.644366 
3559.102250  	103.696076 
3560.533908  	103.800503 
3561.965566  	103.743913 
3563.397225  	103.626674 
3564.828883  	103.717500 
3566.260541  	103.944324 
3567.692199  	104.008495 
3569.123857  	103.847064 
3570.555516  	103.781020 
3571.987174  	103.823328 
3573.418832  	103.861565 
3574.850490  	103.909013 
3576.282148  	103.900533 
3577.713807  	103.797654 
3579.145465  	103.780121 
3580.577123  	103.824137 
3582.008781  	103.813271 
3583.440439  	103.833740 
3584.872097  	103.869216 
3586.303756  	103.889246 
3587.735414  	103.967673 
3589.167072  	103.989260 
3590.598730  	103.916966 
3592.030388  	103.876013 
3593.462047  	103.889786 
3594.893705  	103.939959 
3596.325363  	103.955884 
3597.757021  	103.936216 
3599.188679  	103.939917 
3600.620337  	103.963889 
3602.051996  	103.981801 
3603.483654  	103.981970 
3604.915312  	104.013727 
3606.346970  	104.078315 
3607.778628  	104.061826 
3609.210287  	103.997640 
3610.641945  	104.015635 
3612.073603  	104.015719 
3613.505261  	103.968631 
3614.936919  	103.956570 
3616.368578  	103.972739 
3617.800236  	104.003252 
3619.231894  	104.112941 
3620.663552  	104.229394 
3622.095210  	104.087998 
3623.526868  	103.862981 
3624.958527  	103.879160 
3626.390185  	104.006927 
3627.821843  	103.946104 
3629.253501  	103.805518 
3630.685159  	103.808845 
3632.116818  	103.851234 
3633.548476  	103.956717 
3634.980134  	104.025063 
3636.411792  	103.968578 
3637.843450  	103.942335 
3639.275109  	103.977908 
3640.706767  	104.008570 
3642.138425  	104.003681 
3643.570083  	104.018855 
3645.001741  	104.056604 
3646.433399  	104.033897 
3647.865058  	104.084740 
3649.296716  	104.251754 
3650.728374  	104.150177 
3652.160032  	104.066459 
3653.591690  	104.168376 
3655.023349  	104.161747 
3656.455007  	104.023835 
3657.886665  	103.966379 
3659.318323  	103.966259 
3660.749981  	103.911609 
3662.181639  	103.867534 
3663.613298  	103.928296 
3665.044956  	103.972489 
3666.476614  	103.909690 
3667.908272  	103.909315 
3669.339930  	103.971843 
3670.771589  	103.865143 
3672.203247  	103.767693 
3673.634905  	103.767530 
3675.066563  	103.700761 
3676.498221  	103.771112 
3677.929880  	103.983717 
3679.361538  	104.051680 
3680.793196  	104.025692 
3682.224854  	104.019672 
3683.656512  	103.999009 
3685.088170  	103.892607 
3686.519829  	103.862835 
3687.951487  	103.933999 
3689.383145  	103.975485 
3690.814803  	104.069773 
3692.246461  	104.178841 
3693.678120  	104.164759 
3695.109778  	104.145709 
3696.541436  	104.105511 
3697.973094  	104.016130 
3699.404752  	104.051951 
3700.836411  	104.201768 
3702.268069  	104.250522 
3703.699727  	104.112999 
3705.131385  	104.021218 
3706.563043  	104.044745 
3707.994701  	104.080802 
3709.426360  	104.168255 
3710.858018  	104.307535 
3712.289676  	104.214166 
3713.721334  	104.066742 
3715.152992  	104.134802 
3716.584651  	104.220954 
3718.016309  	104.262569 
3719.447967  	104.220303 
3720.879625  	104.085617 
3722.311283  	104.006368 
3723.742941  	104.036177 
3725.174600  	104.076522 
3726.606258  	104.046042 
3728.037916  	103.995134 
3729.469574  	104.040321 
3730.901232  	104.013717 
3732.332891  	103.855514 
3733.764549  	103.927956 
3735.196207  	104.081136 
3736.627865  	104.040490 
3738.059523  	104.075103 
3739.491182  	104.078582 
3740.922840  	104.044045 
3742.354498  	104.179191 
3743.786156  	104.334776 
3745.217814  	104.263032 
3746.649472  	104.185140 
3748.081131  	104.179123 
3749.512789  	104.111513 
3750.944447  	104.166328 
3752.376105  	104.353532 
3753.807763  	104.343803 
3755.239422  	104.238508 
3756.671080  	104.243739 
3758.102738  	104.287138 
3759.534396  	104.280997 
3760.966054  	104.267872 
3762.397712  	104.205244 
3763.829371  	104.159826 
3765.261029  	104.243926 
3766.692687  	104.335282 
3768.124345  	104.286656 
3769.556003  	104.224588 
3770.987662  	104.209340 
3772.419320  	104.280564 
3773.850978  	104.392462 
3775.282636  	104.407610 
3776.714294  	104.364385 
3778.145953  	104.402102 
3779.577611  	104.374067 
3781.009269  	104.251897 
3782.440927  	104.318459 
3783.872585  	104.434362 
3785.304243  	104.418216 
3786.735902  	104.386929 
3788.167560  	104.371468 
3789.599218  	104.322792 
3791.030876  	104.304061 
3792.462534  	104.308975 
3793.894193  	104.368836 
3795.325851  	104.416146 
3796.757509  	104.303380 
3798.189167  	104.288962 
3799.620825  	104.410242 
3801.052484  	104.325758 
3802.484142  	104.141979 
3803.915800  	104.221863 
3805.347458  	104.264998 
3806.779116  	104.282112 
3808.210774  	104.345563 
3809.642433  	104.340687 
3811.074091  	104.257095 
3812.505749  	104.172633 
3813.937407  	104.225085 
3815.369065  	104.259641 
3816.800724  	104.114613 
3818.232382  	104.175243 
3819.664040  	104.299764 
3821.095698  	104.265362 
3822.527356  	104.300898 
3823.959014  	104.353095 
3825.390673  	104.248822 
3826.822331  	104.137770 
3828.253989  	104.144840 
3829.685647  	104.194932 
3831.117305  	104.215056 
3832.548964  	104.182301 
3833.980622  	104.149472 
3835.412280  	104.115992 
3836.843938  	104.127907 
3838.275596  	104.268071 
3839.707255  	104.353856 
3841.138913  	104.340222 
3842.570571  	104.328248 
3844.002229  	104.265993 
3845.433887  	104.243427 
3846.865545  	104.265420 
3848.297204  	104.217172 
3849.728862  	104.198550 
3851.160520  	104.260765 
3852.592178  	104.236529 
3854.023836  	104.142429 
3855.455495  	104.249928 
3856.887153  	104.287619 
3858.318811  	104.234658 
3859.750469  	104.206051 
3861.182127  	104.217928 
3862.613786  	104.251820 
3864.045444  	104.297756 
3865.477102  	104.197381 
3866.908760  	104.033925 
3868.340418  	104.076657 
3869.772076  	104.168454 
3871.203735  	104.190762 
3872.635393  	104.265869 
3874.067051  	104.233877 
3875.498709  	104.071500 
3876.930367  	104.154701 
3878.362026  	104.238623 
3879.793684  	104.061797 
3881.225342  	103.946700 
3882.657000  	104.142933 
3884.088658  	104.213851 
3885.520316  	104.089548 
3886.951975  	103.999491 
3888.383633  	104.026320 
3889.815291  	104.033391 
3891.246949  	104.109099 
3892.678607  	104.203263 
3894.110266  	104.135663 
3895.541924  	104.090587 
3896.973582  	104.170036 
3898.405240  	104.280987 
3899.836898  	104.301113 
3901.268557  	104.144332 
3902.700215  	104.008758 
3904.131873  	104.050424 
3905.563531  	104.090272 
3906.995189  	104.106220 
3908.426847  	104.217833 
3909.858506  	104.268263 
3911.290164  	104.152257 
3912.721822  	104.053915 
3914.153480  	104.094655 
3915.585138  	104.142514 
3917.016797  	104.122960 
3918.448455  	104.137952 
3919.880113  	104.183165 
3921.311771  	104.191900 
3922.743429  	104.230902 
3924.175088  	104.269050 
3925.606746  	104.200933 
3927.038404  	104.145394 
3928.470062  	104.176840 
3929.901720  	104.207751 
3931.333378  	104.238094 
3932.765037  	104.260529 
3934.196695  	104.190116 
3935.628353  	104.111377 
3937.060011  	104.134995 
3938.491669  	104.204278 
3939.923328  	104.214266 
3941.354986  	104.172991 
3942.786644  	104.137543 
3944.218302  	104.159779 
3945.649960  	104.218022 
3947.081618  	104.253425 
3948.513277  	104.257976 
3949.944935  	104.210803 
3951.376593  	104.111372 
3952.808251  	104.067463 
3954.239909  	104.107384 
3955.671568  	104.115164 
3957.103226  	104.086306 
3958.534884  	104.119707 
3959.966542  	104.168026 
3961.398200  	104.136498 
3962.829859  	104.132839 
3964.261517  	104.217294 
3965.693175  	104.179803 
3967.124833  	104.023718 
3968.556491  	104.001133 
3969.988149  	104.086427 
3971.419808  	104.146992 
3972.851466  	104.197082 
3974.283124  	104.189348 
3975.714782  	104.147599 
3977.146440  	104.174650 
3978.578099  	104.242242 
3980.009757  	104.298916 
3981.441415  	104.271285 
3982.873073  	104.152117 
3984.304731  	104.088367 
3985.736389  	104.087037 
3987.168048  	104.096529 
3988.599706  	104.140777 
3990.031364  	104.146980 
3991.463022  	104.120204 
3992.894680  	104.140686 
3994.326339  	104.163717 
3995.757997  	104.198838 
3997.189655  	104.216138 
3998.621313  	104.117018 
4000.052971  	104.046013 
4001.484630  	104.130990 
4002.916288  	104.205909 
4004.347946  	104.182841 
4005.779604  	104.190354 
4007.211262  	104.244508 
4008.642920  	104.232517 
4010.074579  	104.206848 
4011.506237  	104.242414 
4012.937895  	104.209899 
4014.369553  	104.105612 
4015.801211  	104.079035 
4017.232870  	104.112429 
4018.664528  	104.141454 
4020.096186  	104.133327 
4021.527844  	104.103295 
4022.959502  	104.157603 
4024.391161  	104.220400 
4025.822819  	104.190774 
4027.254477  	104.216970 
4028.686135  	104.284013 
4030.117793  	104.231553 
4031.549451  	104.128091 
4032.981110  	104.064035 
4034.412768  	104.062573 
4035.844426  	104.141683 
4037.276084  	104.183116 
4038.707742  	104.110046 
4040.139401  	104.044668 
4041.571059  	104.068649 
4043.002717  	104.106442 
4044.434375  	104.091800 
4045.866033  	104.059514 
4047.297691  	104.041084 
4048.729350  	104.038967 
4050.161008  	104.063535 
4051.592666  	104.050777 
4053.024324  	103.989587 
4054.455982  	104.001227 
4055.887641  	104.038858 
4057.319299  	103.973073 
4058.750957  	103.923405 
4060.182615  	103.999352 
4061.614273  	104.073703 
4063.045932  	104.058290 
4064.477590  	103.988177 
4065.909248  	103.887766 
4067.340906  	103.829269 
4068.772564  	103.880803 
4070.204222  	103.934772 
4071.635881  	103.901893 
4073.067539  	103.885547 
4074.499197  	103.908557 
4075.930855  	103.881415 
4077.362513  	103.869279 
4078.794172  	103.916075 
4080.225830  	103.897323 
4081.657488  	103.830699 
4083.089146  	103.846342 
4084.520804  	103.898000 
4085.952463  	103.910933 
4087.384121  	103.916934 
4088.815779  	103.937554 
4090.247437  	103.985239 
4091.679095  	104.027983 
4093.110753  	103.998667 
4094.542412  	103.970447 
4095.974070  	104.018206 
4097.405728  	104.019679 
4098.837386  	103.926239 
4100.269044  	103.914673 
4101.700703  	104.066736 
4103.132361  	104.233755 
4104.564019  	104.287317 
4105.995677  	104.228250 
4107.427335  	104.121723 
4108.858993  	104.086140 
4110.290652  	104.112452 
4111.722310  	104.081903 
4113.153968  	104.079474 
4114.585626  	104.143061 
4116.017284  	104.111212 
4117.448943  	104.095082 
4118.880601  	104.193713 
4120.312259  	104.190627 
4121.743917  	104.126418 
4123.175575  	104.167097 
4124.607234  	104.232010 
4126.038892  	104.292803 
4127.470550  	104.307110 
4128.902208  	104.209963 
4130.333866  	104.129004 
4131.765524  	104.135747 
4133.197183  	104.197722 
4134.628841  	104.244628 
4136.060499  	104.175568 
4137.492157  	104.112408 
4138.923815  	104.164838 
4140.355474  	104.223699 
4141.787132  	104.264679 
4143.218790  	104.254028 
4144.650448  	104.163039 
4146.082106  	104.139646 
4147.513764  	104.185167 
4148.945423  	104.184384 
4150.377081  	104.153634 
4151.808739  	104.123027 
4153.240397  	104.112369 
4154.672055  	104.143233 
4156.103714  	104.215530 
4157.535372  	104.259406 
4158.967030  	104.192595 
4160.398688  	104.156380 
4161.830346  	104.216952 
4163.262005  	104.217439 
4164.693663  	104.201235 
4166.125321  	104.167513 
4167.556979  	104.064594 
4168.988637  	104.094225 
4170.420295  	104.151655 
4171.851954  	104.066055 
4173.283612  	104.077822 
4174.715270  	104.127346 
4176.146928  	104.047304 
4177.578586  	104.016089 
4179.010245  	104.065689 
4180.441903  	104.181748 
4181.873561  	104.291768 
4183.305219  	104.169558 
4184.736877  	104.023552 
4186.168536  	104.068068 
4187.600194  	104.081372 
4189.031852  	104.077330 
4190.463510  	104.166098 
4191.895168  	104.203972 
4193.326826  	104.183740 
4194.758485  	104.191951 
4196.190143  	104.190262 
4197.621801  	104.137928 
4199.053459  	104.089262 
4200.485117  	104.093259 
4201.916776  	104.081751 
4203.348434  	104.066137 
4204.780092  	104.102306 
4206.211750  	104.096709 
4207.643408  	104.108336 
4209.075066  	104.222215 
4210.506725  	104.227259 
4211.938383  	104.095153 
4213.370041  	104.050351 
4214.801699  	104.106802 
4216.233357  	104.181625 
4217.665016  	104.259645 
4219.096674  	104.287502 
4220.528332  	104.213602 
4221.959990  	104.088791 
4223.391648  	104.020137 
4224.823307  	104.038089 
4226.254965  	104.111447 
4227.686623  	104.169244 
4229.118281  	104.131776 
4230.549939  	104.095732 
4231.981597  	104.143868 
4233.413256  	104.157217 
4234.844914  	104.127937 
4236.276572  	104.112664 
4237.708230  	104.072536 
4239.139888  	104.084036 
4240.571547  	104.182404 
4242.003205  	104.229344 
4243.434863  	104.193613 
4244.866521  	104.159809 
4246.298179  	104.148316 
4247.729838  	104.112631 
4249.161496  	104.069574 
4250.593154  	104.107290 
4252.024812  	104.190319 
4253.456470  	104.241290 
4254.888128  	104.254304 
4256.319787  	104.184907 
4257.751445  	104.112801 
4259.183103  	104.171723 
4260.614761  	104.230533 
4262.046419  	104.192767 
4263.478078  	104.167359 
4264.909736  	104.145164 
4266.341394  	104.084632 
4267.773052  	104.087369 
4269.204710  	104.184760 
4270.636368  	104.261528 
4272.068027  	104.261405 
4273.499685  	104.237862 
4274.931343  	104.196288 
4276.363001  	104.119601 
4277.794659  	104.064656 
4279.226318  	104.070209 
4280.657976  	104.139025 
4282.089634  	104.237244 
4283.521292  	104.266831 
4284.952950  	104.219151 
4286.384609  	104.183852 
4287.816267  	104.183916 
4289.247925  	104.188479 
4290.679583  	104.185383 
4292.111241  	104.204961 
4293.542899  	104.251050 
4294.974558  	104.248376 
4296.406216  	104.174048 
4297.837874  	104.089193 
4299.269532  	104.041982 
4300.701190  	104.049763 
4302.132849  	104.091455 
4303.564507  	104.126472 
4304.996165  	104.124575 
4306.427823  	104.113069 
4307.859481  	104.130836 
4309.291140  	104.089033 
4310.722798  	104.031487 
4312.154456  	104.168133 
4313.586114  	104.314267 
4315.017772  	104.227994 
4316.449430  	104.150157 
4317.881089  	104.169925 
4319.312747  	104.124935 
4320.744405  	104.092520 
4322.176063  	104.103246 
4323.607721  	104.092642 
4325.039380  	104.101665 
4326.471038  	104.048150 
4327.902696  	103.923162 
4329.334354  	103.947393 
4330.766012  	104.118596 
4332.197670  	104.184652 
4333.629329  	104.070761 
4335.060987  	103.984331 
4336.492645  	104.105489 
4337.924303  	104.275292 
4339.355961  	104.259581 
4340.787620  	104.153617 
4342.219278  	104.123783 
4343.650936  	104.108229 
4345.082594  	104.064530 
4346.514252  	104.092310 
4347.945911  	104.180672 
4349.377569  	104.194586 
4350.809227  	104.118659 
4352.240885  	104.077501 
4353.672543  	104.141224 
4355.104201  	104.216209 
4356.535860  	104.182927 
4357.967518  	104.089284 
4359.399176  	104.048500 
4360.830834  	104.064999 
4362.262492  	104.099919 
4363.694151  	104.149290 
4365.125809  	104.216078 
4366.557467  	104.278750 
4367.989125  	104.300399 
4369.420783  	104.268827 
4370.852441  	104.183982 
4372.284100  	104.082788 
4373.715758  	104.075851 
4375.147416  	104.191211 
4376.579074  	104.270414 
4378.010732  	104.190340 
4379.442391  	104.080880 
4380.874049  	104.111738 
4382.305707  	104.207232 
4383.737365  	104.237079 
4385.169023  	104.200388 
4386.600682  	104.145014 
4388.032340  	104.198529 
4389.463998  	104.324457 
4390.895656  	104.287910 
4392.327314  	104.232861 
4393.758972  	104.328031 
4395.190631  	104.299876 
4396.622289  	104.188662 
4398.053947  	104.232297 
4399.485605  	104.229897 
4400.917263  	104.155702 
4402.348922  	104.207879 
4403.780580  	104.277561 
4405.212238  	104.294633 
4406.643896  	104.305801 
4408.075554  	104.255084 
4409.507213  	104.161628 
4410.938871  	104.100757 
4412.370529  	104.126011 
4413.802187  	104.183937 
4415.233845  	104.135795 
4416.665503  	104.093941 
4418.097162  	104.170039 
4419.528820  	104.191044 
4420.960478  	104.158753 
4422.392136  	104.203089 
4423.823794  	104.269801 
4425.255453  	104.317713 
4426.687111  	104.286428 
4428.118769  	104.148545 
4429.550427  	104.108619 
4430.982085  	104.219905 
4432.413743  	104.270918 
4433.845402  	104.198970 
4435.277060  	104.109603 
4436.708718  	104.075004 
4438.140376  	104.104324 
4439.572034  	104.163987 
4441.003693  	104.233131 
4442.435351  	104.306634 
4443.867009  	104.370416 
4445.298667  	104.426814 
4446.730325  	104.451196 
4448.161984  	104.414011 
4449.593642  	104.380352 
4451.025300  	104.379576 
4452.456958  	104.322645 
4453.888616  	104.275851 
4455.320274  	104.382507 
4456.751933  	104.467518 
4458.183591  	104.376581 
4459.615249  	104.306516 
4461.046907  	104.308522 
4462.478565  	104.279609 
4463.910224  	104.319407 
4465.341882  	104.392470 
4466.773540  	104.335770 
4468.205198  	104.273673 
4469.636856  	104.303122 
4471.068515  	104.286353 
4472.500173  	104.201000 
4473.931831  	104.161120 
4475.363489  	104.222644 
4476.795147  	104.325616 
4478.226805  	104.355374 
4479.658464  	104.342004 
4481.090122  	104.395462 
4482.521780  	104.464228 
4483.953438  	104.440178 
4485.385096  	104.372722 
4486.816755  	104.381515 
4488.248413  	104.422033 
4489.680071  	104.383027 
4491.111729  	104.367877 
4492.543387  	104.439298 
4493.975045  	104.399048 
4495.406704  	104.261949 
4496.838362  	104.251477 
4498.270020  	104.317531 
4499.701678  	104.360830 
4501.133336  	104.403236 
4502.564995  	104.337747 
4503.996653  	104.193882 
4505.428311  	104.214985 
4506.859969  	104.348568 
4508.291627  	104.352765 
4509.723286  	104.254232 
4511.154944  	104.218937 
4512.586602  	104.283098 
4514.018260  	104.368260 
4515.449918  	104.421319 
4516.881576  	104.463456 
4518.313235  	104.458828 
4519.744893  	104.369099 
4521.176551  	104.320694 
4522.608209  	104.382437 
4524.039867  	104.451460 
4525.471526  	104.497843 
4526.903184  	104.500634 
4528.334842  	104.383789 
4529.766500  	104.284042 
4531.198158  	104.345424 
4532.629817  	104.385370 
4534.061475  	104.307325 
4535.493133  	104.328452 
4536.924791  	104.448834 
4538.356449  	104.407483 
4539.788107  	104.255529 
4541.219766  	104.263619 
4542.651424  	104.385219 
4544.083082  	104.403130 
4545.514740  	104.363053 
4546.946398  	104.445533 
4548.378057  	104.592019 
4549.809715  	104.563186 
4551.241373  	104.391260 
4552.673031  	104.350149 
4554.104689  	104.396229 
4555.536347  	104.360025 
4556.968006  	104.394089 
4558.399664  	104.493772 
4559.831322  	104.414265 
4561.262980  	104.267505 
4562.694638  	104.263873 
4564.126297  	104.346929 
4565.557955  	104.450601 
4566.989613  	104.491597 
4568.421271  	104.392355 
4569.852929  	104.262744 
4571.284588  	104.216718 
4572.716246  	104.289206 
4574.147904  	104.413483 
4575.579562  	104.382448 
4577.011220  	104.245467 
4578.442878  	104.282847 
4579.874537  	104.402904 
4581.306195  	104.366080 
4582.737853  	104.320855 
4584.169511  	104.399368 
4585.601169  	104.414577 
4587.032828  	104.350854 
4588.464486  	104.373421 
4589.896144  	104.404947 
4591.327802  	104.341082 
4592.759460  	104.288856 
4594.191118  	104.311106 
4595.622777  	104.370450 
4597.054435  	104.435122 
4598.486093  	104.486885 
4599.917751  	104.486894 
4601.349409  	104.389280 
4602.781068  	104.312246 
4604.212726  	104.377794 
4605.644384  	104.446701 
4607.076042  	104.469954 
4608.507700  	104.531858 
4609.939359  	104.549221 
4611.371017  	104.501378 
4612.802675  	104.409079 
4614.234333  	104.258123 
4615.665991  	104.232132 
4617.097649  	104.344094 
4618.529308  	104.373152 
4619.960966  	104.357778 
4621.392624  	104.369572 
4622.824282  	104.346726 
4624.255940  	104.315089 
4625.687599  	104.329267 
4627.119257  	104.436407 
4628.550915  	104.476889 
4629.982573  	104.264654 
4631.414231  	104.120799 
4632.845890  	104.262345 
4634.277548  	104.362042 
4635.709206  	104.308098 
4637.140864  	104.283732 
4638.572522  	104.332480 
4640.004180  	104.398873 
4641.435839  	104.429660 
4642.867497  	104.458499 
4644.299155  	104.470396 
4645.730813  	104.393116 
4647.162471  	104.324969 
4648.594130  	104.277510 
4650.025788  	104.220705 
4651.457446  	104.293124 
4652.889104  	104.375036 
4654.320762  	104.325150 
4655.752420  	104.327775 
4657.184079  	104.349074 
4658.615737  	104.251919 
4660.047395  	104.180117 
4661.479053  	104.229238 
4662.910711  	104.336112 
4664.342370  	104.400548 
4665.774028  	104.396042 
4667.205686  	104.387929 
4668.637344  	104.338803 
4670.069002  	104.299278 
4671.500661  	104.401759 
4672.932319  	104.490728 
4674.363977  	104.480830 
4675.795635  	104.502811 
4677.227293  	104.476467 
4678.658951  	104.345204 
4680.090610  	104.298157 
4681.522268  	104.393174 
4682.953926  	104.473461 
4684.385584  	104.500090 
4685.817242  	104.567620 
4687.248901  	104.543271 
4688.680559  	104.361443 
4690.112217  	104.330297 
4691.543875  	104.404105 
4692.975533  	104.327244 
4694.407192  	104.321466 
4695.838850  	104.357656 
4697.270508  	104.211894 
4698.702166  	104.229783 
4700.133824  	104.459584 
4701.565482  	104.476486 
4702.997141  	104.366446 
4704.428799  	104.367062 
4705.860457  	104.365825 
4707.292115  	104.286454 
4708.723773  	104.241268 
4710.155432  	104.356577 
4711.587090  	104.498218 
4713.018748  	104.462946 
4714.450406  	104.406133 
4715.882064  	104.457975 
4717.313722  	104.484691 
4718.745381  	104.491947 
4720.177039  	104.541712 
4721.608697  	104.537270 
4723.040355  	104.417567 
4724.472013  	104.287712 
4725.903672  	104.309458 
4727.335330  	104.459775 
4728.766988  	104.529281 
4730.198646  	104.448185 
4731.630304  	104.383637 
4733.061963  	104.444933 
4734.493621  	104.521767 
4735.925279  	104.555401 
4737.356937  	104.574982 
4738.788595  	104.493025 
4740.220253  	104.399031 
4741.651912  	104.476761 
4743.083570  	104.545514 
4744.515228  	104.508938 
4745.946886  	104.514870 
4747.378544  	104.531568 
4748.810203  	104.561180 
4750.241861  	104.560980 
4751.673519  	104.411791 
4753.105177  	104.357012 
4754.536835  	104.460119 
4755.968493  	104.474436 
4757.400152  	104.493946 
4758.831810  	104.487569 
4760.263468  	104.316553 
4761.695126  	104.279961 
4763.126784  	104.435935 
4764.558443  	104.488166 
4765.990101  	104.386644 
4767.421759  	104.264229 
4768.853417  	104.299848 
4770.285075  	104.394432 
4771.716734  	104.340138 
4773.148392  	104.390889 
4774.580050  	104.545732 
4776.011708  	104.473185 
4777.443366  	104.420092 
4778.875024  	104.519847 
4780.306683  	104.483591 
4781.738341  	104.431185 
4783.169999  	104.473006 
4784.601657  	104.450990 
4786.033315  	104.464094 
4787.464974  	104.560141 
4788.896632  	104.566624 
4790.328290  	104.472626 
4791.759948  	104.418322 
4793.191606  	104.487718 
4794.623265  	104.564172 
4796.054923  	104.486528 
4797.486581  	104.356028 
4798.918239  	104.361309 
4800.349897  	104.472527 
4801.781555  	104.518343 
4803.213214  	104.454873 
4804.644872  	104.406867 
4806.076530  	104.406916 
4807.508188  	104.401941 
4808.939846  	104.433752 
4810.371505  	104.501099 
4811.803163  	104.519873 
4813.234821  	104.517663 
4814.666479  	104.567235 
4816.098137  	104.599830 
4817.529795  	104.543852 
4818.961454  	104.529320 
4820.393112  	104.602040 
4821.824770  	104.558188 
4823.256428  	104.397012 
4824.688086  	104.386532 
4826.119745  	104.566090 
4827.551403  	104.677795 
4828.983061  	104.579106 
4830.414719  	104.449574 
4831.846377  	104.455859 
4833.278036  	104.480835 
4834.709694  	104.436167 
4836.141352  	104.445288 
4837.573010  	104.581547 
4839.004668  	104.701056 
4840.436326  	104.625866 
4841.867985  	104.479303 
4843.299643  	104.480057 
4844.731301  	104.556829 
4846.162959  	104.592949 
4847.594617  	104.539141 
4849.026276  	104.375428 
4850.457934  	104.322380 
4851.889592  	104.443656 
4853.321250  	104.445725 
4854.752908  	104.337094 
4856.184567  	104.362947 
4857.616225  	104.457070 
4859.047883  	104.459350 
4860.479541  	104.446054 
4861.911199  	104.501546 
4863.342857  	104.471157 
4864.774516  	104.367329 
4866.206174  	104.460253 
4867.637832  	104.610582 
4869.069490  	104.543945 
4870.501148  	104.488643 
4871.932807  	104.623915 
4873.364465  	104.775764 
4874.796123  	104.772638 
4876.227781  	104.601577 
4877.659439  	104.485775 
4879.091097  	104.543659 
4880.522756  	104.578033 
4881.954414  	104.500289 
4883.386072  	104.373021 
4884.817730  	104.346361 
4886.249388  	104.557739 
4887.681047  	104.701018 
4889.112705  	104.583192 
4890.544363  	104.575204 
4891.976021  	104.651770 
4893.407679  	104.496380 
4894.839338  	104.408644 
4896.270996  	104.562382 
4897.702654  	104.567115 
4899.134312  	104.435021 
4900.565970  	104.473267 
4901.997628  	104.567756 
4903.429287  	104.582470 
4904.860945  	104.560549 
4906.292603  	104.484625 
4907.724261  	104.465318 
4909.155919  	104.532428 
4910.587578  	104.528434 
4912.019236  	104.530610 
4913.450894  	104.544322 
4914.882552  	104.426010 
4916.314210  	104.409517 
4917.745869  	104.589287 
4919.177527  	104.594396 
4920.609185  	104.381525 
4922.040843  	104.321208 
4923.472501  	104.528688 
4924.904159  	104.720013 
4926.335818  	104.741151 
4927.767476  	104.743516 
4929.199134  	104.722412 
4930.630792  	104.621789 
4932.062450  	104.530197 
4933.494109  	104.471374 
4934.925767  	104.571887 
4936.357425  	104.755498 
4937.789083  	104.665626 
4939.220741  	104.498093 
4940.652399  	104.484243 
4942.084058  	104.453282 
4943.515716  	104.577252 
4944.947374  	104.813146 
4946.379032  	104.807888 
4947.810690  	104.732352 
4949.242349  	104.670661 
4950.674007  	104.572803 
4952.105665  	104.591964 
4953.537323  	104.489382 
4954.968981  	104.269322 
4956.400640  	104.406447 
4957.832298  	104.709974 
4959.263956  	104.774354 
4960.695614  	104.707373 
4962.127272  	104.627331 
4963.558930  	104.521173 
4964.990589  	104.471172 
4966.422247  	104.567086 
4967.853905  	104.615342 
4969.285563  	104.437190 
4970.717221  	104.348534 
4972.148880  	104.468695 
4973.580538  	104.508850 
4975.012196  	104.510853 
4976.443854  	104.553241 
4977.875512  	104.557007 
4979.307170  	104.568495 
4980.738829  	104.570887 
4982.170487  	104.637453 
4983.602145  	104.760379 
4985.033803  	104.666843 
4986.465461  	104.523492 
4987.897120  	104.591554 
4989.328778  	104.657297 
4990.760436  	104.646571 
4992.192094  	104.629904 
4993.623752  	104.619079 
4995.055411  	104.683045 
4996.487069  	104.724365 
4997.918727  	104.733758 
4999.350385  	104.790793 
5000.782043  	104.696798 
5002.213701  	104.497285 
5003.645360  	104.498621 
5005.077018  	104.672361 
5006.508676  	104.826115 
5007.940334  	104.790265 
5009.371992  	104.598760 
5010.803651  	104.585244 
5012.235309  	104.726031 
5013.666967  	104.681125 
5015.098625  	104.543376 
5016.530283  	104.492923 
5017.961942  	104.453981 
5019.393600  	104.580083 
5020.825258  	104.843658 
5022.256916  	104.723249 
5023.688574  	104.368934 
5025.120232  	104.427174 
5026.551891  	104.701247 
5027.983549  	104.767498 
5029.415207  	104.685907 
5030.846865  	104.553075 
5032.278523  	104.617165 
5033.710182  	104.825308 
5035.141840  	104.646559 
5036.573498  	104.343116 
5038.005156  	104.451101 
5039.436814  	104.631179 
5040.868472  	104.635354 
5042.300131  	104.602719 
5043.731789  	104.507950 
5045.163447  	104.473649 
5046.595105  	104.597470 
5048.026763  	104.673042 
5049.458422  	104.604904 
5050.890080  	104.473672 
5052.321738  	104.393944 
5053.753396  	104.508958 
5055.185054  	104.776898 
5056.616713  	104.890273 
5058.048371  	104.684185 
5059.480029  	104.470206 
5060.911687  	104.518195 
5062.343345  	104.663700 
5063.775003  	104.734356 
5065.206662  	104.713889 
5066.638320  	104.671212 
5068.069978  	104.689703 
5069.501636  	104.631634 
5070.933294  	104.476326 
5072.364953  	104.460518 
5073.796611  	104.556515 
5075.228269  	104.646823 
5076.659927  	104.763048 
5078.091585  	104.792890 
5079.523244  	104.695314 
5080.954902  	104.625040 
5082.386560  	104.639851 
5083.818218  	104.691414 
5085.249876  	104.677201 
5086.681534  	104.555700 
5088.113193  	104.454984 
5089.544851  	104.477861 
5090.976509  	104.597828 
5092.408167  	104.700842 
5093.839825  	104.665094 
5095.271484  	104.485416 
5096.703142  	104.310742 
5098.134800  	104.375247 
5099.566458  	104.647346 
5100.998116  	104.727520 
5102.429774  	104.525379 
5103.861433  	104.411969 
5105.293091  	104.570441 
5106.724749  	104.788767 
5108.156407  	104.737652 
5109.588065  	104.514070 
5111.019724  	104.541454 
5112.451382  	104.609299 
5113.883040  	104.413469 
5115.314698  	104.495477 
5116.746356  	104.841786 
5118.178015  	104.694902 
5119.609673  	104.423825 
5121.041331  	104.638153 
5122.472989  	104.761900 
5123.904647  	104.508758 
5125.336305  	104.340326 
5126.767964  	104.394549 
5128.199622  	104.545139 
5129.631280  	104.593860 
5131.062938  	104.478861 
5132.494596  	104.498491 
5133.926255  	104.653957 
5135.357913  	104.722892 
5136.789571  	104.762872 
5138.221229  	104.719360 
5139.652887  	104.580345 
5141.084546  	104.560990 
5142.516204  	104.595053 
5143.947862  	104.566249 
5145.379520  	104.572571 
5146.811178  	104.583976 
5148.242836  	104.546799 
5149.674495  	104.603396 
5151.106153  	104.783911 
5152.537811  	104.806667 
5153.969469  	104.663066 
5155.401127  	104.661161 
5156.832786  	104.628176 
5158.264444  	104.442136 
5159.696102  	104.421639 
5161.127760  	104.442251 
5162.559418  	104.481678 
5163.991076  	104.681150 
5165.422735  	104.562262 
5166.854393  	104.348202 
5168.286051  	104.522639 
5169.717709  	104.515309 
5171.149367  	104.461391 
5172.581026  	104.808483 
5174.012684  	104.819233 
5175.444342  	104.532484 
5176.876000  	104.566783 
5178.307658  	104.644703 
5179.739317  	104.673902 
5181.170975  	104.630127 
5182.602633  	104.345658 
5184.034291  	104.313836 
5185.465949  	104.600062 
5186.897607  	104.664671 
5188.329266  	104.610848 
5189.760924  	104.587108 
5191.192582  	104.510230 
5192.624240  	104.633589 
5194.055898  	104.922189 
5195.487557  	104.846503 
5196.919215  	104.434583 
5198.350873  	104.324180 
5199.782531  	104.518918 
5201.214189  	104.606554 
5202.645847  	104.704630 
5204.077506  	104.762134 
5205.509164  	104.660222 
5206.940822  	104.755504 
5208.372480  	104.935732 
5209.804138  	104.870335 
5211.235797  	104.824565 
5212.667455  	104.821137 
5214.099113  	104.794096 
5215.530771  	104.847899 
5216.962429  	104.835847 
5218.394088  	104.747881 
5219.825746  	104.655642 
5221.257404  	104.529845 
5222.689062  	104.628421 
5224.120720  	104.856006 
5225.552378  	104.705555 
5226.984037  	104.367857 
5228.415695  	104.374861 
5229.847353  	104.584062 
5231.279011  	104.701462 
5232.710669  	104.623625 
5234.142328  	104.489698 
5235.573986  	104.559202 
5237.005644  	104.816279 
5238.437302  	104.930066 
5239.868960  	104.859860 
5241.300619  	104.858989 
5242.732277  	104.862444 
5244.163935  	104.804563 
5245.595593  	104.855502 
5247.027251  	104.839552 
5248.458909  	104.681637 
5249.890568  	104.635340 
5251.322226  	104.614130 
5252.753884  	104.603045 
5254.185542  	104.745729 
5255.617200  	104.812350 
5257.048859  	104.726487 
5258.480517  	104.712896 
5259.912175  	104.767932 
5261.343833  	104.809546 
5262.775491  	104.724116 
5264.207149  	104.527918 
5265.638808  	104.478750 
5267.070466  	104.694035 
5268.502124  	105.014670 
5269.933782  	105.047471 
5271.365440  	104.727988 
5272.797099  	104.608903 
5274.228757  	104.668734 
5275.660415  	104.589420 
5277.092073  	104.639442 
5278.523731  	104.794042 
5279.955390  	104.773304 
5281.387048  	104.818773 
5282.818706  	104.987670 
5284.250364  	105.058106 
5285.682022  	104.988472 
5287.113680  	104.757961 
5288.545339  	104.558524 
5289.976997  	104.547055 
5291.408655  	104.589633 
5292.840313  	104.643160 
5294.271971  	104.661865 
5295.703630  	104.591924 
5297.135288  	104.684035 
5298.566946  	104.898975 
5299.998604  	104.869151 
5301.430262  	104.676896 
5302.861921  	104.616481 
5304.293579  	104.738620 
5305.725237  	104.939032 
5307.156895  	104.933252 
5308.588553  	104.697530 
5310.020211  	104.659463 
5311.451870  	104.754328 
5312.883528  	104.609267 
5314.315186  	104.374754 
5315.746844  	104.330066 
5317.178502  	104.379906 
5318.610161  	104.437789 
5320.041819  	104.620848 
5321.473477  	104.879494 
5322.905135  	104.884156 
5324.336793  	104.547466 
5325.768451  	104.288343 
5327.200110  	104.390575 
5328.631768  	104.630985 
5330.063426  	104.616220 
5331.495084  	104.422525 
5332.926742  	104.442137 
5334.358401  	104.627795 
5335.790059  	104.532314 
5337.221717  	104.353768 
5338.653375  	104.487990 
5340.085033  	104.608190 
5341.516692  	104.557073 
5342.948350  	104.629743 
5344.380008  	104.605031 
5345.811666  	104.330679 
5347.243324  	104.390707 
5348.674982  	104.748023 
5350.106641  	104.932767 
5351.538299  	104.919154 
5352.969957  	104.821815 
5354.401615  	104.671165 
5355.833273  	104.697994 
5357.264932  	104.716398 
5358.696590  	104.562210 
5360.128248  	104.560563 
5361.559906  	104.675573 
5362.991564  	104.709386 
5364.423222  	104.818540 
5365.854881  	104.829363 
5367.286539  	104.633044 
5368.718197  	104.592143 
5370.149855  	104.745605 
5371.581513  	104.859061 
5373.013172  	104.835951 
5374.444830  	104.817010 
5375.876488  	105.005731 
5377.308146  	105.125672 
5378.739804  	105.033683 
5380.171463  	105.076998 
5381.603121  	105.094761 
5383.034779  	104.964259 
5384.466437  	104.875829 
5385.898095  	104.757789 
5387.329753  	104.749282 
5388.761412  	104.806372 
5390.193070  	104.689193 
5391.624728  	104.741648 
5393.056386  	104.860271 
5394.488044  	104.754816 
5395.919703  	104.863958 
5397.351361  	104.923705 
5398.783019  	104.725771 
5400.214677  	104.821881 
5401.646335  	104.903023 
5403.077994  	104.747718 
5404.509652  	104.790773 
5405.941310  	104.794470 
5407.372968  	104.731627 
5408.804626  	104.800137 
5410.236284  	104.687471 
5411.667943  	104.744286 
5413.099601  	105.106860 
5414.531259  	104.983533 
5415.962917  	104.734424 
5417.394575  	105.049856 
5418.826234  	105.374872 
5420.257892  	105.335520 
5421.689550  	105.108962 
5423.121208  	104.784407 
5424.552866  	104.492501 
5425.984524  	104.401232 
5427.416183  	104.464263 
5428.847841  	104.505658 
5430.279499  	104.470171 
5431.711157  	104.573461 
5433.142815  	104.886870 
5434.574474  	105.094331 
5436.006132  	104.920797 
5437.437790  	104.729535 
5438.869448  	104.736680 
5440.301106  	104.661445 
5441.732765  	104.552617 
5443.164423  	104.654509 
5444.596081  	104.673567 
5446.027739  	104.474461 
5447.459397  	104.421558 
5448.891055  	104.567255 
5450.322714  	104.649463 
5451.754372  	104.682606 
5453.186030  	104.750078 
5454.617688  	104.834307 
5456.049346  	104.931601 
5457.481005  	104.910897 
5458.912663  	104.761981 
5460.344321  	104.740210 
5461.775979  	104.812336 
5463.207637  	104.849338 
5464.639296  	104.892346 
5466.070954  	104.767561 
5467.502612  	104.585321 
5468.934270  	104.623440 
5470.365928  	104.617880 
5471.797586  	104.594179 
5473.229245  	104.740572 
5474.660903  	104.775704 
5476.092561  	104.802060 
5477.524219  	104.942772 
5478.955877  	104.887422 
5480.387536  	104.852473 
5481.819194  	104.957931 
5483.250852  	104.883158 
5484.682510  	104.629833 
5486.114168  	104.505206 
5487.545826  	104.745127 
5488.977485  	104.973093 
5490.409143  	104.875271 
5491.840801  	104.996002 
5493.272459  	105.193493 
5494.704117  	105.068800 
5496.135776  	105.082741 
5497.567434  	104.894354 
5498.999092  	104.391925 
5500.430750  	104.442652 
5501.862408  	104.775614 
5503.294067  	104.931145 
5504.725725  	104.954883 
5506.157383  	104.532093 
5507.589041  	104.240976 
5509.020699  	104.599727 
5510.452357  	104.915932 
5511.884016  	105.102617 
5513.315674  	105.173798 
5514.747332  	104.929101 
5516.178990  	104.916082 
5517.610648  	105.117181 
5519.042307  	105.075199 
5520.473965  	104.936442 
5521.905623  	104.789356 
5523.337281  	104.812904 
5524.768939  	104.991806 
5526.200598  	104.977587 
5527.632256  	104.987923 
5529.063914  	105.092819 
5530.495572  	104.996364 
5531.927230  	104.864604 
5533.358888  	104.777713 
5534.790547  	104.668280 
5536.222205  	104.619267 
5537.653863  	104.560544 
5539.085521  	104.472116 
5540.517179  	104.443033 
5541.948838  	104.520777 
5543.380496  	104.702791 
5544.812154  	104.911249 
5546.243812  	105.064548 
5547.675470  	104.940478 
5549.107128  	104.675488 
5550.538787  	104.695729 
5551.970445  	104.531914 
5553.402103  	104.091747 
5554.833761  	104.286777 
5556.265419  	104.764435 
5557.697078  	104.814173 
5559.128736  	104.911840 
5560.560394  	105.003732 
5561.992052  	104.744202 
5563.423710  	104.604995 
5564.855369  	104.671272 
5566.287027  	104.628138 
5567.718685  	104.605664 
5569.150343  	104.767616 
5570.582001  	104.966616 
5572.013659  	105.094291 
5573.445318  	105.181003 
5574.876976  	105.123242 
5576.308634  	104.919463 
5577.740292  	104.837830 
5579.171950  	104.966059 
5580.603609  	105.186812 
5582.035267  	105.195349 
5583.466925  	104.808792 
5584.898583  	104.476220 
5586.330241  	104.431511 
5587.761899  	104.590977 
5589.193558  	105.036553 
5590.625216  	105.252067 
5592.056874  	105.010634 
5593.488532  	104.909358 
5594.920190  	104.709523 
5596.351849  	104.303691 
5597.783507  	104.328443 
5599.215165  	104.428453 
5600.646823  	104.438101 
5602.078481  	104.834406 
5603.510140  	104.937509 
5604.941798  	104.498472 
5606.373456  	104.530138 
5607.805114  	104.908066 
5609.236772  	104.954962 
5610.668430  	105.000402 
5612.100089  	105.117764 
5613.531747  	104.938602 
5614.963405  	104.740624 
5616.395063  	104.675787 
5617.826721  	104.591691 
5619.258380  	104.695477 
5620.690038  	104.814358 
5622.121696  	104.737067 
5623.553354  	104.848281 
5624.985012  	104.904423 
5626.416671  	104.684225 
5627.848329  	104.761393 
5629.279987  	104.815746 
5630.711645  	104.374845 
5632.143303  	104.183942 
5633.574961  	104.613830 
5635.006620  	105.144520 
5636.438278  	105.330492 
5637.869936  	105.260577 
5639.301594  	105.318834 
5640.733252  	105.299866 
5642.164911  	104.993099 
5643.596569  	104.744244 
5645.028227  	104.508534 
5646.459885  	104.380775 
5647.891543  	104.734610 
5649.323201  	105.053314 
5650.754860  	104.762436 
5652.186518  	104.414889 
5653.618176  	104.713743 
5655.049834  	105.179002 
5656.481492  	105.115947 
5657.913151  	105.086109 
5659.344809  	105.100375 
5660.776467  	104.569646 
5662.208125  	104.504584 
5663.639783  	105.004095 
5665.071442  	104.873557 
5666.503100  	104.856451 
5667.934758  	105.203038 
5669.366416  	104.798684 
5670.798074  	104.369676 
5672.229732  	104.587801 
5673.661391  	104.848175 
5675.093049  	105.070317 
5676.524707  	105.139175 
5677.956365  	105.126730 
5679.388023  	105.362168 
5680.819682  	105.328455 
5682.251340  	104.969316 
5683.682998  	104.892692 
5685.114656  	104.955791 
5686.546314  	104.904530 
5687.977973  	104.831780 
5689.409631  	104.748928 
5690.841289  	104.715537 
5692.272947  	104.879825 
5693.704605  	105.075008 
5695.136263  	104.912259 
5696.567922  	104.666692 
5697.999580  	104.742927 
5699.431238  	104.828692 
5700.862896  	104.934276 
5702.294554  	105.130596 
5703.726213  	105.110698 
5705.157871  	105.220877 
5706.589529  	105.346884 
5708.021187  	104.997729 
5709.452845  	104.812554 
5710.884503  	104.835994 
5712.316162  	104.709487 
5713.747820  	104.922410 
5715.179478  	105.082025 
5716.611136  	104.833302 
5718.042794  	104.970318 
5719.474453  	105.261403 
5720.906111  	105.012767 
5722.337769  	104.578506 
5723.769427  	104.624159 
5725.201085  	105.261810 
5726.632744  	105.518874 
5728.064402  	104.975301 
5729.496060  	104.782255 
5730.927718  	105.076062 
5732.359376  	105.012441 
5733.791034  	104.736663 
5735.222693  	104.609982 
5736.654351  	104.698470 
5738.086009  	104.948367 
5739.517667  	105.069558 
5740.949325  	104.991995 
5742.380984  	104.834196 
5743.812642  	104.800084 
5745.244300  	104.909695 
5746.675958  	104.699118 
5748.107616  	104.462456 
5749.539275  	104.807558 
5750.970933  	105.152109 
5752.402591  	104.974905 
5753.834249  	104.597524 
5755.265907  	104.381416 
5756.697565  	104.605291 
5758.129224  	104.957696 
5759.560882  	104.988847 
5760.992540  	104.917653 
5762.424198  	104.742366 
5763.855856  	104.580495 
5765.287515  	104.863405 
5766.719173  	105.201253 
5768.150831  	105.373338 
5769.582489  	105.426307 
5771.014147  	104.908527 
5772.445805  	104.611647 
5773.877464  	105.265965 
5775.309122  	105.547622 
5776.740780  	105.251284 
5778.172438  	105.414626 
5779.604096  	105.630932 
5781.035755  	105.520401 
5782.467413  	105.397852 
5783.899071  	105.253928 
5785.330729  	105.307724 
5786.762387  	105.237134 
5788.194046  	104.532794 
5789.625704  	103.960372 
5791.057362  	104.048685 
5792.489020  	104.594338 
5793.920678  	105.291518 
5795.352336  	105.367335 
5796.783995  	104.951175 
5798.215653  	104.853673 
5799.647311  	104.827291 
5801.078969  	104.881508 
5802.510627  	105.184862 
5803.942286  	105.013456 
5805.373944  	104.596966 
5806.805602  	104.717315 
5808.237260  	104.947404 
5809.668918  	104.961744 
5811.100576  	104.893909 
5812.532235  	104.452591 
5813.963893  	103.901312 
5815.395551  	103.994325 
5816.827209  	104.575452 
5818.258867  	105.166371 
5819.690526  	105.632139 
5821.122184  	105.247088 
5822.553842  	104.175529 
5823.985500  	104.194078 
5825.417158  	105.073011 
5826.848817  	105.125233 
5828.280475  	104.905374 
5829.712133  	104.997666 
5831.143791  	104.815765 
5832.575449  	104.803792 
5834.007107  	104.975137 
5835.438766  	104.799336 
5836.870424  	104.840992 
5838.302082  	105.062682 
5839.733740  	104.997337 
5841.165398  	105.005342 
5842.597057  	105.048482 
5844.028715  	104.924804 
5845.460373  	104.779607 
5846.892031  	104.587920 
5848.323689  	104.764385 
5849.755348  	105.329955 
5851.187006  	105.335252 
5852.618664  	104.972718 
5854.050322  	105.109974 
5855.481980  	105.128755 
5856.913638  	104.623929 
5858.345297  	104.647351 
5859.776955  	105.114639 
5861.208613  	104.947817 
5862.640271  	104.682640 
5864.071929  	105.026025 
5865.503588  	105.374031 
5866.935246  	105.393401 
5868.366904  	105.157827 
5869.798562  	104.990447 
5871.230220  	105.243773 
5872.661878  	105.186178 
5874.093537  	104.654130 
5875.525195  	104.337831 
5876.956853  	104.008213 
5878.388511  	104.013526 
5879.820169  	104.667343 
5881.251828  	104.782583 
5882.683486  	104.496440 
5884.115144  	104.652248 
5885.546802  	104.706072 
5886.978460  	104.828911 
5888.410119  	105.232289 
5889.841777  	105.206151 
5891.273435  	105.052316 
5892.705093  	104.868861 
5894.136751  	104.314498 
5895.568409  	104.279307 
5897.000068  	104.907793 
5898.431726  	105.058203 
5899.863384  	104.808627 
5901.295042  	104.850484 
5902.726700  	105.034419 
5904.158359  	104.950265 
5905.590017  	104.674240 
5907.021675  	104.673870 
5908.453333  	105.109840 
5909.884991  	105.451839 
5911.316650  	105.386336 
5912.748308  	105.268692 
5914.179966  	105.126689 
5915.611624  	104.717232 
5917.043282  	104.483516 
5918.474940  	104.658768 
5919.906599  	104.837251 
5921.338257  	104.805746 
5922.769915  	104.400952 
5924.201573  	104.115615 
5925.633231  	104.698384 
5927.064890  	105.149370 
5928.496548  	104.914811 
5929.928206  	105.008627 
5931.359864  	104.899379 
5932.791522  	104.300817 
5934.223180  	104.625788 
5935.654839  	105.209602 
5937.086497  	104.759529 
5938.518155  	104.374797 
5939.949813  	104.662813 
5941.381471  	104.840785 
5942.813130  	104.572041 
5944.244788  	104.208584 
5945.676446  	104.353547 
5947.108104  	104.725418 
5948.539762  	104.492633 
5949.971421  	104.149822 
5951.403079  	104.367489 
5952.834737  	104.901986 
5954.266395  	105.400700 
5955.698053  	105.201813 
5957.129711  	104.299929 
5958.561370  	103.972955 
5959.993028  	104.455930 
5961.424686  	104.906040 
5962.856344  	105.296720 
5964.288002  	105.510596 
5965.719661  	105.072741 
5967.151319  	104.428411 
5968.582977  	104.299140 
5970.014635  	104.687934 
5971.446293  	105.126510 
5972.877951  	105.387102 
5974.309610  	105.524512 
5975.741268  	105.358693 
5977.172926  	104.898497 
5978.604584  	104.509784 
5980.036242  	104.223666 
5981.467901  	104.173756 
5982.899559  	104.689769 
5984.331217  	105.532970 
5985.762875  	105.955643 
5987.194533  	105.419481 
5988.626192  	104.617280 
5990.057850  	104.705840 
5991.489508  	105.040326 
5992.921166  	104.749963 
5994.352824  	104.577892 
5995.784482  	104.801673 
5997.216141  	105.066260 
5998.647799  	105.425362 
6000.079457  	105.627627 
6001.511115  	105.412120 
6002.942773  	104.967459 
6004.374432  	104.459158 
6005.806090  	104.013945 
6007.237748  	103.768705 
6008.669406  	104.096535 
6010.101064  	104.824640 
6011.532723  	105.038623 
6012.964381  	104.834870 
6014.396039  	104.670787 
6015.827697  	104.658085 
6017.259355  	105.330431 
6018.691013  	105.967773 
6020.122672  	105.360503 
6021.554330  	104.556300 
6022.985988  	104.357157 
6024.417646  	104.121332 
6025.849304  	103.851957 
6027.280963  	103.957095 
6028.712621  	104.733636 
6030.144279  	105.599658 
6031.575937  	105.315367 
6033.007595  	104.590767 
6034.439253  	104.710121 
6035.870912  	104.911049 
6037.302570  	104.539167 
6038.734228  	104.423417 
6040.165886  	104.968555 
6041.597544  	105.343065 
6043.029203  	105.195593 
6044.460861  	105.374200 
6045.892519  	105.710651 
6047.324177  	105.393595 
6048.755835  	105.099535 
6050.187494  	104.909189 
6051.619152  	104.186825 
6053.050810  	103.802582 
6054.482468  	104.223317 
6055.914126  	104.660386 
6057.345784  	105.056091 
6058.777443  	105.344580 
6060.209101  	105.063038 
6061.640759  	104.828334 
6063.072417  	105.085629 
6064.504075  	105.095179 
6065.935734  	104.789680 
6067.367392  	104.822710 
6068.799050  	104.992228 
6070.230708  	105.052717 
6071.662366  	105.139490 
6073.094025  	105.152973 
6074.525683  	105.117185 
6075.957341  	104.933551 
6077.388999  	104.809999 
6078.820657  	105.401035 
6080.252315  	105.738182 
6081.683974  	105.221360 
6083.115632  	105.342464 
6084.547290  	105.591208 
6085.978948  	104.657483 
6087.410606  	104.027164 
6088.842265  	104.476541 
6090.273923  	104.834550 
6091.705581  	104.625306 
6093.137239  	104.525523 
6094.568897  	105.138325 
6096.000555  	105.392479 
6097.432214  	104.682064 
6098.863872  	104.822243 
6100.295530  	105.687819 
6101.727188  	105.761728 
6103.158846  	105.856430 
6104.590505  	106.013012 
6106.022163  	105.301671 
6107.453821  	104.690604 
6108.885479  	104.875470 
6110.317137  	105.202697 
6111.748796  	105.168988 
6113.180454  	104.906980 
6114.612112  	104.734884 
6116.043770  	104.483177 
6117.475428  	104.581229 
6118.907086  	105.642866 
6120.338745  	106.042568 
6121.770403  	104.781267 
6123.202061  	104.216954 
6124.633719  	105.164795 
6126.065377  	105.356219 
6127.497036  	104.612678 
6128.928694  	104.828992 
6130.360352  	105.315598 
6131.792010  	104.990912 
6133.223668  	105.065822 
6134.655327  	105.170015 
6136.086985  	104.352769 
6137.518643  	104.188484 
6138.950301  	104.774415 
6140.381959  	104.821940 
6141.813617  	104.910007 
6143.245276  	105.153226 
6144.676934  	105.030106 
6146.108592  	104.992492 
6147.540250  	105.087110 
6148.971908  	105.141249 
6150.403567  	105.024874 
6151.835225  	104.756154 
6153.266883  	105.028076 
6154.698541  	105.443099 
6156.130199  	105.202713 
6157.561857  	104.756595 
6158.993516  	104.398655 
6160.425174  	104.523562 
6161.856832  	105.034006 
6163.288490  	104.787958 
6164.720148  	104.494667 
6166.151807  	105.026070 
6167.583465  	105.133429 
6169.015123  	104.979281 
6170.446781  	105.394252 
6171.878439  	105.337120 
6173.310098  	104.800752 
6174.741756  	104.751868 
6176.173414  	104.748655 
6177.605072  	104.743937 
6179.036730  	105.184900 
6180.468388  	105.388274 
6181.900047  	105.173551 
6183.331705  	105.048776 
6184.763363  	104.880051 
6186.195021  	104.916371 
6187.626679  	105.276582 
6189.058338  	105.129955 
6190.489996  	104.926738 
6191.921654  	105.387004 
6193.353312  	105.330262 
6194.784970  	104.759154 
6196.216628  	105.081861 
6197.648287  	105.847115 
6199.079945  	105.733154 
6200.511603  	104.860413 
6201.943261  	104.202380 
6203.374919  	104.215742 
6204.806578  	104.819835 
6206.238236  	105.523743 
6207.669894  	105.390018 
6209.101552  	104.846708 
6210.533210  	105.023713 
6211.964869  	105.221017 
6213.396527  	105.216343 
6214.828185  	105.330944 
6216.259843  	104.604985 
6217.691501  	104.200629 
6219.123159  	105.144373 
6220.554818  	105.165114 
6221.986476  	104.488350 
6223.418134  	104.706368 
6224.849792  	104.780792 
6226.281450  	105.104458 
6227.713109  	105.874906 
6229.144767  	105.246965 
6230.576425  	104.174862 
6232.008083  	104.265070 
6233.439741  	104.745941 
6234.871400  	104.828874 
6236.303058  	104.809718 
6237.734716  	105.526132 
6239.166374  	106.234158 
6240.598032  	105.586462 
6242.029690  	105.397370 
6243.461349  	106.272562 
6244.893007  	105.940378 
6246.324665  	105.129577 
6247.756323  	105.445749 
6249.187981  	105.747672 
6250.619640  	105.398009 
6252.051298  	104.953709 
6253.482956  	104.792250 
6254.914614  	104.913217 
6256.346272  	104.594221 
6257.777930  	104.047226 
6259.209589  	104.241598 
6260.641247  	104.681201 
6262.072905  	104.732920 
6263.504563  	104.827945 
6264.936221  	104.965538 
6266.367880  	105.048991 
6267.799538  	105.192718 
6269.231196  	104.524617 
6270.662854  	103.224432 
6272.094512  	103.339969 
6273.526171  	104.746105 
6274.957829  	105.434337 
6276.389487  	105.282359 
6277.821145  	105.223962 
6279.252803  	105.382344 
6280.684461  	105.432834 
6282.116120  	104.923007 
6283.547778  	104.249410 
6284.979436  	103.897198 
6286.411094  	103.920076 
6287.842752  	104.775932 
6289.274411  	105.727647 
6290.706069  	105.351737 
6292.137727  	104.634757 
6293.569385  	104.736844 
6295.001043  	104.885197 
6296.432702  	104.521436 
6297.864360  	104.232398 
6299.296018  	104.512040 
6300.727676  	105.002874 
6302.159334  	105.424768 
6303.590992  	105.984089 
6305.022651  	106.341851 
6306.454309  	106.082112 
6307.885967  	105.187514 
6309.317625  	104.038889 
6310.749283  	104.267862 
6312.180942  	105.624395 
6313.612600  	105.484970 
6315.044258  	104.264977 
6316.475916  	103.945700 
6317.907574  	104.117864 
6319.339232  	104.404886 
6320.770891  	104.838994 
6322.202549  	104.889738 
6323.634207  	105.025884 
6325.065865  	105.263261 
6326.497523  	104.786927 
6327.929182  	104.335235 
6329.360840  	104.798164 
6330.792498  	105.245773 
6332.224156  	105.282578 
6333.655814  	105.788624 
6335.087473  	106.085913 
6336.519131  	105.285003 
6337.950789  	104.807699 
6339.382447  	105.325054 
6340.814105  	105.485356 
6342.245763  	104.771417 
6343.677422  	104.179205 
6345.109080  	104.687055 
6346.540738  	105.336731 
6347.972396  	104.414004 
6349.404054  	103.305358 
6350.835713  	104.129368 
6352.267371  	105.843054 
6353.699029  	106.566501 
6355.130687  	106.070947 
6356.562345  	104.983821 
6357.994003  	104.256221 
6359.425662  	104.615097 
6360.857320  	105.479344 
6362.288978  	105.270636 
6363.720636  	104.277558 
6365.152294  	104.272068 
6366.583953  	104.869899 
6368.015611  	105.004103 
6369.447269  	104.951637 
6370.878927  	104.845541 
6372.310585  	104.515566 
6373.742244  	103.736581 
6375.173902  	103.572146 
6376.605560  	105.170120 
6378.037218  	105.812060 
6379.468876  	104.212425 
6380.900534  	103.910678 
6382.332193  	104.974481 
6383.763851  	105.121350 
6385.195509  	104.897525 
6386.627167  	104.500670 
6388.058825  	104.194564 
6389.490484  	104.513748 
6390.922142  	104.478633 
6392.353800  	104.265234 
6393.785458  	104.399499 
6395.217116  	104.823507 
6396.648775  	105.816476 
6398.080433  	105.766831 
6399.512091  	104.482200 
6400.943749  	104.585464 
6402.375407  	105.170116 
6403.807065  	104.426326 
6405.238724  	103.672295 
6406.670382  	103.575983 
6408.102040  	104.113265 
6409.533698  	104.762576 
6410.965356  	104.532661 
6412.397015  	104.467454 
6413.828673  	104.831371 
6415.260331  	104.491212 
6416.691989  	104.334701 
6418.123647  	104.361972 
6419.555305  	103.740902 
6420.986964  	103.988676 
6422.418622  	104.736681 
6423.850280  	103.994458 
6425.281938  	103.438171 
6426.713596  	104.113050 
6428.145255  	104.276023 
6429.576913  	104.592339 
6431.008571  	105.441829 
6432.440229  	105.337777 
6433.871887  	105.343481 
6435.303546  	105.950098 
6436.735204  	105.635441 
6438.166862  	105.313079 
6439.598520  	105.009548 
6441.030178  	104.177349 
6442.461836  	104.949554 
6443.893495  	106.309480 
6445.325153  	105.703792 
6446.756811  	104.802419 
6448.188469  	104.467312 
6449.620127  	104.603485 
6451.051786  	105.399906 
6452.483444  	105.322156 
6453.915102  	105.370862 
6455.346760  	106.708621 
6456.778418  	106.366990 
6458.210077  	104.971006 
6459.641735  	104.974074 
6461.073393  	104.457463 
6462.505051  	103.707768 
6463.936709  	104.778895 
6465.368367  	105.918650 
6466.800026  	106.208715 
6468.231684  	105.979369 
6469.663342  	104.536568 
6471.095000  	103.670319 
6472.526658  	104.574575 
6473.958317  	104.868951 
6475.389975  	104.561015 
6476.821633  	105.337361 
6478.253291  	105.638193 
6479.684949  	104.878316 
6481.116607  	104.896415 
6482.548266  	105.048446 
6483.979924  	104.198229 
6485.411582  	103.682915 
6486.843240  	104.456050 
6488.274898  	105.264865 
6489.706557  	105.126003 
6491.138215  	104.920684 
6492.569873  	104.895105 
6494.001531  	104.567143 
6495.433189  	104.784370 
6496.864848  	105.151599 
6498.296506  	104.848401 
6499.728164  	105.283409 
6501.159822  	105.801852 
6502.591480  	105.075182 
6504.023138  	104.918375 
6505.454797  	105.145450 
6506.886455  	104.749725 
6508.318113  	104.882631 
6509.749771  	104.853243 
6511.181429  	104.616656 
6512.613088  	104.855950 
6514.044746  	103.947330 
6515.476404  	102.964717 
6516.908062  	103.696845 
6518.339720  	104.493658 
6519.771379  	104.944754 
6521.203037  	105.741609 
6522.634695  	105.995752 
6524.066353  	105.581216 
6525.498011  	104.855488 
6526.929669  	104.673029 
6528.361328  	105.221780 
6529.792986  	105.001646 
6531.224644  	104.588041 
6532.656302  	105.097692 
6534.087960  	105.285359 
6535.519619  	105.130343 
6536.951277  	105.667171 
6538.382935  	106.018161 
6539.814593  	105.501243 
6541.246251  	104.990948 
6542.677909  	104.611041 
6544.109568  	103.930453 
6545.541226  	104.457847 
6546.972884  	106.071278 
6548.404542  	106.259031 
6549.836200  	106.270189 
6551.267859  	107.078340 
6552.699517  	105.866105 
6554.131175  	104.463153 
6555.562833  	105.313588 
6556.994491  	105.532106 
6558.426150  	104.715411 
6559.857808  	105.075864 
6561.289466  	105.911667 
6562.721124  	105.809226 
6564.152782  	105.204171 
6565.584440  	105.555804 
6567.016099  	105.868183 
6568.447757  	104.420523 
6569.879415  	103.303637 
6571.311073  	103.619563 
6572.742731  	104.258260 
6574.174390  	105.295936 
6575.606048  	105.210400 
6577.037706  	103.843439 
6578.469364  	103.970981 
6579.901022  	104.909508 
6581.332680  	105.207578 
6582.764339  	105.430801 
6584.195997  	105.166287 
6585.627655  	105.183581 
6587.059313  	105.404487 
6588.490971  	104.489880 
6589.922630  	104.348408 
6591.354288  	105.015931 
6592.785946  	104.128902 
6594.217604  	103.173924 
6595.649262  	103.591584 
6597.080921  	103.837798 
6598.512579  	103.488365 
6599.944237  	103.479440 
6601.375895  	104.385069 
6602.807553  	105.589013 
6604.239211  	106.198224 
6605.670870  	106.484628 
6607.102528  	106.197990 
6608.534186  	105.331915 
6609.965844  	105.024255 
6611.397502  	105.370698 
6612.829161  	105.657485 
6614.260819  	105.773878 
6615.692477  	105.570775 
6617.124135  	105.317441 
6618.555793  	105.646460 
6619.987452  	105.823203 
6621.419110  	105.080975 
6622.850768  	104.695789 
6624.282426  	104.782420 
6625.714084  	103.792726 
6627.145742  	102.791565 
6628.577401  	103.389575 
6630.009059  	104.493954 
6631.440717  	104.814615 
6632.872375  	104.643149 
6634.304033  	105.049473 
6635.735692  	105.670807 
6637.167350  	104.686891 
6638.599008  	104.012379 
6640.030666  	105.506220 
6641.462324  	105.886857 
6642.893982  	104.860886 
6644.325641  	105.146703 
6645.757299  	105.120989 
6647.188957  	104.154230 
6648.620615  	104.231824 
6650.052273  	104.860810 
6651.483932  	105.417003 
6652.915590  	105.992939 
6654.347248  	105.850268 
6655.778906  	105.226783 
6657.210564  	104.783402 
6658.642223  	104.701707 
6660.073881  	104.867150 
6661.505539  	105.010185 
6662.937197  	105.036983 
6664.368855  	105.067676 
6665.800513  	105.410588 
6667.232172  	105.564926 
6668.663830  	105.016413 
6670.095488  	105.192604 
6671.527146  	105.850134 
6672.958804  	105.062657 
6674.390463  	104.733503 
6675.822121  	106.004125 
6677.253779  	105.972901 
6678.685437  	104.971243 
6680.117095  	105.308731 
6681.548754  	105.826160 
6682.980412  	104.852716 
6684.412070  	103.527066 
6685.843728  	103.613650 
6687.275386  	104.733175 
6688.707044  	105.123284 
6690.138703  	104.764393 
6691.570361  	104.944480 
6693.002019  	105.248029 
6694.433677  	104.430350 
6695.865335  	103.473414 
6697.296994  	103.744095 
6698.728652  	104.269078 
6700.160310  	104.590676 
6701.591968  	105.114600 
6703.023626  	104.817113 
6704.455284  	103.975290 
6705.886943  	103.707178 
6707.318601  	103.699289 
6708.750259  	104.644520 
6710.181917  	106.346454 
6711.613575  	106.484856 
6713.045234  	105.677978 
6714.476892  	105.803364 
6715.908550  	106.497572 
6717.340208  	106.910634 
6718.771866  	106.344291 
6720.203525  	105.663682 
6721.635183  	105.763526 
6723.066841  	105.827834 
6724.498499  	106.474346 
6725.930157  	107.516694 
6727.361815  	106.226734 
6728.793474  	103.715513 
6730.225132  	103.297843 
6731.656790  	104.917360 
6733.088448  	106.092172 
6734.520106  	105.532862 
6735.951765  	104.605034 
6737.383423  	104.777575 
6738.815081  	105.607773 
6740.246739  	106.424510 
6741.678397  	106.294636 
6743.110056  	105.081878 
6744.541714  	104.979064 
6745.973372  	106.294894 
6747.405030  	106.775269 
6748.836688  	106.260293 
6750.268346  	105.902615 
6751.700005  	105.282438 
6753.131663  	104.048737 
6754.563321  	103.738844 
6755.994979  	104.998655 
6757.426637  	105.666264 
6758.858296  	104.806500 
6760.289954  	104.292927 
6761.721612  	104.034625 
6763.153270  	103.276233 
6764.584928  	103.269402 
6766.016586  	103.774115 
6767.448245  	103.464225 
6768.879903  	103.464498 
6770.311561  	104.090201 
6771.743219  	103.784104 
6773.174877  	103.562895 
6774.606536  	104.267109 
6776.038194  	104.134087 
6777.469852  	103.812137 
6778.901510  	105.202386 
6780.333168  	106.387678 
6781.764827  	105.874451 
6783.196485  	105.277065 
6784.628143  	105.180056 
6786.059801  	105.136974 
6787.491459  	104.956089 
6788.923117  	104.953934 
6790.354776  	105.613298 
6791.786434  	106.013292 
6793.218092  	105.436104 
6794.649750  	104.904792 
6796.081408  	104.207129 
6797.513067  	103.061172 
6798.944725  	102.739665 
6800.376383  	103.440397 
6801.808041  	104.027990 
6803.239699  	104.212278 
6804.671357  	104.126015 
6806.103016  	103.752742 
6807.534674  	103.416395 
6808.966332  	103.747492 
6810.397990  	104.509376 
6811.829648  	104.534136 
6813.261307  	103.611529 
6814.692965  	102.776582 
6816.124623  	102.662355 
6817.556281  	103.309418 
6818.987939  	104.239514 
6820.419598  	104.473276 
6821.851256  	104.620522 
6823.282914  	105.678019 
6824.714572  	105.981365 
6826.146230  	104.562888 
6827.577888  	104.016307 
6829.009547  	104.632365 
6830.441205  	104.165517 
6831.872863  	103.377292 
6833.304521  	103.774137 
6834.736179  	104.544035 
6836.167838  	104.769746 
6837.599496  	104.452269 
6839.031154  	104.117171 
6840.462812  	104.306503 
6841.894470  	104.395591 
6843.326129  	104.041030 
6844.757787  	104.264019 
6846.189445  	105.226515 
6847.621103  	105.660942 
6849.052761  	105.420189 
6850.484419  	105.165916 
6851.916078  	104.513773 
6853.347736  	104.227530 
6854.779394  	105.900518 
6856.211052  	106.902270 
6857.642710  	104.922358 
6859.074369  	103.384202 
6860.506027  	103.633955 
6861.937685  	104.141682 
6863.369343  	105.298940 
6864.801001  	105.730401 
6866.232659  	104.106562 
6867.664318  	103.480692 
6869.095976  	104.345119 
6870.527634  	104.009495 
6871.959292  	103.107397 
6873.390950  	104.200693 
6874.822609  	105.898699 
6876.254267  	104.954414 
6877.685925  	103.055516 
6879.117583  	103.964449 
6880.549241  	105.593382 
6881.980900  	105.397874 
6883.412558  	105.576833 
6884.844216  	106.324903 
6886.275874  	105.910173 
6887.707532  	105.474560 
6889.139190  	105.308395 
6890.570849  	104.557753 
6892.002507  	104.817998 
6893.434165  	105.924330 
6894.865823  	104.622120 
6896.297481  	102.460805 
6897.729140  	103.508399 
6899.160798  	105.989025 
6900.592456  	106.548022 
6902.024114  	106.018819 
6903.455772  	105.748035 
6904.887431  	105.659773 
6906.319089  	105.251936 
6907.750747  	104.347581 
6909.182405  	104.221431 
6910.614063  	104.362130 
6912.045721  	103.313976 
6913.477380  	102.736983 
6914.909038  	103.955832 
6916.340696  	105.248075 
6917.772354  	104.838483 
6919.204012  	103.598248 
6920.635671  	103.907232 
6922.067329  	105.308640 
6923.498987  	104.724592 
6924.930645  	102.593752 
6926.362303  	101.899226 
6927.793961  	102.983959 
6929.225620  	104.171152 
6930.657278  	104.832431 
6932.088936  	104.837392 
6933.520594  	104.177871 
6934.952252  	103.924666 
6936.383911  	104.076755 
6937.815569  	104.200159 
6939.247227  	105.461961 
6940.678885  	105.970958 
6942.110543  	104.053514 
6943.542202  	103.647501 
6944.973860  	104.408020 
6946.405518  	103.221707 
6947.837176  	103.375548 
6949.268834  	104.656130 
6950.700492  	103.468108 
6952.132151  	102.528043 
6953.563809  	103.338861 
6954.995467  	104.709458 
6956.427125  	106.203923 
6957.858783  	105.752789 
6959.290442  	104.273114 
6960.722100  	104.079132 
6962.153758  	103.434854 
6963.585416  	103.056841 
6965.017074  	104.635094 
6966.448732  	106.061034 
6967.880391  	106.304697 
6969.312049  	105.579919 
6970.743707  	105.045861 
6972.175365  	105.921134 
6973.607023  	106.097838 
6975.038682  	104.913194 
6976.470340  	104.348082 
6977.901998  	104.414508 
6979.333656  	104.768396 
6980.765314  	105.009983 
6982.196973  	104.691370 
6983.628631  	104.548547 
6985.060289  	104.478410 
6986.491947  	104.719767 
6987.923605  	105.240854 
6989.355263  	104.348274 
6990.786922  	102.949539 
6992.218580  	102.835980 
6993.650238  	103.625547 
6995.081896  	104.726564 
6996.513554  	105.208267 
6997.945213  	104.801001 
6999.376871  	104.902504 
7000.808529  	105.547560 
7002.240187  	105.632368 
7003.671845  	105.169661 
7005.103504  	105.009487 
7006.535162  	105.466179 
7007.966820  	105.497882 
7009.398478  	105.463010 
7010.830136  	105.862253 
7012.261794  	104.957545 
7013.693453  	103.735015 
7015.125111  	104.322793 
7016.556769  	105.239956 
7017.988427  	105.127166 
7019.420085  	104.830437 
7020.851744  	104.947554 
7022.283402  	104.842222 
7023.715060  	104.165275 
7025.146718  	104.499328 
7026.578376  	105.263996 
7028.010034  	104.289154 
7029.441693  	103.662380 
7030.873351  	104.655238 
7032.305009  	105.462818 
7033.736667  	106.113155 
7035.168325  	106.090451 
7036.599984  	105.139257 
7038.031642  	105.039069 
7039.463300  	104.710249 
7040.894958  	103.169917 
7042.326616  	102.766798 
7043.758275  	104.200867 
7045.189933  	105.360874 
7046.621591  	104.523838 
7048.053249  	103.337693 
7049.484907  	103.880523 
7050.916565  	104.203489 
7052.348224  	103.861362 
7053.779882  	104.657865 
7055.211540  	104.923178 
7056.643198  	104.900287 
7058.074856  	106.253272 
7059.506515  	105.683803 
7060.938173  	103.314533 
7062.369831  	103.395123 
7063.801489  	104.357750 
7065.233147  	103.320917 
7066.664806  	103.015035 
7068.096464  	104.740296 
7069.528122  	105.519676 
7070.959780  	104.895455 
7072.391438  	105.473726 
7073.823096  	106.421237 
7075.254755  	106.063567 
7076.686413  	105.851449 
7078.118071  	105.994747 
7079.549729  	105.309374 
7080.981387  	104.605036 
7082.413046  	104.953041 
7083.844704  	105.814571 
7085.276362  	106.366885 
7086.708020  	106.116881 
7088.139678  	105.444589 
7089.571336  	105.138522 
7091.002995  	105.695145 
7092.434653  	106.360347 
7093.866311  	105.911850 
7095.297969  	105.056091 
7096.729627  	105.139977 
7098.161286  	105.199818 
7099.592944  	104.273206 
7101.024602  	103.641182 
7102.456260  	104.462956 
7103.887918  	105.550502 
7105.319577  	105.466986 
7106.751235  	104.504942 
7108.182893  	103.157337 
7109.614551  	102.596618 
7111.046209  	103.565282 
7112.477867  	104.125784 
7113.909526  	103.347189 
7115.341184  	103.378712 
7116.772842  	103.670325 
7118.204500  	103.187958 
7119.636158  	104.098431 
7121.067817  	104.994839 
7122.499475  	104.116467 
7123.931133  	104.277507 
7125.362791  	105.349951 
7126.794449  	104.619136 
7128.226108  	103.287100 
7129.657766  	103.251815 
7131.089424  	104.874724 
7132.521082  	106.940536 
7133.952740  	105.851450 
7135.384398  	103.134099 
7136.816057  	104.017312 
7138.247715  	105.742970 
7139.679373  	104.094832 
7141.111031  	102.860341 
7142.542689  	103.764008 
7143.974348  	103.710651 
7145.406006  	103.380957 
7146.837664  	104.171017 
7148.269322  	104.228176 
7149.700980  	103.480836 
7151.132638  	103.890146 
7152.564297  	104.712941 
7153.995955  	104.245930 
7155.427613  	104.056858 
7156.859271  	104.507941 
7158.290929  	103.052180 
7159.722588  	101.884157 
7161.154246  	103.412648 
7162.585904  	103.987308 
7164.017562  	103.048570 
7165.449220  	103.603077 
7166.880879  	104.125454 
7168.312537  	103.970200 
7169.744195  	104.820848 
7171.175853  	105.476139 
7172.607511  	104.736705 
7174.039169  	103.342139 
7175.470828  	102.966178 
7176.902486  	104.443458 
7178.334144  	105.278557 
7179.765802  	104.176268 
7181.197460  	103.058727 
7182.629119  	102.562215 
7184.060777  	103.612341 
7185.492435  	105.603408 
7186.924093  	105.479338 
7188.355751  	104.270220 
7189.787409  	104.129085 
7191.219068  	104.102790 
7192.650726  	104.400729 
7194.082384  	104.702557 
7195.514042  	104.218572 
7196.945700  	104.611630 
7198.377359  	105.086030 
7199.809017  	104.125404 
7201.240675  	103.490991 
7202.672333  	103.517191 
7204.103991  	103.287888 
7205.535650  	103.254722 
7206.967308  	103.803657 
7208.398966  	105.468318 
7209.830624  	106.382628 
7211.262282  	104.977338 
7212.693940  	104.142836 
7214.125599  	105.164070 
7215.557257  	105.495363 
7216.988915  	103.906530 
7218.420573  	101.387501 
7219.852231  	100.147280 
7221.283890  	101.028543 
7222.715548  	102.202384 
7224.147206  	103.812726 
7225.578864  	105.428310 
7227.010522  	105.379661 
7228.442181  	105.077093 
7229.873839  	105.360279 
7231.305497  	106.470268 
7232.737155  	108.380987 
7234.168813  	107.573013 
7235.600471  	105.191259 
7237.032130  	104.829025 
7238.463788  	104.495185 
7239.895446  	103.948940 
7241.327104  	104.899630 
7242.758762  	105.582809 
7244.190421  	105.381517 
7245.622079  	105.641678 
7247.053737  	105.454839 
7248.485395  	104.565387 
7249.917053  	105.082078 
7251.348711  	106.785595 
7252.780370  	105.591512 
7254.212028  	102.616133 
7255.643686  	103.376574 
7257.075344  	105.039851 
7258.507002  	104.682599 
7259.938661  	105.225903 
7261.370319  	105.161810 
7262.801977  	103.305414 
7264.233635  	102.826169 
7265.665293  	103.254489 
7267.096952  	104.628108 
7268.528610  	106.368076 
7269.960268  	105.548614 
7271.391926  	104.877969 
7272.823584  	105.999155 
7274.255242  	106.032331 
7275.686901  	105.404487 
7277.118559  	105.082069 
7278.550217  	105.187118 
7279.981875  	105.878980 
7281.413533  	105.119721 
7282.845192  	104.497117 
7284.276850  	105.259299 
7285.708508  	104.759622 
7287.140166  	104.783328 
7288.571824  	106.821904 
7290.003483  	107.121792 
7291.435141  	105.408578 
7292.866799  	104.580658 
7294.298457  	105.086624 
7295.730115  	104.938970 
7297.161773  	104.194821 
7298.593432  	105.458268 
7300.025090  	106.966499 
7301.456748  	106.685289 
7302.888406  	106.774617 
7304.320064  	105.680448 
7305.751723  	103.614492 
7307.183381  	104.068796 
7308.615039  	104.642295 
7310.046697  	104.025485 
7311.478355  	104.593771 
7312.910013  	105.065244 
7314.341672  	105.524793 
7315.773330  	106.198895 
7317.204988  	105.622083 
7318.636646  	105.959848 
7320.068304  	106.397162 
7321.499963  	104.765799 
7322.931621  	104.881048 
7324.363279  	107.187993 
7325.794937  	107.178175 
7327.226595  	105.736489 
7328.658254  	105.283521 
7330.089912  	104.504125 
7331.521570  	104.380756 
7332.953228  	106.754954 
7334.384886  	107.264429 
7335.816544  	104.652421 
7337.248203  	103.626362 
7338.679861  	102.653161 
7340.111519  	101.029373 
7341.543177  	103.720566 
7342.974835  	106.357957 
7344.406494  	106.102601 
7345.838152  	107.932727 
7347.269810  	108.993964 
7348.701468  	106.845463 
7350.133126  	104.224070 
7351.564785  	102.870392 
7352.996443  	104.973687 
7354.428101  	107.204962 
7355.859759  	104.903657 
7357.291417  	103.531631 
7358.723075  	103.811891 
7360.154734  	103.024437 
7361.586392  	104.361533 
7363.018050  	105.778460 
7364.449708  	104.272607 
7365.881366  	102.741424 
7367.313025  	101.695626 
7368.744683  	102.194941 
7370.176341  	104.530026 
7371.607999  	105.216843 
7373.039657  	105.809217 
7374.471315  	107.145100 
7375.902974  	106.237976 
7377.334632  	105.450258 
7378.766290  	106.359172 
7380.197948  	106.222638 
7381.629606  	105.113022 
7383.061265  	105.072751 
7384.492923  	106.020287 
7385.924581  	105.406435 
7387.356239  	103.692284 
7388.787897  	103.697701 
7390.219556  	104.522387 
7391.651214  	104.476202 
7393.082872  	104.230739 
7394.514530  	104.550229 
7395.946188  	105.270371 
7397.377846  	105.206879 
7398.809505  	104.238132 
7400.241163  	103.648898 
7401.672821  	103.344012 
7403.104479  	103.563202 
7404.536137  	103.595472 
7405.967796  	102.047898 
7407.399454  	102.149319 
7408.831112  	104.770913 
7410.262770  	106.397312 
7411.694428  	107.199914 
7413.126086  	107.251232 
7414.557745  	105.415782 
7415.989403  	104.958645 
7417.421061  	106.068925 
7418.852719  	104.905913 
7420.284377  	102.928720 
7421.716036  	104.346147 
7423.147694  	106.940509 
7424.579352  	107.594825 
7426.011010  	108.252817 
7427.442668  	108.108445 
7428.874327  	104.708142 
7430.305985  	103.015003 
7431.737643  	104.189550 
7433.169301  	104.183280 
7434.600959  	105.513533 
7436.032617  	106.814548 
7437.464276  	103.789913 
7438.895934  	102.516471 
7440.327592  	104.141535 
7441.759250  	103.483179 
7443.190908  	103.337713 
7444.622567  	104.261717 
7446.054225  	103.608139 
7447.485883  	104.580183 
7448.917541  	107.068582 
7450.349199  	107.552737 
7451.780858  	106.165303 
7453.212516  	104.321189 
7454.644174  	103.979328 
7456.075832  	105.053609 
7457.507490  	105.199790 
7458.939148  	104.891774 
7460.370807  	105.031911 
7461.802465  	105.412523 
7463.234123  	106.393203 
7464.665781  	105.653313 
7466.097439  	103.716933 
7467.529098  	104.070972 
7468.960756  	104.549472 
7470.392414  	104.219912 
7471.824072  	105.964328 
7473.255730  	107.149712 
7474.687388  	105.426786 
7476.119047  	104.345032 
7477.550705  	105.948129 
7478.982363  	108.470224 
7480.414021  	107.966585 
7481.845679  	103.719189 
7483.277338  	100.752330 
7484.708996  	101.038676 
7486.140654  	102.221626 
7487.572312  	104.016666 
7489.003970  	105.306479 
7490.435629  	104.141346 
7491.867287  	102.184045 
7493.298945  	101.397327 
7494.730603  	103.199194 
7496.162261  	107.089565 
7497.593919  	108.837170 
7499.025578  	107.512776 
7500.457236  	105.677671 
7501.888894  	104.656906 
7503.320552  	106.303633 
7504.752210  	108.275051 
7506.183869  	106.317018 
7507.615527  	104.149864 
7509.047185  	104.090401 
7510.478843  	102.416660 
7511.910501  	99.411926 
7513.342160  	99.796067 
7514.773818  	102.887287 
7516.205476  	104.272387 
7517.637134  	104.115428 
7519.068792  	104.425159 
7520.500450  	104.561824 
7521.932109  	105.179702 
7523.363767  	106.552176 
7524.795425  	106.304447 
7526.227083  	106.237193 
7527.658741  	107.805596 
7529.090400  	107.354983 
7530.522058  	105.639034 
7531.953716  	105.159768 
7533.385374  	105.069000 
7534.817032  	105.493735 
7536.248690  	105.037869 
7537.680349  	103.979088 
7539.112007  	105.273926 
7540.543665  	106.531998 
7541.975323  	106.382105 
7543.406981  	107.481221 
7544.838640  	107.361631 
7546.270298  	106.006436 
7547.701956  	107.228037 
7549.133614  	108.012988 
7550.565272  	106.232517 
7551.996931  	104.869541 
7553.428589  	103.856526 
7554.860247  	104.373205 
7556.291905  	107.068045 
7557.723563  	108.233802 
7559.155221  	108.268631 
7560.586880  	109.666439 
7562.018538  	109.751179 
7563.450196  	107.654457 
7564.881854  	106.967956 
7566.313512  	108.121087 
7567.745171  	108.925359 
7569.176829  	108.115251 
7570.608487  	106.357300 
7572.040145  	106.003849 
7573.471803  	105.166184 
7574.903461  	102.703130 
7576.335120  	103.147489 
7577.766778  	105.599539 
7579.198436  	105.312918 
7580.630094  	105.037617 
7582.061752  	104.674426 
7583.493411  	102.205099 
7584.925069  	103.547037 
7586.356727  	107.495763 
7587.788385  	105.767023 
7589.220043  	103.637926 
7590.651702  	106.114982 
7592.083360  	107.085081 
7593.515018  	105.942912 
7594.946676  	106.210949 
7596.378334  	104.186044 
7597.809992  	102.785747 
7599.241651  	107.469350 
7600.673309  	109.914755 
7602.104967  	104.637075 
7603.536625  	103.499614 
7604.968283  	110.185163 
7606.399942  	113.726850 
7607.831600  	110.483323 
7609.263258  	105.470198 
7610.694916  	102.268675 
7612.126574  	102.368218 
7613.558233  	103.875173 
7614.989891  	104.771854 
7616.421549  	104.633551 
7617.853207  	104.387548 
7619.284865  	106.076213 
7620.716523  	105.714223 
7622.148182  	102.567770 
7623.579840  	103.474149 
7625.011498  	107.020066 
7626.443156  	107.940248 
7627.874814  	109.236587 
7629.306473  	108.453694 
7630.738131  	104.769162 
7632.169789  	103.811894 
7633.601447  	103.910896 
7635.033105  	103.252422 
7636.464763  	104.271946 
7637.896422  	104.666801 
7639.328080  	105.540223 
7640.759738  	107.551144 
7642.191396  	106.876012 
7643.623054  	107.347946 
7645.054713  	109.327552 
7646.486371  	106.975385 
7647.918029  	103.483539 
7649.349687  	101.998429 
7650.781345  	101.276285 
7652.213004  	102.240939 
7653.644662  	104.428071 
7655.076320  	107.117002 
7656.507978  	108.216253 
7657.939636  	104.743007 
7659.371294  	100.912162 
7660.802953  	100.443806 
7662.234611  	102.158048 
7663.666269  	104.660535 
7665.097927  	104.921939 
7666.529585  	102.895578 
7667.961244  	102.291465 
7669.392902  	102.857819 
7670.824560  	103.985069 
7672.256218  	104.372035 
7673.687876  	103.321965 
7675.119535  	104.212365 
7676.551193  	105.973196 
7677.982851  	105.036372 
7679.414509  	105.171046 
7680.846167  	106.535601 
7682.277825  	106.763606 
7683.709484  	104.181509 
7685.141142  	100.504165 
7686.572800  	102.102643 
7688.004458  	107.139762 
7689.436116  	107.227919 
7690.867775  	105.275436 
7692.299433  	105.655930 
7693.731091  	106.550066 
7695.162749  	108.440279 
7696.594407  	109.908555 
7698.026065  	109.771277 
7699.457724  	108.043106 
7700.889382  	105.027061 
7702.321040  	105.053030 
7703.752698  	107.618544 
7705.184356  	107.584392 
7706.616015  	107.073962 
7708.047673  	107.606227 
7709.479331  	105.935989 
7710.910989  	102.678423 
7712.342647  	102.099838 
7713.774306  	105.540905 
7715.205964  	108.428253 
7716.637622  	107.677583 
7718.069280  	107.621281 
7719.500938  	106.399324 
7720.932596  	104.658516 
7722.364255  	107.086778 
7723.795913  	107.626301 
7725.227571  	105.239172 
7726.659229  	105.816500 
7728.090887  	105.829996 
7729.522546  	105.136398 
7730.954204  	106.290440 
7732.385862  	107.590321 
7733.817520  	109.723326 
7735.249178  	108.633704 
7736.680837  	105.590175 
7738.112495  	107.750473 
7739.544153  	109.022578 
7740.975811  	106.425984 
7742.407469  	106.337955 
7743.839127  	105.622446 
7745.270786  	103.810884 
7746.702444  	103.415424 
7748.134102  	102.804546 
7749.565760  	105.795362 
7750.997418  	109.990386 
7752.429077  	108.664425 
7753.860735  	107.682213 
7755.292393  	107.084721 
7756.724051  	104.064065 
7758.155709  	103.547245 
7759.587367  	105.583288 
7761.019026  	107.805469 
7762.450684  	108.211030 
7763.882342  	103.617771 
7765.314000  	99.840784 
7766.745658  	102.949301 
7768.177317  	107.376523 
7769.608975  	103.491273 
7771.040633  	96.987653 
7772.472291  	98.453391 
7773.903949  	104.797716 
7775.335608  	106.967272 
7776.767266  	108.066721 
7778.198924  	106.932561 
7779.630582  	103.541806 
7781.062240  	106.397874 
7782.493898  	110.728695 
7783.925557  	109.446169 
7785.357215  	107.241917 
7786.788873  	104.967929 
7788.220531  	103.631459 
7789.652189  	105.216607 
7791.083848  	106.498996 
7792.515506  	105.885341 
7793.947164  	104.795461 
7795.378822  	105.360452 
7796.810480  	107.040229 
7798.242138  	106.142046 
7799.673797  	103.821507 
7801.105455  	102.178208 
7802.537113  	102.196984 
7803.968771  	103.943732 
7805.400429  	102.667331 
7806.832088  	99.345419 
7808.263746  	99.454469 
7809.695404  	103.292636 
7811.127062  	107.542319 
7812.558720  	104.598884 
7813.990379  	99.809281 
7815.422037  	106.723937 
7816.853695  	113.348530 
7818.285353  	108.215987 
7819.717011  	106.655064 
7821.148669  	107.389684 
7822.580328  	104.230735 
7824.011986  	105.548962 
7825.443644  	107.690315 
7826.875302  	106.758576 
7828.306960  	106.263374 
7829.738619  	103.733083 
7831.170277  	104.261884 
7832.601935  	109.682123 
7834.033593  	110.604612 
7835.465251  	108.339461 
7836.896910  	107.262694 
7838.328568  	108.909070 
7839.760226  	111.283400 
7841.191884  	106.548896 
7842.623542  	102.172517 
7844.055200  	104.597337 
7845.486859  	104.751437 
7846.918517  	105.091994 
7848.350175  	107.778281 
7849.781833  	105.145944 
7851.213491  	103.557429 
7852.645150  	107.016531 
7854.076808  	107.192547 
7855.508466  	105.297976 
7856.940124  	105.282329 
7858.371782  	104.660946 
7859.803440  	106.140461 
7861.235099  	112.227493 
7862.666757  	113.862972 
7864.098415  	108.384125 
7865.530073  	104.770940 
7866.961731  	103.847178 
7868.393390  	101.707598 
7869.825048  	101.143943 
7871.256706  	102.357314 
7872.688364  	104.307457 
7874.120022  	108.501045 
7875.551681  	109.661982 
7876.983339  	105.591366 
7878.414997  	103.118247 
7879.846655  	102.672789 
7881.278313  	102.086124 
7882.709971  	104.147439 
7884.141630  	107.152572 
7885.573288  	107.679508 
7887.004946  	106.152061 
7888.436604  	107.004579 
7889.868262  	108.404809 
7891.299921  	103.685699 
7892.731579  	100.100493 
7894.163237  	103.186064 
7895.594895  	106.948327 
7897.026553  	108.329978 
7898.458212  	104.212751 
7899.889870  	97.128670 