##TITLE=No Description
##DATA TYPE=INFRARED SPECTRUM
##XUNITS=1/CM
##YUNITS=Abs
349.324597  	-0.167460 
350.756256  	-0.493571 
352.187914  	-0.170859 
353.619572  	0.199099 
355.051230  	-0.103400 
356.482888  	-0.199308 
357.914546  	-0.190829 
359.346205  	-0.120036 
360.777863  	-0.066605 
362.209521  	-0.008303 
363.641179  	0.039033 
365.072837  	0.096161 
366.504496  	0.108170 
367.936154  	0.095137 
369.367812  	0.115018 
370.799470  	0.090390 
372.231128  	0.032242 
373.662787  	0.012033 
375.094445  	0.037117 
376.526103  	0.059895 
377.957761  	0.053336 
379.389419  	0.029809 
380.821077  	0.037061 
382.252736  	0.049549 
383.684394  	0.037744 
385.116052  	0.056553 
386.547710  	0.092159 
387.979368  	0.100717 
389.411027  	0.102103 
390.842685  	0.103575 
392.274343  	0.104694 
393.706001  	0.102776 
395.137659  	0.107827 
396.569317  	0.115594 
398.000976  	0.106061 
399.432634  	0.096131 
400.864292  	0.095150 
402.295950  	0.097716 
403.727608  	0.096084 
405.159267  	0.080033 
406.590925  	0.070808 
408.022583  	0.070535 
409.454241  	0.059381 
410.885899  	0.057482 
412.317558  	0.072574 
413.749216  	0.077891 
415.180874  	0.071136 
416.612532  	0.061897 
418.044190  	0.045081 
419.475848  	0.035510 
420.907507  	0.042332 
422.339165  	0.042792 
423.770823  	0.040670 
425.202481  	0.033249 
426.634139  	0.020920 
428.065798  	0.018679 
429.497456  	0.036470 
430.929114  	0.052561 
432.360772  	0.043550 
433.792430  	0.035746 
435.224089  	0.043815 
436.655747  	0.042296 
438.087405  	0.033924 
439.519063  	0.033172 
440.950721  	0.032268 
442.382379  	0.036240 
443.814038  	0.042446 
445.245696  	0.038733 
446.677354  	0.036767 
448.109012  	0.039684 
449.540670  	0.037545 
450.972329  	0.033676 
452.403987  	0.029187 
453.835645  	0.028044 
455.267303  	0.032134 
456.698961  	0.033118 
458.130619  	0.035008 
459.562278  	0.041230 
460.993936  	0.046679 
462.425594  	0.055537 
463.857252  	0.059181 
465.288910  	0.055866 
466.720569  	0.059060 
468.152227  	0.060379 
469.583885  	0.054610 
471.015543  	0.059202 
472.447201  	0.066644 
473.878860  	0.063946 
475.310518  	0.064522 
476.742176  	0.064703 
478.173834  	0.058677 
479.605492  	0.057549 
481.037150  	0.061960 
482.468809  	0.066249 
483.900467  	0.068785 
485.332125  	0.068801 
486.763783  	0.071758 
488.195441  	0.076562 
489.627100  	0.076008 
491.058758  	0.074549 
492.490416  	0.076184 
493.922074  	0.076903 
495.353732  	0.076987 
496.785391  	0.077045 
498.217049  	0.077056 
499.648707  	0.078137 
501.080365  	0.078733 
502.512023  	0.078000 
503.943681  	0.074642 
505.375340  	0.071549 
506.806998  	0.075816 
508.238656  	0.079802 
509.670314  	0.075846 
511.101972  	0.074011 
512.533631  	0.075480 
513.965289  	0.075755 
515.396947  	0.077747 
516.828605  	0.077545 
518.260263  	0.074992 
519.691921  	0.078922 
521.123580  	0.085972 
522.555238  	0.091786 
523.986896  	0.097871 
525.418554  	0.102258 
526.850212  	0.107097 
528.281871  	0.114696 
529.713529  	0.120482 
531.145187  	0.125450 
532.576845  	0.134662 
534.008503  	0.146433 
535.440162  	0.155555 
536.871820  	0.163117 
538.303478  	0.175171 
539.735136  	0.191406 
541.166794  	0.208972 
542.598452  	0.227576 
544.030111  	0.244341 
545.461769  	0.261419 
546.893427  	0.282908 
548.325085  	0.303932 
549.756743  	0.323761 
551.188402  	0.341652 
552.620060  	0.350344 
554.051718  	0.350852 
555.483376  	0.344315 
556.915034  	0.331064 
558.346692  	0.314285 
559.778351  	0.293808 
561.210009  	0.272644 
562.641667  	0.251553 
564.073325  	0.224435 
565.504983  	0.189902 
566.936642  	0.150614 
568.368300  	0.111586 
569.799958  	0.081746 
571.231616  	0.067719 
572.663274  	0.067974 
574.094933  	0.073097 
575.526591  	0.075787 
576.958249  	0.074576 
578.389907  	0.072053 
579.821565  	0.069699 
581.253223  	0.065832 
582.684882  	0.060775 
584.116540  	0.056263 
585.548198  	0.052362 
586.979856  	0.049810 
588.411514  	0.048321 
589.843173  	0.046113 
591.274831  	0.043162 
592.706489  	0.040218 
594.138147  	0.037953 
595.569805  	0.036469 
597.001464  	0.034644 
598.433122  	0.033140 
599.864780  	0.033243 
601.296438  	0.033282 
602.728096  	0.031892 
604.159754  	0.030234 
605.591413  	0.029243 
607.023071  	0.028704 
608.454729  	0.028527 
609.886387  	0.029161 
611.318045  	0.029616 
612.749704  	0.028795 
614.181362  	0.028353 
615.613020  	0.029254 
617.044678  	0.029604 
618.476336  	0.028520 
619.907994  	0.027740 
621.339653  	0.028858 
622.771311  	0.030833 
624.202969  	0.032122 
625.634627  	0.033652 
627.066285  	0.035650 
628.497944  	0.037718 
629.929602  	0.041514 
631.361260  	0.045685 
632.792918  	0.046402 
634.224576  	0.045157 
635.656235  	0.044383 
637.087893  	0.042201 
638.519551  	0.038496 
639.951209  	0.035148 
641.382867  	0.033061 
642.814525  	0.032392 
644.246184  	0.032519 
645.677842  	0.033283 
647.109500  	0.034594 
648.541158  	0.034662 
649.972816  	0.033353 
651.404475  	0.033400 
652.836133  	0.034961 
654.267791  	0.036311 
655.699449  	0.037485 
657.131107  	0.037972 
658.562766  	0.037490 
659.994424  	0.037715 
661.426082  	0.038811 
662.857740  	0.039403 
664.289398  	0.039868 
665.721056  	0.041868 
667.152715  	0.046673 
668.584373  	0.049071 
670.016031  	0.045368 
671.447689  	0.044997 
672.879347  	0.046810 
674.311006  	0.048075 
675.742664  	0.049371 
677.174322  	0.050912 
678.605980  	0.052275 
680.037638  	0.054830 
681.469296  	0.058683 
682.900955  	0.063411 
684.332613  	0.068923 
685.764271  	0.073652 
687.195929  	0.076526 
688.627587  	0.076630 
690.059246  	0.074758 
691.490904  	0.073611 
692.922562  	0.073721 
694.354220  	0.075628 
695.785878  	0.079484 
697.217537  	0.084565 
698.649195  	0.091497 
700.080853  	0.099490 
701.512511  	0.107304 
702.944169  	0.114971 
704.375827  	0.120306 
705.807486  	0.123361 
707.239144  	0.124911 
708.670802  	0.122287 
710.102460  	0.117646 
711.534118  	0.113289 
712.965777  	0.107537 
714.397435  	0.101722 
715.829093  	0.096457 
717.260751  	0.091567 
718.692409  	0.089326 
720.124067  	0.089758 
721.555726  	0.092028 
722.987384  	0.095857 
724.419042  	0.099310 
725.850700  	0.102321 
727.282358  	0.105377 
728.714017  	0.107278 
730.145675  	0.108585 
731.577333  	0.109331 
733.008991  	0.108161 
734.440649  	0.105468 
735.872308  	0.102680 
737.303966  	0.101642 
738.735624  	0.102960 
740.167282  	0.105245 
741.598940  	0.108172 
743.030598  	0.112356 
744.462257  	0.118060 
745.893915  	0.125395 
747.325573  	0.133945 
748.757231  	0.143402 
750.188889  	0.153251 
751.620548  	0.163632 
753.052206  	0.174845 
754.483864  	0.184989 
755.915522  	0.194426 
757.347180  	0.203634 
758.778839  	0.209527 
760.210497  	0.213791 
761.642155  	0.218616 
763.073813  	0.222410 
764.505471  	0.227073 
765.937129  	0.232041 
767.368788  	0.233609 
768.800446  	0.231128 
770.232104  	0.222571 
771.663762  	0.208404 
773.095420  	0.192131 
774.527079  	0.174361 
775.958737  	0.157111 
777.390395  	0.143046 
778.822053  	0.131565 
780.253711  	0.122120 
781.685369  	0.114575 
783.117028  	0.108090 
784.548686  	0.103014 
785.980344  	0.099925 
787.412002  	0.098286 
788.843660  	0.097003 
790.275319  	0.095425 
791.706977  	0.094341 
793.138635  	0.094581 
794.570293  	0.096484 
796.001951  	0.100348 
797.433610  	0.106228 
798.865268  	0.115576 
800.296926  	0.129254 
801.728584  	0.145463 
803.160242  	0.164172 
804.591900  	0.185735 
806.023559  	0.208482 
807.455217  	0.232146 
808.886875  	0.256251 
810.318533  	0.279347 
811.750191  	0.299262 
813.181850  	0.313120 
814.613508  	0.319545 
816.045166  	0.317834 
817.476824  	0.312751 
818.908482  	0.310773 
820.340141  	0.313125 
821.771799  	0.322991 
823.203457  	0.342482 
824.635115  	0.367140 
826.066773  	0.391962 
827.498431  	0.408739 
828.930090  	0.410995 
830.361748  	0.400513 
831.793406  	0.378146 
833.225064  	0.348275 
834.656722  	0.316488 
836.088381  	0.285068 
837.520039  	0.257816 
838.951697  	0.235572 
840.383355  	0.217034 
841.815013  	0.202669 
843.246671  	0.190881 
844.678330  	0.179516 
846.109988  	0.167611 
847.541646  	0.153810 
848.973304  	0.138676 
850.404962  	0.122944 
851.836621  	0.106425 
853.268279  	0.090697 
854.699937  	0.077051 
856.131595  	0.065577 
857.563253  	0.056605 
858.994912  	0.049712 
860.426570  	0.044675 
861.858228  	0.041774 
863.289886  	0.040036 
864.721544  	0.039497 
866.153202  	0.041131 
867.584861  	0.044248 
869.016519  	0.048426 
870.448177  	0.053707 
871.879835  	0.059933 
873.311493  	0.067666 
874.743152  	0.076814 
876.174810  	0.087102 
877.606468  	0.098716 
879.038126  	0.111788 
880.469784  	0.126590 
881.901443  	0.141872 
883.333101  	0.156404 
884.764759  	0.169213 
886.196417  	0.177392 
887.628075  	0.179132 
889.059733  	0.172065 
890.491392  	0.154416 
891.923050  	0.129596 
893.354708  	0.102137 
894.786366  	0.076838 
896.218024  	0.058306 
897.649683  	0.046811 
899.081341  	0.039951 
900.512999  	0.036289 
901.944657  	0.034472 
903.376315  	0.033949 
904.807973  	0.034565 
906.239632  	0.035522 
907.671290  	0.037121 
909.102948  	0.039175 
910.534606  	0.041184 
911.966264  	0.044126 
913.397923  	0.047915 
914.829581  	0.051944 
916.261239  	0.055838 
917.692897  	0.058308 
919.124555  	0.058988 
920.556214  	0.057745 
921.987872  	0.054789 
923.419530  	0.051929 
924.851188  	0.049891 
926.282846  	0.048850 
927.714504  	0.049569 
929.146163  	0.051680 
930.577821  	0.055192 
932.009479  	0.059799 
933.441137  	0.063645 
934.872795  	0.066129 
936.304454  	0.067378 
937.736112  	0.067882 
939.167770  	0.068978 
940.599428  	0.070749 
942.031086  	0.072542 
943.462744  	0.073436 
944.894403  	0.072525 
946.326061  	0.070843 
947.757719  	0.069235 
949.189377  	0.067555 
950.621035  	0.066643 
952.052694  	0.067050 
953.484352  	0.069003 
954.916010  	0.072652 
956.347668  	0.076769 
957.779326  	0.080269 
959.210985  	0.082443 
960.642643  	0.083087 
962.074301  	0.083379 
963.505959  	0.083519 
964.937617  	0.083056 
966.369275  	0.082689 
967.800934  	0.082735 
969.232592  	0.083281 
970.664250  	0.084716 
972.095908  	0.086645 
973.527566  	0.088652 
974.959225  	0.091194 
976.390883  	0.094710 
977.822541  	0.098547 
979.254199  	0.102337 
980.685857  	0.107056 
982.117516  	0.112707 
983.549174  	0.119147 
984.980832  	0.127470 
986.412490  	0.137786 
987.844148  	0.149967 
989.275806  	0.163605 
990.707465  	0.177292 
992.139123  	0.190418 
993.570781  	0.201150 
995.002439  	0.208977 
996.434097  	0.217371 
997.865756  	0.229658 
999.297414  	0.250931 
1000.729072  	0.285923 
1002.160730  	0.332112 
1003.592388  	0.380787 
1005.024046  	0.416775 
1006.455705  	0.432766 
1007.887363  	0.440635 
1009.319021  	0.455515 
1010.750679  	0.499506 
1012.182337  	0.585504 
1013.613996  	0.654745 
1015.045654  	0.602181 
1016.477312  	0.459706 
1017.908970  	0.325886 
1019.340628  	0.230599 
1020.772287  	0.167773 
1022.203945  	0.125829 
1023.635603  	0.095124 
1025.067261  	0.072915 
1026.498919  	0.058937 
1027.930577  	0.051701 
1029.362236  	0.049304 
1030.793894  	0.049532 
1032.225552  	0.050928 
1033.657210  	0.053013 
1035.088868  	0.055612 
1036.520527  	0.058494 
1037.952185  	0.061533 
1039.383843  	0.064782 
1040.815501  	0.067966 
1042.247159  	0.071155 
1043.678818  	0.074787 
1045.110476  	0.078542 
1046.542134  	0.081931 
1047.973792  	0.085162 
1049.405450  	0.088533 
1050.837108  	0.091907 
1052.268767  	0.095595 
1053.700425  	0.099917 
1055.132083  	0.104132 
1056.563741  	0.108477 
1057.995399  	0.113490 
1059.427058  	0.118543 
1060.858716  	0.124362 
1062.290374  	0.130812 
1063.722032  	0.137048 
1065.153690  	0.145173 
1066.585348  	0.155240 
1068.017007  	0.166787 
1069.448665  	0.182491 
1070.880323  	0.201822 
1072.311981  	0.225666 
1073.743639  	0.259480 
1075.175298  	0.308615 
1076.606956  	0.381987 
1078.038614  	0.470590 
1079.470272  	0.525155 
1080.901930  	0.507225 
1082.333589  	0.431946 
1083.765247  	0.343172 
1085.196905  	0.267235 
1086.628563  	0.210683 
1088.060221  	0.176603 
1089.491879  	0.162345 
1090.923538  	0.160425 
1092.355196  	0.166513 
1093.786854  	0.178558 
1095.218512  	0.195250 
1096.650170  	0.218020 
1098.081829  	0.245182 
1099.513487  	0.272223 
1100.945145  	0.292466 
1102.376803  	0.299136 
1103.808461  	0.296365 
1105.240120  	0.290755 
1106.671778  	0.287328 
1108.103436  	0.288646 
1109.535094  	0.288364 
1110.966752  	0.282765 
1112.398410  	0.274292 
1113.830069  	0.265013 
1115.261727  	0.258811 
1116.693385  	0.255812 
1118.125043  	0.254384 
1119.556701  	0.256590 
1120.988360  	0.261442 
1122.420018  	0.268164 
1123.851676  	0.278330 
1125.283334  	0.290249 
1126.714992  	0.304217 
1128.146650  	0.320168 
1129.578309  	0.336272 
1131.009967  	0.355001 
1132.441625  	0.375681 
1133.873283  	0.397828 
1135.304941  	0.423734 
1136.736600  	0.451049 
1138.168258  	0.482040 
1139.599916  	0.517577 
1141.031574  	0.555065 
1142.463232  	0.599712 
1143.894891  	0.647262 
1145.326549  	0.696884 
1146.758207  	0.756657 
1148.189865  	0.815669 
1149.621523  	0.879345 
1151.053181  	0.954070 
1152.484840  	1.024220 
1153.916498  	1.107730 
1155.348156  	1.191223 
1156.779814  	1.252587 
1158.211472  	1.310329 
1159.643131  	1.295404 
1161.074789  	1.210265 
1162.506447  	1.091161 
1163.938105  	0.943372 
1165.369763  	0.810846 
1166.801421  	0.694524 
1168.233080  	0.595635 
1169.664738  	0.528400 
1171.096396  	0.492693 
1172.528054  	0.492572 
1173.959712  	0.532026 
1175.391371  	0.599540 
1176.823029  	0.682977 
1178.254687  	0.767553 
1179.686345  	0.842699 
1181.118003  	0.931848 
1182.549662  	1.032794 
1183.981320  	1.129854 
1185.412978  	1.217790 
1186.844636  	1.230657 
1188.276294  	1.184883 
1189.707952  	1.113257 
1191.139611  	1.014516 
1192.571269  	0.925649 
1194.002927  	0.840814 
1195.434585  	0.758717 
1196.866243  	0.689406 
1198.297902  	0.622923 
1199.729560  	0.563280 
1201.161218  	0.513246 
1202.592876  	0.468780 
1204.024534  	0.436833 
1205.456193  	0.421728 
1206.887851  	0.427935 
1208.319509  	0.463030 
1209.751167  	0.523157 
1211.182825  	0.602094 
1212.614483  	0.692324 
1214.046142  	0.770153 
1215.477800  	0.830573 
1216.909458  	0.867393 
1218.341116  	0.871720 
1219.772774  	0.865352 
1221.204433  	0.843191 
1222.636091  	0.810486 
1224.067749  	0.780643 
1225.499407  	0.743978 
1226.931065  	0.710021 
1228.362723  	0.679665 
1229.794382  	0.646293 
1231.226040  	0.618683 
1232.657698  	0.591729 
1234.089356  	0.564513 
1235.521014  	0.542812 
1236.952673  	0.520249 
1238.384331  	0.499004 
1239.815989  	0.480222 
1241.247647  	0.459765 
1242.679305  	0.441408 
1244.110964  	0.422250 
1245.542622  	0.400685 
1246.974280  	0.380057 
1248.405938  	0.356721 
1249.837596  	0.331878 
1251.269254  	0.306894 
1252.700913  	0.279447 
1254.132571  	0.252442 
1255.564229  	0.225857 
1256.995887  	0.198895 
1258.427545  	0.173821 
1259.859204  	0.149991 
1261.290862  	0.127626 
1262.722520  	0.108236 
1264.154178  	0.091443 
1265.585836  	0.077302 
1267.017495  	0.066040 
1268.449153  	0.057146 
1269.880811  	0.050496 
1271.312469  	0.045711 
1272.744127  	0.042162 
1274.175785  	0.040067 
1275.607444  	0.039225 
1277.039102  	0.039333 
1278.470760  	0.040813 
1279.902418  	0.043172 
1281.334076  	0.046089 
1282.765735  	0.049853 
1284.197393  	0.053833 
1285.629051  	0.057737 
1287.060709  	0.061423 
1288.492367  	0.064520 
1289.924025  	0.066871 
1291.355684  	0.067561 
1292.787342  	0.065926 
1294.219000  	0.062212 
1295.650658  	0.056809 
1297.082316  	0.050293 
1298.513975  	0.043442 
1299.945633  	0.036877 
1301.377291  	0.031330 
1302.808949  	0.027129 
1304.240607  	0.024456 
1305.672266  	0.024116 
1307.103924  	0.025535 
1308.535582  	0.027407 
1309.967240  	0.028069 
1311.398898  	0.025370 
1312.830556  	0.019671 
1314.262215  	0.013324 
1315.693873  	0.007661 
1317.125531  	0.003502 
1318.557189  	0.000837 
1319.988847  	-0.001205 
1321.420506  	-0.002422 
1322.852164  	-0.003354 
1324.283822  	-0.004147 
1325.715480  	-0.004430 
1327.147138  	-0.005091 
1328.578796  	-0.005634 
1330.010455  	-0.005709 
1331.442113  	-0.006129 
1332.873771  	-0.006245 
1334.305429  	-0.006325 
1335.737087  	-0.006715 
1337.168746  	-0.006651 
1338.600404  	-0.006811 
1340.032062  	-0.007008 
1341.463720  	-0.006973 
1342.895378  	-0.007360 
1344.327037  	-0.007087 
1345.758695  	-0.006656 
1347.190353  	-0.006805 
1348.622011  	-0.006360 
1350.053669  	-0.006094 
1351.485327  	-0.005937 
1352.916986  	-0.005128 
1354.348644  	-0.004517 
1355.780302  	-0.003021 
1357.211960  	-0.000526 
1358.643618  	0.003618 
1360.075277  	0.013179 
1361.506935  	0.028843 
1362.938593  	0.048259 
1364.370251  	0.058605 
1365.801909  	0.053072 
1367.233568  	0.038626 
1368.665226  	0.022553 
1370.096884  	0.010749 
1371.528542  	0.004369 
1372.960200  	0.001538 
1374.391858  	-0.000223 
1375.823517  	-0.000913 
1377.255175  	-0.000940 
1378.686833  	-0.000371 
1380.118491  	0.001947 
1381.550149  	0.005970 
1382.981808  	0.013232 
1384.413466  	0.021985 
1385.845124  	0.028490 
1387.276782  	0.029843 
1388.708440  	0.024666 
1390.140098  	0.018016 
1391.571757  	0.011439 
1393.003415  	0.006988 
1394.435073  	0.005548 
1395.866731  	0.005304 
1397.298389  	0.006003 
1398.730048  	0.008514 
1400.161706  	0.012150 
1401.593364  	0.016676 
1403.025022  	0.022922 
1404.456680  	0.031212 
1405.888339  	0.041951 
1407.319997  	0.051527 
1408.751655  	0.056298 
1410.183313  	0.056785 
1411.614971  	0.051098 
1413.046629  	0.040339 
1414.478288  	0.029262 
1415.909946  	0.018620 
1417.341604  	0.010711 
1418.773262  	0.005677 
1420.204920  	0.000216 
1421.636579  	-0.002390 
1423.068237  	-0.003270 
1424.499895  	-0.004530 
1425.931553  	-0.005098 
1427.363211  	-0.005648 
1428.794870  	-0.006142 
1430.226528  	-0.005802 
1431.658186  	-0.006099 
1433.089844  	-0.005927 
1434.521502  	-0.005277 
1435.953160  	-0.004985 
1437.384819  	-0.003099 
1438.816477  	-0.001877 
1440.248135  	-0.000508 
1441.679793  	0.002642 
1443.111451  	0.005114 
1444.543110  	0.007645 
1445.974768  	0.010327 
1447.406426  	0.011948 
1448.838084  	0.014933 
1450.269742  	0.017017 
1451.701400  	0.017433 
1453.133059  	0.018052 
1454.564717  	0.017862 
1455.996375  	0.018787 
1457.428033  	0.024713 
1458.859691  	0.029492 
1460.291350  	0.035610 
1461.723008  	0.041816 
1463.154666  	0.046252 
1464.586324  	0.049727 
1466.017982  	0.047901 
1467.449641  	0.045312 
1468.881299  	0.042990 
1470.312957  	0.039695 
1471.744615  	0.038580 
1473.176273  	0.036545 
1474.607931  	0.033999 
1476.039590  	0.034867 
1477.471248  	0.034691 
1478.902906  	0.035594 
1480.334564  	0.039148 
1481.766222  	0.042476 
1483.197881  	0.048499 
1484.629539  	0.056813 
1486.061197  	0.065659 
1487.492855  	0.080092 
1488.924513  	0.096528 
1490.356172  	0.115324 
1491.787830  	0.144415 
1493.219488  	0.170046 
1494.651146  	0.196830 
1496.082804  	0.235449 
1497.514462  	0.273523 
1498.946121  	0.312921 
1500.377779  	0.352394 
1501.809437  	0.372445 
1503.241095  	0.384520 
1504.672753  	0.385120 
1506.104412  	0.353918 
1507.536070  	0.292616 
1508.967728  	0.238437 
1510.399386  	0.191166 
1511.831044  	0.147582 
1513.262702  	0.107516 
1514.694361  	0.078922 
1516.126019  	0.059742 
1517.557677  	0.040270 
1518.989335  	0.028018 
1520.420993  	0.023031 
1521.852652  	0.014912 
1523.284310  	0.008730 
1524.715968  	0.006563 
1526.147626  	0.002691 
1527.579284  	0.000086 
1529.010943  	-0.001684 
1530.442601  	-0.004152 
1531.874259  	-0.004854 
1533.305917  	-0.005603 
1534.737575  	-0.007564 
1536.169233  	-0.008144 
1537.600892  	-0.008941 
1539.032550  	-0.009294 
1540.464208  	-0.009140 
1541.895866  	-0.011238 
1543.327524  	-0.011751 
1544.759183  	-0.012193 
1546.190841  	-0.013377 
1547.622499  	-0.013523 
1549.054157  	-0.013722 
1550.485815  	-0.014172 
1551.917473  	-0.014304 
1553.349132  	-0.014597 
1554.780790  	-0.014790 
1556.212448  	-0.015136 
1557.644106  	-0.015038 
1559.075764  	-0.012604 
1560.507423  	-0.014718 
1561.939081  	-0.016094 
1563.370739  	-0.015940 
1564.802397  	-0.015956 
1566.234055  	-0.016085 
1567.665714  	-0.015909 
1569.097372  	-0.015553 
1570.529030  	-0.015151 
1571.960688  	-0.015347 
1573.392346  	-0.015238 
1574.824004  	-0.014425 
1576.255663  	-0.013536 
1577.687321  	-0.013149 
1579.118979  	-0.012937 
1580.550637  	-0.012247 
1581.982295  	-0.010668 
1583.413954  	-0.008811 
1584.845612  	-0.006198 
1586.277270  	-0.002485 
1587.708928  	0.001868 
1589.140586  	0.007112 
1590.572245  	0.011849 
1592.003903  	0.015224 
1593.435561  	0.016748 
1594.867219  	0.016046 
1596.298877  	0.014962 
1597.730535  	0.014395 
1599.162194  	0.014985 
1600.593852  	0.016364 
1602.025510  	0.016770 
1603.457168  	0.016288 
1604.888826  	0.014415 
1606.320485  	0.011033 
1607.752143  	0.007040 
1609.183801  	0.002395 
1610.615459  	-0.001622 
1612.047117  	-0.004837 
1613.478775  	-0.007466 
1614.910434  	-0.009004 
1616.342092  	-0.009845 
1617.773750  	-0.010945 
1619.205408  	-0.012164 
1620.637066  	-0.012978 
1622.068725  	-0.013144 
1623.500383  	-0.013264 
1624.932041  	-0.014016 
1626.363699  	-0.014415 
1627.795357  	-0.014370 
1629.227016  	-0.014280 
1630.658674  	-0.014334 
1632.090332  	-0.014413 
1633.521990  	-0.014086 
1634.953648  	-0.013217 
1636.385306  	-0.012772 
1637.816965  	-0.013061 
1639.248623  	-0.013073 
1640.680281  	-0.012941 
1642.111939  	-0.012611 
1643.543597  	-0.012151 
1644.975256  	-0.011598 
1646.406914  	-0.010827 
1647.838572  	-0.010473 
1649.270230  	-0.010817 
1650.701888  	-0.010877 
1652.133547  	-0.010345 
1653.565205  	-0.009714 
1654.996863  	-0.010630 
1656.428521  	-0.010866 
1657.860179  	-0.011034 
1659.291837  	-0.011314 
1660.723496  	-0.011194 
1662.155154  	-0.011073 
1663.586812  	-0.011591 
1665.018470  	-0.012045 
1666.450128  	-0.012253 
1667.881787  	-0.012097 
1669.313445  	-0.011752 
1670.745103  	-0.012390 
1672.176761  	-0.013062 
1673.608419  	-0.013426 
1675.040077  	-0.013903 
1676.471736  	-0.013886 
1677.903394  	-0.013994 
1679.335052  	-0.014059 
1680.766710  	-0.013809 
1682.198368  	-0.014010 
1683.630027  	-0.013518 
1685.061685  	-0.012821 
1686.493343  	-0.013730 
1687.925001  	-0.013346 
1689.356659  	-0.012887 
1690.788318  	-0.012863 
1692.219976  	-0.011951 
1693.651634  	-0.011356 
1695.083292  	-0.010502 
1696.514950  	-0.008758 
1697.946608  	-0.009031 
1699.378267  	-0.008104 
1700.809925  	-0.006255 
1702.241583  	-0.006809 
1703.673241  	-0.005476 
1705.104899  	-0.004074 
1706.536558  	-0.003369 
1707.968216  	-0.001735 
1709.399874  	-0.000736 
1710.831532  	0.000699 
1712.263190  	0.002538 
1713.694849  	0.003514 
1715.126507  	0.005932 
1716.558165  	0.008056 
1717.989823  	0.008878 
1719.421481  	0.011492 
1720.853139  	0.012548 
1722.284798  	0.014532 
1723.716456  	0.018174 
1725.148114  	0.020031 
1726.579772  	0.022798 
1728.011430  	0.025955 
1729.443089  	0.027823 
1730.874747  	0.031339 
1732.306405  	0.033769 
1733.738063  	0.035845 
1735.169721  	0.039878 
1736.601379  	0.040803 
1738.033038  	0.044141 
1739.464696  	0.048661 
1740.896354  	0.050638 
1742.328012  	0.055663 
1743.759670  	0.060580 
1745.191329  	0.065416 
1746.622987  	0.074296 
1748.054645  	0.082488 
1749.486303  	0.092876 
1750.917961  	0.107390 
1752.349620  	0.122477 
1753.781278  	0.143619 
1755.212936  	0.166495 
1756.644594  	0.194425 
1758.076252  	0.237528 
1759.507910  	0.279165 
1760.939569  	0.323916 
1762.371227  	0.388083 
1763.802885  	0.442846 
1765.234543  	0.485869 
1766.666201  	0.526742 
1768.097860  	0.539239 
1769.529518  	0.541210 
1770.961176  	0.540978 
1772.392834  	0.505133 
1773.824492  	0.473768 
1775.256150  	0.450967 
1776.687809  	0.414380 
1778.119467  	0.385094 
1779.551125  	0.355307 
1780.982783  	0.316461 
1782.414441  	0.288193 
1783.846100  	0.260647 
1785.277758  	0.229038 
1786.709416  	0.203297 
1788.141074  	0.176886 
1789.572732  	0.153406 
1791.004391  	0.133805 
1792.436049  	0.107393 
1793.867707  	0.087428 
1795.299365  	0.073533 
1796.731023  	0.058043 
1798.162681  	0.047895 
1799.594340  	0.038068 
1801.025998  	0.027994 
1802.457656  	0.022780 
1803.889314  	0.015942 
1805.320972  	0.011384 
1806.752631  	0.008763 
1808.184289  	0.003860 
1809.615947  	0.002345 
1811.047605  	0.000445 
1812.479263  	-0.003136 
1813.910922  	-0.003433 
1815.342580  	-0.005623 
1816.774238  	-0.007296 
1818.205896  	-0.007019 
1819.637554  	-0.009418 
1821.069212  	-0.009502 
1822.500871  	-0.009412 
1823.932529  	-0.011465 
1825.364187  	-0.010853 
1826.795845  	-0.012043 
1828.227503  	-0.013187 
1829.659162  	-0.011747 
1831.090820  	-0.013482 
1832.522478  	-0.013888 
1833.954136  	-0.013603 
1835.385794  	-0.015160 
1836.817452  	-0.014736 
1838.249111  	-0.015755 
1839.680769  	-0.017167 
1841.112427  	-0.015755 
1842.544085  	-0.016365 
1843.975743  	-0.016625 
1845.407402  	-0.015887 
1846.839060  	-0.017517 
1848.270718  	-0.016905 
1849.702376  	-0.016892 
1851.134034  	-0.017782 
1852.565693  	-0.016578 
1853.997351  	-0.017590 
1855.429009  	-0.018303 
1856.860667  	-0.017163 
1858.292325  	-0.018155 
1859.723983  	-0.018091 
1861.155642  	-0.018017 
1862.587300  	-0.019095 
1864.018958  	-0.018186 
1865.450616  	-0.018558 
1866.882274  	-0.018932 
1868.313933  	-0.017761 
1869.745591  	-0.019159 
1871.177249  	-0.018858 
1872.608907  	-0.018185 
1874.040565  	-0.019178 
1875.472224  	-0.018227 
1876.903882  	-0.018033 
1878.335540  	-0.018087 
1879.767198  	-0.016826 
1881.198856  	-0.017900 
1882.630514  	-0.017735 
1884.062173  	-0.016497 
1885.493831  	-0.017470 
1886.925489  	-0.016627 
1888.357147  	-0.015716 
1889.788805  	-0.015708 
1891.220464  	-0.014309 
1892.652122  	-0.014618 
1894.083780  	-0.014265 
1895.515438  	-0.013146 
1896.947096  	-0.014133 
1898.378754  	-0.013655 
1899.810413  	-0.013567 
1901.242071  	-0.014350 
1902.673729  	-0.013275 
1904.105387  	-0.014124 
1905.537045  	-0.015255 
1906.968704  	-0.015459 
1908.400362  	-0.017446 
1909.832020  	-0.017535 
1911.263678  	-0.017862 
1912.695336  	-0.019734 
1914.126995  	-0.018994 
1915.558653  	-0.019889 
1916.990311  	-0.021567 
1918.421969  	-0.020678 
1919.853627  	-0.021674 
1921.285285  	-0.021808 
1922.716944  	-0.021419 
1924.148602  	-0.022774 
1925.580260  	-0.021807 
1927.011918  	-0.022420 
1928.443576  	-0.024111 
1929.875235  	-0.022750 
1931.306893  	-0.022962 
1932.738551  	-0.022629 
1934.170209  	-0.021607 
1935.601867  	-0.023218 
1937.033525  	-0.022224 
1938.465184  	-0.022048 
1939.896842  	-0.024486 
1941.328500  	-0.023695 
1942.760158  	-0.023749 
1944.191816  	-0.023616 
1945.623475  	-0.021640 
1947.055133  	-0.022600 
1948.486791  	-0.022271 
1949.918449  	-0.021758 
1951.350107  	-0.023024 
1952.781766  	-0.021846 
1954.213424  	-0.022662 
1955.645082  	-0.024017 
1957.076740  	-0.023378 
1958.508398  	-0.025283 
1959.940056  	-0.024560 
1961.371715  	-0.023342 
1962.803373  	-0.024481 
1964.235031  	-0.021593 
1965.666689  	-0.021786 
1967.098347  	-0.023937 
1968.530006  	-0.022294 
1969.961664  	-0.023766 
1971.393322  	-0.023034 
1972.824980  	-0.021786 
1974.256638  	-0.024625 
1975.688297  	-0.022964 
1977.119955  	-0.023911 
1978.551613  	-0.026214 
1979.983271  	-0.022397 
1981.414929  	-0.023629 
1982.846587  	-0.024909 
1984.278246  	-0.023219 
1985.709904  	-0.024547 
1987.141562  	-0.023531 
1988.573220  	-0.024532 
1990.004878  	-0.027490 
1991.436537  	-0.024588 
1992.868195  	-0.024732 
1994.299853  	-0.025919 
1995.731511  	-0.023353 
1997.163169  	-0.024604 
1998.594827  	-0.025003 
2000.026486  	-0.023256 
2001.458144  	-0.023337 
2002.889802  	-0.022411 
2004.321460  	-0.023948 
2005.753118  	-0.024434 
2007.184777  	-0.020842 
2008.616435  	-0.020966 
2010.048093  	-0.020962 
2011.479751  	-0.022108 
2012.911409  	-0.025468 
2014.343068  	-0.024027 
2015.774726  	-0.025354 
2017.206384  	-0.026024 
2018.638042  	-0.020725 
2020.069700  	-0.022649 
2021.501358  	-0.024727 
2022.933017  	-0.022694 
2024.364675  	-0.024501 
2025.796333  	-0.023341 
2027.227991  	-0.023450 
2028.659649  	-0.026119 
2030.091308  	-0.022278 
2031.522966  	-0.021989 
2032.954624  	-0.025528 
2034.386282  	-0.025881 
2035.817940  	-0.026437 
2037.249599  	-0.023358 
2038.681257  	-0.020552 
2040.112915  	-0.021254 
2041.544573  	-0.020803 
2042.976231  	-0.022840 
2044.407889  	-0.024393 
2045.839548  	-0.021986 
2047.271206  	-0.020495 
2048.702864  	-0.018958 
2050.134522  	-0.019800 
2051.566180  	-0.021919 
2052.997839  	-0.020756 
2054.429497  	-0.020764 
2055.861155  	-0.021284 
2057.292813  	-0.020615 
2058.724471  	-0.022033 
2060.156129  	-0.022350 
2061.587788  	-0.022378 
2063.019446  	-0.023364 
2064.451104  	-0.021711 
2065.882762  	-0.021951 
2067.314420  	-0.023232 
2068.746079  	-0.021379 
2070.177737  	-0.021777 
2071.609395  	-0.023132 
2073.041053  	-0.022335 
2074.472711  	-0.022363 
2075.904370  	-0.022656 
2077.336028  	-0.022995 
2078.767686  	-0.022638 
2080.199344  	-0.021528 
2081.631002  	-0.022463 
2083.062660  	-0.022741 
2084.494319  	-0.022105 
2085.925977  	-0.022642 
2087.357635  	-0.021517 
2088.789293  	-0.021079 
2090.220951  	-0.022677 
2091.652610  	-0.023111 
2093.084268  	-0.024153 
2094.515926  	-0.024697 
2095.947584  	-0.023607 
2097.379242  	-0.024340 
2098.810901  	-0.025021 
2100.242559  	-0.025032 
2101.674217  	-0.025034 
2103.105875  	-0.023847 
2104.537533  	-0.024356 
2105.969191  	-0.025118 
2107.400850  	-0.024135 
2108.832508  	-0.024401 
2110.264166  	-0.024245 
2111.695824  	-0.023828 
2113.127482  	-0.024673 
2114.559141  	-0.024366 
2115.990799  	-0.024803 
2117.422457  	-0.025776 
2118.854115  	-0.025064 
2120.285773  	-0.025161 
2121.717431  	-0.025249 
2123.149090  	-0.025485 
2124.580748  	-0.026478 
2126.012406  	-0.024664 
2127.444064  	-0.023734 
2128.875722  	-0.025409 
2130.307381  	-0.025303 
2131.739039  	-0.025556 
2133.170697  	-0.025194 
2134.602355  	-0.023687 
2136.034013  	-0.025733 
2137.465672  	-0.026279 
2138.897330  	-0.024518 
2140.328988  	-0.024945 
2141.760646  	-0.024488 
2143.192304  	-0.024583 
2144.623962  	-0.025233 
2146.055621  	-0.024477 
2147.487279  	-0.024797 
2148.918937  	-0.023234 
2150.350595  	-0.022443 
2151.782253  	-0.024468 
2153.213912  	-0.022968 
2154.645570  	-0.022356 
2156.077228  	-0.022430 
2157.508886  	-0.020290 
2158.940544  	-0.023751 
2160.372202  	-0.023384 
2161.803861  	-0.019635 
2163.235519  	-0.022530 
2164.667177  	-0.022549 
2166.098835  	-0.022822 
2167.530493  	-0.025616 
2168.962152  	-0.023669 
2170.393810  	-0.022916 
2171.825468  	-0.022610 
2173.257126  	-0.021384 
2174.688784  	-0.023513 
2176.120443  	-0.022115 
2177.552101  	-0.020039 
2178.983759  	-0.022140 
2180.415417  	-0.021304 
2181.847075  	-0.020415 
2183.278733  	-0.021362 
2184.710392  	-0.021706 
2186.142050  	-0.023388 
2187.573708  	-0.022563 
2189.005366  	-0.021402 
2190.437024  	-0.022179 
2191.868683  	-0.019820 
2193.300341  	-0.018770 
2194.731999  	-0.019345 
2196.163657  	-0.018594 
2197.595315  	-0.020708 
2199.026974  	-0.021250 
2200.458632  	-0.019595 
2201.890290  	-0.021218 
2203.321948  	-0.021137 
2204.753606  	-0.020183 
2206.185264  	-0.021666 
2207.616923  	-0.021601 
2209.048581  	-0.021354 
2210.480239  	-0.021817 
2211.911897  	-0.021998 
2213.343555  	-0.022215 
2214.775214  	-0.020649 
2216.206872  	-0.020069 
2217.638530  	-0.020578 
2219.070188  	-0.018997 
2220.501846  	-0.018534 
2221.933504  	-0.018636 
2223.365163  	-0.018045 
2224.796821  	-0.018587 
2226.228479  	-0.018032 
2227.660137  	-0.018106 
2229.091795  	-0.019115 
2230.523454  	-0.017419 
2231.955112  	-0.016706 
2233.386770  	-0.017252 
2234.818428  	-0.016611 
2236.250086  	-0.017257 
2237.681745  	-0.017748 
2239.113403  	-0.018133 
2240.545061  	-0.019599 
2241.976719  	-0.019218 
2243.408377  	-0.018907 
2244.840035  	-0.019472 
2246.271694  	-0.019247 
2247.703352  	-0.020364 
2249.135010  	-0.020655 
2250.566668  	-0.019352 
2251.998326  	-0.019872 
2253.429985  	-0.020421 
2254.861643  	-0.020680 
2256.293301  	-0.021524 
2257.724959  	-0.021000 
2259.156617  	-0.020788 
2260.588276  	-0.021812 
2262.019934  	-0.022592 
2263.451592  	-0.023121 
2264.883250  	-0.023140 
2266.314908  	-0.023349 
2267.746566  	-0.023568 
2269.178225  	-0.023295 
2270.609883  	-0.024078 
2272.041541  	-0.024770 
2273.473199  	-0.024603 
2274.904857  	-0.024474 
2276.336516  	-0.023618 
2277.768174  	-0.023566 
2279.199832  	-0.024380 
2280.631490  	-0.024278 
2282.063148  	-0.024794 
2283.494806  	-0.025042 
2284.926465  	-0.024385 
2286.358123  	-0.025094 
2287.789781  	-0.025571 
2289.221439  	-0.025185 
2290.653097  	-0.025153 
2292.084756  	-0.024330 
2293.516414  	-0.023676 
2294.948072  	-0.023721 
2296.379730  	-0.023422 
2297.811388  	-0.023740 
2299.243047  	-0.023916 
2300.674705  	-0.023284 
2302.106363  	-0.023275 
2303.538021  	-0.023426 
2304.969679  	-0.023263 
2306.401337  	-0.022769 
2307.832996  	-0.022041 
2309.264654  	-0.022020 
2310.696312  	-0.021659 
2312.127970  	-0.021091 
2313.559628  	-0.021621 
2314.991287  	-0.021404 
2316.422945  	-0.020648 
2317.854603  	-0.020619 
2319.286261  	-0.019899 
2320.717919  	-0.019055 
2322.149577  	-0.018766 
2323.581236  	-0.018457 
2325.012894  	-0.018455 
2326.444552  	-0.017930 
2327.876210  	-0.017124 
2329.307868  	-0.016850 
2330.739527  	-0.016295 
2332.171185  	-0.016209 
2333.602843  	-0.016664 
2335.034501  	-0.016520 
2336.466159  	-0.016533 
2337.897818  	-0.016387 
2339.329476  	-0.015932 
2340.761134  	-0.016075 
2342.192792  	-0.016225 
2343.624450  	-0.016480 
2345.056108  	-0.016732 
2346.487767  	-0.017316 
2347.919425  	-0.019113 
2349.351083  	-0.019729 
2350.782741  	-0.018263 
2352.214399  	-0.016734 
2353.646058  	-0.015793 
2355.077716  	-0.014928 
2356.509374  	-0.013773 
2357.941032  	-0.012107 
2359.372690  	-0.012328 
2360.804349  	-0.013628 
2362.236007  	-0.013383 
2363.667665  	-0.013565 
2365.099323  	-0.014342 
2366.530981  	-0.014680 
2367.962639  	-0.015232 
2369.394298  	-0.015557 
2370.825956  	-0.016049 
2372.257614  	-0.016674 
2373.689272  	-0.017115 
2375.120930  	-0.018224 
2376.552589  	-0.019175 
2377.984247  	-0.019835 
2379.415905  	-0.020948 
2380.847563  	-0.021726 
2382.279221  	-0.022380 
2383.710879  	-0.023058 
2385.142538  	-0.023216 
2386.574196  	-0.023431 
2388.005854  	-0.023488 
2389.437512  	-0.023325 
2390.869170  	-0.023423 
2392.300829  	-0.023111 
2393.732487  	-0.022949 
2395.164145  	-0.023127 
2396.595803  	-0.022771 
2398.027461  	-0.022869 
2399.459120  	-0.023085 
2400.890778  	-0.022695 
2402.322436  	-0.022969 
2403.754094  	-0.023264 
2405.185752  	-0.023055 
2406.617410  	-0.022968 
2408.049069  	-0.022427 
2409.480727  	-0.022328 
2410.912385  	-0.022885 
2412.344043  	-0.022735 
2413.775701  	-0.022798 
2415.207360  	-0.023376 
2416.639018  	-0.023446 
2418.070676  	-0.023191 
2419.502334  	-0.022941 
2420.933992  	-0.023228 
2422.365651  	-0.023634 
2423.797309  	-0.023397 
2425.228967  	-0.023375 
2426.660625  	-0.023397 
2428.092283  	-0.023255 
2429.523941  	-0.023581 
2430.955600  	-0.023597 
2432.387258  	-0.023637 
2433.818916  	-0.024231 
2435.250574  	-0.024285 
2436.682232  	-0.024202 
2438.113891  	-0.024409 
2439.545549  	-0.024417 
2440.977207  	-0.024327 
2442.408865  	-0.024052 
2443.840523  	-0.024111 
2445.272181  	-0.024299 
2446.703840  	-0.023853 
2448.135498  	-0.023961 
2449.567156  	-0.024368 
2450.998814  	-0.024049 
2452.430472  	-0.023916 
2453.862131  	-0.023645 
2455.293789  	-0.023184 
2456.725447  	-0.023388 
2458.157105  	-0.023452 
2459.588763  	-0.023261 
2461.020422  	-0.023224 
2462.452080  	-0.023306 
2463.883738  	-0.023768 
2465.315396  	-0.023902 
2466.747054  	-0.023831 
2468.178712  	-0.024065 
2469.610371  	-0.023841 
2471.042029  	-0.023845 
2472.473687  	-0.024084 
2473.905345  	-0.023602 
2475.337003  	-0.023507 
2476.768662  	-0.023649 
2478.200320  	-0.023629 
2479.631978  	-0.024258 
2481.063636  	-0.024352 
2482.495294  	-0.023978 
2483.926953  	-0.024262 
2485.358611  	-0.024347 
2486.790269  	-0.024511 
2488.221927  	-0.024793 
2489.653585  	-0.024394 
2491.085243  	-0.024165 
2492.516902  	-0.024225 
2493.948560  	-0.024482 
2495.380218  	-0.024983 
2496.811876  	-0.024893 
2498.243534  	-0.025113 
2499.675193  	-0.025790 
2501.106851  	-0.025527 
2502.538509  	-0.025178 
2503.970167  	-0.025266 
2505.401825  	-0.025405 
2506.833483  	-0.025817 
2508.265142  	-0.025860 
2509.696800  	-0.025689 
2511.128458  	-0.025635 
2512.560116  	-0.025240 
2513.991774  	-0.025362 
2515.423433  	-0.025886 
2516.855091  	-0.025932 
2518.286749  	-0.026060 
2519.718407  	-0.026088 
2521.150065  	-0.025842 
2522.581724  	-0.025808 
2524.013382  	-0.025837 
2525.445040  	-0.025946 
2526.876698  	-0.025785 
2528.308356  	-0.025499 
2529.740014  	-0.025821 
2531.171673  	-0.025747 
2532.603331  	-0.025191 
2534.034989  	-0.025348 
2535.466647  	-0.025719 
2536.898305  	-0.025925 
2538.329964  	-0.026183 
2539.761622  	-0.026341 
2541.193280  	-0.026479 
2542.624938  	-0.026477 
2544.056596  	-0.026634 
2545.488254  	-0.026864 
2546.919913  	-0.026398 
2548.351571  	-0.026063 
2549.783229  	-0.026331 
2551.214887  	-0.026421 
2552.646545  	-0.026460 
2554.078204  	-0.026467 
2555.509862  	-0.026390 
2556.941520  	-0.026523 
2558.373178  	-0.026742 
2559.804836  	-0.026853 
2561.236495  	-0.026290 
2562.668153  	-0.025752 
2564.099811  	-0.026499 
2565.531469  	-0.027044 
2566.963127  	-0.026798 
2568.394785  	-0.026857 
2569.826444  	-0.026435 
2571.258102  	-0.025767 
2572.689760  	-0.025801 
2574.121418  	-0.025926 
2575.553076  	-0.026175 
2576.984735  	-0.026344 
2578.416393  	-0.026074 
2579.848051  	-0.025934 
2581.279709  	-0.025818 
2582.711367  	-0.025927 
2584.143026  	-0.026085 
2585.574684  	-0.025562 
2587.006342  	-0.025565 
2588.438000  	-0.026145 
2589.869658  	-0.025978 
2591.301316  	-0.025790 
2592.732975  	-0.025831 
2594.164633  	-0.025706 
2595.596291  	-0.025823 
2597.027949  	-0.025867 
2598.459607  	-0.025814 
2599.891266  	-0.025830 
2601.322924  	-0.025572 
2602.754582  	-0.025426 
2604.186240  	-0.025632 
2605.617898  	-0.026061 
2607.049556  	-0.026299 
2608.481215  	-0.025879 
2609.912873  	-0.025793 
2611.344531  	-0.026172 
2612.776189  	-0.025990 
2614.207847  	-0.025918 
2615.639506  	-0.026128 
2617.071164  	-0.026101 
2618.502822  	-0.026346 
2619.934480  	-0.026431 
2621.366138  	-0.026181 
2622.797797  	-0.026287 
2624.229455  	-0.026253 
2625.661113  	-0.026137 
2627.092771  	-0.026513 
2628.524429  	-0.026723 
2629.956087  	-0.026547 
2631.387746  	-0.026485 
2632.819404  	-0.026559 
2634.251062  	-0.026583 
2635.682720  	-0.026617 
2637.114378  	-0.026750 
2638.546037  	-0.026734 
2639.977695  	-0.026661 
2641.409353  	-0.026787 
2642.841011  	-0.026695 
2644.272669  	-0.026518 
2645.704328  	-0.026690 
2647.135986  	-0.026742 
2648.567644  	-0.026523 
2649.999302  	-0.026364 
2651.430960  	-0.026355 
2652.862618  	-0.026467 
2654.294277  	-0.026455 
2655.725935  	-0.026376 
2657.157593  	-0.026318 
2658.589251  	-0.026132 
2660.020909  	-0.026177 
2661.452568  	-0.026335 
2662.884226  	-0.026162 
2664.315884  	-0.026094 
2665.747542  	-0.026123 
2667.179200  	-0.025988 
2668.610858  	-0.026021 
2670.042517  	-0.026033 
2671.474175  	-0.025915 
2672.905833  	-0.025995 
2674.337491  	-0.026123 
2675.769149  	-0.026172 
2677.200808  	-0.026102 
2678.632466  	-0.025979 
2680.064124  	-0.026059 
2681.495782  	-0.026077 
2682.927440  	-0.026006 
2684.359099  	-0.026174 
2685.790757  	-0.026235 
2687.222415  	-0.026057 
2688.654073  	-0.026018 
2690.085731  	-0.026086 
2691.517389  	-0.026031 
2692.949048  	-0.025948 
2694.380706  	-0.026087 
2695.812364  	-0.026196 
2697.244022  	-0.026030 
2698.675680  	-0.025945 
2700.107339  	-0.025883 
2701.538997  	-0.025741 
2702.970655  	-0.025814 
2704.402313  	-0.025818 
2705.833971  	-0.025678 
2707.265630  	-0.025670 
2708.697288  	-0.025597 
2710.128946  	-0.025503 
2711.560604  	-0.025299 
2712.992262  	-0.024883 
2714.423920  	-0.024839 
2715.855579  	-0.025059 
2717.287237  	-0.025079 
2718.718895  	-0.025096 
2720.150553  	-0.025179 
2721.582211  	-0.025360 
2723.013870  	-0.025484 
2724.445528  	-0.025330 
2725.877186  	-0.025254 
2727.308844  	-0.025249 
2728.740502  	-0.025190 
2730.172160  	-0.025210 
2731.603819  	-0.025072 
2733.035477  	-0.025082 
2734.467135  	-0.025374 
2735.898793  	-0.025321 
2737.330451  	-0.025190 
2738.762110  	-0.025199 
2740.193768  	-0.025121 
2741.625426  	-0.025268 
2743.057084  	-0.025375 
2744.488742  	-0.025248 
2745.920401  	-0.025318 
2747.352059  	-0.025360 
2748.783717  	-0.025314 
2750.215375  	-0.025362 
2751.647033  	-0.025355 
2753.078691  	-0.025400 
2754.510350  	-0.025298 
2755.942008  	-0.025014 
2757.373666  	-0.025006 
2758.805324  	-0.025050 
2760.236982  	-0.024952 
2761.668641  	-0.024815 
2763.100299  	-0.024644 
2764.531957  	-0.024702 
2765.963615  	-0.024686 
2767.395273  	-0.024372 
2768.826931  	-0.024247 
2770.258590  	-0.024133 
2771.690248  	-0.023953 
2773.121906  	-0.023945 
2774.553564  	-0.023804 
2775.985222  	-0.023727 
2777.416881  	-0.023830 
2778.848539  	-0.023753 
2780.280197  	-0.023731 
2781.711855  	-0.023773 
2783.143513  	-0.023749 
2784.575172  	-0.023830 
2786.006830  	-0.023796 
2787.438488  	-0.023791 
2788.870146  	-0.024042 
2790.301804  	-0.024223 
2791.733462  	-0.024327 
2793.165121  	-0.024358 
2794.596779  	-0.024319 
2796.028437  	-0.024428 
2797.460095  	-0.024466 
2798.891753  	-0.024382 
2800.323412  	-0.024289 
2801.755070  	-0.024033 
2803.186728  	-0.023848 
2804.618386  	-0.023812 
2806.050044  	-0.023721 
2807.481703  	-0.023656 
2808.913361  	-0.023593 
2810.345019  	-0.023557 
2811.776677  	-0.023555 
2813.208335  	-0.023523 
2814.639993  	-0.023655 
2816.071652  	-0.023778 
2817.503310  	-0.023764 
2818.934968  	-0.023849 
2820.366626  	-0.023818 
2821.798284  	-0.023710 
2823.229943  	-0.023764 
2824.661601  	-0.023808 
2826.093259  	-0.023832 
2827.524917  	-0.023702 
2828.956575  	-0.023556 
2830.388233  	-0.023774 
2831.819892  	-0.023815 
2833.251550  	-0.023553 
2834.683208  	-0.023412 
2836.114866  	-0.023131 
2837.546524  	-0.022880 
2838.978183  	-0.022804 
2840.409841  	-0.022562 
2841.841499  	-0.022310 
2843.273157  	-0.021935 
2844.704815  	-0.021472 
2846.136474  	-0.021327 
2847.568132  	-0.021006 
2848.999790  	-0.020331 
2850.431448  	-0.019748 
2851.863106  	-0.019296 
2853.294764  	-0.019072 
2854.726423  	-0.018805 
2856.158081  	-0.018159 
2857.589739  	-0.017396 
2859.021397  	-0.016596 
2860.453055  	-0.015817 
2861.884714  	-0.014769 
2863.316372  	-0.012980 
2864.748030  	-0.010891 
2866.179688  	-0.008654 
2867.611346  	-0.006116 
2869.043005  	-0.003631 
2870.474663  	-0.001309 
2871.906321  	0.000285 
2873.337979  	0.000739 
2874.769637  	0.000658 
2876.201295  	0.000008 
2877.632954  	-0.001350 
2879.064612  	-0.002948 
2880.496270  	-0.004606 
2881.927928  	-0.006004 
2883.359586  	-0.007149 
2884.791245  	-0.008086 
2886.222903  	-0.008195 
2887.654561  	-0.007881 
2889.086219  	-0.007635 
2890.517877  	-0.007190 
2891.949535  	-0.007125 
2893.381194  	-0.007470 
2894.812852  	-0.007717 
2896.244510  	-0.008169 
2897.676168  	-0.008571 
2899.107826  	-0.008785 
2900.539485  	-0.008989 
2901.971143  	-0.008711 
2903.402801  	-0.008340 
2904.834459  	-0.008057 
2906.266117  	-0.007093 
2907.697776  	-0.005950 
2909.129434  	-0.005217 
2910.561092  	-0.004628 
2911.992750  	-0.004205 
2913.424408  	-0.003970 
2914.856066  	-0.004031 
2916.287725  	-0.004252 
2917.719383  	-0.004144 
2919.151041  	-0.003843 
2920.582699  	-0.003254 
2922.014357  	-0.002217 
2923.446016  	-0.001127 
2924.877674  	0.000309 
2926.309332  	0.002271 
2927.740990  	0.004222 
2929.172648  	0.005964 
2930.604306  	0.007382 
2932.035965  	0.008555 
2933.467623  	0.009512 
2934.899281  	0.009830 
2936.330939  	0.009717 
2937.762597  	0.009464 
2939.194256  	0.008873 
2940.625914  	0.008243 
2942.057572  	0.007809 
2943.489230  	0.007514 
2944.920888  	0.007461 
2946.352547  	0.007402 
2947.784205  	0.007250 
2949.215863  	0.007484 
2950.647521  	0.008392 
2952.079179  	0.009947 
2953.510837  	0.012234 
2954.942496  	0.015499 
2956.374154  	0.019620 
2957.805812  	0.024567 
2959.237470  	0.030642 
2960.669128  	0.037279 
2962.100787  	0.043806 
2963.532445  	0.049986 
2964.964103  	0.055075 
2966.395761  	0.058635 
2967.827419  	0.060446 
2969.259078  	0.060238 
2970.690736  	0.058667 
2972.122394  	0.056095 
2973.554052  	0.052124 
2974.985710  	0.047341 
2976.417368  	0.042405 
2977.849027  	0.037179 
2979.280685  	0.032062 
2980.712343  	0.027227 
2982.144001  	0.022336 
2983.575659  	0.017700 
2985.007318  	0.013520 
2986.438976  	0.009606 
2987.870634  	0.005969 
2989.302292  	0.002715 
2990.733950  	-0.000127 
2992.165608  	-0.002794 
2993.597267  	-0.005174 
2995.028925  	-0.007055 
2996.460583  	-0.008967 
2997.892241  	-0.010880 
2999.323899  	-0.012327 
3000.755558  	-0.013675 
3002.187216  	-0.014983 
3003.618874  	-0.015867 
3005.050532  	-0.016603 
3006.482190  	-0.017580 
3007.913849  	-0.018609 
3009.345507  	-0.019318 
3010.777165  	-0.019753 
3012.208823  	-0.020193 
3013.640481  	-0.020749 
3015.072139  	-0.021326 
3016.503798  	-0.021531 
3017.935456  	-0.021414 
3019.367114  	-0.021380 
3020.798772  	-0.021294 
3022.230430  	-0.021316 
3023.662089  	-0.021437 
3025.093747  	-0.021019 
3026.525405  	-0.020432 
3027.957063  	-0.019907 
3029.388721  	-0.018994 
3030.820380  	-0.018105 
3032.252038  	-0.017062 
3033.683696  	-0.015444 
3035.115354  	-0.013943 
3036.547012  	-0.012578 
3037.978670  	-0.011220 
3039.410329  	-0.010333 
3040.841987  	-0.009915 
3042.273645  	-0.010133 
3043.705303  	-0.010826 
3045.136961  	-0.011209 
3046.568620  	-0.011558 
3048.000278  	-0.012328 
3049.431936  	-0.012993 
3050.863594  	-0.013200 
3052.295252  	-0.013105 
3053.726910  	-0.012768 
3055.158569  	-0.012144 
3056.590227  	-0.011631 
3058.021885  	-0.011592 
3059.453543  	-0.011600 
3060.885201  	-0.011525 
3062.316860  	-0.011632 
3063.748518  	-0.012045 
3065.180176  	-0.012947 
3066.611834  	-0.013785 
3068.043492  	-0.014313 
3069.475151  	-0.015170 
3070.906809  	-0.015759 
3072.338467  	-0.015776 
3073.770125  	-0.016275 
3075.201783  	-0.017029 
3076.633441  	-0.017350 
3078.065100  	-0.017551 
3079.496758  	-0.018023 
3080.928416  	-0.018726 
3082.360074  	-0.019026 
3083.791732  	-0.019098 
3085.223391  	-0.019665 
3086.655049  	-0.020095 
3088.086707  	-0.020313 
3089.518365  	-0.020879 
3090.950023  	-0.021225 
3092.381682  	-0.021416 
3093.813340  	-0.021824 
3095.244998  	-0.022098 
3096.676656  	-0.022365 
3098.108314  	-0.022502 
3099.539972  	-0.022321 
3100.971631  	-0.022181 
3102.403289  	-0.022084 
3103.834947  	-0.022062 
3105.266605  	-0.022023 
3106.698263  	-0.021949 
3108.129922  	-0.022208 
3109.561580  	-0.022246 
3110.993238  	-0.022121 
3112.424896  	-0.022565 
3113.856554  	-0.022706 
3115.288212  	-0.022352 
3116.719871  	-0.022262 
3118.151529  	-0.022259 
3119.583187  	-0.022594 
3121.014845  	-0.023044 
3122.446503  	-0.023065 
3123.878162  	-0.023346 
3125.309820  	-0.023660 
3126.741478  	-0.023706 
3128.173136  	-0.024123 
3129.604794  	-0.024440 
3131.036453  	-0.024574 
3132.468111  	-0.024842 
3133.899769  	-0.024792 
3135.331427  	-0.024779 
3136.763085  	-0.024756 
3138.194743  	-0.024527 
3139.626402  	-0.025096 
3141.058060  	-0.025852 
3142.489718  	-0.025734 
3143.921376  	-0.025609 
3145.353034  	-0.025671 
3146.784693  	-0.025481 
3148.216351  	-0.025353 
3149.648009  	-0.025402 
3151.079667  	-0.025574 
3152.511325  	-0.025790 
3153.942983  	-0.025951 
3155.374642  	-0.026191 
3156.806300  	-0.026412 
3158.237958  	-0.026415 
3159.669616  	-0.026210 
3161.101274  	-0.026010 
3162.532933  	-0.025978 
3163.964591  	-0.025977 
3165.396249  	-0.026076 
3166.827907  	-0.026289 
3168.259565  	-0.026369 
3169.691224  	-0.026413 
3171.122882  	-0.026356 
3172.554540  	-0.026203 
3173.986198  	-0.026262 
3175.417856  	-0.026175 
3176.849514  	-0.025827 
3178.281173  	-0.025657 
3179.712831  	-0.025666 
3181.144489  	-0.025837 
3182.576147  	-0.025978 
3184.007805  	-0.026005 
3185.439464  	-0.026261 
3186.871122  	-0.026329 
3188.302780  	-0.026074 
3189.734438  	-0.025992 
3191.166096  	-0.025774 
3192.597755  	-0.025505 
3194.029413  	-0.025618 
3195.461071  	-0.025858 
3196.892729  	-0.026108 
3198.324387  	-0.026154 
3199.756045  	-0.026014 
3201.187704  	-0.026065 
3202.619362  	-0.026031 
3204.051020  	-0.026081 
3205.482678  	-0.026407 
3206.914336  	-0.026435 
3208.345995  	-0.026343 
3209.777653  	-0.026205 
3211.209311  	-0.025998 
3212.640969  	-0.026360 
3214.072627  	-0.026607 
3215.504285  	-0.026310 
3216.935944  	-0.026406 
3218.367602  	-0.026374 
3219.799260  	-0.025954 
3221.230918  	-0.026243 
3222.662576  	-0.026702 
3224.094235  	-0.026390 
3225.525893  	-0.026044 
3226.957551  	-0.026301 
3228.389209  	-0.026577 
3229.820867  	-0.026500 
3231.252526  	-0.026584 
3232.684184  	-0.026742 
3234.115842  	-0.026582 
3235.547500  	-0.026508 
3236.979158  	-0.026527 
3238.410816  	-0.026498 
3239.842475  	-0.026672 
3241.274133  	-0.026748 
3242.705791  	-0.026668 
3244.137449  	-0.026691 
3245.569107  	-0.026699 
3247.000766  	-0.026743 
3248.432424  	-0.026653 
3249.864082  	-0.026465 
3251.295740  	-0.026546 
3252.727398  	-0.026508 
3254.159057  	-0.026468 
3255.590715  	-0.026806 
3257.022373  	-0.026886 
3258.454031  	-0.026778 
3259.885689  	-0.026842 
3261.317347  	-0.026704 
3262.749006  	-0.026481 
3264.180664  	-0.026386 
3265.612322  	-0.026468 
3267.043980  	-0.026681 
3268.475638  	-0.026593 
3269.907297  	-0.026472 
3271.338955  	-0.026508 
3272.770613  	-0.026270 
3274.202271  	-0.026268 
3275.633929  	-0.026726 
3277.065587  	-0.026945 
3278.497246  	-0.026913 
3279.928904  	-0.026829 
3281.360562  	-0.026717 
3282.792220  	-0.026595 
3284.223878  	-0.026462 
3285.655537  	-0.026599 
3287.087195  	-0.026694 
3288.518853  	-0.026437 
3289.950511  	-0.026502 
3291.382169  	-0.026818 
3292.813828  	-0.026783 
3294.245486  	-0.026683 
3295.677144  	-0.026723 
3297.108802  	-0.026821 
3298.540460  	-0.027009 
3299.972118  	-0.027108 
3301.403777  	-0.026989 
3302.835435  	-0.026801 
3304.267093  	-0.026732 
3305.698751  	-0.026725 
3307.130409  	-0.026779 
3308.562068  	-0.026982 
3309.993726  	-0.026906 
3311.425384  	-0.026542 
3312.857042  	-0.026515 
3314.288700  	-0.026680 
3315.720359  	-0.026758 
3317.152017  	-0.026785 
3318.583675  	-0.026715 
3320.015333  	-0.026892 
3321.446991  	-0.027221 
3322.878649  	-0.027274 
3324.310308  	-0.027252 
3325.741966  	-0.027151 
3327.173624  	-0.027089 
3328.605282  	-0.027256 
3330.036940  	-0.027155 
3331.468599  	-0.027011 
3332.900257  	-0.027143 
3334.331915  	-0.027035 
3335.763573  	-0.026908 
3337.195231  	-0.026973 
3338.626889  	-0.026874 
3340.058548  	-0.026814 
3341.490206  	-0.026937 
3342.921864  	-0.027213 
3344.353522  	-0.027457 
3345.785180  	-0.027306 
3347.216839  	-0.027171 
3348.648497  	-0.027229 
3350.080155  	-0.027121 
3351.511813  	-0.027110 
3352.943471  	-0.027162 
3354.375130  	-0.027081 
3355.806788  	-0.027071 
3357.238446  	-0.026974 
3358.670104  	-0.026926 
3360.101762  	-0.027112 
3361.533420  	-0.027117 
3362.965079  	-0.027037 
3364.396737  	-0.027122 
3365.828395  	-0.027213 
3367.260053  	-0.027285 
3368.691711  	-0.027224 
3370.123370  	-0.027053 
3371.555028  	-0.026946 
3372.986686  	-0.026862 
3374.418344  	-0.026799 
3375.850002  	-0.026762 
3377.281660  	-0.026872 
3378.713319  	-0.027095 
3380.144977  	-0.027135 
3381.576635  	-0.027192 
3383.008293  	-0.027196 
3384.439951  	-0.026864 
3385.871610  	-0.026787 
3387.303268  	-0.026985 
3388.734926  	-0.027052 
3390.166584  	-0.027217 
3391.598242  	-0.027198 
3393.029901  	-0.027149 
3394.461559  	-0.027688 
3395.893217  	-0.027918 
3397.324875  	-0.027324 
3398.756533  	-0.026847 
3400.188191  	-0.026879 
3401.619850  	-0.027120 
3403.051508  	-0.027366 
3404.483166  	-0.027482 
3405.914824  	-0.027325 
3407.346482  	-0.027001 
3408.778141  	-0.027022 
3410.209799  	-0.027313 
3411.641457  	-0.027378 
3413.073115  	-0.027307 
3414.504773  	-0.027098 
3415.936432  	-0.026853 
3417.368090  	-0.026902 
3418.799748  	-0.026890 
3420.231406  	-0.026804 
3421.663064  	-0.027015 
3423.094722  	-0.027064 
3424.526381  	-0.026878 
3425.958039  	-0.026931 
3427.389697  	-0.027050 
3428.821355  	-0.027007 
3430.253013  	-0.026994 
3431.684672  	-0.026987 
3433.116330  	-0.026841 
3434.547988  	-0.026818 
3435.979646  	-0.027022 
3437.411304  	-0.027119 
3438.842962  	-0.027151 
3440.274621  	-0.027139 
3441.706279  	-0.026985 
3443.137937  	-0.027016 
3444.569595  	-0.026985 
3446.001253  	-0.026717 
3447.432912  	-0.026775 
3448.864570  	-0.026833 
3450.296228  	-0.026677 
3451.727886  	-0.026689 
3453.159544  	-0.026572 
3454.591203  	-0.026595 
3456.022861  	-0.026844 
3457.454519  	-0.026715 
3458.886177  	-0.026818 
3460.317835  	-0.027118 
3461.749493  	-0.026882 
3463.181152  	-0.026783 
3464.612810  	-0.026882 
3466.044468  	-0.026888 
3467.476126  	-0.027071 
3468.907784  	-0.026839 
3470.339443  	-0.026454 
3471.771101  	-0.026564 
3473.202759  	-0.026588 
3474.634417  	-0.026608 
3476.066075  	-0.026691 
3477.497734  	-0.026532 
3478.929392  	-0.026583 
3480.361050  	-0.026457 
3481.792708  	-0.026028 
3483.224366  	-0.026239 
3484.656024  	-0.026597 
3486.087683  	-0.026619 
3487.519341  	-0.026692 
3488.950999  	-0.026694 
3490.382657  	-0.026760 
3491.814315  	-0.026874 
3493.245974  	-0.026736 
3494.677632  	-0.026590 
3496.109290  	-0.026354 
3497.540948  	-0.026073 
3498.972606  	-0.026200 
3500.404264  	-0.026407 
3501.835923  	-0.026235 
3503.267581  	-0.025729 
3504.699239  	-0.025419 
3506.130897  	-0.025704 
3507.562555  	-0.025954 
3508.994214  	-0.025715 
3510.425872  	-0.025375 
3511.857530  	-0.025406 
3513.289188  	-0.025813 
3514.720846  	-0.025893 
3516.152505  	-0.025307 
3517.584163  	-0.024942 
3519.015821  	-0.025070 
3520.447479  	-0.025120 
3521.879137  	-0.025062 
3523.310795  	-0.025022 
3524.742454  	-0.024908 
3526.174112  	-0.024636 
3527.605770  	-0.024298 
3529.037428  	-0.024244 
3530.469086  	-0.024470 
3531.900745  	-0.024638 
3533.332403  	-0.024622 
3534.764061  	-0.024589 
3536.195719  	-0.024750 
3537.627377  	-0.024820 
3539.059035  	-0.024621 
3540.490694  	-0.024518 
3541.922352  	-0.024551 
3543.354010  	-0.024591 
3544.785668  	-0.024572 
3546.217326  	-0.024484 
3547.648985  	-0.024595 
3549.080643  	-0.024774 
3550.512301  	-0.024857 
3551.943959  	-0.024926 
3553.375617  	-0.024780 
3554.807276  	-0.024714 
3556.238934  	-0.024853 
3557.670592  	-0.024844 
3559.102250  	-0.025098 
3560.533908  	-0.025436 
3561.965566  	-0.025037 
3563.397225  	-0.024479 
3564.828883  	-0.024236 
3566.260541  	-0.024141 
3567.692199  	-0.024386 
3569.123857  	-0.024759 
3570.555516  	-0.025206 
3571.987174  	-0.025600 
3573.418832  	-0.025575 
3574.850490  	-0.025596 
3576.282148  	-0.025559 
3577.713807  	-0.025122 
3579.145465  	-0.024951 
3580.577123  	-0.025010 
3582.008781  	-0.025134 
3583.440439  	-0.025448 
3584.872097  	-0.025443 
3586.303756  	-0.025315 
3587.735414  	-0.025405 
3589.167072  	-0.025416 
3590.598730  	-0.025699 
3592.030388  	-0.025832 
3593.462047  	-0.025543 
3594.893705  	-0.025610 
3596.325363  	-0.025839 
3597.757021  	-0.025858 
3599.188679  	-0.026051 
3600.620337  	-0.026162 
3602.051996  	-0.026158 
3603.483654  	-0.026232 
3604.915312  	-0.026340 
3606.346970  	-0.026459 
3607.778628  	-0.026031 
3609.210287  	-0.025393 
3610.641945  	-0.025816 
3612.073603  	-0.026231 
3613.505261  	-0.026011 
3614.936919  	-0.026066 
3616.368578  	-0.026300 
3617.800236  	-0.026007 
3619.231894  	-0.025532 
3620.663552  	-0.025897 
3622.095210  	-0.026303 
3623.526868  	-0.026009 
3624.958527  	-0.025868 
3626.390185  	-0.025979 
3627.821843  	-0.025170 
3629.253501  	-0.023615 
3630.685159  	-0.024488 
3632.116818  	-0.025641 
3633.548476  	-0.025964 
3634.980134  	-0.026240 
3636.411792  	-0.026484 
3637.843450  	-0.026400 
3639.275109  	-0.026417 
3640.706767  	-0.026400 
3642.138425  	-0.025808 
3643.570083  	-0.025541 
3645.001741  	-0.025708 
3646.433399  	-0.025304 
3647.865058  	-0.025139 
3649.296716  	-0.025411 
3650.728374  	-0.024840 
3652.160032  	-0.025553 
3653.591690  	-0.026407 
3655.023349  	-0.025983 
3656.455007  	-0.025075 
3657.886665  	-0.024933 
3659.318323  	-0.025107 
3660.749981  	-0.025108 
3662.181639  	-0.025197 
3663.613298  	-0.025589 
3665.044956  	-0.025475 
3666.476614  	-0.024797 
3667.908272  	-0.024566 
3669.339930  	-0.024208 
3670.771589  	-0.023659 
3672.203247  	-0.024583 
3673.634905  	-0.024738 
3675.066563  	-0.023301 
3676.498221  	-0.022964 
3677.929880  	-0.024664 
3679.361538  	-0.025357 
3680.793196  	-0.025510 
3682.224854  	-0.025561 
3683.656512  	-0.025595 
3685.088170  	-0.025322 
3686.519829  	-0.024865 
3687.951487  	-0.024463 
3689.383145  	-0.024566 
3690.814803  	-0.025269 
3692.246461  	-0.025727 
3693.678120  	-0.026108 
3695.109778  	-0.026399 
3696.541436  	-0.026114 
3697.973094  	-0.025869 
3699.404752  	-0.026181 
3700.836411  	-0.026404 
3702.268069  	-0.026540 
3703.699727  	-0.026530 
3705.131385  	-0.026361 
3706.563043  	-0.026375 
3707.994701  	-0.026085 
3709.426360  	-0.025669 
3710.858018  	-0.025836 
3712.289676  	-0.025948 
3713.721334  	-0.026404 
3715.152992  	-0.027038 
3716.584651  	-0.026814 
3718.016309  	-0.026529 
3719.447967  	-0.026667 
3720.879625  	-0.026338 
3722.311283  	-0.025847 
3723.742941  	-0.025921 
3725.174600  	-0.026034 
3726.606258  	-0.025819 
3728.037916  	-0.025840 
3729.469574  	-0.026079 
3730.901232  	-0.025663 
3732.332891  	-0.025041 
3733.764549  	-0.025520 
3735.196207  	-0.025508 
3736.627865  	-0.025147 
3738.059523  	-0.026190 
3739.491182  	-0.026652 
3740.922840  	-0.026472 
3742.354498  	-0.026254 
3743.786156  	-0.025560 
3745.217814  	-0.025063 
3746.649472  	-0.025862 
3748.081131  	-0.025899 
3749.512789  	-0.025527 
3750.944447  	-0.024996 
3752.376105  	-0.025006 
3753.807763  	-0.026199 
3755.239422  	-0.026719 
3756.671080  	-0.026335 
3758.102738  	-0.026100 
3759.534396  	-0.026371 
3760.966054  	-0.026811 
3762.397712  	-0.027025 
3763.829371  	-0.026778 
3765.261029  	-0.026485 
3766.692687  	-0.026705 
3768.124345  	-0.026766 
3769.556003  	-0.026215 
3770.987662  	-0.025990 
3772.419320  	-0.026525 
3773.850978  	-0.026946 
3775.282636  	-0.027233 
3776.714294  	-0.027284 
3778.145953  	-0.026860 
3779.577611  	-0.026528 
3781.009269  	-0.026974 
3782.440927  	-0.027371 
3783.872585  	-0.027190 
3785.304243  	-0.026966 
3786.735902  	-0.027198 
3788.167560  	-0.027276 
3789.599218  	-0.027117 
3791.030876  	-0.027183 
3792.462534  	-0.027251 
3793.894193  	-0.027224 
3795.325851  	-0.026936 
3796.757509  	-0.026240 
3798.189167  	-0.026572 
3799.620825  	-0.027078 
3801.052484  	-0.025880 
3802.484142  	-0.024905 
3803.915800  	-0.026246 
3805.347458  	-0.026484 
3806.779116  	-0.025931 
3808.210774  	-0.026374 
3809.642433  	-0.027156 
3811.074091  	-0.027276 
3812.505749  	-0.027130 
3813.937407  	-0.027029 
3815.369065  	-0.026187 
3816.800724  	-0.024992 
3818.232382  	-0.025973 
3819.664040  	-0.026511 
3821.095698  	-0.025584 
3822.527356  	-0.026025 
3823.959014  	-0.027010 
3825.390673  	-0.026633 
3826.822331  	-0.026100 
3828.253989  	-0.026452 
3829.685647  	-0.026814 
3831.117305  	-0.026510 
3832.548964  	-0.026065 
3833.980622  	-0.026104 
3835.412280  	-0.025991 
3836.843938  	-0.025670 
3838.275596  	-0.025437 
3839.707255  	-0.025473 
3841.138913  	-0.026296 
3842.570571  	-0.026610 
3844.002229  	-0.025905 
3845.433887  	-0.026026 
3846.865545  	-0.026591 
3848.297204  	-0.026473 
3849.728862  	-0.026505 
3851.160520  	-0.026475 
3852.592178  	-0.025356 
3854.023836  	-0.024433 
3855.455495  	-0.025655 
3856.887153  	-0.026291 
3858.318811  	-0.026507 
3859.750469  	-0.026543 
3861.182127  	-0.026553 
3862.613786  	-0.026607 
3864.045444  	-0.026414 
3865.477102  	-0.025935 
3866.908760  	-0.025782 
3868.340418  	-0.025780 
3869.772076  	-0.025225 
3871.203735  	-0.025351 
3872.635393  	-0.026263 
3874.067051  	-0.025960 
3875.498709  	-0.025271 
3876.930367  	-0.026054 
3878.362026  	-0.026294 
3879.793684  	-0.024939 
3881.225342  	-0.024222 
3882.657000  	-0.025567 
3884.088658  	-0.026241 
3885.520316  	-0.025485 
3886.951975  	-0.025009 
3888.383633  	-0.025923 
3889.815291  	-0.026376 
3891.246949  	-0.026081 
3892.678607  	-0.025966 
3894.110266  	-0.026184 
3895.541924  	-0.026233 
3896.973582  	-0.026109 
3898.405240  	-0.025976 
3899.836898  	-0.025980 
3901.268557  	-0.025710 
3902.700215  	-0.025094 
3904.131873  	-0.024770 
3905.563531  	-0.025050 
3906.995189  	-0.025778 
3908.426847  	-0.026522 
3909.858506  	-0.026632 
3911.290164  	-0.026269 
3912.721822  	-0.026341 
3914.153480  	-0.026603 
3915.585138  	-0.026229 
3917.016797  	-0.025635 
3918.448455  	-0.025646 
3919.880113  	-0.025699 
3921.311771  	-0.025652 
3922.743429  	-0.025887 
3924.175088  	-0.025985 
3925.606746  	-0.025985 
3927.038404  	-0.026196 
3928.470062  	-0.026149 
3929.901720  	-0.026098 
3931.333378  	-0.026520 
3932.765037  	-0.026619 
3934.196695  	-0.026094 
3935.628353  	-0.025916 
3937.060011  	-0.026171 
3938.491669  	-0.026437 
3939.923328  	-0.026535 
3941.354986  	-0.026327 
3942.786644  	-0.025985 
3944.218302  	-0.026124 
3945.649960  	-0.026466 
3947.081618  	-0.026574 
3948.513277  	-0.026691 
3949.944935  	-0.026448 
3951.376593  	-0.025742 
3952.808251  	-0.025612 
3954.239909  	-0.026008 
3955.671568  	-0.026096 
3957.103226  	-0.025979 
3958.534884  	-0.025939 
3959.966542  	-0.025977 
3961.398200  	-0.025963 
3962.829859  	-0.025861 
3964.261517  	-0.026019 
3965.693175  	-0.026125 
3967.124833  	-0.025799 
3968.556491  	-0.025647 
3969.988149  	-0.025828 
3971.419808  	-0.026023 
3972.851466  	-0.026213 
3974.283124  	-0.026208 
3975.714782  	-0.026134 
3977.146440  	-0.026191 
3978.578099  	-0.026311 
3980.009757  	-0.026643 
3981.441415  	-0.026714 
3982.873073  	-0.026181 
3984.304731  	-0.025895 
3985.736389  	-0.026115 
3987.168048  	-0.026306 
3988.599706  	-0.026221 
3990.031364  	-0.025913 
3991.463022  	-0.025739 
3992.894680  	-0.025768 
3994.326339  	-0.025903 
3995.757997  	-0.026157 
3997.189655  	-0.026078 
3998.621313  	-0.025836 
4000.052971  	-0.025992 
4001.484630  	-0.026162 
4002.916288  	-0.026106 
4004.347946  	-0.025971 
4005.779604  	-0.025868 
4007.211262  	-0.026042 
4008.642920  	-0.026162 
4010.074579  	-0.026127 
4011.506237  	-0.026257 
4012.937895  	-0.026152 
4014.369553  	-0.025950 
4015.801211  	-0.026071 
4017.232870  	-0.026191 
4018.664528  	-0.026363 
4020.096186  	-0.026417 
4021.527844  	-0.026171 
4022.959502  	-0.026194 
4024.391161  	-0.026152 
4025.822819  	-0.025860 
4027.254477  	-0.026124 
4028.686135  	-0.026541 
4030.117793  	-0.026447 
4031.549451  	-0.026160 
4032.981110  	-0.026007 
4034.412768  	-0.026089 
4035.844426  	-0.026150 
4037.276084  	-0.026111 
4038.707742  	-0.026138 
4040.139401  	-0.025965 
4041.571059  	-0.025771 
4043.002717  	-0.025805 
4044.434375  	-0.025740 
4045.866033  	-0.025634 
4047.297691  	-0.025491 
4048.729350  	-0.025368 
4050.161008  	-0.025533 
4051.592666  	-0.025501 
4053.024324  	-0.025330 
4054.455982  	-0.025378 
4055.887641  	-0.025065 
4057.319299  	-0.024665 
4058.750957  	-0.024680 
4060.182615  	-0.024716 
4061.614273  	-0.024981 
4063.045932  	-0.025372 
4064.477590  	-0.025094 
4065.909248  	-0.024305 
4067.340906  	-0.023796 
4068.772564  	-0.024033 
4070.204222  	-0.024432 
4071.635881  	-0.024273 
4073.067539  	-0.024131 
4074.499197  	-0.024296 
4075.930855  	-0.024439 
4077.362513  	-0.024669 
4078.794172  	-0.024709 
4080.225830  	-0.024527 
4081.657488  	-0.024606 
4083.089146  	-0.024709 
4084.520804  	-0.024600 
4085.952463  	-0.024472 
4087.384121  	-0.024645 
4088.815779  	-0.025188 
4090.247437  	-0.025383 
4091.679095  	-0.025257 
4093.110753  	-0.025404 
4094.542412  	-0.025386 
4095.974070  	-0.025283 
4097.405728  	-0.025374 
4098.837386  	-0.025159 
4100.269044  	-0.025180 
4101.700703  	-0.025792 
4103.132361  	-0.026063 
4104.564019  	-0.025934 
4105.995677  	-0.025794 
4107.427335  	-0.025648 
4108.858993  	-0.025719 
4110.290652  	-0.025951 
4111.722310  	-0.026316 
4113.153968  	-0.026748 
4114.585626  	-0.026592 
4116.017284  	-0.026013 
4117.448943  	-0.025983 
4118.880601  	-0.026440 
4120.312259  	-0.026576 
4121.743917  	-0.026261 
4123.175575  	-0.026096 
4124.607234  	-0.026354 
4126.038892  	-0.026564 
4127.470550  	-0.026424 
4128.902208  	-0.026256 
4130.333866  	-0.026301 
4131.765524  	-0.026392 
4133.197183  	-0.026427 
4134.628841  	-0.026446 
4136.060499  	-0.026328 
4137.492157  	-0.026101 
4138.923815  	-0.025963 
4140.355474  	-0.025939 
4141.787132  	-0.026081 
4143.218790  	-0.026291 
4144.650448  	-0.026280 
4146.082106  	-0.026152 
4147.513764  	-0.026171 
4148.945423  	-0.026279 
4150.377081  	-0.026217 
4151.808739  	-0.025992 
4153.240397  	-0.026043 
4154.672055  	-0.026321 
4156.103714  	-0.026282 
4157.535372  	-0.026045 
4158.967030  	-0.026094 
4160.398688  	-0.026395 
4161.830346  	-0.026377 
4163.262005  	-0.025927 
4164.693663  	-0.025848 
4166.125321  	-0.026074 
4167.556979  	-0.025999 
4168.988637  	-0.026087 
4170.420295  	-0.026071 
4171.851954  	-0.025531 
4173.283612  	-0.025605 
4174.715270  	-0.026105 
4176.146928  	-0.025936 
4177.578586  	-0.025724 
4179.010245  	-0.025824 
4180.441903  	-0.025942 
4181.873561  	-0.026203 
4183.305219  	-0.026179 
4184.736877  	-0.025758 
4186.168536  	-0.025584 
4187.600194  	-0.025691 
4189.031852  	-0.025848 
4190.463510  	-0.026056 
4191.895168  	-0.026241 
4193.326826  	-0.026320 
4194.758485  	-0.026355 
4196.190143  	-0.026411 
4197.621801  	-0.026216 
4199.053459  	-0.025785 
4200.485117  	-0.025607 
4201.916776  	-0.025661 
4203.348434  	-0.025836 
4204.780092  	-0.026073 
4206.211750  	-0.025987 
4207.643408  	-0.025928 
4209.075066  	-0.026208 
4210.506725  	-0.026191 
4211.938383  	-0.025871 
4213.370041  	-0.025769 
4214.801699  	-0.025905 
4216.233357  	-0.026150 
4217.665016  	-0.026382 
4219.096674  	-0.026550 
4220.528332  	-0.026396 
4221.959990  	-0.025670 
4223.391648  	-0.025046 
4224.823307  	-0.025171 
4226.254965  	-0.025732 
4227.686623  	-0.026102 
4229.118281  	-0.026024 
4230.549939  	-0.025998 
4231.981597  	-0.026118 
4233.413256  	-0.025888 
4234.844914  	-0.025729 
4236.276572  	-0.025749 
4237.708230  	-0.025554 
4239.139888  	-0.025811 
4240.571547  	-0.026350 
4242.003205  	-0.026229 
4243.434863  	-0.025988 
4244.866521  	-0.026016 
4246.298179  	-0.025890 
4247.729838  	-0.025706 
4249.161496  	-0.025729 
4250.593154  	-0.026148 
4252.024812  	-0.026624 
4253.456470  	-0.026485 
4254.888128  	-0.026076 
4256.319787  	-0.025955 
4257.751445  	-0.026028 
4259.183103  	-0.026092 
4260.614761  	-0.025958 
4262.046419  	-0.025921 
4263.478078  	-0.026174 
4264.909736  	-0.026074 
4266.341394  	-0.025736 
4267.773052  	-0.025890 
4269.204710  	-0.026217 
4270.636368  	-0.026391 
4272.068027  	-0.026680 
4273.499685  	-0.026817 
4274.931343  	-0.026545 
4276.363001  	-0.026294 
4277.794659  	-0.026208 
4279.226318  	-0.026062 
4280.657976  	-0.025985 
4282.089634  	-0.026007 
4283.521292  	-0.025949 
4284.952950  	-0.025927 
4286.384609  	-0.025896 
4287.816267  	-0.025688 
4289.247925  	-0.025515 
4290.679583  	-0.025564 
4292.111241  	-0.025889 
4293.542899  	-0.026289 
4294.974558  	-0.026307 
4296.406216  	-0.026036 
4297.837874  	-0.025762 
4299.269532  	-0.025481 
4300.701190  	-0.025555 
4302.132849  	-0.026048 
4303.564507  	-0.026205 
4304.996165  	-0.025885 
4306.427823  	-0.025831 
4307.859481  	-0.026052 
4309.291140  	-0.025761 
4310.722798  	-0.025305 
4312.154456  	-0.025628 
4313.586114  	-0.026117 
4315.017772  	-0.026024 
4316.449430  	-0.025850 
4317.881089  	-0.025794 
4319.312747  	-0.025750 
4320.744405  	-0.025846 
4322.176063  	-0.025910 
4323.607721  	-0.025870 
4325.039380  	-0.025711 
4326.471038  	-0.025388 
4327.902696  	-0.025298 
4329.334354  	-0.025509 
4330.766012  	-0.025593 
4332.197670  	-0.025472 
4333.629329  	-0.025427 
4335.060987  	-0.025650 
4336.492645  	-0.025866 
4337.924303  	-0.025848 
4339.355961  	-0.025790 
4340.787620  	-0.025685 
4342.219278  	-0.025657 
4343.650936  	-0.025711 
4345.082594  	-0.025451 
4346.514252  	-0.025387 
4347.945911  	-0.025742 
4349.377569  	-0.025625 
4350.809227  	-0.025334 
4352.240885  	-0.025545 
4353.672543  	-0.025872 
4355.104201  	-0.026186 
4356.535860  	-0.026277 
4357.967518  	-0.025932 
4359.399176  	-0.025719 
4360.830834  	-0.025782 
4362.262492  	-0.025910 
4363.694151  	-0.026041 
4365.125809  	-0.025923 
4366.557467  	-0.025760 
4367.989125  	-0.025739 
4369.420783  	-0.025634 
4370.852441  	-0.025549 
4372.284100  	-0.025379 
4373.715758  	-0.025287 
4375.147416  	-0.026015 
4376.579074  	-0.026858 
4378.010732  	-0.026654 
4379.442391  	-0.026201 
4380.874049  	-0.026447 
4382.305707  	-0.026796 
4383.737365  	-0.026652 
4385.169023  	-0.026307 
4386.600682  	-0.026220 
4388.032340  	-0.026516 
4389.463998  	-0.026816 
4390.895656  	-0.026726 
4392.327314  	-0.026608 
4393.758972  	-0.026629 
4395.190631  	-0.026338 
4396.622289  	-0.026192 
4398.053947  	-0.026507 
4399.485605  	-0.026355 
4400.917263  	-0.025931 
4402.348922  	-0.026073 
4403.780580  	-0.026246 
4405.212238  	-0.026257 
4406.643896  	-0.026587 
4408.075554  	-0.026731 
4409.507213  	-0.026269 
4410.938871  	-0.025942 
4412.370529  	-0.026158 
4413.802187  	-0.026228 
4415.233845  	-0.026054 
4416.665503  	-0.026214 
4418.097162  	-0.026146 
4419.528820  	-0.025697 
4420.960478  	-0.025966 
4422.392136  	-0.026456 
4423.823794  	-0.026323 
4425.255453  	-0.026482 
4426.687111  	-0.026922 
4428.118769  	-0.026618 
4429.550427  	-0.025924 
4430.982085  	-0.025769 
4432.413743  	-0.026108 
4433.845402  	-0.026025 
4435.277060  	-0.025526 
4436.708718  	-0.025650 
4438.140376  	-0.026064 
4439.572034  	-0.026141 
4441.003693  	-0.026481 
4442.435351  	-0.026796 
4443.867009  	-0.026557 
4445.298667  	-0.026550 
4446.730325  	-0.026901 
4448.161984  	-0.026947 
4449.593642  	-0.026815 
4451.025300  	-0.026940 
4452.456958  	-0.027092 
4453.888616  	-0.026995 
4455.320274  	-0.027320 
4456.751933  	-0.027966 
4458.183591  	-0.027577 
4459.615249  	-0.026770 
4461.046907  	-0.026861 
4462.478565  	-0.027023 
4463.910224  	-0.026854 
4465.341882  	-0.026723 
4466.773540  	-0.026376 
4468.205198  	-0.026424 
4469.636856  	-0.026953 
4471.068515  	-0.026849 
4472.500173  	-0.026404 
4473.931831  	-0.026241 
4475.363489  	-0.026170 
4476.795147  	-0.026342 
4478.226805  	-0.026693 
4479.658464  	-0.027031 
4481.090122  	-0.027233 
4482.521780  	-0.027026 
4483.953438  	-0.026929 
4485.385096  	-0.027068 
4486.816755  	-0.026841 
4488.248413  	-0.026757 
4489.680071  	-0.027054 
4491.111729  	-0.027254 
4492.543387  	-0.027436 
4493.975045  	-0.027255 
4495.406704  	-0.026911 
4496.838362  	-0.027215 
4498.270020  	-0.027362 
4499.701678  	-0.026983 
4501.133336  	-0.026809 
4502.564995  	-0.026501 
4503.996653  	-0.026188 
4505.428311  	-0.026491 
4506.859969  	-0.026904 
4508.291627  	-0.026989 
4509.723286  	-0.026600 
4511.154944  	-0.026218 
4512.586602  	-0.026780 
4514.018260  	-0.027414 
4515.449918  	-0.027416 
4516.881576  	-0.027743 
4518.313235  	-0.027877 
4519.744893  	-0.027095 
4521.176551  	-0.026774 
4522.608209  	-0.027330 
4524.039867  	-0.027525 
4525.471526  	-0.027181 
4526.903184  	-0.027106 
4528.334842  	-0.027241 
4529.766500  	-0.027113 
4531.198158  	-0.027091 
4532.629817  	-0.027217 
4534.061475  	-0.027046 
4535.493133  	-0.027141 
4536.924791  	-0.027462 
4538.356449  	-0.027063 
4539.788107  	-0.026590 
4541.219766  	-0.026830 
4542.651424  	-0.027056 
4544.083082  	-0.026817 
4545.514740  	-0.026444 
4546.946398  	-0.026565 
4548.378057  	-0.027301 
4549.809715  	-0.027555 
4551.241373  	-0.027043 
4552.673031  	-0.026845 
4554.104689  	-0.027109 
4555.536347  	-0.027381 
4556.968006  	-0.027610 
4558.399664  	-0.027431 
4559.831322  	-0.026808 
4561.262980  	-0.026390 
4562.694638  	-0.026326 
4564.126297  	-0.026519 
4565.557955  	-0.027041 
4566.989613  	-0.027367 
4568.421271  	-0.027142 
4569.852929  	-0.026985 
4571.284588  	-0.027022 
4572.716246  	-0.026780 
4574.147904  	-0.026505 
4575.579562  	-0.026366 
4577.011220  	-0.026061 
4578.442878  	-0.025918 
4579.874537  	-0.026151 
4581.306195  	-0.026368 
4582.737853  	-0.026724 
4584.169511  	-0.027191 
4585.601169  	-0.026933 
4587.032828  	-0.026273 
4588.464486  	-0.026257 
4589.896144  	-0.026408 
4591.327802  	-0.026192 
4592.759460  	-0.026278 
4594.191118  	-0.026675 
4595.622777  	-0.026935 
4597.054435  	-0.027176 
4598.486093  	-0.027260 
4599.917751  	-0.027119 
4601.349409  	-0.027028 
4602.781068  	-0.026864 
4604.212726  	-0.026724 
4605.644384  	-0.026875 
4607.076042  	-0.027210 
4608.507700  	-0.027626 
4609.939359  	-0.027755 
4611.371017  	-0.027442 
4612.802675  	-0.027211 
4614.234333  	-0.027000 
4615.665991  	-0.026690 
4617.097649  	-0.026807 
4618.529308  	-0.027039 
4619.960966  	-0.026858 
4621.392624  	-0.026761 
4622.824282  	-0.026961 
4624.255940  	-0.026877 
4625.687599  	-0.026315 
4627.119257  	-0.026008 
4628.550915  	-0.026380 
4629.982573  	-0.026521 
4631.414231  	-0.026025 
4632.845890  	-0.025910 
4634.277548  	-0.026257 
4635.709206  	-0.026058 
4637.140864  	-0.025612 
4638.572522  	-0.025850 
4640.004180  	-0.026269 
4641.435839  	-0.026131 
4642.867497  	-0.025978 
4644.299155  	-0.026245 
4645.730813  	-0.026609 
4647.162471  	-0.026754 
4648.594130  	-0.026536 
4650.025788  	-0.026516 
4651.457446  	-0.027019 
4652.889104  	-0.027066 
4654.320762  	-0.026646 
4655.752420  	-0.026514 
4657.184079  	-0.026157 
4658.615737  	-0.025790 
4660.047395  	-0.026217 
4661.479053  	-0.026755 
4662.910711  	-0.026910 
4664.342370  	-0.026710 
4665.774028  	-0.026130 
4667.205686  	-0.026090 
4668.637344  	-0.026632 
4670.069002  	-0.026552 
4671.500661  	-0.026201 
4672.932319  	-0.026485 
4674.363977  	-0.027040 
4675.795635  	-0.027364 
4677.227293  	-0.027199 
4678.658951  	-0.026562 
4680.090610  	-0.026219 
4681.522268  	-0.026554 
4682.953926  	-0.026932 
4684.385584  	-0.027130 
4685.817242  	-0.027380 
4687.248901  	-0.027109 
4688.680559  	-0.026162 
4690.112217  	-0.025582 
4691.543875  	-0.025687 
4692.975533  	-0.026117 
4694.407192  	-0.026693 
4695.838850  	-0.026733 
4697.270508  	-0.026223 
4698.702166  	-0.026222 
4700.133824  	-0.026812 
4701.565482  	-0.027286 
4702.997141  	-0.027341 
4704.428799  	-0.027043 
4705.860457  	-0.026728 
4707.292115  	-0.026521 
4708.723773  	-0.026485 
4710.155432  	-0.026945 
4711.587090  	-0.027460 
4713.018748  	-0.027256 
4714.450406  	-0.026722 
4715.882064  	-0.026707 
4717.313722  	-0.027135 
4718.745381  	-0.027478 
4720.177039  	-0.027806 
4721.608697  	-0.028004 
4723.040355  	-0.027510 
4724.472013  	-0.026973 
4725.903672  	-0.027115 
4727.335330  	-0.027272 
4728.766988  	-0.027289 
4730.198646  	-0.027324 
4731.630304  	-0.027115 
4733.061963  	-0.027223 
4734.493621  	-0.027617 
4735.925279  	-0.027587 
4737.356937  	-0.027587 
4738.788595  	-0.027502 
4740.220253  	-0.026938 
4741.651912  	-0.026931 
4743.083570  	-0.027420 
4744.515228  	-0.027369 
4745.946886  	-0.027144 
4747.378544  	-0.027152 
4748.810203  	-0.027240 
4750.241861  	-0.027329 
4751.673519  	-0.027109 
4753.105177  	-0.026798 
4754.536835  	-0.026941 
4755.968493  	-0.027285 
4757.400152  	-0.027394 
4758.831810  	-0.027179 
4760.263468  	-0.026888 
4761.695126  	-0.026854 
4763.126784  	-0.027033 
4764.558443  	-0.027193 
4765.990101  	-0.027024 
4767.421759  	-0.026596 
4768.853417  	-0.026461 
4770.285075  	-0.026356 
4771.716734  	-0.026083 
4773.148392  	-0.026500 
4774.580050  	-0.027410 
4776.011708  	-0.027782 
4777.443366  	-0.027509 
4778.875024  	-0.026759 
4780.306683  	-0.026288 
4781.738341  	-0.026853 
4783.169999  	-0.027442 
4784.601657  	-0.027319 
4786.033315  	-0.027398 
4787.464974  	-0.027992 
4788.896632  	-0.028163 
4790.328290  	-0.027327 
4791.759948  	-0.026575 
4793.191606  	-0.027051 
4794.623265  	-0.027651 
4796.054923  	-0.027415 
4797.486581  	-0.027153 
4798.918239  	-0.027034 
4800.349897  	-0.026890 
4801.781555  	-0.026983 
4803.213214  	-0.026999 
4804.644872  	-0.027058 
4806.076530  	-0.027384 
4807.508188  	-0.027317 
4808.939846  	-0.027123 
4810.371505  	-0.027278 
4811.803163  	-0.027182 
4813.234821  	-0.027127 
4814.666479  	-0.027435 
4816.098137  	-0.027210 
4817.529795  	-0.026718 
4818.961454  	-0.026826 
4820.393112  	-0.026985 
4821.824770  	-0.026965 
4823.256428  	-0.027172 
4824.688086  	-0.027349 
4826.119745  	-0.027376 
4827.551403  	-0.027178 
4828.983061  	-0.026518 
4830.414719  	-0.026122 
4831.846377  	-0.026403 
4833.278036  	-0.026706 
4834.709694  	-0.027023 
4836.141352  	-0.027422 
4837.573010  	-0.027536 
4839.004668  	-0.027530 
4840.436326  	-0.027286 
4841.867985  	-0.026757 
4843.299643  	-0.026658 
4844.731301  	-0.026936 
4846.162959  	-0.027134 
4847.594617  	-0.027032 
4849.026276  	-0.026421 
4850.457934  	-0.026204 
4851.889592  	-0.026689 
4853.321250  	-0.026821 
4854.752908  	-0.026950 
4856.184567  	-0.027230 
4857.616225  	-0.026868 
4859.047883  	-0.026808 
4860.479541  	-0.027213 
4861.911199  	-0.027036 
4863.342857  	-0.027066 
4864.774516  	-0.027452 
4866.206174  	-0.027468 
4867.637832  	-0.027666 
4869.069490  	-0.027601 
4870.501148  	-0.026974 
4871.932807  	-0.027243 
4873.364465  	-0.028057 
4874.796123  	-0.027939 
4876.227781  	-0.027288 
4877.659439  	-0.027057 
4879.091097  	-0.027509 
4880.522756  	-0.027926 
4881.954414  	-0.027357 
4883.386072  	-0.026563 
4884.817730  	-0.026706 
4886.249388  	-0.027342 
4887.681047  	-0.027567 
4889.112705  	-0.027222 
4890.544363  	-0.026916 
4891.976021  	-0.027138 
4893.407679  	-0.027248 
4894.839338  	-0.026921 
4896.270996  	-0.026919 
4897.702654  	-0.027078 
4899.134312  	-0.026833 
4900.565970  	-0.027064 
4901.997628  	-0.027914 
4903.429287  	-0.027915 
4904.860945  	-0.027238 
4906.292603  	-0.027252 
4907.724261  	-0.027551 
4909.155919  	-0.027399 
4910.587578  	-0.027470 
4912.019236  	-0.027868 
4913.450894  	-0.027550 
4914.882552  	-0.026574 
4916.314210  	-0.026296 
4917.745869  	-0.026835 
4919.177527  	-0.026910 
4920.609185  	-0.026426 
4922.040843  	-0.026400 
4923.472501  	-0.026891 
4924.904159  	-0.027344 
4926.335818  	-0.027658 
4927.767476  	-0.027834 
4929.199134  	-0.027869 
4930.630792  	-0.027925 
4932.062450  	-0.027764 
4933.494109  	-0.027139 
4934.925767  	-0.026859 
4936.357425  	-0.027363 
4937.789083  	-0.027550 
4939.220741  	-0.027111 
4940.652399  	-0.027002 
4942.084058  	-0.027202 
4943.515716  	-0.027258 
4944.947374  	-0.027387 
4946.379032  	-0.027722 
4947.810690  	-0.028043 
4949.242349  	-0.027882 
4950.674007  	-0.027171 
4952.105665  	-0.026841 
4953.537323  	-0.027117 
4954.968981  	-0.026985 
4956.400640  	-0.026565 
4957.832298  	-0.026838 
4959.263956  	-0.027402 
4960.695614  	-0.027514 
4962.127272  	-0.027413 
4963.558930  	-0.027181 
4964.990589  	-0.027019 
4966.422247  	-0.027160 
4967.853905  	-0.026730 
4969.285563  	-0.026164 
4970.717221  	-0.026859 
4972.148880  	-0.027395 
4973.580538  	-0.026839 
4975.012196  	-0.026800 
4976.443854  	-0.027060 
4977.875512  	-0.027159 
4979.307170  	-0.028012 
4980.738829  	-0.028486 
4982.170487  	-0.027766 
4983.602145  	-0.027420 
4985.033803  	-0.027832 
4986.465461  	-0.028074 
4987.897120  	-0.027711 
4989.328778  	-0.027130 
4990.760436  	-0.027178 
4992.192094  	-0.027702 
4993.623752  	-0.028073 
4995.055411  	-0.028072 
4996.487069  	-0.027565 
4997.918727  	-0.027223 
4999.350385  	-0.027305 
5000.782043  	-0.027179 
5002.213701  	-0.027218 
5003.645360  	-0.027359 
5005.077018  	-0.027176 
5006.508676  	-0.027433 
5007.940334  	-0.027628 
5009.371992  	-0.027169 
5010.803651  	-0.027253 
5012.235309  	-0.027529 
5013.666967  	-0.027345 
5015.098625  	-0.027686 
5016.530283  	-0.027934 
5017.961942  	-0.027480 
5019.393600  	-0.027694 
5020.825258  	-0.028058 
5022.256916  	-0.027318 
5023.688574  	-0.027043 
5025.120232  	-0.028118 
5026.551891  	-0.028861 
5027.983549  	-0.028630 
5029.415207  	-0.028065 
5030.846865  	-0.027512 
5032.278523  	-0.027660 
5033.710182  	-0.028054 
5035.141840  	-0.027202 
5036.573498  	-0.026195 
5038.005156  	-0.026628 
5039.436814  	-0.027218 
5040.868472  	-0.027094 
5042.300131  	-0.027142 
5043.731789  	-0.027398 
5045.163447  	-0.027371 
5046.595105  	-0.027359 
5048.026763  	-0.027661 
5049.458422  	-0.027754 
5050.890080  	-0.027327 
5052.321738  	-0.027006 
5053.753396  	-0.027166 
5055.185054  	-0.027646 
5056.616713  	-0.028067 
5058.048371  	-0.027760 
5059.480029  	-0.027295 
5060.911687  	-0.027529 
5062.343345  	-0.027586 
5063.775003  	-0.027161 
5065.206662  	-0.026968 
5066.638320  	-0.026891 
5068.069978  	-0.026799 
5069.501636  	-0.026606 
5070.933294  	-0.026446 
5072.364953  	-0.026828 
5073.796611  	-0.026913 
5075.228269  	-0.026522 
5076.659927  	-0.027118 
5078.091585  	-0.028085 
5079.523244  	-0.028171 
5080.954902  	-0.027864 
5082.386560  	-0.027367 
5083.818218  	-0.027008 
5085.249876  	-0.027166 
5086.681534  	-0.027170 
5088.113193  	-0.027130 
5089.544851  	-0.027387 
5090.976509  	-0.027542 
5092.408167  	-0.027735 
5093.839825  	-0.027492 
5095.271484  	-0.026581 
5096.703142  	-0.026641 
5098.134800  	-0.027584 
5099.566458  	-0.027761 
5100.998116  	-0.027389 
5102.429774  	-0.027024 
5103.861433  	-0.027088 
5105.293091  	-0.028128 
5106.724749  	-0.028680 
5108.156407  	-0.027765 
5109.588065  	-0.027176 
5111.019724  	-0.027492 
5112.451382  	-0.027326 
5113.883040  	-0.026794 
5115.314698  	-0.027260 
5116.746356  	-0.028208 
5118.178015  	-0.027763 
5119.609673  	-0.026778 
5121.041331  	-0.027354 
5122.472989  	-0.027939 
5123.904647  	-0.027099 
5125.336305  	-0.026747 
5126.767964  	-0.027159 
5128.199622  	-0.027086 
5129.631280  	-0.027148 
5131.062938  	-0.027475 
5132.494596  	-0.027287 
5133.926255  	-0.026994 
5135.357913  	-0.027205 
5136.789571  	-0.027688 
5138.221229  	-0.027917 
5139.652887  	-0.027827 
5141.084546  	-0.027550 
5142.516204  	-0.026953 
5143.947862  	-0.026547 
5145.379520  	-0.026704 
5146.811178  	-0.026797 
5148.242836  	-0.027030 
5149.674495  	-0.027695 
5151.106153  	-0.027886 
5152.537811  	-0.027537 
5153.969469  	-0.027376 
5155.401127  	-0.027299 
5156.832786  	-0.027045 
5158.264444  	-0.026814 
5159.696102  	-0.026800 
5161.127760  	-0.026782 
5162.559418  	-0.026760 
5163.991076  	-0.026971 
5165.422735  	-0.026847 
5166.854393  	-0.026679 
5168.286051  	-0.027348 
5169.717709  	-0.027769 
5171.149367  	-0.027847 
5172.581026  	-0.028681 
5174.012684  	-0.028351 
5175.444342  	-0.026385 
5176.876000  	-0.026008 
5178.307658  	-0.027314 
5179.739317  	-0.027682 
5181.170975  	-0.027083 
5182.602633  	-0.026708 
5184.034291  	-0.027062 
5185.465949  	-0.027798 
5186.897607  	-0.027632 
5188.329266  	-0.027006 
5189.760924  	-0.027283 
5191.192582  	-0.027340 
5192.624240  	-0.026768 
5194.055898  	-0.027556 
5195.487557  	-0.028402 
5196.919215  	-0.026982 
5198.350873  	-0.025933 
5199.782531  	-0.026819 
5201.214189  	-0.026973 
5202.645847  	-0.026525 
5204.077506  	-0.027011 
5205.509164  	-0.027617 
5206.940822  	-0.027597 
5208.372480  	-0.027633 
5209.804138  	-0.028279 
5211.235797  	-0.028548 
5212.667455  	-0.028070 
5214.099113  	-0.028232 
5215.530771  	-0.028423 
5216.962429  	-0.027542 
5218.394088  	-0.027282 
5219.825746  	-0.027556 
5221.257404  	-0.027073 
5222.689062  	-0.026819 
5224.120720  	-0.026535 
5225.552378  	-0.026111 
5226.984037  	-0.026806 
5228.415695  	-0.027304 
5229.847353  	-0.027284 
5231.279011  	-0.027671 
5232.710669  	-0.027097 
5234.142328  	-0.026035 
5235.573986  	-0.026463 
5237.005644  	-0.027365 
5238.437302  	-0.027590 
5239.868960  	-0.027885 
5241.300619  	-0.028382 
5242.732277  	-0.028124 
5244.163935  	-0.027268 
5245.595593  	-0.027547 
5247.027251  	-0.028376 
5248.458909  	-0.027994 
5249.890568  	-0.027595 
5251.322226  	-0.027914 
5252.753884  	-0.027714 
5254.185542  	-0.027402 
5255.617200  	-0.027530 
5257.048859  	-0.027494 
5258.480517  	-0.027534 
5259.912175  	-0.027878 
5261.343833  	-0.027918 
5262.775491  	-0.027355 
5264.207149  	-0.026731 
5265.638808  	-0.026709 
5267.070466  	-0.027453 
5268.502124  	-0.028429 
5269.933782  	-0.028246 
5271.365440  	-0.027109 
5272.797099  	-0.027461 
5274.228757  	-0.028571 
5275.660415  	-0.028074 
5277.092073  	-0.027206 
5278.523731  	-0.027143 
5279.955390  	-0.027103 
5281.387048  	-0.027530 
5282.818706  	-0.028299 
5284.250364  	-0.028362 
5285.682022  	-0.027956 
5287.113680  	-0.027385 
5288.545339  	-0.026932 
5289.976997  	-0.027111 
5291.408655  	-0.027473 
5292.840313  	-0.027411 
5294.271971  	-0.027043 
5295.703630  	-0.026739 
5297.135288  	-0.027223 
5298.566946  	-0.027975 
5299.998604  	-0.027373 
5301.430262  	-0.025999 
5302.861921  	-0.025974 
5304.293579  	-0.027149 
5305.725237  	-0.027644 
5307.156895  	-0.026948 
5308.588553  	-0.026568 
5310.020211  	-0.027512 
5311.451870  	-0.028041 
5312.883528  	-0.026909 
5314.315186  	-0.025919 
5315.746844  	-0.026406 
5317.178502  	-0.026963 
5318.610161  	-0.026806 
5320.041819  	-0.026678 
5321.473477  	-0.027211 
5322.905135  	-0.028402 
5324.336793  	-0.028723 
5325.768451  	-0.027229 
5327.200110  	-0.025684 
5328.631768  	-0.025596 
5330.063426  	-0.026149 
5331.495084  	-0.026647 
5332.926742  	-0.027337 
5334.358401  	-0.027913 
5335.790059  	-0.027843 
5337.221717  	-0.027372 
5338.653375  	-0.027144 
5340.085033  	-0.027234 
5341.516692  	-0.027343 
5342.948350  	-0.027243 
5344.380008  	-0.026447 
5345.811666  	-0.025755 
5347.243324  	-0.026387 
5348.674982  	-0.027311 
5350.106641  	-0.027940 
5351.538299  	-0.028503 
5352.969957  	-0.028578 
5354.401615  	-0.027777 
5355.833273  	-0.027228 
5357.264932  	-0.027461 
5358.696590  	-0.027342 
5360.128248  	-0.026544 
5361.559906  	-0.026303 
5362.991564  	-0.026991 
5364.423222  	-0.027612 
5365.854881  	-0.027673 
5367.286539  	-0.027154 
5368.718197  	-0.026475 
5370.149855  	-0.026891 
5371.581513  	-0.028045 
5373.013172  	-0.028112 
5374.444830  	-0.027481 
5375.876488  	-0.027433 
5377.308146  	-0.027592 
5378.739804  	-0.028129 
5380.171463  	-0.028920 
5381.603121  	-0.028552 
5383.034779  	-0.027705 
5384.466437  	-0.027616 
5385.898095  	-0.027342 
5387.329753  	-0.027442 
5388.761412  	-0.028364 
5390.193070  	-0.028352 
5391.624728  	-0.027903 
5393.056386  	-0.027715 
5394.488044  	-0.026972 
5395.919703  	-0.027035 
5397.351361  	-0.027607 
5398.783019  	-0.027132 
5400.214677  	-0.027503 
5401.646335  	-0.028563 
5403.077994  	-0.028123 
5404.509652  	-0.027647 
5405.941310  	-0.028053 
5407.372968  	-0.027866 
5408.804626  	-0.027272 
5410.236284  	-0.027022 
5411.667943  	-0.027732 
5413.099601  	-0.028884 
5414.531259  	-0.028455 
5415.962917  	-0.027113 
5417.394575  	-0.027329 
5418.826234  	-0.028670 
5420.257892  	-0.029733 
5421.689550  	-0.029419 
5423.121208  	-0.027974 
5424.552866  	-0.027057 
5425.984524  	-0.026838 
5427.416183  	-0.026289 
5428.847841  	-0.025701 
5430.279499  	-0.026269 
5431.711157  	-0.027883 
5433.142815  	-0.028979 
5434.574474  	-0.028854 
5436.006132  	-0.028474 
5437.437790  	-0.028400 
5438.869448  	-0.027599 
5440.301106  	-0.026481 
5441.732765  	-0.026954 
5443.164423  	-0.028475 
5444.596081  	-0.028186 
5446.027739  	-0.026460 
5447.459397  	-0.026047 
5448.891055  	-0.026195 
5450.322714  	-0.025597 
5451.754372  	-0.026023 
5453.186030  	-0.026779 
5454.617688  	-0.026689 
5456.049346  	-0.027772 
5457.481005  	-0.029056 
5458.912663  	-0.028296 
5460.344321  	-0.027669 
5461.775979  	-0.027496 
5463.207637  	-0.026628 
5464.639296  	-0.026676 
5466.070954  	-0.026720 
5467.502612  	-0.025994 
5468.934270  	-0.026608 
5470.365928  	-0.027105 
5471.797586  	-0.026292 
5473.229245  	-0.026457 
5474.660903  	-0.026819 
5476.092561  	-0.026111 
5477.524219  	-0.025880 
5478.955877  	-0.026178 
5480.387536  	-0.026608 
5481.819194  	-0.027100 
5483.250852  	-0.026825 
5484.682510  	-0.026229 
5486.114168  	-0.026225 
5487.545826  	-0.026973 
5488.977485  	-0.027826 
5490.409143  	-0.028085 
5491.840801  	-0.028425 
5493.272459  	-0.028334 
5494.704117  	-0.027338 
5496.135776  	-0.027205 
5497.567434  	-0.026699 
5498.999092  	-0.025318 
5500.430750  	-0.026176 
5501.862408  	-0.028034 
5503.294067  	-0.028484 
5504.725725  	-0.028613 
5506.157383  	-0.027638 
5507.589041  	-0.025724 
5509.020699  	-0.025647 
5510.452357  	-0.026926 
5511.884016  	-0.027678 
5513.315674  	-0.027420 
5514.747332  	-0.026761 
5516.178990  	-0.027337 
5517.610648  	-0.028469 
5519.042307  	-0.028757 
5520.473965  	-0.028749 
5521.905623  	-0.028196 
5523.337281  	-0.027458 
5524.768939  	-0.027845 
5526.200598  	-0.028630 
5527.632256  	-0.028879 
5529.063914  	-0.028590 
5530.495572  	-0.027811 
5531.927230  	-0.026705 
5533.358888  	-0.025719 
5534.790547  	-0.026298 
5536.222205  	-0.028177 
5537.653863  	-0.028309 
5539.085521  	-0.026533 
5540.517179  	-0.025715 
5541.948838  	-0.026367 
5543.380496  	-0.026973 
5544.812154  	-0.026927 
5546.243812  	-0.027125 
5547.675470  	-0.027669 
5549.107128  	-0.027479 
5550.538787  	-0.026719 
5551.970445  	-0.025316 
5553.402103  	-0.023637 
5554.833761  	-0.024680 
5556.265419  	-0.027593 
5557.697078  	-0.027978 
5559.128736  	-0.027267 
5560.560394  	-0.028023 
5561.992052  	-0.027417 
5563.423710  	-0.025739 
5564.855369  	-0.026454 
5566.287027  	-0.027481 
5567.718685  	-0.026883 
5569.150343  	-0.027128 
5570.582001  	-0.027810 
5572.013659  	-0.027753 
5573.445318  	-0.028085 
5574.876976  	-0.028004 
5576.308634  	-0.027651 
5577.740292  	-0.028312 
5579.171950  	-0.028583 
5580.603609  	-0.028495 
5582.035267  	-0.028006 
5583.466925  	-0.025898 
5584.898583  	-0.025323 
5586.330241  	-0.027214 
5587.761899  	-0.028152 
5589.193558  	-0.028546 
5590.625216  	-0.028726 
5592.056874  	-0.027987 
5593.488532  	-0.028057 
5594.920190  	-0.028056 
5596.351849  	-0.027077 
5597.783507  	-0.026445 
5599.215165  	-0.025722 
5600.646823  	-0.025975 
5602.078481  	-0.027481 
5603.510140  	-0.027149 
5604.941798  	-0.025847 
5606.373456  	-0.025871 
5607.805114  	-0.026367 
5609.236772  	-0.026934 
5610.668430  	-0.027176 
5612.100089  	-0.027156 
5613.531747  	-0.027816 
5614.963405  	-0.028202 
5616.395063  	-0.027756 
5617.826721  	-0.027454 
5619.258380  	-0.027607 
5620.690038  	-0.027548 
5622.121696  	-0.026606 
5623.553354  	-0.026195 
5624.985012  	-0.026998 
5626.416671  	-0.027068 
5627.848329  	-0.026894 
5629.279987  	-0.027205 
5630.711645  	-0.026184 
5632.143303  	-0.024841 
5633.574961  	-0.025381 
5635.006620  	-0.027427 
5636.438278  	-0.028998 
5637.869936  	-0.027981 
5639.301594  	-0.026339 
5640.733252  	-0.026721 
5642.164911  	-0.026494 
5643.596569  	-0.025357 
5645.028227  	-0.026690 
5646.459885  	-0.028733 
5647.891543  	-0.028001 
5649.323201  	-0.025680 
5650.754860  	-0.024278 
5652.186518  	-0.024815 
5653.618176  	-0.026893 
5655.049834  	-0.028450 
5656.481492  	-0.028466 
5657.913151  	-0.028421 
5659.344809  	-0.027868 
5660.776467  	-0.025855 
5662.208125  	-0.025612 
5663.639783  	-0.027885 
5665.071442  	-0.029052 
5666.503100  	-0.028777 
5667.934758  	-0.028184 
5669.366416  	-0.027238 
5670.798074  	-0.026495 
5672.229732  	-0.025756 
5673.661391  	-0.026103 
5675.093049  	-0.027946 
5676.524707  	-0.028265 
5677.956365  	-0.027692 
5679.388023  	-0.028295 
5680.819682  	-0.028259 
5682.251340  	-0.028022 
5683.682998  	-0.028653 
5685.114656  	-0.028420 
5686.546314  	-0.027547 
5687.977973  	-0.026870 
5689.409631  	-0.026486 
5690.841289  	-0.027204 
5692.272947  	-0.028041 
5693.704605  	-0.027687 
5695.136263  	-0.026955 
5696.567922  	-0.026665 
5697.999580  	-0.026619 
5699.431238  	-0.026673 
5700.862896  	-0.027425 
5702.294554  	-0.028070 
5703.726213  	-0.027179 
5705.157871  	-0.026625 
5706.589529  	-0.027518 
5708.021187  	-0.027423 
5709.452845  	-0.025639 
5710.884503  	-0.024234 
5712.316162  	-0.025228 
5713.747820  	-0.027266 
5715.179478  	-0.027239 
5716.611136  	-0.026236 
5718.042794  	-0.026124 
5719.474453  	-0.026530 
5720.906111  	-0.027404 
5722.337769  	-0.027520 
5723.769427  	-0.027924 
5725.201085  	-0.030077 
5726.632744  	-0.029109 
5728.064402  	-0.025526 
5729.496060  	-0.025829 
5730.927718  	-0.027467 
5732.359376  	-0.026616 
5733.791034  	-0.025220 
5735.222693  	-0.024359 
5736.654351  	-0.025264 
5738.086009  	-0.027355 
5739.517667  	-0.028388 
5740.949325  	-0.028588 
5742.380984  	-0.027048 
5743.812642  	-0.024789 
5745.244300  	-0.024974 
5746.675958  	-0.025855 
5748.107616  	-0.026666 
5749.539275  	-0.028007 
5750.970933  	-0.027930 
5752.402591  	-0.027607 
5753.834249  	-0.026808 
5755.265907  	-0.024362 
5756.697565  	-0.025013 
5758.129224  	-0.027522 
5759.560882  	-0.026312 
5760.992540  	-0.025644 
5762.424198  	-0.027875 
5763.855856  	-0.028084 
5765.287515  	-0.027092 
5766.719173  	-0.028264 
5768.150831  	-0.029656 
5769.582489  	-0.028806 
5771.014147  	-0.027455 
5772.445805  	-0.028069 
5773.877464  	-0.028522 
5775.309122  	-0.026652 
5776.740780  	-0.026020 
5778.172438  	-0.028316 
5779.604096  	-0.030013 
5781.035755  	-0.029869 
5782.467413  	-0.028964 
5783.899071  	-0.027536 
5785.330729  	-0.027112 
5786.762387  	-0.027857 
5788.194046  	-0.027510 
5789.625704  	-0.026694 
5791.057362  	-0.026489 
5792.489020  	-0.026348 
5793.920678  	-0.027774 
5795.352336  	-0.029201 
5796.783995  	-0.026843 
5798.215653  	-0.024389 
5799.647311  	-0.025458 
5801.078969  	-0.026688 
5802.510627  	-0.026622 
5803.942286  	-0.026193 
5805.373944  	-0.025566 
5806.805602  	-0.026079 
5808.237260  	-0.028013 
5809.668918  	-0.029900 
5811.100576  	-0.029267 
5812.532235  	-0.025375 
5813.963893  	-0.023341 
5815.395551  	-0.025317 
5816.827209  	-0.027103 
5818.258867  	-0.028306 
5819.690526  	-0.028969 
5821.122184  	-0.026770 
5822.553842  	-0.024914 
5823.985500  	-0.026306 
5825.417158  	-0.028239 
5826.848817  	-0.028680 
5828.280475  	-0.027882 
5829.712133  	-0.027607 
5831.143791  	-0.028186 
5832.575449  	-0.027917 
5834.007107  	-0.028063 
5835.438766  	-0.028630 
5836.870424  	-0.027502 
5838.302082  	-0.026985 
5839.733740  	-0.027303 
5841.165398  	-0.026174 
5842.597057  	-0.026006 
5844.028715  	-0.026342 
5845.460373  	-0.024905 
5846.892031  	-0.024996 
5848.323689  	-0.027384 
5849.755348  	-0.029001 
5851.187006  	-0.028622 
5852.618664  	-0.026549 
5854.050322  	-0.025508 
5855.481980  	-0.026161 
5856.913638  	-0.026384 
5858.345297  	-0.027447 
5859.776955  	-0.027836 
5861.208613  	-0.025295 
5862.640271  	-0.024588 
5864.071929  	-0.026572 
5865.503588  	-0.027351 
5866.935246  	-0.027875 
5868.366904  	-0.028130 
5869.798562  	-0.027085 
5871.230220  	-0.026442 
5872.661878  	-0.026787 
5874.093537  	-0.028172 
5875.525195  	-0.028438 
5876.956853  	-0.026292 
5878.388511  	-0.026912 
5879.820169  	-0.029149 
5881.251828  	-0.027090 
5882.683486  	-0.024403 
5884.115144  	-0.024012 
5885.546802  	-0.024158 
5886.978460  	-0.026690 
5888.410119  	-0.029185 
5889.841777  	-0.027753 
5891.273435  	-0.025720 
5892.705093  	-0.024970 
5894.136751  	-0.025575 
5895.568409  	-0.028975 
5897.000068  	-0.031053 
5898.431726  	-0.027754 
5899.863384  	-0.024322 
5901.295042  	-0.025736 
5902.726700  	-0.027842 
5904.158359  	-0.026635 
5905.590017  	-0.025766 
5907.021675  	-0.027951 
5908.453333  	-0.030237 
5909.884991  	-0.030792 
5911.316650  	-0.030375 
5912.748308  	-0.028563 
5914.179966  	-0.025240 
5915.611624  	-0.023193 
5917.043282  	-0.023722 
5918.474940  	-0.024141 
5919.906599  	-0.024645 
5921.338257  	-0.026144 
5922.769915  	-0.025260 
5924.201573  	-0.024284 
5925.633231  	-0.027302 
5927.064890  	-0.028892 
5928.496548  	-0.027691 
5929.928206  	-0.028490 
5931.359864  	-0.028546 
5932.791522  	-0.026558 
5934.223180  	-0.027226 
5935.654839  	-0.029199 
5937.086497  	-0.028341 
5938.518155  	-0.026323 
5939.949813  	-0.026508 
5941.381471  	-0.027356 
5942.813130  	-0.026285 
5944.244788  	-0.026172 
5945.676446  	-0.028109 
5947.108104  	-0.028711 
5948.539762  	-0.028178 
5949.971421  	-0.027118 
5951.403079  	-0.025898 
5952.834737  	-0.027540 
5954.266395  	-0.029033 
5955.698053  	-0.026460 
5957.129711  	-0.024706 
5958.561370  	-0.026064 
5959.993028  	-0.027366 
5961.424686  	-0.027750 
5962.856344  	-0.027451 
5964.288002  	-0.027522 
5965.719661  	-0.028176 
5967.151319  	-0.026953 
5968.582977  	-0.025176 
5970.014635  	-0.025317 
5971.446293  	-0.026273 
5972.877951  	-0.028644 
5974.309610  	-0.031047 
5975.741268  	-0.029475 
5977.172926  	-0.026979 
5978.604584  	-0.027043 
5980.036242  	-0.026939 
5981.467901  	-0.026944 
5982.899559  	-0.027464 
5984.331217  	-0.026109 
5985.762875  	-0.025064 
5987.194533  	-0.025637 
5988.626192  	-0.026011 
5990.057850  	-0.026641 
5991.489508  	-0.026400 
5992.921166  	-0.025970 
5994.352824  	-0.027848 
5995.784482  	-0.028497 
5997.216141  	-0.028461 
5998.647799  	-0.030416 
6000.079457  	-0.029047 
6001.511115  	-0.026026 
6002.942773  	-0.026884 
6004.374432  	-0.027378 
6005.806090  	-0.026227 
6007.237748  	-0.025426 
6008.669406  	-0.024807 
6010.101064  	-0.027470 
6011.532723  	-0.030363 
6012.964381  	-0.028393 
6014.396039  	-0.026393 
6015.827697  	-0.027948 
6017.259355  	-0.030733 
6018.691013  	-0.031760 
6020.122672  	-0.030040 
6021.554330  	-0.029120 
6022.985988  	-0.027991 
6024.417646  	-0.024154 
6025.849304  	-0.023042 
6027.280963  	-0.024856 
6028.712621  	-0.027059 
6030.144279  	-0.030473 
6031.575937  	-0.029545 
6033.007595  	-0.026232 
6034.439253  	-0.028081 
6035.870912  	-0.027308 
6037.302570  	-0.022529 
6038.734228  	-0.024313 
6040.165886  	-0.027996 
6041.597544  	-0.026442 
6043.029203  	-0.025055 
6044.460861  	-0.027072 
6045.892519  	-0.030105 
6047.324177  	-0.031072 
6048.755835  	-0.029583 
6050.187494  	-0.028722 
6051.619152  	-0.027310 
6053.050810  	-0.024110 
6054.482468  	-0.024043 
6055.914126  	-0.027541 
6057.345784  	-0.029910 
6058.777443  	-0.029783 
6060.209101  	-0.027610 
6061.640759  	-0.025803 
6063.072417  	-0.026552 
6064.504075  	-0.027289 
6065.935734  	-0.027135 
6067.367392  	-0.027792 
6068.799050  	-0.027740 
6070.230708  	-0.027693 
6071.662366  	-0.028756 
6073.094025  	-0.027905 
6074.525683  	-0.027155 
6075.957341  	-0.028759 
6077.388999  	-0.028119 
6078.820657  	-0.026287 
6080.252315  	-0.027081 
6081.683974  	-0.027967 
6083.115632  	-0.028580 
6084.547290  	-0.028446 
6085.978948  	-0.025117 
6087.410606  	-0.022655 
6088.842265  	-0.024491 
6090.273923  	-0.027373 
6091.705581  	-0.028572 
6093.137239  	-0.028582 
6094.568897  	-0.028831 
6096.000555  	-0.028451 
6097.432214  	-0.026511 
6098.863872  	-0.026463 
6100.295530  	-0.028384 
6101.727188  	-0.029024 
6103.158846  	-0.028880 
6104.590505  	-0.027488 
6106.022163  	-0.025031 
6107.453821  	-0.024799 
6108.885479  	-0.025534 
6110.317137  	-0.024922 
6111.748796  	-0.025214 
6113.180454  	-0.027033 
6114.612112  	-0.027131 
6116.043770  	-0.023737 
6117.475428  	-0.021563 
6118.907086  	-0.025712 
6120.338745  	-0.030391 
6121.770403  	-0.028075 
6123.202061  	-0.024369 
6124.633719  	-0.025391 
6126.065377  	-0.026610 
6127.497036  	-0.026659 
6128.928694  	-0.029206 
6130.360352  	-0.029901 
6131.792010  	-0.026303 
6133.223668  	-0.024275 
6134.655327  	-0.024238 
6136.086985  	-0.025405 
6137.518643  	-0.029028 
6138.950301  	-0.030221 
6140.381959  	-0.028934 
6141.813617  	-0.029522 
6143.245276  	-0.028425 
6144.676934  	-0.026760 
6146.108592  	-0.029620 
6147.540250  	-0.032842 
6148.971908  	-0.032790 
6150.403567  	-0.031289 
6151.835225  	-0.030761 
6153.266883  	-0.031551 
6154.698541  	-0.030076 
6156.130199  	-0.027237 
6157.561857  	-0.025660 
6158.993516  	-0.023263 
6160.425174  	-0.023629 
6161.856832  	-0.027966 
6163.288490  	-0.029317 
6164.720148  	-0.029053 
6166.151807  	-0.029252 
6167.583465  	-0.026656 
6169.015123  	-0.025118 
6170.446781  	-0.026422 
6171.878439  	-0.027315 
6173.310098  	-0.029548 
6174.741756  	-0.031705 
6176.173414  	-0.029955 
6177.605072  	-0.027736 
6179.036730  	-0.028064 
6180.468388  	-0.029533 
6181.900047  	-0.030902 
6183.331705  	-0.030577 
6184.763363  	-0.028055 
6186.195021  	-0.026325 
6187.626679  	-0.027727 
6189.058338  	-0.030317 
6190.489996  	-0.031280 
6191.921654  	-0.030118 
6193.353312  	-0.028007 
6194.784970  	-0.026913 
6196.216628  	-0.027788 
6197.648287  	-0.030069 
6199.079945  	-0.030650 
6200.511603  	-0.027248 
6201.943261  	-0.024716 
6203.374919  	-0.026689 
6204.806578  	-0.029613 
6206.238236  	-0.030838 
6207.669894  	-0.029624 
6209.101552  	-0.028354 
6210.533210  	-0.030012 
6211.964869  	-0.029343 
6213.396527  	-0.026716 
6214.828185  	-0.029126 
6216.259843  	-0.031013 
6217.691501  	-0.028572 
6219.123159  	-0.026746 
6220.554818  	-0.025143 
6221.986476  	-0.025550 
6223.418134  	-0.027423 
6224.849792  	-0.025981 
6226.281450  	-0.027161 
6227.713109  	-0.031204 
6229.144767  	-0.030093 
6230.576425  	-0.028926 
6232.008083  	-0.030146 
6233.439741  	-0.028258 
6234.871400  	-0.024975 
6236.303058  	-0.023388 
6237.734716  	-0.026529 
6239.166374  	-0.033198 
6240.598032  	-0.033847 
6242.029690  	-0.030281 
6243.461349  	-0.030000 
6244.893007  	-0.028129 
6246.324665  	-0.023657 
6247.756323  	-0.023909 
6249.187981  	-0.026873 
6250.619640  	-0.027249 
6252.051298  	-0.027732 
6253.482956  	-0.029182 
6254.914614  	-0.027855 
6256.346272  	-0.025729 
6257.777930  	-0.025961 
6259.209589  	-0.025852 
6260.641247  	-0.025573 
6262.072905  	-0.027321 
6263.504563  	-0.029116 
6264.936221  	-0.028752 
6266.367880  	-0.027083 
6267.799538  	-0.027612 
6269.231196  	-0.029805 
6270.662854  	-0.027943 
6272.094512  	-0.024265 
6273.526171  	-0.024385 
6274.957829  	-0.026377 
6276.389487  	-0.027900 
6277.821145  	-0.027916 
6279.252803  	-0.027427 
6280.684461  	-0.029791 
6282.116120  	-0.031434 
6283.547778  	-0.029278 
6284.979436  	-0.027325 
6286.411094  	-0.026555 
6287.842752  	-0.026088 
6289.274411  	-0.026005 
6290.706069  	-0.025405 
6292.137727  	-0.025156 
6293.569385  	-0.025885 
6295.001043  	-0.027144 
6296.432702  	-0.027793 
6297.864360  	-0.026831 
6299.296018  	-0.026703 
6300.727676  	-0.027727 
6302.159334  	-0.028242 
6303.590992  	-0.029651 
6305.022651  	-0.030396 
6306.454309  	-0.029907 
6307.885967  	-0.030610 
6309.317625  	-0.029035 
6310.749283  	-0.025557 
6312.180942  	-0.025024 
6313.612600  	-0.025781 
6315.044258  	-0.024965 
6316.475916  	-0.021900 
6317.907574  	-0.019829 
6319.339232  	-0.023752 
6320.770891  	-0.028701 
6322.202549  	-0.029811 
6323.634207  	-0.029671 
6325.065865  	-0.027441 
6326.497523  	-0.025406 
6327.929182  	-0.027463 
6329.360840  	-0.029018 
6330.792498  	-0.027623 
6332.224156  	-0.026363 
6333.655814  	-0.026082 
6335.087473  	-0.023660 
6336.519131  	-0.019397 
6337.950789  	-0.021384 
6339.382447  	-0.028012 
6340.814105  	-0.028563 
6342.245763  	-0.025226 
6343.677422  	-0.023288 
6345.109080  	-0.022802 
6346.540738  	-0.026077 
6347.972396  	-0.028077 
6349.404054  	-0.024522 
6350.835713  	-0.023715 
6352.267371  	-0.027904 
6353.699029  	-0.031398 
6355.130687  	-0.033343 
6356.562345  	-0.032573 
6357.994003  	-0.028901 
6359.425662  	-0.028230 
6360.857320  	-0.032044 
6362.288978  	-0.032676 
6363.720636  	-0.029207 
6365.152294  	-0.028207 
6366.583953  	-0.027006 
6368.015611  	-0.025050 
6369.447269  	-0.027808 
6370.878927  	-0.029345 
6372.310585  	-0.026495 
6373.742244  	-0.024951 
6375.173902  	-0.024315 
6376.605560  	-0.026137 
6378.037218  	-0.029056 
6379.468876  	-0.026186 
6380.900534  	-0.024377 
6382.332193  	-0.027430 
6383.763851  	-0.027854 
6385.195509  	-0.027621 
6386.627167  	-0.029115 
6388.058825  	-0.029324 
6389.490484  	-0.027663 
6390.922142  	-0.024591 
6392.353800  	-0.024686 
6393.785458  	-0.026651 
6395.217116  	-0.025992 
6396.648775  	-0.029185 
6398.080433  	-0.032089 
6399.512091  	-0.026073 
6400.943749  	-0.023564 
6402.375407  	-0.027268 
6403.807065  	-0.026388 
6405.238724  	-0.026170 
6406.670382  	-0.027472 
6408.102040  	-0.023785 
6409.533698  	-0.021844 
6410.965356  	-0.024459 
6412.397015  	-0.025577 
6413.828673  	-0.026761 
6415.260331  	-0.028900 
6416.691989  	-0.027964 
6418.123647  	-0.024416 
6419.555305  	-0.022864 
6420.986964  	-0.025302 
6422.418622  	-0.026830 
6423.850280  	-0.023067 
6425.281938  	-0.020364 
6426.713596  	-0.022874 
6428.145255  	-0.023968 
6429.576913  	-0.024434 
6431.008571  	-0.028672 
6432.440229  	-0.032436 
6433.871887  	-0.034405 
6435.303546  	-0.035584 
6436.735204  	-0.033843 
6438.166862  	-0.032685 
6439.598520  	-0.030679 
6441.030178  	-0.025011 
6442.461836  	-0.025837 
6443.893495  	-0.031329 
6445.325153  	-0.028754 
6446.756811  	-0.024025 
6448.188469  	-0.024745 
6449.620127  	-0.028540 
6451.051786  	-0.032079 
6452.483444  	-0.029455 
6453.915102  	-0.026185 
6455.346760  	-0.031305 
6456.778418  	-0.033527 
6458.210077  	-0.029050 
6459.641735  	-0.029278 
6461.073393  	-0.028694 
6462.505051  	-0.022757 
6463.936709  	-0.024153 
6465.368367  	-0.030598 
6466.800026  	-0.030288 
6468.231684  	-0.027356 
6469.663342  	-0.026865 
6471.095000  	-0.027718 
6472.526658  	-0.031520 
6473.958317  	-0.033749 
6475.389975  	-0.031033 
6476.821633  	-0.030328 
6478.253291  	-0.029832 
6479.684949  	-0.025039 
6481.116607  	-0.024877 
6482.548266  	-0.029263 
6483.979924  	-0.028268 
6485.411582  	-0.025738 
6486.843240  	-0.028146 
6488.274898  	-0.030305 
6489.706557  	-0.027703 
6491.138215  	-0.023469 
6492.569873  	-0.022098 
6494.001531  	-0.023765 
6495.433189  	-0.024850 
6496.864848  	-0.022962 
6498.296506  	-0.021828 
6499.728164  	-0.025530 
6501.159822  	-0.028444 
6502.591480  	-0.026251 
6504.023138  	-0.025675 
6505.454797  	-0.028648 
6506.886455  	-0.028255 
6508.318113  	-0.024487 
6509.749771  	-0.023792 
6511.181429  	-0.027289 
6512.613088  	-0.027508 
6514.044746  	-0.022588 
6515.476404  	-0.020734 
6516.908062  	-0.023887 
6518.339720  	-0.026103 
6519.771379  	-0.025417 
6521.203037  	-0.026226 
6522.634695  	-0.029212 
6524.066353  	-0.027697 
6525.498011  	-0.023780 
6526.929669  	-0.026370 
6528.361328  	-0.030290 
6529.792986  	-0.030356 
6531.224644  	-0.030534 
6532.656302  	-0.028732 
6534.087960  	-0.025781 
6535.519619  	-0.025141 
6536.951277  	-0.023901 
6538.382935  	-0.024566 
6539.814593  	-0.026803 
6541.246251  	-0.025454 
6542.677909  	-0.023860 
6544.109568  	-0.023465 
6545.541226  	-0.024358 
6546.972884  	-0.027134 
6548.404542  	-0.027916 
6549.836200  	-0.031348 
6551.267859  	-0.037011 
6552.699517  	-0.032863 
6554.131175  	-0.026206 
6555.562833  	-0.027225 
6556.994491  	-0.028599 
6558.426150  	-0.027546 
6559.857808  	-0.028299 
6561.289466  	-0.031810 
6562.721124  	-0.033966 
6564.152782  	-0.032060 
6565.584440  	-0.030949 
6567.016099  	-0.027217 
6568.447757  	-0.020264 
6569.879415  	-0.021968 
6571.311073  	-0.025378 
6572.742731  	-0.023440 
6574.174390  	-0.025627 
6575.606048  	-0.025553 
6577.037706  	-0.022167 
6578.469364  	-0.027227 
6579.901022  	-0.030785 
6581.332680  	-0.028251 
6582.764339  	-0.029694 
6584.195997  	-0.031332 
6585.627655  	-0.030977 
6587.059313  	-0.030623 
6588.490971  	-0.027262 
6589.922630  	-0.025459 
6591.354288  	-0.026881 
6592.785946  	-0.026449 
6594.217604  	-0.026029 
6595.649262  	-0.026696 
6597.080921  	-0.022619 
6598.512579  	-0.015476 
6599.944237  	-0.017082 
6601.375895  	-0.025763 
6602.807553  	-0.027656 
6604.239211  	-0.025471 
6605.670870  	-0.027566 
6607.102528  	-0.028008 
6608.534186  	-0.026643 
6609.965844  	-0.027540 
6611.397502  	-0.028009 
6612.829161  	-0.029787 
6614.260819  	-0.032964 
6615.692477  	-0.032731 
6617.124135  	-0.031379 
6618.555793  	-0.031121 
6619.987452  	-0.029836 
6621.419110  	-0.029094 
6622.850768  	-0.030046 
6624.282426  	-0.026846 
6625.714084  	-0.019332 
6627.145742  	-0.018455 
6628.577401  	-0.024445 
6630.009059  	-0.028430 
6631.440717  	-0.029312 
6632.872375  	-0.026464 
6634.304033  	-0.023044 
6635.735692  	-0.026437 
6637.167350  	-0.029567 
6638.599008  	-0.027736 
6640.030666  	-0.027280 
6641.462324  	-0.025078 
6642.893982  	-0.022311 
6644.325641  	-0.024721 
6645.757299  	-0.024655 
6647.188957  	-0.021602 
6648.620615  	-0.023432 
6650.052273  	-0.025641 
6651.483932  	-0.026249 
6652.915590  	-0.030608 
6654.347248  	-0.034994 
6655.778906  	-0.034236 
6657.210564  	-0.029493 
6658.642223  	-0.024482 
6660.073881  	-0.023811 
6661.505539  	-0.027670 
6662.937197  	-0.028481 
6664.368855  	-0.027032 
6665.800513  	-0.029279 
6667.232172  	-0.027940 
6668.663830  	-0.022469 
6670.095488  	-0.023667 
6671.527146  	-0.026385 
6672.958804  	-0.026056 
6674.390463  	-0.029483 
6675.822121  	-0.031592 
6677.253779  	-0.028456 
6678.685437  	-0.029128 
6680.117095  	-0.034178 
6681.548754  	-0.035675 
6682.980412  	-0.029652 
6684.412070  	-0.022805 
6685.843728  	-0.023564 
6687.275386  	-0.027214 
6688.707044  	-0.027568 
6690.138703  	-0.025380 
6691.570361  	-0.024143 
6693.002019  	-0.027939 
6694.433677  	-0.028894 
6695.865335  	-0.020522 
6697.296994  	-0.016516 
6698.728652  	-0.023459 
6700.160310  	-0.030819 
6701.591968  	-0.031668 
6703.023626  	-0.028581 
6704.455284  	-0.027031 
6705.886943  	-0.025293 
6707.318601  	-0.022953 
6708.750259  	-0.025185 
6710.181917  	-0.028103 
6711.613575  	-0.028894 
6713.045234  	-0.028617 
6714.476892  	-0.024603 
6715.908550  	-0.025177 
6717.340208  	-0.031274 
6718.771866  	-0.030937 
6720.203525  	-0.029315 
6721.635183  	-0.028523 
6723.066841  	-0.025486 
6724.498499  	-0.030684 
6725.930157  	-0.036917 
6727.361815  	-0.031388 
6728.793474  	-0.024935 
6730.225132  	-0.023116 
6731.656790  	-0.025043 
6733.088448  	-0.028965 
6734.520106  	-0.028142 
6735.951765  	-0.026472 
6737.383423  	-0.026743 
6738.815081  	-0.024595 
6740.246739  	-0.023900 
6741.678397  	-0.025388 
6743.110056  	-0.026913 
6744.541714  	-0.029295 
6745.973372  	-0.030278 
6747.405030  	-0.030429 
6748.836688  	-0.029208 
6750.268346  	-0.027697 
6751.700005  	-0.030563 
6753.131663  	-0.029338 
6754.563321  	-0.023178 
6755.994979  	-0.025634 
6757.426637  	-0.031096 
6758.858296  	-0.030406 
6760.289954  	-0.027999 
6761.721612  	-0.024383 
6763.153270  	-0.021586 
6764.584928  	-0.021804 
6766.016586  	-0.022593 
6767.448245  	-0.024289 
6768.879903  	-0.025138 
6770.311561  	-0.023512 
6771.743219  	-0.021615 
6773.174877  	-0.021027 
6774.606536  	-0.022395 
6776.038194  	-0.022491 
6777.469852  	-0.020312 
6778.901510  	-0.021702 
6780.333168  	-0.024825 
6781.764827  	-0.025684 
6783.196485  	-0.025301 
6784.628143  	-0.023519 
6786.059801  	-0.023437 
6787.491459  	-0.024692 
6788.923117  	-0.024115 
6790.354776  	-0.025452 
6791.786434  	-0.024484 
6793.218092  	-0.018474 
6794.649750  	-0.019760 
6796.081408  	-0.026062 
6797.513067  	-0.025797 
6798.944725  	-0.025196 
6800.376383  	-0.027775 
6801.808041  	-0.026793 
6803.239699  	-0.024999 
6804.671357  	-0.027067 
6806.103016  	-0.028263 
6807.534674  	-0.027759 
6808.966332  	-0.030048 
6810.397990  	-0.032373 
6811.829648  	-0.030548 
6813.261307  	-0.025860 
6814.692965  	-0.020683 
6816.124623  	-0.019703 
6817.556281  	-0.022722 
6818.987939  	-0.024470 
6820.419598  	-0.026114 
6821.851256  	-0.028949 
6823.282914  	-0.031967 
6824.714572  	-0.035114 
6826.146230  	-0.033338 
6827.577888  	-0.029339 
6829.009547  	-0.029181 
6830.441205  	-0.025492 
6831.872863  	-0.018962 
6833.304521  	-0.018814 
6834.736179  	-0.021765 
6836.167838  	-0.023465 
6837.599496  	-0.024479 
6839.031154  	-0.023906 
6840.462812  	-0.022777 
6841.894470  	-0.020771 
6843.326129  	-0.020345 
6844.757787  	-0.026523 
6846.189445  	-0.035352 
6847.621103  	-0.039391 
6849.052761  	-0.037354 
6850.484419  	-0.031717 
6851.916078  	-0.026997 
6853.347736  	-0.025107 
6854.779394  	-0.026394 
6856.211052  	-0.029793 
6857.642710  	-0.031073 
6859.074369  	-0.026801 
6860.506027  	-0.020615 
6861.937685  	-0.023950 
6863.369343  	-0.033599 
6864.801001  	-0.032527 
6866.232659  	-0.024369 
6867.664318  	-0.021434 
6869.095976  	-0.022297 
6870.527634  	-0.025291 
6871.959292  	-0.024048 
6873.390950  	-0.021595 
6874.822609  	-0.029434 
6876.254267  	-0.032800 
6877.685925  	-0.023562 
6879.117583  	-0.020169 
6880.549241  	-0.022636 
6881.980900  	-0.024935 
6883.412558  	-0.027181 
6884.844216  	-0.024862 
6886.275874  	-0.025534 
6887.707532  	-0.029551 
6889.139190  	-0.025043 
6890.570849  	-0.021876 
6892.002507  	-0.027692 
6893.434165  	-0.030690 
6894.865823  	-0.024570 
6896.297481  	-0.017795 
6897.729140  	-0.023859 
6899.160798  	-0.035207 
6900.592456  	-0.034175 
6902.024114  	-0.028221 
6903.455772  	-0.026604 
6904.887431  	-0.024947 
6906.319089  	-0.022504 
6907.750747  	-0.020837 
6909.182405  	-0.023711 
6910.614063  	-0.026670 
6912.045721  	-0.021470 
6913.477380  	-0.019205 
6914.909038  	-0.024531 
6916.340696  	-0.026548 
6917.772354  	-0.025351 
6919.204012  	-0.024966 
6920.635671  	-0.028579 
6922.067329  	-0.034295 
6923.498987  	-0.030370 
6924.930645  	-0.022012 
6926.362303  	-0.018918 
6927.793961  	-0.018778 
6929.225620  	-0.024084 
6930.657278  	-0.030728 
6932.088936  	-0.031694 
6933.520594  	-0.031344 
6934.952252  	-0.027356 
6936.383911  	-0.022381 
6937.815569  	-0.026685 
6939.247227  	-0.034800 
6940.678885  	-0.037431 
6942.110543  	-0.032460 
6943.542202  	-0.025047 
6944.973860  	-0.023787 
6946.405518  	-0.025105 
6947.837176  	-0.026053 
6949.268834  	-0.027078 
6950.700492  	-0.022429 
6952.132151  	-0.018355 
6953.563809  	-0.022368 
6954.995467  	-0.027325 
6956.427125  	-0.029009 
6957.858783  	-0.027607 
6959.290442  	-0.026625 
6960.722100  	-0.028774 
6962.153758  	-0.025659 
6963.585416  	-0.020084 
6965.017074  	-0.023579 
6966.448732  	-0.031613 
6967.880391  	-0.036194 
6969.312049  	-0.032557 
6970.743707  	-0.025579 
6972.175365  	-0.028249 
6973.607023  	-0.032047 
6975.038682  	-0.027925 
6976.470340  	-0.027971 
6977.901998  	-0.033208 
6979.333656  	-0.035917 
6980.765314  	-0.034761 
6982.196973  	-0.027935 
6983.628631  	-0.022703 
6985.060289  	-0.024732 
6986.491947  	-0.026218 
6987.923605  	-0.023344 
6989.355263  	-0.020089 
6990.786922  	-0.019107 
6992.218580  	-0.020904 
6993.650238  	-0.022538 
6995.081896  	-0.023413 
6996.513554  	-0.027496 
6997.945213  	-0.031623 
6999.376871  	-0.031161 
7000.808529  	-0.031373 
7002.240187  	-0.033235 
7003.671845  	-0.030404 
7005.103504  	-0.028409 
7006.535162  	-0.031125 
7007.966820  	-0.029377 
7009.398478  	-0.027180 
7010.830136  	-0.029998 
7012.261794  	-0.026617 
7013.693453  	-0.020741 
7015.125111  	-0.024595 
7016.556769  	-0.031368 
7017.988427  	-0.031986 
7019.420085  	-0.028566 
7020.851744  	-0.027033 
7022.283402  	-0.028256 
7023.715060  	-0.028931 
7025.146718  	-0.033524 
7026.578376  	-0.038574 
7028.010034  	-0.032865 
7029.441693  	-0.027935 
7030.873351  	-0.033401 
7032.305009  	-0.035361 
7033.736667  	-0.031177 
7035.168325  	-0.029249 
7036.599984  	-0.029161 
7038.031642  	-0.029075 
7039.463300  	-0.028284 
7040.894958  	-0.024796 
7042.326616  	-0.020597 
7043.758275  	-0.021167 
7045.189933  	-0.026425 
7046.621591  	-0.028525 
7048.053249  	-0.024852 
7049.484907  	-0.021747 
7050.916565  	-0.022539 
7052.348224  	-0.024612 
7053.779882  	-0.025557 
7055.211540  	-0.026210 
7056.643198  	-0.027817 
7058.074856  	-0.027206 
7059.506515  	-0.024041 
7060.938173  	-0.022545 
7062.369831  	-0.024323 
7063.801489  	-0.027310 
7065.233147  	-0.027100 
7066.664806  	-0.024958 
7068.096464  	-0.023880 
7069.528122  	-0.020079 
7070.959780  	-0.020364 
7072.391438  	-0.029345 
7073.823096  	-0.030516 
7075.254755  	-0.025650 
7076.686413  	-0.029346 
7078.118071  	-0.031848 
7079.549729  	-0.027922 
7080.981387  	-0.026727 
7082.413046  	-0.029939 
7083.844704  	-0.035305 
7085.276362  	-0.037061 
7086.708020  	-0.034565 
7088.139678  	-0.036848 
7089.571336  	-0.035733 
7091.002995  	-0.025434 
7092.434653  	-0.022807 
7093.866311  	-0.029812 
7095.297969  	-0.031196 
7096.729627  	-0.029073 
7098.161286  	-0.030641 
7099.592944  	-0.031048 
7101.024602  	-0.027394 
7102.456260  	-0.024847 
7103.887918  	-0.025854 
7105.319577  	-0.028346 
7106.751235  	-0.028767 
7108.182893  	-0.021665 
7109.614551  	-0.013521 
7111.046209  	-0.014871 
7112.477867  	-0.019482 
7113.909526  	-0.019059 
7115.341184  	-0.018534 
7116.772842  	-0.015943 
7118.204500  	-0.012362 
7119.636158  	-0.020043 
7121.067817  	-0.028624 
7122.499475  	-0.028111 
7123.931133  	-0.028888 
7125.362791  	-0.027449 
7126.794449  	-0.017713 
7128.226108  	-0.015607 
7129.657766  	-0.023452 
7131.089424  	-0.028269 
7132.521082  	-0.029414 
7133.952740  	-0.027412 
7135.384398  	-0.024700 
7136.816057  	-0.027323 
7138.247715  	-0.028452 
7139.679373  	-0.026771 
7141.111031  	-0.028306 
7142.542689  	-0.026913 
7143.974348  	-0.023823 
7145.406006  	-0.025273 
7146.837664  	-0.026563 
7148.269322  	-0.025724 
7149.700980  	-0.024395 
7151.132638  	-0.024893 
7152.564297  	-0.029182 
7153.995955  	-0.027646 
7155.427613  	-0.024662 
7156.859271  	-0.029431 
7158.290929  	-0.027013 
7159.722588  	-0.021929 
7161.154246  	-0.028301 
7162.585904  	-0.027799 
7164.017562  	-0.020610 
7165.449220  	-0.021441 
7166.880879  	-0.022348 
7168.312537  	-0.024714 
7169.744195  	-0.028556 
7171.175853  	-0.025747 
7172.607511  	-0.025866 
7174.039169  	-0.026206 
7175.470828  	-0.019380 
7176.902486  	-0.017983 
7178.334144  	-0.021665 
7179.765802  	-0.022107 
7181.197460  	-0.021849 
7182.629119  	-0.019629 
7184.060777  	-0.022497 
7185.492435  	-0.032866 
7186.924093  	-0.036974 
7188.355751  	-0.033115 
7189.787409  	-0.027261 
7191.219068  	-0.023618 
7192.650726  	-0.027455 
7194.082384  	-0.031291 
7195.514042  	-0.028401 
7196.945700  	-0.025905 
7198.377359  	-0.026491 
7199.809017  	-0.026807 
7201.240675  	-0.023833 
7202.672333  	-0.018505 
7204.103991  	-0.017453 
7205.535650  	-0.020610 
7206.967308  	-0.024495 
7208.398966  	-0.027416 
7209.830624  	-0.024473 
7211.262282  	-0.020663 
7212.693940  	-0.022472 
7214.125599  	-0.022591 
7215.557257  	-0.020537 
7216.988915  	-0.019361 
7218.420573  	-0.013534 
7219.852231  	-0.006477 
7221.283890  	-0.005424 
7222.715548  	-0.010424 
7224.147206  	-0.018810 
7225.578864  	-0.023917 
7227.010522  	-0.025419 
7228.442181  	-0.026141 
7229.873839  	-0.022857 
7231.305497  	-0.025076 
7232.737155  	-0.034530 
7234.168813  	-0.030475 
7235.600471  	-0.021391 
7237.032130  	-0.023892 
7238.463788  	-0.028090 
7239.895446  	-0.030655 
7241.327104  	-0.034539 
7242.758762  	-0.031627 
7244.190421  	-0.024684 
7245.622079  	-0.027815 
7247.053737  	-0.036081 
7248.485395  	-0.035822 
7249.917053  	-0.029914 
7251.348711  	-0.029682 
7252.780370  	-0.028838 
7254.212028  	-0.022934 
7255.643686  	-0.024134 
7257.075344  	-0.027648 
7258.507002  	-0.025390 
7259.938661  	-0.024122 
7261.370319  	-0.023964 
7262.801977  	-0.024187 
7264.233635  	-0.027759 
7265.665293  	-0.028455 
7267.096952  	-0.026804 
7268.528610  	-0.027015 
7269.960268  	-0.025761 
7271.391926  	-0.021620 
7272.823584  	-0.018944 
7274.255242  	-0.025418 
7275.686901  	-0.033324 
7277.118559  	-0.028548 
7278.550217  	-0.023387 
7279.981875  	-0.025066 
7281.413533  	-0.021930 
7282.845192  	-0.024082 
7284.276850  	-0.033134 
7285.708508  	-0.032916 
7287.140166  	-0.033584 
7288.571824  	-0.042250 
7290.003483  	-0.040125 
7291.435141  	-0.028766 
7292.866799  	-0.024713 
7294.298457  	-0.024513 
7295.730115  	-0.019469 
7297.161773  	-0.022704 
7298.593432  	-0.035989 
7300.025090  	-0.037334 
7301.456748  	-0.030005 
7302.888406  	-0.031817 
7304.320064  	-0.031667 
7305.751723  	-0.028270 
7307.183381  	-0.026897 
7308.615039  	-0.022302 
7310.046697  	-0.024712 
7311.478355  	-0.030379 
7312.910013  	-0.026772 
7314.341672  	-0.029064 
7315.773330  	-0.033021 
7317.204988  	-0.026800 
7318.636646  	-0.028584 
7320.068304  	-0.035224 
7321.499963  	-0.033396 
7322.931621  	-0.031373 
7324.363279  	-0.026663 
7325.794937  	-0.020994 
7327.226595  	-0.024276 
7328.658254  	-0.027739 
7330.089912  	-0.024615 
7331.521570  	-0.022556 
7332.953228  	-0.022785 
7334.384886  	-0.021658 
7335.816544  	-0.019749 
7337.248203  	-0.019304 
7338.679861  	-0.019858 
7340.111519  	-0.023087 
7341.543177  	-0.028870 
7342.974835  	-0.030894 
7344.406494  	-0.034061 
7345.838152  	-0.038857 
7347.269810  	-0.034448 
7348.701468  	-0.029306 
7350.133126  	-0.028937 
7351.564785  	-0.025450 
7352.996443  	-0.027112 
7354.428101  	-0.032832 
7355.859759  	-0.029284 
7357.291417  	-0.021840 
7358.723075  	-0.019336 
7360.154734  	-0.024963 
7361.586392  	-0.030633 
7363.018050  	-0.026215 
7364.449708  	-0.024239 
7365.881366  	-0.025680 
7367.313025  	-0.019020 
7368.744683  	-0.016569 
7370.176341  	-0.019413 
7371.607999  	-0.018734 
7373.039657  	-0.023365 
7374.471315  	-0.025166 
7375.902974  	-0.018800 
7377.334632  	-0.022353 
7378.766290  	-0.029568 
7380.197948  	-0.027086 
7381.629606  	-0.024699 
7383.061265  	-0.028462 
7384.492923  	-0.034127 
7385.924581  	-0.029764 
7387.356239  	-0.015144 
7388.787897  	-0.012610 
7390.219556  	-0.023985 
7391.651214  	-0.029074 
7393.082872  	-0.028723 
7394.514530  	-0.029135 
7395.946188  	-0.022863 
7397.377846  	-0.020088 
7398.809505  	-0.031565 
7400.241163  	-0.034213 
7401.672821  	-0.021203 
7403.104479  	-0.017234 
7404.536137  	-0.019912 
7405.967796  	-0.020576 
7407.399454  	-0.028658 
7408.831112  	-0.033468 
7410.262770  	-0.032162 
7411.694428  	-0.039820 
7413.126086  	-0.043194 
7414.557745  	-0.031875 
7415.989403  	-0.024820 
7417.421061  	-0.026805 
7418.852719  	-0.028448 
7420.284377  	-0.026130 
7421.716036  	-0.024124 
7423.147694  	-0.027552 
7424.579352  	-0.031391 
7426.011010  	-0.030423 
7427.442668  	-0.026210 
7428.874327  	-0.021433 
7430.305985  	-0.025628 
7431.737643  	-0.036019 
7433.169301  	-0.034543 
7434.600959  	-0.028665 
7436.032617  	-0.030847 
7437.464276  	-0.028765 
7438.895934  	-0.020824 
7440.327592  	-0.019993 
7441.759250  	-0.025302 
7443.190908  	-0.025998 
7444.622567  	-0.021128 
7446.054225  	-0.014734 
7447.485883  	-0.016436 
7448.917541  	-0.027068 
7450.349199  	-0.031274 
7451.780858  	-0.025327 
7453.212516  	-0.025112 
7454.644174  	-0.029042 
7456.075832  	-0.027774 
7457.507490  	-0.025462 
7458.939148  	-0.022373 
7460.370807  	-0.017848 
7461.802465  	-0.020714 
7463.234123  	-0.032828 
7464.665781  	-0.036197 
7466.097439  	-0.021410 
7467.529098  	-0.014240 
7468.960756  	-0.027709 
7470.392414  	-0.036392 
7471.824072  	-0.034562 
7473.255730  	-0.037090 
7474.687388  	-0.033426 
7476.119047  	-0.025503 
7477.550705  	-0.029442 
7478.982363  	-0.036981 
7480.414021  	-0.037350 
7481.845679  	-0.032196 
7483.277338  	-0.023876 
7484.708996  	-0.017569 
7486.140654  	-0.017018 
7487.572312  	-0.023018 
7489.003970  	-0.025347 
7490.435629  	-0.016956 
7491.867287  	-0.013269 
7493.298945  	-0.017026 
7494.730603  	-0.022549 
7496.162261  	-0.034841 
7497.593919  	-0.040478 
7499.025578  	-0.031692 
7500.457236  	-0.029261 
7501.888894  	-0.036277 
7503.320552  	-0.041633 
7504.752210  	-0.038601 
7506.183869  	-0.021260 
7507.615527  	-0.010917 
7509.047185  	-0.021342 
7510.478843  	-0.027770 
7511.910501  	-0.019723 
7513.342160  	-0.014401 
7514.773818  	-0.015690 
7516.205476  	-0.013532 
7517.637134  	-0.011182 
7519.068792  	-0.016240 
7520.500450  	-0.021054 
7521.932109  	-0.022999 
7523.363767  	-0.026137 
7524.795425  	-0.024715 
7526.227083  	-0.029057 
7527.658741  	-0.043194 
7529.090400  	-0.041083 
7530.522058  	-0.026323 
7531.953716  	-0.020721 
7533.385374  	-0.017868 
7534.817032  	-0.015006 
7536.248690  	-0.015944 
7537.680349  	-0.020506 
7539.112007  	-0.029238 
7540.543665  	-0.029913 
7541.975323  	-0.019436 
7543.406981  	-0.018611 
7544.838640  	-0.029040 
7546.270298  	-0.037218 
7547.701956  	-0.036526 
7549.133614  	-0.028212 
7550.565272  	-0.024147 
7551.996931  	-0.022388 
7553.428589  	-0.015352 
7554.860247  	-0.022592 
7556.291905  	-0.039440 
7557.723563  	-0.038042 
7559.155221  	-0.029724 
7560.586880  	-0.034357 
7562.018538  	-0.037260 
7563.450196  	-0.032668 
7564.881854  	-0.034055 
7566.313512  	-0.038984 
7567.745171  	-0.037688 
7569.176829  	-0.034552 
7570.608487  	-0.034305 
7572.040145  	-0.032960 
7573.471803  	-0.024195 
7574.903461  	-0.014663 
7576.335120  	-0.023120 
7577.766778  	-0.038403 
7579.198436  	-0.031568 
7580.630094  	-0.018017 
7582.061752  	-0.017975 
7583.493411  	-0.022110 
7584.925069  	-0.033717 
7586.356727  	-0.041265 
7587.788385  	-0.022439 
7589.220043  	-0.014536 
7590.651702  	-0.034291 
7592.083360  	-0.039028 
7593.515018  	-0.029259 
7594.946676  	-0.028934 
7596.378334  	-0.025718 
7597.809992  	-0.023900 
7599.241651  	-0.032838 
7600.673309  	-0.033991 
7602.104967  	-0.023523 
7603.536625  	-0.020910 
7604.968283  	-0.034392 
7606.399942  	-0.051409 
7607.831600  	-0.055598 
7609.263258  	-0.045661 
7610.694916  	-0.031583 
7612.126574  	-0.022456 
7613.558233  	-0.022112 
7614.989891  	-0.023996 
7616.421549  	-0.023521 
7617.853207  	-0.029533 
7619.284865  	-0.039161 
7620.716523  	-0.033974 
7622.148182  	-0.022180 
7623.579840  	-0.025427 
7625.011498  	-0.031020 
7626.443156  	-0.027808 
7627.874814  	-0.034132 
7629.306473  	-0.038764 
7630.738131  	-0.027920 
7632.169789  	-0.019025 
7633.601447  	-0.019462 
7635.033105  	-0.026586 
7636.464763  	-0.036828 
7637.896422  	-0.031732 
7639.328080  	-0.024636 
7640.759738  	-0.039753 
7642.191396  	-0.052256 
7643.623054  	-0.049055 
7645.054713  	-0.040594 
7646.486371  	-0.026834 
7647.918029  	-0.018100 
7649.349687  	-0.017911 
7650.781345  	-0.017107 
7652.213004  	-0.018589 
7653.644662  	-0.018895 
7655.076320  	-0.020966 
7656.507978  	-0.029956 
7657.939636  	-0.025029 
7659.371294  	-0.012519 
7660.802953  	-0.017052 
7662.234611  	-0.025641 
7663.666269  	-0.029610 
7665.097927  	-0.035776 
7666.529585  	-0.033467 
7667.961244  	-0.025823 
7669.392902  	-0.024080 
7670.824560  	-0.020270 
7672.256218  	-0.013898 
7673.687876  	-0.014926 
7675.119535  	-0.026915 
7676.551193  	-0.033442 
7677.982851  	-0.025424 
7679.414509  	-0.027262 
7680.846167  	-0.036261 
7682.277825  	-0.029730 
7683.709484  	-0.018638 
7685.141142  	-0.019666 
7686.572800  	-0.024303 
7688.004458  	-0.031087 
7689.436116  	-0.040522 
7690.867775  	-0.042236 
7692.299433  	-0.030355 
7693.731091  	-0.023031 
7695.162749  	-0.033544 
7696.594407  	-0.038284 
7698.026065  	-0.032411 
7699.457724  	-0.032485 
7700.889382  	-0.029402 
7702.321040  	-0.029050 
7703.752698  	-0.043596 
7705.184356  	-0.045421 
7706.616015  	-0.030536 
7708.047673  	-0.027691 
7709.479331  	-0.030254 
7710.910989  	-0.021398 
7712.342647  	-0.013904 
7713.774306  	-0.020492 
7715.205964  	-0.028036 
7716.637622  	-0.021938 
7718.069280  	-0.020356 
7719.500938  	-0.033054 
7720.932596  	-0.039754 
7722.364255  	-0.036710 
7723.795913  	-0.037602 
7725.227571  	-0.045877 
7726.659229  	-0.048310 
7728.090887  	-0.037810 
7729.522546  	-0.029518 
7730.954204  	-0.026258 
7732.385862  	-0.028701 
7733.817520  	-0.042830 
7735.249178  	-0.040305 
7736.680837  	-0.019896 
7738.112495  	-0.016571 
7739.544153  	-0.019453 
7740.975811  	-0.017308 
7742.407469  	-0.025148 
7743.839127  	-0.020881 
7745.270786  	-0.006910 
7746.702444  	-0.013251 
7748.134102  	-0.019257 
7749.565760  	-0.015481 
7750.997418  	-0.019627 
7752.429077  	-0.024602 
7753.860735  	-0.031502 
7755.292393  	-0.036284 
7756.724051  	-0.025335 
7758.155709  	-0.018727 
7759.587367  	-0.028839 
7761.019026  	-0.041215 
7762.450684  	-0.047834 
7763.882342  	-0.040060 
7765.314000  	-0.023167 
7766.745658  	-0.028416 
7768.177317  	-0.047759 
7769.608975  	-0.035062 
7771.040633  	-0.006625 
7772.472291  	-0.008446 
7773.903949  	-0.024176 
7775.335608  	-0.020051 
7776.767266  	-0.018793 
7778.198924  	-0.029300 
7779.630582  	-0.038984 
7781.062240  	-0.046407 
7782.493898  	-0.042013 
7783.925557  	-0.028760 
7785.357215  	-0.023051 
7786.788873  	-0.014581 
7788.220531  	-0.009418 
7789.652189  	-0.027031 
7791.083848  	-0.044460 
7792.515506  	-0.037284 
7793.947164  	-0.024623 
7795.378822  	-0.029205 
7796.810480  	-0.035039 
7798.242138  	-0.029699 
7799.673797  	-0.025097 
7801.105455  	-0.019043 
7802.537113  	-0.014311 
7803.968771  	-0.020522 
7805.400429  	-0.019837 
7806.832088  	-0.005695 
7808.263746  	-0.001514 
7809.695404  	-0.016195 
7811.127062  	-0.037515 
7812.558720  	-0.039113 
7813.990379  	-0.023344 
7815.422037  	-0.025235 
7816.853695  	-0.045005 
7818.285353  	-0.050243 
7819.717011  	-0.041686 
7821.148669  	-0.030498 
7822.580328  	-0.027119 
7824.011986  	-0.031826 
7825.443644  	-0.029279 
7826.875302  	-0.015077 
7828.306960  	-0.001071 
7829.738619  	-0.006440 
7831.170277  	-0.031425 
7832.601935  	-0.049038 
7834.033593  	-0.048105 
7835.465251  	-0.036829 
7836.896910  	-0.024919 
7838.328568  	-0.032091 
7839.760226  	-0.046625 
7841.191884  	-0.039107 
7842.623542  	-0.031307 
7844.055200  	-0.028824 
7845.486859  	-0.009556 
7846.918517  	-0.009745 
7848.350175  	-0.034630 
7849.781833  	-0.035590 
7851.213491  	-0.029988 
7852.645150  	-0.041403 
7854.076808  	-0.038821 
7855.508466  	-0.028361 
7856.940124  	-0.038336 
7858.371782  	-0.040544 
7859.803440  	-0.030006 
7861.235099  	-0.040016 
7862.666757  	-0.054606 
7864.098415  	-0.047587 
7865.530073  	-0.029673 
7866.961731  	-0.004149 
7868.393390  	0.008811 
7869.825048  	-0.008614 
7871.256706  	-0.027080 
7872.688364  	-0.030000 
7874.120022  	-0.030172 
7875.551681  	-0.025093 
7876.983339  	-0.016363 
7878.414997  	-0.021908 
7879.846655  	-0.035046 
7881.278313  	-0.032840 
7882.709971  	-0.024675 
7884.141630  	-0.020327 
7885.573288  	-0.018888 
7887.004946  	-0.028258 
7888.436604  	-0.038834 
7889.868262  	-0.031720 
7891.299921  	-0.020844 
7892.731579  	-0.019798 
7894.163237  	-0.024453 
7895.594895  	-0.039346 
7897.026553  	-0.042289 
7898.458212  	-0.014873 
7899.889870  	0.000438 