##TITLE=No Description
##DATA TYPE=INFRARED SPECTRUM
##XUNITS=1/CM
##YUNITS=Abs
349.324597  	-0.371299 
350.756256  	-0.626021 
352.187914  	-0.250743 
353.619572  	0.073263 
355.051230  	0.205605 
356.482888  	0.304711 
357.914546  	0.413122 
359.346205  	0.233175 
360.777863  	0.208092 
362.209521  	0.164492 
363.641179  	0.202583 
365.072837  	0.328606 
366.504496  	0.299594 
367.936154  	0.285035 
369.367812  	0.457352 
370.799470  	0.417420 
372.231128  	0.228880 
373.662787  	0.106384 
375.094445  	0.179246 
376.526103  	0.299618 
377.957761  	0.313683 
379.389419  	0.329294 
380.821077  	0.317645 
382.252736  	0.259833 
383.684394  	0.278762 
385.116052  	0.369863 
386.547710  	0.342428 
387.979368  	0.303308 
389.411027  	0.311713 
390.842685  	0.329718 
392.274343  	0.327968 
393.706001  	0.291233 
395.137659  	0.244407 
396.569317  	0.226256 
398.000976  	0.249563 
399.432634  	0.268543 
400.864292  	0.271223 
402.295950  	0.275968 
403.727608  	0.286130 
405.159267  	0.285251 
406.590925  	0.277195 
408.022583  	0.288048 
409.454241  	0.320288 
410.885899  	0.342857 
412.317558  	0.334616 
413.749216  	0.323483 
415.180874  	0.329104 
416.612532  	0.337683 
418.044190  	0.346359 
419.475848  	0.322934 
420.907507  	0.300432 
422.339165  	0.314405 
423.770823  	0.322857 
425.202481  	0.310105 
426.634139  	0.324842 
428.065798  	0.336496 
429.497456  	0.324286 
430.929114  	0.331423 
432.360772  	0.333465 
433.792430  	0.298822 
435.224089  	0.275236 
436.655747  	0.285224 
438.087405  	0.290853 
439.519063  	0.272854 
440.950721  	0.251842 
442.382379  	0.245539 
443.814038  	0.247087 
445.245696  	0.245263 
446.677354  	0.250974 
448.109012  	0.266464 
449.540670  	0.263592 
450.972329  	0.243458 
452.403987  	0.237171 
453.835645  	0.250546 
455.267303  	0.259589 
456.698961  	0.261011 
458.130619  	0.254329 
459.562278  	0.251705 
460.993936  	0.265726 
462.425594  	0.281267 
463.857252  	0.279544 
465.288910  	0.273002 
466.720569  	0.270601 
468.152227  	0.267617 
469.583885  	0.266396 
471.015543  	0.272309 
472.447201  	0.280165 
473.878860  	0.284110 
475.310518  	0.289042 
476.742176  	0.291433 
478.173834  	0.289058 
479.605492  	0.293843 
481.037150  	0.301811 
482.468809  	0.303721 
483.900467  	0.307715 
485.332125  	0.313983 
486.763783  	0.317059 
488.195441  	0.319649 
489.627100  	0.321395 
491.058758  	0.332020 
492.490416  	0.352526 
493.922074  	0.358378 
495.353732  	0.356126 
496.785391  	0.367621 
498.217049  	0.384171 
499.648707  	0.397242 
501.080365  	0.411561 
502.512023  	0.420648 
503.943681  	0.426445 
505.375340  	0.443785 
506.806998  	0.467929 
508.238656  	0.472120 
509.670314  	0.455972 
511.101972  	0.440639 
512.533631  	0.426593 
513.965289  	0.412264 
515.396947  	0.401969 
516.828605  	0.390108 
518.260263  	0.380403 
519.691921  	0.376521 
521.123580  	0.367344 
522.555238  	0.359912 
523.986896  	0.361665 
525.418554  	0.359814 
526.850212  	0.355049 
528.281871  	0.358285 
529.713529  	0.362192 
531.145187  	0.362466 
532.576845  	0.363336 
534.008503  	0.365206 
535.440162  	0.368406 
536.871820  	0.373542 
538.303478  	0.377366 
539.735136  	0.378213 
541.166794  	0.378553 
542.598452  	0.379856 
544.030111  	0.380372 
545.461769  	0.379155 
546.893427  	0.378207 
548.325085  	0.380471 
549.756743  	0.383436 
551.188402  	0.381384 
552.620060  	0.379203 
554.051718  	0.382735 
555.483376  	0.383956 
556.915034  	0.380311 
558.346692  	0.379058 
559.778351  	0.377169 
561.210009  	0.374160 
562.641667  	0.377219 
564.073325  	0.381144 
565.504983  	0.379944 
566.936642  	0.379784 
568.368300  	0.379991 
569.799958  	0.376235 
571.231616  	0.374441 
572.663274  	0.375713 
574.094933  	0.373868 
575.526591  	0.371492 
576.958249  	0.374017 
578.389907  	0.376694 
579.821565  	0.376150 
581.253223  	0.376417 
582.684882  	0.377337 
584.116540  	0.375442 
585.548198  	0.374315 
586.979856  	0.376216 
588.411514  	0.376540 
589.843173  	0.374800 
591.274831  	0.372768 
592.706489  	0.370643 
594.138147  	0.372515 
595.569805  	0.377422 
597.001464  	0.378054 
598.433122  	0.377044 
599.864780  	0.380615 
601.296438  	0.384567 
602.728096  	0.385830 
604.159754  	0.387938 
605.591413  	0.391159 
607.023071  	0.393167 
608.454729  	0.392410 
609.886387  	0.389178 
611.318045  	0.386777 
612.749704  	0.384881 
614.181362  	0.380603 
615.613020  	0.376369 
617.044678  	0.375361 
618.476336  	0.374833 
619.907994  	0.371804 
621.339653  	0.369146 
622.771311  	0.369078 
624.202969  	0.369131 
625.634627  	0.368980 
627.066285  	0.370351 
628.497944  	0.371935 
629.929602  	0.372702 
631.361260  	0.372990 
632.792918  	0.372357 
634.224576  	0.371872 
635.656235  	0.371450 
637.087893  	0.368852 
638.519551  	0.366129 
639.951209  	0.365249 
641.382867  	0.363954 
642.814525  	0.362364 
644.246184  	0.361959 
645.677842  	0.361611 
647.109500  	0.360123 
648.541158  	0.356890 
649.972816  	0.353553 
651.404475  	0.352447 
652.836133  	0.351891 
654.267791  	0.350441 
655.699449  	0.348726 
657.131107  	0.345535 
658.562766  	0.341388 
659.994424  	0.339180 
661.426082  	0.338453 
662.857740  	0.336402 
664.289398  	0.332880 
665.721056  	0.330532 
667.152715  	0.329744 
668.584373  	0.325270 
670.016031  	0.318792 
671.447689  	0.315213 
672.879347  	0.312659 
674.311006  	0.310388 
675.742664  	0.308059 
677.174322  	0.305250 
678.605980  	0.302027 
680.037638  	0.298510 
681.469296  	0.294609 
682.900955  	0.290737 
684.332613  	0.287121 
685.764271  	0.283189 
687.195929  	0.278859 
688.627587  	0.275305 
690.059246  	0.272293 
691.490904  	0.268058 
692.922562  	0.263313 
694.354220  	0.259578 
695.785878  	0.256325 
697.217537  	0.253138 
698.649195  	0.250415 
700.080853  	0.248139 
701.512511  	0.245481 
702.944169  	0.242177 
704.375827  	0.239633 
705.807486  	0.237786 
707.239144  	0.234632 
708.670802  	0.230545 
710.102460  	0.226906 
711.534118  	0.223544 
712.965777  	0.220686 
714.397435  	0.217756 
715.829093  	0.213403 
717.260751  	0.209190 
718.692409  	0.206327 
720.124067  	0.203153 
721.555726  	0.200184 
722.987384  	0.198325 
724.419042  	0.195423 
725.850700  	0.191826 
727.282358  	0.189211 
728.714017  	0.185825 
730.145675  	0.181785 
731.577333  	0.178996 
733.008991  	0.176326 
734.440649  	0.173416 
735.872308  	0.171237 
737.303966  	0.169469 
738.735624  	0.168219 
740.167282  	0.167306 
741.598940  	0.166707 
743.030598  	0.167336 
744.462257  	0.168242 
745.893915  	0.168615 
747.325573  	0.168906 
748.757231  	0.168331 
750.188889  	0.167115 
751.620548  	0.166298 
753.052206  	0.165307 
754.483864  	0.164140 
755.915522  	0.163200 
757.347180  	0.162418 
758.778839  	0.162877 
760.210497  	0.165700 
761.642155  	0.171076 
763.073813  	0.178868 
764.505471  	0.188432 
765.937129  	0.198272 
767.368788  	0.206141 
768.800446  	0.210598 
770.232104  	0.210612 
771.663762  	0.204425 
773.095420  	0.192502 
774.527079  	0.178720 
775.958737  	0.165532 
777.390395  	0.153459 
778.822053  	0.143336 
780.253711  	0.134860 
781.685369  	0.127095 
783.117028  	0.119014 
784.548686  	0.109997 
785.980344  	0.101512 
787.412002  	0.094641 
788.843660  	0.088823 
790.275319  	0.084199 
791.706977  	0.081309 
793.138635  	0.080024 
794.570293  	0.079770 
796.001951  	0.080306 
797.433610  	0.082186 
798.865268  	0.086040 
800.296926  	0.091565 
801.728584  	0.097595 
803.160242  	0.103913 
804.591900  	0.111182 
806.023559  	0.119269 
807.455217  	0.127938 
808.886875  	0.137042 
810.318533  	0.145868 
811.750191  	0.153846 
813.181850  	0.160793 
814.613508  	0.165938 
816.045166  	0.167351 
817.476824  	0.163860 
818.908482  	0.155817 
820.340141  	0.144448 
821.771799  	0.132305 
823.203457  	0.121608 
824.635115  	0.113080 
826.066773  	0.106557 
827.498431  	0.101446 
828.930090  	0.097284 
830.361748  	0.093981 
831.793406  	0.091456 
833.225064  	0.089716 
834.656722  	0.088593 
836.088381  	0.087424 
837.520039  	0.086597 
838.951697  	0.087161 
840.383355  	0.088472 
841.815013  	0.089845 
843.246671  	0.092085 
844.678330  	0.095258 
846.109988  	0.098306 
847.541646  	0.100474 
848.973304  	0.101269 
850.404962  	0.100051 
851.836621  	0.097037 
853.268279  	0.093356 
854.699937  	0.089516 
856.131595  	0.085999 
857.563253  	0.083733 
858.994912  	0.082349 
860.426570  	0.080835 
861.858228  	0.078956 
863.289886  	0.075997 
864.721544  	0.071494 
866.153202  	0.066281 
867.584861  	0.060525 
869.016519  	0.053943 
870.448177  	0.047422 
871.879835  	0.041705 
873.311493  	0.036989 
874.743152  	0.033735 
876.174810  	0.031875 
877.606468  	0.030661 
879.038126  	0.029636 
880.469784  	0.029151 
881.901443  	0.029348 
883.333101  	0.029616 
884.764759  	0.029623 
886.196417  	0.029581 
887.628075  	0.030026 
889.059733  	0.030905 
890.491392  	0.031470 
891.923050  	0.032064 
893.354708  	0.033002 
894.786366  	0.033826 
896.218024  	0.034989 
897.649683  	0.036271 
899.081341  	0.037002 
900.512999  	0.038050 
901.944657  	0.039625 
903.376315  	0.041221 
904.807973  	0.043067 
906.239632  	0.045385 
907.671290  	0.048696 
909.102948  	0.052989 
910.534606  	0.057532 
911.966264  	0.062271 
913.397923  	0.066493 
914.829581  	0.068862 
916.261239  	0.068707 
917.692897  	0.066157 
919.124555  	0.062560 
920.556214  	0.059260 
921.987872  	0.056809 
923.419530  	0.055555 
924.851188  	0.055104 
926.282846  	0.055205 
927.714504  	0.056206 
929.146163  	0.057788 
930.577821  	0.059819 
932.009479  	0.062047 
933.441137  	0.063897 
934.872795  	0.066007 
936.304454  	0.068627 
937.736112  	0.071409 
939.167770  	0.074516 
940.599428  	0.077379 
942.031086  	0.079795 
943.462744  	0.082190 
944.894403  	0.084412 
946.326061  	0.086923 
947.757719  	0.089866 
949.189377  	0.092606 
950.621035  	0.095374 
952.052694  	0.098204 
953.484352  	0.100841 
954.916010  	0.103531 
956.347668  	0.106224 
957.779326  	0.108615 
959.210985  	0.110149 
960.642643  	0.110698 
962.074301  	0.110783 
963.505959  	0.110284 
964.937617  	0.109200 
966.369275  	0.108016 
967.800934  	0.106889 
969.232592  	0.106237 
970.664250  	0.106251 
972.095908  	0.106730 
973.527566  	0.108000 
974.959225  	0.109980 
976.390883  	0.112238 
977.822541  	0.114618 
979.254199  	0.116651 
980.685857  	0.118064 
982.117516  	0.118661 
983.549174  	0.118177 
984.980832  	0.116827 
986.412490  	0.115027 
987.844148  	0.113402 
989.275806  	0.112181 
990.707465  	0.111347 
992.139123  	0.111486 
993.570781  	0.112246 
995.002439  	0.113129 
996.434097  	0.115125 
997.865756  	0.117958 
999.297414  	0.120716 
1000.729072  	0.123870 
1002.160730  	0.127297 
1003.592388  	0.131036 
1005.024046  	0.135587 
1006.455705  	0.140478 
1007.887363  	0.145920 
1009.319021  	0.152455 
1010.750679  	0.160015 
1012.182337  	0.169236 
1013.613996  	0.181888 
1015.045654  	0.199135 
1016.477312  	0.215933 
1017.908970  	0.222264 
1019.340628  	0.214060 
1020.772287  	0.195928 
1022.203945  	0.176804 
1023.635603  	0.163522 
1025.067261  	0.157983 
1026.498919  	0.159124 
1027.930577  	0.164697 
1029.362236  	0.172293 
1030.793894  	0.180781 
1032.225552  	0.189279 
1033.657210  	0.197514 
1035.088868  	0.205813 
1036.520527  	0.213417 
1037.952185  	0.220652 
1039.383843  	0.227940 
1040.815501  	0.235226 
1042.247159  	0.244042 
1043.678818  	0.254232 
1045.110476  	0.265264 
1046.542134  	0.277714 
1047.973792  	0.290305 
1049.405450  	0.303848 
1050.837108  	0.319021 
1052.268767  	0.334054 
1053.700425  	0.349954 
1055.132083  	0.365279 
1056.563741  	0.378418 
1057.995399  	0.391122 
1059.427058  	0.400996 
1060.858716  	0.407982 
1062.290374  	0.412745 
1063.722032  	0.413219 
1065.153690  	0.412654 
1066.585348  	0.411167 
1068.017007  	0.407722 
1069.448665  	0.405266 
1070.880323  	0.402647 
1072.311981  	0.400409 
1073.743639  	0.398301 
1075.175298  	0.393040 
1076.606956  	0.387276 
1078.038614  	0.379894 
1079.470272  	0.368253 
1080.901930  	0.355049 
1082.333589  	0.338483 
1083.765247  	0.318371 
1085.196905  	0.297808 
1086.628563  	0.278737 
1088.060221  	0.265704 
1089.491879  	0.259500 
1090.923538  	0.256813 
1092.355196  	0.257436 
1093.786854  	0.260357 
1095.218512  	0.263734 
1096.650170  	0.267470 
1098.081829  	0.270483 
1099.513487  	0.273604 
1100.945145  	0.277006 
1102.376803  	0.279238 
1103.808461  	0.281353 
1105.240120  	0.281592 
1106.671778  	0.278596 
1108.103436  	0.274193 
1109.535094  	0.267850 
1110.966752  	0.260597 
1112.398410  	0.252120 
1113.830069  	0.240201 
1115.261727  	0.227334 
1116.693385  	0.214489 
1118.125043  	0.201306 
1119.556701  	0.189522 
1120.988360  	0.178251 
1122.420018  	0.166803 
1123.851676  	0.155708 
1125.283334  	0.143693 
1126.714992  	0.131342 
1128.146650  	0.120149 
1129.578309  	0.109577 
1131.009967  	0.099842 
1132.441625  	0.091511 
1133.873283  	0.083990 
1135.304941  	0.077542 
1136.736600  	0.072293 
1138.168258  	0.067635 
1139.599916  	0.064019 
1141.031574  	0.061220 
1142.463232  	0.058615 
1143.894891  	0.056670 
1145.326549  	0.055187 
1146.758207  	0.053970 
1148.189865  	0.052932 
1149.621523  	0.051687 
1151.053181  	0.051090 
1152.484840  	0.051194 
1153.916498  	0.051249 
1155.348156  	0.051842 
1156.779814  	0.052899 
1158.211472  	0.054192 
1159.643131  	0.056096 
1161.074789  	0.058183 
1162.506447  	0.060425 
1163.938105  	0.062952 
1165.369763  	0.065893 
1166.801421  	0.069774 
1168.233080  	0.074077 
1169.664738  	0.078775 
1171.096396  	0.084476 
1172.528054  	0.091047 
1173.959712  	0.098841 
1175.391371  	0.107825 
1176.823029  	0.118352 
1178.254687  	0.131037 
1179.686345  	0.143779 
1181.118003  	0.154564 
1182.549662  	0.162796 
1183.981320  	0.169519 
1185.412978  	0.177528 
1186.844636  	0.187324 
1188.276294  	0.199205 
1189.707952  	0.213728 
1191.139611  	0.229120 
1192.571269  	0.245879 
1194.002927  	0.264461 
1195.434585  	0.283861 
1196.866243  	0.305615 
1198.297902  	0.329001 
1199.729560  	0.353045 
1201.161218  	0.376474 
1202.592876  	0.394299 
1204.024534  	0.406097 
1205.456193  	0.411278 
1206.887851  	0.410609 
1208.319509  	0.410284 
1209.751167  	0.412244 
1211.182825  	0.419831 
1212.614483  	0.434493 
1214.046142  	0.450542 
1215.477800  	0.467412 
1216.909458  	0.481314 
1218.341116  	0.486909 
1219.772774  	0.488115 
1221.204433  	0.482798 
1222.636091  	0.472360 
1224.067749  	0.461525 
1225.499407  	0.447123 
1226.931065  	0.432293 
1228.362723  	0.418176 
1229.794382  	0.401747 
1231.226040  	0.385901 
1232.657698  	0.369336 
1234.089356  	0.351138 
1235.521014  	0.333273 
1236.952673  	0.313745 
1238.384331  	0.293605 
1239.815989  	0.274077 
1241.247647  	0.254619 
1242.679305  	0.237020 
1244.110964  	0.221250 
1245.542622  	0.208201 
1246.974280  	0.200378 
1248.405938  	0.196763 
1249.837596  	0.195725 
1251.269254  	0.195090 
1252.700913  	0.190711 
1254.132571  	0.181931 
1255.564229  	0.169240 
1256.995887  	0.153169 
1258.427545  	0.136724 
1259.859204  	0.121166 
1261.290862  	0.106584 
1262.722520  	0.094149 
1264.154178  	0.084074 
1265.585836  	0.076169 
1267.017495  	0.070867 
1268.449153  	0.067611 
1269.880811  	0.065906 
1271.312469  	0.065774 
1272.744127  	0.066134 
1274.175785  	0.066391 
1275.607444  	0.066427 
1277.039102  	0.065861 
1278.470760  	0.064860 
1279.902418  	0.063391 
1281.334076  	0.061811 
1282.765735  	0.060601 
1284.197393  	0.059542 
1285.629051  	0.059445 
1287.060709  	0.060694 
1288.492367  	0.062875 
1289.924025  	0.066890 
1291.355684  	0.072715 
1292.787342  	0.080001 
1294.219000  	0.089194 
1295.650658  	0.100133 
1297.082316  	0.113439 
1298.513975  	0.129093 
1299.945633  	0.147001 
1301.377291  	0.167318 
1302.808949  	0.187993 
1304.240607  	0.208630 
1305.672266  	0.226890 
1307.103924  	0.239311 
1308.535582  	0.246206 
1309.967240  	0.245478 
1311.398898  	0.238439 
1312.830556  	0.228254 
1314.262215  	0.216494 
1315.693873  	0.206509 
1317.125531  	0.196654 
1318.557189  	0.182977 
1319.988847  	0.164770 
1321.420506  	0.143266 
1322.852164  	0.121902 
1324.283822  	0.103042 
1325.715480  	0.087530 
1327.147138  	0.075004 
1328.578796  	0.065182 
1330.010455  	0.057954 
1331.442113  	0.052401 
1332.873771  	0.048924 
1334.305429  	0.047043 
1335.737087  	0.045809 
1337.168746  	0.045570 
1338.600404  	0.045614 
1340.032062  	0.045922 
1341.463720  	0.046332 
1342.895378  	0.045958 
1344.327037  	0.045821 
1345.758695  	0.046030 
1347.190353  	0.046387 
1348.622011  	0.047755 
1350.053669  	0.049581 
1351.485327  	0.051925 
1352.916986  	0.054921 
1354.348644  	0.057712 
1355.780302  	0.060716 
1357.211960  	0.063404 
1358.643618  	0.065408 
1360.075277  	0.067297 
1361.506935  	0.068634 
1362.938593  	0.070221 
1364.370251  	0.072037 
1365.801909  	0.072805 
1367.233568  	0.073324 
1368.665226  	0.073372 
1370.096884  	0.072514 
1371.528542  	0.071320 
1372.960200  	0.069622 
1374.391858  	0.067628 
1375.823517  	0.065508 
1377.255175  	0.062878 
1378.686833  	0.060187 
1380.118491  	0.057719 
1381.550149  	0.055319 
1382.981808  	0.053638 
1384.413466  	0.052681 
1385.845124  	0.052009 
1387.276782  	0.052516 
1388.708440  	0.053503 
1390.140098  	0.054055 
1391.571757  	0.054330 
1393.003415  	0.054180 
1394.435073  	0.055315 
1395.866731  	0.058293 
1397.298389  	0.060995 
1398.730048  	0.065012 
1400.161706  	0.071360 
1401.593364  	0.078598 
1403.025022  	0.087694 
1404.456680  	0.101440 
1405.888339  	0.122981 
1407.319997  	0.149801 
1408.751655  	0.180413 
1410.183313  	0.216317 
1411.614971  	0.245788 
1413.046629  	0.256247 
1414.478288  	0.247457 
1415.909946  	0.216750 
1417.341604  	0.179748 
1418.773262  	0.140408 
1420.204920  	0.094893 
1421.636579  	0.071640 
1423.068237  	0.058668 
1424.499895  	0.048506 
1425.931553  	0.047738 
1427.363211  	0.049478 
1428.794870  	0.053790 
1430.226528  	0.061979 
1431.658186  	0.068136 
1433.089844  	0.073147 
1434.521502  	0.075636 
1435.953160  	0.074955 
1437.384819  	0.072837 
1438.816477  	0.069626 
1440.248135  	0.067023 
1441.679793  	0.066681 
1443.111451  	0.068374 
1444.543110  	0.072156 
1445.974768  	0.075474 
1447.406426  	0.076245 
1448.838084  	0.076634 
1450.269742  	0.076088 
1451.701400  	0.075783 
1453.133059  	0.077388 
1454.564717  	0.077871 
1455.996375  	0.077751 
1457.428033  	0.077476 
1458.859691  	0.074904 
1460.291350  	0.074575 
1461.723008  	0.075634 
1463.154666  	0.077256 
1464.586324  	0.081323 
1466.017982  	0.085532 
1467.449641  	0.088769 
1468.881299  	0.092416 
1470.312957  	0.094803 
1471.744615  	0.098257 
1473.176273  	0.104047 
1474.607931  	0.108120 
1476.039590  	0.113229 
1477.471248  	0.116548 
1478.902906  	0.115662 
1480.334564  	0.111584 
1481.766222  	0.104361 
1483.197881  	0.099452 
1484.629539  	0.095139 
1486.061197  	0.091147 
1487.492855  	0.090157 
1488.924513  	0.088035 
1490.356172  	0.088772 
1491.787830  	0.093135 
1493.219488  	0.095805 
1494.651146  	0.101786 
1496.082804  	0.110045 
1497.514462  	0.119125 
1498.946121  	0.132879 
1500.377779  	0.144948 
1501.809437  	0.159161 
1503.241095  	0.176542 
1504.672753  	0.189316 
1506.104412  	0.208349 
1507.536070  	0.246259 
1508.967728  	0.269847 
1510.399386  	0.296868 
1511.831044  	0.321046 
1513.262702  	0.339512 
1514.694361  	0.356304 
1516.126019  	0.360958 
1517.557677  	0.370767 
1518.989335  	0.383116 
1520.420993  	0.383791 
1521.852652  	0.404443 
1523.284310  	0.415084 
1524.715968  	0.413530 
1526.147626  	0.421332 
1527.579284  	0.414650 
1529.010943  	0.409468 
1530.442601  	0.403779 
1531.874259  	0.387098 
1533.305917  	0.376279 
1534.737575  	0.355770 
1536.169233  	0.335484 
1537.600892  	0.322785 
1539.032550  	0.296032 
1540.464208  	0.267668 
1541.895866  	0.245955 
1543.327524  	0.218248 
1544.759183  	0.197907 
1546.190841  	0.172181 
1547.622499  	0.150382 
1549.054157  	0.133542 
1550.485815  	0.109881 
1551.917473  	0.092631 
1553.349132  	0.079744 
1554.780790  	0.062718 
1556.212448  	0.052088 
1557.644106  	0.044892 
1559.075764  	0.034404 
1560.507423  	0.027103 
1561.939081  	0.021999 
1563.370739  	0.018301 
1564.802397  	0.015577 
1566.234055  	0.012876 
1567.665714  	0.011206 
1569.097372  	0.010193 
1570.529030  	0.009549 
1571.960688  	0.009227 
1573.392346  	0.009077 
1574.824004  	0.009304 
1576.255663  	0.011262 
1577.687321  	0.014603 
1579.118979  	0.016741 
1580.550637  	0.020301 
1581.982295  	0.026261 
1583.413954  	0.033593 
1584.845612  	0.044426 
1586.277270  	0.058085 
1587.708928  	0.074482 
1589.140586  	0.095773 
1590.572245  	0.117428 
1592.003903  	0.140090 
1593.435561  	0.160500 
1594.867219  	0.172444 
1596.298877  	0.180610 
1597.730535  	0.179224 
1599.162194  	0.171173 
1600.593852  	0.161564 
1602.025510  	0.146598 
1603.457168  	0.133020 
1604.888826  	0.121433 
1606.320485  	0.110531 
1607.752143  	0.104225 
1609.183801  	0.099570 
1610.615459  	0.096955 
1612.047117  	0.096034 
1613.478775  	0.091437 
1614.910434  	0.086451 
1616.342092  	0.078170 
1617.773750  	0.063541 
1619.205408  	0.053761 
1620.637066  	0.043229 
1622.068725  	0.033490 
1623.500383  	0.028006 
1624.932041  	0.021970 
1626.363699  	0.018665 
1627.795357  	0.017379 
1629.227016  	0.014993 
1630.658674  	0.014693 
1632.090332  	0.013816 
1633.521990  	0.012111 
1634.953648  	0.013318 
1636.385306  	0.013299 
1637.816965  	0.012849 
1639.248623  	0.013546 
1640.680281  	0.012623 
1642.111939  	0.013433 
1643.543597  	0.014159 
1644.975256  	0.013292 
1646.406914  	0.015677 
1647.838572  	0.017270 
1649.270230  	0.017645 
1650.701888  	0.019297 
1652.133547  	0.018256 
1653.565205  	0.022194 
1654.996863  	0.026849 
1656.428521  	0.026195 
1657.860179  	0.029198 
1659.291837  	0.031572 
1660.723496  	0.033071 
1662.155154  	0.037758 
1663.586812  	0.040422 
1665.018470  	0.044166 
1666.450128  	0.049026 
1667.881787  	0.051168 
1669.313445  	0.057506 
1670.745103  	0.064213 
1672.176761  	0.068467 
1673.608419  	0.076568 
1675.040077  	0.083221 
1676.471736  	0.094834 
1677.903394  	0.107054 
1679.335052  	0.114608 
1680.766710  	0.130037 
1682.198368  	0.143974 
1683.630027  	0.151183 
1685.061685  	0.183410 
1686.493343  	0.200667 
1687.925001  	0.214210 
1689.356659  	0.240289 
1690.788318  	0.261126 
1692.219976  	0.284554 
1693.651634  	0.308950 
1695.083292  	0.322017 
1696.514950  	0.351136 
1697.946608  	0.368589 
1699.378267  	0.363646 
1700.809925  	0.362064 
1702.241583  	0.350271 
1703.673241  	0.331972 
1705.104899  	0.312731 
1706.536558  	0.288821 
1707.968216  	0.267400 
1709.399874  	0.250394 
1710.831532  	0.233063 
1712.263190  	0.217265 
1713.694849  	0.205471 
1715.126507  	0.192446 
1716.558165  	0.181197 
1717.989823  	0.174156 
1719.421481  	0.165717 
1720.853139  	0.162140 
1722.284798  	0.161449 
1723.716456  	0.161332 
1725.148114  	0.163551 
1726.579772  	0.164813 
1728.011430  	0.163734 
1729.443089  	0.160728 
1730.874747  	0.152607 
1732.306405  	0.143523 
1733.738063  	0.131744 
1735.169721  	0.108592 
1736.601379  	0.095384 
1738.033038  	0.082755 
1739.464696  	0.065312 
1740.896354  	0.051918 
1742.328012  	0.039347 
1743.759670  	0.027885 
1745.191329  	0.020408 
1746.622987  	0.011908 
1748.054645  	0.006841 
1749.486303  	0.002950 
1750.917961  	-0.002470 
1752.349620  	-0.002935 
1753.781278  	-0.005627 
1755.212936  	-0.008298 
1756.644594  	-0.007966 
1758.076252  	-0.010236 
1759.507910  	-0.010824 
1760.939569  	-0.010500 
1762.371227  	-0.012436 
1763.802885  	-0.011447 
1765.234543  	-0.012066 
1766.666201  	-0.013598 
1768.097860  	-0.012317 
1769.529518  	-0.013484 
1770.961176  	-0.013858 
1772.392834  	-0.012051 
1773.824492  	-0.013537 
1775.256150  	-0.012940 
1776.687809  	-0.012891 
1778.119467  	-0.014295 
1779.551125  	-0.013568 
1780.982783  	-0.014094 
1782.414441  	-0.014457 
1783.846100  	-0.013729 
1785.277758  	-0.014700 
1786.709416  	-0.013965 
1788.141074  	-0.013676 
1789.572732  	-0.015065 
1791.004391  	-0.014526 
1792.436049  	-0.014849 
1793.867707  	-0.015083 
1795.299365  	-0.014224 
1796.731023  	-0.015401 
1798.162681  	-0.015261 
1799.594340  	-0.014904 
1801.025998  	-0.016194 
1802.457656  	-0.015518 
1803.889314  	-0.015968 
1805.320972  	-0.016601 
1806.752631  	-0.015647 
1808.184289  	-0.016522 
1809.615947  	-0.016712 
1811.047605  	-0.016245 
1812.479263  	-0.017176 
1813.910922  	-0.016486 
1815.342580  	-0.016948 
1816.774238  	-0.017916 
1818.205896  	-0.016870 
1819.637554  	-0.017819 
1821.069212  	-0.017949 
1822.500871  	-0.017147 
1823.932529  	-0.018699 
1825.364187  	-0.018026 
1826.795845  	-0.017842 
1828.227503  	-0.019676 
1829.659162  	-0.018734 
1831.090820  	-0.018706 
1832.522478  	-0.019179 
1833.954136  	-0.018669 
1835.385794  	-0.019972 
1836.817452  	-0.019881 
1838.249111  	-0.019735 
1839.680769  	-0.020891 
1841.112427  	-0.019963 
1842.544085  	-0.020438 
1843.975743  	-0.021086 
1845.407402  	-0.019358 
1846.839060  	-0.020569 
1848.270718  	-0.020541 
1849.702376  	-0.020054 
1851.134034  	-0.021447 
1852.565693  	-0.020449 
1853.997351  	-0.020498 
1855.429009  	-0.021576 
1856.860667  	-0.020250 
1858.292325  	-0.020954 
1859.723983  	-0.021272 
1861.155642  	-0.020150 
1862.587300  	-0.021300 
1864.018958  	-0.021028 
1865.450616  	-0.020698 
1866.882274  	-0.021370 
1868.313933  	-0.019828 
1869.745591  	-0.020285 
1871.177249  	-0.020626 
1872.608907  	-0.019619 
1874.040565  	-0.020747 
1875.472224  	-0.020225 
1876.903882  	-0.019351 
1878.335540  	-0.019999 
1879.767198  	-0.019081 
1881.198856  	-0.019726 
1882.630514  	-0.019954 
1884.062173  	-0.018277 
1885.493831  	-0.019515 
1886.925489  	-0.019637 
1888.357147  	-0.018614 
1889.788805  	-0.019528 
1891.220464  	-0.018452 
1892.652122  	-0.018432 
1894.083780  	-0.018807 
1895.515438  	-0.017012 
1896.947096  	-0.017907 
1898.378754  	-0.018104 
1899.810413  	-0.016726 
1901.242071  	-0.017367 
1902.673729  	-0.016475 
1904.105387  	-0.016230 
1905.537045  	-0.017285 
1906.968704  	-0.016489 
1908.400362  	-0.017417 
1909.832020  	-0.017625 
1911.263678  	-0.016712 
1912.695336  	-0.018225 
1914.126995  	-0.017490 
1915.558653  	-0.017245 
1916.990311  	-0.019358 
1918.421969  	-0.018768 
1919.853627  	-0.019391 
1921.285285  	-0.019855 
1922.716944  	-0.018464 
1924.148602  	-0.019691 
1925.580260  	-0.019364 
1927.011918  	-0.019314 
1928.443576  	-0.021364 
1929.875235  	-0.019873 
1931.306893  	-0.019623 
1932.738551  	-0.020374 
1934.170209  	-0.019130 
1935.601867  	-0.020913 
1937.033525  	-0.020684 
1938.465184  	-0.019284 
1939.896842  	-0.021648 
1941.328500  	-0.020975 
1942.760158  	-0.020028 
1944.191816  	-0.019987 
1945.623475  	-0.017423 
1947.055133  	-0.019132 
1948.486791  	-0.020397 
1949.918449  	-0.018967 
1951.350107  	-0.020541 
1952.781766  	-0.019611 
1954.213424  	-0.019306 
1955.645082  	-0.021414 
1957.076740  	-0.020436 
1958.508398  	-0.021496 
1959.940056  	-0.020144 
1961.371715  	-0.016856 
1962.803373  	-0.019139 
1964.235031  	-0.017165 
1965.666689  	-0.015640 
1967.098347  	-0.018676 
1968.530006  	-0.015994 
1969.961664  	-0.016126 
1971.393322  	-0.016880 
1972.824980  	-0.014057 
1974.256638  	-0.016121 
1975.688297  	-0.014882 
1977.119955  	-0.014162 
1978.551613  	-0.018093 
1979.983271  	-0.015751 
1981.414929  	-0.017196 
1982.846587  	-0.019873 
1984.278246  	-0.017466 
1985.709904  	-0.018922 
1987.141562  	-0.018390 
1988.573220  	-0.018362 
1990.004878  	-0.023041 
1991.436537  	-0.021166 
1992.868195  	-0.020907 
1994.299853  	-0.022504 
1995.731511  	-0.017997 
1997.163169  	-0.019022 
1998.594827  	-0.020563 
2000.026486  	-0.018030 
2001.458144  	-0.019976 
2002.889802  	-0.018808 
2004.321460  	-0.017707 
2005.753118  	-0.020110 
2007.184777  	-0.016949 
2008.616435  	-0.016935 
2010.048093  	-0.018375 
2011.479751  	-0.016677 
2012.911409  	-0.018844 
2014.343068  	-0.017084 
2015.774726  	-0.016054 
2017.206384  	-0.019401 
2018.638042  	-0.015824 
2020.069700  	-0.015656 
2021.501358  	-0.017849 
2022.933017  	-0.015430 
2024.364675  	-0.017732 
2025.796333  	-0.016613 
2027.227991  	-0.014139 
2028.659649  	-0.018046 
2030.091308  	-0.015855 
2031.522966  	-0.014696 
2032.954624  	-0.017608 
2034.386282  	-0.015723 
2035.817940  	-0.017741 
2037.249599  	-0.019084 
2038.681257  	-0.017176 
2040.112915  	-0.018378 
2041.544573  	-0.016313 
2042.976231  	-0.016187 
2044.407889  	-0.018913 
2045.839548  	-0.016591 
2047.271206  	-0.016629 
2048.702864  	-0.017384 
2050.134522  	-0.016196 
2051.566180  	-0.018010 
2052.997839  	-0.017720 
2054.429497  	-0.017126 
2055.861155  	-0.018366 
2057.292813  	-0.017199 
2058.724471  	-0.018032 
2060.156129  	-0.019663 
2061.587788  	-0.019195 
2063.019446  	-0.019578 
2064.451104  	-0.017588 
2065.882762  	-0.016737 
2067.314420  	-0.018993 
2068.746079  	-0.017500 
2070.177737  	-0.016778 
2071.609395  	-0.018389 
2073.041053  	-0.018089 
2074.472711  	-0.019092 
2075.904370  	-0.019659 
2077.336028  	-0.018831 
2078.767686  	-0.018973 
2080.199344  	-0.017995 
2081.631002  	-0.017894 
2083.062660  	-0.018616 
2084.494319  	-0.018348 
2085.925977  	-0.019364 
2087.357635  	-0.018990 
2088.789293  	-0.017855 
2090.220951  	-0.018930 
2091.652610  	-0.018631 
2093.084268  	-0.018534 
2094.515926  	-0.019376 
2095.947584  	-0.018385 
2097.379242  	-0.018905 
2098.810901  	-0.019739 
2100.242559  	-0.019406 
2101.674217  	-0.019669 
2103.105875  	-0.018179 
2104.537533  	-0.018006 
2105.969191  	-0.019735 
2107.400850  	-0.018702 
2108.832508  	-0.018232 
2110.264166  	-0.018457 
2111.695824  	-0.017686 
2113.127482  	-0.018396 
2114.559141  	-0.018073 
2115.990799  	-0.017738 
2117.422457  	-0.019052 
2118.854115  	-0.018429 
2120.285773  	-0.017988 
2121.717431  	-0.018137 
2123.149090  	-0.017657 
2124.580748  	-0.018626 
2126.012406  	-0.017697 
2127.444064  	-0.016595 
2128.875722  	-0.018194 
2130.307381  	-0.017229 
2131.739039  	-0.017020 
2133.170697  	-0.018357 
2134.602355  	-0.015973 
2136.034013  	-0.016335 
2137.465672  	-0.017873 
2138.897330  	-0.016030 
2140.328988  	-0.017148 
2141.760646  	-0.018220 
2143.192304  	-0.017283 
2144.623962  	-0.016725 
2146.055621  	-0.014843 
2147.487279  	-0.015629 
2148.918937  	-0.016410 
2150.350595  	-0.014332 
2151.782253  	-0.014803 
2153.213912  	-0.014367 
2154.645570  	-0.014059 
2156.077228  	-0.014265 
2157.508886  	-0.010033 
2158.940544  	-0.011763 
2160.372202  	-0.013927 
2161.803861  	-0.009360 
2163.235519  	-0.011901 
2164.667177  	-0.014369 
2166.098835  	-0.012321 
2167.530493  	-0.012670 
2168.962152  	-0.012869 
2170.393810  	-0.015193 
2171.825468  	-0.017208 
2173.257126  	-0.015291 
2174.688784  	-0.015208 
2176.120443  	-0.013216 
2177.552101  	-0.011483 
2178.983759  	-0.014765 
2180.415417  	-0.014769 
2181.847075  	-0.013729 
2183.278733  	-0.014053 
2184.710392  	-0.013203 
2186.142050  	-0.015731 
2187.573708  	-0.015926 
2189.005366  	-0.013709 
2190.437024  	-0.015526 
2191.868683  	-0.014435 
2193.300341  	-0.013101 
2194.731999  	-0.014932 
2196.163657  	-0.013964 
2197.595315  	-0.014670 
2199.026974  	-0.016013 
2200.458632  	-0.014269 
2201.890290  	-0.014999 
2203.321948  	-0.015761 
2204.753606  	-0.015622 
2206.185264  	-0.016149 
2207.616923  	-0.014117 
2209.048581  	-0.013701 
2210.480239  	-0.014965 
2211.911897  	-0.014987 
2213.343555  	-0.016511 
2214.775214  	-0.015966 
2216.206872  	-0.014299 
2217.638530  	-0.015328 
2219.070188  	-0.015392 
2220.501846  	-0.016303 
2221.933504  	-0.017137 
2223.365163  	-0.015024 
2224.796821  	-0.015038 
2226.228479  	-0.015477 
2227.660137  	-0.015224 
2229.091795  	-0.016565 
2230.523454  	-0.015443 
2231.955112  	-0.014783 
2233.386770  	-0.016666 
2234.818428  	-0.016482 
2236.250086  	-0.016567 
2237.681745  	-0.016883 
2239.113403  	-0.016280 
2240.545061  	-0.017220 
2241.976719  	-0.017216 
2243.408377  	-0.017124 
2244.840035  	-0.017880 
2246.271694  	-0.016478 
2247.703352  	-0.015966 
2249.135010  	-0.016220 
2250.566668  	-0.015426 
2251.998326  	-0.016326 
2253.429985  	-0.016667 
2254.861643  	-0.016362 
2256.293301  	-0.017338 
2257.724959  	-0.016589 
2259.156617  	-0.015999 
2260.588276  	-0.016658 
2262.019934  	-0.016318 
2263.451592  	-0.016872 
2264.883250  	-0.017377 
2266.314908  	-0.016718 
2267.746566  	-0.016690 
2269.178225  	-0.016471 
2270.609883  	-0.016683 
2272.041541  	-0.017144 
2273.473199  	-0.016515 
2274.904857  	-0.016364 
2276.336516  	-0.015979 
2277.768174  	-0.015479 
2279.199832  	-0.016330 
2280.631490  	-0.016675 
2282.063148  	-0.016717 
2283.494806  	-0.016857 
2284.926465  	-0.016527 
2286.358123  	-0.017244 
2287.789781  	-0.017501 
2289.221439  	-0.016646 
2290.653097  	-0.016657 
2292.084756  	-0.016152 
2293.516414  	-0.015379 
2294.948072  	-0.015530 
2296.379730  	-0.015324 
2297.811388  	-0.015606 
2299.243047  	-0.016257 
2300.674705  	-0.016002 
2302.106363  	-0.015981 
2303.538021  	-0.015977 
2304.969679  	-0.015699 
2306.401337  	-0.015521 
2307.832996  	-0.014852 
2309.264654  	-0.014596 
2310.696312  	-0.014601 
2312.127970  	-0.014285 
2313.559628  	-0.014708 
2314.991287  	-0.014708 
2316.422945  	-0.014195 
2317.854603  	-0.014400 
2319.286261  	-0.014139 
2320.717919  	-0.013707 
2322.149577  	-0.013345 
2323.581236  	-0.012679 
2325.012894  	-0.012969 
2326.444552  	-0.012770 
2327.876210  	-0.011688 
2329.307868  	-0.011661 
2330.739527  	-0.011436 
2332.171185  	-0.010777 
2333.602843  	-0.010842 
2335.034501  	-0.010699 
2336.466159  	-0.010753 
2337.897818  	-0.010798 
2339.329476  	-0.010407 
2340.761134  	-0.010533 
2342.192792  	-0.010295 
2343.624450  	-0.010060 
2345.056108  	-0.010382 
2346.487767  	-0.010612 
2347.919425  	-0.011935 
2349.351083  	-0.012763 
2350.782741  	-0.011512 
2352.214399  	-0.010352 
2353.646058  	-0.010052 
2355.077716  	-0.009286 
2356.509374  	-0.008569 
2357.941032  	-0.007537 
2359.372690  	-0.007164 
2360.804349  	-0.007734 
2362.236007  	-0.007521 
2363.667665  	-0.007780 
2365.099323  	-0.008323 
2366.530981  	-0.008535 
2367.962639  	-0.009280 
2369.394298  	-0.009334 
2370.825956  	-0.009511 
2372.257614  	-0.010340 
2373.689272  	-0.010595 
2375.120930  	-0.011624 
2376.552589  	-0.012906 
2377.984247  	-0.013291 
2379.415905  	-0.013959 
2380.847563  	-0.014543 
2382.279221  	-0.015057 
2383.710879  	-0.015861 
2385.142538  	-0.016079 
2386.574196  	-0.016387 
2388.005854  	-0.016814 
2389.437512  	-0.016634 
2390.869170  	-0.016690 
2392.300829  	-0.016711 
2393.732487  	-0.016580 
2395.164145  	-0.016736 
2396.595803  	-0.016512 
2398.027461  	-0.016552 
2399.459120  	-0.016685 
2400.890778  	-0.016143 
2402.322436  	-0.016344 
2403.754094  	-0.016811 
2405.185752  	-0.016608 
2406.617410  	-0.016539 
2408.049069  	-0.016273 
2409.480727  	-0.016361 
2410.912385  	-0.016878 
2412.344043  	-0.016600 
2413.775701  	-0.016571 
2415.207360  	-0.016839 
2416.639018  	-0.016639 
2418.070676  	-0.016653 
2419.502334  	-0.016301 
2420.933992  	-0.015967 
2422.365651  	-0.016244 
2423.797309  	-0.016078 
2425.228967  	-0.016314 
2426.660625  	-0.016890 
2428.092283  	-0.016558 
2429.523941  	-0.016255 
2430.955600  	-0.015871 
2432.387258  	-0.015411 
2433.818916  	-0.015752 
2435.250574  	-0.015912 
2436.682232  	-0.015906 
2438.113891  	-0.016131 
2439.545549  	-0.015967 
2440.977207  	-0.015832 
2442.408865  	-0.015696 
2443.840523  	-0.015544 
2445.272181  	-0.015632 
2446.703840  	-0.015564 
2448.135498  	-0.015895 
2449.567156  	-0.016142 
2450.998814  	-0.015740 
2452.430472  	-0.015869 
2453.862131  	-0.015693 
2455.293789  	-0.014973 
2456.725447  	-0.015059 
2458.157105  	-0.015061 
2459.588763  	-0.014917 
2461.020422  	-0.015109 
2462.452080  	-0.015078 
2463.883738  	-0.015439 
2465.315396  	-0.015700 
2466.747054  	-0.015467 
2468.178712  	-0.015594 
2469.610371  	-0.015196 
2471.042029  	-0.014671 
2472.473687  	-0.014828 
2473.905345  	-0.014581 
2475.337003  	-0.014497 
2476.768662  	-0.014664 
2478.200320  	-0.014498 
2479.631978  	-0.014952 
2481.063636  	-0.015348 
2482.495294  	-0.015123 
2483.926953  	-0.014802 
2485.358611  	-0.014254 
2486.790269  	-0.014401 
2488.221927  	-0.014728 
2489.653585  	-0.014272 
2491.085243  	-0.014267 
2492.516902  	-0.014178 
2493.948560  	-0.013963 
2495.380218  	-0.014602 
2496.811876  	-0.014631 
2498.243534  	-0.014437 
2499.675193  	-0.014732 
2501.106851  	-0.014278 
2502.538509  	-0.014174 
2503.970167  	-0.014689 
2505.401825  	-0.014710 
2506.833483  	-0.014887 
2508.265142  	-0.014939 
2509.696800  	-0.014677 
2511.128458  	-0.014515 
2512.560116  	-0.014273 
2513.991774  	-0.014619 
2515.423433  	-0.014905 
2516.855091  	-0.014564 
2518.286749  	-0.014717 
2519.718407  	-0.014621 
2521.150065  	-0.014235 
2522.581724  	-0.014504 
2524.013382  	-0.014586 
2525.445040  	-0.014697 
2526.876698  	-0.014855 
2528.308356  	-0.014533 
2529.740014  	-0.014619 
2531.171673  	-0.014497 
2532.603331  	-0.013895 
2534.034989  	-0.013844 
2535.466647  	-0.013839 
2536.898305  	-0.013994 
2538.329964  	-0.014281 
2539.761622  	-0.014063 
2541.193280  	-0.014096 
2542.624938  	-0.014085 
2544.056596  	-0.013992 
2545.488254  	-0.014315 
2546.919913  	-0.013792 
2548.351571  	-0.013125 
2549.783229  	-0.013341 
2551.214887  	-0.013225 
2552.646545  	-0.013093 
2554.078204  	-0.013170 
2555.509862  	-0.012977 
2556.941520  	-0.013141 
2558.373178  	-0.013365 
2559.804836  	-0.013310 
2561.236495  	-0.012922 
2562.668153  	-0.012316 
2564.099811  	-0.012667 
2565.531469  	-0.013245 
2566.963127  	-0.013092 
2568.394785  	-0.012969 
2569.826444  	-0.012493 
2571.258102  	-0.012142 
2572.689760  	-0.012493 
2574.121418  	-0.012451 
2575.553076  	-0.012515 
2576.984735  	-0.012697 
2578.416393  	-0.012355 
2579.848051  	-0.012358 
2581.279709  	-0.012215 
2582.711367  	-0.011928 
2584.143026  	-0.012129 
2585.574684  	-0.011776 
2587.006342  	-0.011708 
2588.438000  	-0.012355 
2589.869658  	-0.012239 
2591.301316  	-0.012009 
2592.732975  	-0.011752 
2594.164633  	-0.011132 
2595.596291  	-0.011208 
2597.027949  	-0.011367 
2598.459607  	-0.011280 
2599.891266  	-0.011327 
2601.322924  	-0.010952 
2602.754582  	-0.010917 
2604.186240  	-0.011437 
2605.617898  	-0.011715 
2607.049556  	-0.011895 
2608.481215  	-0.011626 
2609.912873  	-0.011382 
2611.344531  	-0.011771 
2612.776189  	-0.011769 
2614.207847  	-0.011550 
2615.639506  	-0.011405 
2617.071164  	-0.011155 
2618.502822  	-0.011498 
2619.934480  	-0.011594 
2621.366138  	-0.011091 
2622.797797  	-0.011107 
2624.229455  	-0.011079 
2625.661113  	-0.011016 
2627.092771  	-0.011375 
2628.524429  	-0.011253 
2629.956087  	-0.011016 
2631.387746  	-0.011128 
2632.819404  	-0.011012 
2634.251062  	-0.010819 
2635.682720  	-0.010672 
2637.114378  	-0.010647 
2638.546037  	-0.010745 
2639.977695  	-0.010551 
2641.409353  	-0.010467 
2642.841011  	-0.010599 
2644.272669  	-0.010446 
2645.704328  	-0.010288 
2647.135986  	-0.010244 
2648.567644  	-0.010194 
2649.999302  	-0.010227 
2651.430960  	-0.010210 
2652.862618  	-0.010112 
2654.294277  	-0.009950 
2655.725935  	-0.009951 
2657.157593  	-0.010097 
2658.589251  	-0.009786 
2660.020909  	-0.009425 
2661.452568  	-0.009399 
2662.884226  	-0.009074 
2664.315884  	-0.008801 
2665.747542  	-0.008893 
2667.179200  	-0.008773 
2668.610858  	-0.008615 
2670.042517  	-0.008548 
2671.474175  	-0.008366 
2672.905833  	-0.008179 
2674.337491  	-0.008019 
2675.769149  	-0.008068 
2677.200808  	-0.008089 
2678.632466  	-0.007691 
2680.064124  	-0.007382 
2681.495782  	-0.007249 
2682.927440  	-0.007072 
2684.359099  	-0.007020 
2685.790757  	-0.006810 
2687.222415  	-0.006489 
2688.654073  	-0.006363 
2690.085731  	-0.006181 
2691.517389  	-0.005952 
2692.949048  	-0.005673 
2694.380706  	-0.005293 
2695.812364  	-0.005016 
2697.244022  	-0.004678 
2698.675680  	-0.004293 
2700.107339  	-0.004010 
2701.538997  	-0.003760 
2702.970655  	-0.003732 
2704.402313  	-0.003685 
2705.833971  	-0.003368 
2707.265630  	-0.003138 
2708.697288  	-0.002991 
2710.128946  	-0.002860 
2711.560604  	-0.002596 
2712.992262  	-0.002090 
2714.423920  	-0.001901 
2715.855579  	-0.001821 
2717.287237  	-0.001461 
2718.718895  	-0.001305 
2720.150553  	-0.001105 
2721.582211  	-0.000734 
2723.013870  	-0.000570 
2724.445528  	-0.000212 
2725.877186  	0.000263 
2727.308844  	0.000570 
2728.740502  	0.000931 
2730.172160  	0.001192 
2731.603819  	0.001523 
2733.035477  	0.001941 
2734.467135  	0.002103 
2735.898793  	0.002422 
2737.330451  	0.002726 
2738.762110  	0.002738 
2740.193768  	0.003038 
2741.625426  	0.003332 
2743.057084  	0.003367 
2744.488742  	0.003533 
2745.920401  	0.003603 
2747.352059  	0.003652 
2748.783717  	0.003808 
2750.215375  	0.003798 
2751.647033  	0.003842 
2753.078691  	0.003961 
2754.510350  	0.004058 
2755.942008  	0.004310 
2757.373666  	0.004501 
2758.805324  	0.004534 
2760.236982  	0.004616 
2761.668641  	0.004963 
2763.100299  	0.005475 
2764.531957  	0.005629 
2765.963615  	0.005723 
2767.395273  	0.006110 
2768.826931  	0.006278 
2770.258590  	0.006468 
2771.690248  	0.006872 
2773.121906  	0.007106 
2774.553564  	0.007538 
2775.985222  	0.008145 
2777.416881  	0.008596 
2778.848539  	0.009223 
2780.280197  	0.010046 
2781.711855  	0.010980 
2783.143513  	0.011919 
2784.575172  	0.012810 
2786.006830  	0.014090 
2787.438488  	0.015475 
2788.870146  	0.016591 
2790.301804  	0.017803 
2791.733462  	0.018993 
2793.165121  	0.020107 
2794.596779  	0.021088 
2796.028437  	0.021539 
2797.460095  	0.021864 
2798.891753  	0.022074 
2800.323412  	0.021711 
2801.755070  	0.021301 
2803.186728  	0.020886 
2804.618386  	0.020086 
2806.050044  	0.019175 
2807.481703  	0.018243 
2808.913361  	0.017461 
2810.345019  	0.017004 
2811.776677  	0.016707 
2813.208335  	0.016613 
2814.639993  	0.016620 
2816.071652  	0.016864 
2817.503310  	0.017590 
2818.934968  	0.018413 
2820.366626  	0.019430 
2821.798284  	0.020891 
2823.229943  	0.022571 
2824.661601  	0.024536 
2826.093259  	0.026764 
2827.524917  	0.029437 
2828.956575  	0.032668 
2830.388233  	0.035765 
2831.819892  	0.038994 
2833.251550  	0.042965 
2834.683208  	0.047148 
2836.114866  	0.051447 
2837.546524  	0.056010 
2838.978183  	0.060641 
2840.409841  	0.065497 
2841.841499  	0.070488 
2843.273157  	0.075397 
2844.704815  	0.080174 
2846.136474  	0.084587 
2847.568132  	0.088781 
2848.999790  	0.092895 
2850.431448  	0.096404 
2851.863106  	0.098929 
2853.294764  	0.100638 
2854.726423  	0.101818 
2856.158081  	0.102597 
2857.589739  	0.103025 
2859.021397  	0.103146 
2860.453055  	0.102703 
2861.884714  	0.101568 
2863.316372  	0.100230 
2864.748030  	0.098783 
2866.179688  	0.096836 
2867.611346  	0.094438 
2869.043005  	0.091733 
2870.474663  	0.088679 
2871.906321  	0.085185 
2873.337979  	0.081201 
2874.769637  	0.076959 
2876.201295  	0.072464 
2877.632954  	0.067794 
2879.064612  	0.063574 
2880.496270  	0.059867 
2881.927928  	0.056512 
2883.359586  	0.053841 
2884.791245  	0.052004 
2886.222903  	0.050898 
2887.654561  	0.050148 
2889.086219  	0.049648 
2890.517877  	0.049621 
2891.949535  	0.049723 
2893.381194  	0.050061 
2894.812852  	0.050968 
2896.244510  	0.051898 
2897.676168  	0.052808 
2899.107826  	0.053792 
2900.539485  	0.054528 
2901.971143  	0.055433 
2903.402801  	0.056531 
2904.834459  	0.057472 
2906.266117  	0.058754 
2907.697776  	0.060341 
2909.129434  	0.061761 
2910.561092  	0.063157 
2911.992750  	0.064603 
2913.424408  	0.066012 
2914.856066  	0.067245 
2916.287725  	0.068141 
2917.719383  	0.068811 
2919.151041  	0.069307 
2920.582699  	0.069717 
2922.014357  	0.070252 
2923.446016  	0.070879 
2924.877674  	0.071575 
2926.309332  	0.072446 
2927.740990  	0.073680 
2929.172648  	0.075236 
2930.604306  	0.076650 
2932.035965  	0.078019 
2933.467623  	0.079728 
2934.899281  	0.081486 
2936.330939  	0.083036 
2937.762597  	0.084235 
2939.194256  	0.084779 
2940.625914  	0.084869 
2942.057572  	0.084790 
2943.489230  	0.084277 
2944.920888  	0.083119 
2946.352547  	0.081454 
2947.784205  	0.079460 
2949.215863  	0.077201 
2950.647521  	0.074601 
2952.079179  	0.071611 
2953.510837  	0.068539 
2954.942496  	0.065673 
2956.374154  	0.062400 
2957.805812  	0.058546 
2959.237470  	0.055230 
2960.669128  	0.052200 
2962.100787  	0.048310 
2963.532445  	0.044225 
2964.964103  	0.040530 
2966.395761  	0.036824 
2967.827419  	0.033094 
2969.259078  	0.029315 
2970.690736  	0.025824 
2972.122394  	0.022835 
2973.554052  	0.019802 
2974.985710  	0.016866 
2976.417368  	0.014234 
2977.849027  	0.011760 
2979.280685  	0.009677 
2980.712343  	0.007698 
2982.144001  	0.005750 
2983.575659  	0.004130 
2985.007318  	0.002534 
2986.438976  	0.001160 
2987.870634  	0.000164 
2989.302292  	-0.000732 
2990.733950  	-0.001447 
2992.165608  	-0.002351 
2993.597267  	-0.003247 
2995.028925  	-0.003581 
2996.460583  	-0.004012 
2997.892241  	-0.004338 
2999.323899  	-0.004079 
3000.755558  	-0.003985 
3002.187216  	-0.004034 
3003.618874  	-0.004059 
3005.050532  	-0.004161 
3006.482190  	-0.003915 
3007.913849  	-0.003748 
3009.345507  	-0.003883 
3010.777165  	-0.003717 
3012.208823  	-0.003547 
3013.640481  	-0.003720 
3015.072139  	-0.003919 
3016.503798  	-0.003731 
3017.935456  	-0.003227 
3019.367114  	-0.003059 
3020.798772  	-0.002888 
3022.230430  	-0.002269 
3023.662089  	-0.001743 
3025.093747  	-0.001000 
3026.525405  	0.000125 
3027.957063  	0.001068 
3029.388721  	0.001989 
3030.820380  	0.002655 
3032.252038  	0.002936 
3033.683696  	0.003485 
3035.115354  	0.004120 
3036.547012  	0.004558 
3037.978670  	0.004859 
3039.410329  	0.005027 
3040.841987  	0.005263 
3042.273645  	0.005192 
3043.705303  	0.004867 
3045.136961  	0.005024 
3046.568620  	0.005230 
3048.000278  	0.005156 
3049.431936  	0.005052 
3050.863594  	0.004694 
3052.295252  	0.004314 
3053.726910  	0.004191 
3055.158569  	0.004225 
3056.590227  	0.004366 
3058.021885  	0.004264 
3059.453543  	0.004022 
3060.885201  	0.003796 
3062.316860  	0.003443 
3063.748518  	0.003303 
3065.180176  	0.002877 
3066.611834  	0.001816 
3068.043492  	0.001221 
3069.475151  	0.000956 
3070.906809  	0.000372 
3072.338467  	-0.000128 
3073.770125  	-0.000633 
3075.201783  	-0.001309 
3076.633441  	-0.002101 
3078.065100  	-0.002905 
3079.496758  	-0.003296 
3080.928416  	-0.003555 
3082.360074  	-0.003933 
3083.791732  	-0.004254 
3085.223391  	-0.004651 
3086.655049  	-0.004645 
3088.086707  	-0.004365 
3089.518365  	-0.004575 
3090.950023  	-0.004645 
3092.381682  	-0.004454 
3093.813340  	-0.004455 
3095.244998  	-0.004181 
3096.676656  	-0.003814 
3098.108314  	-0.003542 
3099.539972  	-0.003108 
3100.971631  	-0.002727 
3102.403289  	-0.002132 
3103.834947  	-0.001360 
3105.266605  	-0.000834 
3106.698263  	-0.000185 
3108.129922  	0.000567 
3109.561580  	0.001241 
3110.993238  	0.001864 
3112.424896  	0.002282 
3113.856554  	0.002842 
3115.288212  	0.003371 
3116.719871  	0.003582 
3118.151529  	0.004016 
3119.583187  	0.004308 
3121.014845  	0.004417 
3122.446503  	0.004855 
3123.878162  	0.004823 
3125.309820  	0.004450 
3126.741478  	0.004297 
3128.173136  	0.003550 
3129.604794  	0.002523 
3131.036453  	0.001973 
3132.468111  	0.001432 
3133.899769  	0.000612 
3135.331427  	-0.000212 
3136.763085  	-0.000680 
3138.194743  	-0.001290 
3139.626402  	-0.002490 
3141.058060  	-0.003288 
3142.489718  	-0.003609 
3143.921376  	-0.004085 
3145.353034  	-0.004410 
3146.784693  	-0.004687 
3148.216351  	-0.004683 
3149.648009  	-0.004273 
3151.079667  	-0.004431 
3152.511325  	-0.004770 
3153.942983  	-0.004662 
3155.374642  	-0.004546 
3156.806300  	-0.004236 
3158.237958  	-0.004053 
3159.669616  	-0.004198 
3161.101274  	-0.003796 
3162.532933  	-0.003119 
3163.964591  	-0.002601 
3165.396249  	-0.002073 
3166.827907  	-0.001902 
3168.259565  	-0.001751 
3169.691224  	-0.001091 
3171.122882  	-0.000377 
3172.554540  	0.000123 
3173.986198  	0.000627 
3175.417856  	0.001336 
3176.849514  	0.002195 
3178.281173  	0.003206 
3179.712831  	0.004360 
3181.144489  	0.005175 
3182.576147  	0.005869 
3184.007805  	0.006756 
3185.439464  	0.007183 
3186.871122  	0.007504 
3188.302780  	0.008248 
3189.734438  	0.008742 
3191.166096  	0.008993 
3192.597755  	0.009146 
3194.029413  	0.008934 
3195.461071  	0.008614 
3196.892729  	0.008161 
3198.324387  	0.007549 
3199.756045  	0.006976 
3201.187704  	0.006439 
3202.619362  	0.006161 
3204.051020  	0.005724 
3205.482678  	0.005090 
3206.914336  	0.005309 
3208.345995  	0.005870 
3209.777653  	0.005941 
3211.209311  	0.005988 
3212.640969  	0.006233 
3214.072627  	0.006931 
3215.504285  	0.007748 
3216.935944  	0.008043 
3218.367602  	0.008622 
3219.799260  	0.009495 
3221.230918  	0.009943 
3222.662576  	0.010575 
3224.094235  	0.011536 
3225.525893  	0.012279 
3226.957551  	0.012703 
3228.389209  	0.013184 
3229.820867  	0.014203 
3231.252526  	0.015079 
3232.684184  	0.015571 
3234.115842  	0.016660 
3235.547500  	0.017836 
3236.979158  	0.018486 
3238.410816  	0.019313 
3239.842475  	0.020322 
3241.274133  	0.021258 
3242.705791  	0.022120 
3244.137449  	0.022891 
3245.569107  	0.023894 
3247.000766  	0.025002 
3248.432424  	0.025915 
3249.864082  	0.026634 
3251.295740  	0.027227 
3252.727398  	0.028171 
3254.159057  	0.029295 
3255.590715  	0.030027 
3257.022373  	0.030693 
3258.454031  	0.031555 
3259.885689  	0.032748 
3261.317347  	0.034100 
3262.749006  	0.034938 
3264.180664  	0.035653 
3265.612322  	0.036599 
3267.043980  	0.037507 
3268.475638  	0.038674 
3269.907297  	0.039753 
3271.338955  	0.040676 
3272.770613  	0.042104 
3274.202271  	0.043212 
3275.633929  	0.043713 
3277.065587  	0.044544 
3278.497246  	0.045612 
3279.928904  	0.046911 
3281.360562  	0.048309 
3282.792220  	0.049216 
3284.223878  	0.050148 
3285.655537  	0.051328 
3287.087195  	0.052262 
3288.518853  	0.053014 
3289.950511  	0.053630 
3291.382169  	0.054310 
3292.813828  	0.055353 
3294.245486  	0.056441 
3295.677144  	0.057172 
3297.108802  	0.057576 
3298.540460  	0.058216 
3299.972118  	0.059126 
3301.403777  	0.059602 
3302.835435  	0.059887 
3304.267093  	0.060389 
3305.698751  	0.060764 
3307.130409  	0.061021 
3308.562068  	0.061332 
3309.993726  	0.061710 
3311.425384  	0.061956 
3312.857042  	0.062039 
3314.288700  	0.062484 
3315.720359  	0.062861 
3317.152017  	0.062654 
3318.583675  	0.062532 
3320.015333  	0.062365 
3321.446991  	0.061884 
3322.878649  	0.061363 
3324.310308  	0.060471 
3325.741966  	0.059512 
3327.173624  	0.058650 
3328.605282  	0.057418 
3330.036940  	0.056295 
3331.468599  	0.055155 
3332.900257  	0.053781 
3334.331915  	0.052616 
3335.763573  	0.050949 
3337.195231  	0.048960 
3338.626889  	0.047398 
3340.058548  	0.045522 
3341.490206  	0.043460 
3342.921864  	0.041281 
3344.353522  	0.038704 
3345.785180  	0.036750 
3347.216839  	0.034951 
3348.648497  	0.032496 
3350.080155  	0.030187 
3351.511813  	0.027937 
3352.943471  	0.025937 
3354.375130  	0.024540 
3355.806788  	0.022785 
3357.238446  	0.020762 
3358.670104  	0.018808 
3360.101762  	0.016841 
3361.533420  	0.015503 
3362.965079  	0.014362 
3364.396737  	0.012825 
3365.828395  	0.011356 
3367.260053  	0.010043 
3368.691711  	0.009064 
3370.123370  	0.008307 
3371.555028  	0.007435 
3372.986686  	0.006887 
3374.418344  	0.006419 
3375.850002  	0.005569 
3377.281660  	0.004714 
3378.713319  	0.004090 
3380.144977  	0.003694 
3381.576635  	0.003113 
3383.008293  	0.002522 
3384.439951  	0.002600 
3385.871610  	0.002441 
3387.303268  	0.001772 
3388.734926  	0.001475 
3390.166584  	0.001015 
3391.598242  	0.000392 
3393.029901  	0.000072 
3394.461559  	-0.000438 
3395.893217  	-0.000766 
3397.324875  	-0.000846 
3398.756533  	-0.001347 
3400.188191  	-0.001840 
3401.619850  	-0.002032 
3403.051508  	-0.002146 
3404.483166  	-0.002259 
3405.914824  	-0.002520 
3407.346482  	-0.002916 
3408.778141  	-0.003483 
3410.209799  	-0.003856 
3411.641457  	-0.003773 
3413.073115  	-0.003781 
3414.504773  	-0.003767 
3415.936432  	-0.003974 
3417.368090  	-0.004873 
3418.799748  	-0.005213 
3420.231406  	-0.004998 
3421.663064  	-0.005360 
3423.094722  	-0.005658 
3424.526381  	-0.005784 
3425.958039  	-0.006005 
3427.389697  	-0.005944 
3428.821355  	-0.005994 
3430.253013  	-0.005975 
3431.684672  	-0.005757 
3433.116330  	-0.006120 
3434.547988  	-0.006594 
3435.979646  	-0.006586 
3437.411304  	-0.006425 
3438.842962  	-0.006446 
3440.274621  	-0.006841 
3441.706279  	-0.007080 
3443.137937  	-0.007036 
3444.569595  	-0.007210 
3446.001253  	-0.007290 
3447.432912  	-0.007394 
3448.864570  	-0.007731 
3450.296228  	-0.007989 
3451.727886  	-0.008403 
3453.159544  	-0.008587 
3454.591203  	-0.008470 
3456.022861  	-0.008574 
3457.454519  	-0.008446 
3458.886177  	-0.008661 
3460.317835  	-0.009411 
3461.749493  	-0.009179 
3463.181152  	-0.008620 
3464.612810  	-0.008764 
3466.044468  	-0.008937 
3467.476126  	-0.009153 
3468.907784  	-0.009120 
3470.339443  	-0.008811 
3471.771101  	-0.008859 
3473.202759  	-0.008758 
3474.634417  	-0.008630 
3476.066075  	-0.008661 
3477.497734  	-0.008376 
3478.929392  	-0.008634 
3480.361050  	-0.009118 
3481.792708  	-0.008643 
3483.224366  	-0.008286 
3484.656024  	-0.008664 
3486.087683  	-0.009145 
3487.519341  	-0.009430 
3488.950999  	-0.009312 
3490.382657  	-0.009311 
3491.814315  	-0.009386 
3493.245974  	-0.009006 
3494.677632  	-0.008613 
3496.109290  	-0.008290 
3497.540948  	-0.008137 
3498.972606  	-0.008458 
3500.404264  	-0.008706 
3501.835923  	-0.008843 
3503.267581  	-0.008796 
3504.699239  	-0.008390 
3506.130897  	-0.008552 
3507.562555  	-0.009126 
3508.994214  	-0.009347 
3510.425872  	-0.009251 
3511.857530  	-0.009063 
3513.289188  	-0.009258 
3514.720846  	-0.009536 
3516.152505  	-0.009350 
3517.584163  	-0.009413 
3519.015821  	-0.009720 
3520.447479  	-0.009837 
3521.879137  	-0.010014 
3523.310795  	-0.009889 
3524.742454  	-0.009707 
3526.174112  	-0.009945 
3527.605770  	-0.009984 
3529.037428  	-0.009934 
3530.469086  	-0.009966 
3531.900745  	-0.010004 
3533.332403  	-0.010271 
3534.764061  	-0.010270 
3536.195719  	-0.010228 
3537.627377  	-0.010633 
3539.059035  	-0.010614 
3540.490694  	-0.010384 
3541.922352  	-0.010631 
3543.354010  	-0.011001 
3544.785668  	-0.011248 
3546.217326  	-0.011169 
3547.648985  	-0.011087 
3549.080643  	-0.011304 
3550.512301  	-0.011288 
3551.943959  	-0.011266 
3553.375617  	-0.011342 
3554.807276  	-0.011298 
3556.238934  	-0.011534 
3557.670592  	-0.011623 
3559.102250  	-0.011564 
3560.533908  	-0.011957 
3561.965566  	-0.011955 
3563.397225  	-0.011662 
3564.828883  	-0.012006 
3566.260541  	-0.012472 
3567.692199  	-0.012598 
3569.123857  	-0.012421 
3570.555516  	-0.012392 
3571.987174  	-0.012646 
3573.418832  	-0.012646 
3574.850490  	-0.012902 
3576.282148  	-0.013524 
3577.713807  	-0.013258 
3579.145465  	-0.012806 
3580.577123  	-0.013042 
3582.008781  	-0.013204 
3583.440439  	-0.013307 
3584.872097  	-0.013646 
3586.303756  	-0.014245 
3587.735414  	-0.014654 
3589.167072  	-0.013922 
3590.598730  	-0.013568 
3592.030388  	-0.013805 
3593.462047  	-0.013704 
3594.893705  	-0.013787 
3596.325363  	-0.014067 
3597.757021  	-0.013941 
3599.188679  	-0.013830 
3600.620337  	-0.013799 
3602.051996  	-0.014122 
3603.483654  	-0.014575 
3604.915312  	-0.014602 
3606.346970  	-0.014911 
3607.778628  	-0.015249 
3609.210287  	-0.014842 
3610.641945  	-0.015046 
3612.073603  	-0.015438 
3613.505261  	-0.014961 
3614.936919  	-0.014750 
3616.368578  	-0.015143 
3617.800236  	-0.015235 
3619.231894  	-0.014709 
3620.663552  	-0.014070 
3622.095210  	-0.014084 
3623.526868  	-0.014375 
3624.958527  	-0.014844 
3626.390185  	-0.015367 
3627.821843  	-0.015091 
3629.253501  	-0.013910 
3630.685159  	-0.014145 
3632.116818  	-0.015024 
3633.548476  	-0.015359 
3634.980134  	-0.015383 
3636.411792  	-0.015649 
3637.843450  	-0.015962 
3639.275109  	-0.016033 
3640.706767  	-0.016135 
3642.138425  	-0.015973 
3643.570083  	-0.015773 
3645.001741  	-0.016179 
3646.433399  	-0.016342 
3647.865058  	-0.016206 
3649.296716  	-0.016358 
3650.728374  	-0.015572 
3652.160032  	-0.015788 
3653.591690  	-0.017048 
3655.023349  	-0.017142 
3656.455007  	-0.016089 
3657.886665  	-0.015757 
3659.318323  	-0.016437 
3660.749981  	-0.017011 
3662.181639  	-0.017151 
3663.613298  	-0.017654 
3665.044956  	-0.018000 
3666.476614  	-0.017273 
3667.908272  	-0.017187 
3669.339930  	-0.017895 
3670.771589  	-0.017175 
3672.203247  	-0.017308 
3673.634905  	-0.018421 
3675.066563  	-0.017977 
3676.498221  	-0.016348 
3677.929880  	-0.017381 
3679.361538  	-0.018267 
3680.793196  	-0.018149 
3682.224854  	-0.017922 
3683.656512  	-0.017889 
3685.088170  	-0.017743 
3686.519829  	-0.017996 
3687.951487  	-0.018460 
3689.383145  	-0.018288 
3690.814803  	-0.018273 
3692.246461  	-0.018349 
3693.678120  	-0.018211 
3695.109778  	-0.018380 
3696.541436  	-0.018127 
3697.973094  	-0.017959 
3699.404752  	-0.018911 
3700.836411  	-0.019428 
3702.268069  	-0.018781 
3703.699727  	-0.018386 
3705.131385  	-0.018192 
3706.563043  	-0.017991 
3707.994701  	-0.018074 
3709.426360  	-0.018610 
3710.858018  	-0.019229 
3712.289676  	-0.018326 
3713.721334  	-0.017390 
3715.152992  	-0.018054 
3716.584651  	-0.018357 
3718.016309  	-0.018153 
3719.447967  	-0.018357 
3720.879625  	-0.018473 
3722.311283  	-0.018374 
3723.742941  	-0.018524 
3725.174600  	-0.018648 
3726.606258  	-0.018242 
3728.037916  	-0.017719 
3729.469574  	-0.018029 
3730.901232  	-0.018106 
3732.332891  	-0.017568 
3733.764549  	-0.018339 
3735.196207  	-0.018664 
3736.627865  	-0.016831 
3738.059523  	-0.017195 
3739.491182  	-0.018101 
3740.922840  	-0.017966 
3742.354498  	-0.018512 
3743.786156  	-0.019053 
3745.217814  	-0.017501 
3746.649472  	-0.017531 
3748.081131  	-0.018396 
3749.512789  	-0.018266 
3750.944447  	-0.017789 
3752.376105  	-0.017772 
3753.807763  	-0.017667 
3755.239422  	-0.017756 
3756.671080  	-0.017907 
3758.102738  	-0.017866 
3759.534396  	-0.017776 
3760.966054  	-0.017864 
3762.397712  	-0.018134 
3763.829371  	-0.018344 
3765.261029  	-0.018190 
3766.692687  	-0.017826 
3768.124345  	-0.017848 
3769.556003  	-0.017737 
3770.987662  	-0.017358 
3772.419320  	-0.017685 
3773.850978  	-0.018288 
3775.282636  	-0.018373 
3776.714294  	-0.018145 
3778.145953  	-0.018034 
3779.577611  	-0.017747 
3781.009269  	-0.017639 
3782.440927  	-0.018249 
3783.872585  	-0.018712 
3785.304243  	-0.018526 
3786.735902  	-0.018364 
3788.167560  	-0.018375 
3789.599218  	-0.018231 
3791.030876  	-0.018106 
3792.462534  	-0.018178 
3793.894193  	-0.018624 
3795.325851  	-0.018790 
3796.757509  	-0.018132 
3798.189167  	-0.018367 
3799.620825  	-0.019189 
3801.052484  	-0.018504 
3802.484142  	-0.017072 
3803.915800  	-0.017635 
3805.347458  	-0.018116 
3806.779116  	-0.017729 
3808.210774  	-0.017064 
3809.642433  	-0.017396 
3811.074091  	-0.017732 
3812.505749  	-0.017492 
3813.937407  	-0.017773 
3815.369065  	-0.018177 
3816.800724  	-0.017242 
3818.232382  	-0.017670 
3819.664040  	-0.018987 
3821.095698  	-0.018271 
3822.527356  	-0.016427 
3823.959014  	-0.017228 
3825.390673  	-0.017764 
3826.822331  	-0.017031 
3828.253989  	-0.016688 
3829.685647  	-0.017435 
3831.117305  	-0.017732 
3832.548964  	-0.017163 
3833.980622  	-0.016968 
3835.412280  	-0.017133 
3836.843938  	-0.017253 
3838.275596  	-0.017346 
3839.707255  	-0.017367 
3841.138913  	-0.017724 
3842.570571  	-0.017666 
3844.002229  	-0.016672 
3845.433887  	-0.016315 
3846.865545  	-0.016830 
3848.297204  	-0.016894 
3849.728862  	-0.016899 
3851.160520  	-0.017767 
3852.592178  	-0.018541 
3854.023836  	-0.016827 
3855.455495  	-0.015716 
3856.887153  	-0.016471 
3858.318811  	-0.016850 
3859.750469  	-0.017186 
3861.182127  	-0.017414 
3862.613786  	-0.017139 
3864.045444  	-0.017122 
3865.477102  	-0.016685 
3866.908760  	-0.016246 
3868.340418  	-0.017153 
3869.772076  	-0.017426 
3871.203735  	-0.016450 
3872.635393  	-0.017155 
3874.067051  	-0.017177 
3875.498709  	-0.016048 
3876.930367  	-0.016589 
3878.362026  	-0.017374 
3879.793684  	-0.017154 
3881.225342  	-0.016445 
3882.657000  	-0.016645 
3884.088658  	-0.017442 
3885.520316  	-0.016932 
3886.951975  	-0.015687 
3888.383633  	-0.016788 
3889.815291  	-0.017674 
3891.246949  	-0.017130 
3892.678607  	-0.016534 
3894.110266  	-0.016442 
3895.541924  	-0.016527 
3896.973582  	-0.016740 
3898.405240  	-0.016923 
3899.836898  	-0.017347 
3901.268557  	-0.017178 
3902.700215  	-0.016395 
3904.131873  	-0.016105 
3905.563531  	-0.015860 
3906.995189  	-0.015984 
3908.426847  	-0.016604 
3909.858506  	-0.016588 
3911.290164  	-0.016085 
3912.721822  	-0.016094 
3914.153480  	-0.016673 
3915.585138  	-0.017012 
3917.016797  	-0.016370 
3918.448455  	-0.015754 
3919.880113  	-0.016037 
3921.311771  	-0.016239 
3922.743429  	-0.016273 
3924.175088  	-0.016175 
3925.606746  	-0.015846 
3927.038404  	-0.016084 
3928.470062  	-0.016449 
3929.901720  	-0.016471 
3931.333378  	-0.016609 
3932.765037  	-0.016520 
3934.196695  	-0.016083 
3935.628353  	-0.015997 
3937.060011  	-0.016058 
3938.491669  	-0.016063 
3939.923328  	-0.016106 
3941.354986  	-0.016066 
3942.786644  	-0.015942 
3944.218302  	-0.016038 
3945.649960  	-0.016414 
3947.081618  	-0.016619 
3948.513277  	-0.016405 
3949.944935  	-0.015937 
3951.376593  	-0.015475 
3952.808251  	-0.015430 
3954.239909  	-0.015589 
3955.671568  	-0.015334 
3957.103226  	-0.015211 
3958.534884  	-0.015547 
3959.966542  	-0.015592 
3961.398200  	-0.015268 
3962.829859  	-0.015134 
3964.261517  	-0.015359 
3965.693175  	-0.015358 
3967.124833  	-0.014908 
3968.556491  	-0.014876 
3969.988149  	-0.015269 
3971.419808  	-0.015415 
3972.851466  	-0.015552 
3974.283124  	-0.015630 
3975.714782  	-0.015651 
3977.146440  	-0.015917 
3978.578099  	-0.015963 
3980.009757  	-0.015965 
3981.441415  	-0.016165 
3982.873073  	-0.015865 
3984.304731  	-0.015380 
3985.736389  	-0.015329 
3987.168048  	-0.015448 
3988.599706  	-0.015512 
3990.031364  	-0.015312 
3991.463022  	-0.015106 
3992.894680  	-0.015268 
3994.326339  	-0.015467 
3995.757997  	-0.015669 
3997.189655  	-0.015647 
3998.621313  	-0.015142 
4000.052971  	-0.014987 
4001.484630  	-0.015342 
4002.916288  	-0.015354 
4004.347946  	-0.015042 
4005.779604  	-0.014981 
4007.211262  	-0.015124 
4008.642920  	-0.015020 
4010.074579  	-0.014921 
4011.506237  	-0.015139 
4012.937895  	-0.015136 
4014.369553  	-0.015071 
4015.801211  	-0.015268 
4017.232870  	-0.015157 
4018.664528  	-0.014961 
4020.096186  	-0.015001 
4021.527844  	-0.014947 
4022.959502  	-0.014947 
4024.391161  	-0.014944 
4025.822819  	-0.015022 
4027.254477  	-0.015423 
4028.686135  	-0.015466 
4030.117793  	-0.015074 
4031.549451  	-0.014727 
4032.981110  	-0.014631 
4034.412768  	-0.015148 
4035.844426  	-0.015492 
4037.276084  	-0.015090 
4038.707742  	-0.014937 
4040.139401  	-0.014992 
4041.571059  	-0.014938 
4043.002717  	-0.015049 
4044.434375  	-0.014756 
4045.866033  	-0.014286 
4047.297691  	-0.014359 
4048.729350  	-0.014568 
4050.161008  	-0.014702 
4051.592666  	-0.014684 
4053.024324  	-0.014413 
4054.455982  	-0.014120 
4055.887641  	-0.013928 
4057.319299  	-0.014110 
4058.750957  	-0.014401 
4060.182615  	-0.014474 
4061.614273  	-0.014732 
4063.045932  	-0.014671 
4064.477590  	-0.014220 
4065.909248  	-0.014319 
4067.340906  	-0.014475 
4068.772564  	-0.014481 
4070.204222  	-0.014824 
4071.635881  	-0.015020 
4073.067539  	-0.015114 
4074.499197  	-0.015056 
4075.930855  	-0.014690 
4077.362513  	-0.014972 
4078.794172  	-0.015391 
4080.225830  	-0.015097 
4081.657488  	-0.015027 
4083.089146  	-0.015093 
4084.520804  	-0.014724 
4085.952463  	-0.014489 
4087.384121  	-0.014632 
4088.815779  	-0.014979 
4090.247437  	-0.015196 
4091.679095  	-0.015258 
4093.110753  	-0.015450 
4094.542412  	-0.015372 
4095.974070  	-0.015145 
4097.405728  	-0.015161 
4098.837386  	-0.014907 
4100.269044  	-0.014663 
4101.700703  	-0.014923 
4103.132361  	-0.015204 
4104.564019  	-0.015340 
4105.995677  	-0.015304 
4107.427335  	-0.015195 
4108.858993  	-0.015299 
4110.290652  	-0.015323 
4111.722310  	-0.015421 
4113.153968  	-0.015744 
4114.585626  	-0.015516 
4116.017284  	-0.014948 
4117.448943  	-0.015015 
4118.880601  	-0.015456 
4120.312259  	-0.015453 
4121.743917  	-0.015172 
4123.175575  	-0.015390 
4124.607234  	-0.015941 
4126.038892  	-0.016082 
4127.470550  	-0.015786 
4128.902208  	-0.015361 
4130.333866  	-0.015149 
4131.765524  	-0.015364 
4133.197183  	-0.015718 
4134.628841  	-0.015855 
4136.060499  	-0.015508 
4137.492157  	-0.014972 
4138.923815  	-0.014912 
4140.355474  	-0.015020 
4141.787132  	-0.014908 
4143.218790  	-0.014879 
4144.650448  	-0.015011 
4146.082106  	-0.015215 
4147.513764  	-0.015138 
4148.945423  	-0.014821 
4150.377081  	-0.014903 
4151.808739  	-0.014945 
4153.240397  	-0.014783 
4154.672055  	-0.015102 
4156.103714  	-0.015223 
4157.535372  	-0.014861 
4158.967030  	-0.014887 
4160.398688  	-0.015078 
4161.830346  	-0.015004 
4163.262005  	-0.014794 
4164.693663  	-0.014735 
4166.125321  	-0.015013 
4167.556979  	-0.015022 
4168.988637  	-0.014729 
4170.420295  	-0.014631 
4171.851954  	-0.014408 
4173.283612  	-0.014420 
4174.715270  	-0.014874 
4176.146928  	-0.014814 
4177.578586  	-0.014501 
4179.010245  	-0.014669 
4180.441903  	-0.014957 
4181.873561  	-0.014956 
4183.305219  	-0.014654 
4184.736877  	-0.014543 
4186.168536  	-0.014678 
4187.600194  	-0.014553 
4189.031852  	-0.014552 
4190.463510  	-0.014785 
4191.895168  	-0.014786 
4193.326826  	-0.014829 
4194.758485  	-0.014932 
4196.190143  	-0.014938 
4197.621801  	-0.014944 
4199.053459  	-0.014780 
4200.485117  	-0.014643 
4201.916776  	-0.014512 
4203.348434  	-0.014287 
4204.780092  	-0.014519 
4206.211750  	-0.014749 
4207.643408  	-0.014577 
4209.075066  	-0.014719 
4210.506725  	-0.014758 
4211.938383  	-0.014386 
4213.370041  	-0.014323 
4214.801699  	-0.014414 
4216.233357  	-0.014578 
4217.665016  	-0.014946 
4219.096674  	-0.014873 
4220.528332  	-0.014426 
4221.959990  	-0.014124 
4223.391648  	-0.013794 
4224.823307  	-0.013554 
4226.254965  	-0.013749 
4227.686623  	-0.013975 
4229.118281  	-0.013891 
4230.549939  	-0.013986 
4231.981597  	-0.014227 
4233.413256  	-0.014038 
4234.844914  	-0.013818 
4236.276572  	-0.013866 
4237.708230  	-0.013921 
4239.139888  	-0.014130 
4240.571547  	-0.014205 
4242.003205  	-0.014115 
4243.434863  	-0.014298 
4244.866521  	-0.014108 
4246.298179  	-0.013670 
4247.729838  	-0.013847 
4249.161496  	-0.014141 
4250.593154  	-0.014432 
4252.024812  	-0.014690 
4253.456470  	-0.014337 
4254.888128  	-0.014204 
4256.319787  	-0.014562 
4257.751445  	-0.014543 
4259.183103  	-0.014494 
4260.614761  	-0.014542 
4262.046419  	-0.014446 
4263.478078  	-0.014528 
4264.909736  	-0.014476 
4266.341394  	-0.014322 
4267.773052  	-0.014394 
4269.204710  	-0.014184 
4270.636368  	-0.013981 
4272.068027  	-0.014311 
4273.499685  	-0.014520 
4274.931343  	-0.014270 
4276.363001  	-0.013935 
4277.794659  	-0.013847 
4279.226318  	-0.014035 
4280.657976  	-0.014297 
4282.089634  	-0.014621 
4283.521292  	-0.014749 
4284.952950  	-0.014414 
4286.384609  	-0.014174 
4287.816267  	-0.014231 
4289.247925  	-0.014072 
4290.679583  	-0.013898 
4292.111241  	-0.014263 
4293.542899  	-0.014705 
4294.974558  	-0.014508 
4296.406216  	-0.014203 
4297.837874  	-0.014414 
4299.269532  	-0.014511 
4300.701190  	-0.014218 
4302.132849  	-0.014128 
4303.564507  	-0.014220 
4304.996165  	-0.014155 
4306.427823  	-0.013994 
4307.859481  	-0.013732 
4309.291140  	-0.013399 
4310.722798  	-0.013522 
4312.154456  	-0.014278 
4313.586114  	-0.014715 
4315.017772  	-0.014379 
4316.449430  	-0.013975 
4317.881089  	-0.013708 
4319.312747  	-0.013617 
4320.744405  	-0.013833 
4322.176063  	-0.013846 
4323.607721  	-0.013798 
4325.039380  	-0.013952 
4326.471038  	-0.013590 
4327.902696  	-0.013060 
4329.334354  	-0.013221 
4330.766012  	-0.013558 
4332.197670  	-0.013543 
4333.629329  	-0.013329 
4335.060987  	-0.013239 
4336.492645  	-0.013370 
4337.924303  	-0.013403 
4339.355961  	-0.013601 
4340.787620  	-0.014065 
4342.219278  	-0.013918 
4343.650936  	-0.013313 
4345.082594  	-0.013123 
4346.514252  	-0.013292 
4347.945911  	-0.013642 
4349.377569  	-0.013886 
4350.809227  	-0.013553 
4352.240885  	-0.013219 
4353.672543  	-0.013630 
4355.104201  	-0.014125 
4356.535860  	-0.013904 
4357.967518  	-0.013542 
4359.399176  	-0.013580 
4360.830834  	-0.013657 
4362.262492  	-0.013792 
4363.694151  	-0.013939 
4365.125809  	-0.013677 
4366.557467  	-0.013538 
4367.989125  	-0.013843 
4369.420783  	-0.013941 
4370.852441  	-0.013819 
4372.284100  	-0.013769 
4373.715758  	-0.013833 
4375.147416  	-0.014198 
4376.579074  	-0.014629 
4378.010732  	-0.014681 
4379.442391  	-0.014354 
4380.874049  	-0.014040 
4382.305707  	-0.014185 
4383.737365  	-0.014399 
4385.169023  	-0.014211 
4386.600682  	-0.014194 
4388.032340  	-0.014508 
4389.463998  	-0.014511 
4390.895656  	-0.014266 
4392.327314  	-0.014297 
4393.758972  	-0.014375 
4395.190631  	-0.014040 
4396.622289  	-0.013827 
4398.053947  	-0.014024 
4399.485605  	-0.013812 
4400.917263  	-0.013491 
4402.348922  	-0.013908 
4403.780580  	-0.014310 
4405.212238  	-0.014390 
4406.643896  	-0.014735 
4408.075554  	-0.014821 
4409.507213  	-0.014241 
4410.938871  	-0.013663 
4412.370529  	-0.013537 
4413.802187  	-0.013743 
4415.233845  	-0.014020 
4416.665503  	-0.014350 
4418.097162  	-0.014522 
4419.528820  	-0.014162 
4420.960478  	-0.013958 
4422.392136  	-0.014375 
4423.823794  	-0.014511 
4425.255453  	-0.014413 
4426.687111  	-0.014732 
4428.118769  	-0.014618 
4429.550427  	-0.013886 
4430.982085  	-0.013915 
4432.413743  	-0.014580 
4433.845402  	-0.014526 
4435.277060  	-0.013973 
4436.708718  	-0.013915 
4438.140376  	-0.014186 
4439.572034  	-0.014215 
4441.003693  	-0.014268 
4442.435351  	-0.014708 
4443.867009  	-0.014983 
4445.298667  	-0.014834 
4446.730325  	-0.014910 
4448.161984  	-0.015118 
4449.593642  	-0.015091 
4451.025300  	-0.015285 
4452.456958  	-0.015383 
4453.888616  	-0.015016 
4455.320274  	-0.015079 
4456.751933  	-0.015329 
4458.183591  	-0.014882 
4459.615249  	-0.014566 
4461.046907  	-0.014774 
4462.478565  	-0.014754 
4463.910224  	-0.014785 
4465.341882  	-0.015190 
4466.773540  	-0.015259 
4468.205198  	-0.014948 
4469.636856  	-0.014895 
4471.068515  	-0.014855 
4472.500173  	-0.014596 
4473.931831  	-0.014767 
4475.363489  	-0.015182 
4476.795147  	-0.015084 
4478.226805  	-0.014835 
4479.658464  	-0.014879 
4481.090122  	-0.015236 
4482.521780  	-0.015755 
4483.953438  	-0.015541 
4485.385096  	-0.014813 
4486.816755  	-0.014834 
4488.248413  	-0.014862 
4489.680071  	-0.014338 
4491.111729  	-0.014761 
4492.543387  	-0.015737 
4493.975045  	-0.015501 
4495.406704  	-0.014811 
4496.838362  	-0.014921 
4498.270020  	-0.015314 
4499.701678  	-0.015609 
4501.133336  	-0.015667 
4502.564995  	-0.014959 
4503.996653  	-0.014206 
4505.428311  	-0.014478 
4506.859969  	-0.015087 
4508.291627  	-0.015194 
4509.723286  	-0.014822 
4511.154944  	-0.014280 
4512.586602  	-0.014370 
4514.018260  	-0.014895 
4515.449918  	-0.014913 
4516.881576  	-0.015011 
4518.313235  	-0.015408 
4519.744893  	-0.015155 
4521.176551  	-0.014676 
4522.608209  	-0.014673 
4524.039867  	-0.014994 
4525.471526  	-0.015550 
4526.903184  	-0.015718 
4528.334842  	-0.015249 
4529.766500  	-0.015008 
4531.198158  	-0.015042 
4532.629817  	-0.014823 
4534.061475  	-0.014627 
4535.493133  	-0.014903 
4536.924791  	-0.015383 
4538.356449  	-0.015228 
4539.788107  	-0.014524 
4541.219766  	-0.014340 
4542.651424  	-0.014606 
4544.083082  	-0.014539 
4545.514740  	-0.014297 
4546.946398  	-0.014373 
4548.378057  	-0.014792 
4549.809715  	-0.014980 
4551.241373  	-0.014572 
4552.673031  	-0.014334 
4554.104689  	-0.014686 
4555.536347  	-0.015024 
4556.968006  	-0.015139 
4558.399664  	-0.014980 
4559.831322  	-0.014473 
4561.262980  	-0.014219 
4562.694638  	-0.014333 
4564.126297  	-0.014376 
4565.557955  	-0.014603 
4566.989613  	-0.015000 
4568.421271  	-0.015051 
4569.852929  	-0.014828 
4571.284588  	-0.014603 
4572.716246  	-0.014703 
4574.147904  	-0.015071 
4575.579562  	-0.014815 
4577.011220  	-0.014241 
4578.442878  	-0.014280 
4579.874537  	-0.014221 
4581.306195  	-0.014034 
4582.737853  	-0.014597 
4584.169511  	-0.015013 
4585.601169  	-0.014670 
4587.032828  	-0.014344 
4588.464486  	-0.014142 
4589.896144  	-0.014109 
4591.327802  	-0.014240 
4592.759460  	-0.014178 
4594.191118  	-0.014358 
4595.622777  	-0.014744 
4597.054435  	-0.014809 
4598.486093  	-0.015045 
4599.917751  	-0.015102 
4601.349409  	-0.014215 
4602.781068  	-0.013598 
4604.212726  	-0.013944 
4605.644384  	-0.014237 
4607.076042  	-0.014440 
4608.507700  	-0.014923 
4609.939359  	-0.015053 
4611.371017  	-0.014800 
4612.802675  	-0.014761 
4614.234333  	-0.014683 
4615.665991  	-0.014342 
4617.097649  	-0.014283 
4618.529308  	-0.014552 
4619.960966  	-0.014673 
4621.392624  	-0.014528 
4622.824282  	-0.014044 
4624.255940  	-0.013424 
4625.687599  	-0.013478 
4627.119257  	-0.014283 
4628.550915  	-0.014674 
4629.982573  	-0.014186 
4631.414231  	-0.013691 
4632.845890  	-0.013654 
4634.277548  	-0.013722 
4635.709206  	-0.013640 
4637.140864  	-0.013479 
4638.572522  	-0.013761 
4640.004180  	-0.014431 
4641.435839  	-0.014488 
4642.867497  	-0.014240 
4644.299155  	-0.014533 
4645.730813  	-0.014691 
4647.162471  	-0.014493 
4648.594130  	-0.014492 
4650.025788  	-0.014630 
4651.457446  	-0.014938 
4652.889104  	-0.015002 
4654.320762  	-0.014515 
4655.752420  	-0.014391 
4657.184079  	-0.014527 
4658.615737  	-0.014290 
4660.047395  	-0.014212 
4661.479053  	-0.014283 
4662.910711  	-0.014327 
4664.342370  	-0.014386 
4665.774028  	-0.013856 
4667.205686  	-0.013405 
4668.637344  	-0.013972 
4670.069002  	-0.014430 
4671.500661  	-0.014316 
4672.932319  	-0.014620 
4674.363977  	-0.015183 
4675.795635  	-0.015016 
4677.227293  	-0.014165 
4678.658951  	-0.013786 
4680.090610  	-0.014340 
4681.522268  	-0.014875 
4682.953926  	-0.014779 
4684.385584  	-0.014540 
4685.817242  	-0.014637 
4687.248901  	-0.014689 
4688.680559  	-0.014223 
4690.112217  	-0.013790 
4691.543875  	-0.013792 
4692.975533  	-0.013990 
4694.407192  	-0.014338 
4695.838850  	-0.014169 
4697.270508  	-0.013373 
4698.702166  	-0.013427 
4700.133824  	-0.014301 
4701.565482  	-0.014590 
4702.997141  	-0.014286 
4704.428799  	-0.014081 
4705.860457  	-0.014208 
4707.292115  	-0.014223 
4708.723773  	-0.013973 
4710.155432  	-0.014384 
4711.587090  	-0.015075 
4713.018748  	-0.014738 
4714.450406  	-0.014076 
4715.882064  	-0.014042 
4717.313722  	-0.014224 
4718.745381  	-0.014417 
4720.177039  	-0.014713 
4721.608697  	-0.014746 
4723.040355  	-0.014172 
4724.472013  	-0.013785 
4725.903672  	-0.014285 
4727.335330  	-0.014551 
4728.766988  	-0.014152 
4730.198646  	-0.014060 
4731.630304  	-0.014125 
4733.061963  	-0.014180 
4734.493621  	-0.014476 
4735.925279  	-0.014598 
4737.356937  	-0.014603 
4738.788595  	-0.014421 
4740.220253  	-0.014013 
4741.651912  	-0.014394 
4743.083570  	-0.014985 
4744.515228  	-0.014664 
4745.946886  	-0.014478 
4747.378544  	-0.014654 
4748.810203  	-0.014335 
4750.241861  	-0.013931 
4751.673519  	-0.013868 
4753.105177  	-0.014090 
4754.536835  	-0.014359 
4755.968493  	-0.014236 
4757.400152  	-0.013952 
4758.831810  	-0.013654 
4760.263468  	-0.013454 
4761.695126  	-0.014041 
4763.126784  	-0.014722 
4764.558443  	-0.014388 
4765.990101  	-0.013963 
4767.421759  	-0.014146 
4768.853417  	-0.014188 
4770.285075  	-0.013821 
4771.716734  	-0.013505 
4773.148392  	-0.013794 
4774.580050  	-0.014653 
4776.011708  	-0.015040 
4777.443366  	-0.014518 
4778.875024  	-0.014003 
4780.306683  	-0.013983 
4781.738341  	-0.014003 
4783.169999  	-0.013864 
4784.601657  	-0.013860 
4786.033315  	-0.014104 
4787.464974  	-0.014347 
4788.896632  	-0.014519 
4790.328290  	-0.014648 
4791.759948  	-0.014496 
4793.191606  	-0.014347 
4794.623265  	-0.014605 
4796.054923  	-0.014466 
4797.486581  	-0.013789 
4798.918239  	-0.013864 
4800.349897  	-0.014336 
4801.781555  	-0.013947 
4803.213214  	-0.013554 
4804.644872  	-0.013959 
4806.076530  	-0.014137 
4807.508188  	-0.013884 
4808.939846  	-0.014121 
4810.371505  	-0.014392 
4811.803163  	-0.013886 
4813.234821  	-0.013604 
4814.666479  	-0.014032 
4816.098137  	-0.013966 
4817.529795  	-0.013587 
4818.961454  	-0.013836 
4820.393112  	-0.013952 
4821.824770  	-0.013517 
4823.256428  	-0.013396 
4824.688086  	-0.013767 
4826.119745  	-0.014074 
4827.551403  	-0.013999 
4828.983061  	-0.013737 
4830.414719  	-0.013601 
4831.846377  	-0.013633 
4833.278036  	-0.013808 
4834.709694  	-0.013866 
4836.141352  	-0.013802 
4837.573010  	-0.014069 
4839.004668  	-0.014176 
4840.436326  	-0.013640 
4841.867985  	-0.013180 
4843.299643  	-0.013097 
4844.731301  	-0.013388 
4846.162959  	-0.013862 
4847.594617  	-0.013472 
4849.026276  	-0.012578 
4850.457934  	-0.012611 
4851.889592  	-0.013225 
4853.321250  	-0.013530 
4854.752908  	-0.013590 
4856.184567  	-0.013669 
4857.616225  	-0.013710 
4859.047883  	-0.013372 
4860.479541  	-0.013104 
4861.911199  	-0.013550 
4863.342857  	-0.013905 
4864.774516  	-0.013828 
4866.206174  	-0.014145 
4867.637832  	-0.014429 
4869.069490  	-0.013764 
4870.501148  	-0.012945 
4871.932807  	-0.013165 
4873.364465  	-0.013900 
4874.796123  	-0.013936 
4876.227781  	-0.013512 
4877.659439  	-0.013454 
4879.091097  	-0.013615 
4880.522756  	-0.013486 
4881.954414  	-0.012971 
4883.386072  	-0.012640 
4884.817730  	-0.013185 
4886.249388  	-0.014142 
4887.681047  	-0.014338 
4889.112705  	-0.013648 
4890.544363  	-0.013302 
4891.976021  	-0.013727 
4893.407679  	-0.013574 
4894.839338  	-0.012925 
4896.270996  	-0.013301 
4897.702654  	-0.013805 
4899.134312  	-0.013179 
4900.565970  	-0.012745 
4901.997628  	-0.013307 
4903.429287  	-0.013850 
4904.860945  	-0.013710 
4906.292603  	-0.013252 
4907.724261  	-0.013133 
4909.155919  	-0.013370 
4910.587578  	-0.013637 
4912.019236  	-0.013736 
4913.450894  	-0.013475 
4914.882552  	-0.013189 
4916.314210  	-0.013125 
4917.745869  	-0.013053 
4919.177527  	-0.013183 
4920.609185  	-0.013312 
4922.040843  	-0.013208 
4923.472501  	-0.013677 
4924.904159  	-0.014382 
4926.335818  	-0.014446 
4927.767476  	-0.014447 
4929.199134  	-0.014401 
4930.630792  	-0.013900 
4932.062450  	-0.013395 
4933.494109  	-0.013049 
4934.925767  	-0.013190 
4936.357425  	-0.013774 
4937.789083  	-0.013740 
4939.220741  	-0.013508 
4940.652399  	-0.013769 
4942.084058  	-0.013608 
4943.515716  	-0.013427 
4944.947374  	-0.014064 
4946.379032  	-0.014286 
4947.810690  	-0.013650 
4949.242349  	-0.013262 
4950.674007  	-0.013336 
4952.105665  	-0.013527 
4953.537323  	-0.013493 
4954.968981  	-0.013170 
4956.400640  	-0.013398 
4957.832298  	-0.013993 
4959.263956  	-0.013555 
4960.695614  	-0.012729 
4962.127272  	-0.013052 
4963.558930  	-0.013765 
4964.990589  	-0.013938 
4966.422247  	-0.013925 
4967.853905  	-0.013629 
4969.285563  	-0.013285 
4970.717221  	-0.013552 
4972.148880  	-0.013733 
4973.580538  	-0.013453 
4975.012196  	-0.013480 
4976.443854  	-0.013382 
4977.875512  	-0.012988 
4979.307170  	-0.013607 
4980.738829  	-0.014606 
4982.170487  	-0.014125 
4983.602145  	-0.013068 
4985.033803  	-0.013225 
4986.465461  	-0.014094 
4987.897120  	-0.014315 
4989.328778  	-0.013787 
4990.760436  	-0.013541 
4992.192094  	-0.014010 
4993.623752  	-0.014456 
4995.055411  	-0.014485 
4996.487069  	-0.014207 
4997.918727  	-0.013845 
4999.350385  	-0.014009 
5000.782043  	-0.014399 
5002.213701  	-0.014108 
5003.645360  	-0.013573 
5005.077018  	-0.013519 
5006.508676  	-0.013833 
5007.940334  	-0.014037 
5009.371992  	-0.013832 
5010.803651  	-0.013862 
5012.235309  	-0.014125 
5013.666967  	-0.013693 
5015.098625  	-0.013551 
5016.530283  	-0.014173 
5017.961942  	-0.014007 
5019.393600  	-0.013847 
5020.825258  	-0.014589 
5022.256916  	-0.014389 
5023.688574  	-0.013504 
5025.120232  	-0.013639 
5026.551891  	-0.014113 
5027.983549  	-0.014138 
5029.415207  	-0.013900 
5030.846865  	-0.013660 
5032.278523  	-0.013915 
5033.710182  	-0.014265 
5035.141840  	-0.013950 
5036.573498  	-0.013395 
5038.005156  	-0.013257 
5039.436814  	-0.013496 
5040.868472  	-0.013661 
5042.300131  	-0.013594 
5043.731789  	-0.013636 
5045.163447  	-0.013802 
5046.595105  	-0.013762 
5048.026763  	-0.013338 
5049.458422  	-0.012909 
5050.890080  	-0.013115 
5052.321738  	-0.013274 
5053.753396  	-0.012859 
5055.185054  	-0.013147 
5056.616713  	-0.013906 
5058.048371  	-0.013741 
5059.480029  	-0.013306 
5060.911687  	-0.013018 
5062.343345  	-0.012743 
5063.775003  	-0.013469 
5065.206662  	-0.014443 
5066.638320  	-0.014031 
5068.069978  	-0.013255 
5069.501636  	-0.013480 
5070.933294  	-0.014071 
5072.364953  	-0.013862 
5073.796611  	-0.013119 
5075.228269  	-0.013304 
5076.659927  	-0.014061 
5078.091585  	-0.013750 
5079.523244  	-0.013140 
5080.954902  	-0.013336 
5082.386560  	-0.013364 
5083.818218  	-0.013169 
5085.249876  	-0.013466 
5086.681534  	-0.013379 
5088.113193  	-0.012618 
5089.544851  	-0.012536 
5090.976509  	-0.013447 
5092.408167  	-0.014368 
5093.839825  	-0.014645 
5095.271484  	-0.014029 
5096.703142  	-0.012934 
5098.134800  	-0.012597 
5099.566458  	-0.013402 
5100.998116  	-0.013856 
5102.429774  	-0.012878 
5103.861433  	-0.012095 
5105.293091  	-0.013251 
5106.724749  	-0.014757 
5108.156407  	-0.014438 
5109.588065  	-0.013229 
5111.019724  	-0.012827 
5112.451382  	-0.013031 
5113.883040  	-0.013188 
5115.314698  	-0.013642 
5116.746356  	-0.014243 
5118.178015  	-0.013725 
5119.609673  	-0.012795 
5121.041331  	-0.013463 
5122.472989  	-0.014307 
5123.904647  	-0.013516 
5125.336305  	-0.012872 
5126.767964  	-0.013016 
5128.199622  	-0.012598 
5129.631280  	-0.012110 
5131.062938  	-0.012168 
5132.494596  	-0.012410 
5133.926255  	-0.012792 
5135.357913  	-0.012992 
5136.789571  	-0.013178 
5138.221229  	-0.013718 
5139.652887  	-0.013921 
5141.084546  	-0.013828 
5142.516204  	-0.014040 
5143.947862  	-0.014042 
5145.379520  	-0.013587 
5146.811178  	-0.013138 
5148.242836  	-0.013140 
5149.674495  	-0.013730 
5151.106153  	-0.013927 
5152.537811  	-0.013218 
5153.969469  	-0.013060 
5155.401127  	-0.013832 
5156.832786  	-0.013824 
5158.264444  	-0.012770 
5159.696102  	-0.012238 
5161.127760  	-0.012479 
5162.559418  	-0.012823 
5163.991076  	-0.013313 
5165.422735  	-0.013479 
5166.854393  	-0.012905 
5168.286051  	-0.012792 
5169.717709  	-0.013617 
5171.149367  	-0.014235 
5172.581026  	-0.014301 
5174.012684  	-0.014128 
5175.444342  	-0.013351 
5176.876000  	-0.012478 
5178.307658  	-0.012859 
5179.739317  	-0.013609 
5181.170975  	-0.013004 
5182.602633  	-0.012530 
5184.034291  	-0.013563 
5185.465949  	-0.014159 
5186.897607  	-0.013804 
5188.329266  	-0.014144 
5189.760924  	-0.014363 
5191.192582  	-0.013562 
5192.624240  	-0.013439 
5194.055898  	-0.014576 
5195.487557  	-0.014867 
5196.919215  	-0.013458 
5198.350873  	-0.012806 
5199.782531  	-0.013561 
5201.214189  	-0.013124 
5202.645847  	-0.012156 
5204.077506  	-0.012681 
5205.509164  	-0.013479 
5206.940822  	-0.014156 
5208.372480  	-0.015383 
5209.804138  	-0.015714 
5211.235797  	-0.014728 
5212.667455  	-0.013702 
5214.099113  	-0.013488 
5215.530771  	-0.013751 
5216.962429  	-0.013283 
5218.394088  	-0.012598 
5219.825746  	-0.012857 
5221.257404  	-0.013237 
5222.689062  	-0.013433 
5224.120720  	-0.013446 
5225.552378  	-0.012906 
5226.984037  	-0.013011 
5228.415695  	-0.013441 
5229.847353  	-0.013030 
5231.279011  	-0.013070 
5232.710669  	-0.013244 
5234.142328  	-0.012433 
5235.573986  	-0.012594 
5237.005644  	-0.013660 
5238.437302  	-0.013494 
5239.868960  	-0.012916 
5241.300619  	-0.013012 
5242.732277  	-0.013202 
5244.163935  	-0.013465 
5245.595593  	-0.013765 
5247.027251  	-0.013728 
5248.458909  	-0.013408 
5249.890568  	-0.012938 
5251.322226  	-0.012964 
5252.753884  	-0.013812 
5254.185542  	-0.014721 
5255.617200  	-0.014683 
5257.048859  	-0.013725 
5258.480517  	-0.013053 
5259.912175  	-0.013507 
5261.343833  	-0.014180 
5262.775491  	-0.013849 
5264.207149  	-0.013429 
5265.638808  	-0.013542 
5267.070466  	-0.013675 
5268.502124  	-0.014296 
5269.933782  	-0.014492 
5271.365440  	-0.013394 
5272.797099  	-0.013316 
5274.228757  	-0.014045 
5275.660415  	-0.013352 
5277.092073  	-0.012989 
5278.523731  	-0.013699 
5279.955390  	-0.013365 
5281.387048  	-0.012979 
5282.818706  	-0.013842 
5284.250364  	-0.014658 
5285.682022  	-0.014679 
5287.113680  	-0.013677 
5288.545339  	-0.012701 
5289.976997  	-0.013069 
5291.408655  	-0.013399 
5292.840313  	-0.012712 
5294.271971  	-0.012518 
5295.703630  	-0.012914 
5297.135288  	-0.013223 
5298.566946  	-0.013405 
5299.998604  	-0.013116 
5301.430262  	-0.012587 
5302.861921  	-0.012881 
5304.293579  	-0.013901 
5305.725237  	-0.014233 
5307.156895  	-0.013561 
5308.588553  	-0.013229 
5310.020211  	-0.013502 
5311.451870  	-0.013253 
5312.883528  	-0.012731 
5314.315186  	-0.012734 
5315.746844  	-0.012843 
5317.178502  	-0.012548 
5318.610161  	-0.012400 
5320.041819  	-0.012994 
5321.473477  	-0.013689 
5322.905135  	-0.013638 
5324.336793  	-0.013059 
5325.768451  	-0.012475 
5327.200110  	-0.012251 
5328.631768  	-0.012848 
5330.063426  	-0.013803 
5331.495084  	-0.014309 
5332.926742  	-0.014184 
5334.358401  	-0.013523 
5335.790059  	-0.012882 
5337.221717  	-0.012764 
5338.653375  	-0.013022 
5340.085033  	-0.012914 
5341.516692  	-0.012440 
5342.948350  	-0.012540 
5344.380008  	-0.013350 
5345.811666  	-0.013868 
5347.243324  	-0.013954 
5348.674982  	-0.014244 
5350.106641  	-0.014254 
5351.538299  	-0.013831 
5352.969957  	-0.013687 
5354.401615  	-0.013894 
5355.833273  	-0.013849 
5357.264932  	-0.013470 
5358.696590  	-0.013155 
5360.128248  	-0.013023 
5361.559906  	-0.013099 
5362.991564  	-0.013602 
5364.423222  	-0.013761 
5365.854881  	-0.012883 
5367.286539  	-0.012335 
5368.718197  	-0.012554 
5370.149855  	-0.012490 
5371.581513  	-0.012405 
5373.013172  	-0.012770 
5374.444830  	-0.013632 
5375.876488  	-0.014899 
5377.308146  	-0.014836 
5378.739804  	-0.013543 
5380.171463  	-0.014002 
5381.603121  	-0.015101 
5383.034779  	-0.014583 
5384.466437  	-0.013767 
5385.898095  	-0.013817 
5387.329753  	-0.014183 
5388.761412  	-0.014378 
5390.193070  	-0.014093 
5391.624728  	-0.013807 
5393.056386  	-0.013895 
5394.488044  	-0.014146 
5395.919703  	-0.014315 
5397.351361  	-0.013412 
5398.783019  	-0.012323 
5400.214677  	-0.012982 
5401.646335  	-0.013659 
5403.077994  	-0.013105 
5404.509652  	-0.012784 
5405.941310  	-0.012812 
5407.372968  	-0.013054 
5408.804626  	-0.013255 
5410.236284  	-0.012813 
5411.667943  	-0.013215 
5413.099601  	-0.013913 
5414.531259  	-0.012880 
5415.962917  	-0.012317 
5417.394575  	-0.013295 
5418.826234  	-0.014299 
5420.257892  	-0.015087 
5421.689550  	-0.014788 
5423.121208  	-0.013686 
5424.552866  	-0.013578 
5425.984524  	-0.013311 
5427.416183  	-0.011646 
5428.847841  	-0.010568 
5430.279499  	-0.011674 
5431.711157  	-0.013333 
5433.142815  	-0.014197 
5434.574474  	-0.014868 
5436.006132  	-0.015026 
5437.437790  	-0.014132 
5438.869448  	-0.013535 
5440.301106  	-0.013585 
5441.732765  	-0.013467 
5443.164423  	-0.013316 
5444.596081  	-0.012927 
5446.027739  	-0.012116 
5447.459397  	-0.011895 
5448.891055  	-0.012033 
5450.322714  	-0.012004 
5451.754372  	-0.012399 
5453.186030  	-0.012854 
5454.617688  	-0.012751 
5456.049346  	-0.012968 
5457.481005  	-0.014218 
5458.912663  	-0.014832 
5460.344321  	-0.013902 
5461.775979  	-0.013257 
5463.207637  	-0.013531 
5464.639296  	-0.013324 
5466.070954  	-0.012296 
5467.502612  	-0.011125 
5468.934270  	-0.011341 
5470.365928  	-0.012572 
5471.797586  	-0.012434 
5473.229245  	-0.012237 
5474.660903  	-0.013292 
5476.092561  	-0.013373 
5477.524219  	-0.013009 
5478.955877  	-0.013846 
5480.387536  	-0.014321 
5481.819194  	-0.013967 
5483.250852  	-0.013430 
5484.682510  	-0.012930 
5486.114168  	-0.012839 
5487.545826  	-0.012833 
5488.977485  	-0.012801 
5490.409143  	-0.013425 
5491.840801  	-0.014159 
5493.272459  	-0.013558 
5494.704117  	-0.012367 
5496.135776  	-0.013085 
5497.567434  	-0.013790 
5498.999092  	-0.012045 
5500.430750  	-0.011504 
5501.862408  	-0.013540 
5503.294067  	-0.014369 
5504.725725  	-0.013994 
5506.157383  	-0.013575 
5507.589041  	-0.012890 
5509.020699  	-0.013263 
5510.452357  	-0.013988 
5511.884016  	-0.013536 
5513.315674  	-0.012548 
5514.747332  	-0.012155 
5516.178990  	-0.013634 
5517.610648  	-0.015185 
5519.042307  	-0.014284 
5520.473965  	-0.013343 
5521.905623  	-0.013073 
5523.337281  	-0.012109 
5524.768939  	-0.012535 
5526.200598  	-0.014626 
5527.632256  	-0.015957 
5529.063914  	-0.015530 
5530.495572  	-0.013669 
5531.927230  	-0.012074 
5533.358888  	-0.011671 
5534.790547  	-0.012333 
5536.222205  	-0.013903 
5537.653863  	-0.014202 
5539.085521  	-0.013068 
5540.517179  	-0.013196 
5541.948838  	-0.013663 
5543.380496  	-0.013242 
5544.812154  	-0.013303 
5546.243812  	-0.013670 
5547.675470  	-0.013658 
5549.107128  	-0.013628 
5550.538787  	-0.013676 
5551.970445  	-0.012814 
5553.402103  	-0.010880 
5554.833761  	-0.010908 
5556.265419  	-0.013422 
5557.697078  	-0.014737 
5559.128736  	-0.014902 
5560.560394  	-0.015095 
5561.992052  	-0.013962 
5563.423710  	-0.012849 
5564.855369  	-0.012868 
5566.287027  	-0.012419 
5567.718685  	-0.011984 
5569.150343  	-0.012314 
5570.582001  	-0.012483 
5572.013659  	-0.012942 
5573.445318  	-0.013908 
5574.876976  	-0.013660 
5576.308634  	-0.012547 
5577.740292  	-0.012980 
5579.171950  	-0.013836 
5580.603609  	-0.012773 
5582.035267  	-0.011422 
5583.466925  	-0.011200 
5584.898583  	-0.011390 
5586.330241  	-0.012040 
5587.761899  	-0.012658 
5589.193558  	-0.012950 
5590.625216  	-0.013451 
5592.056874  	-0.013388 
5593.488532  	-0.012881 
5594.920190  	-0.013027 
5596.351849  	-0.013354 
5597.783507  	-0.012897 
5599.215165  	-0.011472 
5600.646823  	-0.010922 
5602.078481  	-0.012475 
5603.510140  	-0.013180 
5604.941798  	-0.011856 
5606.373456  	-0.011271 
5607.805114  	-0.011795 
5609.236772  	-0.011914 
5610.668430  	-0.011789 
5612.100089  	-0.012328 
5613.531747  	-0.013428 
5614.963405  	-0.014212 
5616.395063  	-0.014319 
5617.826721  	-0.013377 
5619.258380  	-0.011829 
5620.690038  	-0.011220 
5622.121696  	-0.010876 
5623.553354  	-0.010549 
5624.985012  	-0.011676 
5626.416671  	-0.012636 
5627.848329  	-0.012564 
5629.279987  	-0.012947 
5630.711645  	-0.012733 
5632.143303  	-0.012249 
5633.574961  	-0.013222 
5635.006620  	-0.014159 
5636.438278  	-0.014003 
5637.869936  	-0.013019 
5639.301594  	-0.011986 
5640.733252  	-0.012559 
5642.164911  	-0.013482 
5643.596569  	-0.013052 
5645.028227  	-0.012323 
5646.459885  	-0.011589 
5647.891543  	-0.011437 
5649.323201  	-0.012602 
5650.754860  	-0.013153 
5652.186518  	-0.012586 
5653.618176  	-0.012247 
5655.049834  	-0.012166 
5656.481492  	-0.012820 
5657.913151  	-0.013642 
5659.344809  	-0.012513 
5660.776467  	-0.011251 
5662.208125  	-0.012280 
5663.639783  	-0.012525 
5665.071442  	-0.010931 
5666.503100  	-0.011093 
5667.934758  	-0.012349 
5669.366416  	-0.012235 
5670.798074  	-0.011832 
5672.229732  	-0.011412 
5673.661391  	-0.011241 
5675.093049  	-0.012041 
5676.524707  	-0.012396 
5677.956365  	-0.012476 
5679.388023  	-0.012775 
5680.819682  	-0.012567 
5682.251340  	-0.013174 
5683.682998  	-0.013883 
5685.114656  	-0.013111 
5686.546314  	-0.012719 
5687.977973  	-0.012453 
5689.409631  	-0.012032 
5690.841289  	-0.013191 
5692.272947  	-0.013957 
5693.704605  	-0.013345 
5695.136263  	-0.012870 
5696.567922  	-0.011820 
5697.999580  	-0.011025 
5699.431238  	-0.011708 
5700.862896  	-0.012411 
5702.294554  	-0.012414 
5703.726213  	-0.011945 
5705.157871  	-0.012026 
5706.589529  	-0.013212 
5708.021187  	-0.013714 
5709.452845  	-0.012602 
5710.884503  	-0.010934 
5712.316162  	-0.010546 
5713.747820  	-0.011064 
5715.179478  	-0.009824 
5716.611136  	-0.009242 
5718.042794  	-0.011817 
5719.474453  	-0.013214 
5720.906111  	-0.011967 
5722.337769  	-0.010511 
5723.769427  	-0.010214 
5725.201085  	-0.012329 
5726.632744  	-0.013636 
5728.064402  	-0.012016 
5729.496060  	-0.011721 
5730.927718  	-0.012392 
5732.359376  	-0.011644 
5733.791034  	-0.011748 
5735.222693  	-0.012202 
5736.654351  	-0.011209 
5738.086009  	-0.010548 
5739.517667  	-0.011809 
5740.949325  	-0.013019 
5742.380984  	-0.012031 
5743.812642  	-0.012172 
5745.244300  	-0.014821 
5746.675958  	-0.014877 
5748.107616  	-0.012722 
5749.539275  	-0.012173 
5750.970933  	-0.012509 
5752.402591  	-0.012440 
5753.834249  	-0.010828 
5755.265907  	-0.009469 
5756.697565  	-0.011123 
5758.129224  	-0.011787 
5759.560882  	-0.010377 
5760.992540  	-0.010792 
5762.424198  	-0.011881 
5763.855856  	-0.012334 
5765.287515  	-0.012120 
5766.719173  	-0.011211 
5768.150831  	-0.012485 
5769.582489  	-0.013912 
5771.014147  	-0.012641 
5772.445805  	-0.012635 
5773.877464  	-0.013726 
5775.309122  	-0.012843 
5776.740780  	-0.012439 
5778.172438  	-0.013817 
5779.604096  	-0.015125 
5781.035755  	-0.015090 
5782.467413  	-0.014130 
5783.899071  	-0.013475 
5785.330729  	-0.012804 
5786.762387  	-0.012007 
5788.194046  	-0.011196 
5789.625704  	-0.010085 
5791.057362  	-0.010367 
5792.489020  	-0.011783 
5793.920678  	-0.012153 
5795.352336  	-0.011874 
5796.783995  	-0.010751 
5798.215653  	-0.009469 
5799.647311  	-0.010050 
5801.078969  	-0.011250 
5802.510627  	-0.012518 
5803.942286  	-0.013538 
5805.373944  	-0.012482 
5806.805602  	-0.011498 
5808.237260  	-0.012032 
5809.668918  	-0.012116 
5811.100576  	-0.011655 
5812.532235  	-0.010420 
5813.963893  	-0.009347 
5815.395551  	-0.010363 
5816.827209  	-0.011671 
5818.258867  	-0.013099 
5819.690526  	-0.014799 
5821.122184  	-0.012956 
5822.553842  	-0.010154 
5823.985500  	-0.011867 
5825.417158  	-0.014459 
5826.848817  	-0.014150 
5828.280475  	-0.013399 
5829.712133  	-0.012693 
5831.143791  	-0.011406 
5832.575449  	-0.012062 
5834.007107  	-0.014338 
5835.438766  	-0.014075 
5836.870424  	-0.011894 
5838.302082  	-0.011724 
5839.733740  	-0.012440 
5841.165398  	-0.011291 
5842.597057  	-0.009566 
5844.028715  	-0.008919 
5845.460373  	-0.009397 
5846.892031  	-0.011238 
5848.323689  	-0.013165 
5849.755348  	-0.012567 
5851.187006  	-0.010643 
5852.618664  	-0.010854 
5854.050322  	-0.011743 
5855.481980  	-0.010579 
5856.913638  	-0.009534 
5858.345297  	-0.010333 
5859.776955  	-0.010446 
5861.208613  	-0.009086 
5862.640271  	-0.008591 
5864.071929  	-0.009634 
5865.503588  	-0.011735 
5866.935246  	-0.014327 
5868.366904  	-0.014525 
5869.798562  	-0.012168 
5871.230220  	-0.011575 
5872.661878  	-0.012665 
5874.093537  	-0.013076 
5875.525195  	-0.012933 
5876.956853  	-0.011186 
5878.388511  	-0.009515 
5879.820169  	-0.010045 
5881.251828  	-0.009255 
5882.683486  	-0.007381 
5884.115144  	-0.007243 
5885.546802  	-0.007811 
5886.978460  	-0.010704 
5888.410119  	-0.014064 
5889.841777  	-0.012788 
5891.273435  	-0.011244 
5892.705093  	-0.011950 
5894.136751  	-0.011620 
5895.568409  	-0.012818 
5897.000068  	-0.014491 
5898.431726  	-0.011851 
5899.863384  	-0.009326 
5901.295042  	-0.010553 
5902.726700  	-0.012201 
5904.158359  	-0.012704 
5905.590017  	-0.012633 
5907.021675  	-0.012271 
5908.453333  	-0.011806 
5909.884991  	-0.011091 
5911.316650  	-0.011096 
5912.748308  	-0.012551 
5914.179966  	-0.012905 
5915.611624  	-0.010660 
5917.043282  	-0.009703 
5918.474940  	-0.011492 
5919.906599  	-0.011885 
5921.338257  	-0.011263 
5922.769915  	-0.011969 
5924.201573  	-0.011594 
5925.633231  	-0.011065 
5927.064890  	-0.012613 
5928.496548  	-0.013545 
5929.928206  	-0.013218 
5931.359864  	-0.012832 
5932.791522  	-0.011927 
5934.223180  	-0.012553 
5935.654839  	-0.015260 
5937.086497  	-0.015878 
5938.518155  	-0.013755 
5939.949813  	-0.013061 
5941.381471  	-0.013920 
5942.813130  	-0.013052 
5944.244788  	-0.012238 
5945.676446  	-0.012952 
5947.108104  	-0.011528 
5948.539762  	-0.008605 
5949.971421  	-0.007690 
5951.403079  	-0.008775 
5952.834737  	-0.011555 
5954.266395  	-0.012556 
5955.698053  	-0.009343 
5957.129711  	-0.008819 
5958.561370  	-0.012892 
5959.993028  	-0.014639 
5961.424686  	-0.014108 
5962.856344  	-0.014335 
5964.288002  	-0.013213 
5965.719661  	-0.010518 
5967.151319  	-0.008754 
5968.582977  	-0.008736 
5970.014635  	-0.010215 
5971.446293  	-0.012727 
5972.877951  	-0.015640 
5974.309610  	-0.017579 
5975.741268  	-0.016717 
5977.172926  	-0.013604 
5978.604584  	-0.010704 
5980.036242  	-0.008640 
5981.467901  	-0.008197 
5982.899559  	-0.010942 
5984.331217  	-0.014463 
5985.762875  	-0.015663 
5987.194533  	-0.014630 
5988.626192  	-0.011611 
5990.057850  	-0.009581 
5991.489508  	-0.011696 
5992.921166  	-0.014185 
5994.352824  	-0.013362 
5995.784482  	-0.011052 
5997.216141  	-0.010758 
5998.647799  	-0.013055 
6000.079457  	-0.013335 
6001.511115  	-0.011698 
6002.942773  	-0.013068 
6004.374432  	-0.013813 
6005.806090  	-0.010822 
6007.237748  	-0.009153 
6008.669406  	-0.010114 
6010.101064  	-0.012148 
6011.532723  	-0.013229 
6012.964381  	-0.011638 
6014.396039  	-0.011862 
6015.827697  	-0.014906 
6017.259355  	-0.015927 
6018.691013  	-0.014701 
6020.122672  	-0.011175 
6021.554330  	-0.007396 
6022.985988  	-0.008537 
6024.417646  	-0.011072 
6025.849304  	-0.010142 
6027.280963  	-0.010076 
6028.712621  	-0.014364 
6030.144279  	-0.017471 
6031.575937  	-0.013731 
6033.007595  	-0.009908 
6034.439253  	-0.011448 
6035.870912  	-0.010669 
6037.302570  	-0.008083 
6038.734228  	-0.010167 
6040.165886  	-0.011158 
6041.597544  	-0.009073 
6043.029203  	-0.010430 
6044.460861  	-0.014725 
6045.892519  	-0.017283 
6047.324177  	-0.015780 
6048.755835  	-0.013664 
6050.187494  	-0.013646 
6051.619152  	-0.011104 
6053.050810  	-0.007578 
6054.482468  	-0.009034 
6055.914126  	-0.012054 
6057.345784  	-0.013608 
6058.777443  	-0.013262 
6060.209101  	-0.010773 
6061.640759  	-0.010771 
6063.072417  	-0.012364 
6064.504075  	-0.011896 
6065.935734  	-0.012589 
6067.367392  	-0.013146 
6068.799050  	-0.011950 
6070.230708  	-0.012302 
6071.662366  	-0.010048 
6073.094025  	-0.005613 
6074.525683  	-0.007339 
6075.957341  	-0.009975 
6077.388999  	-0.008028 
6078.820657  	-0.009604 
6080.252315  	-0.013294 
6081.683974  	-0.011967 
6083.115632  	-0.010471 
6084.547290  	-0.010722 
6085.978948  	-0.008255 
6087.410606  	-0.006328 
6088.842265  	-0.008400 
6090.273923  	-0.011168 
6091.705581  	-0.011648 
6093.137239  	-0.010301 
6094.568897  	-0.009805 
6096.000555  	-0.010410 
6097.432214  	-0.010004 
6098.863872  	-0.010823 
6100.295530  	-0.013318 
6101.727188  	-0.013817 
6103.158846  	-0.013276 
6104.590505  	-0.012533 
6106.022163  	-0.010396 
6107.453821  	-0.009523 
6108.885479  	-0.010331 
6110.317137  	-0.009862 
6111.748796  	-0.008801 
6113.180454  	-0.009846 
6114.612112  	-0.011770 
6116.043770  	-0.010598 
6117.475428  	-0.009273 
6118.907086  	-0.012914 
6120.338745  	-0.014231 
6121.770403  	-0.008282 
6123.202061  	-0.005047 
6124.633719  	-0.008131 
6126.065377  	-0.009561 
6127.497036  	-0.007387 
6128.928694  	-0.007213 
6130.360352  	-0.009474 
6131.792010  	-0.009160 
6133.223668  	-0.008292 
6134.655327  	-0.010284 
6136.086985  	-0.009914 
6137.518643  	-0.008712 
6138.950301  	-0.011282 
6140.381959  	-0.011402 
6141.813617  	-0.010058 
6143.245276  	-0.013070 
6144.676934  	-0.013689 
6146.108592  	-0.011754 
6147.540250  	-0.014450 
6148.971908  	-0.016671 
6150.403567  	-0.014681 
6151.835225  	-0.014330 
6153.266883  	-0.015693 
6154.698541  	-0.014432 
6156.130199  	-0.011218 
6157.561857  	-0.008469 
6158.993516  	-0.007780 
6160.425174  	-0.010575 
6161.856832  	-0.013849 
6163.288490  	-0.012922 
6164.720148  	-0.010930 
6166.151807  	-0.011787 
6167.583465  	-0.011837 
6169.015123  	-0.010373 
6170.446781  	-0.011785 
6171.878439  	-0.014861 
6173.310098  	-0.015633 
6174.741756  	-0.014307 
6176.173414  	-0.012648 
6177.605072  	-0.010545 
6179.036730  	-0.008115 
6180.468388  	-0.007895 
6181.900047  	-0.010185 
6183.331705  	-0.011864 
6184.763363  	-0.012499 
6186.195021  	-0.012837 
6187.626679  	-0.012080 
6189.058338  	-0.012216 
6190.489996  	-0.014444 
6191.921654  	-0.015107 
6193.353312  	-0.013502 
6194.784970  	-0.012951 
6196.216628  	-0.013745 
6197.648287  	-0.014727 
6199.079945  	-0.014094 
6200.511603  	-0.010315 
6201.943261  	-0.007263 
6203.374919  	-0.007876 
6204.806578  	-0.009599 
6206.238236  	-0.012137 
6207.669894  	-0.014833 
6209.101552  	-0.014329 
6210.533210  	-0.012339 
6211.964869  	-0.012514 
6213.396527  	-0.013516 
6214.828185  	-0.012121 
6216.259843  	-0.008579 
6217.691501  	-0.007227 
6219.123159  	-0.008477 
6220.554818  	-0.007932 
6221.986476  	-0.005641 
6223.418134  	-0.005062 
6224.849792  	-0.007821 
6226.281450  	-0.011826 
6227.713109  	-0.012468 
6229.144767  	-0.010175 
6230.576425  	-0.009390 
6232.008083  	-0.010608 
6233.439741  	-0.012074 
6234.871400  	-0.011559 
6236.303058  	-0.010241 
6237.734716  	-0.012285 
6239.166374  	-0.013892 
6240.598032  	-0.011488 
6242.029690  	-0.011358 
6243.461349  	-0.014225 
6244.893007  	-0.013854 
6246.324665  	-0.010970 
6247.756323  	-0.010208 
6249.187981  	-0.011168 
6250.619640  	-0.011095 
6252.051298  	-0.011772 
6253.482956  	-0.012088 
6254.914614  	-0.008437 
6256.346272  	-0.006174 
6257.777930  	-0.007554 
6259.209589  	-0.007896 
6260.641247  	-0.010000 
6262.072905  	-0.012022 
6263.504563  	-0.008527 
6264.936221  	-0.006376 
6266.367880  	-0.008110 
6267.799538  	-0.009474 
6269.231196  	-0.010155 
6270.662854  	-0.008143 
6272.094512  	-0.005951 
6273.526171  	-0.008150 
6274.957829  	-0.011305 
6276.389487  	-0.013454 
6277.821145  	-0.014256 
6279.252803  	-0.014039 
6280.684461  	-0.015066 
6282.116120  	-0.013687 
6283.547778  	-0.010595 
6284.979436  	-0.009889 
6286.411094  	-0.008024 
6287.842752  	-0.007133 
6289.274411  	-0.008616 
6290.706069  	-0.006067 
6292.137727  	-0.004144 
6293.569385  	-0.007717 
6295.001043  	-0.010829 
6296.432702  	-0.011724 
6297.864360  	-0.012036 
6299.296018  	-0.011751 
6300.727676  	-0.010943 
6302.159334  	-0.010618 
6303.590992  	-0.012475 
6305.022651  	-0.013474 
6306.454309  	-0.012767 
6307.885967  	-0.013063 
6309.317625  	-0.010537 
6310.749283  	-0.008218 
6312.180942  	-0.010967 
6313.612600  	-0.011145 
6315.044258  	-0.009183 
6316.475916  	-0.009768 
6317.907574  	-0.008325 
6319.339232  	-0.007729 
6320.770891  	-0.010477 
6322.202549  	-0.010454 
6323.634207  	-0.009723 
6325.065865  	-0.011194 
6326.497523  	-0.010118 
6327.929182  	-0.006425 
6329.360840  	-0.006590 
6330.792498  	-0.010654 
6332.224156  	-0.010460 
6333.655814  	-0.007273 
6335.087473  	-0.007987 
6336.519131  	-0.009318 
6337.950789  	-0.010126 
6339.382447  	-0.012611 
6340.814105  	-0.012678 
6342.245763  	-0.011080 
6343.677422  	-0.010406 
6345.109080  	-0.010417 
6346.540738  	-0.012586 
6347.972396  	-0.011693 
6349.404054  	-0.006692 
6350.835713  	-0.007113 
6352.267371  	-0.011817 
6353.699029  	-0.014019 
6355.130687  	-0.014988 
6356.562345  	-0.014012 
6357.994003  	-0.010314 
6359.425662  	-0.009242 
6360.857320  	-0.012411 
6362.288978  	-0.013062 
6363.720636  	-0.010087 
6365.152294  	-0.010054 
6366.583953  	-0.011047 
6368.015611  	-0.009934 
6369.447269  	-0.010571 
6370.878927  	-0.010646 
6372.310585  	-0.008893 
6373.742244  	-0.009382 
6375.173902  	-0.009800 
6376.605560  	-0.010041 
6378.037218  	-0.011676 
6379.468876  	-0.010879 
6380.900534  	-0.008827 
6382.332193  	-0.008507 
6383.763851  	-0.009572 
6385.195509  	-0.010583 
6386.627167  	-0.010368 
6388.058825  	-0.011218 
6389.490484  	-0.011148 
6390.922142  	-0.009526 
6392.353800  	-0.012531 
6393.785458  	-0.012621 
6395.217116  	-0.007800 
6396.648775  	-0.010675 
6398.080433  	-0.012015 
6399.512091  	-0.007481 
6400.943749  	-0.011926 
6402.375407  	-0.015545 
6403.807065  	-0.009280 
6405.238724  	-0.007024 
6406.670382  	-0.008606 
6408.102040  	-0.008026 
6409.533698  	-0.007933 
6410.965356  	-0.008207 
6412.397015  	-0.009295 
6413.828673  	-0.009613 
6415.260331  	-0.008244 
6416.691989  	-0.009324 
6418.123647  	-0.009986 
6419.555305  	-0.006672 
6420.986964  	-0.004040 
6422.418622  	-0.005595 
6423.850280  	-0.007778 
6425.281938  	-0.006612 
6426.713596  	-0.005627 
6428.145255  	-0.006654 
6429.576913  	-0.005876 
6431.008571  	-0.007153 
6432.440229  	-0.013260 
6433.871887  	-0.017018 
6435.303546  	-0.016497 
6436.735204  	-0.014147 
6438.166862  	-0.011295 
6439.598520  	-0.008898 
6441.030178  	-0.008818 
6442.461836  	-0.013573 
6443.893495  	-0.015425 
6445.325153  	-0.008323 
6446.756811  	-0.004322 
6448.188469  	-0.006193 
6449.620127  	-0.006693 
6451.051786  	-0.007689 
6452.483444  	-0.007818 
6453.915102  	-0.007268 
6455.346760  	-0.010428 
6456.778418  	-0.011496 
6458.210077  	-0.010539 
6459.641735  	-0.011840 
6461.073393  	-0.008785 
6462.505051  	-0.004591 
6463.936709  	-0.007743 
6465.368367  	-0.011530 
6466.800026  	-0.011216 
6468.231684  	-0.011196 
6469.663342  	-0.010390 
6471.095000  	-0.006111 
6472.526658  	-0.003352 
6473.958317  	-0.006282 
6475.389975  	-0.011303 
6476.821633  	-0.014513 
6478.253291  	-0.014177 
6479.684949  	-0.009981 
6481.116607  	-0.007739 
6482.548266  	-0.008382 
6483.979924  	-0.006875 
6485.411582  	-0.006082 
6486.843240  	-0.009016 
6488.274898  	-0.010833 
6489.706557  	-0.010321 
6491.138215  	-0.010044 
6492.569873  	-0.009005 
6494.001531  	-0.006708 
6495.433189  	-0.005655 
6496.864848  	-0.005348 
6498.296506  	-0.005100 
6499.728164  	-0.007685 
6501.159822  	-0.010288 
6502.591480  	-0.009681 
6504.023138  	-0.010310 
6505.454797  	-0.011961 
6506.886455  	-0.011390 
6508.318113  	-0.010392 
6509.749771  	-0.009040 
6511.181429  	-0.009847 
6512.613088  	-0.010379 
6514.044746  	-0.004165 
6515.476404  	-0.001874 
6516.908062  	-0.008507 
6518.339720  	-0.010341 
6519.771379  	-0.007792 
6521.203037  	-0.009973 
6522.634695  	-0.012516 
6524.066353  	-0.010594 
6525.498011  	-0.008115 
6526.929669  	-0.011061 
6528.361328  	-0.014479 
6529.792986  	-0.009164 
6531.224644  	-0.002146 
6532.656302  	-0.002532 
6534.087960  	-0.007109 
6535.519619  	-0.010599 
6536.951277  	-0.010747 
6538.382935  	-0.009565 
6539.814593  	-0.009401 
6541.246251  	-0.010643 
6542.677909  	-0.013407 
6544.109568  	-0.011588 
6545.541226  	-0.007766 
6546.972884  	-0.012177 
6548.404542  	-0.015963 
6549.836200  	-0.014976 
6551.267859  	-0.016514 
6552.699517  	-0.012702 
6554.131175  	-0.006442 
6555.562833  	-0.008685 
6556.994491  	-0.009486 
6558.426150  	-0.005788 
6559.857808  	-0.005281 
6561.289466  	-0.006559 
6562.721124  	-0.009472 
6564.152782  	-0.012584 
6565.584440  	-0.011463 
6567.016099  	-0.007731 
6568.447757  	-0.004490 
6569.879415  	-0.003193 
6571.311073  	-0.002801 
6572.742731  	-0.004626 
6574.174390  	-0.009681 
6575.606048  	-0.009241 
6577.037706  	-0.005366 
6578.469364  	-0.007452 
6579.901022  	-0.007588 
6581.332680  	-0.005232 
6582.764339  	-0.009806 
6584.195997  	-0.014132 
6585.627655  	-0.012734 
6587.059313  	-0.009698 
6588.490971  	-0.006590 
6589.922630  	-0.006459 
6591.354288  	-0.006856 
6592.785946  	-0.002606 
6594.217604  	0.000971 
6595.649262  	-0.002319 
6597.080921  	-0.007411 
6598.512579  	-0.006756 
6599.944237  	-0.004504 
6601.375895  	-0.008199 
6602.807553  	-0.012337 
6604.239211  	-0.011046 
6605.670870  	-0.008444 
6607.102528  	-0.007673 
6608.534186  	-0.008167 
6609.965844  	-0.006317 
6611.397502  	-0.002989 
6612.829161  	-0.004373 
6614.260819  	-0.008642 
6615.692477  	-0.010850 
6617.124135  	-0.011240 
6618.555793  	-0.010404 
6619.987452  	-0.009025 
6621.419110  	-0.005849 
6622.850768  	-0.002448 
6624.282426  	-0.001276 
6625.714084  	0.001058 
6627.145742  	0.001344 
6628.577401  	-0.004004 
6630.009059  	-0.007373 
6631.440717  	-0.005974 
6632.872375  	-0.002513 
6634.304033  	-0.001002 
6635.735692  	-0.005688 
6637.167350  	-0.007349 
6638.599008  	-0.003835 
6640.030666  	-0.006478 
6641.462324  	-0.010264 
6642.893982  	-0.010663 
6644.325641  	-0.013156 
6645.757299  	-0.012050 
6647.188957  	-0.006315 
6648.620615  	-0.002499 
6650.052273  	-0.001633 
6651.483932  	-0.004747 
6652.915590  	-0.008541 
6654.347248  	-0.008638 
6655.778906  	-0.007336 
6657.210564  	-0.005204 
6658.642223  	-0.002715 
6660.073881  	-0.000344 
6661.505539  	0.000246 
6662.937197  	-0.004624 
6664.368855  	-0.009870 
6665.800513  	-0.010039 
6667.232172  	-0.009225 
6668.663830  	-0.007885 
6670.095488  	-0.006159 
6671.527146  	-0.007034 
6672.958804  	-0.008379 
6674.390463  	-0.007525 
6675.822121  	-0.004950 
6677.253779  	-0.004197 
6678.685437  	-0.006707 
6680.117095  	-0.007650 
6681.548754  	-0.006313 
6682.980412  	-0.005149 
6684.412070  	-0.005276 
6685.843728  	-0.007813 
6687.275386  	-0.008328 
6688.707044  	-0.005703 
6690.138703  	-0.005018 
6691.570361  	-0.006582 
6693.002019  	-0.010022 
6694.433677  	-0.011271 
6695.865335  	-0.005938 
6697.296994  	-0.002424 
6698.728652  	-0.003823 
6700.160310  	-0.005537 
6701.591968  	-0.008010 
6703.023626  	-0.008462 
6704.455284  	-0.006888 
6705.886943  	-0.006327 
6707.318601  	-0.003455 
6708.750259  	-0.001206 
6710.181917  	-0.003356 
6711.613575  	-0.007368 
6713.045234  	-0.011489 
6714.476892  	-0.010888 
6715.908550  	-0.008437 
6717.340208  	-0.011909 
6718.771866  	-0.014456 
6720.203525  	-0.013697 
6721.635183  	-0.013749 
6723.066841  	-0.011494 
6724.498499  	-0.010894 
6725.930157  	-0.013385 
6727.361815  	-0.010640 
6728.793474  	-0.005181 
6730.225132  	-0.004719 
6731.656790  	-0.009808 
6733.088448  	-0.013878 
6734.520106  	-0.010484 
6735.951765  	-0.004420 
6737.383423  	-0.002081 
6738.815081  	-0.003164 
6740.246739  	-0.006231 
6741.678397  	-0.010216 
6743.110056  	-0.012145 
6744.541714  	-0.009353 
6745.973372  	-0.009609 
6747.405030  	-0.018908 
6748.836688  	-0.021178 
6750.268346  	-0.013138 
6751.700005  	-0.009768 
6753.131663  	-0.007498 
6754.563321  	-0.007455 
6755.994979  	-0.014684 
6757.426637  	-0.014278 
6758.858296  	-0.008129 
6760.289954  	-0.007291 
6761.721612  	-0.004555 
6763.153270  	-0.002866 
6764.584928  	-0.005144 
6766.016586  	-0.004611 
6767.448245  	-0.004750 
6768.879903  	-0.006091 
6770.311561  	-0.005938 
6771.743219  	-0.005804 
6773.174877  	-0.004214 
6774.606536  	-0.004906 
6776.038194  	-0.007123 
6777.469852  	-0.003931 
6778.901510  	-0.002265 
6780.333168  	-0.006804 
6781.764827  	-0.011016 
6783.196485  	-0.009655 
6784.628143  	-0.003014 
6786.059801  	-0.000607 
6787.491459  	-0.002911 
6788.923117  	-0.002735 
6790.354776  	-0.005563 
6791.786434  	-0.009577 
6793.218092  	-0.008371 
6794.649750  	-0.008827 
6796.081408  	-0.008733 
6797.513067  	-0.004972 
6798.944725  	-0.005155 
6800.376383  	-0.007098 
6801.808041  	-0.007076 
6803.239699  	-0.006989 
6804.671357  	-0.005942 
6806.103016  	-0.006874 
6807.534674  	-0.010965 
6808.966332  	-0.013430 
6810.397990  	-0.012120 
6811.829648  	-0.009225 
6813.261307  	-0.007371 
6814.692965  	-0.004072 
6816.124623  	0.000016 
6817.556281  	-0.002060 
6818.987939  	-0.006049 
6820.419598  	-0.005343 
6821.851256  	-0.007470 
6823.282914  	-0.014150 
6824.714572  	-0.016669 
6826.146230  	-0.014053 
6827.577888  	-0.011922 
6829.009547  	-0.009586 
6830.441205  	-0.005409 
6831.872863  	-0.004038 
6833.304521  	-0.003708 
6834.736179  	-0.000177 
6836.167838  	0.000113 
6837.599496  	-0.005019 
6839.031154  	-0.007367 
6840.462812  	-0.004976 
6841.894470  	-0.002421 
6843.326129  	-0.003020 
6844.757787  	-0.006024 
6846.189445  	-0.009898 
6847.621103  	-0.012097 
6849.052761  	-0.010096 
6850.484419  	-0.009277 
6851.916078  	-0.010231 
6853.347736  	-0.007514 
6854.779394  	-0.009574 
6856.211052  	-0.015088 
6857.642710  	-0.010933 
6859.074369  	-0.006418 
6860.506027  	-0.006130 
6861.937685  	-0.003746 
6863.369343  	-0.005495 
6864.801001  	-0.006960 
6866.232659  	-0.005395 
6867.664318  	-0.009236 
6869.095976  	-0.008962 
6870.527634  	-0.005446 
6871.959292  	-0.007563 
6873.390950  	-0.006499 
6874.822609  	-0.005949 
6876.254267  	-0.007927 
6877.685925  	-0.000863 
6879.117583  	0.003046 
6880.549241  	-0.003405 
6881.980900  	-0.008237 
6883.412558  	-0.010664 
6884.844216  	-0.009307 
6886.275874  	-0.006047 
6887.707532  	-0.009517 
6889.139190  	-0.011062 
6890.570849  	-0.007427 
6892.002507  	-0.010162 
6893.434165  	-0.013743 
6894.865823  	-0.005712 
6896.297481  	0.003327 
6897.729140  	-0.002302 
6899.160798  	-0.011656 
6900.592456  	-0.009811 
6902.024114  	-0.005184 
6903.455772  	-0.003793 
6904.887431  	-0.000995 
6906.319089  	0.000918 
6907.750747  	-0.000448 
6909.182405  	-0.003522 
6910.614063  	-0.005070 
6912.045721  	-0.001183 
6913.477380  	0.002478 
6914.909038  	-0.000024 
6916.340696  	-0.003203 
6917.772354  	-0.001237 
6919.204012  	0.000467 
6920.635671  	-0.003970 
6922.067329  	-0.005797 
6923.498987  	-0.000644 
6924.930645  	0.000762 
6926.362303  	-0.000084 
6927.793961  	-0.001071 
6929.225620  	-0.007017 
6930.657278  	-0.009352 
6932.088936  	-0.008873 
6933.520594  	-0.012189 
6934.952252  	-0.008488 
6936.383911  	-0.001652 
6937.815569  	-0.003644 
6939.247227  	-0.009021 
6940.678885  	-0.011703 
6942.110543  	-0.009060 
6943.542202  	-0.007742 
6944.973860  	-0.012196 
6946.405518  	-0.009989 
6947.837176  	-0.006477 
6949.268834  	-0.008808 
6950.700492  	-0.002991 
6952.132151  	0.002469 
6953.563809  	-0.005144 
6954.995467  	-0.013219 
6956.427125  	-0.014853 
6957.858783  	-0.011815 
6959.290442  	-0.008655 
6960.722100  	-0.009043 
6962.153758  	-0.007430 
6963.585416  	-0.008120 
6965.017074  	-0.014086 
6966.448732  	-0.017007 
6967.880391  	-0.019011 
6969.312049  	-0.017316 
6970.743707  	-0.012933 
6972.175365  	-0.017759 
6973.607023  	-0.018057 
6975.038682  	-0.007900 
6976.470340  	-0.007970 
6977.901998  	-0.015377 
6979.333656  	-0.016193 
6980.765314  	-0.013645 
6982.196973  	-0.010793 
6983.628631  	-0.009096 
6985.060289  	-0.008418 
6986.491947  	-0.008062 
6987.923605  	-0.008085 
6989.355263  	-0.006103 
6990.786922  	-0.003405 
6992.218580  	-0.001341 
6993.650238  	-0.000505 
6995.081896  	-0.003964 
6996.513554  	-0.008728 
6997.945213  	-0.012126 
6999.376871  	-0.013691 
7000.808529  	-0.010525 
7002.240187  	-0.010212 
7003.671845  	-0.014005 
7005.103504  	-0.010087 
7006.535162  	-0.002443 
7007.966820  	-0.000643 
7009.398478  	-0.005838 
7010.830136  	-0.012476 
7012.261794  	-0.009433 
7013.693453  	-0.002113 
7015.125111  	-0.002253 
7016.556769  	-0.002696 
7017.988427  	-0.001880 
7019.420085  	-0.004364 
7020.851744  	-0.005919 
7022.283402  	-0.007711 
7023.715060  	-0.009149 
7025.146718  	-0.009591 
7026.578376  	-0.012000 
7028.010034  	-0.009234 
7029.441693  	-0.002805 
7030.873351  	-0.003460 
7032.305009  	-0.006321 
7033.736667  	-0.007350 
7035.168325  	-0.009965 
7036.599984  	-0.010095 
7038.031642  	-0.007144 
7039.463300  	-0.005314 
7040.894958  	-0.004170 
7042.326616  	-0.003237 
7043.758275  	-0.006057 
7045.189933  	-0.010416 
7046.621591  	-0.006929 
7048.053249  	0.000238 
7049.484907  	-0.001254 
7050.916565  	-0.004066 
7052.348224  	-0.001739 
7053.779882  	-0.003799 
7055.211540  	-0.008955 
7056.643198  	-0.011586 
7058.074856  	-0.013666 
7059.506515  	-0.008916 
7060.938173  	-0.001149 
7062.369831  	-0.006558 
7063.801489  	-0.013567 
7065.233147  	-0.004348 
7066.664806  	0.002479 
7068.096464  	-0.003058 
7069.528122  	-0.003457 
7070.959780  	-0.003339 
7072.391438  	-0.009827 
7073.823096  	-0.007496 
7075.254755  	-0.002023 
7076.686413  	-0.005104 
7078.118071  	-0.006550 
7079.549729  	-0.006391 
7080.981387  	-0.008754 
7082.413046  	-0.007899 
7083.844704  	-0.007451 
7085.276362  	-0.010620 
7086.708020  	-0.013385 
7088.139678  	-0.014013 
7089.571336  	-0.008888 
7091.002995  	-0.004455 
7092.434653  	-0.007053 
7093.866311  	-0.006812 
7095.297969  	-0.003766 
7096.729627  	-0.008266 
7098.161286  	-0.012394 
7099.592944  	-0.008998 
7101.024602  	-0.004600 
7102.456260  	-0.002788 
7103.887918  	-0.004056 
7105.319577  	-0.008536 
7106.751235  	-0.008324 
7108.182893  	-0.000334 
7109.614551  	0.002633 
7111.046209  	-0.000210 
7112.477867  	0.000879 
7113.909526  	0.002979 
7115.341184  	0.000393 
7116.772842  	-0.001628 
7118.204500  	-0.001915 
7119.636158  	-0.003963 
7121.067817  	-0.004919 
7122.499475  	-0.004075 
7123.931133  	-0.006280 
7125.362791  	-0.010686 
7126.794449  	-0.010002 
7128.226108  	-0.003486 
7129.657766  	-0.000949 
7131.089424  	-0.006677 
7132.521082  	-0.012130 
7133.952740  	-0.008594 
7135.384398  	-0.001707 
7136.816057  	0.002237 
7138.247715  	0.004666 
7139.679373  	-0.001771 
7141.111031  	-0.014237 
7142.542689  	-0.011734 
7143.974348  	0.000095 
7145.406006  	0.001095 
7146.837664  	-0.006688 
7148.269322  	-0.010997 
7149.700980  	-0.004508 
7151.132638  	0.004004 
7152.564297  	-0.002677 
7153.995955  	-0.009268 
7155.427613  	-0.003992 
7156.859271  	-0.002682 
7158.290929  	-0.002495 
7159.722588  	-0.002612 
7161.154246  	-0.012690 
7162.585904  	-0.013917 
7164.017562  	-0.003973 
7165.449220  	-0.003656 
7166.880879  	-0.008053 
7168.312537  	-0.009812 
7169.744195  	-0.008296 
7171.175853  	-0.002084 
7172.607511  	0.001294 
7174.039169  	0.002508 
7175.470828  	0.002442 
7176.902486  	-0.004043 
7178.334144  	-0.007205 
7179.765802  	-0.003304 
7181.197460  	-0.003274 
7182.629119  	-0.005921 
7184.060777  	-0.007913 
7185.492435  	-0.010187 
7186.924093  	-0.009143 
7188.355751  	-0.004343 
7189.787409  	-0.000014 
7191.219068  	-0.000200 
7192.650726  	-0.003524 
7194.082384  	-0.006133 
7195.514042  	-0.008738 
7196.945700  	-0.008976 
7198.377359  	-0.006745 
7199.809017  	-0.006352 
7201.240675  	-0.005344 
7202.672333  	-0.005312 
7204.103991  	-0.008429 
7205.535650  	-0.006998 
7206.967308  	-0.002881 
7208.398966  	-0.001903 
7209.830624  	-0.002038 
7211.262282  	-0.003483 
7212.693940  	-0.002595 
7214.125599  	-0.001435 
7215.557257  	-0.007178 
7216.988915  	-0.008542 
7218.420573  	-0.000566 
7219.852231  	0.005656 
7221.283890  	0.007819 
7222.715548  	0.003550 
7224.147206  	-0.007650 
7225.578864  	-0.014819 
7227.010522  	-0.014249 
7228.442181  	-0.006890 
7229.873839  	0.002796 
7231.305497  	0.001368 
7232.737155  	-0.009396 
7234.168813  	-0.011670 
7235.600471  	-0.006139 
7237.032130  	-0.003575 
7238.463788  	-0.007499 
7239.895446  	-0.013300 
7241.327104  	-0.014319 
7242.758762  	-0.013968 
7244.190421  	-0.013507 
7245.622079  	-0.012363 
7247.053737  	-0.014599 
7248.485395  	-0.012187 
7249.917053  	-0.006246 
7251.348711  	-0.011757 
7252.780370  	-0.016758 
7254.212028  	-0.008293 
7255.643686  	-0.004374 
7257.075344  	-0.007048 
7258.507002  	-0.007266 
7259.938661  	-0.010150 
7261.370319  	-0.009966 
7262.801977  	-0.001973 
7264.233635  	0.000973 
7265.665293  	-0.003398 
7267.096952  	-0.008983 
7268.528610  	-0.013720 
7269.960268  	-0.014738 
7271.391926  	-0.011468 
7272.823584  	-0.007911 
7274.255242  	-0.011287 
7275.686901  	-0.016391 
7277.118559  	-0.013259 
7278.550217  	-0.010231 
7279.981875  	-0.008568 
7281.413533  	-0.001409 
7282.845192  	-0.001968 
7284.276850  	-0.006885 
7285.708508  	-0.002930 
7287.140166  	-0.004367 
7288.571824  	-0.012778 
7290.003483  	-0.010626 
7291.435141  	-0.003051 
7292.866799  	-0.002118 
7294.298457  	-0.008280 
7295.730115  	-0.011497 
7297.161773  	-0.008842 
7298.593432  	-0.011117 
7300.025090  	-0.011199 
7301.456748  	-0.006267 
7302.888406  	-0.008966 
7304.320064  	-0.006461 
7305.751723  	0.001456 
7307.183381  	-0.002319 
7308.615039  	-0.003832 
7310.046697  	-0.000983 
7311.478355  	-0.005973 
7312.910013  	-0.005824 
7314.341672  	-0.006518 
7315.773330  	-0.017112 
7317.204988  	-0.017332 
7318.636646  	-0.012232 
7320.068304  	-0.015817 
7321.499963  	-0.015864 
7322.931621  	-0.011562 
7324.363279  	-0.009254 
7325.794937  	-0.005067 
7327.226595  	-0.000954 
7328.658254  	-0.002403 
7330.089912  	-0.003509 
7331.521570  	-0.000557 
7332.953228  	-0.001656 
7334.384886  	-0.004658 
7335.816544  	-0.004862 
7337.248203  	-0.005520 
7338.679861  	-0.004909 
7340.111519  	-0.003966 
7341.543177  	-0.008988 
7342.974835  	-0.012634 
7344.406494  	-0.015964 
7345.838152  	-0.020888 
7347.269810  	-0.017194 
7348.701468  	-0.010841 
7350.133126  	-0.002965 
7351.564785  	0.005553 
7352.996443  	-0.001714 
7354.428101  	-0.011895 
7355.859759  	-0.006888 
7357.291417  	-0.003889 
7358.723075  	-0.002487 
7360.154734  	0.000341 
7361.586392  	-0.005766 
7363.018050  	-0.009930 
7364.449708  	-0.008108 
7365.881366  	-0.007548 
7367.313025  	-0.008375 
7368.744683  	-0.015012 
7370.176341  	-0.012532 
7371.607999  	0.003086 
7373.039657  	0.003050 
7374.471315  	-0.005426 
7375.902974  	-0.006361 
7377.334632  	-0.010762 
7378.766290  	-0.009940 
7380.197948  	-0.000520 
7381.629606  	0.000396 
7383.061265  	-0.006466 
7384.492923  	-0.012109 
7385.924581  	-0.008827 
7387.356239  	-0.000517 
7388.787897  	-0.004209 
7390.219556  	-0.015203 
7391.651214  	-0.019617 
7393.082872  	-0.018180 
7394.514530  	-0.012601 
7395.946188  	-0.005876 
7397.377846  	-0.003714 
7398.809505  	-0.009678 
7400.241163  	-0.016515 
7401.672821  	-0.008280 
7403.104479  	0.004758 
7404.536137  	0.006227 
7405.967796  	0.002617 
7407.399454  	-0.005171 
7408.831112  	-0.015675 
7410.262770  	-0.016701 
7411.694428  	-0.015402 
7413.126086  	-0.016384 
7414.557745  	-0.009156 
7415.989403  	-0.000643 
7417.421061  	-0.001415 
7418.852719  	-0.006412 
7420.284377  	-0.005538 
7421.716036  	-0.003983 
7423.147694  	-0.011129 
7424.579352  	-0.017370 
7426.011010  	-0.016056 
7427.442668  	-0.012180 
7428.874327  	-0.001092 
7430.305985  	0.005694 
7431.737643  	-0.003861 
7433.169301  	-0.011679 
7434.600959  	-0.018046 
7436.032617  	-0.025331 
7437.464276  	-0.012376 
7438.895934  	0.004297 
7440.327592  	0.001571 
7441.759250  	-0.004694 
7443.190908  	-0.008550 
7444.622567  	-0.011378 
7446.054225  	-0.007618 
7447.485883  	-0.012852 
7448.917541  	-0.025098 
7450.349199  	-0.022187 
7451.780858  	-0.010992 
7453.212516  	-0.007269 
7454.644174  	-0.007402 
7456.075832  	-0.006943 
7457.507490  	-0.000993 
7458.939148  	0.007113 
7460.370807  	0.006742 
7461.802465  	0.001258 
7463.234123  	-0.007933 
7464.665781  	-0.015844 
7466.097439  	-0.009391 
7467.529098  	-0.001744 
7468.960756  	-0.007212 
7470.392414  	-0.010953 
7471.824072  	-0.010616 
7473.255730  	-0.017638 
7474.687388  	-0.017928 
7476.119047  	-0.005672 
7477.550705  	-0.000131 
7478.982363  	-0.009396 
7480.414021  	-0.017317 
7481.845679  	-0.014549 
7483.277338  	-0.006994 
7484.708996  	0.000826 
7486.140654  	0.003296 
7487.572312  	-0.006746 
7489.003970  	-0.014848 
7490.435629  	-0.006500 
7491.867287  	0.006309 
7493.298945  	0.010298 
7494.730603  	-0.000885 
7496.162261  	-0.019414 
7497.593919  	-0.024355 
7499.025578  	-0.019019 
7500.457236  	-0.016193 
7501.888894  	-0.012692 
7503.320552  	-0.016771 
7504.752210  	-0.023727 
7506.183869  	-0.010053 
7507.615527  	0.008155 
7509.047185  	0.006247 
7510.478843  	-0.000883 
7511.910501  	-0.001808 
7513.342160  	-0.008802 
7514.773818  	-0.013794 
7516.205476  	-0.002911 
7517.637134  	0.000911 
7519.068792  	-0.012949 
7520.500450  	-0.014481 
7521.932109  	-0.005130 
7523.363767  	-0.006518 
7524.795425  	-0.008592 
7526.227083  	-0.011770 
7527.658741  	-0.016821 
7529.090400  	-0.007730 
7530.522058  	0.002879 
7531.953716  	0.007638 
7533.385374  	0.011933 
7534.817032  	0.002489 
7536.248690  	-0.007841 
7537.680349  	-0.004117 
7539.112007  	-0.007198 
7540.543665  	-0.012040 
7541.975323  	-0.004806 
7543.406981  	-0.004387 
7544.838640  	-0.015476 
7546.270298  	-0.022188 
7547.701956  	-0.016672 
7549.133614  	-0.004161 
7550.565272  	0.002244 
7551.996931  	0.002320 
7553.428589  	-0.000669 
7554.860247  	-0.011760 
7556.291905  	-0.019849 
7557.723563  	-0.018289 
7559.155221  	-0.017489 
7560.586880  	-0.019711 
7562.018538  	-0.022853 
7563.450196  	-0.023108 
7564.881854  	-0.015823 
7566.313512  	-0.008049 
7567.745171  	-0.008390 
7569.176829  	-0.014029 
7570.608487  	-0.018362 
7572.040145  	-0.021256 
7573.471803  	-0.017189 
7574.903461  	-0.002003 
7576.335120  	0.003115 
7577.766778  	-0.010265 
7579.198436  	-0.017813 
7580.630094  	-0.018568 
7582.061752  	-0.019631 
7583.493411  	-0.011553 
7584.925069  	-0.007516 
7586.356727  	-0.011842 
7587.788385  	-0.003862 
7589.220043  	0.002457 
7590.651702  	-0.006476 
7592.083360  	-0.015351 
7593.515018  	-0.021620 
7594.946676  	-0.022644 
7596.378334  	-0.010282 
7597.809992  	0.000316 
7599.241651  	0.000446 
7600.673309  	-0.002962 
7602.104967  	-0.007468 
7603.536625  	-0.012226 
7604.968283  	-0.022456 
7606.399942  	-0.036407 
7607.831600  	-0.036181 
7609.263258  	-0.018523 
7610.694916  	-0.002716 
7612.126574  	-0.002760 
7613.558233  	-0.012433 
7614.989891  	-0.012747 
7616.421549  	-0.005749 
7617.853207  	-0.011836 
7619.284865  	-0.022585 
7620.716523  	-0.014293 
7622.148182  	0.002917 
7623.579840  	0.007717 
7625.011498  	-0.000741 
7626.443156  	-0.018689 
7627.874814  	-0.031073 
7629.306473  	-0.019240 
7630.738131  	-0.002689 
7632.169789  	-0.000607 
7633.601447  	-0.002495 
7635.033105  	-0.007956 
7636.464763  	-0.014562 
7637.896422  	-0.014443 
7639.328080  	-0.023073 
7640.759738  	-0.035820 
7642.191396  	-0.027165 
7643.623054  	-0.012625 
7645.054713  	-0.011258 
7646.486371  	-0.012957 
7647.918029  	-0.014483 
7649.349687  	-0.013050 
7650.781345  	-0.005172 
7652.213004  	0.001115 
7653.644662  	-0.000608 
7655.076320  	-0.010282 
7656.507978  	-0.014336 
7657.939636  	-0.007332 
7659.371294  	-0.007861 
7660.802953  	-0.016797 
7662.234611  	-0.016937 
7663.666269  	-0.011522 
7665.097927  	-0.008598 
7666.529585  	-0.004145 
7667.961244  	0.000810 
7669.392902  	-0.003345 
7670.824560  	-0.013180 
7672.256218  	-0.011904 
7673.687876  	-0.003641 
7675.119535  	-0.003197 
7676.551193  	-0.002929 
7677.982851  	-0.003677 
7679.414509  	-0.010619 
7680.846167  	-0.011665 
7682.277825  	-0.013412 
7683.709484  	-0.012066 
7685.141142  	0.003058 
7686.572800  	-0.001098 
7688.004458  	-0.021917 
7689.436116  	-0.018332 
7690.867775  	-0.010855 
7692.299433  	-0.016805 
7693.731091  	-0.011847 
7695.162749  	-0.006740 
7696.594407  	-0.015253 
7698.026065  	-0.017037 
7699.457724  	-0.011099 
7700.889382  	-0.014170 
7702.321040  	-0.022987 
7703.752698  	-0.025236 
7705.184356  	-0.024911 
7706.616015  	-0.024583 
7708.047673  	-0.019135 
7709.479331  	-0.020236 
7710.910989  	-0.022041 
7712.342647  	-0.008973 
7713.774306  	-0.007546 
7715.205964  	-0.018479 
7716.637622  	-0.010357 
7718.069280  	-0.000665 
7719.500938  	-0.003662 
7720.932596  	-0.005948 
7722.364255  	-0.016002 
7723.795913  	-0.025818 
7725.227571  	-0.025357 
7726.659229  	-0.024902 
7728.090887  	-0.020390 
7729.522546  	-0.015904 
7730.954204  	-0.020762 
7732.385862  	-0.019785 
7733.817520  	-0.014562 
7735.249178  	-0.014550 
7736.680837  	-0.014466 
7738.112495  	-0.009462 
7739.544153  	0.001157 
7740.975811  	0.003376 
7742.407469  	-0.011313 
7743.839127  	-0.017636 
7745.270786  	-0.006416 
7746.702444  	0.000547 
7748.134102  	-0.004085 
7749.565760  	-0.012676 
7750.997418  	-0.019572 
7752.429077  	-0.018183 
7753.860735  	-0.012202 
7755.292393  	-0.010250 
7756.724051  	-0.004974 
7758.155709  	0.006214 
7759.587367  	-0.004485 
7761.019026  	-0.028359 
7762.450684  	-0.024065 
7763.882342  	-0.006492 
7765.314000  	-0.003471 
7766.745658  	-0.011424 
7768.177317  	-0.026381 
7769.608975  	-0.015650 
7771.040633  	0.012737 
7772.472291  	0.001750 
7773.903949  	-0.023634 
7775.335608  	-0.014468 
7776.767266  	-0.002136 
7778.198924  	0.004269 
7779.630582  	0.002106 
7781.062240  	-0.017989 
7782.493898  	-0.020899 
7783.925557  	-0.007662 
7785.357215  	-0.010639 
7786.788873  	-0.014170 
7788.220531  	-0.014186 
7789.652189  	-0.017899 
7791.083848  	-0.013916 
7792.515506  	-0.003458 
7793.947164  	0.001864 
7795.378822  	-0.004322 
7796.810480  	-0.009105 
7798.242138  	-0.001820 
7799.673797  	-0.003378 
7801.105455  	-0.014533 
7802.537113  	-0.024980 
7803.968771  	-0.031642 
7805.400429  	-0.012901 
7806.832088  	0.013737 
7808.263746  	0.013832 
7809.695404  	-0.005320 
7811.127062  	-0.025070 
7812.558720  	-0.021002 
7813.990379  	-0.000551 
7815.422037  	-0.011856 
7816.853695  	-0.035100 
7818.285353  	-0.031629 
7819.717011  	-0.023169 
7821.148669  	-0.009965 
7822.580328  	0.007672 
7824.011986  	0.008645 
7825.443644  	0.005533 
7826.875302  	0.001337 
7828.306960  	-0.009379 
7829.738619  	-0.014709 
7831.170277  	-0.020673 
7832.601935  	-0.019633 
7834.033593  	-0.003925 
7835.465251  	0.002629 
7836.896910  	-0.003029 
7838.328568  	-0.012457 
7839.760226  	-0.023241 
7841.191884  	-0.018451 
7842.623542  	-0.013723 
7844.055200  	-0.021797 
7845.486859  	-0.011885 
7846.918517  	-0.004289 
7848.350175  	-0.022341 
7849.781833  	-0.022235 
7851.213491  	-0.004899 
7852.645150  	-0.010122 
7854.076808  	-0.011114 
7855.508466  	0.006822 
7856.940124  	0.004326 
7858.371782  	-0.007056 
7859.803440  	-0.006722 
7861.235099  	-0.018775 
7862.666757  	-0.026363 
7864.098415  	-0.015984 
7865.530073  	-0.008728 
7866.961731  	0.003528 
7868.393390  	0.005513 
7869.825048  	-0.015545 
7871.256706  	-0.022425 
7872.688364  	-0.020959 
7874.120022  	-0.022003 
7875.551681  	-0.007221 
7876.983339  	-0.000123 
7878.414997  	-0.005845 
7879.846655  	0.002981 
7881.278313  	0.002768 
7882.709971  	-0.013461 
7884.141630  	-0.017212 
7885.573288  	-0.020793 
7887.004946  	-0.031056 
7888.436604  	-0.024390 
7889.868262  	-0.001703 
7891.299921  	0.010058 
7892.731579  	0.003145 
7894.163237  	-0.011328 
7895.594895  	-0.032024 
7897.026553  	-0.034510 
7898.458212  	0.000330 
7899.889870  	0.024697 