##TITLE=No Description
##DATA TYPE=INFRARED SPECTRUM
##XUNITS=1/CM
##YUNITS=Abs
349.324597  	0.258149 
350.756256  	0.208235 
352.187914  	-0.077961 
353.619572  	0.002490 
355.051230  	0.221857 
356.482888  	0.201321 
357.914546  	-0.103499 
359.346205  	-0.125185 
360.777863  	0.017081 
362.209521  	0.083203 
363.641179  	0.144964 
365.072837  	0.145846 
366.504496  	0.064065 
367.936154  	0.046882 
369.367812  	0.119821 
370.799470  	0.079100 
372.231128  	-0.029314 
373.662787  	-0.023678 
375.094445  	0.159080 
376.526103  	0.166635 
377.957761  	0.143873 
379.389419  	0.137362 
380.821077  	0.088587 
382.252736  	0.098953 
383.684394  	0.167728 
385.116052  	0.114790 
386.547710  	0.072614 
387.979368  	0.105857 
389.411027  	0.116743 
390.842685  	0.087117 
392.274343  	0.075225 
393.706001  	0.075050 
395.137659  	0.070936 
396.569317  	0.075472 
398.000976  	0.083688 
399.432634  	0.061666 
400.864292  	0.057765 
402.295950  	0.060929 
403.727608  	0.047891 
405.159267  	0.041474 
406.590925  	0.055617 
408.022583  	0.060362 
409.454241  	0.053959 
410.885899  	0.054252 
412.317558  	0.064009 
413.749216  	0.068148 
415.180874  	0.064352 
416.612532  	0.067107 
418.044190  	0.064669 
419.475848  	0.042281 
420.907507  	0.042491 
422.339165  	0.045940 
423.770823  	0.048219 
425.202481  	0.054583 
426.634139  	0.049953 
428.065798  	0.044914 
429.497456  	0.056469 
430.929114  	0.063185 
432.360772  	0.048866 
433.792430  	0.037497 
435.224089  	0.047212 
436.655747  	0.063633 
438.087405  	0.069264 
439.519063  	0.073063 
440.950721  	0.075146 
442.382379  	0.074519 
443.814038  	0.077200 
445.245696  	0.071548 
446.677354  	0.060975 
448.109012  	0.065970 
449.540670  	0.072014 
450.972329  	0.061549 
452.403987  	0.051350 
453.835645  	0.063028 
455.267303  	0.078798 
456.698961  	0.075174 
458.130619  	0.067367 
459.562278  	0.076177 
460.993936  	0.077923 
462.425594  	0.076097 
463.857252  	0.080593 
465.288910  	0.075921 
466.720569  	0.068081 
468.152227  	0.073178 
469.583885  	0.081475 
471.015543  	0.084591 
472.447201  	0.081716 
473.878860  	0.080723 
475.310518  	0.087163 
476.742176  	0.093490 
478.173834  	0.098393 
479.605492  	0.100554 
481.037150  	0.099599 
482.468809  	0.105315 
483.900467  	0.112013 
485.332125  	0.108663 
486.763783  	0.104714 
488.195441  	0.104508 
489.627100  	0.106931 
491.058758  	0.112226 
492.490416  	0.116141 
493.922074  	0.121953 
495.353732  	0.128841 
496.785391  	0.135304 
498.217049  	0.150160 
499.648707  	0.164984 
501.080365  	0.174350 
502.512023  	0.196807 
503.943681  	0.228246 
505.375340  	0.256594 
506.806998  	0.287391 
508.238656  	0.301026 
509.670314  	0.285997 
511.101972  	0.266258 
512.533631  	0.252220 
513.965289  	0.238006 
515.396947  	0.221024 
516.828605  	0.202417 
518.260263  	0.183162 
519.691921  	0.162132 
521.123580  	0.141426 
522.555238  	0.126292 
523.986896  	0.116270 
525.418554  	0.107412 
526.850212  	0.099319 
528.281871  	0.095233 
529.713529  	0.093942 
531.145187  	0.091576 
532.576845  	0.090580 
534.008503  	0.092489 
535.440162  	0.092030 
536.871820  	0.089814 
538.303478  	0.090206 
539.735136  	0.090569 
541.166794  	0.089528 
542.598452  	0.090957 
544.030111  	0.093903 
545.461769  	0.092886 
546.893427  	0.089716 
548.325085  	0.090348 
549.756743  	0.092841 
551.188402  	0.094697 
552.620060  	0.096766 
554.051718  	0.096642 
555.483376  	0.094582 
556.915034  	0.094454 
558.346692  	0.095839 
559.778351  	0.097246 
561.210009  	0.097835 
562.641667  	0.098035 
564.073325  	0.100085 
565.504983  	0.101935 
566.936642  	0.101798 
568.368300  	0.102295 
569.799958  	0.103132 
571.231616  	0.103859 
572.663274  	0.106178 
574.094933  	0.108581 
575.526591  	0.109577 
576.958249  	0.110418 
578.389907  	0.112792 
579.821565  	0.116016 
581.253223  	0.116733 
582.684882  	0.114864 
584.116540  	0.112889 
585.548198  	0.111411 
586.979856  	0.112612 
588.411514  	0.115837 
589.843173  	0.116433 
591.274831  	0.114904 
592.706489  	0.114990 
594.138147  	0.116555 
595.569805  	0.118352 
597.001464  	0.120476 
598.433122  	0.123603 
599.864780  	0.128185 
601.296438  	0.133666 
602.728096  	0.140210 
604.159754  	0.149367 
605.591413  	0.160720 
607.023071  	0.171729 
608.454729  	0.180426 
609.886387  	0.184005 
611.318045  	0.181336 
612.749704  	0.174958 
614.181362  	0.168119 
615.613020  	0.161129 
617.044678  	0.154240 
618.476336  	0.149779 
619.907994  	0.146624 
621.339653  	0.144827 
622.771311  	0.146174 
624.202969  	0.147673 
625.634627  	0.148219 
627.066285  	0.150398 
628.497944  	0.153465 
629.929602  	0.156216 
631.361260  	0.158902 
632.792918  	0.161994 
634.224576  	0.166534 
635.656235  	0.170128 
637.087893  	0.170226 
638.519551  	0.170372 
639.951209  	0.171763 
641.382867  	0.172271 
642.814525  	0.172896 
644.246184  	0.173278 
645.677842  	0.172840 
647.109500  	0.173341 
648.541158  	0.173474 
649.972816  	0.172834 
651.404475  	0.173398 
652.836133  	0.174095 
654.267791  	0.174961 
655.699449  	0.176261 
657.131107  	0.175241 
658.562766  	0.173259 
659.994424  	0.173300 
661.426082  	0.173765 
662.857740  	0.172919 
664.289398  	0.171721 
665.721056  	0.171617 
667.152715  	0.171499 
668.584373  	0.167671 
670.016031  	0.165324 
671.447689  	0.164589 
672.879347  	0.162408 
674.311006  	0.160418 
675.742664  	0.159290 
677.174322  	0.157497 
678.605980  	0.155250 
680.037638  	0.152646 
681.469296  	0.150741 
682.900955  	0.149552 
684.332613  	0.146659 
685.764271  	0.143408 
687.195929  	0.141536 
688.627587  	0.139247 
690.059246  	0.136709 
691.490904  	0.134783 
692.922562  	0.132613 
694.354220  	0.130069 
695.785878  	0.127639 
697.217537  	0.126061 
698.649195  	0.125730 
700.080853  	0.126479 
701.512511  	0.127694 
702.944169  	0.128098 
704.375827  	0.128787 
705.807486  	0.131419 
707.239144  	0.132860 
708.670802  	0.130951 
710.102460  	0.128226 
711.534118  	0.125395 
712.965777  	0.122595 
714.397435  	0.120861 
715.829093  	0.119011 
717.260751  	0.117603 
718.692409  	0.118165 
720.124067  	0.118620 
721.555726  	0.118027 
722.987384  	0.117795 
724.419042  	0.117830 
725.850700  	0.118287 
727.282358  	0.118860 
728.714017  	0.118534 
730.145675  	0.118478 
731.577333  	0.118982 
733.008991  	0.118909 
734.440649  	0.119393 
735.872308  	0.121238 
737.303966  	0.123774 
738.735624  	0.127383 
740.167282  	0.132222 
741.598940  	0.138076 
743.030598  	0.145055 
744.462257  	0.152355 
745.893915  	0.159127 
747.325573  	0.164712 
748.757231  	0.167772 
750.188889  	0.168266 
751.620548  	0.167912 
753.052206  	0.166926 
754.483864  	0.165320 
755.915522  	0.165069 
757.347180  	0.166805 
758.778839  	0.170524 
760.210497  	0.177582 
761.642155  	0.188145 
763.073813  	0.202196 
764.505471  	0.220128 
765.937129  	0.239389 
767.368788  	0.257014 
768.800446  	0.270641 
770.232104  	0.275382 
771.663762  	0.268003 
773.095420  	0.249109 
774.527079  	0.224028 
775.958737  	0.199160 
777.390395  	0.176770 
778.822053  	0.159268 
780.253711  	0.147413 
781.685369  	0.137326 
783.117028  	0.125988 
784.548686  	0.113159 
785.980344  	0.100422 
787.412002  	0.090176 
788.843660  	0.082428 
790.275319  	0.076540 
791.706977  	0.073476 
793.138635  	0.072840 
794.570293  	0.073094 
796.001951  	0.074642 
797.433610  	0.078635 
798.865268  	0.085076 
800.296926  	0.093035 
801.728584  	0.101892 
803.160242  	0.112181 
804.591900  	0.123580 
806.023559  	0.135189 
807.455217  	0.147302 
808.886875  	0.159940 
810.318533  	0.172697 
811.750191  	0.184383 
813.181850  	0.193817 
814.613508  	0.200821 
816.045166  	0.202788 
817.476824  	0.197711 
818.908482  	0.186718 
820.340141  	0.171022 
821.771799  	0.153678 
823.203457  	0.137929 
824.635115  	0.125260 
826.066773  	0.116500 
827.498431  	0.110502 
828.930090  	0.105787 
830.361748  	0.102629 
831.793406  	0.100807 
833.225064  	0.099887 
834.656722  	0.099654 
836.088381  	0.099339 
837.520039  	0.099820 
838.951697  	0.102045 
840.383355  	0.105027 
841.815013  	0.108623 
843.246671  	0.112777 
844.678330  	0.116721 
846.109988  	0.120318 
847.541646  	0.122437 
848.973304  	0.121802 
850.404962  	0.118658 
851.836621  	0.113904 
853.268279  	0.108539 
854.699937  	0.102963 
856.131595  	0.097823 
857.563253  	0.094365 
858.994912  	0.092516 
860.426570  	0.091122 
861.858228  	0.089123 
863.289886  	0.085663 
864.721544  	0.080448 
866.153202  	0.073267 
867.584861  	0.064662 
869.016519  	0.055991 
870.448177  	0.047661 
871.879835  	0.040140 
873.311493  	0.034561 
874.743152  	0.030688 
876.174810  	0.027928 
877.606468  	0.026403 
879.038126  	0.025511 
880.469784  	0.025147 
881.901443  	0.025698 
883.333101  	0.026382 
884.764759  	0.026607 
886.196417  	0.026739 
887.628075  	0.027548 
889.059733  	0.028961 
890.491392  	0.029838 
891.923050  	0.030462 
893.354708  	0.031502 
894.786366  	0.032525 
896.218024  	0.033844 
897.649683  	0.035280 
899.081341  	0.036275 
900.512999  	0.037760 
901.944657  	0.039888 
903.376315  	0.042072 
904.807973  	0.044556 
906.239632  	0.047601 
907.671290  	0.051839 
909.102948  	0.057528 
910.534606  	0.063876 
911.966264  	0.069864 
913.397923  	0.073971 
914.829581  	0.075365 
916.261239  	0.074145 
917.692897  	0.070672 
919.124555  	0.066176 
920.556214  	0.061882 
921.987872  	0.058794 
923.419530  	0.057636 
924.851188  	0.057650 
926.282846  	0.058332 
927.714504  	0.060034 
929.146163  	0.062266 
930.577821  	0.065008 
932.009479  	0.068241 
933.441137  	0.071194 
934.872795  	0.074158 
936.304454  	0.077406 
937.736112  	0.080848 
939.167770  	0.084472 
940.599428  	0.087553 
942.031086  	0.090341 
943.462744  	0.093316 
944.894403  	0.095866 
946.326061  	0.098377 
947.757719  	0.101277 
949.189377  	0.104371 
950.621035  	0.107897 
952.052694  	0.111336 
953.484352  	0.114441 
954.916010  	0.117726 
956.347668  	0.120812 
957.779326  	0.123355 
959.210985  	0.125188 
960.642643  	0.126099 
962.074301  	0.126365 
963.505959  	0.125794 
964.937617  	0.124308 
966.369275  	0.122680 
967.800934  	0.121362 
969.232592  	0.120520 
970.664250  	0.120577 
972.095908  	0.121585 
973.527566  	0.123039 
974.959225  	0.124985 
976.390883  	0.128164 
977.822541  	0.131855 
979.254199  	0.134596 
980.685857  	0.136341 
982.117516  	0.136841 
983.549174  	0.135867 
984.980832  	0.133929 
986.412490  	0.130978 
987.844148  	0.127638 
989.275806  	0.124976 
990.707465  	0.123296 
992.139123  	0.122975 
993.570781  	0.123623 
995.002439  	0.124633 
996.434097  	0.126628 
997.865756  	0.129510 
999.297414  	0.132886 
1000.729072  	0.136786 
1002.160730  	0.140620 
1003.592388  	0.144959 
1005.024046  	0.150261 
1006.455705  	0.155742 
1007.887363  	0.162124 
1009.319021  	0.169902 
1010.750679  	0.178805 
1012.182337  	0.189896 
1013.613996  	0.204840 
1015.045654  	0.226082 
1016.477312  	0.250535 
1017.908970  	0.263220 
1019.340628  	0.252354 
1020.772287  	0.225720 
1022.203945  	0.199690 
1023.635603  	0.181924 
1025.067261  	0.173802 
1026.498919  	0.174767 
1027.930577  	0.181376 
1029.362236  	0.190595 
1030.793894  	0.201390 
1032.225552  	0.211471 
1033.657210  	0.220510 
1035.088868  	0.230091 
1036.520527  	0.238740 
1037.952185  	0.245892 
1039.383843  	0.252458 
1040.815501  	0.259282 
1042.247159  	0.268489 
1043.678818  	0.279812 
1045.110476  	0.292745 
1046.542134  	0.307823 
1047.973792  	0.323269 
1049.405450  	0.340199 
1050.837108  	0.359490 
1052.268767  	0.379102 
1053.700425  	0.400226 
1055.132083  	0.421032 
1056.563741  	0.440452 
1057.995399  	0.460495 
1059.427058  	0.476469 
1060.858716  	0.488946 
1062.290374  	0.499420 
1063.722032  	0.504035 
1065.153690  	0.507153 
1066.585348  	0.508778 
1068.017007  	0.507979 
1069.448665  	0.509396 
1070.880323  	0.509179 
1072.311981  	0.508214 
1073.743639  	0.508996 
1075.175298  	0.506121 
1076.606956  	0.501567 
1078.038614  	0.494335 
1079.470272  	0.481556 
1080.901930  	0.465632 
1082.333589  	0.441797 
1083.765247  	0.410935 
1085.196905  	0.377921 
1086.628563  	0.344093 
1088.060221  	0.317221 
1089.491879  	0.301917 
1090.923538  	0.295527 
1092.355196  	0.295683 
1093.786854  	0.298945 
1095.218512  	0.303724 
1096.650170  	0.310450 
1098.081829  	0.316353 
1099.513487  	0.322304 
1100.945145  	0.329276 
1102.376803  	0.334718 
1103.808461  	0.339663 
1105.240120  	0.341810 
1106.671778  	0.338864 
1108.103436  	0.334209 
1109.535094  	0.327595 
1110.966752  	0.318757 
1112.398410  	0.307273 
1113.830069  	0.291406 
1115.261727  	0.274293 
1116.693385  	0.257836 
1118.125043  	0.242141 
1119.556701  	0.228045 
1120.988360  	0.214021 
1122.420018  	0.199733 
1123.851676  	0.185768 
1125.283334  	0.171176 
1126.714992  	0.156654 
1128.146650  	0.143079 
1129.578309  	0.130029 
1131.009967  	0.117970 
1132.441625  	0.107332 
1133.873283  	0.097513 
1135.304941  	0.088691 
1136.736600  	0.081420 
1138.168258  	0.075327 
1139.599916  	0.070264 
1141.031574  	0.065947 
1142.463232  	0.061983 
1143.894891  	0.058883 
1145.326549  	0.056518 
1146.758207  	0.054336 
1148.189865  	0.052303 
1149.621523  	0.050315 
1151.053181  	0.048758 
1152.484840  	0.047827 
1153.916498  	0.047214 
1155.348156  	0.047018 
1156.779814  	0.047118 
1158.211472  	0.047725 
1159.643131  	0.049076 
1161.074789  	0.050740 
1162.506447  	0.052963 
1163.938105  	0.055685 
1165.369763  	0.058812 
1166.801421  	0.063060 
1168.233080  	0.067962 
1169.664738  	0.073370 
1171.096396  	0.079848 
1172.528054  	0.087049 
1173.959712  	0.095332 
1175.391371  	0.104987 
1176.823029  	0.116366 
1178.254687  	0.130100 
1179.686345  	0.144260 
1181.118003  	0.156645 
1182.549662  	0.166477 
1183.981320  	0.174712 
1185.412978  	0.184153 
1186.844636  	0.195712 
1188.276294  	0.209536 
1189.707952  	0.225660 
1191.139611  	0.243090 
1192.571269  	0.262736 
1194.002927  	0.284062 
1195.434585  	0.306660 
1196.866243  	0.333311 
1198.297902  	0.362641 
1199.729560  	0.393558 
1201.161218  	0.424513 
1202.592876  	0.448657 
1204.024534  	0.465360 
1205.456193  	0.473170 
1206.887851  	0.472684 
1208.319509  	0.473005 
1209.751167  	0.476949 
1211.182825  	0.488555 
1212.614483  	0.510262 
1214.046142  	0.534603 
1215.477800  	0.560127 
1216.909458  	0.582016 
1218.341116  	0.593252 
1219.772774  	0.598395 
1221.204433  	0.593872 
1222.636091  	0.582277 
1224.067749  	0.570049 
1225.499407  	0.552559 
1226.931065  	0.534644 
1228.362723  	0.517180 
1229.794382  	0.496286 
1231.226040  	0.476562 
1232.657698  	0.454901 
1234.089356  	0.429747 
1235.521014  	0.404369 
1236.952673  	0.376264 
1238.384331  	0.347098 
1239.815989  	0.318482 
1241.247647  	0.290466 
1242.679305  	0.266250 
1244.110964  	0.245966 
1245.542622  	0.230751 
1246.974280  	0.223851 
1248.405938  	0.223980 
1249.837596  	0.228033 
1251.269254  	0.232065 
1252.700913  	0.230420 
1254.132571  	0.221833 
1255.564229  	0.206619 
1256.995887  	0.186081 
1258.427545  	0.164436 
1259.859204  	0.143569 
1261.290862  	0.124525 
1262.722520  	0.108826 
1264.154178  	0.096380 
1265.585836  	0.086814 
1267.017495  	0.080309 
1268.449153  	0.076280 
1269.880811  	0.074020 
1271.312469  	0.073038 
1272.744127  	0.072600 
1274.175785  	0.072588 
1275.607444  	0.072431 
1277.039102  	0.071525 
1278.470760  	0.070419 
1279.902418  	0.069121 
1281.334076  	0.067758 
1282.765735  	0.066813 
1284.197393  	0.065950 
1285.629051  	0.065666 
1287.060709  	0.066332 
1288.492367  	0.067750 
1289.924025  	0.071128 
1291.355684  	0.076829 
1292.787342  	0.084529 
1294.219000  	0.094536 
1295.650658  	0.106712 
1297.082316  	0.121808 
1298.513975  	0.140221 
1299.945633  	0.162074 
1301.377291  	0.187140 
1302.808949  	0.213097 
1304.240607  	0.239075 
1305.672266  	0.261084 
1307.103924  	0.275164 
1308.535582  	0.281917 
1309.967240  	0.278895 
1311.398898  	0.268608 
1312.830556  	0.254031 
1314.262215  	0.236920 
1315.693873  	0.222918 
1317.125531  	0.210297 
1318.557189  	0.193900 
1319.988847  	0.172501 
1321.420506  	0.147812 
1322.852164  	0.124350 
1324.283822  	0.104324 
1325.715480  	0.088111 
1327.147138  	0.075310 
1328.578796  	0.065381 
1330.010455  	0.058079 
1331.442113  	0.052390 
1332.873771  	0.048565 
1334.305429  	0.046451 
1335.737087  	0.045262 
1337.168746  	0.045202 
1338.600404  	0.045451 
1340.032062  	0.045691 
1341.463720  	0.045977 
1342.895378  	0.045809 
1344.327037  	0.045801 
1345.758695  	0.045965 
1347.190353  	0.046495 
1348.622011  	0.048176 
1350.053669  	0.050353 
1351.485327  	0.053301 
1352.916986  	0.057116 
1354.348644  	0.060637 
1355.780302  	0.064111 
1357.211960  	0.067190 
1358.643618  	0.069677 
1360.075277  	0.072017 
1361.506935  	0.073691 
1362.938593  	0.075232 
1364.370251  	0.076769 
1365.801909  	0.077658 
1367.233568  	0.078275 
1368.665226  	0.078088 
1370.096884  	0.077139 
1371.528542  	0.076022 
1372.960200  	0.074334 
1374.391858  	0.072115 
1375.823517  	0.069854 
1377.255175  	0.067612 
1378.686833  	0.065046 
1380.118491  	0.062092 
1381.550149  	0.059395 
1382.981808  	0.057372 
1384.413466  	0.056143 
1385.845124  	0.055561 
1387.276782  	0.055418 
1388.708440  	0.055074 
1390.140098  	0.054369 
1391.571757  	0.053237 
1393.003415  	0.052310 
1394.435073  	0.052681 
1395.866731  	0.054117 
1397.298389  	0.056409 
1398.730048  	0.060652 
1400.161706  	0.066806 
1401.593364  	0.074541 
1403.025022  	0.085152 
1404.456680  	0.100936 
1405.888339  	0.125152 
1407.319997  	0.156157 
1408.751655  	0.192797 
1410.183313  	0.236363 
1411.614971  	0.273044 
1413.046629  	0.287342 
1414.478288  	0.278125 
1415.909946  	0.242413 
1417.341604  	0.199431 
1418.773262  	0.153311 
1420.204920  	0.099873 
1421.636579  	0.073630 
1423.068237  	0.059656 
1424.499895  	0.047752 
1425.931553  	0.045795 
1427.363211  	0.047120 
1428.794870  	0.050802 
1430.226528  	0.058654 
1431.658186  	0.064896 
1433.089844  	0.070754 
1434.521502  	0.074964 
1435.953160  	0.075447 
1437.384819  	0.072083 
1438.816477  	0.067365 
1440.248135  	0.063559 
1441.679793  	0.061923 
1443.111451  	0.062844 
1444.543110  	0.066331 
1445.974768  	0.070114 
1447.406426  	0.071255 
1448.838084  	0.070771 
1450.269742  	0.069448 
1451.701400  	0.068101 
1453.133059  	0.068246 
1454.564717  	0.068599 
1455.996375  	0.069069 
1457.428033  	0.069250 
1458.859691  	0.067177 
1460.291350  	0.068155 
1461.723008  	0.071337 
1463.154666  	0.074636 
1464.586324  	0.079131 
1466.017982  	0.083064 
1467.449641  	0.086684 
1468.881299  	0.091463 
1470.312957  	0.095607 
1471.744615  	0.101114 
1473.176273  	0.107578 
1474.607931  	0.111718 
1476.039590  	0.118906 
1477.471248  	0.124999 
1478.902906  	0.125177 
1480.334564  	0.120246 
1481.766222  	0.109367 
1483.197881  	0.100270 
1484.629539  	0.093037 
1486.061197  	0.086846 
1487.492855  	0.084728 
1488.924513  	0.082035 
1490.356172  	0.082190 
1491.787830  	0.086329 
1493.219488  	0.089553 
1494.651146  	0.096983 
1496.082804  	0.106669 
1497.514462  	0.116489 
1498.946121  	0.131712 
1500.377779  	0.144957 
1501.809437  	0.160600 
1503.241095  	0.180997 
1504.672753  	0.197260 
1506.104412  	0.220452 
1507.536070  	0.260421 
1508.967728  	0.285323 
1510.399386  	0.318407 
1511.831044  	0.347863 
1513.262702  	0.370577 
1514.694361  	0.395243 
1516.126019  	0.405749 
1517.557677  	0.421355 
1518.989335  	0.445149 
1520.420993  	0.455515 
1521.852652  	0.487350 
1523.284310  	0.505803 
1524.715968  	0.511318 
1526.147626  	0.525602 
1527.579284  	0.514003 
1529.010943  	0.505851 
1530.442601  	0.497412 
1531.874259  	0.474921 
1533.305917  	0.456177 
1534.737575  	0.418544 
1536.169233  	0.391070 
1537.600892  	0.375935 
1539.032550  	0.339946 
1540.464208  	0.297657 
1541.895866  	0.267303 
1543.327524  	0.234897 
1544.759183  	0.210700 
1546.190841  	0.181017 
1547.622499  	0.158095 
1549.054157  	0.140860 
1550.485815  	0.116159 
1551.917473  	0.098980 
1553.349132  	0.087044 
1554.780790  	0.070761 
1556.212448  	0.060725 
1557.644106  	0.055139 
1559.075764  	0.045701 
1560.507423  	0.036625 
1561.939081  	0.032913 
1563.370739  	0.030849 
1564.802397  	0.029281 
1566.234055  	0.026910 
1567.665714  	0.024672 
1569.097372  	0.021844 
1570.529030  	0.018001 
1571.960688  	0.015417 
1573.392346  	0.013970 
1574.824004  	0.013500 
1576.255663  	0.014139 
1577.687321  	0.015376 
1579.118979  	0.016951 
1580.550637  	0.020397 
1581.982295  	0.025792 
1583.413954  	0.032394 
1584.845612  	0.042811 
1586.277270  	0.056712 
1587.708928  	0.074267 
1589.140586  	0.097825 
1590.572245  	0.122683 
1592.003903  	0.149137 
1593.435561  	0.172535 
1594.867219  	0.184799 
1596.298877  	0.191579 
1597.730535  	0.187138 
1599.162194  	0.174809 
1600.593852  	0.161420 
1602.025510  	0.143742 
1603.457168  	0.128399 
1604.888826  	0.116505 
1606.320485  	0.106386 
1607.752143  	0.101344 
1609.183801  	0.097980 
1610.615459  	0.096112 
1612.047117  	0.096053 
1613.478775  	0.092203 
1614.910434  	0.087713 
1616.342092  	0.079720 
1617.773750  	0.063866 
1619.205408  	0.053947 
1620.637066  	0.044521 
1622.068725  	0.035380 
1623.500383  	0.030400 
1624.932041  	0.025278 
1626.363699  	0.022891 
1627.795357  	0.023482 
1629.227016  	0.022742 
1630.658674  	0.024530 
1632.090332  	0.028269 
1633.521990  	0.031029 
1634.953648  	0.036251 
1636.385306  	0.039583 
1637.816965  	0.035840 
1639.248623  	0.032163 
1640.680281  	0.026024 
1642.111939  	0.021996 
1643.543597  	0.019710 
1644.975256  	0.016729 
1646.406914  	0.017586 
1647.838572  	0.016618 
1649.270230  	0.015266 
1650.701888  	0.017077 
1652.133547  	0.016543 
1653.565205  	0.018894 
1654.996863  	0.021568 
1656.428521  	0.020640 
1657.860179  	0.023814 
1659.291837  	0.026024 
1660.723496  	0.027256 
1662.155154  	0.032048 
1663.586812  	0.033700 
1665.018470  	0.036635 
1666.450128  	0.041580 
1667.881787  	0.043367 
1669.313445  	0.049581 
1670.745103  	0.055755 
1672.176761  	0.059382 
1673.608419  	0.068660 
1675.040077  	0.075781 
1676.471736  	0.087103 
1677.903394  	0.101279 
1679.335052  	0.110493 
1680.766710  	0.128523 
1682.198368  	0.146544 
1683.630027  	0.157597 
1685.061685  	0.196543 
1686.493343  	0.219296 
1687.925001  	0.240183 
1689.356659  	0.278111 
1690.788318  	0.309482 
1692.219976  	0.346158 
1693.651634  	0.387760 
1695.083292  	0.413639 
1696.514950  	0.448849 
1697.946608  	0.470247 
1699.378267  	0.464942 
1700.809925  	0.434174 
1702.241583  	0.401931 
1703.673241  	0.377499 
1705.104899  	0.344410 
1706.536558  	0.306409 
1707.968216  	0.277506 
1709.399874  	0.255039 
1710.831532  	0.234218 
1712.263190  	0.215214 
1713.694849  	0.201155 
1715.126507  	0.185799 
1716.558165  	0.172074 
1717.989823  	0.162835 
1719.421481  	0.149779 
1720.853139  	0.144588 
1722.284798  	0.143644 
1723.716456  	0.141351 
1725.148114  	0.142590 
1726.579772  	0.144432 
1728.011430  	0.143832 
1729.443089  	0.142693 
1730.874747  	0.136249 
1732.306405  	0.128812 
1733.738063  	0.119927 
1735.169721  	0.095889 
1736.601379  	0.083139 
1738.033038  	0.072897 
1739.464696  	0.056435 
1740.896354  	0.043530 
1742.328012  	0.032131 
1743.759670  	0.021461 
1745.191329  	0.015196 
1746.622987  	0.007781 
1748.054645  	0.003547 
1749.486303  	0.000691 
1750.917961  	-0.004677 
1752.349620  	-0.005532 
1753.781278  	-0.007814 
1755.212936  	-0.009899 
1756.644594  	-0.009196 
1758.076252  	-0.011834 
1759.507910  	-0.012446 
1760.939569  	-0.011531 
1762.371227  	-0.013670 
1763.802885  	-0.013122 
1765.234543  	-0.013498 
1766.666201  	-0.014785 
1768.097860  	-0.013444 
1769.529518  	-0.014803 
1770.961176  	-0.015237 
1772.392834  	-0.013521 
1773.824492  	-0.015545 
1775.256150  	-0.014754 
1776.687809  	-0.014326 
1778.119467  	-0.015690 
1779.551125  	-0.014674 
1780.982783  	-0.015479 
1782.414441  	-0.016313 
1783.846100  	-0.015099 
1785.277758  	-0.015964 
1786.709416  	-0.015517 
1788.141074  	-0.015048 
1789.572732  	-0.016357 
1791.004391  	-0.015449 
1792.436049  	-0.015523 
1793.867707  	-0.016302 
1795.299365  	-0.015380 
1796.731023  	-0.016560 
1798.162681  	-0.016612 
1799.594340  	-0.015946 
1801.025998  	-0.017211 
1802.457656  	-0.016485 
1803.889314  	-0.016659 
1805.320972  	-0.017502 
1806.752631  	-0.016637 
1808.184289  	-0.017511 
1809.615947  	-0.017736 
1811.047605  	-0.017018 
1812.479263  	-0.018242 
1813.910922  	-0.017798 
1815.342580  	-0.018061 
1816.774238  	-0.019311 
1818.205896  	-0.018160 
1819.637554  	-0.018662 
1821.069212  	-0.019086 
1822.500871  	-0.018298 
1823.932529  	-0.019592 
1825.364187  	-0.019113 
1826.795845  	-0.018880 
1828.227503  	-0.020496 
1829.659162  	-0.019444 
1831.090820  	-0.019759 
1832.522478  	-0.020685 
1833.954136  	-0.019987 
1835.385794  	-0.021120 
1836.817452  	-0.021134 
1838.249111  	-0.020730 
1839.680769  	-0.021894 
1841.112427  	-0.021176 
1842.544085  	-0.021557 
1843.975743  	-0.022231 
1845.407402  	-0.020592 
1846.839060  	-0.022025 
1848.270718  	-0.022114 
1849.702376  	-0.021189 
1851.134034  	-0.022691 
1852.565693  	-0.022303 
1853.997351  	-0.022287 
1855.429009  	-0.022937 
1856.860667  	-0.021395 
1858.292325  	-0.022262 
1859.723983  	-0.022963 
1861.155642  	-0.021990 
1862.587300  	-0.023072 
1864.018958  	-0.022285 
1865.450616  	-0.021453 
1866.882274  	-0.022481 
1868.313933  	-0.021261 
1869.745591  	-0.021623 
1871.177249  	-0.022090 
1872.608907  	-0.021113 
1874.040565  	-0.022535 
1875.472224  	-0.022345 
1876.903882  	-0.021393 
1878.335540  	-0.022145 
1879.767198  	-0.020981 
1881.198856  	-0.021259 
1882.630514  	-0.021992 
1884.062173  	-0.020436 
1885.493831  	-0.021200 
1886.925489  	-0.021397 
1888.357147  	-0.020424 
1889.788805  	-0.021110 
1891.220464  	-0.019930 
1892.652122  	-0.019979 
1894.083780  	-0.020727 
1895.515438  	-0.019067 
1896.947096  	-0.019859 
1898.378754  	-0.020301 
1899.810413  	-0.019092 
1901.242071  	-0.019886 
1902.673729  	-0.019367 
1904.105387  	-0.019225 
1905.537045  	-0.019899 
1906.968704  	-0.018543 
1908.400362  	-0.019380 
1909.832020  	-0.019859 
1911.263678  	-0.019033 
1912.695336  	-0.020862 
1914.126995  	-0.020368 
1915.558653  	-0.019866 
1916.990311  	-0.021892 
1918.421969  	-0.021379 
1919.853627  	-0.022301 
1921.285285  	-0.023371 
1922.716944  	-0.021900 
1924.148602  	-0.022429 
1925.580260  	-0.021910 
1927.011918  	-0.021782 
1928.443576  	-0.023437 
1929.875235  	-0.021772 
1931.306893  	-0.022035 
1932.738551  	-0.023217 
1934.170209  	-0.021682 
1935.601867  	-0.023336 
1937.033525  	-0.023385 
1938.465184  	-0.022233 
1939.896842  	-0.024416 
1941.328500  	-0.023142 
1942.760158  	-0.022887 
1944.191816  	-0.024281 
1945.623475  	-0.021608 
1947.055133  	-0.023047 
1948.486791  	-0.024078 
1949.918449  	-0.021813 
1951.350107  	-0.022953 
1952.781766  	-0.021500 
1954.213424  	-0.020978 
1955.645082  	-0.023295 
1957.076740  	-0.021099 
1958.508398  	-0.022174 
1959.940056  	-0.023244 
1961.371715  	-0.020493 
1962.803373  	-0.022548 
1964.235031  	-0.021059 
1965.666689  	-0.019064 
1967.098347  	-0.021761 
1968.530006  	-0.019213 
1969.961664  	-0.020102 
1971.393322  	-0.022534 
1972.824980  	-0.020476 
1974.256638  	-0.022991 
1975.688297  	-0.021122 
1977.119955  	-0.018169 
1978.551613  	-0.021537 
1979.983271  	-0.019344 
1981.414929  	-0.020097 
1982.846587  	-0.022408 
1984.278246  	-0.019875 
1985.709904  	-0.022349 
1987.141562  	-0.022649 
1988.573220  	-0.021080 
1990.004878  	-0.024710 
1991.436537  	-0.022916 
1992.868195  	-0.022417 
1994.299853  	-0.025187 
1995.731511  	-0.022330 
1997.163169  	-0.023998 
1998.594827  	-0.025670 
2000.026486  	-0.022293 
2001.458144  	-0.022933 
2002.889802  	-0.021153 
2004.321460  	-0.019974 
2005.753118  	-0.022646 
2007.184777  	-0.019741 
2008.616435  	-0.020395 
2010.048093  	-0.022769 
2011.479751  	-0.020943 
2012.911409  	-0.023151 
2014.343068  	-0.022174 
2015.774726  	-0.020855 
2017.206384  	-0.022673 
2018.638042  	-0.018705 
2020.069700  	-0.020583 
2021.501358  	-0.023260 
2022.933017  	-0.017641 
2024.364675  	-0.019171 
2025.796333  	-0.020917 
2027.227991  	-0.019283 
2028.659649  	-0.022224 
2030.091308  	-0.019662 
2031.522966  	-0.018617 
2032.954624  	-0.021819 
2034.386282  	-0.020066 
2035.817940  	-0.021843 
2037.249599  	-0.021642 
2038.681257  	-0.018033 
2040.112915  	-0.019932 
2041.544573  	-0.019467 
2042.976231  	-0.019609 
2044.407889  	-0.022166 
2045.839548  	-0.020055 
2047.271206  	-0.020855 
2048.702864  	-0.022009 
2050.134522  	-0.020471 
2051.566180  	-0.022188 
2052.997839  	-0.021513 
2054.429497  	-0.020626 
2055.861155  	-0.022311 
2057.292813  	-0.020942 
2058.724471  	-0.021331 
2060.156129  	-0.023131 
2061.587788  	-0.022877 
2063.019446  	-0.023959 
2064.451104  	-0.022488 
2065.882762  	-0.020988 
2067.314420  	-0.022911 
2068.746079  	-0.022064 
2070.177737  	-0.021874 
2071.609395  	-0.022975 
2073.041053  	-0.022133 
2074.472711  	-0.023836 
2075.904370  	-0.024497 
2077.336028  	-0.022729 
2078.767686  	-0.022994 
2080.199344  	-0.022383 
2081.631002  	-0.022188 
2083.062660  	-0.022994 
2084.494319  	-0.022189 
2085.925977  	-0.022675 
2087.357635  	-0.022611 
2088.789293  	-0.021889 
2090.220951  	-0.023389 
2091.652610  	-0.023071 
2093.084268  	-0.022800 
2094.515926  	-0.024075 
2095.947584  	-0.022852 
2097.379242  	-0.023048 
2098.810901  	-0.024390 
2100.242559  	-0.023769 
2101.674217  	-0.023806 
2103.105875  	-0.022839 
2104.537533  	-0.022147 
2105.969191  	-0.023165 
2107.400850  	-0.022360 
2108.832508  	-0.022219 
2110.264166  	-0.022711 
2111.695824  	-0.021964 
2113.127482  	-0.022642 
2114.559141  	-0.022488 
2115.990799  	-0.021857 
2117.422457  	-0.023029 
2118.854115  	-0.023157 
2120.285773  	-0.023550 
2121.717431  	-0.024167 
2123.149090  	-0.023669 
2124.580748  	-0.024339 
2126.012406  	-0.023403 
2127.444064  	-0.022139 
2128.875722  	-0.023149 
2130.307381  	-0.022016 
2131.739039  	-0.022326 
2133.170697  	-0.024469 
2134.602355  	-0.022791 
2136.034013  	-0.022905 
2137.465672  	-0.023052 
2138.897330  	-0.020521 
2140.328988  	-0.021896 
2141.760646  	-0.022306 
2143.192304  	-0.020989 
2144.623962  	-0.021569 
2146.055621  	-0.019950 
2147.487279  	-0.020300 
2148.918937  	-0.021465 
2150.350595  	-0.019499 
2151.782253  	-0.019772 
2153.213912  	-0.018337 
2154.645570  	-0.016167 
2156.077228  	-0.016959 
2157.508886  	-0.015278 
2158.940544  	-0.017286 
2160.372202  	-0.018958 
2161.803861  	-0.015645 
2163.235519  	-0.018795 
2164.667177  	-0.020004 
2166.098835  	-0.018051 
2167.530493  	-0.020174 
2168.962152  	-0.019719 
2170.393810  	-0.019764 
2171.825468  	-0.020618 
2173.257126  	-0.018437 
2174.688784  	-0.019677 
2176.120443  	-0.019650 
2177.552101  	-0.018243 
2178.983759  	-0.021946 
2180.415417  	-0.022029 
2181.847075  	-0.019028 
2183.278733  	-0.018345 
2184.710392  	-0.018316 
2186.142050  	-0.020998 
2187.573708  	-0.021123 
2189.005366  	-0.019624 
2190.437024  	-0.021801 
2191.868683  	-0.020152 
2193.300341  	-0.018709 
2194.731999  	-0.021254 
2196.163657  	-0.020450 
2197.595315  	-0.020814 
2199.026974  	-0.021886 
2200.458632  	-0.020124 
2201.890290  	-0.021145 
2203.321948  	-0.021337 
2204.753606  	-0.020650 
2206.185264  	-0.022448 
2207.616923  	-0.021335 
2209.048581  	-0.020740 
2210.480239  	-0.022366 
2211.911897  	-0.022132 
2213.343555  	-0.023106 
2214.775214  	-0.023069 
2216.206872  	-0.021195 
2217.638530  	-0.021152 
2219.070188  	-0.020926 
2220.501846  	-0.022110 
2221.933504  	-0.023186 
2223.365163  	-0.020770 
2224.796821  	-0.020476 
2226.228479  	-0.021689 
2227.660137  	-0.021782 
2229.091795  	-0.022395 
2230.523454  	-0.021391 
2231.955112  	-0.020936 
2233.386770  	-0.021849 
2234.818428  	-0.021385 
2236.250086  	-0.022144 
2237.681745  	-0.022617 
2239.113403  	-0.022094 
2240.545061  	-0.023183 
2241.976719  	-0.022856 
2243.408377  	-0.022648 
2244.840035  	-0.023553 
2246.271694  	-0.022361 
2247.703352  	-0.022506 
2249.135010  	-0.022745 
2250.566668  	-0.020750 
2251.998326  	-0.021253 
2253.429985  	-0.022450 
2254.861643  	-0.022569 
2256.293301  	-0.023317 
2257.724959  	-0.022594 
2259.156617  	-0.021929 
2260.588276  	-0.022081 
2262.019934  	-0.021969 
2263.451592  	-0.023150 
2264.883250  	-0.023085 
2266.314908  	-0.021909 
2267.746566  	-0.022545 
2269.178225  	-0.022535 
2270.609883  	-0.022323 
2272.041541  	-0.022804 
2273.473199  	-0.022346 
2274.904857  	-0.022136 
2276.336516  	-0.021550 
2277.768174  	-0.020951 
2279.199832  	-0.021838 
2280.631490  	-0.022084 
2282.063148  	-0.022190 
2283.494806  	-0.022512 
2284.926465  	-0.021945 
2286.358123  	-0.022367 
2287.789781  	-0.022731 
2289.221439  	-0.022424 
2290.653097  	-0.023124 
2292.084756  	-0.022837 
2293.516414  	-0.022054 
2294.948072  	-0.022343 
2296.379730  	-0.022057 
2297.811388  	-0.022151 
2299.243047  	-0.022593 
2300.674705  	-0.022194 
2302.106363  	-0.022597 
2303.538021  	-0.023041 
2304.969679  	-0.022731 
2306.401337  	-0.022595 
2307.832996  	-0.022139 
2309.264654  	-0.022348 
2310.696312  	-0.022974 
2312.127970  	-0.022663 
2313.559628  	-0.022778 
2314.991287  	-0.022822 
2316.422945  	-0.022616 
2317.854603  	-0.023211 
2319.286261  	-0.022943 
2320.717919  	-0.022414 
2322.149577  	-0.022539 
2323.581236  	-0.021994 
2325.012894  	-0.021987 
2326.444552  	-0.022230 
2327.876210  	-0.021794 
2329.307868  	-0.021849 
2330.739527  	-0.021705 
2332.171185  	-0.021472 
2333.602843  	-0.021886 
2335.034501  	-0.021679 
2336.466159  	-0.021468 
2337.897818  	-0.021350 
2339.329476  	-0.020929 
2340.761134  	-0.021355 
2342.192792  	-0.021515 
2343.624450  	-0.021220 
2345.056108  	-0.021362 
2346.487767  	-0.021344 
2347.919425  	-0.022001 
2349.351083  	-0.022501 
2350.782741  	-0.021777 
2352.214399  	-0.021298 
2353.646058  	-0.021161 
2355.077716  	-0.020695 
2356.509374  	-0.020571 
2357.941032  	-0.019957 
2359.372690  	-0.019974 
2360.804349  	-0.020728 
2362.236007  	-0.020525 
2363.667665  	-0.020931 
2365.099323  	-0.021116 
2366.530981  	-0.020447 
2367.962639  	-0.020549 
2369.394298  	-0.020382 
2370.825956  	-0.020736 
2372.257614  	-0.021668 
2373.689272  	-0.021541 
2375.120930  	-0.022090 
2376.552589  	-0.022845 
2377.984247  	-0.022634 
2379.415905  	-0.022948 
2380.847563  	-0.023278 
2382.279221  	-0.023573 
2383.710879  	-0.024371 
2385.142538  	-0.024513 
2386.574196  	-0.024452 
2388.005854  	-0.024498 
2389.437512  	-0.024243 
2390.869170  	-0.024467 
2392.300829  	-0.024597 
2393.732487  	-0.024516 
2395.164145  	-0.024667 
2396.595803  	-0.024241 
2398.027461  	-0.024150 
2399.459120  	-0.024416 
2400.890778  	-0.024067 
2402.322436  	-0.024310 
2403.754094  	-0.024656 
2405.185752  	-0.024532 
2406.617410  	-0.024607 
2408.049069  	-0.024056 
2409.480727  	-0.023984 
2410.912385  	-0.024782 
2412.344043  	-0.024671 
2413.775701  	-0.024635 
2415.207360  	-0.024775 
2416.639018  	-0.024461 
2418.070676  	-0.024604 
2419.502334  	-0.024270 
2420.933992  	-0.024018 
2422.365651  	-0.024765 
2423.797309  	-0.024817 
2425.228967  	-0.024750 
2426.660625  	-0.024840 
2428.092283  	-0.024412 
2429.523941  	-0.024563 
2430.955600  	-0.024319 
2432.387258  	-0.023782 
2433.818916  	-0.024393 
2435.250574  	-0.024486 
2436.682232  	-0.024331 
2438.113891  	-0.024777 
2439.545549  	-0.024422 
2440.977207  	-0.024093 
2442.408865  	-0.024313 
2443.840523  	-0.024372 
2445.272181  	-0.024370 
2446.703840  	-0.024123 
2448.135498  	-0.024417 
2449.567156  	-0.024863 
2450.998814  	-0.024444 
2452.430472  	-0.024559 
2453.862131  	-0.024594 
2455.293789  	-0.023777 
2456.725447  	-0.023672 
2458.157105  	-0.023797 
2459.588763  	-0.023889 
2461.020422  	-0.024199 
2462.452080  	-0.024012 
2463.883738  	-0.024138 
2465.315396  	-0.024154 
2466.747054  	-0.023658 
2468.178712  	-0.023995 
2469.610371  	-0.024071 
2471.042029  	-0.023621 
2472.473687  	-0.023661 
2473.905345  	-0.023446 
2475.337003  	-0.023590 
2476.768662  	-0.023869 
2478.200320  	-0.023474 
2479.631978  	-0.023809 
2481.063636  	-0.024066 
2482.495294  	-0.023630 
2483.926953  	-0.023700 
2485.358611  	-0.023585 
2486.790269  	-0.023625 
2488.221927  	-0.023868 
2489.653585  	-0.023298 
2491.085243  	-0.023178 
2492.516902  	-0.023319 
2493.948560  	-0.023373 
2495.380218  	-0.024236 
2496.811876  	-0.024238 
2498.243534  	-0.023717 
2499.675193  	-0.024162 
2501.106851  	-0.024040 
2502.538509  	-0.023643 
2503.970167  	-0.023705 
2505.401825  	-0.023516 
2506.833483  	-0.023649 
2508.265142  	-0.023903 
2509.696800  	-0.023913 
2511.128458  	-0.023831 
2512.560116  	-0.023455 
2513.991774  	-0.023701 
2515.423433  	-0.024209 
2516.855091  	-0.024244 
2518.286749  	-0.024595 
2519.718407  	-0.024461 
2521.150065  	-0.023898 
2522.581724  	-0.023965 
2524.013382  	-0.023899 
2525.445040  	-0.024012 
2526.876698  	-0.024322 
2528.308356  	-0.024158 
2529.740014  	-0.024192 
2531.171673  	-0.023847 
2532.603331  	-0.023461 
2534.034989  	-0.023923 
2535.466647  	-0.023864 
2536.898305  	-0.023869 
2538.329964  	-0.024372 
2539.761622  	-0.024090 
2541.193280  	-0.024147 
2542.624938  	-0.024502 
2544.056596  	-0.024317 
2545.488254  	-0.024343 
2546.919913  	-0.023780 
2548.351571  	-0.023007 
2549.783229  	-0.023095 
2551.214887  	-0.023086 
2552.646545  	-0.023395 
2554.078204  	-0.023895 
2555.509862  	-0.023605 
2556.941520  	-0.023525 
2558.373178  	-0.023642 
2559.804836  	-0.023439 
2561.236495  	-0.023009 
2562.668153  	-0.022335 
2564.099811  	-0.022462 
2565.531469  	-0.022996 
2566.963127  	-0.023053 
2568.394785  	-0.023291 
2569.826444  	-0.022919 
2571.258102  	-0.022189 
2572.689760  	-0.022379 
2574.121418  	-0.022529 
2575.553076  	-0.022713 
2576.984735  	-0.023077 
2578.416393  	-0.022842 
2579.848051  	-0.022829 
2581.279709  	-0.022902 
2582.711367  	-0.022845 
2584.143026  	-0.023154 
2585.574684  	-0.022870 
2587.006342  	-0.022569 
2588.438000  	-0.022846 
2589.869658  	-0.022588 
2591.301316  	-0.022469 
2592.732975  	-0.022508 
2594.164633  	-0.021972 
2595.596291  	-0.021833 
2597.027949  	-0.022001 
2598.459607  	-0.022002 
2599.891266  	-0.021880 
2601.322924  	-0.021507 
2602.754582  	-0.021645 
2604.186240  	-0.021991 
2605.617898  	-0.021963 
2607.049556  	-0.022133 
2608.481215  	-0.022054 
2609.912873  	-0.021973 
2611.344531  	-0.022316 
2612.776189  	-0.022191 
2614.207847  	-0.022168 
2615.639506  	-0.022353 
2617.071164  	-0.022148 
2618.502822  	-0.022435 
2619.934480  	-0.022633 
2621.366138  	-0.022202 
2622.797797  	-0.022073 
2624.229455  	-0.021882 
2625.661113  	-0.021756 
2627.092771  	-0.021976 
2628.524429  	-0.021852 
2629.956087  	-0.021898 
2631.387746  	-0.022069 
2632.819404  	-0.021819 
2634.251062  	-0.021714 
2635.682720  	-0.021626 
2637.114378  	-0.021583 
2638.546037  	-0.021760 
2639.977695  	-0.021587 
2641.409353  	-0.021479 
2642.841011  	-0.021556 
2644.272669  	-0.021418 
2645.704328  	-0.021579 
2647.135986  	-0.021726 
2648.567644  	-0.021495 
2649.999302  	-0.021443 
2651.430960  	-0.021463 
2652.862618  	-0.021472 
2654.294277  	-0.021563 
2655.725935  	-0.021513 
2657.157593  	-0.021293 
2658.589251  	-0.020925 
2660.020909  	-0.020865 
2661.452568  	-0.021152 
2662.884226  	-0.020996 
2664.315884  	-0.020652 
2665.747542  	-0.020512 
2667.179200  	-0.020303 
2668.610858  	-0.020220 
2670.042517  	-0.020193 
2671.474175  	-0.020139 
2672.905833  	-0.020178 
2674.337491  	-0.020049 
2675.769149  	-0.020028 
2677.200808  	-0.019973 
2678.632466  	-0.019451 
2680.064124  	-0.019258 
2681.495782  	-0.019303 
2682.927440  	-0.019000 
2684.359099  	-0.018925 
2685.790757  	-0.018854 
2687.222415  	-0.018479 
2688.654073  	-0.018293 
2690.085731  	-0.018140 
2691.517389  	-0.017938 
2692.949048  	-0.017757 
2694.380706  	-0.017409 
2695.812364  	-0.017059 
2697.244022  	-0.016718 
2698.675680  	-0.016447 
2700.107339  	-0.016323 
2701.538997  	-0.016074 
2702.970655  	-0.015892 
2704.402313  	-0.015787 
2705.833971  	-0.015519 
2707.265630  	-0.015418 
2708.697288  	-0.015374 
2710.128946  	-0.015076 
2711.560604  	-0.014661 
2712.992262  	-0.014298 
2714.423920  	-0.014267 
2715.855579  	-0.014263 
2717.287237  	-0.013909 
2718.718895  	-0.013609 
2720.150553  	-0.013396 
2721.582211  	-0.013216 
2723.013870  	-0.013052 
2724.445528  	-0.012600 
2725.877186  	-0.012288 
2727.308844  	-0.012153 
2728.740502  	-0.011756 
2730.172160  	-0.011449 
2731.603819  	-0.011104 
2733.035477  	-0.010649 
2734.467135  	-0.010415 
2735.898793  	-0.009961 
2737.330451  	-0.009655 
2738.762110  	-0.009804 
2740.193768  	-0.009525 
2741.625426  	-0.009136 
2743.057084  	-0.009144 
2744.488742  	-0.009200 
2745.920401  	-0.009335 
2747.352059  	-0.009234 
2748.783717  	-0.008966 
2750.215375  	-0.009014 
2751.647033  	-0.008924 
2753.078691  	-0.008733 
2754.510350  	-0.008679 
2755.942008  	-0.008472 
2757.373666  	-0.008417 
2758.805324  	-0.008484 
2760.236982  	-0.008361 
2761.668641  	-0.008186 
2763.100299  	-0.007883 
2764.531957  	-0.007661 
2765.963615  	-0.007509 
2767.395273  	-0.007136 
2768.826931  	-0.006969 
2770.258590  	-0.006863 
2771.690248  	-0.006519 
2773.121906  	-0.006162 
2774.553564  	-0.005481 
2775.985222  	-0.004855 
2777.416881  	-0.004590 
2778.848539  	-0.003777 
2780.280197  	-0.002743 
2781.711855  	-0.002055 
2783.143513  	-0.001071 
2784.575172  	0.000252 
2786.006830  	0.001766 
2787.438488  	0.003413 
2788.870146  	0.004777 
2790.301804  	0.006055 
2791.733462  	0.007442 
2793.165121  	0.008617 
2794.596779  	0.009415 
2796.028437  	0.009859 
2797.460095  	0.010158 
2798.891753  	0.010212 
2800.323412  	0.009729 
2801.755070  	0.008979 
2803.186728  	0.008125 
2804.618386  	0.007169 
2806.050044  	0.006246 
2807.481703  	0.005198 
2808.913361  	0.004165 
2810.345019  	0.003495 
2811.776677  	0.003152 
2813.208335  	0.003002 
2814.639993  	0.002938 
2816.071652  	0.003205 
2817.503310  	0.003944 
2818.934968  	0.004868 
2820.366626  	0.006141 
2821.798284  	0.007835 
2823.229943  	0.009748 
2824.661601  	0.012006 
2826.093259  	0.014591 
2827.524917  	0.017632 
2828.956575  	0.021024 
2830.388233  	0.024418 
2831.819892  	0.028409 
2833.251550  	0.033058 
2834.683208  	0.037836 
2836.114866  	0.043045 
2837.546524  	0.048545 
2838.978183  	0.054344 
2840.409841  	0.060919 
2841.841499  	0.067915 
2843.273157  	0.075656 
2844.704815  	0.084897 
2846.136474  	0.095761 
2847.568132  	0.107988 
2848.999790  	0.118379 
2850.431448  	0.122414 
2851.863106  	0.120201 
2853.294764  	0.115684 
2854.726423  	0.111971 
2856.158081  	0.109788 
2857.589739  	0.108049 
2859.021397  	0.106083 
2860.453055  	0.104004 
2861.884714  	0.101579 
2863.316372  	0.098974 
2864.748030  	0.096393 
2866.179688  	0.093619 
2867.611346  	0.090795 
2869.043005  	0.087906 
2870.474663  	0.084828 
2871.906321  	0.081450 
2873.337979  	0.077268 
2874.769637  	0.072394 
2876.201295  	0.067270 
2877.632954  	0.061995 
2879.064612  	0.057094 
2880.496270  	0.052947 
2881.927928  	0.049514 
2883.359586  	0.046710 
2884.791245  	0.044549 
2886.222903  	0.043438 
2887.654561  	0.043101 
2889.086219  	0.043098 
2890.517877  	0.043759 
2891.949535  	0.044645 
2893.381194  	0.045437 
2894.812852  	0.046601 
2896.244510  	0.047848 
2897.676168  	0.049075 
2899.107826  	0.050470 
2900.539485  	0.051853 
2901.971143  	0.053434 
2903.402801  	0.055092 
2904.834459  	0.056905 
2906.266117  	0.059528 
2907.697776  	0.062588 
2909.129434  	0.066026 
2910.561092  	0.070644 
2911.992750  	0.076680 
2913.424408  	0.084507 
2914.856066  	0.093313 
2916.287725  	0.100040 
2917.719383  	0.102687 
2919.151041  	0.101675 
2920.582699  	0.098040 
2922.014357  	0.093109 
2923.446016  	0.088317 
2924.877674  	0.084511 
2926.309332  	0.081847 
2927.740990  	0.080281 
2929.172648  	0.079735 
2930.604306  	0.079743 
2932.035965  	0.080335 
2933.467623  	0.081535 
2934.899281  	0.082483 
2936.330939  	0.083082 
2937.762597  	0.083565 
2939.194256  	0.083468 
2940.625914  	0.083011 
2942.057572  	0.082361 
2943.489230  	0.081103 
2944.920888  	0.079413 
2946.352547  	0.077448 
2947.784205  	0.075333 
2949.215863  	0.073290 
2950.647521  	0.070973 
2952.079179  	0.068495 
2953.510837  	0.066226 
2954.942496  	0.063774 
2956.374154  	0.060717 
2957.805812  	0.057121 
2959.237470  	0.053595 
2960.669128  	0.050187 
2962.100787  	0.046105 
2963.532445  	0.041677 
2964.964103  	0.037453 
2966.395761  	0.033108 
2967.827419  	0.028760 
2969.259078  	0.024502 
2970.690736  	0.020547 
2972.122394  	0.017233 
2973.554052  	0.013864 
2974.985710  	0.010384 
2976.417368  	0.007396 
2977.849027  	0.004618 
2979.280685  	0.001963 
2980.712343  	-0.000402 
2982.144001  	-0.002314 
2983.575659  	-0.003631 
2985.007318  	-0.004927 
2986.438976  	-0.006388 
2987.870634  	-0.007700 
2989.302292  	-0.008795 
2990.733950  	-0.009471 
2992.165608  	-0.010071 
2993.597267  	-0.010882 
2995.028925  	-0.011493 
2996.460583  	-0.011935 
2997.892241  	-0.012111 
2999.323899  	-0.012024 
3000.755558  	-0.012224 
3002.187216  	-0.012421 
3003.618874  	-0.012383 
3005.050532  	-0.012389 
3006.482190  	-0.012322 
3007.913849  	-0.012409 
3009.345507  	-0.012584 
3010.777165  	-0.012378 
3012.208823  	-0.012191 
3013.640481  	-0.012446 
3015.072139  	-0.012937 
3016.503798  	-0.013060 
3017.935456  	-0.012608 
3019.367114  	-0.012372 
3020.798772  	-0.012405 
3022.230430  	-0.012189 
3023.662089  	-0.011795 
3025.093747  	-0.010926 
3026.525405  	-0.009775 
3027.957063  	-0.008953 
3029.388721  	-0.008208 
3030.820380  	-0.007642 
3032.252038  	-0.007247 
3033.683696  	-0.006640 
3035.115354  	-0.006224 
3036.547012  	-0.005856 
3037.978670  	-0.005304 
3039.410329  	-0.005111 
3040.841987  	-0.005097 
3042.273645  	-0.005069 
3043.705303  	-0.005140 
3045.136961  	-0.005045 
3046.568620  	-0.005016 
3048.000278  	-0.005273 
3049.431936  	-0.005693 
3050.863594  	-0.006163 
3052.295252  	-0.006408 
3053.726910  	-0.006598 
3055.158569  	-0.006685 
3056.590227  	-0.006508 
3058.021885  	-0.006718 
3059.453543  	-0.007123 
3060.885201  	-0.007300 
3062.316860  	-0.007597 
3063.748518  	-0.007777 
3065.180176  	-0.008124 
3066.611834  	-0.008908 
3068.043492  	-0.009326 
3069.475151  	-0.009712 
3070.906809  	-0.010311 
3072.338467  	-0.010629 
3073.770125  	-0.011232 
3075.201783  	-0.011994 
3076.633441  	-0.012333 
3078.065100  	-0.012634 
3079.496758  	-0.012968 
3080.928416  	-0.013395 
3082.360074  	-0.013782 
3083.791732  	-0.013848 
3085.223391  	-0.014040 
3086.655049  	-0.014115 
3088.086707  	-0.014062 
3089.518365  	-0.014536 
3090.950023  	-0.014831 
3092.381682  	-0.014757 
3093.813340  	-0.014869 
3095.244998  	-0.014794 
3096.676656  	-0.014743 
3098.108314  	-0.014736 
3099.539972  	-0.014333 
3100.971631  	-0.014066 
3102.403289  	-0.013851 
3103.834947  	-0.013352 
3105.266605  	-0.012963 
3106.698263  	-0.012626 
3108.129922  	-0.012187 
3109.561580  	-0.011505 
3110.993238  	-0.010881 
3112.424896  	-0.010903 
3113.856554  	-0.010734 
3115.288212  	-0.010017 
3116.719871  	-0.009505 
3118.151529  	-0.009022 
3119.583187  	-0.008702 
3121.014845  	-0.008673 
3122.446503  	-0.008481 
3123.878162  	-0.008595 
3125.309820  	-0.008877 
3126.741478  	-0.008904 
3128.173136  	-0.009309 
3129.604794  	-0.009975 
3131.036453  	-0.010719 
3132.468111  	-0.011659 
3133.899769  	-0.012196 
3135.331427  	-0.012479 
3136.763085  	-0.012960 
3138.194743  	-0.013730 
3139.626402  	-0.014847 
3141.058060  	-0.015613 
3142.489718  	-0.015997 
3143.921376  	-0.016538 
3145.353034  	-0.016776 
3146.784693  	-0.016756 
3148.216351  	-0.016852 
3149.648009  	-0.016935 
3151.079667  	-0.017126 
3152.511325  	-0.017304 
3153.942983  	-0.017457 
3155.374642  	-0.017635 
3156.806300  	-0.017528 
3158.237958  	-0.017546 
3159.669616  	-0.017608 
3161.101274  	-0.017067 
3162.532933  	-0.016477 
3163.964591  	-0.016163 
3165.396249  	-0.015891 
3166.827907  	-0.015692 
3168.259565  	-0.015353 
3169.691224  	-0.014954 
3171.122882  	-0.014582 
3172.554540  	-0.014148 
3173.986198  	-0.013761 
3175.417856  	-0.013049 
3176.849514  	-0.012188 
3178.281173  	-0.011555 
3179.712831  	-0.010624 
3181.144489  	-0.009733 
3182.576147  	-0.009202 
3184.007805  	-0.008605 
3185.439464  	-0.008270 
3186.871122  	-0.007905 
3188.302780  	-0.007151 
3189.734438  	-0.006647 
3191.166096  	-0.006306 
3192.597755  	-0.006195 
3194.029413  	-0.006467 
3195.461071  	-0.006650 
3196.892729  	-0.007076 
3198.324387  	-0.007611 
3199.756045  	-0.007903 
3201.187704  	-0.008473 
3202.619362  	-0.008866 
3204.051020  	-0.009074 
3205.482678  	-0.009513 
3206.914336  	-0.009313 
3208.345995  	-0.008923 
3209.777653  	-0.009028 
3211.209311  	-0.008824 
3212.640969  	-0.008375 
3214.072627  	-0.007893 
3215.504285  	-0.007612 
3216.935944  	-0.007733 
3218.367602  	-0.007124 
3219.799260  	-0.006135 
3221.230918  	-0.005859 
3222.662576  	-0.005396 
3224.094235  	-0.004641 
3225.525893  	-0.004155 
3226.957551  	-0.003661 
3228.389209  	-0.003132 
3229.820867  	-0.002447 
3231.252526  	-0.001791 
3232.684184  	-0.001178 
3234.115842  	-0.000093 
3235.547500  	0.000760 
3236.979158  	0.001193 
3238.410816  	0.001880 
3239.842475  	0.002468 
3241.274133  	0.003136 
3242.705791  	0.003953 
3244.137449  	0.004496 
3245.569107  	0.005492 
3247.000766  	0.006755 
3248.432424  	0.007637 
3249.864082  	0.008541 
3251.295740  	0.009247 
3252.727398  	0.009996 
3254.159057  	0.011118 
3255.590715  	0.011761 
3257.022373  	0.012305 
3258.454031  	0.013383 
3259.885689  	0.014463 
3261.317347  	0.015452 
3262.749006  	0.016374 
3264.180664  	0.017337 
3265.612322  	0.018586 
3267.043980  	0.019940 
3268.475638  	0.021367 
3269.907297  	0.022545 
3271.338955  	0.023560 
3272.770613  	0.025109 
3274.202271  	0.026502 
3275.633929  	0.027505 
3277.065587  	0.029068 
3278.497246  	0.030842 
3279.928904  	0.032553 
3281.360562  	0.034418 
3282.792220  	0.036086 
3284.223878  	0.037846 
3285.655537  	0.039926 
3287.087195  	0.042058 
3288.518853  	0.044254 
3289.950511  	0.046290 
3291.382169  	0.048366 
3292.813828  	0.050881 
3294.245486  	0.053435 
3295.677144  	0.055821 
3297.108802  	0.057975 
3298.540460  	0.059866 
3299.972118  	0.061620 
3301.403777  	0.062717 
3302.835435  	0.063042 
3304.267093  	0.063065 
3305.698751  	0.062792 
3307.130409  	0.062378 
3308.562068  	0.061771 
3309.993726  	0.060932 
3311.425384  	0.060546 
3312.857042  	0.060556 
3314.288700  	0.060449 
3315.720359  	0.060342 
3317.152017  	0.060393 
3318.583675  	0.060464 
3320.015333  	0.060251 
3321.446991  	0.059914 
3322.878649  	0.059719 
3324.310308  	0.059498 
3325.741966  	0.059422 
3327.173624  	0.059195 
3328.605282  	0.058340 
3330.036940  	0.057475 
3331.468599  	0.056537 
3332.900257  	0.055279 
3334.331915  	0.054175 
3335.763573  	0.052762 
3337.195231  	0.050904 
3338.626889  	0.048972 
3340.058548  	0.046759 
3341.490206  	0.044561 
3342.921864  	0.042112 
3344.353522  	0.039323 
3345.785180  	0.037146 
3347.216839  	0.034879 
3348.648497  	0.032175 
3350.080155  	0.029902 
3351.511813  	0.027397 
3352.943471  	0.024723 
3354.375130  	0.022560 
3355.806788  	0.020432 
3357.238446  	0.018423 
3358.670104  	0.016198 
3360.101762  	0.013614 
3361.533420  	0.011737 
3362.965079  	0.010158 
3364.396737  	0.008334 
3365.828395  	0.006586 
3367.260053  	0.004777 
3368.691711  	0.003487 
3370.123370  	0.002680 
3371.555028  	0.001637 
3372.986686  	0.000700 
3374.418344  	-0.000385 
3375.850002  	-0.001576 
3377.281660  	-0.002321 
3378.713319  	-0.003323 
3380.144977  	-0.004351 
3381.576635  	-0.004894 
3383.008293  	-0.005458 
3384.439951  	-0.005712 
3385.871610  	-0.005903 
3387.303268  	-0.006518 
3388.734926  	-0.007017 
3390.166584  	-0.007682 
3391.598242  	-0.008344 
3393.029901  	-0.008585 
3394.461559  	-0.009167 
3395.893217  	-0.009693 
3397.324875  	-0.009730 
3398.756533  	-0.009972 
3400.188191  	-0.010291 
3401.619850  	-0.010673 
3403.051508  	-0.011178 
3404.483166  	-0.011350 
3405.914824  	-0.011403 
3407.346482  	-0.011561 
3408.778141  	-0.011878 
3410.209799  	-0.012336 
3411.641457  	-0.012672 
3413.073115  	-0.013066 
3414.504773  	-0.013274 
3415.936432  	-0.013324 
3417.368090  	-0.013875 
3418.799748  	-0.014031 
3420.231406  	-0.013618 
3421.663064  	-0.013962 
3423.094722  	-0.014485 
3424.526381  	-0.014622 
3425.958039  	-0.014933 
3427.389697  	-0.015236 
3428.821355  	-0.015477 
3430.253013  	-0.015549 
3431.684672  	-0.015358 
3433.116330  	-0.015411 
3434.547988  	-0.015647 
3435.979646  	-0.015943 
3437.411304  	-0.016098 
3438.842962  	-0.015830 
3440.274621  	-0.015830 
3441.706279  	-0.016006 
3443.137937  	-0.015935 
3444.569595  	-0.016223 
3446.001253  	-0.016364 
3447.432912  	-0.016100 
3448.864570  	-0.016511 
3450.296228  	-0.017163 
3451.727886  	-0.017381 
3453.159544  	-0.017479 
3454.591203  	-0.017560 
3456.022861  	-0.017540 
3457.454519  	-0.017389 
3458.886177  	-0.017481 
3460.317835  	-0.017874 
3461.749493  	-0.017898 
3463.181152  	-0.017796 
3464.612810  	-0.018019 
3466.044468  	-0.018167 
3467.476126  	-0.018080 
3468.907784  	-0.017820 
3470.339443  	-0.017777 
3471.771101  	-0.018127 
3473.202759  	-0.018225 
3474.634417  	-0.018054 
3476.066075  	-0.017966 
3477.497734  	-0.017950 
3478.929392  	-0.018058 
3480.361050  	-0.017952 
3481.792708  	-0.017618 
3483.224366  	-0.017529 
3484.656024  	-0.017650 
3486.087683  	-0.018053 
3487.519341  	-0.018487 
3488.950999  	-0.018549 
3490.382657  	-0.018561 
3491.814315  	-0.018473 
3493.245974  	-0.018440 
3494.677632  	-0.018502 
3496.109290  	-0.018042 
3497.540948  	-0.017873 
3498.972606  	-0.018268 
3500.404264  	-0.018209 
3501.835923  	-0.018122 
3503.267581  	-0.017993 
3504.699239  	-0.017764 
3506.130897  	-0.018365 
3507.562555  	-0.018690 
3508.994214  	-0.018294 
3510.425872  	-0.018321 
3511.857530  	-0.018483 
3513.289188  	-0.018816 
3514.720846  	-0.019215 
3516.152505  	-0.018808 
3517.584163  	-0.018588 
3519.015821  	-0.018968 
3520.447479  	-0.019127 
3521.879137  	-0.019256 
3523.310795  	-0.019153 
3524.742454  	-0.018901 
3526.174112  	-0.019086 
3527.605770  	-0.019274 
3529.037428  	-0.019477 
3530.469086  	-0.019592 
3531.900745  	-0.019497 
3533.332403  	-0.019708 
3534.764061  	-0.019737 
3536.195719  	-0.019674 
3537.627377  	-0.020155 
3539.059035  	-0.020168 
3540.490694  	-0.019837 
3541.922352  	-0.019997 
3543.354010  	-0.020034 
3544.785668  	-0.019907 
3546.217326  	-0.020024 
3547.648985  	-0.020152 
3549.080643  	-0.020339 
3550.512301  	-0.020540 
3551.943959  	-0.020618 
3553.375617  	-0.020505 
3554.807276  	-0.020475 
3556.238934  	-0.020804 
3557.670592  	-0.020988 
3559.102250  	-0.021115 
3560.533908  	-0.021489 
3561.965566  	-0.021271 
3563.397225  	-0.020782 
3564.828883  	-0.020897 
3566.260541  	-0.021113 
3567.692199  	-0.021172 
3569.123857  	-0.021371 
3570.555516  	-0.021763 
3571.987174  	-0.022117 
3573.418832  	-0.022012 
3574.850490  	-0.022024 
3576.282148  	-0.022327 
3577.713807  	-0.022203 
3579.145465  	-0.022127 
3580.577123  	-0.022211 
3582.008781  	-0.022201 
3583.440439  	-0.022540 
3584.872097  	-0.022699 
3586.303756  	-0.022520 
3587.735414  	-0.022596 
3589.167072  	-0.022591 
3590.598730  	-0.022828 
3592.030388  	-0.023125 
3593.462047  	-0.022850 
3594.893705  	-0.022878 
3596.325363  	-0.023364 
3597.757021  	-0.023343 
3599.188679  	-0.023221 
3600.620337  	-0.023351 
3602.051996  	-0.023648 
3603.483654  	-0.023810 
3604.915312  	-0.023667 
3606.346970  	-0.023450 
3607.778628  	-0.022912 
3609.210287  	-0.022670 
3610.641945  	-0.023580 
3612.073603  	-0.023924 
3613.505261  	-0.023517 
3614.936919  	-0.023890 
3616.368578  	-0.024519 
3617.800236  	-0.024419 
3619.231894  	-0.023714 
3620.663552  	-0.023740 
3622.095210  	-0.024349 
3623.526868  	-0.024183 
3624.958527  	-0.024101 
3626.390185  	-0.024547 
3627.821843  	-0.023775 
3629.253501  	-0.021852 
3630.685159  	-0.022940 
3632.116818  	-0.024379 
3633.548476  	-0.024765 
3634.980134  	-0.024915 
3636.411792  	-0.025212 
3637.843450  	-0.025289 
3639.275109  	-0.025168 
3640.706767  	-0.025483 
3642.138425  	-0.025653 
3643.570083  	-0.025475 
3645.001741  	-0.025662 
3646.433399  	-0.025419 
3647.865058  	-0.024730 
3649.296716  	-0.024763 
3650.728374  	-0.023978 
3652.160032  	-0.024302 
3653.591690  	-0.025833 
3655.023349  	-0.025890 
3656.455007  	-0.024963 
3657.886665  	-0.025357 
3659.318323  	-0.026079 
3660.749981  	-0.026218 
3662.181639  	-0.026297 
3663.613298  	-0.026882 
3665.044956  	-0.027211 
3666.476614  	-0.026515 
3667.908272  	-0.026006 
3669.339930  	-0.025751 
3670.771589  	-0.025004 
3672.203247  	-0.026032 
3673.634905  	-0.026804 
3675.066563  	-0.025227 
3676.498221  	-0.024328 
3677.929880  	-0.026591 
3679.361538  	-0.027332 
3680.793196  	-0.027319 
3682.224854  	-0.027469 
3683.656512  	-0.027415 
3685.088170  	-0.027218 
3686.519829  	-0.027090 
3687.951487  	-0.026423 
3689.383145  	-0.025751 
3690.814803  	-0.026493 
3692.246461  	-0.027207 
3693.678120  	-0.027576 
3695.109778  	-0.027699 
3696.541436  	-0.027294 
3697.973094  	-0.027442 
3699.404752  	-0.028142 
3700.836411  	-0.028066 
3702.268069  	-0.027893 
3703.699727  	-0.028036 
3705.131385  	-0.027807 
3706.563043  	-0.027953 
3707.994701  	-0.028091 
3709.426360  	-0.027648 
3710.858018  	-0.027322 
3712.289676  	-0.026532 
3713.721334  	-0.026310 
3715.152992  	-0.027531 
3716.584651  	-0.028077 
3718.016309  	-0.027813 
3719.447967  	-0.027830 
3720.879625  	-0.027744 
3722.311283  	-0.027384 
3723.742941  	-0.027609 
3725.174600  	-0.028056 
3726.606258  	-0.027768 
3728.037916  	-0.027527 
3729.469574  	-0.027950 
3730.901232  	-0.027487 
3732.332891  	-0.026416 
3733.764549  	-0.027050 
3735.196207  	-0.027110 
3736.627865  	-0.026151 
3738.059523  	-0.027232 
3739.491182  	-0.027802 
3740.922840  	-0.027950 
3742.354498  	-0.028432 
3743.786156  	-0.027421 
3745.217814  	-0.025478 
3746.649472  	-0.027135 
3748.081131  	-0.027703 
3749.512789  	-0.026775 
3750.944447  	-0.026020 
3752.376105  	-0.026453 
3753.807763  	-0.027481 
3755.239422  	-0.027749 
3756.671080  	-0.027533 
3758.102738  	-0.027742 
3759.534396  	-0.028032 
3760.966054  	-0.027941 
3762.397712  	-0.027944 
3763.829371  	-0.027972 
3765.261029  	-0.027844 
3766.692687  	-0.027896 
3768.124345  	-0.027964 
3769.556003  	-0.027450 
3770.987662  	-0.027087 
3772.419320  	-0.027802 
3773.850978  	-0.028359 
3775.282636  	-0.028459 
3776.714294  	-0.028465 
3778.145953  	-0.027966 
3779.577611  	-0.027197 
3781.009269  	-0.027446 
3782.440927  	-0.027996 
3783.872585  	-0.028062 
3785.304243  	-0.028184 
3786.735902  	-0.028435 
3788.167560  	-0.028465 
3789.599218  	-0.028445 
3791.030876  	-0.028398 
3792.462534  	-0.028273 
3793.894193  	-0.028370 
3795.325851  	-0.028201 
3796.757509  	-0.027499 
3798.189167  	-0.027956 
3799.620825  	-0.028450 
3801.052484  	-0.026738 
3802.484142  	-0.025367 
3803.915800  	-0.027370 
3805.347458  	-0.028005 
3806.779116  	-0.027226 
3808.210774  	-0.027098 
3809.642433  	-0.027784 
3811.074091  	-0.028094 
3812.505749  	-0.028148 
3813.937407  	-0.028080 
3815.369065  	-0.027232 
3816.800724  	-0.026071 
3818.232382  	-0.027154 
3819.664040  	-0.027616 
3821.095698  	-0.025728 
3822.527356  	-0.025583 
3823.959014  	-0.027715 
3825.390673  	-0.028012 
3826.822331  	-0.027324 
3828.253989  	-0.027509 
3829.685647  	-0.027903 
3831.117305  	-0.027530 
3832.548964  	-0.027068 
3833.980622  	-0.027033 
3835.412280  	-0.026733 
3836.843938  	-0.026418 
3838.275596  	-0.026310 
3839.707255  	-0.026214 
3841.138913  	-0.026928 
3842.570571  	-0.027552 
3844.002229  	-0.027285 
3845.433887  	-0.027442 
3846.865545  	-0.027854 
3848.297204  	-0.027541 
3849.728862  	-0.027307 
3851.160520  	-0.027402 
3852.592178  	-0.026349 
3854.023836  	-0.024020 
3855.455495  	-0.025207 
3856.887153  	-0.026760 
3858.318811  	-0.027277 
3859.750469  	-0.027558 
3861.182127  	-0.027819 
3862.613786  	-0.027604 
3864.045444  	-0.027063 
3865.477102  	-0.026506 
3866.908760  	-0.026576 
3868.340418  	-0.026864 
3869.772076  	-0.026204 
3871.203735  	-0.026287 
3872.635393  	-0.027637 
3874.067051  	-0.027424 
3875.498709  	-0.026602 
3876.930367  	-0.027415 
3878.362026  	-0.027709 
3879.793684  	-0.026492 
3881.225342  	-0.025555 
3882.657000  	-0.026633 
3884.088658  	-0.027536 
3885.520316  	-0.026437 
3886.951975  	-0.025447 
3888.383633  	-0.027049 
3889.815291  	-0.027707 
3891.246949  	-0.026837 
3892.678607  	-0.026604 
3894.110266  	-0.026962 
3895.541924  	-0.027161 
3896.973582  	-0.027358 
3898.405240  	-0.027244 
3899.836898  	-0.027139 
3901.268557  	-0.026967 
3902.700215  	-0.026166 
3904.131873  	-0.025496 
3905.563531  	-0.025755 
3906.995189  	-0.026598 
3908.426847  	-0.027291 
3909.858506  	-0.027366 
3911.290164  	-0.027076 
3912.721822  	-0.027085 
3914.153480  	-0.027427 
3915.585138  	-0.027436 
3917.016797  	-0.027011 
3918.448455  	-0.026922 
3919.880113  	-0.026794 
3921.311771  	-0.026443 
3922.743429  	-0.026636 
3924.175088  	-0.026573 
3925.606746  	-0.026092 
3927.038404  	-0.026480 
3928.470062  	-0.026887 
3929.901720  	-0.026863 
3931.333378  	-0.027117 
3932.765037  	-0.027104 
3934.196695  	-0.026691 
3935.628353  	-0.026704 
3937.060011  	-0.026851 
3938.491669  	-0.026826 
3939.923328  	-0.026758 
3941.354986  	-0.026681 
3942.786644  	-0.026603 
3944.218302  	-0.026688 
3945.649960  	-0.026946 
3947.081618  	-0.027026 
3948.513277  	-0.026942 
3949.944935  	-0.026866 
3951.376593  	-0.026519 
3952.808251  	-0.026280 
3954.239909  	-0.026417 
3955.671568  	-0.026339 
3957.103226  	-0.026302 
3958.534884  	-0.026613 
3959.966542  	-0.026570 
3961.398200  	-0.026111 
3962.829859  	-0.025936 
3964.261517  	-0.026241 
3965.693175  	-0.026331 
3967.124833  	-0.025980 
3968.556491  	-0.025951 
3969.988149  	-0.026195 
3971.419808  	-0.026423 
3972.851466  	-0.026873 
3974.283124  	-0.026705 
3975.714782  	-0.025983 
3977.146440  	-0.026178 
3978.578099  	-0.026798 
3980.009757  	-0.026954 
3981.441415  	-0.026946 
3982.873073  	-0.026731 
3984.304731  	-0.026421 
3985.736389  	-0.026290 
3987.168048  	-0.026308 
3988.599706  	-0.026389 
3990.031364  	-0.026105 
3991.463022  	-0.025777 
3992.894680  	-0.026099 
3994.326339  	-0.026491 
3995.757997  	-0.026521 
3997.189655  	-0.026391 
3998.621313  	-0.026191 
4000.052971  	-0.026315 
4001.484630  	-0.026719 
4002.916288  	-0.026670 
4004.347946  	-0.026122 
4005.779604  	-0.025837 
4007.211262  	-0.026042 
4008.642920  	-0.026050 
4010.074579  	-0.025848 
4011.506237  	-0.026044 
4012.937895  	-0.026374 
4014.369553  	-0.026554 
4015.801211  	-0.026442 
4017.232870  	-0.025995 
4018.664528  	-0.026052 
4020.096186  	-0.026401 
4021.527844  	-0.026160 
4022.959502  	-0.026017 
4024.391161  	-0.026131 
4025.822819  	-0.026065 
4027.254477  	-0.026249 
4028.686135  	-0.026371 
4030.117793  	-0.026112 
4031.549451  	-0.025991 
4032.981110  	-0.025999 
4034.412768  	-0.026026 
4035.844426  	-0.026040 
4037.276084  	-0.025952 
4038.707742  	-0.025922 
4040.139401  	-0.025898 
4041.571059  	-0.026063 
4043.002717  	-0.026392 
4044.434375  	-0.026318 
4045.866033  	-0.026092 
4047.297691  	-0.025934 
4048.729350  	-0.025686 
4050.161008  	-0.025819 
4051.592666  	-0.026052 
4053.024324  	-0.025870 
4054.455982  	-0.025709 
4055.887641  	-0.025577 
4057.319299  	-0.025356 
4058.750957  	-0.025356 
4060.182615  	-0.025674 
4061.614273  	-0.026096 
4063.045932  	-0.026048 
4064.477590  	-0.025600 
4065.909248  	-0.025297 
4067.340906  	-0.025043 
4068.772564  	-0.025180 
4070.204222  	-0.025780 
4071.635881  	-0.026054 
4073.067539  	-0.026194 
4074.499197  	-0.026310 
4075.930855  	-0.025988 
4077.362513  	-0.025814 
4078.794172  	-0.026014 
4080.225830  	-0.026187 
4081.657488  	-0.026236 
4083.089146  	-0.026088 
4084.520804  	-0.026046 
4085.952463  	-0.026205 
4087.384121  	-0.026295 
4088.815779  	-0.026454 
4090.247437  	-0.026439 
4091.679095  	-0.026215 
4093.110753  	-0.026245 
4094.542412  	-0.026256 
4095.974070  	-0.026256 
4097.405728  	-0.026374 
4098.837386  	-0.026151 
4100.269044  	-0.025973 
4101.700703  	-0.026285 
4103.132361  	-0.026714 
4104.564019  	-0.026912 
4105.995677  	-0.026569 
4107.427335  	-0.026189 
4108.858993  	-0.026372 
4110.290652  	-0.026378 
4111.722310  	-0.026225 
4113.153968  	-0.026692 
4114.585626  	-0.027142 
4116.017284  	-0.026896 
4117.448943  	-0.026598 
4118.880601  	-0.026792 
4120.312259  	-0.026871 
4121.743917  	-0.026478 
4123.175575  	-0.026518 
4124.607234  	-0.027024 
4126.038892  	-0.026932 
4127.470550  	-0.026531 
4128.902208  	-0.026555 
4130.333866  	-0.026724 
4131.765524  	-0.026813 
4133.197183  	-0.026859 
4134.628841  	-0.026777 
4136.060499  	-0.026574 
4137.492157  	-0.026416 
4138.923815  	-0.026425 
4140.355474  	-0.026467 
4141.787132  	-0.026457 
4143.218790  	-0.026466 
4144.650448  	-0.026467 
4146.082106  	-0.026466 
4147.513764  	-0.026569 
4148.945423  	-0.026850 
4150.377081  	-0.026978 
4151.808739  	-0.026621 
4153.240397  	-0.026390 
4154.672055  	-0.026629 
4156.103714  	-0.026768 
4157.535372  	-0.026749 
4158.967030  	-0.026745 
4160.398688  	-0.026711 
4161.830346  	-0.026614 
4163.262005  	-0.026274 
4164.693663  	-0.026193 
4166.125321  	-0.026636 
4167.556979  	-0.026814 
4168.988637  	-0.026740 
4170.420295  	-0.026542 
4171.851954  	-0.026074 
4173.283612  	-0.026065 
4174.715270  	-0.026194 
4176.146928  	-0.025821 
4177.578586  	-0.025776 
4179.010245  	-0.026041 
4180.441903  	-0.026186 
4181.873561  	-0.026395 
4183.305219  	-0.026229 
4184.736877  	-0.025926 
4186.168536  	-0.026073 
4187.600194  	-0.026185 
4189.031852  	-0.026163 
4190.463510  	-0.026232 
4191.895168  	-0.026270 
4193.326826  	-0.026253 
4194.758485  	-0.026318 
4196.190143  	-0.026765 
4197.621801  	-0.026959 
4199.053459  	-0.026294 
4200.485117  	-0.025930 
4201.916776  	-0.026109 
4203.348434  	-0.026047 
4204.780092  	-0.026089 
4206.211750  	-0.026042 
4207.643408  	-0.025791 
4209.075066  	-0.026087 
4210.506725  	-0.026386 
4211.938383  	-0.026218 
4213.370041  	-0.026047 
4214.801699  	-0.025875 
4216.233357  	-0.026036 
4217.665016  	-0.026571 
4219.096674  	-0.026717 
4220.528332  	-0.026539 
4221.959990  	-0.026259 
4223.391648  	-0.025763 
4224.823307  	-0.025538 
4226.254965  	-0.025821 
4227.686623  	-0.026083 
4229.118281  	-0.026093 
4230.549939  	-0.026142 
4231.981597  	-0.026178 
4233.413256  	-0.026036 
4234.844914  	-0.026026 
4236.276572  	-0.026044 
4237.708230  	-0.025984 
4239.139888  	-0.026349 
4240.571547  	-0.026680 
4242.003205  	-0.026475 
4243.434863  	-0.026300 
4244.866521  	-0.026083 
4246.298179  	-0.025802 
4247.729838  	-0.025939 
4249.161496  	-0.026126 
4250.593154  	-0.026272 
4252.024812  	-0.026535 
4253.456470  	-0.026474 
4254.888128  	-0.026348 
4256.319787  	-0.026455 
4257.751445  	-0.026389 
4259.183103  	-0.026226 
4260.614761  	-0.026212 
4262.046419  	-0.026349 
4263.478078  	-0.026501 
4264.909736  	-0.026381 
4266.341394  	-0.026202 
4267.773052  	-0.026218 
4269.204710  	-0.026309 
4270.636368  	-0.026713 
4272.068027  	-0.027256 
4273.499685  	-0.027064 
4274.931343  	-0.026205 
4276.363001  	-0.025789 
4277.794659  	-0.026155 
4279.226318  	-0.026513 
4280.657976  	-0.026569 
4282.089634  	-0.026777 
4283.521292  	-0.027036 
4284.952950  	-0.026955 
4286.384609  	-0.026635 
4287.816267  	-0.026336 
4289.247925  	-0.026213 
4290.679583  	-0.026337 
4292.111241  	-0.026666 
4293.542899  	-0.026885 
4294.974558  	-0.026739 
4296.406216  	-0.026574 
4297.837874  	-0.026538 
4299.269532  	-0.026392 
4300.701190  	-0.026352 
4302.132849  	-0.026522 
4303.564507  	-0.026576 
4304.996165  	-0.026409 
4306.427823  	-0.026193 
4307.859481  	-0.026101 
4309.291140  	-0.025889 
4310.722798  	-0.025722 
4312.154456  	-0.026315 
4313.586114  	-0.026818 
4315.017772  	-0.026351 
4316.449430  	-0.026130 
4317.881089  	-0.026450 
4319.312747  	-0.026398 
4320.744405  	-0.026186 
4322.176063  	-0.025983 
4323.607721  	-0.025833 
4325.039380  	-0.025975 
4326.471038  	-0.025795 
4327.902696  	-0.025325 
4329.334354  	-0.025480 
4330.766012  	-0.025956 
4332.197670  	-0.025952 
4333.629329  	-0.025552 
4335.060987  	-0.025389 
4336.492645  	-0.025785 
4337.924303  	-0.026053 
4339.355961  	-0.025729 
4340.787620  	-0.025625 
4342.219278  	-0.026049 
4343.650936  	-0.026102 
4345.082594  	-0.025626 
4346.514252  	-0.025484 
4347.945911  	-0.025824 
4349.377569  	-0.025940 
4350.809227  	-0.025671 
4352.240885  	-0.025588 
4353.672543  	-0.025892 
4355.104201  	-0.026064 
4356.535860  	-0.025943 
4357.967518  	-0.025861 
4359.399176  	-0.025693 
4360.830834  	-0.025560 
4362.262492  	-0.025920 
4363.694151  	-0.026195 
4365.125809  	-0.025994 
4366.557467  	-0.025908 
4367.989125  	-0.025835 
4369.420783  	-0.025689 
4370.852441  	-0.025979 
4372.284100  	-0.026209 
4373.715758  	-0.025933 
4375.147416  	-0.026081 
4376.579074  	-0.026938 
4378.010732  	-0.027278 
4379.442391  	-0.026741 
4380.874049  	-0.026422 
4382.305707  	-0.026592 
4383.737365  	-0.026674 
4385.169023  	-0.026649 
4386.600682  	-0.026522 
4388.032340  	-0.026469 
4389.463998  	-0.026659 
4390.895656  	-0.026516 
4392.327314  	-0.026384 
4393.758972  	-0.026794 
4395.190631  	-0.026817 
4396.622289  	-0.026601 
4398.053947  	-0.026862 
4399.485605  	-0.026780 
4400.917263  	-0.026388 
4402.348922  	-0.026403 
4403.780580  	-0.026495 
4405.212238  	-0.026734 
4406.643896  	-0.027134 
4408.075554  	-0.026945 
4409.507213  	-0.026308 
4410.938871  	-0.026048 
4412.370529  	-0.026289 
4413.802187  	-0.026609 
4415.233845  	-0.026851 
4416.665503  	-0.027053 
4418.097162  	-0.026932 
4419.528820  	-0.026566 
4420.960478  	-0.026544 
4422.392136  	-0.026937 
4423.823794  	-0.027325 
4425.255453  	-0.027406 
4426.687111  	-0.027270 
4428.118769  	-0.027017 
4429.550427  	-0.026659 
4430.982085  	-0.026765 
4432.413743  	-0.027180 
4433.845402  	-0.026919 
4435.277060  	-0.026599 
4436.708718  	-0.026888 
4438.140376  	-0.027081 
4439.572034  	-0.027361 
4441.003693  	-0.027946 
4442.435351  	-0.028130 
4443.867009  	-0.027955 
4445.298667  	-0.027781 
4446.730325  	-0.027653 
4448.161984  	-0.027567 
4449.593642  	-0.027502 
4451.025300  	-0.027676 
4452.456958  	-0.027717 
4453.888616  	-0.027472 
4455.320274  	-0.027913 
4456.751933  	-0.028519 
4458.183591  	-0.028218 
4459.615249  	-0.027980 
4461.046907  	-0.028158 
4462.478565  	-0.027986 
4463.910224  	-0.027781 
4465.341882  	-0.027763 
4466.773540  	-0.027580 
4468.205198  	-0.027494 
4469.636856  	-0.027716 
4471.068515  	-0.027783 
4472.500173  	-0.027547 
4473.931831  	-0.027590 
4475.363489  	-0.027897 
4476.795147  	-0.027887 
4478.226805  	-0.027937 
4479.658464  	-0.028461 
4481.090122  	-0.028709 
4482.521780  	-0.028285 
4483.953438  	-0.027860 
4485.385096  	-0.027988 
4486.816755  	-0.028404 
4488.248413  	-0.028411 
4489.680071  	-0.027755 
4491.111729  	-0.027327 
4492.543387  	-0.028034 
4493.975045  	-0.028745 
4495.406704  	-0.028312 
4496.838362  	-0.027915 
4498.270020  	-0.028066 
4499.701678  	-0.028016 
4501.133336  	-0.028115 
4502.564995  	-0.028152 
4503.996653  	-0.027668 
4505.428311  	-0.027561 
4506.859969  	-0.027835 
4508.291627  	-0.027938 
4509.723286  	-0.027931 
4511.154944  	-0.027611 
4512.586602  	-0.027571 
4514.018260  	-0.028161 
4515.449918  	-0.028549 
4516.881576  	-0.028847 
4518.313235  	-0.028876 
4519.744893  	-0.028068 
4521.176551  	-0.027649 
4522.608209  	-0.028144 
4524.039867  	-0.028620 
4525.471526  	-0.028825 
4526.903184  	-0.028572 
4528.334842  	-0.027948 
4529.766500  	-0.027697 
4531.198158  	-0.027917 
4532.629817  	-0.028129 
4534.061475  	-0.027982 
4535.493133  	-0.027765 
4536.924791  	-0.027904 
4538.356449  	-0.028098 
4539.788107  	-0.028171 
4541.219766  	-0.028145 
4542.651424  	-0.027894 
4544.083082  	-0.027631 
4545.514740  	-0.027462 
4546.946398  	-0.027856 
4548.378057  	-0.028963 
4549.809715  	-0.029233 
4551.241373  	-0.028474 
4552.673031  	-0.028153 
4554.104689  	-0.028032 
4555.536347  	-0.027934 
4556.968006  	-0.028367 
4558.399664  	-0.028451 
4559.831322  	-0.027942 
4561.262980  	-0.027625 
4562.694638  	-0.027376 
4564.126297  	-0.027262 
4565.557955  	-0.027650 
4566.989613  	-0.028028 
4568.421271  	-0.027889 
4569.852929  	-0.027481 
4571.284588  	-0.027261 
4572.716246  	-0.027514 
4574.147904  	-0.028108 
4575.579562  	-0.028329 
4577.011220  	-0.027873 
4578.442878  	-0.027343 
4579.874537  	-0.027026 
4581.306195  	-0.027076 
4582.737853  	-0.027761 
4584.169511  	-0.028145 
4585.601169  	-0.027640 
4587.032828  	-0.027279 
4588.464486  	-0.027353 
4589.896144  	-0.027510 
4591.327802  	-0.027833 
4592.759460  	-0.027885 
4594.191118  	-0.027588 
4595.622777  	-0.027711 
4597.054435  	-0.028200 
4598.486093  	-0.028372 
4599.917751  	-0.028177 
4601.349409  	-0.027887 
4602.781068  	-0.027491 
4604.212726  	-0.027268 
4605.644384  	-0.027715 
4607.076042  	-0.028288 
4608.507700  	-0.028395 
4609.939359  	-0.028529 
4611.371017  	-0.028605 
4612.802675  	-0.028125 
4614.234333  	-0.027695 
4615.665991  	-0.027859 
4617.097649  	-0.028112 
4618.529308  	-0.027897 
4619.960966  	-0.027555 
4621.392624  	-0.027657 
4622.824282  	-0.027797 
4624.255940  	-0.027555 
4625.687599  	-0.027433 
4627.119257  	-0.027747 
4628.550915  	-0.028076 
4629.982573  	-0.027797 
4631.414231  	-0.027120 
4632.845890  	-0.026964 
4634.277548  	-0.027153 
4635.709206  	-0.027069 
4637.140864  	-0.027131 
4638.572522  	-0.027606 
4640.004180  	-0.028072 
4641.435839  	-0.028069 
4642.867497  	-0.027710 
4644.299155  	-0.027657 
4645.730813  	-0.027743 
4647.162471  	-0.027632 
4648.594130  	-0.027790 
4650.025788  	-0.027897 
4651.457446  	-0.027594 
4652.889104  	-0.027507 
4654.320762  	-0.027581 
4655.752420  	-0.027609 
4657.184079  	-0.027821 
4658.615737  	-0.027864 
4660.047395  	-0.027580 
4661.479053  	-0.027411 
4662.910711  	-0.027605 
4664.342370  	-0.027863 
4665.774028  	-0.027592 
4667.205686  	-0.027293 
4668.637344  	-0.027758 
4670.069002  	-0.028213 
4671.500661  	-0.028212 
4672.932319  	-0.028439 
4674.363977  	-0.028591 
4675.795635  	-0.028181 
4677.227293  	-0.027841 
4678.658951  	-0.027869 
4680.090610  	-0.027901 
4681.522268  	-0.027956 
4682.953926  	-0.028062 
4684.385584  	-0.028034 
4685.817242  	-0.027995 
4687.248901  	-0.027722 
4688.680559  	-0.027089 
4690.112217  	-0.026985 
4691.543875  	-0.027497 
4692.975533  	-0.027973 
4694.407192  	-0.028504 
4695.838850  	-0.028361 
4697.270508  	-0.027254 
4698.702166  	-0.027024 
4700.133824  	-0.027942 
4701.565482  	-0.028282 
4702.997141  	-0.027840 
4704.428799  	-0.027654 
4705.860457  	-0.027955 
4707.292115  	-0.027898 
4708.723773  	-0.027513 
4710.155432  	-0.027920 
4711.587090  	-0.028421 
4713.018748  	-0.028001 
4714.450406  	-0.027695 
4715.882064  	-0.027973 
4717.313722  	-0.028224 
4718.745381  	-0.028316 
4720.177039  	-0.028453 
4721.608697  	-0.028751 
4723.040355  	-0.028594 
4724.472013  	-0.028121 
4725.903672  	-0.028294 
4727.335330  	-0.028309 
4728.766988  	-0.027956 
4730.198646  	-0.028171 
4731.630304  	-0.028169 
4733.061963  	-0.028144 
4734.493621  	-0.028840 
4735.925279  	-0.028972 
4737.356937  	-0.028682 
4738.788595  	-0.028600 
4740.220253  	-0.028076 
4741.651912  	-0.027908 
4743.083570  	-0.028134 
4744.515228  	-0.027863 
4745.946886  	-0.028010 
4747.378544  	-0.028414 
4748.810203  	-0.028308 
4750.241861  	-0.028387 
4751.673519  	-0.028315 
4753.105177  	-0.027734 
4754.536835  	-0.027464 
4755.968493  	-0.027621 
4757.400152  	-0.027833 
4758.831810  	-0.027570 
4760.263468  	-0.027083 
4761.695126  	-0.027488 
4763.126784  	-0.028157 
4764.558443  	-0.028020 
4765.990101  	-0.027687 
4767.421759  	-0.027651 
4768.853417  	-0.027845 
4770.285075  	-0.027852 
4771.716734  	-0.027407 
4773.148392  	-0.027643 
4774.580050  	-0.028746 
4776.011708  	-0.028936 
4777.443366  	-0.028010 
4778.875024  	-0.027504 
4780.306683  	-0.027818 
4781.738341  	-0.028123 
4783.169999  	-0.028077 
4784.601657  	-0.028164 
4786.033315  	-0.028475 
4787.464974  	-0.028570 
4788.896632  	-0.028474 
4790.328290  	-0.028372 
4791.759948  	-0.028190 
4793.191606  	-0.028169 
4794.623265  	-0.028546 
4796.054923  	-0.028714 
4797.486581  	-0.028233 
4798.918239  	-0.027884 
4800.349897  	-0.028105 
4801.781555  	-0.028207 
4803.213214  	-0.027896 
4804.644872  	-0.027607 
4806.076530  	-0.027659 
4807.508188  	-0.027944 
4808.939846  	-0.028189 
4810.371505  	-0.028298 
4811.803163  	-0.028106 
4813.234821  	-0.027872 
4814.666479  	-0.028108 
4816.098137  	-0.028200 
4817.529795  	-0.027999 
4818.961454  	-0.028258 
4820.393112  	-0.028320 
4821.824770  	-0.028007 
4823.256428  	-0.028255 
4824.688086  	-0.028503 
4826.119745  	-0.028403 
4827.551403  	-0.028261 
4828.983061  	-0.027715 
4830.414719  	-0.027355 
4831.846377  	-0.027438 
4833.278036  	-0.027320 
4834.709694  	-0.027591 
4836.141352  	-0.028133 
4837.573010  	-0.028240 
4839.004668  	-0.028520 
4840.436326  	-0.028581 
4841.867985  	-0.027853 
4843.299643  	-0.027404 
4844.731301  	-0.027566 
4846.162959  	-0.027682 
4847.594617  	-0.027436 
4849.026276  	-0.027285 
4850.457934  	-0.027930 
4851.889592  	-0.028398 
4853.321250  	-0.027712 
4854.752908  	-0.027055 
4856.184567  	-0.027101 
4857.616225  	-0.027295 
4859.047883  	-0.027484 
4860.479541  	-0.027638 
4861.911199  	-0.027638 
4863.342857  	-0.027469 
4864.774516  	-0.027567 
4866.206174  	-0.028200 
4867.637832  	-0.028314 
4869.069490  	-0.027530 
4870.501148  	-0.027063 
4871.932807  	-0.027386 
4873.364465  	-0.027886 
4874.796123  	-0.027750 
4876.227781  	-0.027050 
4877.659439  	-0.027056 
4879.091097  	-0.027708 
4880.522756  	-0.027784 
4881.954414  	-0.027342 
4883.386072  	-0.026981 
4884.817730  	-0.027194 
4886.249388  	-0.027991 
4887.681047  	-0.028173 
4889.112705  	-0.027398 
4890.544363  	-0.026806 
4891.976021  	-0.026763 
4893.407679  	-0.026791 
4894.839338  	-0.026849 
4896.270996  	-0.027201 
4897.702654  	-0.027545 
4899.134312  	-0.027437 
4900.565970  	-0.027433 
4901.997628  	-0.027833 
4903.429287  	-0.027940 
4904.860945  	-0.027746 
4906.292603  	-0.027586 
4907.724261  	-0.027267 
4909.155919  	-0.027157 
4910.587578  	-0.027695 
4912.019236  	-0.028145 
4913.450894  	-0.027751 
4914.882552  	-0.027072 
4916.314210  	-0.027062 
4917.745869  	-0.027697 
4919.177527  	-0.028085 
4920.609185  	-0.027777 
4922.040843  	-0.027732 
4923.472501  	-0.028572 
4924.904159  	-0.028973 
4926.335818  	-0.028496 
4927.767476  	-0.028442 
4929.199134  	-0.028722 
4930.630792  	-0.028718 
4932.062450  	-0.028515 
4933.494109  	-0.027924 
4934.925767  	-0.027636 
4936.357425  	-0.028004 
4937.789083  	-0.027883 
4939.220741  	-0.027522 
4940.652399  	-0.027465 
4942.084058  	-0.027192 
4943.515716  	-0.027422 
4944.947374  	-0.028317 
4946.379032  	-0.028650 
4947.810690  	-0.028532 
4949.242349  	-0.028387 
4950.674007  	-0.028189 
4952.105665  	-0.028193 
4953.537323  	-0.028001 
4954.968981  	-0.027441 
4956.400640  	-0.027399 
4957.832298  	-0.028070 
4959.263956  	-0.028490 
4960.695614  	-0.028238 
4962.127272  	-0.028088 
4963.558930  	-0.028231 
4964.990589  	-0.028265 
4966.422247  	-0.028508 
4967.853905  	-0.028592 
4969.285563  	-0.028246 
4970.717221  	-0.028512 
4972.148880  	-0.028862 
4973.580538  	-0.028466 
4975.012196  	-0.028364 
4976.443854  	-0.028564 
4977.875512  	-0.028696 
4979.307170  	-0.029039 
4980.738829  	-0.028927 
4982.170487  	-0.028653 
4983.602145  	-0.028863 
4985.033803  	-0.028654 
4986.465461  	-0.028219 
4987.897120  	-0.028179 
4989.328778  	-0.027988 
4990.760436  	-0.027927 
4992.192094  	-0.028364 
4993.623752  	-0.028795 
4995.055411  	-0.028931 
4996.487069  	-0.028827 
4997.918727  	-0.028897 
4999.350385  	-0.028877 
5000.782043  	-0.028153 
5002.213701  	-0.027581 
5003.645360  	-0.027764 
5005.077018  	-0.028208 
5006.508676  	-0.028554 
5007.940334  	-0.028152 
5009.371992  	-0.027529 
5010.803651  	-0.028060 
5012.235309  	-0.028724 
5013.666967  	-0.028464 
5015.098625  	-0.028262 
5016.530283  	-0.028177 
5017.961942  	-0.028031 
5019.393600  	-0.028814 
5020.825258  	-0.029736 
5022.256916  	-0.029026 
5023.688574  	-0.027909 
5025.120232  	-0.028273 
5026.551891  	-0.029068 
5027.983549  	-0.029103 
5029.415207  	-0.028862 
5030.846865  	-0.028642 
5032.278523  	-0.028752 
5033.710182  	-0.028984 
5035.141840  	-0.028358 
5036.573498  	-0.027673 
5038.005156  	-0.027793 
5039.436814  	-0.027880 
5040.868472  	-0.028183 
5042.300131  	-0.028716 
5043.731789  	-0.028314 
5045.163447  	-0.027814 
5046.595105  	-0.028172 
5048.026763  	-0.028507 
5049.458422  	-0.028588 
5050.890080  	-0.028437 
5052.321738  	-0.027883 
5053.753396  	-0.027883 
5055.185054  	-0.028654 
5056.616713  	-0.028891 
5058.048371  	-0.028348 
5059.480029  	-0.027944 
5060.911687  	-0.027862 
5062.343345  	-0.027918 
5063.775003  	-0.028107 
5065.206662  	-0.027831 
5066.638320  	-0.027200 
5068.069978  	-0.027510 
5069.501636  	-0.028261 
5070.933294  	-0.028048 
5072.364953  	-0.027641 
5073.796611  	-0.028022 
5075.228269  	-0.028509 
5076.659927  	-0.028461 
5078.091585  	-0.028276 
5079.523244  	-0.028691 
5080.954902  	-0.029125 
5082.386560  	-0.028632 
5083.818218  	-0.028074 
5085.249876  	-0.027962 
5086.681534  	-0.027653 
5088.113193  	-0.027664 
5089.544851  	-0.028288 
5090.976509  	-0.028833 
5092.408167  	-0.029153 
5093.839825  	-0.028954 
5095.271484  	-0.028273 
5096.703142  	-0.027984 
5098.134800  	-0.028297 
5099.566458  	-0.029152 
5100.998116  	-0.029863 
5102.429774  	-0.029242 
5103.861433  	-0.028487 
5105.293091  	-0.028975 
5106.724749  	-0.029354 
5108.156407  	-0.028781 
5109.588065  	-0.027976 
5111.019724  	-0.027466 
5112.451382  	-0.027400 
5113.883040  	-0.027502 
5115.314698  	-0.028128 
5116.746356  	-0.029046 
5118.178015  	-0.028463 
5119.609673  	-0.027495 
5121.041331  	-0.028358 
5122.472989  	-0.029042 
5123.904647  	-0.028268 
5125.336305  	-0.027645 
5126.767964  	-0.027404 
5128.199622  	-0.027473 
5129.631280  	-0.027879 
5131.062938  	-0.028015 
5132.494596  	-0.028314 
5133.926255  	-0.028358 
5135.357913  	-0.027644 
5136.789571  	-0.027853 
5138.221229  	-0.028646 
5139.652887  	-0.028291 
5141.084546  	-0.027723 
5142.516204  	-0.027764 
5143.947862  	-0.028065 
5145.379520  	-0.028628 
5146.811178  	-0.028880 
5148.242836  	-0.028811 
5149.674495  	-0.029006 
5151.106153  	-0.028759 
5152.537811  	-0.027875 
5153.969469  	-0.027579 
5155.401127  	-0.027872 
5156.832786  	-0.027706 
5158.264444  	-0.027275 
5159.696102  	-0.027196 
5161.127760  	-0.027144 
5162.559418  	-0.027406 
5163.991076  	-0.028227 
5165.422735  	-0.028424 
5166.854393  	-0.028088 
5168.286051  	-0.028189 
5169.717709  	-0.028488 
5171.149367  	-0.029089 
5172.581026  	-0.029504 
5174.012684  	-0.028979 
5175.444342  	-0.028557 
5176.876000  	-0.028253 
5178.307658  	-0.027686 
5179.739317  	-0.027906 
5181.170975  	-0.027973 
5182.602633  	-0.027166 
5184.034291  	-0.027131 
5185.465949  	-0.027744 
5186.897607  	-0.028170 
5188.329266  	-0.028437 
5189.760924  	-0.028039 
5191.192582  	-0.027777 
5192.624240  	-0.028490 
5194.055898  	-0.028820 
5195.487557  	-0.028003 
5196.919215  	-0.026956 
5198.350873  	-0.027049 
5199.782531  	-0.028062 
5201.214189  	-0.028280 
5202.645847  	-0.028085 
5204.077506  	-0.028359 
5205.509164  	-0.028311 
5206.940822  	-0.028494 
5208.372480  	-0.029785 
5209.804138  	-0.030457 
5211.235797  	-0.029635 
5212.667455  	-0.028654 
5214.099113  	-0.028585 
5215.530771  	-0.028653 
5216.962429  	-0.027994 
5218.394088  	-0.027484 
5219.825746  	-0.027523 
5221.257404  	-0.027762 
5222.689062  	-0.028343 
5224.120720  	-0.028382 
5225.552378  	-0.027703 
5226.984037  	-0.027703 
5228.415695  	-0.028102 
5229.847353  	-0.028466 
5231.279011  	-0.028811 
5232.710669  	-0.028146 
5234.142328  	-0.027543 
5235.573986  	-0.028406 
5237.005644  	-0.028990 
5238.437302  	-0.028240 
5239.868960  	-0.027826 
5241.300619  	-0.028493 
5242.732277  	-0.028671 
5244.163935  	-0.027903 
5245.595593  	-0.028081 
5247.027251  	-0.028913 
5248.458909  	-0.028475 
5249.890568  	-0.027991 
5251.322226  	-0.028759 
5252.753884  	-0.029364 
5254.185542  	-0.029375 
5255.617200  	-0.029191 
5257.048859  	-0.028784 
5258.480517  	-0.028695 
5259.912175  	-0.029221 
5261.343833  	-0.029198 
5262.775491  	-0.028023 
5264.207149  	-0.027391 
5265.638808  	-0.028014 
5267.070466  	-0.028698 
5268.502124  	-0.029604 
5269.933782  	-0.030107 
5271.365440  	-0.029273 
5272.797099  	-0.028953 
5274.228757  	-0.029061 
5275.660415  	-0.028261 
5277.092073  	-0.028481 
5278.523731  	-0.029593 
5279.955390  	-0.029433 
5281.387048  	-0.029343 
5282.818706  	-0.029614 
5284.250364  	-0.028763 
5285.682022  	-0.028198 
5287.113680  	-0.028501 
5288.545339  	-0.028256 
5289.976997  	-0.027928 
5291.408655  	-0.028021 
5292.840313  	-0.028007 
5294.271971  	-0.028037 
5295.703630  	-0.028201 
5297.135288  	-0.028520 
5298.566946  	-0.029102 
5299.998604  	-0.029067 
5301.430262  	-0.028028 
5302.861921  	-0.027536 
5304.293579  	-0.028471 
5305.725237  	-0.029519 
5307.156895  	-0.029526 
5308.588553  	-0.029168 
5310.020211  	-0.029319 
5311.451870  	-0.029103 
5312.883528  	-0.028068 
5314.315186  	-0.027657 
5315.746844  	-0.028099 
5317.178502  	-0.028193 
5318.610161  	-0.028235 
5320.041819  	-0.028368 
5321.473477  	-0.028261 
5322.905135  	-0.028962 
5324.336793  	-0.029628 
5325.768451  	-0.028423 
5327.200110  	-0.027102 
5328.631768  	-0.027350 
5330.063426  	-0.027847 
5331.495084  	-0.028329 
5332.926742  	-0.029025 
5334.358401  	-0.029053 
5335.790059  	-0.028621 
5337.221717  	-0.028255 
5338.653375  	-0.028199 
5340.085033  	-0.028493 
5341.516692  	-0.028302 
5342.948350  	-0.027795 
5344.380008  	-0.027375 
5345.811666  	-0.026780 
5347.243324  	-0.027100 
5348.674982  	-0.028646 
5350.106641  	-0.029437 
5351.538299  	-0.028829 
5352.969957  	-0.028248 
5354.401615  	-0.028164 
5355.833273  	-0.028432 
5357.264932  	-0.028185 
5358.696590  	-0.027261 
5360.128248  	-0.027261 
5361.559906  	-0.027771 
5362.991564  	-0.027545 
5364.423222  	-0.028080 
5365.854881  	-0.028727 
5367.286539  	-0.027613 
5368.718197  	-0.026929 
5370.149855  	-0.027685 
5371.581513  	-0.028043 
5373.013172  	-0.028181 
5374.444830  	-0.028772 
5375.876488  	-0.028987 
5377.308146  	-0.028497 
5378.739804  	-0.028428 
5380.171463  	-0.029443 
5381.603121  	-0.029900 
5383.034779  	-0.029122 
5384.466437  	-0.028817 
5385.898095  	-0.028967 
5387.329753  	-0.029067 
5388.761412  	-0.029628 
5390.193070  	-0.029493 
5391.624728  	-0.028740 
5393.056386  	-0.028838 
5394.488044  	-0.029157 
5395.919703  	-0.029086 
5397.351361  	-0.028753 
5398.783019  	-0.028097 
5400.214677  	-0.028173 
5401.646335  	-0.028983 
5403.077994  	-0.029313 
5404.509652  	-0.028762 
5405.941310  	-0.028016 
5407.372968  	-0.028187 
5408.804626  	-0.028288 
5410.236284  	-0.027585 
5411.667943  	-0.028445 
5413.099601  	-0.029835 
5414.531259  	-0.029112 
5415.962917  	-0.028514 
5417.394575  	-0.029127 
5418.826234  	-0.029522 
5420.257892  	-0.029718 
5421.689550  	-0.029479 
5423.121208  	-0.028967 
5424.552866  	-0.028532 
5425.984524  	-0.027551 
5427.416183  	-0.026424 
5428.847841  	-0.025847 
5430.279499  	-0.026898 
5431.711157  	-0.029302 
5433.142815  	-0.030048 
5434.574474  	-0.029012 
5436.006132  	-0.028159 
5437.437790  	-0.027602 
5438.869448  	-0.027693 
5440.301106  	-0.027907 
5441.732765  	-0.026879 
5443.164423  	-0.026811 
5444.596081  	-0.027675 
5446.027739  	-0.027230 
5447.459397  	-0.027145 
5448.891055  	-0.027650 
5450.322714  	-0.027384 
5451.754372  	-0.027744 
5453.186030  	-0.028133 
5454.617688  	-0.027807 
5456.049346  	-0.028595 
5457.481005  	-0.029572 
5458.912663  	-0.028885 
5460.344321  	-0.027728 
5461.775979  	-0.026953 
5463.207637  	-0.027027 
5464.639296  	-0.027824 
5466.070954  	-0.027497 
5467.502612  	-0.026430 
5468.934270  	-0.026884 
5470.365928  	-0.028023 
5471.797586  	-0.028173 
5473.229245  	-0.027573 
5474.660903  	-0.026517 
5476.092561  	-0.026165 
5477.524219  	-0.027137 
5478.955877  	-0.027551 
5480.387536  	-0.027770 
5481.819194  	-0.028797 
5483.250852  	-0.028893 
5484.682510  	-0.027529 
5486.114168  	-0.026908 
5487.545826  	-0.028313 
5488.977485  	-0.030104 
5490.409143  	-0.030122 
5491.840801  	-0.028828 
5493.272459  	-0.026876 
5494.704117  	-0.025683 
5496.135776  	-0.027170 
5497.567434  	-0.027893 
5498.999092  	-0.026188 
5500.430750  	-0.027120 
5501.862408  	-0.029993 
5503.294067  	-0.030057 
5504.725725  	-0.029321 
5506.157383  	-0.029519 
5507.589041  	-0.029211 
5509.020699  	-0.028625 
5510.452357  	-0.027945 
5511.884016  	-0.027586 
5513.315674  	-0.027434 
5514.747332  	-0.026922 
5516.178990  	-0.027918 
5517.610648  	-0.029682 
5519.042307  	-0.029467 
5520.473965  	-0.028943 
5521.905623  	-0.028546 
5523.337281  	-0.027076 
5524.768939  	-0.026427 
5526.200598  	-0.026979 
5527.632256  	-0.027614 
5529.063914  	-0.028619 
5530.495572  	-0.028751 
5531.927230  	-0.027316 
5533.358888  	-0.026655 
5534.790547  	-0.027873 
5536.222205  	-0.029273 
5537.653863  	-0.029592 
5539.085521  	-0.029154 
5540.517179  	-0.028810 
5541.948838  	-0.028907 
5543.380496  	-0.028606 
5544.812154  	-0.028006 
5546.243812  	-0.028461 
5547.675470  	-0.028581 
5549.107128  	-0.027655 
5550.538787  	-0.027751 
5551.970445  	-0.026749 
5553.402103  	-0.024281 
5554.833761  	-0.025443 
5556.265419  	-0.027935 
5557.697078  	-0.027631 
5559.128736  	-0.027956 
5560.560394  	-0.028695 
5561.992052  	-0.027496 
5563.423710  	-0.027509 
5564.855369  	-0.028765 
5566.287027  	-0.028400 
5567.718685  	-0.027469 
5569.150343  	-0.027403 
5570.582001  	-0.027866 
5572.013659  	-0.028681 
5573.445318  	-0.029408 
5574.876976  	-0.029404 
5576.308634  	-0.028901 
5577.740292  	-0.028584 
5579.171950  	-0.028411 
5580.603609  	-0.028437 
5582.035267  	-0.028275 
5583.466925  	-0.027280 
5584.898583  	-0.026931 
5586.330241  	-0.027671 
5587.761899  	-0.027865 
5589.193558  	-0.027845 
5590.625216  	-0.028004 
5592.056874  	-0.028545 
5593.488532  	-0.029635 
5594.920190  	-0.028714 
5596.351849  	-0.026464 
5597.783507  	-0.026080 
5599.215165  	-0.025979 
5600.646823  	-0.026289 
5602.078481  	-0.028664 
5603.510140  	-0.029544 
5604.941798  	-0.027624 
5606.373456  	-0.026335 
5607.805114  	-0.026901 
5609.236772  	-0.027638 
5610.668430  	-0.027772 
5612.100089  	-0.028668 
5613.531747  	-0.029017 
5614.963405  	-0.027198 
5616.395063  	-0.026488 
5617.826721  	-0.027172 
5619.258380  	-0.027263 
5620.690038  	-0.028008 
5622.121696  	-0.027661 
5623.553354  	-0.026209 
5624.985012  	-0.027001 
5626.416671  	-0.027664 
5627.848329  	-0.027386 
5629.279987  	-0.028104 
5630.711645  	-0.027648 
5632.143303  	-0.026907 
5633.574961  	-0.027847 
5635.006620  	-0.028940 
5636.438278  	-0.029828 
5637.869936  	-0.029541 
5639.301594  	-0.028819 
5640.733252  	-0.029669 
5642.164911  	-0.029198 
5643.596569  	-0.027222 
5645.028227  	-0.026751 
5646.459885  	-0.027150 
5647.891543  	-0.028141 
5649.323201  	-0.028342 
5650.754860  	-0.026597 
5652.186518  	-0.026673 
5653.618176  	-0.028170 
5655.049834  	-0.027848 
5656.481492  	-0.027515 
5657.913151  	-0.028021 
5659.344809  	-0.028418 
5660.776467  	-0.028815 
5662.208125  	-0.028453 
5663.639783  	-0.027671 
5665.071442  	-0.027679 
5666.503100  	-0.028162 
5667.934758  	-0.028591 
5669.366416  	-0.028626 
5670.798074  	-0.028187 
5672.229732  	-0.027846 
5673.661391  	-0.028218 
5675.093049  	-0.028191 
5676.524707  	-0.026843 
5677.956365  	-0.026704 
5679.388023  	-0.027938 
5680.819682  	-0.028005 
5682.251340  	-0.028595 
5683.682998  	-0.029584 
5685.114656  	-0.028080 
5686.546314  	-0.026510 
5687.977973  	-0.026862 
5689.409631  	-0.027676 
5690.841289  	-0.028330 
5692.272947  	-0.028037 
5693.704605  	-0.027580 
5695.136263  	-0.027454 
5696.567922  	-0.026298 
5697.999580  	-0.025921 
5699.431238  	-0.027146 
5700.862896  	-0.027972 
5702.294554  	-0.028661 
5703.726213  	-0.028876 
5705.157871  	-0.028442 
5706.589529  	-0.028699 
5708.021187  	-0.028242 
5709.452845  	-0.026417 
5710.884503  	-0.025563 
5712.316162  	-0.027068 
5713.747820  	-0.029051 
5715.179478  	-0.028204 
5716.611136  	-0.026151 
5718.042794  	-0.026276 
5719.474453  	-0.027157 
5720.906111  	-0.027617 
5722.337769  	-0.027842 
5723.769427  	-0.027939 
5725.201085  	-0.028854 
5726.632744  	-0.028377 
5728.064402  	-0.026513 
5729.496060  	-0.026972 
5730.927718  	-0.027318 
5732.359376  	-0.025821 
5733.791034  	-0.025613 
5735.222693  	-0.025872 
5736.654351  	-0.025806 
5738.086009  	-0.026805 
5739.517667  	-0.028077 
5740.949325  	-0.028184 
5742.380984  	-0.026785 
5743.812642  	-0.026893 
5745.244300  	-0.029385 
5746.675958  	-0.029231 
5748.107616  	-0.027473 
5749.539275  	-0.027995 
5750.970933  	-0.028369 
5752.402591  	-0.027816 
5753.834249  	-0.026656 
5755.265907  	-0.024552 
5756.697565  	-0.024788 
5758.129224  	-0.026453 
5759.560882  	-0.026049 
5760.992540  	-0.025595 
5762.424198  	-0.026251 
5763.855856  	-0.026708 
5765.287515  	-0.026934 
5766.719173  	-0.027263 
5768.150831  	-0.027897 
5769.582489  	-0.027398 
5771.014147  	-0.026059 
5772.445805  	-0.026853 
5773.877464  	-0.027975 
5775.309122  	-0.026562 
5776.740780  	-0.025889 
5778.172438  	-0.028056 
5779.604096  	-0.029730 
5781.035755  	-0.028796 
5782.467413  	-0.027687 
5783.899071  	-0.028239 
5785.330729  	-0.028962 
5786.762387  	-0.028414 
5788.194046  	-0.026964 
5789.625704  	-0.026635 
5791.057362  	-0.028232 
5792.489020  	-0.029170 
5793.920678  	-0.028993 
5795.352336  	-0.028545 
5796.783995  	-0.026563 
5798.215653  	-0.024809 
5799.647311  	-0.024958 
5801.078969  	-0.025532 
5802.510627  	-0.027000 
5803.942286  	-0.027891 
5805.373944  	-0.026469 
5806.805602  	-0.025925 
5808.237260  	-0.026461 
5809.668918  	-0.026512 
5811.100576  	-0.026955 
5812.532235  	-0.026332 
5813.963893  	-0.025243 
5815.395551  	-0.026113 
5816.827209  	-0.027307 
5818.258867  	-0.028884 
5819.690526  	-0.031047 
5821.122184  	-0.029906 
5822.553842  	-0.026374 
5823.985500  	-0.025776 
5825.417158  	-0.028114 
5826.848817  	-0.029347 
5828.280475  	-0.028497 
5829.712133  	-0.027115 
5831.143791  	-0.025713 
5832.575449  	-0.025918 
5834.007107  	-0.027905 
5835.438766  	-0.027220 
5836.870424  	-0.025034 
5838.302082  	-0.026744 
5839.733740  	-0.029024 
5841.165398  	-0.028235 
5842.597057  	-0.027242 
5844.028715  	-0.026007 
5845.460373  	-0.024464 
5846.892031  	-0.025614 
5848.323689  	-0.027734 
5849.755348  	-0.028166 
5851.187006  	-0.028289 
5852.618664  	-0.027679 
5854.050322  	-0.025583 
5855.481980  	-0.024932 
5856.913638  	-0.026488 
5858.345297  	-0.027282 
5859.776955  	-0.026084 
5861.208613  	-0.024759 
5862.640271  	-0.025726 
5864.071929  	-0.028167 
5865.503588  	-0.029216 
5866.935246  	-0.029287 
5868.366904  	-0.028835 
5869.798562  	-0.026946 
5871.230220  	-0.025865 
5872.661878  	-0.026451 
5874.093537  	-0.026874 
5875.525195  	-0.027475 
5876.956853  	-0.027536 
5878.388511  	-0.026567 
5879.820169  	-0.026380 
5881.251828  	-0.026091 
5882.683486  	-0.025168 
5884.115144  	-0.025030 
5885.546802  	-0.025259 
5886.978460  	-0.026272 
5888.410119  	-0.027558 
5889.841777  	-0.027485 
5891.273435  	-0.027641 
5892.705093  	-0.027732 
5894.136751  	-0.026983 
5895.568409  	-0.027729 
5897.000068  	-0.027905 
5898.431726  	-0.025446 
5899.863384  	-0.024083 
5901.295042  	-0.024799 
5902.726700  	-0.026348 
5904.158359  	-0.027921 
5905.590017  	-0.027250 
5907.021675  	-0.026027 
5908.453333  	-0.027218 
5909.884991  	-0.028254 
5911.316650  	-0.028009 
5912.748308  	-0.028198 
5914.179966  	-0.027087 
5915.611624  	-0.024276 
5917.043282  	-0.023609 
5918.474940  	-0.025792 
5919.906599  	-0.028078 
5921.338257  	-0.028664 
5922.769915  	-0.027485 
5924.201573  	-0.027307 
5925.633231  	-0.029269 
5927.064890  	-0.029230 
5928.496548  	-0.027387 
5929.928206  	-0.027409 
5931.359864  	-0.027382 
5932.791522  	-0.027137 
5934.223180  	-0.029478 
5935.654839  	-0.031019 
5937.086497  	-0.029238 
5938.518155  	-0.027488 
5939.949813  	-0.027306 
5941.381471  	-0.027628 
5942.813130  	-0.027659 
5944.244788  	-0.027518 
5945.676446  	-0.027932 
5947.108104  	-0.027752 
5948.539762  	-0.025715 
5949.971421  	-0.024801 
5951.403079  	-0.027706 
5952.834737  	-0.030394 
5954.266395  	-0.029075 
5955.698053  	-0.026814 
5957.129711  	-0.026321 
5958.561370  	-0.026778 
5959.993028  	-0.028298 
5961.424686  	-0.029523 
5962.856344  	-0.029584 
5964.288002  	-0.029149 
5965.719661  	-0.026452 
5967.151319  	-0.024389 
5968.582977  	-0.027412 
5970.014635  	-0.029668 
5971.446293  	-0.028156 
5972.877951  	-0.028917 
5974.309610  	-0.030848 
5975.741268  	-0.029907 
5977.172926  	-0.028685 
5978.604584  	-0.028035 
5980.036242  	-0.026875 
5981.467901  	-0.027557 
5982.899559  	-0.030199 
5984.331217  	-0.031698 
5985.762875  	-0.031094 
5987.194533  	-0.028285 
5988.626192  	-0.025319 
5990.057850  	-0.027196 
5991.489508  	-0.030951 
5992.921166  	-0.030249 
5994.352824  	-0.028884 
5995.784482  	-0.029628 
5997.216141  	-0.029587 
5998.647799  	-0.029646 
6000.079457  	-0.029191 
6001.511115  	-0.027944 
6002.942773  	-0.029140 
6004.374432  	-0.029568 
6005.806090  	-0.026772 
6007.237748  	-0.025606 
6008.669406  	-0.027250 
6010.101064  	-0.029652 
6011.532723  	-0.030687 
6012.964381  	-0.028910 
6014.396039  	-0.027149 
6015.827697  	-0.027547 
6017.259355  	-0.029828 
6018.691013  	-0.031677 
6020.122672  	-0.029135 
6021.554330  	-0.025673 
6022.985988  	-0.025846 
6024.417646  	-0.026484 
6025.849304  	-0.026633 
6027.280963  	-0.027316 
6028.712621  	-0.028488 
6030.144279  	-0.029765 
6031.575937  	-0.027199 
6033.007595  	-0.024840 
6034.439253  	-0.029040 
6035.870912  	-0.030156 
6037.302570  	-0.025033 
6038.734228  	-0.024946 
6040.165886  	-0.028671 
6041.597544  	-0.028755 
6043.029203  	-0.028025 
6044.460861  	-0.029401 
6045.892519  	-0.030994 
6047.324177  	-0.031543 
6048.755835  	-0.031962 
6050.187494  	-0.031422 
6051.619152  	-0.028661 
6053.050810  	-0.026630 
6054.482468  	-0.026469 
6055.914126  	-0.026422 
6057.345784  	-0.027838 
6058.777443  	-0.028878 
6060.209101  	-0.027372 
6061.640759  	-0.027725 
6063.072417  	-0.029711 
6064.504075  	-0.028944 
6065.935734  	-0.027420 
6067.367392  	-0.027697 
6068.799050  	-0.028394 
6070.230708  	-0.028524 
6071.662366  	-0.027168 
6073.094025  	-0.024529 
6074.525683  	-0.023646 
6075.957341  	-0.025436 
6077.388999  	-0.027189 
6078.820657  	-0.028200 
6080.252315  	-0.028905 
6081.683974  	-0.029104 
6083.115632  	-0.030329 
6084.547290  	-0.030355 
6085.978948  	-0.025516 
6087.410606  	-0.021844 
6088.842265  	-0.024322 
6090.273923  	-0.026913 
6091.705581  	-0.026076 
6093.137239  	-0.026151 
6094.568897  	-0.029568 
6096.000555  	-0.032273 
6097.432214  	-0.029721 
6098.863872  	-0.026395 
6100.295530  	-0.027723 
6101.727188  	-0.029759 
6103.158846  	-0.029060 
6104.590505  	-0.028004 
6106.022163  	-0.028028 
6107.453821  	-0.028871 
6108.885479  	-0.029498 
6110.317137  	-0.029531 
6111.748796  	-0.030852 
6113.180454  	-0.032445 
6114.612112  	-0.030312 
6116.043770  	-0.025873 
6117.475428  	-0.025384 
6118.907086  	-0.029467 
6120.338745  	-0.031237 
6121.770403  	-0.026752 
6123.202061  	-0.022646 
6124.633719  	-0.026115 
6126.065377  	-0.030564 
6127.497036  	-0.028236 
6128.928694  	-0.026053 
6130.360352  	-0.027960 
6131.792010  	-0.028661 
6133.223668  	-0.029384 
6134.655327  	-0.030153 
6136.086985  	-0.027305 
6137.518643  	-0.026133 
6138.950301  	-0.029084 
6140.381959  	-0.030845 
6141.813617  	-0.030342 
6143.245276  	-0.028744 
6144.676934  	-0.027503 
6146.108592  	-0.028473 
6147.540250  	-0.030875 
6148.971908  	-0.033621 
6150.403567  	-0.034206 
6151.835225  	-0.031589 
6153.266883  	-0.029555 
6154.698541  	-0.029531 
6156.130199  	-0.030294 
6157.561857  	-0.029197 
6158.993516  	-0.025266 
6160.425174  	-0.025107 
6161.856832  	-0.028368 
6163.288490  	-0.028072 
6164.720148  	-0.027927 
6166.151807  	-0.029705 
6167.583465  	-0.028540 
6169.015123  	-0.026426 
6170.446781  	-0.025896 
6171.878439  	-0.027791 
6173.310098  	-0.031522 
6174.741756  	-0.031354 
6176.173414  	-0.027514 
6177.605072  	-0.025681 
6179.036730  	-0.026933 
6180.468388  	-0.029913 
6181.900047  	-0.031558 
6183.331705  	-0.030655 
6184.763363  	-0.028812 
6186.195021  	-0.025868 
6187.626679  	-0.024865 
6189.058338  	-0.027235 
6190.489996  	-0.028613 
6191.921654  	-0.029331 
6193.353312  	-0.029617 
6194.784970  	-0.028058 
6196.216628  	-0.029634 
6197.648287  	-0.033968 
6199.079945  	-0.033873 
6200.511603  	-0.029707 
6201.943261  	-0.025026 
6203.374919  	-0.022124 
6204.806578  	-0.024934 
6206.238236  	-0.030710 
6207.669894  	-0.031157 
6209.101552  	-0.027976 
6210.533210  	-0.027169 
6211.964869  	-0.026601 
6213.396527  	-0.026388 
6214.828185  	-0.028397 
6216.259843  	-0.026680 
6217.691501  	-0.022671 
6219.123159  	-0.023211 
6220.554818  	-0.025257 
6221.986476  	-0.027240 
6223.418134  	-0.028640 
6224.849792  	-0.026019 
6226.281450  	-0.024472 
6227.713109  	-0.026122 
6229.144767  	-0.026389 
6230.576425  	-0.027775 
6232.008083  	-0.029939 
6233.439741  	-0.029205 
6234.871400  	-0.027144 
6236.303058  	-0.025410 
6237.734716  	-0.027794 
6239.166374  	-0.032255 
6240.598032  	-0.030707 
6242.029690  	-0.029127 
6243.461349  	-0.032655 
6244.893007  	-0.032307 
6246.324665  	-0.027713 
6247.756323  	-0.025974 
6249.187981  	-0.027689 
6250.619640  	-0.029928 
6252.051298  	-0.030113 
6253.482956  	-0.028538 
6254.914614  	-0.026460 
6256.346272  	-0.023872 
6257.777930  	-0.024008 
6259.209589  	-0.028010 
6260.641247  	-0.031262 
6262.072905  	-0.031677 
6263.504563  	-0.029243 
6264.936221  	-0.024552 
6266.367880  	-0.022273 
6267.799538  	-0.025347 
6269.231196  	-0.027832 
6270.662854  	-0.025949 
6272.094512  	-0.024674 
6273.526171  	-0.026075 
6274.957829  	-0.027711 
6276.389487  	-0.029269 
6277.821145  	-0.030489 
6279.252803  	-0.031783 
6280.684461  	-0.031417 
6282.116120  	-0.027173 
6283.547778  	-0.025191 
6284.979436  	-0.025877 
6286.411094  	-0.023602 
6287.842752  	-0.023719 
6289.274411  	-0.025953 
6290.706069  	-0.023706 
6292.137727  	-0.023625 
6293.569385  	-0.027514 
6295.001043  	-0.027571 
6296.432702  	-0.025014 
6297.864360  	-0.024623 
6299.296018  	-0.026409 
6300.727676  	-0.028017 
6302.159334  	-0.029603 
6303.590992  	-0.031791 
6305.022651  	-0.030530 
6306.454309  	-0.027942 
6307.885967  	-0.028648 
6309.317625  	-0.027284 
6310.749283  	-0.026676 
6312.180942  	-0.031380 
6313.612600  	-0.031949 
6315.044258  	-0.026325 
6316.475916  	-0.020709 
6317.907574  	-0.018728 
6319.339232  	-0.023560 
6320.770891  	-0.029059 
6322.202549  	-0.029044 
6323.634207  	-0.027927 
6325.065865  	-0.025834 
6326.497523  	-0.023024 
6327.929182  	-0.023724 
6329.360840  	-0.026514 
6330.792498  	-0.028755 
6332.224156  	-0.028400 
6333.655814  	-0.026069 
6335.087473  	-0.025457 
6336.519131  	-0.024835 
6337.950789  	-0.024743 
6339.382447  	-0.027572 
6340.814105  	-0.027985 
6342.245763  	-0.025238 
6343.677422  	-0.023882 
6345.109080  	-0.023638 
6346.540738  	-0.023772 
6347.972396  	-0.024511 
6349.404054  	-0.026203 
6350.835713  	-0.029268 
6352.267371  	-0.031184 
6353.699029  	-0.030613 
6355.130687  	-0.029509 
6356.562345  	-0.028816 
6357.994003  	-0.027374 
6359.425662  	-0.026287 
6360.857320  	-0.028171 
6362.288978  	-0.029128 
6363.720636  	-0.026698 
6365.152294  	-0.026180 
6366.583953  	-0.026736 
6368.015611  	-0.026688 
6369.447269  	-0.028575 
6370.878927  	-0.028722 
6372.310585  	-0.027247 
6373.742244  	-0.026673 
6375.173902  	-0.023575 
6376.605560  	-0.021409 
6378.037218  	-0.023680 
6379.468876  	-0.026293 
6380.900534  	-0.027371 
6382.332193  	-0.027085 
6383.763851  	-0.029535 
6385.195509  	-0.033377 
6386.627167  	-0.029264 
6388.058825  	-0.024203 
6389.490484  	-0.027146 
6390.922142  	-0.029986 
6392.353800  	-0.029531 
6393.785458  	-0.027276 
6395.217116  	-0.026062 
6396.648775  	-0.029278 
6398.080433  	-0.028720 
6399.512091  	-0.023946 
6400.943749  	-0.025348 
6402.375407  	-0.028525 
6403.807065  	-0.027412 
6405.238724  	-0.026210 
6406.670382  	-0.026583 
6408.102040  	-0.027351 
6409.533698  	-0.026757 
6410.965356  	-0.026699 
6412.397015  	-0.028811 
6413.828673  	-0.029264 
6415.260331  	-0.027369 
6416.691989  	-0.023805 
6418.123647  	-0.021711 
6419.555305  	-0.024611 
6420.986964  	-0.025645 
6422.418622  	-0.024197 
6423.850280  	-0.025141 
6425.281938  	-0.024199 
6426.713596  	-0.024382 
6428.145255  	-0.027185 
6429.576913  	-0.026335 
6431.008571  	-0.027062 
6432.440229  	-0.031058 
6433.871887  	-0.032043 
6435.303546  	-0.031967 
6436.735204  	-0.030203 
6438.166862  	-0.026086 
6439.598520  	-0.022920 
6441.030178  	-0.023372 
6442.461836  	-0.029691 
6443.893495  	-0.032693 
6445.325153  	-0.027353 
6446.756811  	-0.024731 
6448.188469  	-0.024757 
6449.620127  	-0.027114 
6451.051786  	-0.033553 
6452.483444  	-0.032473 
6453.915102  	-0.028816 
6455.346760  	-0.032122 
6456.778418  	-0.031348 
6458.210077  	-0.028186 
6459.641735  	-0.029948 
6461.073393  	-0.029352 
6462.505051  	-0.025951 
6463.936709  	-0.025149 
6465.368367  	-0.028286 
6466.800026  	-0.032099 
6468.231684  	-0.030767 
6469.663342  	-0.026252 
6471.095000  	-0.021907 
6472.526658  	-0.020126 
6473.958317  	-0.024532 
6475.389975  	-0.029497 
6476.821633  	-0.030067 
6478.253291  	-0.027370 
6479.684949  	-0.022727 
6481.116607  	-0.023561 
6482.548266  	-0.028800 
6483.979924  	-0.029218 
6485.411582  	-0.027224 
6486.843240  	-0.026797 
6488.274898  	-0.027793 
6489.706557  	-0.029039 
6491.138215  	-0.027845 
6492.569873  	-0.028191 
6494.001531  	-0.029372 
6495.433189  	-0.026787 
6496.864848  	-0.026547 
6498.296506  	-0.028523 
6499.728164  	-0.028890 
6501.159822  	-0.030688 
6502.591480  	-0.031318 
6504.023138  	-0.030046 
6505.454797  	-0.028473 
6506.886455  	-0.026742 
6508.318113  	-0.029922 
6509.749771  	-0.031452 
6511.181429  	-0.026645 
6512.613088  	-0.024653 
6514.044746  	-0.022630 
6515.476404  	-0.020435 
6516.908062  	-0.024068 
6518.339720  	-0.024607 
6519.771379  	-0.023193 
6521.203037  	-0.027578 
6522.634695  	-0.029213 
6524.066353  	-0.027089 
6525.498011  	-0.026136 
6526.929669  	-0.026081 
6528.361328  	-0.027955 
6529.792986  	-0.028502 
6531.224644  	-0.026554 
6532.656302  	-0.025340 
6534.087960  	-0.024622 
6535.519619  	-0.024808 
6536.951277  	-0.024687 
6538.382935  	-0.023892 
6539.814593  	-0.025301 
6541.246251  	-0.026477 
6542.677909  	-0.026225 
6544.109568  	-0.025421 
6545.541226  	-0.024566 
6546.972884  	-0.025777 
6548.404542  	-0.025673 
6549.836200  	-0.026472 
6551.267859  	-0.032190 
6552.699517  	-0.030891 
6554.131175  	-0.024232 
6555.562833  	-0.024970 
6556.994491  	-0.026310 
6558.426150  	-0.025818 
6559.857808  	-0.028256 
6561.289466  	-0.028279 
6562.721124  	-0.026828 
6564.152782  	-0.027690 
6565.584440  	-0.028922 
6567.016099  	-0.029077 
6568.447757  	-0.026801 
6569.879415  	-0.025191 
6571.311073  	-0.024856 
6572.742731  	-0.023563 
6574.174390  	-0.024828 
6575.606048  	-0.025292 
6577.037706  	-0.023600 
6578.469364  	-0.027146 
6579.901022  	-0.029895 
6581.332680  	-0.027745 
6582.764339  	-0.027766 
6584.195997  	-0.027213 
6585.627655  	-0.025896 
6587.059313  	-0.026967 
6588.490971  	-0.024432 
6589.922630  	-0.021515 
6591.354288  	-0.024149 
6592.785946  	-0.024779 
6594.217604  	-0.021234 
6595.649262  	-0.021931 
6597.080921  	-0.024334 
6598.512579  	-0.019967 
6599.944237  	-0.016961 
6601.375895  	-0.024020 
6602.807553  	-0.029201 
6604.239211  	-0.025649 
6605.670870  	-0.024155 
6607.102528  	-0.027063 
6608.534186  	-0.027006 
6609.965844  	-0.024151 
6611.397502  	-0.024945 
6612.829161  	-0.028402 
6614.260819  	-0.028612 
6615.692477  	-0.027354 
6617.124135  	-0.027635 
6618.555793  	-0.029775 
6619.987452  	-0.032138 
6621.419110  	-0.027284 
6622.850768  	-0.019687 
6624.282426  	-0.019275 
6625.714084  	-0.017287 
6627.145742  	-0.012556 
6628.577401  	-0.016012 
6630.009059  	-0.023612 
6631.440717  	-0.026159 
6632.872375  	-0.020969 
6634.304033  	-0.015375 
6635.735692  	-0.019390 
6637.167350  	-0.022693 
6638.599008  	-0.020111 
6640.030666  	-0.021700 
6641.462324  	-0.022904 
6642.893982  	-0.023592 
6644.325641  	-0.028198 
6645.757299  	-0.025790 
6647.188957  	-0.020649 
6648.620615  	-0.022576 
6650.052273  	-0.023188 
6651.483932  	-0.023298 
6652.915590  	-0.028234 
6654.347248  	-0.030084 
6655.778906  	-0.025659 
6657.210564  	-0.021146 
6658.642223  	-0.021611 
6660.073881  	-0.022841 
6661.505539  	-0.021760 
6662.937197  	-0.023015 
6664.368855  	-0.026363 
6665.800513  	-0.028228 
6667.232172  	-0.026060 
6668.663830  	-0.020313 
6670.095488  	-0.020577 
6671.527146  	-0.024542 
6672.958804  	-0.022701 
6674.390463  	-0.023449 
6675.822121  	-0.026515 
6677.253779  	-0.023247 
6678.685437  	-0.023505 
6680.117095  	-0.029413 
6681.548754  	-0.031411 
6682.980412  	-0.027853 
6684.412070  	-0.019852 
6685.843728  	-0.015187 
6687.275386  	-0.019456 
6688.707044  	-0.023758 
6690.138703  	-0.024517 
6691.570361  	-0.025548 
6693.002019  	-0.026488 
6694.433677  	-0.026808 
6695.865335  	-0.026577 
6697.296994  	-0.026113 
6698.728652  	-0.025476 
6700.160310  	-0.024849 
6701.591968  	-0.026230 
6703.023626  	-0.028441 
6704.455284  	-0.027937 
6705.886943  	-0.024205 
6707.318601  	-0.021674 
6708.750259  	-0.023975 
6710.181917  	-0.026321 
6711.613575  	-0.026682 
6713.045234  	-0.027818 
6714.476892  	-0.026139 
6715.908550  	-0.026331 
6717.340208  	-0.033996 
6718.771866  	-0.036814 
6720.203525  	-0.032319 
6721.635183  	-0.030185 
6723.066841  	-0.030318 
6724.498499  	-0.033274 
6725.930157  	-0.036113 
6727.361815  	-0.029282 
6728.793474  	-0.020006 
6730.225132  	-0.020570 
6731.656790  	-0.027160 
6733.088448  	-0.030730 
6734.520106  	-0.029236 
6735.951765  	-0.025252 
6737.383423  	-0.021941 
6738.815081  	-0.022620 
6740.246739  	-0.025829 
6741.678397  	-0.026403 
6743.110056  	-0.024809 
6744.541714  	-0.026116 
6745.973372  	-0.033179 
6747.405030  	-0.038249 
6748.836688  	-0.032539 
6750.268346  	-0.026641 
6751.700005  	-0.027572 
6753.131663  	-0.024616 
6754.563321  	-0.021098 
6755.994979  	-0.024152 
6757.426637  	-0.027178 
6758.858296  	-0.026471 
6760.289954  	-0.021356 
6761.721612  	-0.017664 
6763.153270  	-0.020419 
6764.584928  	-0.019972 
6766.016586  	-0.019548 
6767.448245  	-0.026312 
6768.879903  	-0.028038 
6770.311561  	-0.024223 
6771.743219  	-0.021405 
6773.174877  	-0.018446 
6774.606536  	-0.020903 
6776.038194  	-0.025174 
6777.469852  	-0.023387 
6778.901510  	-0.021650 
6780.333168  	-0.023211 
6781.764827  	-0.028013 
6783.196485  	-0.031771 
6784.628143  	-0.029316 
6786.059801  	-0.029536 
6787.491459  	-0.031116 
6788.923117  	-0.026419 
6790.354776  	-0.024576 
6791.786434  	-0.027001 
6793.218092  	-0.028118 
6794.649750  	-0.029302 
6796.081408  	-0.026568 
6797.513067  	-0.022968 
6798.944725  	-0.024447 
6800.376383  	-0.025541 
6801.808041  	-0.024504 
6803.239699  	-0.023347 
6804.671357  	-0.022948 
6806.103016  	-0.024796 
6807.534674  	-0.025992 
6808.966332  	-0.026165 
6810.397990  	-0.026275 
6811.829648  	-0.024055 
6813.261307  	-0.021434 
6814.692965  	-0.020918 
6816.124623  	-0.023136 
6817.556281  	-0.026505 
6818.987939  	-0.027843 
6820.419598  	-0.028010 
6821.851256  	-0.027916 
6823.282914  	-0.029061 
6824.714572  	-0.032561 
6826.146230  	-0.032277 
6827.577888  	-0.028519 
6829.009547  	-0.023720 
6830.441205  	-0.017783 
6831.872863  	-0.021208 
6833.304521  	-0.028873 
6834.736179  	-0.026989 
6836.167838  	-0.024343 
6837.599496  	-0.024264 
6839.031154  	-0.021948 
6840.462812  	-0.022417 
6841.894470  	-0.023601 
6843.326129  	-0.025032 
6844.757787  	-0.026635 
6846.189445  	-0.024115 
6847.621103  	-0.026004 
6849.052761  	-0.030422 
6850.484419  	-0.029253 
6851.916078  	-0.029954 
6853.347736  	-0.029149 
6854.779394  	-0.025950 
6856.211052  	-0.027622 
6857.642710  	-0.024342 
6859.074369  	-0.018946 
6860.506027  	-0.020380 
6861.937685  	-0.021509 
6863.369343  	-0.023907 
6864.801001  	-0.025509 
6866.232659  	-0.021927 
6867.664318  	-0.022172 
6869.095976  	-0.023008 
6870.527634  	-0.022990 
6871.959292  	-0.025293 
6873.390950  	-0.025162 
6874.822609  	-0.029804 
6876.254267  	-0.033681 
6877.685925  	-0.022452 
6879.117583  	-0.017844 
6880.549241  	-0.027931 
6881.980900  	-0.032419 
6883.412558  	-0.031747 
6884.844216  	-0.028827 
6886.275874  	-0.024476 
6887.707532  	-0.027185 
6889.139190  	-0.028476 
6890.570849  	-0.022137 
6892.002507  	-0.021295 
6893.434165  	-0.027191 
6894.865823  	-0.025762 
6896.297481  	-0.019644 
6897.729140  	-0.023697 
6899.160798  	-0.030918 
6900.592456  	-0.029198 
6902.024114  	-0.027271 
6903.455772  	-0.028717 
6904.887431  	-0.029188 
6906.319089  	-0.030041 
6907.750747  	-0.027429 
6909.182405  	-0.023265 
6910.614063  	-0.023636 
6912.045721  	-0.023839 
6913.477380  	-0.022603 
6914.909038  	-0.021983 
6916.340696  	-0.020286 
6917.772354  	-0.018279 
6919.204012  	-0.018690 
6920.635671  	-0.023895 
6922.067329  	-0.027042 
6923.498987  	-0.021171 
6924.930645  	-0.018397 
6926.362303  	-0.022417 
6927.793961  	-0.023467 
6929.225620  	-0.023740 
6930.657278  	-0.025240 
6932.088936  	-0.026396 
6933.520594  	-0.026133 
6934.952252  	-0.022377 
6936.383911  	-0.022609 
6937.815569  	-0.027660 
6939.247227  	-0.028824 
6940.678885  	-0.027369 
6942.110543  	-0.026042 
6943.542202  	-0.025393 
6944.973860  	-0.023207 
6946.405518  	-0.018676 
6947.837176  	-0.021865 
6949.268834  	-0.025388 
6950.700492  	-0.018402 
6952.132151  	-0.016022 
6953.563809  	-0.018559 
6954.995467  	-0.019636 
6956.427125  	-0.026806 
6957.858783  	-0.030158 
6959.290442  	-0.025341 
6960.722100  	-0.023540 
6962.153758  	-0.021075 
6963.585416  	-0.020472 
6965.017074  	-0.026313 
6966.448732  	-0.031687 
6967.880391  	-0.036723 
6969.312049  	-0.036438 
6970.743707  	-0.031311 
6972.175365  	-0.030205 
6973.607023  	-0.024885 
6975.038682  	-0.018262 
6976.470340  	-0.020614 
6977.901998  	-0.024253 
6979.333656  	-0.028123 
6980.765314  	-0.030335 
6982.196973  	-0.023125 
6983.628631  	-0.018028 
6985.060289  	-0.021307 
6986.491947  	-0.024600 
6987.923605  	-0.022823 
6989.355263  	-0.019189 
6990.786922  	-0.022904 
6992.218580  	-0.028086 
6993.650238  	-0.025228 
6995.081896  	-0.026181 
6996.513554  	-0.031505 
6997.945213  	-0.029021 
6999.376871  	-0.025971 
7000.808529  	-0.029133 
7002.240187  	-0.030204 
7003.671845  	-0.025292 
7005.103504  	-0.021203 
7006.535162  	-0.023931 
7007.966820  	-0.028921 
7009.398478  	-0.032837 
7010.830136  	-0.035661 
7012.261794  	-0.031285 
7013.693453  	-0.023364 
7015.125111  	-0.021166 
7016.556769  	-0.022940 
7017.988427  	-0.022640 
7019.420085  	-0.019336 
7020.851744  	-0.018822 
7022.283402  	-0.021769 
7023.715060  	-0.024236 
7025.146718  	-0.028344 
7026.578376  	-0.029529 
7028.010034  	-0.025518 
7029.441693  	-0.027519 
7030.873351  	-0.032115 
7032.305009  	-0.032034 
7033.736667  	-0.032643 
7035.168325  	-0.031863 
7036.599984  	-0.029768 
7038.031642  	-0.028113 
7039.463300  	-0.023210 
7040.894958  	-0.021685 
7042.326616  	-0.023266 
7043.758275  	-0.021745 
7045.189933  	-0.023011 
7046.621591  	-0.024245 
7048.053249  	-0.020442 
7049.484907  	-0.018660 
7050.916565  	-0.020594 
7052.348224  	-0.027599 
7053.779882  	-0.035787 
7055.211540  	-0.032810 
7056.643198  	-0.026470 
7058.074856  	-0.028793 
7059.506515  	-0.030109 
7060.938173  	-0.024434 
7062.369831  	-0.022398 
7063.801489  	-0.025357 
7065.233147  	-0.023066 
7066.664806  	-0.022108 
7068.096464  	-0.028767 
7069.528122  	-0.028661 
7070.959780  	-0.024937 
7072.391438  	-0.028605 
7073.823096  	-0.026714 
7075.254755  	-0.021963 
7076.686413  	-0.024076 
7078.118071  	-0.022695 
7079.549729  	-0.019967 
7080.981387  	-0.022297 
7082.413046  	-0.024781 
7083.844704  	-0.026429 
7085.276362  	-0.026778 
7086.708020  	-0.028913 
7088.139678  	-0.034236 
7089.571336  	-0.031703 
7091.002995  	-0.026405 
7092.434653  	-0.029491 
7093.866311  	-0.030582 
7095.297969  	-0.022939 
7096.729627  	-0.017020 
7098.161286  	-0.019934 
7099.592944  	-0.023086 
7101.024602  	-0.022077 
7102.456260  	-0.022635 
7103.887918  	-0.021659 
7105.319577  	-0.021676 
7106.751235  	-0.030010 
7108.182893  	-0.029388 
7109.614551  	-0.020023 
7111.046209  	-0.021241 
7112.477867  	-0.023586 
7113.909526  	-0.021606 
7115.341184  	-0.024569 
7116.772842  	-0.022402 
7118.204500  	-0.016287 
7119.636158  	-0.019435 
7121.067817  	-0.021177 
7122.499475  	-0.018891 
7123.931133  	-0.022553 
7125.362791  	-0.027890 
7126.794449  	-0.027789 
7128.226108  	-0.024874 
7129.657766  	-0.025377 
7131.089424  	-0.030228 
7132.521082  	-0.031978 
7133.952740  	-0.025261 
7135.384398  	-0.020968 
7136.816057  	-0.028817 
7138.247715  	-0.031732 
7139.679373  	-0.022079 
7141.111031  	-0.018922 
7142.542689  	-0.020808 
7143.974348  	-0.017587 
7145.406006  	-0.020374 
7146.837664  	-0.028148 
7148.269322  	-0.031473 
7149.700980  	-0.032204 
7151.132638  	-0.028074 
7152.564297  	-0.022869 
7153.995955  	-0.022867 
7155.427613  	-0.024124 
7156.859271  	-0.022369 
7158.290929  	-0.020435 
7159.722588  	-0.025164 
7161.154246  	-0.029929 
7162.585904  	-0.021401 
7164.017562  	-0.014073 
7165.449220  	-0.016163 
7166.880879  	-0.019307 
7168.312537  	-0.024122 
7169.744195  	-0.023300 
7171.175853  	-0.016055 
7172.607511  	-0.015588 
7174.039169  	-0.012646 
7175.470828  	-0.007231 
7176.902486  	-0.014713 
7178.334144  	-0.022715 
7179.765802  	-0.022881 
7181.197460  	-0.024825 
7182.629119  	-0.023649 
7184.060777  	-0.021250 
7185.492435  	-0.023854 
7186.924093  	-0.024174 
7188.355751  	-0.022572 
7189.787409  	-0.024061 
7191.219068  	-0.025269 
7192.650726  	-0.025571 
7194.082384  	-0.028259 
7195.514042  	-0.028603 
7196.945700  	-0.023993 
7198.377359  	-0.024696 
7199.809017  	-0.027874 
7201.240675  	-0.023324 
7202.672333  	-0.020489 
7204.103991  	-0.020266 
7205.535650  	-0.016783 
7206.967308  	-0.023231 
7208.398966  	-0.033171 
7209.830624  	-0.030686 
7211.262282  	-0.026881 
7212.693940  	-0.028117 
7214.125599  	-0.028249 
7215.557257  	-0.025925 
7216.988915  	-0.018735 
7218.420573  	-0.009650 
7219.852231  	-0.003390 
7221.283890  	-0.004125 
7222.715548  	-0.013294 
7224.147206  	-0.020787 
7225.578864  	-0.024083 
7227.010522  	-0.027594 
7228.442181  	-0.023762 
7229.873839  	-0.018351 
7231.305497  	-0.027595 
7232.737155  	-0.039090 
7234.168813  	-0.032015 
7235.600471  	-0.019084 
7237.032130  	-0.019010 
7238.463788  	-0.027165 
7239.895446  	-0.031136 
7241.327104  	-0.030104 
7242.758762  	-0.027118 
7244.190421  	-0.025632 
7245.622079  	-0.030829 
7247.053737  	-0.032263 
7248.485395  	-0.025405 
7249.917053  	-0.025676 
7251.348711  	-0.032637 
7252.780370  	-0.030998 
7254.212028  	-0.023669 
7255.643686  	-0.022012 
7257.075344  	-0.023108 
7258.507002  	-0.022706 
7259.938661  	-0.027841 
7261.370319  	-0.035886 
7262.801977  	-0.030312 
7264.233635  	-0.020730 
7265.665293  	-0.024481 
7267.096952  	-0.029001 
7268.528610  	-0.026552 
7269.960268  	-0.024515 
7271.391926  	-0.022645 
7272.823584  	-0.024707 
7274.255242  	-0.031958 
7275.686901  	-0.030699 
7277.118559  	-0.026650 
7278.550217  	-0.030964 
7279.981875  	-0.029264 
7281.413533  	-0.020626 
7282.845192  	-0.023302 
7284.276850  	-0.025880 
7285.708508  	-0.020109 
7287.140166  	-0.023444 
7288.571824  	-0.030702 
7290.003483  	-0.027173 
7291.435141  	-0.022444 
7292.866799  	-0.020483 
7294.298457  	-0.017848 
7295.730115  	-0.017112 
7297.161773  	-0.021214 
7298.593432  	-0.029410 
7300.025090  	-0.033595 
7301.456748  	-0.030711 
7302.888406  	-0.028340 
7304.320064  	-0.022567 
7305.751723  	-0.017759 
7307.183381  	-0.020180 
7308.615039  	-0.018291 
7310.046697  	-0.018569 
7311.478355  	-0.026054 
7312.910013  	-0.026391 
7314.341672  	-0.026818 
7315.773330  	-0.029615 
7317.204988  	-0.023946 
7318.636646  	-0.023706 
7320.068304  	-0.026695 
7321.499963  	-0.019851 
7322.931621  	-0.016032 
7324.363279  	-0.017065 
7325.794937  	-0.016410 
7327.226595  	-0.018593 
7328.658254  	-0.021995 
7330.089912  	-0.023604 
7331.521570  	-0.024943 
7332.953228  	-0.028761 
7334.384886  	-0.033454 
7335.816544  	-0.029193 
7337.248203  	-0.019232 
7338.679861  	-0.017380 
7340.111519  	-0.022804 
7341.543177  	-0.031206 
7342.974835  	-0.038303 
7344.406494  	-0.035803 
7345.838152  	-0.025626 
7347.269810  	-0.019629 
7348.701468  	-0.022487 
7350.133126  	-0.020253 
7351.564785  	-0.011234 
7352.996443  	-0.014674 
7354.428101  	-0.023943 
7355.859759  	-0.024138 
7357.291417  	-0.022636 
7358.723075  	-0.021613 
7360.154734  	-0.023976 
7361.586392  	-0.031025 
7363.018050  	-0.031743 
7364.449708  	-0.028594 
7365.881366  	-0.021235 
7367.313025  	-0.013483 
7368.744683  	-0.023856 
7370.176341  	-0.030326 
7371.607999  	-0.019089 
7373.039657  	-0.020731 
7374.471315  	-0.027201 
7375.902974  	-0.023280 
7377.334632  	-0.024914 
7378.766290  	-0.026586 
7380.197948  	-0.026629 
7381.629606  	-0.033243 
7383.061265  	-0.034356 
7384.492923  	-0.028944 
7385.924581  	-0.022253 
7387.356239  	-0.015787 
7388.787897  	-0.017038 
7390.219556  	-0.024935 
7391.651214  	-0.035371 
7393.082872  	-0.040549 
7394.514530  	-0.032858 
7395.946188  	-0.022831 
7397.377846  	-0.020032 
7398.809505  	-0.024104 
7400.241163  	-0.026880 
7401.672821  	-0.018933 
7403.104479  	-0.017672 
7404.536137  	-0.026189 
7405.967796  	-0.022651 
7407.399454  	-0.020089 
7408.831112  	-0.027345 
7410.262770  	-0.032441 
7411.694428  	-0.039625 
7413.126086  	-0.037077 
7414.557745  	-0.023762 
7415.989403  	-0.027266 
7417.421061  	-0.037956 
7418.852719  	-0.037960 
7420.284377  	-0.032421 
7421.716036  	-0.026133 
7423.147694  	-0.030554 
7424.579352  	-0.038195 
7426.011010  	-0.031325 
7427.442668  	-0.022038 
7428.874327  	-0.017767 
7430.305985  	-0.017692 
7431.737643  	-0.025592 
7433.169301  	-0.030218 
7434.600959  	-0.031992 
7436.032617  	-0.031473 
7437.464276  	-0.018126 
7438.895934  	-0.010019 
7440.327592  	-0.016846 
7441.759250  	-0.021624 
7443.190908  	-0.022716 
7444.622567  	-0.021026 
7446.054225  	-0.017495 
7447.485883  	-0.025171 
7448.917541  	-0.038007 
7450.349199  	-0.039425 
7451.780858  	-0.032078 
7453.212516  	-0.031142 
7454.644174  	-0.036244 
7456.075832  	-0.033441 
7457.507490  	-0.025508 
7458.939148  	-0.018528 
7460.370807  	-0.009522 
7461.802465  	-0.013242 
7463.234123  	-0.029519 
7464.665781  	-0.025516 
7466.097439  	-0.007645 
7467.529098  	-0.010216 
7468.960756  	-0.024289 
7470.392414  	-0.030027 
7471.824072  	-0.030079 
7473.255730  	-0.030022 
7474.687388  	-0.027529 
7476.119047  	-0.027161 
7477.550705  	-0.034240 
7478.982363  	-0.040216 
7480.414021  	-0.036120 
7481.845679  	-0.030446 
7483.277338  	-0.023868 
7484.708996  	-0.012631 
7486.140654  	-0.010387 
7487.572312  	-0.020701 
7489.003970  	-0.022252 
7490.435629  	-0.013381 
7491.867287  	-0.015487 
7493.298945  	-0.021581 
7494.730603  	-0.021744 
7496.162261  	-0.027272 
7497.593919  	-0.035139 
7499.025578  	-0.033255 
7500.457236  	-0.026418 
7501.888894  	-0.025152 
7503.320552  	-0.033793 
7504.752210  	-0.036823 
7506.183869  	-0.022335 
7507.615527  	-0.016969 
7509.047185  	-0.026745 
7510.478843  	-0.024512 
7511.910501  	-0.015280 
7513.342160  	-0.020421 
7514.773818  	-0.028132 
7516.205476  	-0.024123 
7517.637134  	-0.018088 
7519.068792  	-0.019912 
7520.500450  	-0.021376 
7521.932109  	-0.018334 
7523.363767  	-0.022203 
7524.795425  	-0.032395 
7526.227083  	-0.040108 
7527.658741  	-0.041415 
7529.090400  	-0.033503 
7530.522058  	-0.024294 
7531.953716  	-0.019453 
7533.385374  	-0.018846 
7534.817032  	-0.025291 
7536.248690  	-0.025444 
7537.680349  	-0.018863 
7539.112007  	-0.026422 
7540.543665  	-0.035722 
7541.975323  	-0.033157 
7543.406981  	-0.034758 
7544.838640  	-0.036389 
7546.270298  	-0.032033 
7547.701956  	-0.031946 
7549.133614  	-0.030232 
7550.565272  	-0.027145 
7551.996931  	-0.028773 
7553.428589  	-0.025559 
7554.860247  	-0.025937 
7556.291905  	-0.035788 
7557.723563  	-0.035873 
7559.155221  	-0.024829 
7560.586880  	-0.022255 
7562.018538  	-0.026715 
7563.450196  	-0.026196 
7564.881854  	-0.025497 
7566.313512  	-0.030267 
7567.745171  	-0.030708 
7569.176829  	-0.023842 
7570.608487  	-0.019701 
7572.040145  	-0.024216 
7573.471803  	-0.025034 
7574.903461  	-0.017422 
7576.335120  	-0.017807 
7577.766778  	-0.028743 
7579.198436  	-0.032854 
7580.630094  	-0.034406 
7582.061752  	-0.036170 
7583.493411  	-0.026030 
7584.925069  	-0.022159 
7586.356727  	-0.029618 
7587.788385  	-0.020021 
7589.220043  	-0.011860 
7590.651702  	-0.026167 
7592.083360  	-0.031093 
7593.515018  	-0.024027 
7594.946676  	-0.028010 
7596.378334  	-0.025911 
7597.809992  	-0.018558 
7599.241651  	-0.027052 
7600.673309  	-0.035522 
7602.104967  	-0.024336 
7603.536625  	-0.012901 
7604.968283  	-0.020286 
7606.399942  	-0.036025 
7607.831600  	-0.039778 
7609.263258  	-0.028646 
7610.694916  	-0.017612 
7612.126574  	-0.016693 
7613.558233  	-0.018681 
7614.989891  	-0.015809 
7616.421549  	-0.016144 
7617.853207  	-0.028816 
7619.284865  	-0.045267 
7620.716523  	-0.043126 
7622.148182  	-0.025326 
7623.579840  	-0.020176 
7625.011498  	-0.027771 
7626.443156  	-0.032557 
7627.874814  	-0.036829 
7629.306473  	-0.029718 
7630.738131  	-0.010974 
7632.169789  	-0.003337 
7633.601447  	-0.011427 
7635.033105  	-0.025047 
7636.464763  	-0.034483 
7637.896422  	-0.032240 
7639.328080  	-0.033329 
7640.759738  	-0.038944 
7642.191396  	-0.031850 
7643.623054  	-0.027422 
7645.054713  	-0.027982 
7646.486371  	-0.019885 
7647.918029  	-0.024376 
7649.349687  	-0.031658 
7650.781345  	-0.018866 
7652.213004  	-0.011865 
7653.644662  	-0.020777 
7655.076320  	-0.025968 
7656.507978  	-0.023591 
7657.939636  	-0.011560 
7659.371294  	-0.004370 
7660.802953  	-0.016062 
7662.234611  	-0.029129 
7663.666269  	-0.038449 
7665.097927  	-0.044183 
7666.529585  	-0.035907 
7667.961244  	-0.030811 
7669.392902  	-0.035213 
7670.824560  	-0.029009 
7672.256218  	-0.017564 
7673.687876  	-0.013085 
7675.119535  	-0.016519 
7676.551193  	-0.025893 
7677.982851  	-0.026339 
7679.414509  	-0.022624 
7680.846167  	-0.028449 
7682.277825  	-0.025977 
7683.709484  	-0.008215 
7685.141142  	-0.005617 
7686.572800  	-0.015365 
7688.004458  	-0.012365 
7689.436116  	-0.010678 
7690.867775  	-0.020511 
7692.299433  	-0.022151 
7693.731091  	-0.025967 
7695.162749  	-0.040609 
7696.594407  	-0.041809 
7698.026065  	-0.034554 
7699.457724  	-0.030285 
7700.889382  	-0.021516 
7702.321040  	-0.026657 
7703.752698  	-0.045030 
7705.184356  	-0.037053 
7706.616015  	-0.015673 
7708.047673  	-0.016730 
7709.479331  	-0.025792 
7710.910989  	-0.026130 
7712.342647  	-0.024137 
7713.774306  	-0.026459 
7715.205964  	-0.027354 
7716.637622  	-0.017870 
7718.069280  	-0.012453 
7719.500938  	-0.021670 
7720.932596  	-0.031742 
7722.364255  	-0.030614 
7723.795913  	-0.027191 
7725.227571  	-0.034983 
7726.659229  	-0.035668 
7728.090887  	-0.015458 
7729.522546  	-0.006828 
7730.954204  	-0.022110 
7732.385862  	-0.035217 
7733.817520  	-0.044523 
7735.249178  	-0.048504 
7736.680837  	-0.044350 
7738.112495  	-0.038917 
7739.544153  	-0.028959 
7740.975811  	-0.015822 
7742.407469  	-0.015678 
7743.839127  	-0.024128 
7745.270786  	-0.029735 
7746.702444  	-0.025784 
7748.134102  	-0.015470 
7749.565760  	-0.017289 
7750.997418  	-0.027863 
7752.429077  	-0.031372 
7753.860735  	-0.026550 
7755.292393  	-0.016268 
7756.724051  	-0.018261 
7758.155709  	-0.031028 
7759.587367  	-0.035044 
7761.019026  	-0.037147 
7762.450684  	-0.042611 
7763.882342  	-0.036349 
7765.314000  	-0.026722 
7766.745658  	-0.028974 
7768.177317  	-0.035849 
7769.608975  	-0.022235 
7771.040633  	0.002164 
7772.472291  	0.002298 
7773.903949  	-0.012580 
7775.335608  	-0.011269 
7776.767266  	-0.014623 
7778.198924  	-0.027566 
7779.630582  	-0.035874 
7781.062240  	-0.047955 
7782.493898  	-0.050016 
7783.925557  	-0.030275 
7785.357215  	-0.013888 
7786.788873  	-0.014372 
7788.220531  	-0.024518 
7789.652189  	-0.038496 
7791.083848  	-0.044851 
7792.515506  	-0.034021 
7793.947164  	-0.022534 
7795.378822  	-0.036477 
7796.810480  	-0.044518 
7798.242138  	-0.021626 
7799.673797  	-0.012446 
7801.105455  	-0.022929 
7802.537113  	-0.027002 
7803.968771  	-0.033757 
7805.400429  	-0.019772 
7806.832088  	0.010878 
7808.263746  	0.002532 
7809.695404  	-0.029913 
7811.127062  	-0.037416 
7812.558720  	-0.032166 
7813.990379  	-0.042257 
7815.422037  	-0.057879 
7816.853695  	-0.050741 
7818.285353  	-0.032028 
7819.717011  	-0.033842 
7821.148669  	-0.027916 
7822.580328  	-0.013136 
7824.011986  	-0.025174 
7825.443644  	-0.035164 
7826.875302  	-0.022982 
7828.306960  	-0.018545 
7829.738619  	-0.020435 
7831.170277  	-0.020200 
7832.601935  	-0.025219 
7834.033593  	-0.024457 
7835.465251  	-0.018539 
7836.896910  	-0.024471 
7838.328568  	-0.039658 
7839.760226  	-0.045908 
7841.191884  	-0.032565 
7842.623542  	-0.025899 
7844.055200  	-0.035112 
7845.486859  	-0.033027 
7846.918517  	-0.029697 
7848.350175  	-0.037807 
7849.781833  	-0.028618 
7851.213491  	-0.011766 
7852.645150  	-0.019327 
7854.076808  	-0.033832 
7855.508466  	-0.038438 
7856.940124  	-0.038025 
7858.371782  	-0.022510 
7859.803440  	-0.015090 
7861.235099  	-0.040418 
7862.666757  	-0.054580 
7864.098415  	-0.043054 
7865.530073  	-0.035174 
7866.961731  	-0.029211 
7868.393390  	-0.025478 
7869.825048  	-0.029093 
7871.256706  	-0.030222 
7872.688364  	-0.034594 
7874.120022  	-0.035383 
7875.551681  	-0.024291 
7876.983339  	-0.022869 
7878.414997  	-0.031414 
7879.846655  	-0.028560 
7881.278313  	-0.015407 
7882.709971  	-0.014212 
7884.141630  	-0.029109 
7885.573288  	-0.039512 
7887.004946  	-0.036772 
7888.436604  	-0.039650 
7889.868262  	-0.041648 
7891.299921  	-0.024297 
7892.731579  	-0.010544 
7894.163237  	-0.021343 
7895.594895  	-0.044131 
7897.026553  	-0.052438 
7898.458212  	-0.033360 
7899.889870  	-0.011295 