##TITLE=No Description
##DATA TYPE=INFRARED SPECTRUM
##XUNITS=1/CM
##YUNITS=Abs
349.324597  	-0.140226 
350.756256  	-0.428817 
352.187914  	0.107678 
353.619572  	0.258655 
355.051230  	0.161537 
356.482888  	0.420128 
357.914546  	0.316387 
359.346205  	0.382491 
360.777863  	0.907482 
362.209521  	0.740945 
363.641179  	0.657389 
365.072837  	0.799255 
366.504496  	0.764519 
367.936154  	0.535718 
369.367812  	0.501771 
370.799470  	0.691929 
372.231128  	0.732469 
373.662787  	0.513079 
375.094445  	0.430018 
376.526103  	0.575072 
377.957761  	0.695706 
379.389419  	0.760591 
380.821077  	0.838481 
382.252736  	0.764771 
383.684394  	0.715958 
385.116052  	0.862488 
386.547710  	0.914556 
387.979368  	0.794664 
389.411027  	0.764847 
390.842685  	0.770632 
392.274343  	0.851954 
393.706001  	0.963973 
395.137659  	0.939846 
396.569317  	0.857780 
398.000976  	0.720751 
399.432634  	0.660834 
400.864292  	0.744254 
402.295950  	0.862004 
403.727608  	0.882797 
405.159267  	0.826883 
406.590925  	0.807633 
408.022583  	0.869426 
409.454241  	0.916102 
410.885899  	0.838318 
412.317558  	0.766226 
413.749216  	0.740131 
415.180874  	0.758628 
416.612532  	0.788558 
418.044190  	0.802737 
419.475848  	0.828808 
420.907507  	0.867508 
422.339165  	0.828707 
423.770823  	0.781368 
425.202481  	0.789058 
426.634139  	0.808012 
428.065798  	0.799327 
429.497456  	0.784208 
430.929114  	0.785885 
432.360772  	0.797062 
433.792430  	0.808475 
435.224089  	0.819048 
436.655747  	0.795852 
438.087405  	0.754328 
439.519063  	0.755132 
440.950721  	0.787114 
442.382379  	0.804724 
443.814038  	0.844282 
445.245696  	0.878917 
446.677354  	0.837487 
448.109012  	0.810178 
449.540670  	0.836631 
450.972329  	0.837296 
452.403987  	0.827450 
453.835645  	0.865855 
455.267303  	0.901140 
456.698961  	0.901038 
458.130619  	0.860988 
459.562278  	0.822322 
460.993936  	0.829415 
462.425594  	0.858643 
463.857252  	0.869683 
465.288910  	0.874458 
466.720569  	0.887622 
468.152227  	0.883819 
469.583885  	0.873071 
471.015543  	0.873877 
472.447201  	0.879577 
473.878860  	0.893056 
475.310518  	0.901165 
476.742176  	0.898693 
478.173834  	0.895318 
479.605492  	0.881205 
481.037150  	0.874270 
482.468809  	0.899065 
483.900467  	0.914495 
485.332125  	0.907677 
486.763783  	0.917954 
488.195441  	0.920759 
489.627100  	0.896556 
491.058758  	0.903293 
492.490416  	0.925782 
493.922074  	0.916442 
495.353732  	0.913094 
496.785391  	0.921538 
498.217049  	0.916089 
499.648707  	0.916813 
501.080365  	0.919384 
502.512023  	0.908710 
503.943681  	0.907379 
505.375340  	0.908968 
506.806998  	0.907909 
508.238656  	0.918075 
509.670314  	0.919156 
511.101972  	0.907696 
512.533631  	0.918832 
513.965289  	0.944578 
515.396947  	0.946736 
516.828605  	0.934173 
518.260263  	0.927613 
519.691921  	0.925569 
521.123580  	0.926327 
522.555238  	0.924741 
523.986896  	0.921323 
525.418554  	0.934389 
526.850212  	0.958195 
528.281871  	0.963624 
529.713529  	0.956889 
531.145187  	0.951393 
532.576845  	0.952833 
534.008503  	0.963558 
535.440162  	0.966880 
536.871820  	0.958724 
538.303478  	0.955257 
539.735136  	0.951226 
541.166794  	0.945478 
542.598452  	0.955050 
544.030111  	0.971226 
545.461769  	0.975257 
546.893427  	0.975252 
548.325085  	0.971876 
549.756743  	0.960006 
551.188402  	0.958355 
552.620060  	0.964263 
554.051718  	0.949093 
555.483376  	0.924896 
556.915034  	0.914206 
558.346692  	0.903654 
559.778351  	0.891578 
561.210009  	0.885110 
562.641667  	0.871769 
564.073325  	0.852793 
565.504983  	0.834753 
566.936642  	0.817314 
568.368300  	0.814279 
569.799958  	0.824939 
571.231616  	0.833400 
572.663274  	0.843586 
574.094933  	0.854023 
575.526591  	0.855114 
576.958249  	0.855441 
578.389907  	0.856790 
579.821565  	0.854007 
581.253223  	0.854935 
582.684882  	0.860132 
584.116540  	0.864342 
585.548198  	0.867952 
586.979856  	0.868426 
588.411514  	0.866538 
589.843173  	0.865209 
591.274831  	0.863107 
592.706489  	0.864886 
594.138147  	0.869457 
595.569805  	0.866731 
597.001464  	0.862692 
598.433122  	0.868857 
599.864780  	0.877310 
601.296438  	0.879097 
602.728096  	0.881875 
604.159754  	0.887483 
605.591413  	0.888733 
607.023071  	0.888283 
608.454729  	0.888445 
609.886387  	0.885542 
611.318045  	0.884896 
612.749704  	0.888818 
614.181362  	0.891793 
615.613020  	0.894638 
617.044678  	0.897691 
618.476336  	0.897024 
619.907994  	0.896487 
621.339653  	0.897465 
622.771311  	0.896107 
624.202969  	0.896574 
625.634627  	0.901019 
627.066285  	0.901792 
628.497944  	0.901103 
629.929602  	0.905365 
631.361260  	0.905876 
632.792918  	0.900253 
634.224576  	0.901299 
635.656235  	0.905818 
637.087893  	0.903637 
638.519551  	0.901446 
639.951209  	0.899009 
641.382867  	0.892423 
642.814525  	0.893352 
644.246184  	0.902997 
645.677842  	0.908031 
647.109500  	0.908550 
648.541158  	0.909733 
649.972816  	0.908393 
651.404475  	0.905833 
652.836133  	0.907695 
654.267791  	0.912652 
655.699449  	0.915040 
657.131107  	0.911769 
658.562766  	0.905913 
659.994424  	0.906538 
661.426082  	0.912802 
662.857740  	0.911574 
664.289398  	0.908948 
665.721056  	0.917674 
667.152715  	0.926311 
668.584373  	0.919467 
670.016031  	0.920241 
671.447689  	0.923979 
672.879347  	0.926228 
674.311006  	0.933286 
675.742664  	0.934820 
677.174322  	0.928968 
678.605980  	0.929074 
680.037638  	0.932485 
681.469296  	0.936140 
682.900955  	0.939000 
684.332613  	0.935102 
685.764271  	0.933407 
687.195929  	0.937133 
688.627587  	0.937119 
690.059246  	0.940818 
691.490904  	0.949557 
692.922562  	0.950786 
694.354220  	0.950280 
695.785878  	0.955327 
697.217537  	0.959630 
698.649195  	0.961814 
700.080853  	0.962050 
701.512511  	0.961373 
702.944169  	0.966284 
704.375827  	0.970504 
705.807486  	0.963558 
707.239144  	0.956861 
708.670802  	0.961085 
710.102460  	0.966836 
711.534118  	0.968860 
712.965777  	0.972093 
714.397435  	0.975667 
715.829093  	0.980757 
717.260751  	0.991395 
718.692409  	1.005134 
720.124067  	1.020514 
721.555726  	1.036209 
722.987384  	1.049810 
724.419042  	1.061590 
725.850700  	1.058580 
727.282358  	1.025102 
728.714017  	0.972114 
730.145675  	0.914041 
731.577333  	0.853841 
733.008991  	0.795342 
734.440649  	0.746927 
735.872308  	0.716018 
737.303966  	0.705064 
738.735624  	0.715169 
740.167282  	0.739781 
741.598940  	0.763813 
743.030598  	0.782890 
744.462257  	0.802258 
745.893915  	0.819551 
747.325573  	0.830944 
748.757231  	0.838189 
750.188889  	0.843714 
751.620548  	0.849866 
753.052206  	0.856781 
754.483864  	0.862718 
755.915522  	0.867097 
757.347180  	0.870083 
758.778839  	0.871037 
760.210497  	0.869306 
761.642155  	0.869818 
763.073813  	0.874712 
764.505471  	0.875189 
765.937129  	0.871409 
767.368788  	0.868688 
768.800446  	0.861596 
770.232104  	0.853193 
771.663762  	0.848332 
773.095420  	0.841149 
774.527079  	0.836225 
775.958737  	0.837133 
777.390395  	0.835892 
778.822053  	0.834508 
780.253711  	0.837389 
781.685369  	0.841925 
783.117028  	0.846914 
784.548686  	0.850229 
785.980344  	0.853727 
787.412002  	0.859777 
788.843660  	0.863181 
790.275319  	0.865640 
791.706977  	0.870333 
793.138635  	0.872885 
794.570293  	0.875562 
796.001951  	0.881449 
797.433610  	0.886966 
798.865268  	0.890777 
800.296926  	0.894472 
801.728584  	0.901819 
803.160242  	0.912527 
804.591900  	0.920768 
806.023559  	0.926460 
807.455217  	0.931327 
808.886875  	0.935453 
810.318533  	0.938485 
811.750191  	0.936384 
813.181850  	0.931559 
814.613508  	0.926613 
816.045166  	0.918659 
817.476824  	0.913665 
818.908482  	0.914156 
820.340141  	0.915013 
821.771799  	0.916987 
823.203457  	0.918637 
824.635115  	0.920634 
826.066773  	0.925107 
827.498431  	0.921374 
828.930090  	0.907312 
830.361748  	0.891735 
831.793406  	0.872729 
833.225064  	0.850143 
834.656722  	0.829925 
836.088381  	0.814184 
837.520039  	0.802323 
838.951697  	0.794276 
840.383355  	0.790976 
841.815013  	0.789368 
843.246671  	0.785516 
844.678330  	0.781853 
846.109988  	0.778505 
847.541646  	0.773490 
848.973304  	0.770174 
850.404962  	0.769341 
851.836621  	0.768731 
853.268279  	0.768112 
854.699937  	0.767433 
856.131595  	0.769102 
857.563253  	0.774669 
858.994912  	0.780868 
860.426570  	0.786633 
861.858228  	0.793410 
863.289886  	0.801227 
864.721544  	0.809620 
866.153202  	0.817799 
867.584861  	0.826860 
869.016519  	0.837191 
870.448177  	0.844282 
871.879835  	0.844471 
873.311493  	0.838823 
874.743152  	0.832229 
876.174810  	0.827993 
877.606468  	0.824604 
879.038126  	0.822395 
880.469784  	0.823008 
881.901443  	0.826043 
883.333101  	0.830315 
884.764759  	0.831714 
886.196417  	0.828151 
887.628075  	0.821189 
889.059733  	0.810063 
890.491392  	0.797601 
891.923050  	0.787706 
893.354708  	0.779566 
894.786366  	0.774982 
896.218024  	0.775892 
897.649683  	0.779701 
899.081341  	0.785073 
900.512999  	0.791428 
901.944657  	0.796783 
903.376315  	0.800863 
904.807973  	0.804878 
906.239632  	0.809449 
907.671290  	0.813619 
909.102948  	0.817544 
910.534606  	0.822124 
911.966264  	0.825922 
913.397923  	0.829303 
914.829581  	0.832571 
916.261239  	0.833985 
917.692897  	0.835358 
919.124555  	0.836103 
920.556214  	0.834647 
921.987872  	0.835666 
923.419530  	0.839096 
924.851188  	0.842024 
926.282846  	0.845624 
927.714504  	0.847837 
929.146163  	0.849399 
930.577821  	0.853307 
932.009479  	0.855236 
933.441137  	0.854162 
934.872795  	0.853291 
936.304454  	0.852101 
937.736112  	0.851020 
939.167770  	0.849916 
940.599428  	0.847801 
942.031086  	0.846260 
943.462744  	0.845650 
944.894403  	0.845140 
946.326061  	0.844252 
947.757719  	0.843556 
949.189377  	0.844894 
950.621035  	0.847461 
952.052694  	0.849920 
953.484352  	0.852530 
954.916010  	0.854409 
956.347668  	0.855740 
957.779326  	0.856784 
959.210985  	0.857315 
960.642643  	0.858140 
962.074301  	0.858004 
963.505959  	0.857326 
964.937617  	0.858000 
966.369275  	0.858482 
967.800934  	0.859922 
969.232592  	0.863086 
970.664250  	0.864530 
972.095908  	0.865761 
973.527566  	0.868835 
974.959225  	0.871425 
976.390883  	0.873479 
977.822541  	0.876173 
979.254199  	0.879800 
980.685857  	0.883486 
982.117516  	0.886618 
983.549174  	0.891283 
984.980832  	0.897064 
986.412490  	0.902356 
987.844148  	0.907119 
989.275806  	0.910822 
990.707465  	0.916309 
992.139123  	0.922135 
993.570781  	0.923686 
995.002439  	0.926897 
996.434097  	0.933302 
997.865756  	0.940233 
999.297414  	0.953346 
1000.729072  	0.967713 
1002.160730  	0.976285 
1003.592388  	0.984713 
1005.024046  	0.988433 
1006.455705  	0.983610 
1007.887363  	0.979213 
1009.319021  	0.981878 
1010.750679  	0.997644 
1012.182337  	1.016713 
1013.613996  	1.002492 
1015.045654  	0.937552 
1016.477312  	0.851072 
1017.908970  	0.779431 
1019.340628  	0.732883 
1020.772287  	0.707625 
1022.203945  	0.700723 
1023.635603  	0.706859 
1025.067261  	0.719299 
1026.498919  	0.734996 
1027.930577  	0.750801 
1029.362236  	0.763612 
1030.793894  	0.774354 
1032.225552  	0.784400 
1033.657210  	0.794093 
1035.088868  	0.802038 
1036.520527  	0.808308 
1037.952185  	0.816008 
1039.383843  	0.823560 
1040.815501  	0.829434 
1042.247159  	0.835724 
1043.678818  	0.841663 
1045.110476  	0.847773 
1046.542134  	0.853904 
1047.973792  	0.858618 
1049.405450  	0.864887 
1050.837108  	0.871518 
1052.268767  	0.876783 
1053.700425  	0.882936 
1055.132083  	0.887753 
1056.563741  	0.892854 
1057.995399  	0.900155 
1059.427058  	0.905737 
1060.858716  	0.911899 
1062.290374  	0.918347 
1063.722032  	0.923461 
1065.153690  	0.931898 
1066.585348  	0.939663 
1068.017007  	0.946144 
1069.448665  	0.957123 
1070.880323  	0.968505 
1072.311981  	0.981795 
1073.743639  	0.999258 
1075.175298  	1.015678 
1076.606956  	1.032129 
1078.038614  	1.039651 
1079.470272  	1.025946 
1080.901930  	0.993534 
1082.333589  	0.951862 
1083.765247  	0.921145 
1085.196905  	0.909843 
1086.628563  	0.911731 
1088.060221  	0.925022 
1089.491879  	0.943548 
1090.923538  	0.960160 
1092.355196  	0.977060 
1093.786854  	0.991199 
1095.218512  	1.002842 
1096.650170  	1.011260 
1098.081829  	1.007926 
1099.513487  	0.998389 
1100.945145  	0.983861 
1102.376803  	0.960617 
1103.808461  	0.936285 
1105.240120  	0.914198 
1106.671778  	0.899378 
1108.103436  	0.895160 
1109.535094  	0.895772 
1110.966752  	0.899857 
1112.398410  	0.903812 
1113.830069  	0.903399 
1115.261727  	0.904031 
1116.693385  	0.902628 
1118.125043  	0.895317 
1119.556701  	0.887380 
1120.988360  	0.880146 
1122.420018  	0.875171 
1123.851676  	0.871196 
1125.283334  	0.866958 
1126.714992  	0.867504 
1128.146650  	0.870032 
1129.578309  	0.873761 
1131.009967  	0.883968 
1132.441625  	0.895228 
1133.873283  	0.907102 
1135.304941  	0.923318 
1136.736600  	0.937618 
1138.168258  	0.952779 
1139.599916  	0.971272 
1141.031574  	0.987386 
1142.463232  	1.004291 
1143.894891  	1.021538 
1145.326549  	1.038935 
1146.758207  	1.059226 
1148.189865  	1.074932 
1149.621523  	1.090709 
1151.053181  	1.113850 
1152.484840  	1.137510 
1153.916498  	1.160402 
1155.348156  	1.178404 
1156.779814  	1.188647 
1158.211472  	1.189271 
1159.643131  	1.166473 
1161.074789  	1.121822 
1162.506447  	1.058031 
1163.938105  	0.980432 
1165.369763  	0.906528 
1166.801421  	0.845172 
1168.233080  	0.805018 
1169.664738  	0.792444 
1171.096396  	0.805147 
1172.528054  	0.838518 
1173.959712  	0.884036 
1175.391371  	0.928775 
1176.823029  	0.969650 
1178.254687  	1.005898 
1179.686345  	1.036372 
1181.118003  	1.068218 
1182.549662  	1.100133 
1183.981320  	1.130350 
1185.412978  	1.151977 
1186.844636  	1.147139 
1188.276294  	1.121470 
1189.707952  	1.080145 
1191.139611  	1.025866 
1192.571269  	0.970038 
1194.002927  	0.913300 
1195.434585  	0.860202 
1196.866243  	0.814124 
1198.297902  	0.771815 
1199.729560  	0.736470 
1201.161218  	0.710483 
1202.592876  	0.694756 
1204.024534  	0.694334 
1205.456193  	0.711699 
1206.887851  	0.744903 
1208.319509  	0.790679 
1209.751167  	0.841142 
1211.182825  	0.889460 
1212.614483  	0.931634 
1214.046142  	0.961212 
1215.477800  	0.979719 
1216.909458  	0.986194 
1218.341116  	0.980119 
1219.772774  	0.967722 
1221.204433  	0.948268 
1222.636091  	0.926303 
1224.067749  	0.904667 
1225.499407  	0.880010 
1226.931065  	0.856609 
1228.362723  	0.834728 
1229.794382  	0.812855 
1231.226040  	0.793663 
1232.657698  	0.775555 
1234.089356  	0.759111 
1235.521014  	0.745641 
1236.952673  	0.732615 
1238.384331  	0.720771 
1239.815989  	0.710251 
1241.247647  	0.699007 
1242.679305  	0.686861 
1244.110964  	0.672746 
1245.542622  	0.656495 
1246.974280  	0.638580 
1248.405938  	0.618488 
1249.837596  	0.597116 
1251.269254  	0.575173 
1252.700913  	0.553749 
1254.132571  	0.534249 
1255.564229  	0.517410 
1256.995887  	0.504431 
1258.427545  	0.496309 
1259.859204  	0.494273 
1261.290862  	0.497973 
1262.722520  	0.504719 
1264.154178  	0.511361 
1265.585836  	0.514430 
1267.017495  	0.512227 
1268.449153  	0.505390 
1269.880811  	0.494889 
1271.312469  	0.482240 
1272.744127  	0.468853 
1274.175785  	0.455685 
1275.607444  	0.443734 
1277.039102  	0.432374 
1278.470760  	0.421744 
1279.902418  	0.412460 
1281.334076  	0.403611 
1282.765735  	0.395968 
1284.197393  	0.389396 
1285.629051  	0.382737 
1287.060709  	0.376973 
1288.492367  	0.371541 
1289.924025  	0.366248 
1291.355684  	0.361735 
1292.787342  	0.356830 
1294.219000  	0.352532 
1295.650658  	0.348906 
1297.082316  	0.344929 
1298.513975  	0.342760 
1299.945633  	0.342178 
1301.377291  	0.342726 
1302.808949  	0.345300 
1304.240607  	0.348103 
1305.672266  	0.351439 
1307.103924  	0.355396 
1308.535582  	0.358008 
1309.967240  	0.359930 
1311.398898  	0.360346 
1312.830556  	0.359064 
1314.262215  	0.359199 
1315.693873  	0.360586 
1317.125531  	0.363108 
1318.557189  	0.366804 
1319.988847  	0.369748 
1321.420506  	0.372965 
1322.852164  	0.375947 
1324.283822  	0.377724 
1325.715480  	0.379900 
1327.147138  	0.381538 
1328.578796  	0.383144 
1330.010455  	0.385865 
1331.442113  	0.387859 
1332.873771  	0.390363 
1334.305429  	0.393705 
1335.737087  	0.396635 
1337.168746  	0.400572 
1338.600404  	0.404208 
1340.032062  	0.407136 
1341.463720  	0.411176 
1342.895378  	0.414788 
1344.327037  	0.418669 
1345.758695  	0.422969 
1347.190353  	0.426482 
1348.622011  	0.430576 
1350.053669  	0.434288 
1351.485327  	0.437314 
1352.916986  	0.441152 
1354.348644  	0.444677 
1355.780302  	0.449147 
1357.211960  	0.455548 
1358.643618  	0.463082 
1360.075277  	0.473044 
1361.506935  	0.482804 
1362.938593  	0.486754 
1364.370251  	0.482790 
1365.801909  	0.474112 
1367.233568  	0.464074 
1368.665226  	0.456924 
1370.096884  	0.454702 
1371.528542  	0.456968 
1372.960200  	0.460975 
1374.391858  	0.464201 
1375.823517  	0.468845 
1377.255175  	0.473813 
1378.686833  	0.478146 
1380.118491  	0.483450 
1381.550149  	0.489109 
1382.981808  	0.494670 
1384.413466  	0.498517 
1385.845124  	0.498706 
1387.276782  	0.493672 
1388.708440  	0.486517 
1390.140098  	0.482125 
1391.571757  	0.480568 
1393.003415  	0.480918 
1394.435073  	0.481964 
1395.866731  	0.484187 
1397.298389  	0.488061 
1398.730048  	0.493283 
1400.161706  	0.499168 
1401.593364  	0.506791 
1403.025022  	0.516431 
1404.456680  	0.524887 
1405.888339  	0.532172 
1407.319997  	0.535401 
1408.751655  	0.527084 
1410.183313  	0.509569 
1411.614971  	0.488536 
1413.046629  	0.470280 
1414.478288  	0.459496 
1415.909946  	0.454743 
1417.341604  	0.453908 
1418.773262  	0.454773 
1420.204920  	0.455430 
1421.636579  	0.459574 
1423.068237  	0.464117 
1424.499895  	0.466242 
1425.931553  	0.470335 
1427.363211  	0.475131 
1428.794870  	0.478036 
1430.226528  	0.481601 
1431.658186  	0.484711 
1433.089844  	0.487622 
1434.521502  	0.491992 
1435.953160  	0.494139 
1437.384819  	0.494195 
1438.816477  	0.497738 
1440.248135  	0.501813 
1441.679793  	0.505945 
1443.111451  	0.509354 
1444.543110  	0.512470 
1445.974768  	0.515977 
1447.406426  	0.517200 
1448.838084  	0.517492 
1450.269742  	0.519472 
1451.701400  	0.519567 
1453.133059  	0.519332 
1454.564717  	0.521981 
1455.996375  	0.523618 
1457.428033  	0.521931 
1458.859691  	0.523958 
1460.291350  	0.527608 
1461.723008  	0.531107 
1463.154666  	0.533332 
1464.586324  	0.531083 
1466.017982  	0.526481 
1467.449641  	0.525526 
1468.881299  	0.525744 
1470.312957  	0.526268 
1471.744615  	0.525845 
1473.176273  	0.521552 
1474.607931  	0.520970 
1476.039590  	0.523319 
1477.471248  	0.524410 
1478.902906  	0.527472 
1480.334564  	0.532661 
1481.766222  	0.536715 
1483.197881  	0.542867 
1484.629539  	0.551839 
1486.061197  	0.559391 
1487.492855  	0.568993 
1488.924513  	0.580277 
1490.356172  	0.588189 
1491.787830  	0.602427 
1493.219488  	0.618069 
1494.651146  	0.630857 
1496.082804  	0.645437 
1497.514462  	0.655600 
1498.946121  	0.662957 
1500.377779  	0.670107 
1501.809437  	0.665850 
1503.241095  	0.655570 
1504.672753  	0.641418 
1506.104412  	0.605241 
1507.536070  	0.538818 
1508.967728  	0.499440 
1510.399386  	0.469447 
1511.831044  	0.443109 
1513.262702  	0.424740 
1514.694361  	0.414300 
1516.126019  	0.409660 
1517.557677  	0.407401 
1518.989335  	0.408884 
1520.420993  	0.413269 
1521.852652  	0.414218 
1523.284310  	0.417911 
1524.715968  	0.424184 
1526.147626  	0.426553 
1527.579284  	0.429048 
1529.010943  	0.432968 
1530.442601  	0.435937 
1531.874259  	0.439881 
1533.305917  	0.441191 
1534.737575  	0.440907 
1536.169233  	0.445914 
1537.600892  	0.450138 
1539.032550  	0.451377 
1540.464208  	0.450124 
1541.895866  	0.449893 
1543.327524  	0.453093 
1544.759183  	0.454977 
1546.190841  	0.456321 
1547.622499  	0.460352 
1549.054157  	0.462345 
1550.485815  	0.461945 
1551.917473  	0.464938 
1553.349132  	0.467277 
1554.780790  	0.467287 
1556.212448  	0.470651 
1557.644106  	0.475451 
1559.075764  	0.470519 
1560.507423  	0.465191 
1561.939081  	0.472022 
1563.370739  	0.476757 
1564.802397  	0.477590 
1566.234055  	0.478570 
1567.665714  	0.481819 
1569.097372  	0.482993 
1570.529030  	0.482145 
1571.960688  	0.485105 
1573.392346  	0.489375 
1574.824004  	0.492189 
1576.255663  	0.490584 
1577.687321  	0.488572 
1579.118979  	0.490255 
1580.550637  	0.491013 
1581.982295  	0.490869 
1583.413954  	0.492480 
1584.845612  	0.494431 
1586.277270  	0.496202 
1587.708928  	0.498906 
1589.140586  	0.501038 
1590.572245  	0.502002 
1592.003903  	0.502699 
1593.435561  	0.501991 
1594.867219  	0.500049 
1596.298877  	0.498476 
1597.730535  	0.498174 
1599.162194  	0.499073 
1600.593852  	0.499180 
1602.025510  	0.497798 
1603.457168  	0.496193 
1604.888826  	0.494553 
1606.320485  	0.492904 
1607.752143  	0.490852 
1609.183801  	0.489071 
1610.615459  	0.488302 
1612.047117  	0.487809 
1613.478775  	0.489002 
1614.910434  	0.490858 
1616.342092  	0.488960 
1617.773750  	0.485846 
1619.205408  	0.487999 
1620.637066  	0.491010 
1622.068725  	0.492560 
1623.500383  	0.491659 
1624.932041  	0.492312 
1626.363699  	0.494866 
1627.795357  	0.495204 
1629.227016  	0.495125 
1630.658674  	0.497144 
1632.090332  	0.499081 
1633.521990  	0.501860 
1634.953648  	0.503507 
1636.385306  	0.498578 
1637.816965  	0.499303 
1639.248623  	0.502563 
1640.680281  	0.503685 
1642.111939  	0.506191 
1643.543597  	0.509237 
1644.975256  	0.510626 
1646.406914  	0.510072 
1647.838572  	0.506482 
1649.270230  	0.509548 
1650.701888  	0.516399 
1652.133547  	0.519153 
1653.565205  	0.507292 
1654.996863  	0.509255 
1656.428521  	0.515605 
1657.860179  	0.518727 
1659.291837  	0.519995 
1660.723496  	0.522574 
1662.155154  	0.524681 
1663.586812  	0.523221 
1665.018470  	0.525805 
1666.450128  	0.530497 
1667.881787  	0.532388 
1669.313445  	0.532810 
1670.745103  	0.532467 
1672.176761  	0.535016 
1673.608419  	0.540057 
1675.040077  	0.539246 
1676.471736  	0.538046 
1677.903394  	0.543871 
1679.335052  	0.546022 
1680.766710  	0.548476 
1682.198368  	0.554905 
1683.630027  	0.554522 
1685.061685  	0.549667 
1686.493343  	0.557691 
1687.925001  	0.564341 
1689.356659  	0.569379 
1690.788318  	0.572870 
1692.219976  	0.579831 
1693.651634  	0.589892 
1695.083292  	0.595041 
1696.514950  	0.598937 
1697.946608  	0.611802 
1699.378267  	0.621550 
1700.809925  	0.626678 
1702.241583  	0.642098 
1703.673241  	0.660820 
1705.104899  	0.678486 
1706.536558  	0.692711 
1707.968216  	0.713180 
1709.399874  	0.731052 
1710.831532  	0.737244 
1712.263190  	0.743736 
1713.694849  	0.741399 
1715.126507  	0.723753 
1716.558165  	0.709842 
1717.989823  	0.677966 
1719.421481  	0.639603 
1720.853139  	0.622478 
1722.284798  	0.598646 
1723.716456  	0.568357 
1725.148114  	0.545141 
1726.579772  	0.520986 
1728.011430  	0.500470 
1729.443089  	0.484141 
1730.874747  	0.465278 
1732.306405  	0.457461 
1733.738063  	0.451392 
1735.169721  	0.435626 
1736.601379  	0.441238 
1738.033038  	0.447767 
1739.464696  	0.450675 
1740.896354  	0.459346 
1742.328012  	0.466854 
1743.759670  	0.473378 
1745.191329  	0.483503 
1746.622987  	0.493171 
1748.054645  	0.503381 
1749.486303  	0.514050 
1750.917961  	0.523347 
1752.349620  	0.535521 
1753.781278  	0.551085 
1755.212936  	0.567304 
1756.644594  	0.582869 
1758.076252  	0.600375 
1759.507910  	0.621185 
1760.939569  	0.639440 
1762.371227  	0.656535 
1763.802885  	0.674394 
1765.234543  	0.685987 
1766.666201  	0.692113 
1768.097860  	0.686139 
1769.529518  	0.673515 
1770.961176  	0.664676 
1772.392834  	0.636693 
1773.824492  	0.605474 
1775.256150  	0.589324 
1776.687809  	0.562432 
1778.119467  	0.537443 
1779.551125  	0.517778 
1780.982783  	0.487171 
1782.414441  	0.465111 
1783.846100  	0.448224 
1785.277758  	0.424052 
1786.709416  	0.408005 
1788.141074  	0.393732 
1789.572732  	0.378995 
1791.004391  	0.370654 
1792.436049  	0.357257 
1793.867707  	0.348570 
1795.299365  	0.347674 
1796.731023  	0.343527 
1798.162681  	0.343955 
1799.594340  	0.345374 
1801.025998  	0.343834 
1802.457656  	0.347545 
1803.889314  	0.350060 
1805.320972  	0.352325 
1806.752631  	0.356543 
1808.184289  	0.357628 
1809.615947  	0.360718 
1811.047605  	0.364007 
1812.479263  	0.364128 
1813.910922  	0.368042 
1815.342580  	0.370605 
1816.774238  	0.370675 
1818.205896  	0.373452 
1819.637554  	0.374506 
1821.069212  	0.376018 
1822.500871  	0.379540 
1823.932529  	0.380403 
1825.364187  	0.381050 
1826.795845  	0.382590 
1828.227503  	0.384631 
1829.659162  	0.386225 
1831.090820  	0.384147 
1832.522478  	0.385685 
1833.954136  	0.388763 
1835.385794  	0.388735 
1836.817452  	0.390084 
1838.249111  	0.390375 
1839.680769  	0.389551 
1841.112427  	0.392982 
1842.544085  	0.394924 
1843.975743  	0.393477 
1845.407402  	0.393215 
1846.839060  	0.393751 
1848.270718  	0.395642 
1849.702376  	0.396269 
1851.134034  	0.396662 
1852.565693  	0.399271 
1853.997351  	0.398639 
1855.429009  	0.397928 
1856.860667  	0.399811 
1858.292325  	0.399314 
1859.723983  	0.400102 
1861.155642  	0.401288 
1862.587300  	0.400647 
1864.018958  	0.402735 
1865.450616  	0.403376 
1866.882274  	0.402496 
1868.313933  	0.403123 
1869.745591  	0.401101 
1871.177249  	0.402493 
1872.608907  	0.404899 
1874.040565  	0.403432 
1875.472224  	0.404877 
1876.903882  	0.406455 
1878.335540  	0.405862 
1879.767198  	0.407531 
1881.198856  	0.406442 
1882.630514  	0.405528 
1884.062173  	0.407736 
1885.493831  	0.407104 
1886.925489  	0.408464 
1888.357147  	0.410770 
1889.788805  	0.408289 
1891.220464  	0.408014 
1892.652122  	0.409244 
1894.083780  	0.409227 
1895.515438  	0.409204 
1896.947096  	0.407198 
1898.378754  	0.406995 
1899.810413  	0.407858 
1901.242071  	0.406783 
1902.673729  	0.407519 
1904.105387  	0.407047 
1905.537045  	0.405889 
1906.968704  	0.407439 
1908.400362  	0.406167 
1909.832020  	0.404337 
1911.263678  	0.404328 
1912.695336  	0.403159 
1914.126995  	0.404552 
1915.558653  	0.405423 
1916.990311  	0.403175 
1918.421969  	0.402104 
1919.853627  	0.401611 
1921.285285  	0.402432 
1922.716944  	0.402405 
1924.148602  	0.400295 
1925.580260  	0.402167 
1927.011918  	0.402239 
1928.443576  	0.400186 
1929.875235  	0.401553 
1931.306893  	0.399548 
1932.738551  	0.398492 
1934.170209  	0.400792 
1935.601867  	0.398148 
1937.033525  	0.397884 
1938.465184  	0.399295 
1939.896842  	0.397919 
1941.328500  	0.400009 
1942.760158  	0.397730 
1944.191816  	0.393719 
1945.623475  	0.395807 
1947.055133  	0.393514 
1948.486791  	0.392396 
1949.918449  	0.393059 
1951.350107  	0.388353 
1952.781766  	0.388128 
1954.213424  	0.387163 
1955.645082  	0.383433 
1957.076740  	0.385380 
1958.508398  	0.382464 
1959.940056  	0.379484 
1961.371715  	0.379368 
1962.803373  	0.372318 
1964.235031  	0.373277 
1965.666689  	0.377049 
1967.098347  	0.373007 
1968.530006  	0.373164 
1969.961664  	0.369128 
1971.393322  	0.365242 
1972.824980  	0.369838 
1974.256638  	0.367820 
1975.688297  	0.364963 
1977.119955  	0.362776 
1978.551613  	0.361084 
1979.983271  	0.370145 
1981.414929  	0.372794 
1982.846587  	0.372862 
1984.278246  	0.379221 
1985.709904  	0.378236 
1987.141562  	0.377043 
1988.573220  	0.377578 
1990.004878  	0.374160 
1991.436537  	0.377069 
1992.868195  	0.377911 
1994.299853  	0.375873 
1995.731511  	0.379108 
1997.163169  	0.376414 
1998.594827  	0.374410 
2000.026486  	0.376438 
2001.458144  	0.373040 
2002.889802  	0.375461 
2004.321460  	0.377417 
2005.753118  	0.369525 
2007.184777  	0.366663 
2008.616435  	0.367068 
2010.048093  	0.367931 
2011.479751  	0.367683 
2012.911409  	0.364278 
2014.343068  	0.370467 
2015.774726  	0.373900 
2017.206384  	0.368550 
2018.638042  	0.371138 
2020.069700  	0.369813 
2021.501358  	0.364952 
2022.933017  	0.366599 
2024.364675  	0.364606 
2025.796333  	0.365612 
2027.227991  	0.367274 
2028.659649  	0.364765 
2030.091308  	0.369886 
2031.522966  	0.370875 
2032.954624  	0.367430 
2034.386282  	0.369235 
2035.817940  	0.367581 
2037.249599  	0.371975 
2038.681257  	0.378973 
2040.112915  	0.377591 
2041.544573  	0.380359 
2042.976231  	0.382735 
2044.407889  	0.381226 
2045.839548  	0.384205 
2047.271206  	0.384771 
2048.702864  	0.385548 
2050.134522  	0.388499 
2051.566180  	0.388717 
2052.997839  	0.392111 
2054.429497  	0.394793 
2055.861155  	0.394022 
2057.292813  	0.394855 
2058.724471  	0.393773 
2060.156129  	0.393941 
2061.587788  	0.396706 
2063.019446  	0.396891 
2064.451104  	0.398447 
2065.882762  	0.399310 
2067.314420  	0.399260 
2068.746079  	0.402514 
2070.177737  	0.402308 
2071.609395  	0.401927 
2073.041053  	0.405279 
2074.472711  	0.405097 
2075.904370  	0.405279 
2077.336028  	0.407102 
2078.767686  	0.406891 
2080.199344  	0.407141 
2081.631002  	0.405549 
2083.062660  	0.405212 
2084.494319  	0.408192 
2085.925977  	0.407723 
2087.357635  	0.407745 
2088.789293  	0.408243 
2090.220951  	0.405393 
2091.652610  	0.406116 
2093.084268  	0.406285 
2094.515926  	0.403534 
2095.947584  	0.406068 
2097.379242  	0.407296 
2098.810901  	0.405099 
2100.242559  	0.405501 
2101.674217  	0.405346 
2103.105875  	0.406171 
2104.537533  	0.407813 
2105.969191  	0.406831 
2107.400850  	0.406966 
2108.832508  	0.407882 
2110.264166  	0.408583 
2111.695824  	0.409146 
2113.127482  	0.407294 
2114.559141  	0.406878 
2115.990799  	0.407532 
2117.422457  	0.405685 
2118.854115  	0.405537 
2120.285773  	0.407289 
2121.717431  	0.408438 
2123.149090  	0.407743 
2124.580748  	0.404661 
2126.012406  	0.404600 
2127.444064  	0.405719 
2128.875722  	0.403649 
2130.307381  	0.403431 
2131.739039  	0.401841 
2133.170697  	0.397648 
2134.602355  	0.397960 
2136.034013  	0.397154 
2137.465672  	0.394710 
2138.897330  	0.395660 
2140.328988  	0.394142 
2141.760646  	0.390610 
2143.192304  	0.387886 
2144.623962  	0.386736 
2146.055621  	0.386966 
2147.487279  	0.383178 
2148.918937  	0.381789 
2150.350595  	0.383990 
2151.782253  	0.380923 
2153.213912  	0.379225 
2154.645570  	0.377122 
2156.077228  	0.369934 
2157.508886  	0.363793 
2158.940544  	0.353641 
2160.372202  	0.353949 
2161.803861  	0.366792 
2163.235519  	0.367308 
2164.667177  	0.367724 
2166.098835  	0.372765 
2167.530493  	0.371813 
2168.962152  	0.374194 
2170.393810  	0.377544 
2171.825468  	0.378092 
2173.257126  	0.380056 
2174.688784  	0.380049 
2176.120443  	0.382649 
2177.552101  	0.385717 
2178.983759  	0.384012 
2180.415417  	0.385136 
2181.847075  	0.384575 
2183.278733  	0.382007 
2184.710392  	0.383188 
2186.142050  	0.381033 
2187.573708  	0.382486 
2189.005366  	0.389341 
2190.437024  	0.389864 
2191.868683  	0.389140 
2193.300341  	0.388439 
2194.731999  	0.386679 
2196.163657  	0.389795 
2197.595315  	0.391375 
2199.026974  	0.391393 
2200.458632  	0.393899 
2201.890290  	0.393436 
2203.321948  	0.392677 
2204.753606  	0.392976 
2206.185264  	0.393221 
2207.616923  	0.395394 
2209.048581  	0.393990 
2210.480239  	0.391657 
2211.911897  	0.392471 
2213.343555  	0.391442 
2214.775214  	0.393431 
2216.206872  	0.398166 
2217.638530  	0.399271 
2219.070188  	0.400066 
2220.501846  	0.399230 
2221.933504  	0.397836 
2223.365163  	0.400101 
2224.796821  	0.400933 
2226.228479  	0.400858 
2227.660137  	0.401435 
2229.091795  	0.400883 
2230.523454  	0.402725 
2231.955112  	0.404909 
2233.386770  	0.405023 
2234.818428  	0.404189 
2236.250086  	0.402009 
2237.681745  	0.402595 
2239.113403  	0.404052 
2240.545061  	0.402939 
2241.976719  	0.404167 
2243.408377  	0.403789 
2244.840035  	0.400985 
2246.271694  	0.402667 
2247.703352  	0.403785 
2249.135010  	0.402983 
2250.566668  	0.404016 
2251.998326  	0.404089 
2253.429985  	0.403917 
2254.861643  	0.402786 
2256.293301  	0.402006 
2257.724959  	0.406168 
2259.156617  	0.408072 
2260.588276  	0.405889 
2262.019934  	0.405609 
2263.451592  	0.405103 
2264.883250  	0.405879 
2266.314908  	0.408688 
2267.746566  	0.408854 
2269.178225  	0.408382 
2270.609883  	0.407740 
2272.041541  	0.406693 
2273.473199  	0.408110 
2274.904857  	0.409225 
2276.336516  	0.409278 
2277.768174  	0.409896 
2279.199832  	0.409582 
2280.631490  	0.409466 
2282.063148  	0.409952 
2283.494806  	0.410356 
2284.926465  	0.411026 
2286.358123  	0.410819 
2287.789781  	0.411059 
2289.221439  	0.411981 
2290.653097  	0.411885 
2292.084756  	0.412953 
2293.516414  	0.414708 
2294.948072  	0.414893 
2296.379730  	0.414880 
2297.811388  	0.415032 
2299.243047  	0.415652 
2300.674705  	0.416368 
2302.106363  	0.415926 
2303.538021  	0.416537 
2304.969679  	0.417993 
2306.401337  	0.418406 
2307.832996  	0.418929 
2309.264654  	0.418991 
2310.696312  	0.419407 
2312.127970  	0.420974 
2313.559628  	0.420757 
2314.991287  	0.420792 
2316.422945  	0.422547 
2317.854603  	0.422922 
2319.286261  	0.423840 
2320.717919  	0.425958 
2322.149577  	0.426185 
2323.581236  	0.425657 
2325.012894  	0.425924 
2326.444552  	0.427080 
2327.876210  	0.428463 
2329.307868  	0.428740 
2330.739527  	0.428709 
2332.171185  	0.428394 
2333.602843  	0.427799 
2335.034501  	0.428380 
2336.466159  	0.428624 
2337.897818  	0.428461 
2339.329476  	0.429463 
2340.761134  	0.429952 
2342.192792  	0.429614 
2343.624450  	0.429259 
2345.056108  	0.428487 
2346.487767  	0.426679 
2347.919425  	0.424127 
2349.351083  	0.424070 
2350.782741  	0.427101 
2352.214399  	0.429407 
2353.646058  	0.430408 
2355.077716  	0.432248 
2356.509374  	0.433303 
2357.941032  	0.434136 
2359.372690  	0.434668 
2360.804349  	0.433951 
2362.236007  	0.433904 
2363.667665  	0.432829 
2365.099323  	0.430673 
2366.530981  	0.429990 
2367.962639  	0.429160 
2369.394298  	0.427802 
2370.825956  	0.426438 
2372.257614  	0.424774 
2373.689272  	0.423356 
2375.120930  	0.421266 
2376.552589  	0.419028 
2377.984247  	0.418075 
2379.415905  	0.417359 
2380.847563  	0.416304 
2382.279221  	0.414945 
2383.710879  	0.413487 
2385.142538  	0.412716 
2386.574196  	0.412426 
2388.005854  	0.412262 
2389.437512  	0.411796 
2390.869170  	0.411191 
2392.300829  	0.411332 
2393.732487  	0.410909 
2395.164145  	0.410228 
2396.595803  	0.411072 
2398.027461  	0.411243 
2399.459120  	0.410504 
2400.890778  	0.410684 
2402.322436  	0.410250 
2403.754094  	0.409314 
2405.185752  	0.408928 
2406.617410  	0.408913 
2408.049069  	0.409813 
2409.480727  	0.410124 
2410.912385  	0.409619 
2412.344043  	0.409811 
2413.775701  	0.409551 
2415.207360  	0.409213 
2416.639018  	0.409170 
2418.070676  	0.408585 
2419.502334  	0.409005 
2420.933992  	0.409054 
2422.365651  	0.407422 
2423.797309  	0.406805 
2425.228967  	0.406826 
2426.660625  	0.406967 
2428.092283  	0.407552 
2429.523941  	0.407029 
2430.955600  	0.406984 
2432.387258  	0.407689 
2433.818916  	0.407159 
2435.250574  	0.406827 
2436.682232  	0.406264 
2438.113891  	0.404845 
2439.545549  	0.404684 
2440.977207  	0.405235 
2442.408865  	0.405904 
2443.840523  	0.406513 
2445.272181  	0.406317 
2446.703840  	0.406527 
2448.135498  	0.406489 
2449.567156  	0.405611 
2450.998814  	0.405468 
2452.430472  	0.405320 
2453.862131  	0.405513 
2455.293789  	0.406806 
2456.725447  	0.407369 
2458.157105  	0.407173 
2459.588763  	0.406264 
2461.020422  	0.404688 
2462.452080  	0.404337 
2463.883738  	0.404694 
2465.315396  	0.404989 
2466.747054  	0.405283 
2468.178712  	0.404686 
2469.610371  	0.404276 
2471.042029  	0.404291 
2472.473687  	0.403948 
2473.905345  	0.404318 
2475.337003  	0.404400 
2476.768662  	0.403592 
2478.200320  	0.403505 
2479.631978  	0.403887 
2481.063636  	0.404405 
2482.495294  	0.404273 
2483.926953  	0.403051 
2485.358611  	0.402982 
2486.790269  	0.403678 
2488.221927  	0.403470 
2489.653585  	0.403213 
2491.085243  	0.402954 
2492.516902  	0.402626 
2493.948560  	0.402379 
2495.380218  	0.402164 
2496.811876  	0.402614 
2498.243534  	0.402634 
2499.675193  	0.402242 
2501.106851  	0.402925 
2502.538509  	0.403085 
2503.970167  	0.402347 
2505.401825  	0.402266 
2506.833483  	0.402322 
2508.265142  	0.402109 
2509.696800  	0.401667 
2511.128458  	0.401537 
2512.560116  	0.402236 
2513.991774  	0.402426 
2515.423433  	0.402025 
2516.855091  	0.401543 
2518.286749  	0.401033 
2519.718407  	0.401609 
2521.150065  	0.401970 
2522.581724  	0.401071 
2524.013382  	0.400635 
2525.445040  	0.400389 
2526.876698  	0.400363 
2528.308356  	0.401025 
2529.740014  	0.401046 
2531.171673  	0.400853 
2532.603331  	0.400637 
2534.034989  	0.400344 
2535.466647  	0.400967 
2536.898305  	0.400970 
2538.329964  	0.400348 
2539.761622  	0.400447 
2541.193280  	0.400054 
2542.624938  	0.399892 
2544.056596  	0.400022 
2545.488254  	0.399328 
2546.919913  	0.399649 
2548.351571  	0.400172 
2549.783229  	0.399833 
2551.214887  	0.400241 
2552.646545  	0.399844 
2554.078204  	0.398819 
2555.509862  	0.399545 
2556.941520  	0.400386 
2558.373178  	0.400031 
2559.804836  	0.399324 
2561.236495  	0.399343 
2562.668153  	0.399732 
2564.099811  	0.398686 
2565.531469  	0.398258 
2566.963127  	0.399635 
2568.394785  	0.399821 
2569.826444  	0.399862 
2571.258102  	0.400714 
2572.689760  	0.400427 
2574.121418  	0.400167 
2575.553076  	0.400230 
2576.984735  	0.399817 
2578.416393  	0.399770 
2579.848051  	0.399448 
2581.279709  	0.399016 
2582.711367  	0.399207 
2584.143026  	0.399319 
2585.574684  	0.399459 
2587.006342  	0.399130 
2588.438000  	0.398414 
2589.869658  	0.398457 
2591.301316  	0.398448 
2592.732975  	0.398420 
2594.164633  	0.398752 
2595.596291  	0.398634 
2597.027949  	0.398553 
2598.459607  	0.398354 
2599.891266  	0.398243 
2601.322924  	0.399229 
2602.754582  	0.399642 
2604.186240  	0.398979 
2605.617898  	0.398556 
2607.049556  	0.398454 
2608.481215  	0.398866 
2609.912873  	0.398761 
2611.344531  	0.398009 
2612.776189  	0.398430 
2614.207847  	0.398882 
2615.639506  	0.398628 
2617.071164  	0.398618 
2618.502822  	0.398180 
2619.934480  	0.398123 
2621.366138  	0.398702 
2622.797797  	0.398391 
2624.229455  	0.397933 
2625.661113  	0.397612 
2627.092771  	0.397413 
2628.524429  	0.398193 
2629.956087  	0.398653 
2631.387746  	0.398474 
2632.819404  	0.398495 
2634.251062  	0.398117 
2635.682720  	0.397911 
2637.114378  	0.397981 
2638.546037  	0.397712 
2639.977695  	0.398014 
2641.409353  	0.398284 
2642.841011  	0.397890 
2644.272669  	0.398043 
2645.704328  	0.398289 
2647.135986  	0.397901 
2648.567644  	0.397579 
2649.999302  	0.397521 
2651.430960  	0.397458 
2652.862618  	0.397198 
2654.294277  	0.396984 
2655.725935  	0.396979 
2657.157593  	0.396902 
2658.589251  	0.397071 
2660.020909  	0.397361 
2661.452568  	0.397254 
2662.884226  	0.397170 
2664.315884  	0.397122 
2665.747542  	0.396938 
2667.179200  	0.396972 
2668.610858  	0.397074 
2670.042517  	0.397040 
2671.474175  	0.396785 
2672.905833  	0.396493 
2674.337491  	0.396612 
2675.769149  	0.396581 
2677.200808  	0.396206 
2678.632466  	0.396158 
2680.064124  	0.396275 
2681.495782  	0.396353 
2682.927440  	0.396247 
2684.359099  	0.396061 
2685.790757  	0.396423 
2687.222415  	0.396447 
2688.654073  	0.395707 
2690.085731  	0.395615 
2691.517389  	0.395986 
2692.949048  	0.395955 
2694.380706  	0.395733 
2695.812364  	0.395406 
2697.244022  	0.395278 
2698.675680  	0.395411 
2700.107339  	0.395476 
2701.538997  	0.395483 
2702.970655  	0.395256 
2704.402313  	0.395057 
2705.833971  	0.395216 
2707.265630  	0.395416 
2708.697288  	0.395575 
2710.128946  	0.395320 
2711.560604  	0.394766 
2712.992262  	0.394614 
2714.423920  	0.394339 
2715.855579  	0.394140 
2717.287237  	0.394557 
2718.718895  	0.394572 
2720.150553  	0.394196 
2721.582211  	0.393790 
2723.013870  	0.393295 
2724.445528  	0.393688 
2725.877186  	0.394314 
2727.308844  	0.394049 
2728.740502  	0.394023 
2730.172160  	0.394357 
2731.603819  	0.394135 
2733.035477  	0.393627 
2734.467135  	0.393441 
2735.898793  	0.393632 
2737.330451  	0.393402 
2738.762110  	0.392995 
2740.193768  	0.393483 
2741.625426  	0.393919 
2743.057084  	0.393637 
2744.488742  	0.393375 
2745.920401  	0.393115 
2747.352059  	0.392969 
2748.783717  	0.392944 
2750.215375  	0.392752 
2751.647033  	0.392885 
2753.078691  	0.393180 
2754.510350  	0.393217 
2755.942008  	0.393135 
2757.373666  	0.392912 
2758.805324  	0.392897 
2760.236982  	0.392927 
2761.668641  	0.392722 
2763.100299  	0.392880 
2764.531957  	0.392929 
2765.963615  	0.392660 
2767.395273  	0.392899 
2768.826931  	0.393149 
2770.258590  	0.393136 
2771.690248  	0.393196 
2773.121906  	0.393052 
2774.553564  	0.392965 
2775.985222  	0.392820 
2777.416881  	0.392370 
2778.848539  	0.392344 
2780.280197  	0.392516 
2781.711855  	0.392290 
2783.143513  	0.391959 
2784.575172  	0.391834 
2786.006830  	0.392000 
2787.438488  	0.392000 
2788.870146  	0.391755 
2790.301804  	0.391684 
2791.733462  	0.391562 
2793.165121  	0.391632 
2794.596779  	0.391854 
2796.028437  	0.391700 
2797.460095  	0.391952 
2798.891753  	0.392243 
2800.323412  	0.391635 
2801.755070  	0.391322 
2803.186728  	0.391488 
2804.618386  	0.391417 
2806.050044  	0.391538 
2807.481703  	0.391622 
2808.913361  	0.391344 
2810.345019  	0.391000 
2811.776677  	0.390992 
2813.208335  	0.391571 
2814.639993  	0.391726 
2816.071652  	0.391245 
2817.503310  	0.391276 
2818.934968  	0.391533 
2820.366626  	0.391656 
2821.798284  	0.391829 
2823.229943  	0.391678 
2824.661601  	0.391386 
2826.093259  	0.391169 
2827.524917  	0.391248 
2828.956575  	0.391793 
2830.388233  	0.391973 
2831.819892  	0.391959 
2833.251550  	0.392163 
2834.683208  	0.392130 
2836.114866  	0.392591 
2837.546524  	0.393394 
2838.978183  	0.393430 
2840.409841  	0.393397 
2841.841499  	0.393657 
2843.273157  	0.393947 
2844.704815  	0.394311 
2846.136474  	0.394381 
2847.568132  	0.394759 
2848.999790  	0.395587 
2850.431448  	0.395872 
2851.863106  	0.395894 
2853.294764  	0.395845 
2854.726423  	0.395797 
2856.158081  	0.396236 
2857.589739  	0.396397 
2859.021397  	0.396365 
2860.453055  	0.396829 
2861.884714  	0.397161 
2863.316372  	0.397625 
2864.748030  	0.398497 
2866.179688  	0.399196 
2867.611346  	0.400008 
2869.043005  	0.400707 
2870.474663  	0.400839 
2871.906321  	0.400701 
2873.337979  	0.400066 
2874.769637  	0.399087 
2876.201295  	0.398272 
2877.632954  	0.397256 
2879.064612  	0.395958 
2880.496270  	0.395086 
2881.927928  	0.395067 
2883.359586  	0.395162 
2884.791245  	0.394948 
2886.222903  	0.395343 
2887.654561  	0.396097 
2889.086219  	0.396353 
2890.517877  	0.396364 
2891.949535  	0.396129 
2893.381194  	0.395979 
2894.812852  	0.396037 
2896.244510  	0.395546 
2897.676168  	0.395163 
2899.107826  	0.395200 
2900.539485  	0.395037 
2901.971143  	0.395224 
2903.402801  	0.395363 
2904.834459  	0.395072 
2906.266117  	0.395420 
2907.697776  	0.396036 
2909.129434  	0.396197 
2910.561092  	0.395912 
2911.992750  	0.395363 
2913.424408  	0.395584 
2914.856066  	0.396119 
2916.287725  	0.395963 
2917.719383  	0.396084 
2919.151041  	0.396640 
2920.582699  	0.397230 
2922.014357  	0.397908 
2923.446016  	0.398101 
2924.877674  	0.398516 
2926.309332  	0.399709 
2927.740990  	0.400345 
2929.172648  	0.400187 
2930.604306  	0.400068 
2932.035965  	0.400279 
2933.467623  	0.400347 
2934.899281  	0.399761 
2936.330939  	0.399467 
2937.762597  	0.399592 
2939.194256  	0.399029 
2940.625914  	0.398466 
2942.057572  	0.398457 
2943.489230  	0.398603 
2944.920888  	0.399235 
2946.352547  	0.399841 
2947.784205  	0.399767 
2949.215863  	0.399840 
2950.647521  	0.400744 
2952.079179  	0.402091 
2953.510837  	0.403312 
2954.942496  	0.404699 
2956.374154  	0.406172 
2957.805812  	0.406984 
2959.237470  	0.407949 
2960.669128  	0.409401 
2962.100787  	0.409907 
2963.532445  	0.409382 
2964.964103  	0.408263 
2966.395761  	0.406351 
2967.827419  	0.403826 
2969.259078  	0.400561 
2970.690736  	0.396860 
2972.122394  	0.393344 
2973.554052  	0.389834 
2974.985710  	0.386481 
2976.417368  	0.383200 
2977.849027  	0.379868 
2979.280685  	0.377101 
2980.712343  	0.374638 
2982.144001  	0.372356 
2983.575659  	0.370469 
2985.007318  	0.368475 
2986.438976  	0.366862 
2987.870634  	0.365759 
2989.302292  	0.364529 
2990.733950  	0.363686 
2992.165608  	0.363007 
2993.597267  	0.362057 
2995.028925  	0.361393 
2996.460583  	0.361027 
2997.892241  	0.361120 
2999.323899  	0.361316 
3000.755558  	0.361104 
3002.187216  	0.361352 
3003.618874  	0.361504 
3005.050532  	0.360932 
3006.482190  	0.360901 
3007.913849  	0.361250 
3009.345507  	0.361434 
3010.777165  	0.361488 
3012.208823  	0.361109 
3013.640481  	0.361140 
3015.072139  	0.361594 
3016.503798  	0.361748 
3017.935456  	0.362361 
3019.367114  	0.363207 
3020.798772  	0.363749 
3022.230430  	0.364152 
3023.662089  	0.363936 
3025.093747  	0.363780 
3026.525405  	0.364420 
3027.957063  	0.365165 
3029.388721  	0.365783 
3030.820380  	0.366152 
3032.252038  	0.366573 
3033.683696  	0.367280 
3035.115354  	0.367461 
3036.547012  	0.367602 
3037.978670  	0.368017 
3039.410329  	0.367880 
3040.841987  	0.367517 
3042.273645  	0.366989 
3043.705303  	0.366513 
3045.136961  	0.366733 
3046.568620  	0.366818 
3048.000278  	0.366853 
3049.431936  	0.367059 
3050.863594  	0.366604 
3052.295252  	0.366433 
3053.726910  	0.366763 
3055.158569  	0.366664 
3056.590227  	0.366600 
3058.021885  	0.366458 
3059.453543  	0.366303 
3060.885201  	0.366454 
3062.316860  	0.366263 
3063.748518  	0.366048 
3065.180176  	0.365414 
3066.611834  	0.364161 
3068.043492  	0.364054 
3069.475151  	0.364268 
3070.906809  	0.363683 
3072.338467  	0.363397 
3073.770125  	0.363027 
3075.201783  	0.362724 
3076.633441  	0.362934 
3078.065100  	0.362574 
3079.496758  	0.362252 
3080.928416  	0.362309 
3082.360074  	0.361976 
3083.791732  	0.361723 
3085.223391  	0.361383 
3086.655049  	0.361070 
3088.086707  	0.361101 
3089.518365  	0.360678 
3090.950023  	0.360552 
3092.381682  	0.361006 
3093.813340  	0.361002 
3095.244998  	0.361038 
3096.676656  	0.360970 
3098.108314  	0.360593 
3099.539972  	0.360715 
3100.971631  	0.360661 
3102.403289  	0.360306 
3103.834947  	0.360414 
3105.266605  	0.360690 
3106.698263  	0.360725 
3108.129922  	0.360059 
3109.561580  	0.359508 
3110.993238  	0.360001 
3112.424896  	0.360042 
3113.856554  	0.359436 
3115.288212  	0.359318 
3116.719871  	0.359297 
3118.151529  	0.359231 
3119.583187  	0.359049 
3121.014845  	0.358908 
3122.446503  	0.359143 
3123.878162  	0.358868 
3125.309820  	0.358798 
3126.741478  	0.359538 
3128.173136  	0.359317 
3129.604794  	0.358597 
3131.036453  	0.358527 
3132.468111  	0.358501 
3133.899769  	0.358678 
3135.331427  	0.358857 
3136.763085  	0.358916 
3138.194743  	0.358972 
3139.626402  	0.358105 
3141.058060  	0.357486 
3142.489718  	0.357976 
3143.921376  	0.357685 
3145.353034  	0.357183 
3146.784693  	0.357662 
3148.216351  	0.357745 
3149.648009  	0.357243 
3151.079667  	0.357016 
3152.511325  	0.357062 
3153.942983  	0.357096 
3155.374642  	0.356950 
3156.806300  	0.356900 
3158.237958  	0.356884 
3159.669616  	0.356801 
3161.101274  	0.357155 
3162.532933  	0.357527 
3163.964591  	0.357216 
3165.396249  	0.356644 
3166.827907  	0.356371 
3168.259565  	0.356357 
3169.691224  	0.356314 
3171.122882  	0.356337 
3172.554540  	0.356374 
3173.986198  	0.356350 
3175.417856  	0.356674 
3176.849514  	0.356789 
3178.281173  	0.356571 
3179.712831  	0.356812 
3181.144489  	0.356409 
3182.576147  	0.355421 
3184.007805  	0.355315 
3185.439464  	0.354948 
3186.871122  	0.354430 
3188.302780  	0.355138 
3189.734438  	0.355680 
3191.166096  	0.355695 
3192.597755  	0.355872 
3194.029413  	0.355711 
3195.461071  	0.355752 
3196.892729  	0.355944 
3198.324387  	0.355371 
3199.756045  	0.354802 
3201.187704  	0.354968 
3202.619362  	0.355409 
3204.051020  	0.355251 
3205.482678  	0.354471 
3206.914336  	0.354268 
3208.345995  	0.354739 
3209.777653  	0.355148 
3211.209311  	0.355087 
3212.640969  	0.354407 
3214.072627  	0.354137 
3215.504285  	0.354378 
3216.935944  	0.354098 
3218.367602  	0.354162 
3219.799260  	0.354769 
3221.230918  	0.354679 
3222.662576  	0.354231 
3224.094235  	0.354102 
3225.525893  	0.354163 
3226.957551  	0.353910 
3228.389209  	0.353304 
3229.820867  	0.353279 
3231.252526  	0.353427 
3232.684184  	0.352994 
3234.115842  	0.352868 
3235.547500  	0.353133 
3236.979158  	0.353261 
3238.410816  	0.353188 
3239.842475  	0.352880 
3241.274133  	0.352999 
3242.705791  	0.353416 
3244.137449  	0.353269 
3245.569107  	0.352835 
3247.000766  	0.352429 
3248.432424  	0.352214 
3249.864082  	0.352177 
3251.295740  	0.352097 
3252.727398  	0.352482 
3254.159057  	0.352788 
3255.590715  	0.352293 
3257.022373  	0.351868 
3258.454031  	0.351589 
3259.885689  	0.351742 
3261.317347  	0.352615 
3262.749006  	0.352663 
3264.180664  	0.352057 
3265.612322  	0.351892 
3267.043980  	0.351758 
3268.475638  	0.351717 
3269.907297  	0.351355 
3271.338955  	0.350772 
3272.770613  	0.351202 
3274.202271  	0.351574 
3275.633929  	0.351172 
3277.065587  	0.351013 
3278.497246  	0.350951 
3279.928904  	0.351235 
3281.360562  	0.351645 
3282.792220  	0.351134 
3284.223878  	0.350676 
3285.655537  	0.350845 
3287.087195  	0.350808 
3288.518853  	0.350305 
3289.950511  	0.349526 
3291.382169  	0.349438 
3292.813828  	0.349989 
3294.245486  	0.349996 
3295.677144  	0.349971 
3297.108802  	0.350131 
3298.540460  	0.349983 
3299.972118  	0.350138 
3301.403777  	0.350384 
3302.835435  	0.350179 
3304.267093  	0.349869 
3305.698751  	0.349549 
3307.130409  	0.349386 
3308.562068  	0.349398 
3309.993726  	0.349320 
3311.425384  	0.349179 
3312.857042  	0.349111 
3314.288700  	0.349327 
3315.720359  	0.349366 
3317.152017  	0.349085 
3318.583675  	0.349183 
3320.015333  	0.348932 
3321.446991  	0.348349 
3322.878649  	0.348721 
3324.310308  	0.348903 
3325.741966  	0.348408 
3327.173624  	0.348645 
3328.605282  	0.349065 
3330.036940  	0.349061 
3331.468599  	0.349056 
3332.900257  	0.349067 
3334.331915  	0.349362 
3335.763573  	0.349458 
3337.195231  	0.348770 
3338.626889  	0.348203 
3340.058548  	0.348281 
3341.490206  	0.348480 
3342.921864  	0.348379 
3344.353522  	0.348306 
3345.785180  	0.348445 
3347.216839  	0.348272 
3348.648497  	0.348257 
3350.080155  	0.348524 
3351.511813  	0.348147 
3352.943471  	0.347780 
3354.375130  	0.347612 
3355.806788  	0.347224 
3357.238446  	0.347729 
3358.670104  	0.348330 
3360.101762  	0.347825 
3361.533420  	0.347415 
3362.965079  	0.347255 
3364.396737  	0.347148 
3365.828395  	0.347158 
3367.260053  	0.346604 
3368.691711  	0.346593 
3370.123370  	0.347465 
3371.555028  	0.347602 
3372.986686  	0.347432 
3374.418344  	0.347535 
3375.850002  	0.347501 
3377.281660  	0.347691 
3378.713319  	0.347782 
3380.144977  	0.347371 
3381.576635  	0.346845 
3383.008293  	0.346490 
3384.439951  	0.346490 
3385.871610  	0.346428 
3387.303268  	0.346444 
3388.734926  	0.346980 
3390.166584  	0.347022 
3391.598242  	0.346719 
3393.029901  	0.346784 
3394.461559  	0.346105 
3395.893217  	0.345204 
3397.324875  	0.345531 
3398.756533  	0.346150 
3400.188191  	0.346134 
3401.619850  	0.345995 
3403.051508  	0.346063 
3404.483166  	0.346252 
3405.914824  	0.346422 
3407.346482  	0.346331 
3408.778141  	0.345835 
3410.209799  	0.345553 
3411.641457  	0.345790 
3413.073115  	0.345785 
3414.504773  	0.345626 
3415.936432  	0.345727 
3417.368090  	0.345766 
3418.799748  	0.345881 
3420.231406  	0.345778 
3421.663064  	0.345026 
3423.094722  	0.344676 
3424.526381  	0.345138 
3425.958039  	0.345483 
3427.389697  	0.345284 
3428.821355  	0.344977 
3430.253013  	0.344986 
3431.684672  	0.345071 
3433.116330  	0.345066 
3434.547988  	0.344785 
3435.979646  	0.344125 
3437.411304  	0.344147 
3438.842962  	0.344794 
3440.274621  	0.344659 
3441.706279  	0.344067 
3443.137937  	0.343761 
3444.569595  	0.343929 
3446.001253  	0.344353 
3447.432912  	0.343870 
3448.864570  	0.343069 
3450.296228  	0.343192 
3451.727886  	0.343280 
3453.159544  	0.343137 
3454.591203  	0.343108 
3456.022861  	0.343114 
3457.454519  	0.343311 
3458.886177  	0.342819 
3460.317835  	0.342068 
3461.749493  	0.342480 
3463.181152  	0.342800 
3464.612810  	0.342500 
3466.044468  	0.342379 
3467.476126  	0.342041 
3468.907784  	0.341995 
3470.339443  	0.342283 
3471.771101  	0.342146 
3473.202759  	0.342080 
3474.634417  	0.341937 
3476.066075  	0.341869 
3477.497734  	0.342385 
3478.929392  	0.342057 
3480.361050  	0.340910 
3481.792708  	0.340716 
3483.224366  	0.341300 
3484.656024  	0.341540 
3486.087683  	0.341261 
3487.519341  	0.341051 
3488.950999  	0.341028 
3490.382657  	0.340871 
3491.814315  	0.341226 
3493.245974  	0.341592 
3494.677632  	0.341062 
3496.109290  	0.340847 
3497.540948  	0.341135 
3498.972606  	0.341210 
3500.404264  	0.341430 
3501.835923  	0.341268 
3503.267581  	0.340646 
3504.699239  	0.340439 
3506.130897  	0.340511 
3507.562555  	0.340659 
3508.994214  	0.340287 
3510.425872  	0.339382 
3511.857530  	0.339425 
3513.289188  	0.340008 
3514.720846  	0.340377 
3516.152505  	0.340688 
3517.584163  	0.340352 
3519.015821  	0.339990 
3520.447479  	0.340537 
3521.879137  	0.340620 
3523.310795  	0.339630 
3524.742454  	0.338971 
3526.174112  	0.339122 
3527.605770  	0.339390 
3529.037428  	0.339659 
3530.469086  	0.339719 
3531.900745  	0.339316 
3533.332403  	0.339457 
3534.764061  	0.340149 
3536.195719  	0.339724 
3537.627377  	0.338555 
3539.059035  	0.338173 
3540.490694  	0.338451 
3541.922352  	0.338901 
3543.354010  	0.338559 
3544.785668  	0.337633 
3546.217326  	0.337345 
3547.648985  	0.337224 
3549.080643  	0.337678 
3550.512301  	0.338350 
3551.943959  	0.337381 
3553.375617  	0.336448 
3554.807276  	0.337026 
3556.238934  	0.337122 
3557.670592  	0.337152 
3559.102250  	0.337677 
3560.533908  	0.337779 
3561.965566  	0.337676 
3563.397225  	0.337686 
3564.828883  	0.337846 
3566.260541  	0.337188 
3567.692199  	0.334955 
3569.123857  	0.334604 
3570.555516  	0.335735 
3571.987174  	0.336324 
3573.418832  	0.336817 
3574.850490  	0.336754 
3576.282148  	0.336620 
3577.713807  	0.336994 
3579.145465  	0.336418 
3580.577123  	0.335804 
3582.008781  	0.335952 
3583.440439  	0.335783 
3584.872097  	0.336266 
3586.303756  	0.336543 
3587.735414  	0.334403 
3589.167072  	0.333397 
3590.598730  	0.334960 
3592.030388  	0.336154 
3593.462047  	0.336193 
3594.893705  	0.334894 
3596.325363  	0.333992 
3597.757021  	0.334512 
3599.188679  	0.335005 
3600.620337  	0.335024 
3602.051996  	0.334549 
3603.483654  	0.333718 
3604.915312  	0.333827 
3606.346970  	0.334852 
3607.778628  	0.334757 
3609.210287  	0.333603 
3610.641945  	0.334108 
3612.073603  	0.334546 
3613.505261  	0.333201 
3614.936919  	0.332816 
3616.368578  	0.333808 
3617.800236  	0.334074 
3619.231894  	0.332910 
3620.663552  	0.331359 
3622.095210  	0.332718 
3623.526868  	0.334900 
3624.958527  	0.335114 
3626.390185  	0.336002 
3627.821843  	0.337096 
3629.253501  	0.332514 
3630.685159  	0.330834 
3632.116818  	0.333886 
3633.548476  	0.333448 
3634.980134  	0.332287 
3636.411792  	0.333139 
3637.843450  	0.333311 
3639.275109  	0.333314 
3640.706767  	0.333573 
3642.138425  	0.333034 
3643.570083  	0.332633 
3645.001741  	0.333198 
3646.433399  	0.333960 
3647.865058  	0.333766 
3649.296716  	0.331849 
3650.728374  	0.328477 
3652.160032  	0.328070 
3653.591690  	0.331602 
3655.023349  	0.333474 
3656.455007  	0.331860 
3657.886665  	0.331506 
3659.318323  	0.332223 
3660.749981  	0.331342 
3662.181639  	0.330907 
3663.613298  	0.330865 
3665.044956  	0.330746 
3666.476614  	0.331635 
3667.908272  	0.332544 
3669.339930  	0.331670 
3670.771589  	0.328255 
3672.203247  	0.329497 
3673.634905  	0.333469 
3675.066563  	0.331781 
3676.498221  	0.325178 
3677.929880  	0.328673 
3679.361538  	0.330246 
3680.793196  	0.329390 
3682.224854  	0.330062 
3683.656512  	0.329728 
3685.088170  	0.329833 
3686.519829  	0.331273 
3687.951487  	0.330276 
3689.383145  	0.328275 
3690.814803  	0.328208 
3692.246461  	0.327660 
3693.678120  	0.328157 
3695.109778  	0.328690 
3696.541436  	0.328097 
3697.973094  	0.328494 
3699.404752  	0.329956 
3700.836411  	0.329871 
3702.268069  	0.327218 
3703.699727  	0.326245 
3705.131385  	0.327740 
3706.563043  	0.328476 
3707.994701  	0.329002 
3709.426360  	0.329809 
3710.858018  	0.328511 
3712.289676  	0.326063 
3713.721334  	0.325416 
3715.152992  	0.326412 
3716.584651  	0.327620 
3718.016309  	0.327769 
3719.447967  	0.328203 
3720.879625  	0.329239 
3722.311283  	0.328632 
3723.742941  	0.328278 
3725.174600  	0.328660 
3726.606258  	0.327072 
3728.037916  	0.326961 
3729.469574  	0.329547 
3730.901232  	0.330254 
3732.332891  	0.328484 
3733.764549  	0.327827 
3735.196207  	0.326849 
3736.627865  	0.323849 
3738.059523  	0.325270 
3739.491182  	0.327116 
3740.922840  	0.327248 
3742.354498  	0.328871 
3743.786156  	0.328583 
3745.217814  	0.321856 
3746.649472  	0.324706 
3748.081131  	0.328523 
3749.512789  	0.328027 
3750.944447  	0.326673 
3752.376105  	0.324052 
3753.807763  	0.323050 
3755.239422  	0.326073 
3756.671080  	0.326717 
3758.102738  	0.325701 
3759.534396  	0.325380 
3760.966054  	0.324116 
3762.397712  	0.325370 
3763.829371  	0.326549 
3765.261029  	0.324053 
3766.692687  	0.323639 
3768.124345  	0.325517 
3769.556003  	0.324592 
3770.987662  	0.323723 
3772.419320  	0.324460 
3773.850978  	0.324509 
3775.282636  	0.324335 
3776.714294  	0.324853 
3778.145953  	0.325443 
3779.577611  	0.323744 
3781.009269  	0.322227 
3782.440927  	0.324048 
3783.872585  	0.324815 
3785.304243  	0.323811 
3786.735902  	0.323652 
3788.167560  	0.323656 
3789.599218  	0.323924 
3791.030876  	0.324067 
3792.462534  	0.323735 
3793.894193  	0.324572 
3795.325851  	0.324779 
3796.757509  	0.323110 
3798.189167  	0.323377 
3799.620825  	0.324920 
3801.052484  	0.323967 
3802.484142  	0.320733 
3803.915800  	0.322599 
3805.347458  	0.325028 
3806.779116  	0.322777 
3808.210774  	0.320238 
3809.642433  	0.322491 
3811.074091  	0.322669 
3812.505749  	0.322832 
3813.937407  	0.325158 
3815.369065  	0.324608 
3816.800724  	0.321557 
3818.232382  	0.323197 
3819.664040  	0.324932 
3821.095698  	0.323142 
3822.527356  	0.319919 
3823.959014  	0.321468 
3825.390673  	0.323136 
3826.822331  	0.322313 
3828.253989  	0.322095 
3829.685647  	0.323148 
3831.117305  	0.322751 
3832.548964  	0.322334 
3833.980622  	0.323169 
3835.412280  	0.323730 
3836.843938  	0.323109 
3838.275596  	0.320960 
3839.707255  	0.320103 
3841.138913  	0.321224 
3842.570571  	0.321759 
3844.002229  	0.321580 
3845.433887  	0.321258 
3846.865545  	0.321637 
3848.297204  	0.322196 
3849.728862  	0.322655 
3851.160520  	0.324350 
3852.592178  	0.324128 
3854.023836  	0.317265 
3855.455495  	0.317301 
3856.887153  	0.319764 
3858.318811  	0.320421 
3859.750469  	0.321557 
3861.182127  	0.321618 
3862.613786  	0.321723 
3864.045444  	0.321910 
3865.477102  	0.319133 
3866.908760  	0.320577 
3868.340418  	0.323824 
3869.772076  	0.320935 
3871.203735  	0.318428 
3872.635393  	0.320981 
3874.067051  	0.319900 
3875.498709  	0.319019 
3876.930367  	0.320844 
3878.362026  	0.321358 
3879.793684  	0.320907 
3881.225342  	0.319450 
3882.657000  	0.319599 
3884.088658  	0.321118 
3885.520316  	0.319379 
3886.951975  	0.317400 
3888.383633  	0.320227 
3889.815291  	0.321575 
3891.246949  	0.319999 
3892.678607  	0.318809 
3894.110266  	0.319449 
3895.541924  	0.320467 
3896.973582  	0.320925 
3898.405240  	0.320060 
3899.836898  	0.318936 
3901.268557  	0.319896 
3902.700215  	0.320871 
3904.131873  	0.319355 
3905.563531  	0.318237 
3906.995189  	0.318690 
3908.426847  	0.318523 
3909.858506  	0.318563 
3911.290164  	0.319044 
3912.721822  	0.318967 
3914.153480  	0.319009 
3915.585138  	0.319044 
3917.016797  	0.318544 
3918.448455  	0.318251 
3919.880113  	0.317967 
3921.311771  	0.317961 
3922.743429  	0.318431 
3924.175088  	0.318205 
3925.606746  	0.317863 
3927.038404  	0.318374 
3928.470062  	0.318683 
3929.901720  	0.318549 
3931.333378  	0.318093 
3932.765037  	0.317287 
3934.196695  	0.317007 
3935.628353  	0.317477 
3937.060011  	0.317829 
3938.491669  	0.317837 
3939.923328  	0.317900 
3941.354986  	0.317860 
3942.786644  	0.317247 
3944.218302  	0.316859 
3945.649960  	0.317291 
3947.081618  	0.317405 
3948.513277  	0.316591 
3949.944935  	0.315996 
3951.376593  	0.316580 
3952.808251  	0.317326 
3954.239909  	0.317463 
3955.671568  	0.317644 
3957.103226  	0.317736 
3958.534884  	0.317111 
3959.966542  	0.316547 
3961.398200  	0.316627 
3962.829859  	0.316812 
3964.261517  	0.316728 
3965.693175  	0.316717 
3967.124833  	0.317037 
3968.556491  	0.317124 
3969.988149  	0.316779 
3971.419808  	0.316437 
3972.851466  	0.316049 
3974.283124  	0.315937 
3975.714782  	0.316205 
3977.146440  	0.316080 
3978.578099  	0.315882 
3980.009757  	0.315878 
3981.441415  	0.315624 
3982.873073  	0.315642 
3984.304731  	0.315885 
3985.736389  	0.315925 
3987.168048  	0.316280 
3988.599706  	0.316412 
3990.031364  	0.315913 
3991.463022  	0.315817 
3992.894680  	0.315964 
3994.326339  	0.315603 
3995.757997  	0.315108 
3997.189655  	0.314901 
3998.621313  	0.315153 
4000.052971  	0.315579 
4001.484630  	0.315435 
4002.916288  	0.315134 
4004.347946  	0.315566 
4005.779604  	0.315871 
4007.211262  	0.315172 
4008.642920  	0.314539 
4010.074579  	0.314556 
4011.506237  	0.314484 
4012.937895  	0.314285 
4014.369553  	0.314176 
4015.801211  	0.314272 
4017.232870  	0.314688 
4018.664528  	0.314730 
4020.096186  	0.314451 
4021.527844  	0.314776 
4022.959502  	0.315245 
4024.391161  	0.314996 
4025.822819  	0.314216 
4027.254477  	0.313776 
4028.686135  	0.313938 
4030.117793  	0.313823 
4031.549451  	0.313637 
4032.981110  	0.313811 
4034.412768  	0.313181 
4035.844426  	0.312466 
4037.276084  	0.313150 
4038.707742  	0.313917 
4040.139401  	0.314061 
4041.571059  	0.314191 
4043.002717  	0.313810 
4044.434375  	0.312904 
4045.866033  	0.312583 
4047.297691  	0.313499 
4048.729350  	0.314600 
4050.161008  	0.314448 
4051.592666  	0.313827 
4053.024324  	0.313685 
4054.455982  	0.313621 
4055.887641  	0.313710 
4057.319299  	0.313648 
4058.750957  	0.313149 
4060.182615  	0.312857 
4061.614273  	0.312807 
4063.045932  	0.313108 
4064.477590  	0.313669 
4065.909248  	0.313725 
4067.340906  	0.313617 
4068.772564  	0.313328 
4070.204222  	0.312562 
4071.635881  	0.312365 
4073.067539  	0.312543 
4074.499197  	0.312335 
4075.930855  	0.312245 
4077.362513  	0.312276 
4078.794172  	0.312424 
4080.225830  	0.312517 
4081.657488  	0.311928 
4083.089146  	0.311554 
4084.520804  	0.311841 
4085.952463  	0.311848 
4087.384121  	0.311739 
4088.815779  	0.311798 
4090.247437  	0.311766 
4091.679095  	0.311759 
4093.110753  	0.311608 
4094.542412  	0.311216 
4095.974070  	0.310977 
4097.405728  	0.311057 
4098.837386  	0.311186 
4100.269044  	0.311020 
4101.700703  	0.310592 
4103.132361  	0.310134 
4104.564019  	0.310070 
4105.995677  	0.310460 
4107.427335  	0.310344 
4108.858993  	0.309872 
4110.290652  	0.310027 
4111.722310  	0.310077 
4113.153968  	0.309627 
4114.585626  	0.309499 
4116.017284  	0.309647 
4117.448943  	0.309674 
4118.880601  	0.309478 
4120.312259  	0.309372 
4121.743917  	0.309585 
4123.175575  	0.309439 
4124.607234  	0.309123 
4126.038892  	0.309128 
4127.470550  	0.309022 
4128.902208  	0.309388 
4130.333866  	0.310023 
4131.765524  	0.309451 
4133.197183  	0.308645 
4134.628841  	0.308802 
4136.060499  	0.309078 
4137.492157  	0.309039 
4138.923815  	0.308815 
4140.355474  	0.308742 
4141.787132  	0.309123 
4143.218790  	0.309345 
4144.650448  	0.309007 
4146.082106  	0.308495 
4147.513764  	0.308361 
4148.945423  	0.308610 
4150.377081  	0.308469 
4151.808739  	0.307970 
4153.240397  	0.307856 
4154.672055  	0.308009 
4156.103714  	0.308008 
4157.535372  	0.307901 
4158.967030  	0.308016 
4160.398688  	0.307988 
4161.830346  	0.307493 
4163.262005  	0.307686 
4164.693663  	0.308189 
4166.125321  	0.307504 
4167.556979  	0.307110 
4168.988637  	0.307852 
4170.420295  	0.308123 
4171.851954  	0.307776 
4173.283612  	0.307450 
4174.715270  	0.307602 
4176.146928  	0.308161 
4177.578586  	0.308015 
4179.010245  	0.307616 
4180.441903  	0.307388 
4181.873561  	0.306778 
4183.305219  	0.307127 
4184.736877  	0.307971 
4186.168536  	0.307194 
4187.600194  	0.306452 
4189.031852  	0.306957 
4190.463510  	0.307047 
4191.895168  	0.306449 
4193.326826  	0.305788 
4194.758485  	0.305585 
4196.190143  	0.306197 
4197.621801  	0.306719 
4199.053459  	0.306599 
4200.485117  	0.306370 
4201.916776  	0.306481 
4203.348434  	0.306780 
4204.780092  	0.306620 
4206.211750  	0.306233 
4207.643408  	0.306135 
4209.075066  	0.305886 
4210.506725  	0.305628 
4211.938383  	0.305779 
4213.370041  	0.305855 
4214.801699  	0.305663 
4216.233357  	0.305444 
4217.665016  	0.305265 
4219.096674  	0.305268 
4220.528332  	0.305630 
4221.959990  	0.306078 
4223.391648  	0.306025 
4224.823307  	0.305837 
4226.254965  	0.306072 
4227.686623  	0.305999 
4229.118281  	0.305319 
4230.549939  	0.304696 
4231.981597  	0.304487 
4233.413256  	0.304751 
4234.844914  	0.304894 
4236.276572  	0.304623 
4237.708230  	0.304687 
4239.139888  	0.304936 
4240.571547  	0.304771 
4242.003205  	0.304561 
4243.434863  	0.304669 
4244.866521  	0.304863 
4246.298179  	0.304567 
4247.729838  	0.304090 
4249.161496  	0.304176 
4250.593154  	0.304086 
4252.024812  	0.303684 
4253.456470  	0.303865 
4254.888128  	0.304002 
4256.319787  	0.303825 
4257.751445  	0.303999 
4259.183103  	0.304176 
4260.614761  	0.304057 
4262.046419  	0.303601 
4263.478078  	0.303067 
4264.909736  	0.303268 
4266.341394  	0.303628 
4267.773052  	0.303328 
4269.204710  	0.302909 
4270.636368  	0.302535 
4272.068027  	0.302434 
4273.499685  	0.303119 
4274.931343  	0.303842 
4276.363001  	0.303757 
4277.794659  	0.303261 
4279.226318  	0.303221 
4280.657976  	0.303561 
4282.089634  	0.303406 
4283.521292  	0.302976 
4284.952950  	0.302899 
4286.384609  	0.302781 
4287.816267  	0.302648 
4289.247925  	0.302793 
4290.679583  	0.302517 
4292.111241  	0.301750 
4293.542899  	0.301801 
4294.974558  	0.302641 
4296.406216  	0.302548 
4297.837874  	0.301855 
4299.269532  	0.302215 
4300.701190  	0.302831 
4302.132849  	0.302801 
4303.564507  	0.302697 
4304.996165  	0.302201 
4306.427823  	0.301530 
4307.859481  	0.301544 
4309.291140  	0.301694 
4310.722798  	0.301691 
4312.154456  	0.301448 
4313.586114  	0.300612 
4315.017772  	0.300299 
4316.449430  	0.300809 
4317.881089  	0.300923 
4319.312747  	0.301110 
4320.744405  	0.301884 
4322.176063  	0.301997 
4323.607721  	0.301282 
4325.039380  	0.300822 
4326.471038  	0.300890 
4327.902696  	0.301387 
4329.334354  	0.301823 
4330.766012  	0.301047 
4332.197670  	0.299735 
4333.629329  	0.299834 
4335.060987  	0.300597 
4336.492645  	0.300466 
4337.924303  	0.300238 
4339.355961  	0.300350 
4340.787620  	0.300030 
4342.219278  	0.299483 
4343.650936  	0.299662 
4345.082594  	0.300830 
4346.514252  	0.301472 
4347.945911  	0.300505 
4349.377569  	0.299737 
4350.809227  	0.299966 
4352.240885  	0.299806 
4353.672543  	0.299617 
4355.104201  	0.300077 
4356.535860  	0.300433 
4357.967518  	0.300389 
4359.399176  	0.299769 
4360.830834  	0.299077 
4362.262492  	0.299591 
4363.694151  	0.300360 
4365.125809  	0.299968 
4366.557467  	0.299373 
4367.989125  	0.299210 
4369.420783  	0.299228 
4370.852441  	0.299569 
4372.284100  	0.299483 
4373.715758  	0.298703 
4375.147416  	0.298519 
4376.579074  	0.298826 
4378.010732  	0.298593 
4379.442391  	0.298224 
4380.874049  	0.298205 
4382.305707  	0.298377 
4383.737365  	0.298703 
4385.169023  	0.299001 
4386.600682  	0.298867 
4388.032340  	0.298075 
4389.463998  	0.297442 
4390.895656  	0.297825 
4392.327314  	0.298172 
4393.758972  	0.297988 
4395.190631  	0.298349 
4396.622289  	0.298796 
4398.053947  	0.298677 
4399.485605  	0.298706 
4400.917263  	0.298799 
4402.348922  	0.298522 
4403.780580  	0.297867 
4405.212238  	0.297103 
4406.643896  	0.296997 
4408.075554  	0.297390 
4409.507213  	0.297665 
4410.938871  	0.297787 
4412.370529  	0.297483 
4413.802187  	0.297251 
4415.233845  	0.297444 
4416.665503  	0.297223 
4418.097162  	0.297026 
4419.528820  	0.297054 
4420.960478  	0.296567 
4422.392136  	0.296449 
4423.823794  	0.296620 
4425.255453  	0.296165 
4426.687111  	0.296249 
4428.118769  	0.297027 
4429.550427  	0.297559 
4430.982085  	0.297832 
4432.413743  	0.297309 
4433.845402  	0.296495 
4435.277060  	0.296686 
4436.708718  	0.297050 
4438.140376  	0.296759 
4439.572034  	0.296286 
4441.003693  	0.295979 
4442.435351  	0.296022 
4443.867009  	0.296096 
4445.298667  	0.295931 
4446.730325  	0.295859 
4448.161984  	0.295851 
4449.593642  	0.295657 
4451.025300  	0.295256 
4452.456958  	0.295078 
4453.888616  	0.295498 
4455.320274  	0.295746 
4456.751933  	0.295582 
4458.183591  	0.295661 
4459.615249  	0.295456 
4461.046907  	0.294727 
4462.478565  	0.294395 
4463.910224  	0.294530 
4465.341882  	0.294713 
4466.773540  	0.294984 
4468.205198  	0.295374 
4469.636856  	0.295607 
4471.068515  	0.295528 
4472.500173  	0.295610 
4473.931831  	0.295601 
4475.363489  	0.294785 
4476.795147  	0.294320 
4478.226805  	0.294800 
4479.658464  	0.294618 
4481.090122  	0.294025 
4482.521780  	0.294397 
4483.953438  	0.294783 
4485.385096  	0.294550 
4486.816755  	0.294700 
4488.248413  	0.295122 
4489.680071  	0.294975 
4491.111729  	0.294178 
4492.543387  	0.293217 
4493.975045  	0.292954 
4495.406704  	0.293275 
4496.838362  	0.293272 
4498.270020  	0.293544 
4499.701678  	0.294269 
4501.133336  	0.293990 
4502.564995  	0.293371 
4503.996653  	0.293840 
4505.428311  	0.294190 
4506.859969  	0.293646 
4508.291627  	0.293203 
4509.723286  	0.293405 
4511.154944  	0.293944 
4512.586602  	0.293963 
4514.018260  	0.293613 
4515.449918  	0.293803 
4516.881576  	0.293458 
4518.313235  	0.292025 
4519.744893  	0.291664 
4521.176551  	0.292910 
4522.608209  	0.293723 
4524.039867  	0.293241 
4525.471526  	0.292496 
4526.903184  	0.292353 
4528.334842  	0.292527 
4529.766500  	0.292425 
4531.198158  	0.291930 
4532.629817  	0.291777 
4534.061475  	0.292574 
4535.493133  	0.292799 
4536.924791  	0.291662 
4538.356449  	0.291499 
4539.788107  	0.292384 
4541.219766  	0.292120 
4542.651424  	0.291839 
4544.083082  	0.292529 
4545.514740  	0.292292 
4546.946398  	0.291236 
4548.378057  	0.290956 
4549.809715  	0.291233 
4551.241373  	0.291542 
4552.673031  	0.291922 
4554.104689  	0.292210 
4555.536347  	0.292297 
4556.968006  	0.292150 
4558.399664  	0.291899 
4559.831322  	0.291811 
4561.262980  	0.291868 
4562.694638  	0.292082 
4564.126297  	0.292312 
4565.557955  	0.291857 
4566.989613  	0.290941 
4568.421271  	0.290959 
4569.852929  	0.291933 
4571.284588  	0.292231 
4572.716246  	0.291318 
4574.147904  	0.290622 
4575.579562  	0.291111 
4577.011220  	0.291721 
4578.442878  	0.291504 
4579.874537  	0.290979 
4581.306195  	0.290515 
4582.737853  	0.290396 
4584.169511  	0.290970 
4585.601169  	0.291457 
4587.032828  	0.291396 
4588.464486  	0.291323 
4589.896144  	0.291085 
4591.327802  	0.290558 
4592.759460  	0.290197 
4594.191118  	0.290164 
4595.622777  	0.290221 
4597.054435  	0.289731 
4598.486093  	0.288954 
4599.917751  	0.289033 
4601.349409  	0.289590 
4602.781068  	0.289862 
4604.212726  	0.290036 
4605.644384  	0.289801 
4607.076042  	0.289026 
4608.507700  	0.288354 
4609.939359  	0.288405 
4611.371017  	0.289476 
4612.802675  	0.290219 
4614.234333  	0.289330 
4615.665991  	0.288456 
4617.097649  	0.288888 
4618.529308  	0.289344 
4619.960966  	0.289065 
4621.392624  	0.288464 
4622.824282  	0.287922 
4624.255940  	0.288107 
4625.687599  	0.288908 
4627.119257  	0.288952 
4628.550915  	0.288295 
4629.982573  	0.288525 
4631.414231  	0.289419 
4632.845890  	0.289584 
4634.277548  	0.289086 
4635.709206  	0.288634 
4637.140864  	0.288402 
4638.572522  	0.288192 
4640.004180  	0.288122 
4641.435839  	0.288578 
4642.867497  	0.288654 
4644.299155  	0.287914 
4645.730813  	0.287708 
4647.162471  	0.287747 
4648.594130  	0.287447 
4650.025788  	0.287739 
4651.457446  	0.287722 
4652.889104  	0.286975 
4654.320762  	0.287136 
4655.752420  	0.287679 
4657.184079  	0.287727 
4658.615737  	0.287849 
4660.047395  	0.287854 
4661.479053  	0.287735 
4662.910711  	0.287492 
4664.342370  	0.287284 
4665.774028  	0.288023 
4667.205686  	0.288227 
4668.637344  	0.286662 
4670.069002  	0.285878 
4671.500661  	0.286698 
4672.932319  	0.287066 
4674.363977  	0.286797 
4675.795635  	0.287033 
4677.227293  	0.287663 
4678.658951  	0.287829 
4680.090610  	0.287805 
4681.522268  	0.287998 
4682.953926  	0.287368 
4684.385584  	0.286164 
4685.817242  	0.285676 
4687.248901  	0.285455 
4688.680559  	0.285559 
4690.112217  	0.286531 
4691.543875  	0.287059 
4692.975533  	0.286462 
4694.407192  	0.285852 
4695.838850  	0.285888 
4697.270508  	0.286144 
4698.702166  	0.285979 
4700.133824  	0.285186 
4701.565482  	0.284375 
4702.997141  	0.284872 
4704.428799  	0.286108 
4705.860457  	0.285729 
4707.292115  	0.284922 
4708.723773  	0.285593 
4710.155432  	0.285733 
4711.587090  	0.285279 
4713.018748  	0.285636 
4714.450406  	0.285229 
4715.882064  	0.284452 
4717.313722  	0.284740 
4718.745381  	0.284785 
4720.177039  	0.284512 
4721.608697  	0.284603 
4723.040355  	0.284584 
4724.472013  	0.284762 
4725.903672  	0.285244 
4727.335330  	0.285444 
4728.766988  	0.284860 
4730.198646  	0.283768 
4731.630304  	0.283555 
4733.061963  	0.283803 
4734.493621  	0.283341 
4735.925279  	0.283084 
4737.356937  	0.283276 
4738.788595  	0.283496 
4740.220253  	0.283624 
4741.651912  	0.283208 
4743.083570  	0.283305 
4744.515228  	0.283726 
4745.946886  	0.283042 
4747.378544  	0.283011 
4748.810203  	0.283793 
4750.241861  	0.283665 
4751.673519  	0.283709 
4753.105177  	0.283705 
4754.536835  	0.283550 
4755.968493  	0.284547 
4757.400152  	0.284396 
4758.831810  	0.283177 
4760.263468  	0.283720 
4761.695126  	0.283868 
4763.126784  	0.282877 
4764.558443  	0.282992 
4765.990101  	0.283390 
4767.421759  	0.283822 
4768.853417  	0.284142 
4770.285075  	0.283257 
4771.716734  	0.283124 
4773.148392  	0.283864 
4774.580050  	0.283127 
4776.011708  	0.282100 
4777.443366  	0.281928 
4778.875024  	0.281931 
4780.306683  	0.282314 
4781.738341  	0.282954 
4783.169999  	0.283697 
4784.601657  	0.283909 
4786.033315  	0.282601 
4787.464974  	0.281631 
4788.896632  	0.282093 
4790.328290  	0.282082 
4791.759948  	0.281651 
4793.191606  	0.281768 
4794.623265  	0.282095 
4796.054923  	0.282674 
4797.486581  	0.282602 
4798.918239  	0.281544 
4800.349897  	0.281504 
4801.781555  	0.282328 
4803.213214  	0.282335 
4804.644872  	0.281879 
4806.076530  	0.281329 
4807.508188  	0.281161 
4808.939846  	0.282015 
4810.371505  	0.282488 
4811.803163  	0.282064 
4813.234821  	0.281810 
4814.666479  	0.281311 
4816.098137  	0.280806 
4817.529795  	0.281301 
4818.961454  	0.281916 
4820.393112  	0.281879 
4821.824770  	0.281152 
4823.256428  	0.279964 
4824.688086  	0.279817 
4826.119745  	0.280943 
4827.551403  	0.281533 
4828.983061  	0.280999 
4830.414719  	0.280390 
4831.846377  	0.280751 
4833.278036  	0.281446 
4834.709694  	0.280939 
4836.141352  	0.280002 
4837.573010  	0.279850 
4839.004668  	0.279782 
4840.436326  	0.279583 
4841.867985  	0.279557 
4843.299643  	0.279447 
4844.731301  	0.279152 
4846.162959  	0.278897 
4847.594617  	0.279629 
4849.026276  	0.281041 
4850.457934  	0.280957 
4851.889592  	0.279973 
4853.321250  	0.280137 
4854.752908  	0.280404 
4856.184567  	0.279730 
4857.616225  	0.278935 
4859.047883  	0.278543 
4860.479541  	0.278850 
4861.911199  	0.279520 
4863.342857  	0.279699 
4864.774516  	0.279361 
4866.206174  	0.278806 
4867.637832  	0.278465 
4869.069490  	0.278729 
4870.501148  	0.279084 
4871.932807  	0.279036 
4873.364465  	0.278939 
4874.796123  	0.279414 
4876.227781  	0.280201 
4877.659439  	0.279837 
4879.091097  	0.278260 
4880.522756  	0.277522 
4881.954414  	0.278060 
4883.386072  	0.278657 
4884.817730  	0.279128 
4886.249388  	0.279103 
4887.681047  	0.278133 
4889.112705  	0.277963 
4890.544363  	0.279345 
4891.976021  	0.280009 
4893.407679  	0.279376 
4894.839338  	0.278845 
4896.270996  	0.278288 
4897.702654  	0.277810 
4899.134312  	0.277873 
4900.565970  	0.277351 
4901.997628  	0.276498 
4903.429287  	0.276774 
4904.860945  	0.277432 
4906.292603  	0.277627 
4907.724261  	0.277650 
4909.155919  	0.277103 
4910.587578  	0.276187 
4912.019236  	0.276068 
4913.450894  	0.276728 
4914.882552  	0.277298 
4916.314210  	0.277398 
4917.745869  	0.277100 
4919.177527  	0.276778 
4920.609185  	0.277009 
4922.040843  	0.277535 
4923.472501  	0.277086 
4924.904159  	0.275788 
4926.335818  	0.275550 
4927.767476  	0.276500 
4929.199134  	0.276754 
4930.630792  	0.276187 
4932.062450  	0.276317 
4933.494109  	0.276706 
4934.925767  	0.275915 
4936.357425  	0.275037 
4937.789083  	0.275472 
4939.220741  	0.276010 
4940.652399  	0.276032 
4942.084058  	0.276349 
4943.515716  	0.276234 
4944.947374  	0.275202 
4946.379032  	0.274516 
4947.810690  	0.274866 
4949.242349  	0.276366 
4950.674007  	0.278193 
4952.105665  	0.278004 
4953.537323  	0.276262 
4954.968981  	0.275867 
4956.400640  	0.276003 
4957.832298  	0.274886 
4959.263956  	0.274242 
4960.695614  	0.274686 
4962.127272  	0.274745 
4963.558930  	0.274607 
4964.990589  	0.274838 
4966.422247  	0.275558 
4967.853905  	0.276537 
4969.285563  	0.276221 
4970.717221  	0.274824 
4972.148880  	0.274275 
4973.580538  	0.274291 
4975.012196  	0.274273 
4976.443854  	0.274589 
4977.875512  	0.274799 
4979.307170  	0.274912 
4980.738829  	0.275303 
4982.170487  	0.275404 
4983.602145  	0.274640 
4985.033803  	0.273642 
4986.465461  	0.273795 
4987.897120  	0.274369 
4989.328778  	0.274126 
4990.760436  	0.274541 
4992.192094  	0.274910 
4993.623752  	0.273604 
4995.055411  	0.273419 
4996.487069  	0.274268 
4997.918727  	0.273447 
4999.350385  	0.273243 
5000.782043  	0.274137 
5002.213701  	0.273784 
5003.645360  	0.273660 
5005.077018  	0.273788 
5006.508676  	0.272685 
5007.940334  	0.272373 
5009.371992  	0.273323 
5010.803651  	0.273836 
5012.235309  	0.273965 
5013.666967  	0.273698 
5015.098625  	0.273028 
5016.530283  	0.272906 
5017.961942  	0.273134 
5019.393600  	0.272625 
5020.825258  	0.271550 
5022.256916  	0.271167 
5023.688574  	0.271809 
5025.120232  	0.272657 
5026.551891  	0.272663 
5027.983549  	0.271312 
5029.415207  	0.270236 
5030.846865  	0.270951 
5032.278523  	0.271584 
5033.710182  	0.271057 
5035.141840  	0.271311 
5036.573498  	0.272375 
5038.005156  	0.272310 
5039.436814  	0.271304 
5040.868472  	0.270721 
5042.300131  	0.270393 
5043.731789  	0.270311 
5045.163447  	0.271255 
5046.595105  	0.271648 
5048.026763  	0.270601 
5049.458422  	0.270498 
5050.890080  	0.270920 
5052.321738  	0.270493 
5053.753396  	0.270804 
5055.185054  	0.270930 
5056.616713  	0.270186 
5058.048371  	0.270652 
5059.480029  	0.270718 
5060.911687  	0.269978 
5062.343345  	0.271123 
5063.775003  	0.272167 
5065.206662  	0.271867 
5066.638320  	0.271984 
5068.069978  	0.271102 
5069.501636  	0.269953 
5070.933294  	0.270807 
5072.364953  	0.271388 
5073.796611  	0.271102 
5075.228269  	0.271219 
5076.659927  	0.270267 
5078.091585  	0.269084 
5079.523244  	0.269327 
5080.954902  	0.269323 
5082.386560  	0.268932 
5083.818218  	0.269305 
5085.249876  	0.269674 
5086.681534  	0.269660 
5088.113193  	0.269260 
5089.544851  	0.268779 
5090.976509  	0.268997 
5092.408167  	0.268854 
5093.839825  	0.268596 
5095.271484  	0.270078 
5096.703142  	0.270804 
5098.134800  	0.269287 
5099.566458  	0.269047 
5100.998116  	0.270031 
5102.429774  	0.269945 
5103.861433  	0.269565 
5105.293091  	0.268839 
5106.724749  	0.267715 
5108.156407  	0.267476 
5109.588065  	0.267630 
5111.019724  	0.268008 
5112.451382  	0.268523 
5113.883040  	0.267533 
5115.314698  	0.265747 
5116.746356  	0.265634 
5118.178015  	0.267183 
5119.609673  	0.267833 
5121.041331  	0.266434 
5122.472989  	0.266048 
5123.904647  	0.268017 
5125.336305  	0.269078 
5126.767964  	0.268675 
5128.199622  	0.268635 
5129.631280  	0.268314 
5131.062938  	0.267447 
5132.494596  	0.266878 
5133.926255  	0.266448 
5135.357913  	0.265954 
5136.789571  	0.266040 
5138.221229  	0.266967 
5139.652887  	0.267203 
5141.084546  	0.266307 
5142.516204  	0.265876 
5143.947862  	0.265577 
5145.379520  	0.265244 
5146.811178  	0.266179 
5148.242836  	0.267019 
5149.674495  	0.266486 
5151.106153  	0.265928 
5152.537811  	0.266235 
5153.969469  	0.266624 
5155.401127  	0.265529 
5156.832786  	0.264358 
5158.264444  	0.265572 
5159.696102  	0.266567 
5161.127760  	0.266274 
5162.559418  	0.266843 
5163.991076  	0.266641 
5165.422735  	0.265397 
5166.854393  	0.265377 
5168.286051  	0.265930 
5169.717709  	0.266697 
5171.149367  	0.266549 
5172.581026  	0.264847 
5174.012684  	0.265032 
5175.444342  	0.266440 
5176.876000  	0.266234 
5178.307658  	0.266216 
5179.739317  	0.265903 
5181.170975  	0.264226 
5182.602633  	0.263892 
5184.034291  	0.264373 
5185.465949  	0.264180 
5186.897607  	0.264652 
5188.329266  	0.265099 
5189.760924  	0.264718 
5191.192582  	0.264568 
5192.624240  	0.264328 
5194.055898  	0.263401 
5195.487557  	0.263160 
5196.919215  	0.264538 
5198.350873  	0.265729 
5199.782531  	0.265381 
5201.214189  	0.265349 
5202.645847  	0.265617 
5204.077506  	0.264139 
5205.509164  	0.262354 
5206.940822  	0.262426 
5208.372480  	0.262322 
5209.804138  	0.261496 
5211.235797  	0.262612 
5212.667455  	0.263690 
5214.099113  	0.262274 
5215.530771  	0.261880 
5216.962429  	0.263652 
5218.394088  	0.263988 
5219.825746  	0.263380 
5221.257404  	0.263757 
5222.689062  	0.263962 
5224.120720  	0.263538 
5225.552378  	0.262639 
5226.984037  	0.262133 
5228.415695  	0.262786 
5229.847353  	0.262773 
5231.279011  	0.261887 
5232.710669  	0.261877 
5234.142328  	0.262346 
5235.573986  	0.262201 
5237.005644  	0.261503 
5238.437302  	0.261446 
5239.868960  	0.262702 
5241.300619  	0.263288 
5242.732277  	0.262452 
5244.163935  	0.262002 
5245.595593  	0.262065 
5247.027251  	0.261576 
5248.458909  	0.261061 
5249.890568  	0.261924 
5251.322226  	0.263028 
5252.753884  	0.262044 
5254.185542  	0.260187 
5255.617200  	0.259837 
5257.048859  	0.260648 
5258.480517  	0.261456 
5259.912175  	0.261020 
5261.343833  	0.260403 
5262.775491  	0.261898 
5264.207149  	0.262129 
5265.638808  	0.260018 
5267.070466  	0.259701 
5268.502124  	0.259552 
5269.933782  	0.259213 
5271.365440  	0.260114 
5272.797099  	0.259200 
5274.228757  	0.258218 
5275.660415  	0.259603 
5277.092073  	0.259752 
5278.523731  	0.259704 
5279.955390  	0.261222 
5281.387048  	0.261534 
5282.818706  	0.261437 
5284.250364  	0.260973 
5285.682022  	0.259229 
5287.113680  	0.259680 
5288.545339  	0.261180 
5289.976997  	0.260718 
5291.408655  	0.260662 
5292.840313  	0.260994 
5294.271971  	0.260038 
5295.703630  	0.259852 
5297.135288  	0.260175 
5298.566946  	0.259335 
5299.998604  	0.259387 
5301.430262  	0.260768 
5302.861921  	0.260774 
5304.293579  	0.259630 
5305.725237  	0.258701 
5307.156895  	0.257834 
5308.588553  	0.257754 
5310.020211  	0.258123 
5311.451870  	0.257996 
5312.883528  	0.258493 
5314.315186  	0.259128 
5315.746844  	0.259118 
5317.178502  	0.259238 
5318.610161  	0.258748 
5320.041819  	0.258717 
5321.473477  	0.259825 
5322.905135  	0.259093 
5324.336793  	0.258453 
5325.768451  	0.260387 
5327.200110  	0.260996 
5328.631768  	0.260103 
5330.063426  	0.260229 
5331.495084  	0.259533 
5332.926742  	0.258506 
5334.358401  	0.259118 
5335.790059  	0.260409 
5337.221717  	0.260695 
5338.653375  	0.258466 
5340.085033  	0.256488 
5341.516692  	0.257722 
5342.948350  	0.258652 
5344.380008  	0.257856 
5345.811666  	0.257839 
5347.243324  	0.258761 
5348.674982  	0.258567 
5350.106641  	0.257194 
5351.538299  	0.256815 
5352.969957  	0.257842 
5354.401615  	0.258385 
5355.833273  	0.258295 
5357.264932  	0.258316 
5358.696590  	0.258151 
5360.128248  	0.257757 
5361.559906  	0.256943 
5362.991564  	0.256259 
5364.423222  	0.255849 
5365.854881  	0.255627 
5367.286539  	0.257558 
5368.718197  	0.259709 
5370.149855  	0.258333 
5371.581513  	0.256480 
5373.013172  	0.256421 
5374.444830  	0.255873 
5375.876488  	0.255462 
5377.308146  	0.256332 
5378.739804  	0.257192 
5380.171463  	0.256846 
5381.603121  	0.255685 
5383.034779  	0.255536 
5384.466437  	0.255863 
5385.898095  	0.255281 
5387.329753  	0.256145 
5388.761412  	0.257510 
5390.193070  	0.257023 
5391.624728  	0.257210 
5393.056386  	0.257982 
5394.488044  	0.256383 
5395.919703  	0.254716 
5397.351361  	0.255344 
5398.783019  	0.256301 
5400.214677  	0.256651 
5401.646335  	0.256607 
5403.077994  	0.255623 
5404.509652  	0.254500 
5405.941310  	0.254695 
5407.372968  	0.254814 
5408.804626  	0.254060 
5410.236284  	0.254303 
5411.667943  	0.254593 
5413.099601  	0.253516 
5414.531259  	0.253957 
5415.962917  	0.255821 
5417.394575  	0.255406 
5418.826234  	0.253160 
5420.257892  	0.252039 
5421.689550  	0.253302 
5423.121208  	0.254988 
5424.552866  	0.255883 
5425.984524  	0.257086 
5427.416183  	0.257869 
5428.847841  	0.257057 
5430.279499  	0.255356 
5431.711157  	0.253698 
5433.142815  	0.253166 
5434.574474  	0.253996 
5436.006132  	0.254742 
5437.437790  	0.255474 
5438.869448  	0.255901 
5440.301106  	0.254265 
5441.732765  	0.252783 
5443.164423  	0.254314 
5444.596081  	0.255281 
5446.027739  	0.254242 
5447.459397  	0.254540 
5448.891055  	0.255764 
5450.322714  	0.254923 
5451.754372  	0.253203 
5453.186030  	0.252825 
5454.617688  	0.253121 
5456.049346  	0.253009 
5457.481005  	0.252023 
5458.912663  	0.251218 
5460.344321  	0.252025 
5461.775979  	0.253155 
5463.207637  	0.252960 
5464.639296  	0.253190 
5466.070954  	0.254684 
5467.502612  	0.254646 
5468.934270  	0.252808 
5470.365928  	0.253782 
5471.797586  	0.256931 
5473.229245  	0.256698 
5474.660903  	0.254548 
5476.092561  	0.253812 
5477.524219  	0.252583 
5478.955877  	0.251729 
5480.387536  	0.253023 
5481.819194  	0.254217 
5483.250852  	0.253720 
5484.682510  	0.252415 
5486.114168  	0.252609 
5487.545826  	0.254547 
5488.977485  	0.253915 
5490.409143  	0.250761 
5491.840801  	0.249704 
5493.272459  	0.250602 
5494.704117  	0.252121 
5496.135776  	0.253237 
5497.567434  	0.252612 
5498.999092  	0.251717 
5500.430750  	0.252429 
5501.862408  	0.253183 
5503.294067  	0.252184 
5504.725725  	0.251121 
5506.157383  	0.252183 
5507.589041  	0.252906 
5509.020699  	0.251434 
5510.452357  	0.249889 
5511.884016  	0.248902 
5513.315674  	0.249878 
5514.747332  	0.252585 
5516.178990  	0.251581 
5517.610648  	0.248204 
5519.042307  	0.248362 
5520.473965  	0.250032 
5521.905623  	0.250668 
5523.337281  	0.251231 
5524.768939  	0.251984 
5526.200598  	0.252542 
5527.632256  	0.251675 
5529.063914  	0.250191 
5530.495572  	0.250158 
5531.927230  	0.250599 
5533.358888  	0.250653 
5534.790547  	0.250181 
5536.222205  	0.249135 
5537.653863  	0.249051 
5539.085521  	0.249615 
5540.517179  	0.249763 
5541.948838  	0.249901 
5543.380496  	0.249988 
5544.812154  	0.250312 
5546.243812  	0.249985 
5547.675470  	0.248915 
5549.107128  	0.249719 
5550.538787  	0.250994 
5551.970445  	0.251286 
5553.402103  	0.251819 
5554.833761  	0.250347 
5556.265419  	0.248906 
5557.697078  	0.251056 
5559.128736  	0.251343 
5560.560394  	0.249185 
5561.992052  	0.250129 
5563.423710  	0.251540 
5564.855369  	0.250636 
5566.287027  	0.250410 
5567.718685  	0.250949 
5569.150343  	0.249748 
5570.582001  	0.247782 
5572.013659  	0.247400 
5573.445318  	0.247317 
5574.876976  	0.246865 
5576.308634  	0.248114 
5577.740292  	0.249170 
5579.171950  	0.248386 
5580.603609  	0.248468 
5582.035267  	0.249462 
5583.466925  	0.249762 
5584.898583  	0.249423 
5586.330241  	0.249341 
5587.761899  	0.250275 
5589.193558  	0.249587 
5590.625216  	0.246731 
5592.056874  	0.245966 
5593.488532  	0.247763 
5594.920190  	0.249634 
5596.351849  	0.249460 
5597.783507  	0.247757 
5599.215165  	0.248879 
5600.646823  	0.250299 
5602.078481  	0.247783 
5603.510140  	0.246865 
5604.941798  	0.248251 
5606.373456  	0.247520 
5607.805114  	0.246931 
5609.236772  	0.247364 
5610.668430  	0.248163 
5612.100089  	0.249476 
5613.531747  	0.248178 
5614.963405  	0.246350 
5616.395063  	0.248094 
5617.826721  	0.249803 
5619.258380  	0.249127 
5620.690038  	0.248056 
5622.121696  	0.247590 
5623.553354  	0.247723 
5624.985012  	0.247545 
5626.416671  	0.247340 
5627.848329  	0.248343 
5629.279987  	0.249447 
5630.711645  	0.249549 
5632.143303  	0.248986 
5633.574961  	0.247764 
5635.006620  	0.245449 
5636.438278  	0.243472 
5637.869936  	0.244184 
5639.301594  	0.245527 
5640.733252  	0.245734 
5642.164911  	0.247109 
5643.596569  	0.247719 
5645.028227  	0.246163 
5646.459885  	0.246384 
5647.891543  	0.247192 
5649.323201  	0.246667 
5650.754860  	0.247788 
5652.186518  	0.248540 
5653.618176  	0.246817 
5655.049834  	0.246670 
5656.481492  	0.247671 
5657.913151  	0.246466 
5659.344809  	0.245635 
5660.776467  	0.246616 
5662.208125  	0.246160 
5663.639783  	0.244624 
5665.071442  	0.244435 
5666.503100  	0.244330 
5667.934758  	0.243905 
5669.366416  	0.244901 
5670.798074  	0.246538 
5672.229732  	0.246249 
5673.661391  	0.243883 
5675.093049  	0.243240 
5676.524707  	0.244943 
5677.956365  	0.244547 
5679.388023  	0.243619 
5680.819682  	0.245364 
5682.251340  	0.246579 
5683.682998  	0.246054 
5685.114656  	0.244111 
5686.546314  	0.242096 
5687.977973  	0.244222 
5689.409631  	0.246120 
5690.841289  	0.243761 
5692.272947  	0.243819 
5693.704605  	0.245480 
5695.136263  	0.244005 
5696.567922  	0.243469 
5697.999580  	0.244913 
5699.431238  	0.245192 
5700.862896  	0.244030 
5702.294554  	0.242942 
5703.726213  	0.243481 
5705.157871  	0.243753 
5706.589529  	0.242220 
5708.021187  	0.240630 
5709.452845  	0.240809 
5710.884503  	0.244494 
5712.316162  	0.246857 
5713.747820  	0.243717 
5715.179478  	0.242987 
5716.611136  	0.245101 
5718.042794  	0.242815 
5719.474453  	0.240157 
5720.906111  	0.240563 
5722.337769  	0.241265 
5723.769427  	0.240969 
5725.201085  	0.239870 
5726.632744  	0.242104 
5728.064402  	0.245666 
5729.496060  	0.244541 
5730.927718  	0.244547 
5732.359376  	0.247141 
5733.791034  	0.246152 
5735.222693  	0.244332 
5736.654351  	0.243010 
5738.086009  	0.241464 
5739.517667  	0.241917 
5740.949325  	0.241843 
5742.380984  	0.241943 
5743.812642  	0.243505 
5745.244300  	0.242514 
5746.675958  	0.241587 
5748.107616  	0.241529 
5749.539275  	0.238322 
5750.970933  	0.236634 
5752.402591  	0.239541 
5753.834249  	0.242964 
5755.265907  	0.244339 
5756.697565  	0.243251 
5758.129224  	0.242450 
5759.560882  	0.242020 
5760.992540  	0.240015 
5762.424198  	0.240821 
5763.855856  	0.243047 
5765.287515  	0.241722 
5766.719173  	0.241697 
5768.150831  	0.242345 
5769.582489  	0.239318 
5771.014147  	0.239986 
5772.445805  	0.244696 
5773.877464  	0.244128 
5775.309122  	0.241560 
5776.740780  	0.242557 
5778.172438  	0.242255 
5779.604096  	0.239238 
5781.035755  	0.237340 
5782.467413  	0.236880 
5783.899071  	0.237015 
5785.330729  	0.237111 
5786.762387  	0.238553 
5788.194046  	0.243466 
5789.625704  	0.246798 
5791.057362  	0.244411 
5792.489020  	0.240612 
5793.920678  	0.237822 
5795.352336  	0.237695 
5796.783995  	0.241635 
5798.215653  	0.244281 
5799.647311  	0.244048 
5801.078969  	0.242668 
5802.510627  	0.239305 
5803.942286  	0.239959 
5805.373944  	0.244879 
5806.805602  	0.242865 
5808.237260  	0.237698 
5809.668918  	0.239444 
5811.100576  	0.242904 
5812.532235  	0.242660 
5813.963893  	0.241119 
5815.395551  	0.240116 
5816.827209  	0.239962 
5818.258867  	0.238536 
5819.690526  	0.235672 
5821.122184  	0.236584 
5822.553842  	0.240895 
5823.985500  	0.241140 
5825.417158  	0.237288 
5826.848817  	0.236572 
5828.280475  	0.239405 
5829.712133  	0.241614 
5831.143791  	0.242389 
5832.575449  	0.240914 
5834.007107  	0.238183 
5835.438766  	0.237851 
5836.870424  	0.238945 
5838.302082  	0.239409 
5839.733740  	0.240916 
5841.165398  	0.242956 
5842.597057  	0.242718 
5844.028715  	0.240889 
5845.460373  	0.241133 
5846.892031  	0.242340 
5848.323689  	0.239721 
5849.755348  	0.236717 
5851.187006  	0.239121 
5852.618664  	0.242723 
5854.050322  	0.242397 
5855.481980  	0.239821 
5856.913638  	0.237039 
5858.345297  	0.235507 
5859.776955  	0.237617 
5861.208613  	0.241672 
5862.640271  	0.241853 
5864.071929  	0.238874 
5865.503588  	0.237546 
5866.935246  	0.236886 
5868.366904  	0.237632 
5869.798562  	0.240392 
5871.230220  	0.239495 
5872.661878  	0.237869 
5874.093537  	0.239708 
5875.525195  	0.239652 
5876.956853  	0.239449 
5878.388511  	0.240202 
5879.820169  	0.237268 
5881.251828  	0.236730 
5882.683486  	0.240259 
5884.115144  	0.241142 
5885.546802  	0.241072 
5886.978460  	0.239643 
5888.410119  	0.236972 
5889.841777  	0.238123 
5891.273435  	0.237853 
5892.705093  	0.234779 
5894.136751  	0.236037 
5895.568409  	0.238361 
5897.000068  	0.238497 
5898.431726  	0.240084 
5899.863384  	0.241761 
5901.295042  	0.240724 
5902.726700  	0.238398 
5904.158359  	0.238307 
5905.590017  	0.239685 
5907.021675  	0.238596 
5908.453333  	0.237977 
5909.884991  	0.239317 
5911.316650  	0.237657 
5912.748308  	0.235497 
5914.179966  	0.236773 
5915.611624  	0.238503 
5917.043282  	0.240170 
5918.474940  	0.241389 
5919.906599  	0.239809 
5921.338257  	0.238613 
5922.769915  	0.240051 
5924.201573  	0.240191 
5925.633231  	0.237728 
5927.064890  	0.236044 
5928.496548  	0.236253 
5929.928206  	0.236736 
5931.359864  	0.236790 
5932.791522  	0.236446 
5934.223180  	0.235068 
5935.654839  	0.233135 
5937.086497  	0.234125 
5938.518155  	0.238661 
5939.949813  	0.240628 
5941.381471  	0.238810 
5942.813130  	0.238982 
5944.244788  	0.239932 
5945.676446  	0.239026 
5947.108104  	0.238912 
5948.539762  	0.238628 
5949.971421  	0.237533 
5951.403079  	0.238377 
5952.834737  	0.239968 
5954.266395  	0.240965 
5955.698053  	0.242001 
5957.129711  	0.241225 
5958.561370  	0.237964 
5959.993028  	0.234921 
5961.424686  	0.234319 
5962.856344  	0.235095 
5964.288002  	0.235096 
5965.719661  	0.236465 
5967.151319  	0.239689 
5968.582977  	0.239845 
5970.014635  	0.236087 
5971.446293  	0.233325 
5972.877951  	0.233305 
5974.309610  	0.233165 
5975.741268  	0.232664 
5977.172926  	0.234408 
5978.604584  	0.238186 
5980.036242  	0.242775 
5981.467901  	0.245388 
5982.899559  	0.242396 
5984.331217  	0.237942 
5985.762875  	0.235906 
5987.194533  	0.234188 
5988.626192  	0.234878 
5990.057850  	0.238031 
5991.489508  	0.238105 
5992.921166  	0.234932 
5994.352824  	0.232766 
5995.784482  	0.234745 
5997.216141  	0.237071 
5998.647799  	0.234314 
6000.079457  	0.232046 
6001.511115  	0.233521 
6002.942773  	0.235116 
6004.374432  	0.237825 
6005.806090  	0.239598 
6007.237748  	0.237847 
6008.669406  	0.235650 
6010.101064  	0.234129 
6011.532723  	0.235366 
6012.964381  	0.237031 
6014.396039  	0.234708 
6015.827697  	0.233507 
6017.259355  	0.232487 
6018.691013  	0.230548 
6020.122672  	0.234496 
6021.554330  	0.236797 
6022.985988  	0.233944 
6024.417646  	0.235245 
6025.849304  	0.236514 
6027.280963  	0.235907 
6028.712621  	0.236909 
6030.144279  	0.235473 
6031.575937  	0.234712 
6033.007595  	0.233860 
6034.439253  	0.230057 
6035.870912  	0.233315 
6037.302570  	0.239725 
6038.734228  	0.239350 
6040.165886  	0.238524 
6041.597544  	0.238154 
6043.029203  	0.235133 
6044.460861  	0.231432 
6045.892519  	0.228282 
6047.324177  	0.230700 
6048.755835  	0.236054 
6050.187494  	0.236710 
6051.619152  	0.235791 
6053.050810  	0.236182 
6054.482468  	0.237205 
6055.914126  	0.238053 
6057.345784  	0.235692 
6058.777443  	0.233429 
6060.209101  	0.232982 
6061.640759  	0.230946 
6063.072417  	0.229949 
6064.504075  	0.230470 
6065.935734  	0.230140 
6067.367392  	0.229516 
6068.799050  	0.228585 
6070.230708  	0.230063 
6071.662366  	0.233406 
6073.094025  	0.234235 
6074.525683  	0.234920 
6075.957341  	0.235390 
6077.388999  	0.233684 
6078.820657  	0.232675 
6080.252315  	0.231606 
6081.683974  	0.230601 
6083.115632  	0.231868 
6084.547290  	0.233907 
6085.978948  	0.237429 
6087.410606  	0.241115 
6088.842265  	0.240187 
6090.273923  	0.236727 
6091.705581  	0.235300 
6093.137239  	0.234955 
6094.568897  	0.232956 
6096.000555  	0.232462 
6097.432214  	0.235462 
6098.863872  	0.234235 
6100.295530  	0.229877 
6101.727188  	0.231393 
6103.158846  	0.233547 
6104.590505  	0.232581 
6106.022163  	0.234054 
6107.453821  	0.235616 
6108.885479  	0.234732 
6110.317137  	0.234237 
6111.748796  	0.235102 
6113.180454  	0.235121 
6114.612112  	0.231850 
6116.043770  	0.230942 
6117.475428  	0.235790 
6118.907086  	0.236194 
6120.338745  	0.230852 
6121.770403  	0.229815 
6123.202061  	0.231594 
6124.633719  	0.230877 
6126.065377  	0.230134 
6127.497036  	0.230424 
6128.928694  	0.230112 
6130.360352  	0.232621 
6131.792010  	0.237328 
6133.223668  	0.235403 
6134.655327  	0.231092 
6136.086985  	0.233312 
6137.518643  	0.233752 
6138.950301  	0.228897 
6140.381959  	0.226829 
6141.813617  	0.227601 
6143.245276  	0.229447 
6144.676934  	0.230333 
6146.108592  	0.227902 
6147.540250  	0.227093 
6148.971908  	0.229306 
6150.403567  	0.230354 
6151.835225  	0.228605 
6153.266883  	0.226624 
6154.698541  	0.229733 
6156.130199  	0.234832 
6157.561857  	0.238045 
6158.993516  	0.240264 
6160.425174  	0.232784 
6161.856832  	0.221087 
6163.288490  	0.222771 
6164.720148  	0.229421 
6166.151807  	0.231285 
6167.583465  	0.231969 
6169.015123  	0.228749 
6170.446781  	0.227085 
6171.878439  	0.230424 
6173.310098  	0.230032 
6174.741756  	0.229305 
6176.173414  	0.231061 
6177.605072  	0.229959 
6179.036730  	0.229616 
6180.468388  	0.231886 
6181.900047  	0.232739 
6183.331705  	0.229317 
6184.763363  	0.224970 
6186.195021  	0.227514 
6187.626679  	0.230713 
6189.058338  	0.227081 
6190.489996  	0.224923 
6191.921654  	0.226546 
6193.353312  	0.230083 
6194.784970  	0.233947 
6196.216628  	0.231250 
6197.648287  	0.226982 
6199.079945  	0.227812 
6200.511603  	0.229143 
6201.943261  	0.232745 
6203.374919  	0.235967 
6204.806578  	0.231464 
6206.238236  	0.228777 
6207.669894  	0.233099 
6209.101552  	0.235209 
6210.533210  	0.234262 
6211.964869  	0.233325 
6213.396527  	0.229720 
6214.828185  	0.226351 
6216.259843  	0.228115 
6217.691501  	0.230273 
6219.123159  	0.230090 
6220.554818  	0.230576 
6221.986476  	0.229613 
6223.418134  	0.229163 
6224.849792  	0.233867 
6226.281450  	0.236755 
6227.713109  	0.234325 
6229.144767  	0.231817 
6230.576425  	0.230870 
6232.008083  	0.232221 
6233.439741  	0.235167 
6234.871400  	0.237825 
6236.303058  	0.237434 
6237.734716  	0.230601 
6239.166374  	0.224728 
6240.598032  	0.225225 
6242.029690  	0.226057 
6243.461349  	0.228288 
6244.893007  	0.230574 
6246.324665  	0.229831 
6247.756323  	0.232582 
6249.187981  	0.234070 
6250.619640  	0.230231 
6252.051298  	0.230793 
6253.482956  	0.233839 
6254.914614  	0.233917 
6256.346272  	0.233534 
6257.777930  	0.234837 
6259.209589  	0.238658 
6260.641247  	0.236368 
6262.072905  	0.228952 
6263.504563  	0.230754 
6264.936221  	0.234684 
6266.367880  	0.233009 
6267.799538  	0.233908 
6269.231196  	0.234066 
6270.662854  	0.230685 
6272.094512  	0.228854 
6273.526171  	0.228105 
6274.957829  	0.228605 
6276.389487  	0.229620 
6277.821145  	0.231552 
6279.252803  	0.233910 
6280.684461  	0.231097 
6282.116120  	0.227788 
6283.547778  	0.229169 
6284.979436  	0.231662 
6286.411094  	0.231728 
6287.842752  	0.226831 
6289.274411  	0.226395 
6290.706069  	0.235410 
6292.137727  	0.238819 
6293.569385  	0.236923 
6295.001043  	0.234886 
6296.432702  	0.228715 
6297.864360  	0.229674 
6299.296018  	0.235801 
6300.727676  	0.233920 
6302.159334  	0.232117 
6303.590992  	0.229979 
6305.022651  	0.225038 
6306.454309  	0.228462 
6307.885967  	0.235115 
6309.317625  	0.237226 
6310.749283  	0.234472 
6312.180942  	0.227905 
6313.612600  	0.227824 
6315.044258  	0.233413 
6316.475916  	0.237323 
6317.907574  	0.239647 
6319.339232  	0.236829 
6320.770891  	0.233957 
6322.202549  	0.234141 
6323.634207  	0.229744 
6325.065865  	0.228836 
6326.497523  	0.232872 
6327.929182  	0.232799 
6329.360840  	0.233912 
6330.792498  	0.233260 
6332.224156  	0.228955 
6333.655814  	0.230269 
6335.087473  	0.230772 
6336.519131  	0.227898 
6337.950789  	0.229367 
6339.382447  	0.231868 
6340.814105  	0.231467 
6342.245763  	0.229658 
6343.677422  	0.230840 
6345.109080  	0.235135 
6346.540738  	0.235365 
6347.972396  	0.233854 
6349.404054  	0.232305 
6350.835713  	0.228944 
6352.267371  	0.229631 
6353.699029  	0.229033 
6355.130687  	0.223974 
6356.562345  	0.224550 
6357.994003  	0.224785 
6359.425662  	0.220685 
6360.857320  	0.219737 
6362.288978  	0.221416 
6363.720636  	0.227395 
6365.152294  	0.233389 
6366.583953  	0.231881 
6368.015611  	0.229788 
6369.447269  	0.230715 
6370.878927  	0.231745 
6372.310585  	0.230749 
6373.742244  	0.227210 
6375.173902  	0.228406 
6376.605560  	0.231523 
6378.037218  	0.230486 
6379.468876  	0.233387 
6380.900534  	0.236049 
6382.332193  	0.234057 
6383.763851  	0.235538 
6385.195509  	0.236565 
6386.627167  	0.235268 
6388.058825  	0.234112 
6389.490484  	0.228944 
6390.922142  	0.225700 
6392.353800  	0.226539 
6393.785458  	0.226453 
6395.217116  	0.227805 
6396.648775  	0.228650 
6398.080433  	0.229839 
6399.512091  	0.231864 
6400.943749  	0.227685 
6402.375407  	0.225524 
6403.807065  	0.229832 
6405.238724  	0.227810 
6406.670382  	0.222199 
6408.102040  	0.221942 
6409.533698  	0.225194 
6410.965356  	0.227656 
6412.397015  	0.225123 
6413.828673  	0.224017 
6415.260331  	0.228623 
6416.691989  	0.229865 
6418.123647  	0.228686 
6419.555305  	0.230372 
6420.986964  	0.229270 
6422.418622  	0.226070 
6423.850280  	0.226239 
6425.281938  	0.225201 
6426.713596  	0.221903 
6428.145255  	0.225126 
6429.576913  	0.230422 
6431.008571  	0.226127 
6432.440229  	0.221589 
6433.871887  	0.224950 
6435.303546  	0.227036 
6436.735204  	0.226300 
6438.166862  	0.226444 
6439.598520  	0.229081 
6441.030178  	0.232654 
6442.461836  	0.229272 
6443.893495  	0.225767 
6445.325153  	0.228782 
6446.756811  	0.226265 
6448.188469  	0.222796 
6449.620127  	0.226561 
6451.051786  	0.227964 
6452.483444  	0.225864 
6453.915102  	0.220589 
6455.346760  	0.215186 
6456.778418  	0.220786 
6458.210077  	0.226574 
6459.641735  	0.224186 
6461.073393  	0.226684 
6462.505051  	0.229948 
6463.936709  	0.226606 
6465.368367  	0.225400 
6466.800026  	0.228662 
6468.231684  	0.230841 
6469.663342  	0.231006 
6471.095000  	0.230266 
6472.526658  	0.228723 
6473.958317  	0.227047 
6475.389975  	0.226999 
6476.821633  	0.227527 
6478.253291  	0.230204 
6479.684949  	0.232844 
6481.116607  	0.224195 
6482.548266  	0.215059 
6483.979924  	0.223571 
6485.411582  	0.233314 
6486.843240  	0.227922 
6488.274898  	0.222724 
6489.706557  	0.227938 
6491.138215  	0.232539 
6492.569873  	0.230639 
6494.001531  	0.230885 
6495.433189  	0.232707 
6496.864848  	0.230055 
6498.296506  	0.229130 
6499.728164  	0.228722 
6501.159822  	0.225561 
6502.591480  	0.227935 
6504.023138  	0.230384 
6505.454797  	0.227216 
6506.886455  	0.225056 
6508.318113  	0.221675 
6509.749771  	0.219876 
6511.181429  	0.224286 
6512.613088  	0.226008 
6514.044746  	0.224967 
6515.476404  	0.227468 
6516.908062  	0.231487 
6518.339720  	0.230786 
6519.771379  	0.221083 
6521.203037  	0.212710 
6522.634695  	0.216044 
6524.066353  	0.223912 
6525.498011  	0.227665 
6526.929669  	0.223740 
6528.361328  	0.221563 
6529.792986  	0.232204 
6531.224644  	0.238546 
6532.656302  	0.229352 
6534.087960  	0.221753 
6535.519619  	0.222892 
6536.951277  	0.227004 
6538.382935  	0.228608 
6539.814593  	0.224364 
6541.246251  	0.221061 
6542.677909  	0.225508 
6544.109568  	0.233131 
6545.541226  	0.233401 
6546.972884  	0.229140 
6548.404542  	0.229059 
6549.836200  	0.223693 
6551.267859  	0.214151 
6552.699517  	0.218765 
6554.131175  	0.226222 
6555.562833  	0.224836 
6556.994491  	0.227368 
6558.426150  	0.232104 
6559.857808  	0.233168 
6561.289466  	0.231467 
6562.721124  	0.227091 
6564.152782  	0.225288 
6565.584440  	0.224071 
6567.016099  	0.224000 
6568.447757  	0.230304 
6569.879415  	0.231081 
6571.311073  	0.228649 
6572.742731  	0.232389 
6574.174390  	0.231350 
6575.606048  	0.231642 
6577.037706  	0.236603 
6578.469364  	0.229566 
6579.901022  	0.222168 
6581.332680  	0.226816 
6582.764339  	0.226957 
6584.195997  	0.221054 
6585.627655  	0.220637 
6587.059313  	0.223378 
6588.490971  	0.225095 
6589.922630  	0.227095 
6591.354288  	0.229242 
6592.785946  	0.229509 
6594.217604  	0.230205 
6595.649262  	0.228727 
6597.080921  	0.224056 
6598.512579  	0.224886 
6599.944237  	0.227800 
6601.375895  	0.227628 
6602.807553  	0.227719 
6604.239211  	0.223607 
6605.670870  	0.219422 
6607.102528  	0.218839 
6608.534186  	0.215939 
6609.965844  	0.220908 
6611.397502  	0.228546 
6612.829161  	0.223071 
6614.260819  	0.221335 
6615.692477  	0.225895 
6617.124135  	0.225167 
6618.555793  	0.225673 
6619.987452  	0.222793 
6621.419110  	0.220554 
6622.850768  	0.227235 
6624.282426  	0.226642 
6625.714084  	0.222654 
6627.145742  	0.226237 
6628.577401  	0.225846 
6630.009059  	0.222996 
6631.440717  	0.225791 
6632.872375  	0.232835 
6634.304033  	0.237247 
6635.735692  	0.233254 
6637.167350  	0.232416 
6638.599008  	0.234010 
6640.030666  	0.227885 
6641.462324  	0.225987 
6642.893982  	0.226765 
6644.325641  	0.223318 
6645.757299  	0.226537 
6647.188957  	0.230144 
6648.620615  	0.229288 
6650.052273  	0.229248 
6651.483932  	0.224780 
6652.915590  	0.221011 
6654.347248  	0.222784 
6655.778906  	0.227741 
6657.210564  	0.234662 
6658.642223  	0.231104 
6660.073881  	0.226062 
6661.505539  	0.230222 
6662.937197  	0.222412 
6664.368855  	0.210636 
6665.800513  	0.216218 
6667.232172  	0.226681 
6668.663830  	0.233157 
6670.095488  	0.231101 
6671.527146  	0.223256 
6672.958804  	0.227258 
6674.390463  	0.232300 
6675.822121  	0.227041 
6677.253779  	0.226214 
6678.685437  	0.226776 
6680.117095  	0.222268 
6681.548754  	0.220882 
6682.980412  	0.223400 
6684.412070  	0.226013 
6685.843728  	0.228730 
6687.275386  	0.235208 
6688.707044  	0.241130 
6690.138703  	0.237764 
6691.570361  	0.230821 
6693.002019  	0.225527 
6694.433677  	0.221868 
6695.865335  	0.223841 
6697.296994  	0.225631 
6698.728652  	0.225198 
6700.160310  	0.226761 
6701.591968  	0.224201 
6703.023626  	0.219189 
6704.455284  	0.220424 
6705.886943  	0.228022 
6707.318601  	0.233333 
6708.750259  	0.225908 
6710.181917  	0.214929 
6711.613575  	0.213035 
6713.045234  	0.214616 
6714.476892  	0.218878 
6715.908550  	0.221861 
6717.340208  	0.218681 
6718.771866  	0.221549 
6720.203525  	0.226864 
6721.635183  	0.226142 
6723.066841  	0.227982 
6724.498499  	0.226147 
6725.930157  	0.217457 
6727.361815  	0.217022 
6728.793474  	0.225103 
6730.225132  	0.231720 
6731.656790  	0.228648 
6733.088448  	0.220230 
6734.520106  	0.220232 
6735.951765  	0.223983 
6737.383423  	0.222594 
6738.815081  	0.221523 
6740.246739  	0.222173 
6741.678397  	0.221768 
6743.110056  	0.221503 
6744.541714  	0.224538 
6745.973372  	0.227865 
6747.405030  	0.224939 
6748.836688  	0.222127 
6750.268346  	0.223801 
6751.700005  	0.227340 
6753.131663  	0.235571 
6754.563321  	0.238529 
6755.994979  	0.230872 
6757.426637  	0.225904 
6758.858296  	0.223873 
6760.289954  	0.222334 
6761.721612  	0.227027 
6763.153270  	0.231955 
6764.584928  	0.231508 
6766.016586  	0.228020 
6767.448245  	0.227240 
6768.879903  	0.226718 
6770.311561  	0.219955 
6771.743219  	0.221184 
6773.174877  	0.231871 
6774.606536  	0.232436 
6776.038194  	0.231618 
6777.469852  	0.233129 
6778.901510  	0.225478 
6780.333168  	0.221508 
6781.764827  	0.223219 
6783.196485  	0.223710 
6784.628143  	0.226726 
6786.059801  	0.223397 
6787.491459  	0.218521 
6788.923117  	0.221502 
6790.354776  	0.223550 
6791.786434  	0.228624 
6793.218092  	0.230425 
6794.649750  	0.222576 
6796.081408  	0.227301 
6797.513067  	0.236122 
6798.944725  	0.227127 
6800.376383  	0.217667 
6801.808041  	0.219575 
6803.239699  	0.225130 
6804.671357  	0.224560 
6806.103016  	0.216682 
6807.534674  	0.215066 
6808.966332  	0.218934 
6810.397990  	0.219075 
6811.829648  	0.218991 
6813.261307  	0.219752 
6814.692965  	0.222306 
6816.124623  	0.225489 
6817.556281  	0.223576 
6818.987939  	0.220273 
6820.419598  	0.216519 
6821.851256  	0.214325 
6823.282914  	0.216849 
6824.714572  	0.217050 
6826.146230  	0.215007 
6827.577888  	0.213762 
6829.009547  	0.217666 
6830.441205  	0.233820 
6831.872863  	0.238718 
6833.304521  	0.224318 
6834.736179  	0.222251 
6836.167838  	0.229973 
6837.599496  	0.226735 
6839.031154  	0.219195 
6840.462812  	0.218652 
6841.894470  	0.226325 
6843.326129  	0.230246 
6844.757787  	0.223525 
6846.189445  	0.215713 
6847.621103  	0.211669 
6849.052761  	0.216617 
6850.484419  	0.227333 
6851.916078  	0.229769 
6853.347736  	0.229308 
6854.779394  	0.225935 
6856.211052  	0.220819 
6857.642710  	0.228488 
6859.074369  	0.231237 
6860.506027  	0.223473 
6861.937685  	0.225631 
6863.369343  	0.222946 
6864.801001  	0.214413 
6866.232659  	0.222164 
6867.664318  	0.230913 
6869.095976  	0.228633 
6870.527634  	0.223451 
6871.959292  	0.220116 
6873.390950  	0.221831 
6874.822609  	0.220124 
6876.254267  	0.217282 
6877.685925  	0.227242 
6879.117583  	0.235396 
6880.549241  	0.229234 
6881.980900  	0.224102 
6883.412558  	0.224700 
6884.844216  	0.219267 
6886.275874  	0.209928 
6887.707532  	0.212031 
6889.139190  	0.223722 
6890.570849  	0.229628 
6892.002507  	0.227805 
6893.434165  	0.222218 
6894.865823  	0.222474 
6896.297481  	0.226233 
6897.729140  	0.219198 
6899.160798  	0.214315 
6900.592456  	0.218170 
6902.024114  	0.219343 
6903.455772  	0.224389 
6904.887431  	0.226103 
6906.319089  	0.222499 
6907.750747  	0.230114 
6909.182405  	0.231121 
6910.614063  	0.222693 
6912.045721  	0.224602 
6913.477380  	0.222564 
6914.909038  	0.217850 
6916.340696  	0.220787 
6917.772354  	0.220720 
6919.204012  	0.222700 
6920.635671  	0.222879 
6922.067329  	0.216298 
6923.498987  	0.216674 
6924.930645  	0.220601 
6926.362303  	0.227523 
6927.793961  	0.233248 
6929.225620  	0.225414 
6930.657278  	0.224699 
6932.088936  	0.230164 
6933.520594  	0.224076 
6934.952252  	0.222122 
6936.383911  	0.221126 
6937.815569  	0.218133 
6939.247227  	0.222292 
6940.678885  	0.218667 
6942.110543  	0.215744 
6943.542202  	0.221277 
6944.973860  	0.219261 
6946.405518  	0.219288 
6947.837176  	0.220019 
6949.268834  	0.217321 
6950.700492  	0.225578 
6952.132151  	0.229203 
6953.563809  	0.225321 
6954.995467  	0.224886 
6956.427125  	0.217771 
6957.858783  	0.216346 
6959.290442  	0.222480 
6960.722100  	0.220369 
6962.153758  	0.225270 
6963.585416  	0.230770 
6965.017074  	0.222148 
6966.448732  	0.215356 
6967.880391  	0.211801 
6969.312049  	0.213543 
6970.743707  	0.220594 
6972.175365  	0.217692 
6973.607023  	0.213057 
6975.038682  	0.214551 
6976.470340  	0.219207 
6977.901998  	0.227927 
6979.333656  	0.225978 
6980.765314  	0.218852 
6982.196973  	0.222066 
6983.628631  	0.227456 
6985.060289  	0.229385 
6986.491947  	0.221455 
6987.923605  	0.213650 
6989.355263  	0.225310 
6990.786922  	0.233060 
6992.218580  	0.226226 
6993.650238  	0.224225 
6995.081896  	0.219175 
6996.513554  	0.211346 
6997.945213  	0.214188 
6999.376871  	0.220842 
7000.808529  	0.226628 
7002.240187  	0.225833 
7003.671845  	0.218461 
7005.103504  	0.218167 
7006.535162  	0.220456 
7007.966820  	0.217775 
7009.398478  	0.214180 
7010.830136  	0.210199 
7012.261794  	0.210353 
7013.693453  	0.218109 
7015.125111  	0.226109 
7016.556769  	0.220797 
7017.988427  	0.208709 
7019.420085  	0.213049 
7020.851744  	0.225700 
7022.283402  	0.228291 
7023.715060  	0.223825 
7025.146718  	0.212093 
7026.578376  	0.209262 
7028.010034  	0.225784 
7029.441693  	0.231956 
7030.873351  	0.225282 
7032.305009  	0.219847 
7033.736667  	0.213604 
7035.168325  	0.220699 
7036.599984  	0.229347 
7038.031642  	0.219661 
7039.463300  	0.220120 
7040.894958  	0.233678 
7042.326616  	0.232807 
7043.758275  	0.224036 
7045.189933  	0.222720 
7046.621591  	0.226080 
7048.053249  	0.221895 
7049.484907  	0.215980 
7050.916565  	0.223187 
7052.348224  	0.224833 
7053.779882  	0.214644 
7055.211540  	0.216146 
7056.643198  	0.221147 
7058.074856  	0.218984 
7059.506515  	0.220925 
7060.938173  	0.219814 
7062.369831  	0.212657 
7063.801489  	0.215124 
7065.233147  	0.223777 
7066.664806  	0.218591 
7068.096464  	0.208731 
7069.528122  	0.217554 
7070.959780  	0.223231 
7072.391438  	0.209068 
7073.823096  	0.209260 
7075.254755  	0.218689 
7076.686413  	0.212364 
7078.118071  	0.208944 
7079.549729  	0.212129 
7080.981387  	0.210320 
7082.413046  	0.210970 
7083.844704  	0.215418 
7085.276362  	0.220161 
7086.708020  	0.219165 
7088.139678  	0.211152 
7089.571336  	0.211738 
7091.002995  	0.219438 
7092.434653  	0.219133 
7093.866311  	0.216268 
7095.297969  	0.223339 
7096.729627  	0.234145 
7098.161286  	0.230775 
7099.592944  	0.221361 
7101.024602  	0.221532 
7102.456260  	0.221939 
7103.887918  	0.218188 
7105.319577  	0.212477 
7106.751235  	0.208014 
7108.182893  	0.225184 
7109.614551  	0.243677 
7111.046209  	0.231238 
7112.477867  	0.219947 
7113.909526  	0.224576 
7115.341184  	0.218247 
7116.772842  	0.212670 
7118.204500  	0.220946 
7119.636158  	0.226738 
7121.067817  	0.228280 
7122.499475  	0.227655 
7123.931133  	0.220381 
7125.362791  	0.220433 
7126.794449  	0.228555 
7128.226108  	0.223822 
7129.657766  	0.214767 
7131.089424  	0.220738 
7132.521082  	0.224563 
7133.952740  	0.220100 
7135.384398  	0.225856 
7136.816057  	0.230435 
7138.247715  	0.225019 
7139.679373  	0.219810 
7141.111031  	0.215138 
7142.542689  	0.216638 
7143.974348  	0.217606 
7145.406006  	0.208991 
7146.837664  	0.212374 
7148.269322  	0.221196 
7149.700980  	0.217576 
7151.132638  	0.224289 
7152.564297  	0.235777 
7153.995955  	0.226537 
7155.427613  	0.213624 
7156.859271  	0.215045 
7158.290929  	0.216293 
7159.722588  	0.206487 
7161.154246  	0.202000 
7162.585904  	0.211486 
7164.017562  	0.217229 
7165.449220  	0.224567 
7166.880879  	0.229963 
7168.312537  	0.215755 
7169.744195  	0.213398 
7171.175853  	0.226448 
7172.607511  	0.220686 
7174.039169  	0.216858 
7175.470828  	0.225732 
7176.902486  	0.224378 
7178.334144  	0.223575 
7179.765802  	0.227485 
7181.197460  	0.224115 
7182.629119  	0.221278 
7184.060777  	0.218547 
7185.492435  	0.213057 
7186.924093  	0.212629 
7188.355751  	0.216704 
7189.787409  	0.220099 
7191.219068  	0.220358 
7192.650726  	0.217160 
7194.082384  	0.212604 
7195.514042  	0.214596 
7196.945700  	0.223272 
7198.377359  	0.222617 
7199.809017  	0.218482 
7201.240675  	0.224463 
7202.672333  	0.227860 
7204.103991  	0.226418 
7205.535650  	0.222772 
7206.967308  	0.211940 
7208.398966  	0.206996 
7209.830624  	0.208709 
7211.262282  	0.210223 
7212.693940  	0.216423 
7214.125599  	0.216485 
7215.557257  	0.214991 
7216.988915  	0.224771 
7218.420573  	0.225712 
7219.852231  	0.221197 
7221.283890  	0.222890 
7222.715548  	0.219921 
7224.147206  	0.220898 
7225.578864  	0.220737 
7227.010522  	0.206782 
7228.442181  	0.207447 
7229.873839  	0.224100 
7231.305497  	0.227063 
7232.737155  	0.219095 
7234.168813  	0.218306 
7235.600471  	0.226562 
7237.032130  	0.232687 
7238.463788  	0.226482 
7239.895446  	0.215126 
7241.327104  	0.212335 
7242.758762  	0.218415 
7244.190421  	0.216779 
7245.622079  	0.206787 
7247.053737  	0.209401 
7248.485395  	0.219940 
7249.917053  	0.220116 
7251.348711  	0.212377 
7252.780370  	0.207524 
7254.212028  	0.214265 
7255.643686  	0.220835 
7257.075344  	0.215242 
7258.507002  	0.212829 
7259.938661  	0.211144 
7261.370319  	0.207281 
7262.801977  	0.218191 
7264.233635  	0.224982 
7265.665293  	0.213561 
7267.096952  	0.205980 
7268.528610  	0.203440 
7269.960268  	0.205392 
7271.391926  	0.212837 
7272.823584  	0.208831 
7274.255242  	0.198304 
7275.686901  	0.198603 
7277.118559  	0.206368 
7278.550217  	0.213240 
7279.981875  	0.214535 
7281.413533  	0.211633 
7282.845192  	0.205447 
7284.276850  	0.203346 
7285.708508  	0.213167 
7287.140166  	0.216919 
7288.571824  	0.208089 
7290.003483  	0.208465 
7291.435141  	0.215103 
7292.866799  	0.215211 
7294.298457  	0.210490 
7295.730115  	0.205905 
7297.161773  	0.204944 
7298.593432  	0.200031 
7300.025090  	0.193886 
7301.456748  	0.195503 
7302.888406  	0.200631 
7304.320064  	0.214105 
7305.751723  	0.225160 
7307.183381  	0.219291 
7308.615039  	0.215874 
7310.046697  	0.213003 
7311.478355  	0.205293 
7312.910013  	0.205444 
7314.341672  	0.199214 
7315.773330  	0.197012 
7317.204988  	0.217511 
7318.636646  	0.223975 
7320.068304  	0.216534 
7321.499963  	0.216868 
7322.931621  	0.214526 
7324.363279  	0.218952 
7325.794937  	0.226111 
7327.226595  	0.218201 
7328.658254  	0.215906 
7330.089912  	0.224220 
7331.521570  	0.224222 
7332.953228  	0.214169 
7334.384886  	0.206776 
7335.816544  	0.211465 
7337.248203  	0.214576 
7338.679861  	0.216925 
7340.111519  	0.224730 
7341.543177  	0.212709 
7342.974835  	0.201841 
7344.406494  	0.211950 
7345.838152  	0.209716 
7347.269810  	0.205739 
7348.701468  	0.210512 
7350.133126  	0.205446 
7351.564785  	0.206911 
7352.996443  	0.213074 
7354.428101  	0.210716 
7355.859759  	0.212087 
7357.291417  	0.213916 
7358.723075  	0.221490 
7360.154734  	0.228428 
7361.586392  	0.216128 
7363.018050  	0.207890 
7364.449708  	0.209777 
7365.881366  	0.207998 
7367.313025  	0.216186 
7368.744683  	0.222328 
7370.176341  	0.220696 
7371.607999  	0.222691 
7373.039657  	0.218730 
7374.471315  	0.218637 
7375.902974  	0.216154 
7377.334632  	0.193244 
7378.766290  	0.189705 
7380.197948  	0.206872 
7381.629606  	0.207882 
7383.061265  	0.202489 
7384.492923  	0.205402 
7385.924581  	0.214244 
7387.356239  	0.219667 
7388.787897  	0.214105 
7390.219556  	0.213689 
7391.651214  	0.215521 
7393.082872  	0.208268 
7394.514530  	0.205285 
7395.946188  	0.209690 
7397.377846  	0.216089 
7398.809505  	0.217298 
7400.241163  	0.211893 
7401.672821  	0.220396 
7403.104479  	0.229636 
7404.536137  	0.221065 
7405.967796  	0.215703 
7407.399454  	0.213641 
7408.831112  	0.206577 
7410.262770  	0.201289 
7411.694428  	0.196535 
7413.126086  	0.200051 
7414.557745  	0.206282 
7415.989403  	0.200962 
7417.421061  	0.198485 
7418.852719  	0.196494 
7420.284377  	0.192943 
7421.716036  	0.201086 
7423.147694  	0.206148 
7424.579352  	0.198611 
7426.011010  	0.194162 
7427.442668  	0.208980 
7428.874327  	0.236142 
7430.305985  	0.229313 
7431.737643  	0.193969 
7433.169301  	0.189404 
7434.600959  	0.202073 
7436.032617  	0.205201 
7437.464276  	0.218137 
7438.895934  	0.230345 
7440.327592  	0.227390 
7441.759250  	0.221154 
7443.190908  	0.215869 
7444.622567  	0.216007 
7446.054225  	0.220880 
7447.485883  	0.215794 
7448.917541  	0.202585 
7450.349199  	0.203227 
7451.780858  	0.222493 
7453.212516  	0.227528 
7454.644174  	0.215306 
7456.075832  	0.219682 
7457.507490  	0.231281 
7458.939148  	0.227801 
7460.370807  	0.222300 
7461.802465  	0.218584 
7463.234123  	0.209195 
7464.665781  	0.204772 
7466.097439  	0.214715 
7467.529098  	0.218532 
7468.960756  	0.203013 
7470.392414  	0.195473 
7471.824072  	0.199786 
7473.255730  	0.191755 
7474.687388  	0.194935 
7476.119047  	0.213219 
7477.550705  	0.211508 
7478.982363  	0.200426 
7480.414021  	0.202606 
7481.845679  	0.215879 
7483.277338  	0.232403 
7484.708996  	0.232559 
7486.140654  	0.222875 
7487.572312  	0.220278 
7489.003970  	0.214954 
7490.435629  	0.214114 
7491.867287  	0.225226 
7493.298945  	0.229459 
7494.730603  	0.219529 
7496.162261  	0.208429 
7497.593919  	0.204562 
7499.025578  	0.199513 
7500.457236  	0.194366 
7501.888894  	0.201876 
7503.320552  	0.200316 
7504.752210  	0.186294 
7506.183869  	0.196439 
7507.615527  	0.218764 
7509.047185  	0.228532 
7510.478843  	0.237313 
7511.910501  	0.238688 
7513.342160  	0.230960 
7514.773818  	0.230140 
7516.205476  	0.230298 
7517.637134  	0.221141 
7519.068792  	0.211191 
7520.500450  	0.213420 
7521.932109  	0.220743 
7523.363767  	0.220922 
7524.795425  	0.222523 
7526.227083  	0.213457 
7527.658741  	0.192769 
7529.090400  	0.196848 
7530.522058  	0.215015 
7531.953716  	0.219161 
7533.385374  	0.220751 
7534.817032  	0.220110 
7536.248690  	0.216490 
7537.680349  	0.211651 
7539.112007  	0.197681 
7540.543665  	0.195722 
7541.975323  	0.207613 
7543.406981  	0.207431 
7544.838640  	0.205021 
7546.270298  	0.207629 
7547.701956  	0.209663 
7549.133614  	0.218941 
7550.565272  	0.228682 
7551.996931  	0.236302 
7553.428589  	0.242914 
7554.860247  	0.225660 
7556.291905  	0.196989 
7557.723563  	0.185077 
7559.155221  	0.188474 
7560.586880  	0.197173 
7562.018538  	0.200806 
7563.450196  	0.200087 
7564.881854  	0.202361 
7566.313512  	0.198001 
7567.745171  	0.190856 
7569.176829  	0.197350 
7570.608487  	0.211884 
7572.040145  	0.220740 
7573.471803  	0.227232 
7574.903461  	0.233024 
7576.335120  	0.232041 
7577.766778  	0.228647 
7579.198436  	0.222952 
7580.630094  	0.210766 
7582.061752  	0.207228 
7583.493411  	0.213750 
7584.925069  	0.208541 
7586.356727  	0.198610 
7587.788385  	0.198556 
7589.220043  	0.200158 
7590.651702  	0.200390 
7592.083360  	0.193637 
7593.515018  	0.186120 
7594.946676  	0.199655 
7596.378334  	0.224499 
7597.809992  	0.234825 
7599.241651  	0.227452 
7600.673309  	0.214521 
7602.104967  	0.211090 
7603.536625  	0.210139 
7604.968283  	0.197166 
7606.399942  	0.186418 
7607.831600  	0.190922 
7609.263258  	0.197074 
7610.694916  	0.198331 
7612.126574  	0.207693 
7613.558233  	0.214139 
7614.989891  	0.198496 
7616.421549  	0.194134 
7617.853207  	0.212945 
7619.284865  	0.213794 
7620.716523  	0.214930 
7622.148182  	0.236317 
7623.579840  	0.233509 
7625.011498  	0.218011 
7626.443156  	0.216051 
7627.874814  	0.211600 
7629.306473  	0.219133 
7630.738131  	0.230806 
7632.169789  	0.226984 
7633.601447  	0.224454 
7635.033105  	0.218046 
7636.464763  	0.206853 
7637.896422  	0.213865 
7639.328080  	0.217440 
7640.759738  	0.203669 
7642.191396  	0.194698 
7643.623054  	0.198390 
7645.054713  	0.212963 
7646.486371  	0.219149 
7647.918029  	0.210170 
7649.349687  	0.210482 
7650.781345  	0.213761 
7652.213004  	0.208253 
7653.644662  	0.207953 
7655.076320  	0.211730 
7656.507978  	0.215311 
7657.939636  	0.223823 
7659.371294  	0.228279 
7660.802953  	0.222206 
7662.234611  	0.224329 
7663.666269  	0.235168 
7665.097927  	0.215418 
7666.529585  	0.192314 
7667.961244  	0.205336 
7669.392902  	0.207035 
7670.824560  	0.187781 
7672.256218  	0.200501 
7673.687876  	0.215232 
7675.119535  	0.202469 
7676.551193  	0.203703 
7677.982851  	0.217818 
7679.414509  	0.220501 
7680.846167  	0.209977 
7682.277825  	0.195724 
7683.709484  	0.210903 
7685.141142  	0.231367 
7686.572800  	0.215691 
7688.004458  	0.201348 
7689.436116  	0.202278 
7690.867775  	0.200293 
7692.299433  	0.211015 
7693.731091  	0.219814 
7695.162749  	0.214696 
7696.594407  	0.213675 
7698.026065  	0.208517 
7699.457724  	0.206848 
7700.889382  	0.217648 
7702.321040  	0.216444 
7703.752698  	0.215788 
7705.184356  	0.227567 
7706.616015  	0.215960 
7708.047673  	0.188147 
7709.479331  	0.179021 
7710.910989  	0.192851 
7712.342647  	0.213141 
7713.774306  	0.216392 
7715.205964  	0.203814 
7716.637622  	0.206060 
7718.069280  	0.213958 
7719.500938  	0.197396 
7720.932596  	0.182222 
7722.364255  	0.196903 
7723.795913  	0.210272 
7725.227571  	0.208454 
7726.659229  	0.215790 
7728.090887  	0.207478 
7729.522546  	0.181699 
7730.954204  	0.190450 
7732.385862  	0.219877 
7733.817520  	0.220910 
7735.249178  	0.220093 
7736.680837  	0.221440 
7738.112495  	0.215471 
7739.544153  	0.214812 
7740.975811  	0.205348 
7742.407469  	0.193445 
7743.839127  	0.204832 
7745.270786  	0.213775 
7746.702444  	0.217041 
7748.134102  	0.231206 
7749.565760  	0.229355 
7750.997418  	0.210722 
7752.429077  	0.205818 
7753.860735  	0.203748 
7755.292393  	0.200037 
7756.724051  	0.202065 
7758.155709  	0.211423 
7759.587367  	0.218219 
7761.019026  	0.207282 
7762.450684  	0.199172 
7763.882342  	0.223750 
7765.314000  	0.238081 
7766.745658  	0.221648 
7768.177317  	0.212469 
7769.608975  	0.221621 
7771.040633  	0.216639 
7772.472291  	0.195000 
7773.903949  	0.198764 
7775.335608  	0.226244 
7776.767266  	0.214330 
7778.198924  	0.189696 
7779.630582  	0.192591 
7781.062240  	0.183097 
7782.493898  	0.172770 
7783.925557  	0.193897 
7785.357215  	0.211220 
7786.788873  	0.216751 
7788.220531  	0.214356 
7789.652189  	0.184921 
7791.083848  	0.166330 
7792.515506  	0.183911 
7793.947164  	0.203814 
7795.378822  	0.217717 
7796.810480  	0.221354 
7798.242138  	0.195199 
7799.673797  	0.181831 
7801.105455  	0.212224 
7802.537113  	0.230877 
7803.968771  	0.202262 
7805.400429  	0.186441 
7806.832088  	0.212333 
7808.263746  	0.235050 
7809.695404  	0.230162 
7811.127062  	0.215672 
7812.558720  	0.207100 
7813.990379  	0.199545 
7815.422037  	0.194455 
7816.853695  	0.197415 
7818.285353  	0.191989 
7819.717011  	0.184412 
7821.148669  	0.200140 
7822.580328  	0.218782 
7824.011986  	0.216262 
7825.443644  	0.212622 
7826.875302  	0.213801 
7828.306960  	0.219236 
7829.738619  	0.221794 
7831.170277  	0.199993 
7832.601935  	0.189677 
7834.033593  	0.211247 
7835.465251  	0.207194 
7836.896910  	0.192724 
7838.328568  	0.208904 
7839.760226  	0.215349 
7841.191884  	0.211680 
7842.623542  	0.215242 
7844.055200  	0.194577 
7845.486859  	0.189040 
7846.918517  	0.218541 
7848.350175  	0.205469 
7849.781833  	0.168626 
7851.213491  	0.185339 
7852.645150  	0.232518 
7854.076808  	0.258780 
7855.508466  	0.255510 
7856.940124  	0.243869 
7858.371782  	0.243002 
7859.803440  	0.218002 
7861.235099  	0.170099 
7862.666757  	0.173201 
7864.098415  	0.208398 
7865.530073  	0.206745 
7866.961731  	0.196737 
7868.393390  	0.199266 
7869.825048  	0.193687 
7871.256706  	0.192621 
7872.688364  	0.198635 
7874.120022  	0.207232 
7875.551681  	0.223872 
7876.983339  	0.236316 
7878.414997  	0.229068 
7879.846655  	0.208084 
7881.278313  	0.197635 
7882.709971  	0.205532 
7884.141630  	0.208057 
7885.573288  	0.194609 
7887.004946  	0.190306 
7888.436604  	0.200290 
7889.868262  	0.210769 
7891.299921  	0.221453 
7892.731579  	0.220619 
7894.163237  	0.206539 
7895.594895  	0.192873 
7897.026553  	0.177983 
7898.458212  	0.179159 
7899.889870  	0.219296 