##TITLE=No Description
##DATA TYPE=INFRARED SPECTRUM
##XUNITS=1/CM
##YUNITS=%T
349.324597  	72.861199 
350.756256  	341.398040 
352.187914  	253.345092 
353.619572  	142.721262 
355.051230  	134.374426 
356.482888  	127.719190 
357.914546  	122.327298 
359.346205  	119.545241 
360.777863  	128.129914 
362.209521  	125.886864 
363.641179  	104.339230 
365.072837  	84.950697 
366.504496  	80.341559 
367.936154  	86.028112 
369.367812  	88.858759 
370.799470  	92.334040 
372.231128  	102.432283 
373.662787  	105.904149 
375.094445  	86.694551 
376.526103  	81.412384 
377.957761  	87.325381 
379.389419  	87.373859 
380.821077  	88.631606 
382.252736  	95.521573 
383.684394  	91.363907 
385.116052  	81.605456 
386.547710  	82.104350 
387.979368  	82.721853 
389.411027  	79.031238 
390.842685  	79.728335 
392.274343  	84.378848 
393.706001  	88.267008 
395.137659  	83.845543 
396.569317  	76.388200 
398.000976  	76.486645 
399.432634  	82.235308 
400.864292  	82.928769 
402.295950  	80.447761 
403.727608  	80.807743 
405.159267  	84.761252 
406.590925  	85.823738 
408.022583  	82.052876 
409.454241  	79.213959 
410.885899  	81.344709 
412.317558  	83.677193 
413.749216  	83.091376 
415.180874  	84.185560 
416.612532  	86.524549 
418.044190  	87.337216 
419.475848  	88.158627 
420.907507  	87.073899 
422.339165  	86.431251 
423.770823  	89.658511 
425.202481  	91.418084 
426.634139  	89.970851 
428.065798  	90.671014 
429.497456  	90.890892 
430.929114  	89.809528 
432.360772  	91.035824 
433.792430  	91.469055 
435.224089  	89.710497 
436.655747  	89.104187 
438.087405  	89.447954 
439.519063  	89.983007 
440.950721  	90.419867 
442.382379  	89.242749 
443.814038  	88.305552 
445.245696  	89.077734 
446.677354  	89.510523 
448.109012  	89.133385 
449.540670  	88.995663 
450.972329  	89.163594 
452.403987  	90.359943 
453.835645  	91.414910 
455.267303  	90.374783 
456.698961  	88.904654 
458.130619  	88.802835 
459.562278  	88.898750 
460.993936  	88.103764 
462.425594  	86.866441 
463.857252  	86.564821 
465.288910  	87.150373 
466.720569  	86.261901 
468.152227  	84.449701 
469.583885  	84.622224 
471.015543  	85.203546 
472.447201  	85.238832 
473.878860  	85.911213 
475.310518  	85.743191 
476.742176  	84.966295 
478.173834  	85.114347 
479.605492  	85.126664 
481.037150  	84.744269 
482.468809  	84.594435 
483.900467  	84.112922 
485.332125  	83.816168 
486.763783  	83.501558 
488.195441  	82.071445 
489.627100  	80.994329 
491.058758  	81.146321 
492.490416  	81.158177 
493.922074  	81.260012 
495.353732  	81.929461 
496.785391  	82.176342 
498.217049  	81.859866 
499.648707  	81.655149 
501.080365  	81.676348 
502.512023  	82.258894 
503.943681  	83.153755 
505.375340  	83.039075 
506.806998  	82.277168 
508.238656  	82.564933 
509.670314  	83.209069 
511.101972  	83.103402 
512.533631  	82.889799 
513.965289  	82.618241 
515.396947  	82.317833 
516.828605  	82.375563 
518.260263  	81.870219 
519.691921  	80.926094 
521.123580  	80.633148 
522.555238  	80.282871 
523.986896  	79.269133 
525.418554  	78.171416 
526.850212  	77.308661 
528.281871  	76.322360 
529.713529  	74.981499 
531.145187  	73.819767 
532.576845  	72.866399 
534.008503  	71.348794 
535.440162  	69.759011 
536.871820  	68.545318 
538.303478  	66.794147 
539.735136  	64.642717 
541.166794  	62.733617 
542.598452  	60.757479 
544.030111  	58.548069 
545.461769  	56.053668 
546.893427  	53.534952 
548.325085  	51.474941 
549.756743  	49.575212 
551.188402  	48.017999 
552.620060  	47.249446 
554.051718  	47.074784 
555.483376  	47.857312 
556.915034  	49.542660 
558.346692  	51.519376 
559.778351  	53.781514 
561.210009  	55.999283 
562.641667  	58.275094 
564.073325  	61.722487 
565.504983  	66.606590 
566.936642  	72.400412 
568.368300  	78.352303 
569.799958  	83.109717 
571.231616  	85.390219 
572.663274  	85.410569 
574.094933  	84.631407 
575.526591  	83.899490 
576.958249  	83.901717 
578.389907  	84.645756 
579.821565  	85.240555 
581.253223  	85.807079 
582.684882  	86.592282 
584.116540  	87.072791 
585.548198  	87.531512 
586.979856  	88.302568 
588.411514  	88.918922 
589.843173  	89.367750 
591.274831  	89.833984 
592.706489  	90.255941 
594.138147  	90.697156 
595.569805  	91.111671 
597.001464  	91.356695 
598.433122  	91.418222 
599.864780  	91.397377 
601.296438  	91.462336 
602.728096  	91.630403 
604.159754  	91.794651 
605.591413  	91.900020 
607.023071  	91.937993 
608.454729  	91.898747 
609.886387  	91.758514 
611.318045  	91.655925 
612.749704  	91.653864 
614.181362  	91.522247 
615.613020  	91.342395 
617.044678  	91.436265 
618.476336  	91.680789 
619.907994  	91.743280 
621.339653  	91.460805 
622.771311  	90.938266 
624.202969  	90.450140 
625.634627  	90.125459 
627.066285  	89.985901 
628.497944  	89.737611 
629.929602  	89.054041 
631.361260  	88.456907 
632.792918  	88.426744 
634.224576  	88.519547 
635.656235  	88.652126 
637.087893  	89.169285 
638.519551  	89.769606 
639.951209  	90.167440 
641.382867  	90.358050 
642.814525  	90.385334 
644.246184  	90.429195 
645.677842  	90.460373 
647.109500  	90.412250 
648.541158  	90.475526 
649.972816  	90.564740 
651.404475  	90.433536 
652.836133  	90.219777 
654.267791  	90.051256 
655.699449  	89.891049 
657.131107  	89.889837 
658.562766  	89.945974 
659.994424  	89.703686 
661.426082  	89.449982 
662.857740  	89.546782 
664.289398  	89.550257 
665.721056  	89.202726 
667.152715  	88.913894 
668.584373  	89.065679 
670.016031  	88.924104 
671.447689  	88.488985 
672.879347  	88.164111 
674.311006  	88.000038 
675.742664  	87.717786 
677.174322  	87.372336 
678.605980  	87.037311 
680.037638  	86.490366 
681.469296  	85.760496 
682.900955  	85.036304 
684.332613  	84.279536 
685.764271  	83.440902 
687.195929  	82.770177 
688.627587  	82.633521 
690.059246  	82.554266 
691.490904  	81.986724 
692.922562  	81.425252 
694.354220  	80.918097 
695.785878  	80.038617 
697.217537  	79.049872 
698.649195  	78.235021 
700.080853  	77.609327 
701.512511  	77.053167 
702.944169  	76.346343 
704.375827  	75.682568 
705.807486  	75.262495 
707.239144  	75.272606 
708.670802  	75.861874 
710.102460  	76.531181 
711.534118  	77.176683 
712.965777  	77.993313 
714.397435  	78.723569 
715.829093  	79.506643 
717.260751  	80.216761 
718.692409  	80.364134 
720.124067  	80.227974 
721.555726  	79.844015 
722.987384  	79.014265 
724.419042  	78.255374 
725.850700  	77.763088 
727.282358  	77.425269 
728.714017  	77.266467 
730.145675  	77.028767 
731.577333  	76.772308 
733.008991  	76.732566 
734.440649  	76.790843 
735.872308  	76.970170 
737.303966  	77.147790 
738.735624  	76.969182 
740.167282  	76.391459 
741.598940  	75.538725 
743.030598  	74.569285 
744.462257  	73.481609 
745.893915  	72.254415 
747.325573  	71.206834 
748.757231  	70.321072 
750.188889  	69.329527 
751.620548  	68.305772 
753.052206  	67.249379 
754.483864  	66.138472 
755.915522  	65.068188 
757.347180  	64.099596 
758.778839  	63.353015 
760.210497  	62.759351 
761.642155  	62.170712 
763.073813  	61.492913 
764.505471  	60.665926 
765.937129  	60.016077 
767.368788  	59.853393 
768.800446  	60.363443 
770.232104  	61.795615 
771.663762  	63.813515 
773.095420  	66.050258 
774.527079  	68.507221 
775.958737  	70.909790 
777.390395  	73.065398 
778.822053  	74.934420 
780.253711  	76.360197 
781.685369  	77.455380 
783.117028  	78.374990 
784.548686  	79.054163 
785.980344  	79.457980 
787.412002  	79.581786 
788.843660  	79.620917 
790.275319  	79.727535 
791.706977  	79.694456 
793.138635  	79.514986 
794.570293  	79.147804 
796.001951  	78.291404 
797.433610  	77.040947 
798.865268  	75.451390 
800.296926  	73.359461 
801.728584  	70.907497 
803.160242  	68.128904 
804.591900  	65.099020 
806.023559  	62.094790 
807.455217  	59.225994 
808.886875  	56.653698 
810.318533  	54.352328 
811.750191  	52.386569 
813.181850  	51.181006 
814.613508  	50.742852 
816.045166  	50.904855 
817.476824  	51.414838 
818.908482  	51.721724 
820.340141  	51.476284 
821.771799  	50.492381 
823.203457  	48.758771 
824.635115  	46.547840 
826.066773  	44.327026 
827.498431  	42.947320 
828.930090  	42.852789 
830.361748  	43.876233 
831.793406  	45.969421 
833.225064  	48.749630 
834.656722  	51.911781 
836.088381  	55.366943 
837.520039  	58.539494 
838.951697  	61.217408 
840.383355  	63.567932 
841.815013  	65.451095 
843.246671  	67.074386 
844.678330  	68.807834 
846.109988  	70.587904 
847.541646  	72.422338 
848.973304  	74.509495 
850.404962  	76.893097 
851.836621  	79.348854 
853.268279  	81.689759 
854.699937  	83.945938 
856.131595  	85.945799 
857.563253  	87.471895 
858.994912  	88.645798 
860.426570  	89.515503 
861.858228  	90.005384 
863.289886  	90.185437 
864.721544  	90.089151 
866.153202  	89.823371 
867.584861  	89.427010 
869.016519  	88.717812 
870.448177  	87.806972 
871.879835  	86.749013 
873.311493  	85.357533 
874.743152  	83.784521 
876.174810  	82.078881 
877.606468  	80.173180 
879.038126  	78.184654 
880.469784  	76.026946 
881.901443  	73.806400 
883.333101  	71.801450 
884.764759  	70.159308 
886.196417  	69.207632 
887.628075  	69.118236 
889.059733  	70.115977 
890.491392  	72.555235 
891.923050  	76.183935 
893.354708  	80.366822 
894.786366  	84.358382 
896.218024  	87.401077 
897.649683  	89.344137 
899.081341  	90.513108 
900.512999  	91.066558 
901.944657  	91.240471 
903.376315  	91.268592 
904.807973  	91.163255 
906.239632  	90.952911 
907.671290  	90.595722 
909.102948  	90.106145 
910.534606  	89.588298 
911.966264  	88.997952 
913.397923  	88.315630 
914.829581  	87.577365 
916.261239  	86.902945 
917.692897  	86.470146 
919.124555  	86.319653 
920.556214  	86.530024 
921.987872  	87.031076 
923.419530  	87.529370 
924.851188  	87.902954 
926.282846  	88.034854 
927.714504  	87.847766 
929.146163  	87.449107 
930.577821  	86.771270 
932.009479  	85.923839 
933.441137  	85.272820 
934.872795  	84.858901 
936.304454  	84.636614 
937.736112  	84.535193 
939.167770  	84.365215 
940.599428  	84.094672 
942.031086  	83.756516 
943.462744  	83.555479 
944.894403  	83.714162 
946.326061  	83.979271 
947.757719  	84.153531 
949.189377  	84.338322 
950.621035  	84.429897 
952.052694  	84.285960 
953.484352  	83.893442 
954.916010  	83.289937 
956.347668  	82.637562 
957.779326  	82.079408 
959.210985  	81.707893 
960.642643  	81.524410 
962.074301  	81.440516 
963.505959  	81.449973 
964.937617  	81.496579 
966.369275  	81.473109 
967.800934  	81.358608 
969.232592  	81.164722 
970.664250  	80.952899 
972.095908  	80.693077 
973.527566  	80.299942 
974.959225  	79.841780 
976.390883  	79.295573 
977.822541  	78.632001 
979.254199  	77.947198 
980.685857  	77.165597 
982.117516  	76.234454 
983.549174  	75.159737 
984.980832  	73.858196 
986.412490  	72.366053 
987.844148  	70.669334 
989.275806  	68.802384 
990.707465  	66.986703 
992.139123  	65.334835 
993.570781  	64.030111 
995.002439  	63.038160 
996.434097  	61.959881 
997.865756  	60.460971 
999.297414  	57.982909 
1000.729072  	54.221273 
1002.160730  	49.767862 
1003.592388  	45.536659 
1005.024046  	42.578241 
1006.455705  	41.235175 
1007.887363  	40.773960 
1009.319021  	40.078390 
1010.750679  	37.236958 
1012.182337  	31.912393 
1013.613996  	28.244170 
1015.045654  	30.977082 
1016.477312  	40.212960 
1017.908970  	51.869700 
1019.340628  	62.383672 
1020.772287  	70.529041 
1022.203945  	76.449489 
1023.635603  	81.000031 
1025.067261  	84.471721 
1026.498919  	86.644757 
1027.930577  	87.687604 
1029.362236  	87.988213 
1030.793894  	87.865058 
1032.225552  	87.553252 
1033.657210  	87.094996 
1035.088868  	86.494498 
1036.520527  	85.857338 
1037.952185  	85.171677 
1039.383843  	84.499802 
1040.815501  	83.975031 
1042.247159  	83.447991 
1043.678818  	82.838551 
1045.110476  	82.199485 
1046.542134  	81.518197 
1047.973792  	80.871516 
1049.405450  	80.182386 
1050.837108  	79.358402 
1052.268767  	78.477659 
1053.700425  	77.544920 
1055.132083  	76.799397 
1056.563741  	76.318588 
1057.995399  	75.755806 
1059.427058  	75.122370 
1060.858716  	74.415579 
1062.290374  	73.522264 
1063.722032  	72.569149 
1065.153690  	71.345734 
1066.585348  	69.819208 
1068.017007  	68.197519 
1069.448665  	66.198814 
1070.880323  	63.752545 
1072.311981  	60.767384 
1073.743639  	56.875636 
1075.175298  	51.899250 
1076.606956  	45.490528 
1078.038614  	39.007520 
1079.470272  	35.693335 
1080.901930  	37.079656 
1082.333589  	42.590802 
1083.765247  	50.197601 
1085.196905  	57.792165 
1086.628563  	64.121647 
1088.060221  	68.236499 
1089.491879  	69.944108 
1090.923538  	69.928264 
1092.355196  	68.825309 
1093.786854  	67.060453 
1095.218512  	64.806758 
1096.650170  	61.922757 
1098.081829  	58.751235 
1099.513487  	55.810589 
1100.945145  	53.704213 
1102.376803  	52.998201 
1103.808461  	53.213304 
1105.240120  	53.684978 
1106.671778  	53.928212 
1108.103436  	53.762016 
1109.535094  	53.872427 
1110.966752  	54.568824 
1112.398410  	55.559025 
1113.830069  	56.593087 
1115.261727  	57.245968 
1116.693385  	57.519850 
1118.125043  	57.534188 
1119.556701  	57.115620 
1120.988360  	56.495984 
1122.420018  	55.696271 
1123.851676  	54.584778 
1125.283334  	53.434462 
1126.714992  	52.070108 
1128.146650  	50.463211 
1129.578309  	48.880683 
1131.009967  	47.096926 
1132.441625  	45.224513 
1133.873283  	43.326562 
1135.304941  	41.239219 
1136.736600  	39.188926 
1138.168258  	36.947682 
1139.599916  	34.549138 
1141.031574  	32.302737 
1142.463232  	29.839062 
1143.894891  	27.403368 
1145.326549  	25.156067 
1146.758207  	22.795813 
1148.189865  	20.688612 
1149.621523  	18.617366 
1151.053181  	16.548941 
1152.484840  	14.934742 
1153.916498  	13.335537 
1155.348156  	12.027555 
1156.779814  	11.258873 
1158.211472  	10.665493 
1159.643131  	10.932336 
1161.074789  	12.171151 
1162.506447  	14.289081 
1163.938105  	17.693247 
1165.369763  	21.892104 
1166.801421  	26.806429 
1168.233080  	32.089183 
1169.664738  	36.401901 
1171.096396  	38.916456 
1172.528054  	38.813332 
1173.959712  	35.921628 
1175.391371  	31.699623 
1176.823029  	27.443307 
1178.254687  	23.888074 
1179.686345  	21.142479 
1181.118003  	18.393663 
1182.549662  	15.846990 
1183.981320  	13.820146 
1185.412978  	12.352199 
1186.844636  	12.129545 
1188.276294  	12.742700 
1189.707952  	13.860149 
1191.139611  	15.742935 
1192.571269  	17.884925 
1194.002927  	20.447643 
1195.434585  	23.459435 
1196.866243  	26.501487 
1198.297902  	29.928914 
1199.729560  	33.485535 
1201.161218  	36.899403 
1202.592876  	40.310547 
1204.024534  	43.015114 
1205.456193  	44.442952 
1206.887851  	44.138442 
1208.319509  	41.563909 
1209.751167  	37.380559 
1211.182825  	32.573240 
1212.614483  	27.981483 
1214.046142  	24.615009 
1215.477800  	22.285258 
1216.909458  	20.920081 
1218.341116  	20.616049 
1219.772774  	20.692990 
1221.204433  	21.279184 
1222.636091  	22.255473 
1224.067749  	23.258673 
1225.499407  	24.632742 
1226.931065  	25.979095 
1228.362723  	27.254503 
1229.794382  	28.791786 
1231.226040  	30.154207 
1232.657698  	31.578953 
1234.089356  	33.132288 
1235.521014  	34.450836 
1236.952673  	35.909268 
1238.384331  	37.342611 
1239.815989  	38.632467 
1241.247647  	40.118760 
1242.679305  	41.520392 
1244.110964  	43.007962 
1245.542622  	44.752319 
1246.974280  	46.487379 
1248.405938  	48.575634 
1249.837596  	50.984820 
1251.269254  	53.510792 
1252.700913  	56.409627 
1254.132571  	59.504917 
1255.564229  	62.755023 
1256.995887  	66.191844 
1258.427545  	69.574691 
1259.859204  	72.999457 
1261.290862  	76.379337 
1262.722520  	79.437437 
1264.154178  	82.217073 
1265.585836  	84.688559 
1267.017495  	86.752142 
1268.449153  	88.445217 
1269.880811  	89.765280 
1271.312469  	90.730816 
1272.744127  	91.437024 
1274.175785  	91.884469 
1275.607444  	92.097549 
1277.039102  	92.077655 
1278.470760  	91.767948 
1279.902418  	91.331339 
1281.334076  	90.842156 
1282.765735  	90.220722 
1284.197393  	89.566356 
1285.629051  	88.918675 
1287.060709  	88.296159 
1288.492367  	87.789913 
1289.924025  	87.439638 
1291.355684  	87.357427 
1292.787342  	87.611324 
1294.219000  	88.205288 
1295.650658  	89.166006 
1297.082316  	90.364446 
1298.513975  	91.578981 
1299.945633  	92.749325 
1301.377291  	93.793676 
1302.808949  	94.587774 
1304.240607  	95.081530 
1305.672266  	95.165147 
1307.103924  	94.927068 
1308.535582  	94.594138 
1309.967240  	94.497720 
1311.398898  	95.019765 
1312.830556  	96.068403 
1314.262215  	97.241263 
1315.693873  	98.311730 
1317.125531  	99.088464 
1318.557189  	99.572418 
1319.988847  	99.950844 
1321.420506  	100.156892 
1322.852164  	100.297739 
1324.283822  	100.442129 
1325.715480  	100.510971 
1327.147138  	100.639635 
1328.578796  	100.732094 
1330.010455  	100.730794 
1331.442113  	100.780921 
1332.873771  	100.771910 
1334.305429  	100.768541 
1335.737087  	100.797453 
1337.168746  	100.712470 
1338.600404  	100.667288 
1340.032062  	100.599678 
1341.463720  	100.466217 
1342.895378  	100.383944 
1344.327037  	100.121497 
1345.758695  	99.777243 
1347.190353  	99.443930 
1348.622011  	98.948783 
1350.053669  	98.539996 
1351.485327  	98.193419 
1352.916986  	97.833558 
1354.348644  	97.646737 
1355.780302  	97.389701 
1357.211960  	97.027692 
1358.643618  	96.325991 
1360.075277  	94.590824 
1361.506935  	91.875555 
1362.938593  	88.709362 
1364.370251  	87.190910 
1365.801909  	88.254606 
1367.233568  	90.780574 
1368.665226  	93.626435 
1370.096884  	95.760208 
1371.528542  	96.968377 
1372.960200  	97.563866 
1374.391858  	97.938690 
1375.823517  	98.132584 
1377.255175  	98.229819 
1378.686833  	98.191893 
1380.118491  	97.819024 
1381.550149  	97.116183 
1382.981808  	95.825373 
1384.413466  	94.355390 
1385.845124  	93.345321 
1387.276782  	93.222694 
1388.708440  	94.175982 
1390.140098  	95.360101 
1391.571757  	96.555528 
1393.003415  	97.379082 
1394.435073  	97.634570 
1395.866731  	97.700838 
1397.298389  	97.591469 
1398.730048  	97.092516 
1400.161706  	96.386484 
1401.593364  	95.526417 
1403.025022  	94.327352 
1404.456680  	92.752532 
1405.888339  	90.760018 
1407.319997  	89.029276 
1408.751655  	88.193082 
1410.183313  	88.118944 
1411.614971  	89.082018 
1413.046629  	90.895407 
1414.478288  	92.780062 
1415.909946  	94.645684 
1417.341604  	96.073712 
1418.773262  	96.979338 
1420.204920  	97.967781 
1421.636579  	98.519300 
1423.068237  	98.847695 
1424.499895  	99.267730 
1425.931553  	99.465195 
1427.363211  	99.673126 
1428.794870  	99.873050 
1430.226528  	99.865754 
1431.658186  	99.992657 
1433.089844  	99.983911 
1434.521502  	99.870292 
1435.953160  	99.808334 
1437.384819  	99.262460 
1438.816477  	98.902089 
1440.248135  	98.496219 
1441.679793  	97.641833 
1443.111451  	96.936706 
1444.543110  	96.106574 
1445.974768  	95.103855 
1447.406426  	94.232287 
1448.838084  	93.358857 
1450.269742  	93.320235 
1451.701400  	93.874474 
1453.133059  	94.297518 
1454.564717  	94.562356 
1455.996375  	94.493494 
1457.428033  	93.477937 
1458.859691  	92.623104 
1460.291350  	91.498783 
1461.723008  	90.384729 
1463.154666  	89.664299 
1464.586324  	89.147595 
1466.017982  	89.458400 
1467.449641  	89.847473 
1468.881299  	90.219727 
1470.312957  	90.813863 
1471.744615  	91.001644 
1473.176273  	91.285396 
1474.607931  	91.714028 
1476.039590  	91.487829 
1477.471248  	91.368895 
1478.902906  	91.097174 
1480.334564  	90.353903 
1481.766222  	89.600546 
1483.197881  	88.346131 
1484.629539  	86.704760 
1486.061197  	85.020179 
1487.492855  	82.469151 
1488.924513  	79.726027 
1490.356172  	76.861434 
1491.787830  	72.670633 
1493.219488  	69.121853 
1494.651146  	65.603421 
1496.082804  	60.882046 
1497.514462  	56.616218 
1498.946121  	52.692063 
1500.377779  	49.197471 
1501.809437  	47.648701 
1503.241095  	46.850841 
1504.672753  	46.978231 
1506.104412  	49.700253 
1507.536070  	55.579597 
1508.967728  	61.437584 
1510.399386  	67.068448 
1511.831044  	72.775137 
1513.262702  	78.431324 
1514.694361  	82.783709 
1516.126019  	85.912699 
1517.557677  	89.131975 
1518.989335  	91.198493 
1520.420993  	92.056749 
1521.852652  	93.434469 
1523.284310  	94.602357 
1524.715968  	95.089069 
1526.147626  	95.936894 
1527.579284  	96.561322 
1529.010943  	96.941432 
1530.442601  	97.535886 
1531.874259  	97.913996 
1533.305917  	98.366908 
1534.737575  	99.105580 
1536.169233  	99.473857 
1537.600892  	99.876855 
1539.032550  	100.211025 
1540.464208  	100.372441 
1541.895866  	100.863548 
1543.327524  	101.021313 
1544.759183  	101.199331 
1546.190841  	101.427499 
1547.622499  	101.469116 
1549.054157  	101.601456 
1550.485815  	101.682189 
1551.917473  	101.701968 
1553.349132  	101.816546 
1554.780790  	101.787273 
1556.212448  	101.834808 
1557.644106  	101.899350 
1559.075764  	101.422237 
1560.507423  	101.536841 
1561.939081  	101.544458 
1563.370739  	101.326557 
1564.802397  	101.092981 
1566.234055  	100.646076 
1567.665714  	100.162267 
1569.097372  	99.601327 
1570.529030  	99.206050 
1571.960688  	99.654081 
1573.392346  	100.243893 
1574.824004  	100.542698 
1576.255663  	100.497852 
1577.687321  	100.299141 
1579.118979  	100.100103 
1580.550637  	99.717943 
1581.982295  	99.097489 
1583.413954  	98.438311 
1584.845612  	97.692775 
1586.277270  	97.043347 
1587.708928  	96.544511 
1589.140586  	95.936490 
1590.572245  	95.452306 
1592.003903  	95.174583 
1593.435561  	95.130757 
1594.867219  	95.407823 
1596.298877  	95.689966 
1597.730535  	95.830803 
1599.162194  	95.756998 
1600.593852  	95.510180 
1602.025510  	95.405051 
1603.457168  	95.438811 
1604.888826  	95.681153 
1606.320485  	96.216206 
1607.752143  	96.870819 
1609.183801  	97.646598 
1610.615459  	98.405339 
1612.047117  	99.066542 
1613.478775  	99.637920 
1614.910434  	100.069195 
1616.342092  	100.363516 
1617.773750  	100.540867 
1619.205408  	100.726630 
1620.637066  	100.887622 
1622.068725  	100.952450 
1623.500383  	100.939624 
1624.932041  	100.970505 
1626.363699  	101.010544 
1627.795357  	100.944549 
1629.227016  	100.846506 
1630.658674  	100.878403 
1632.090332  	100.937057 
1633.521990  	100.929174 
1634.953648  	100.840322 
1636.385306  	100.746608 
1637.816965  	100.882707 
1639.248623  	101.033979 
1640.680281  	101.070311 
1642.111939  	101.052611 
1643.543597  	101.100558 
1644.975256  	101.113057 
1646.406914  	100.982773 
1647.838572  	100.898022 
1649.270230  	100.999424 
1650.701888  	101.080303 
1652.133547  	101.050193 
1653.565205  	100.903103 
1654.996863  	101.066631 
1656.428521  	101.134898 
1657.860179  	101.173115 
1659.291837  	101.237227 
1660.723496  	101.217314 
1662.155154  	101.180150 
1663.586812  	101.281436 
1665.018470  	101.380803 
1666.450128  	101.407972 
1667.881787  	101.360946 
1669.313445  	101.308172 
1670.745103  	101.422194 
1672.176761  	101.530867 
1673.608419  	101.598106 
1675.040077  	101.628665 
1676.471736  	101.589297 
1677.903394  	101.664653 
1679.335052  	101.660272 
1680.766710  	101.560656 
1682.198368  	101.634151 
1683.630027  	101.508826 
1685.061685  	101.223020 
1686.493343  	101.486056 
1687.925001  	101.467166 
1689.356659  	101.354851 
1690.788318  	101.345928 
1692.219976  	101.184680 
1693.651634  	101.034227 
1695.083292  	100.783801 
1696.514950  	100.391750 
1697.946608  	100.483993 
1699.378267  	100.327805 
1700.809925  	99.937968 
1702.241583  	100.020627 
1703.673241  	99.780118 
1705.104899  	99.510581 
1706.536558  	99.326942 
1707.968216  	98.986433 
1709.399874  	98.778494 
1710.831532  	98.466868 
1712.263190  	98.054390 
1713.694849  	97.807977 
1715.126507  	97.392220 
1716.558165  	97.081642 
1717.989823  	96.883146 
1719.421481  	96.353624 
1720.853139  	96.191438 
1722.284798  	95.836234 
1723.716456  	95.188262 
1725.148114  	94.876297 
1726.579772  	94.369363 
1728.011430  	93.808580 
1729.443089  	93.499984 
1730.874747  	92.892323 
1732.306405  	92.504645 
1733.738063  	92.219636 
1735.169721  	91.497139 
1736.601379  	91.249347 
1738.033038  	90.614806 
1739.464696  	89.722337 
1740.896354  	89.245264 
1742.328012  	88.332232 
1743.759670  	87.448288 
1745.191329  	86.549308 
1746.622987  	85.012263 
1748.054645  	83.659615 
1749.486303  	81.990546 
1750.917961  	79.715763 
1752.349620  	77.498173 
1753.781278  	74.517299 
1755.212936  	71.422431 
1756.644594  	67.914979 
1758.076252  	62.915361 
1759.507910  	58.480751 
1760.939569  	54.185323 
1762.371227  	48.757133 
1763.802885  	44.686920 
1765.234543  	41.827135 
1766.666201  	39.336626 
1768.097860  	38.603521 
1769.529518  	38.556847 
1770.961176  	38.623986 
1772.392834  	40.773518 
1773.824492  	42.954212 
1775.256150  	44.712001 
1776.687809  	47.580610 
1778.119467  	50.034857 
1779.551125  	52.639466 
1780.982783  	56.320226 
1782.414441  	59.226079 
1783.846100  	62.230746 
1785.277758  	65.927622 
1786.709416  	69.065639 
1788.141074  	72.438792 
1789.572732  	75.626723 
1791.004391  	78.383039 
1792.436049  	82.268052 
1793.867707  	85.315330 
1795.299365  	87.533428 
1796.731023  	90.126995 
1798.162681  	91.804408 
1799.594340  	93.460074 
1801.025998  	95.208669 
1802.457656  	96.050419 
1803.889314  	97.264163 
1805.320972  	98.084085 
1806.752631  	98.501737 
1808.184289  	99.390874 
1809.615947  	99.655598 
1811.047605  	99.969860 
1812.479263  	100.623214 
1813.910922  	100.670896 
1815.342580  	101.085451 
1816.774238  	101.367992 
1818.205896  	101.266729 
1819.637554  	101.685042 
1821.069212  	101.618960 
1822.500871  	101.581226 
1823.932529  	101.995862 
1825.364187  	101.829319 
1826.795845  	102.057139 
1828.227503  	102.321820 
1829.659162  	102.073589 
1831.090820  	102.413455 
1832.522478  	102.444772 
1833.954136  	102.382797 
1835.385794  	102.694915 
1836.817452  	102.535513 
1838.249111  	102.647909 
1839.680769  	102.861990 
1841.112427  	102.607836 
1842.544085  	102.827644 
1843.975743  	102.836084 
1845.407402  	102.612617 
1846.839060  	102.982715 
1848.270718  	102.823012 
1849.702376  	102.815374 
1851.134034  	103.057295 
1852.565693  	102.789799 
1853.997351  	102.978859 
1855.429009  	103.097551 
1856.860667  	102.793058 
1858.292325  	103.045447 
1859.723983  	103.050830 
1861.155642  	102.903537 
1862.587300  	103.121503 
1864.018958  	103.039662 
1865.450616  	103.082325 
1866.882274  	103.029002 
1868.313933  	102.727681 
1869.745591  	103.084690 
1871.177249  	103.070069 
1872.608907  	102.918107 
1874.040565  	103.144124 
1875.472224  	102.961264 
1876.903882  	102.906827 
1878.335540  	102.945293 
1879.767198  	102.711625 
1881.198856  	102.948234 
1882.630514  	102.921389 
1884.062173  	102.584017 
1885.493831  	102.694418 
1886.925489  	102.578555 
1888.357147  	102.484738 
1889.788805  	102.409348 
1891.220464  	101.996756 
1892.652122  	102.089956 
1894.083780  	102.013491 
1895.515438  	101.666832 
1896.947096  	101.925871 
1898.378754  	102.005131 
1899.810413  	101.995840 
1901.242071  	102.082028 
1902.673729  	101.870211 
1904.105387  	102.098204 
1905.537045  	102.344524 
1906.968704  	102.290129 
1908.400362  	102.537347 
1909.832020  	102.482187 
1911.263678  	102.625858 
1912.695336  	103.063525 
1914.126995  	102.840387 
1915.558653  	103.009869 
1916.990311  	103.461075 
1918.421969  	103.327751 
1919.853627  	103.491646 
1921.285285  	103.443754 
1922.716944  	103.265026 
1924.148602  	103.517970 
1925.580260  	103.282873 
1927.011918  	103.303779 
1928.443576  	103.613860 
1929.875235  	103.366493 
1931.306893  	103.468211 
1932.738551  	103.456382 
1934.170209  	103.192912 
1935.601867  	103.484525 
1937.033525  	103.419485 
1938.465184  	103.480151 
1939.896842  	103.869896 
1941.328500  	103.620069 
1942.760158  	103.673170 
1944.191816  	103.610058 
1945.623475  	103.214221 
1947.055133  	103.596629 
1948.486791  	103.579665 
1949.918449  	103.313735 
1951.350107  	103.433913 
1952.781766  	103.167535 
1954.213424  	103.443523 
1955.645082  	103.672333 
1957.076740  	103.216787 
1958.508398  	103.447349 
1959.940056  	103.327653 
1961.371715  	103.119230 
1962.803373  	103.563409 
1964.235031  	103.092056 
1965.666689  	102.981158 
1967.098347  	103.300910 
1968.530006  	102.929453 
1969.961664  	103.260617 
1971.393322  	103.139338 
1972.824980  	102.796596 
1974.256638  	103.517512 
1975.688297  	103.444374 
1977.119955  	103.426874 
1978.551613  	103.543987 
1979.983271  	102.785944 
1981.414929  	103.137232 
1982.846587  	103.444839 
1984.278246  	103.216449 
1985.709904  	103.525159 
1987.141562  	103.182900 
1988.573220  	103.371893 
1990.004878  	104.074253 
1991.436537  	103.448294 
1992.868195  	103.539778 
1994.299853  	103.954504 
1995.731511  	103.379821 
1997.163169  	103.491599 
1998.594827  	103.566876 
2000.026486  	103.356256 
2001.458144  	103.445879 
2002.889802  	102.924243 
2004.321460  	102.829550 
2005.753118  	103.028637 
2007.184777  	102.806200 
2008.616435  	103.171682 
2010.048093  	102.885106 
2011.479751  	102.631499 
2012.911409  	103.473405 
2014.343068  	103.477282 
2015.774726  	103.436476 
2017.206384  	103.323378 
2018.638042  	102.523598 
2020.069700  	103.236919 
2021.501358  	103.790922 
2022.933017  	103.166286 
2024.364675  	103.188424 
2025.796333  	102.804782 
2027.227991  	102.751304 
2028.659649  	103.343681 
2030.091308  	102.937092 
2031.522966  	102.973517 
2032.954624  	103.204566 
2034.386282  	102.937278 
2035.817940  	103.187071 
2037.249599  	102.907527 
2038.681257  	102.676373 
2040.112915  	102.886379 
2041.544573  	102.620961 
2042.976231  	102.914872 
2044.407889  	103.123708 
2045.839548  	102.726207 
2047.271206  	102.865082 
2048.702864  	102.745727 
2050.134522  	102.664268 
2051.566180  	103.031959 
2052.997839  	103.015416 
2054.429497  	103.113135 
2055.861155  	102.997864 
2057.292813  	102.664558 
2058.724471  	103.045879 
2060.156129  	103.146172 
2061.587788  	103.080766 
2063.019446  	103.369647 
2064.451104  	102.953053 
2065.882762  	102.763398 
2067.314420  	103.209581 
2068.746079  	103.276706 
2070.177737  	103.436080 
2071.609395  	103.390811 
2073.041053  	103.102887 
2074.472711  	103.372149 
2075.904370  	103.434478 
2077.336028  	103.204627 
2078.767686  	103.149454 
2080.199344  	103.093519 
2081.631002  	103.279702 
2083.062660  	103.277719 
2084.494319  	103.046913 
2085.925977  	103.210126 
2087.357635  	103.272047 
2088.789293  	103.268066 
2090.220951  	103.414676 
2091.652610  	103.357158 
2093.084268  	103.516714 
2094.515926  	103.673749 
2095.947584  	103.556516 
2097.379242  	103.773949 
2098.810901  	103.917462 
2100.242559  	103.815081 
2101.674217  	103.717783 
2103.105875  	103.509753 
2104.537533  	103.650501 
2105.969191  	103.794812 
2107.400850  	103.549052 
2108.832508  	103.461670 
2110.264166  	103.370965 
2111.695824  	103.471243 
2113.127482  	103.791269 
2114.559141  	103.658046 
2115.990799  	103.634120 
2117.422457  	103.788023 
2118.854115  	103.692311 
2120.285773  	103.770632 
2121.717431  	103.670106 
2123.149090  	103.638777 
2124.580748  	104.031639 
2126.012406  	103.789460 
2127.444064  	103.536326 
2128.875722  	103.825999 
2130.307381  	103.696509 
2131.739039  	103.646443 
2133.170697  	103.588503 
2134.602355  	103.219851 
2136.034013  	103.530463 
2137.465672  	103.602107 
2138.897330  	103.238881 
2140.328988  	103.447137 
2141.760646  	103.510962 
2143.192304  	103.613870 
2144.623962  	103.757747 
2146.055621  	103.456284 
2147.487279  	103.499515 
2148.918937  	103.229702 
2150.350595  	102.765103 
2151.782253  	103.092395 
2153.213912  	103.090047 
2154.645570  	102.793150 
2156.077228  	102.242677 
2157.508886  	101.332600 
2158.940544  	101.867283 
2160.372202  	102.431933 
2161.803861  	102.202951 
2163.235519  	102.643908 
2164.667177  	102.564721 
2166.098835  	102.573841 
2167.530493  	102.984836 
2168.962152  	102.761601 
2170.393810  	102.843999 
2171.825468  	102.819821 
2173.257126  	102.543561 
2174.688784  	102.698764 
2176.120443  	102.156142 
2177.552101  	102.058693 
2178.983759  	102.972848 
2180.415417  	102.920313 
2181.847075  	102.628737 
2183.278733  	102.600939 
2184.710392  	102.456237 
2186.142050  	102.905517 
2187.573708  	102.864424 
2189.005366  	102.431547 
2190.437024  	102.624644 
2191.868683  	102.519381 
2193.300341  	102.380433 
2194.731999  	102.434669 
2196.163657  	102.333030 
2197.595315  	102.613614 
2199.026974  	102.602808 
2200.458632  	102.407368 
2201.890290  	102.784080 
2203.321948  	102.752817 
2204.753606  	102.593585 
2206.185264  	102.799618 
2207.616923  	102.718128 
2209.048581  	102.683529 
2210.480239  	102.695224 
2211.911897  	102.812116 
2213.343555  	103.095567 
2214.775214  	102.613188 
2216.206872  	102.131846 
2217.638530  	102.368396 
2219.070188  	102.552814 
2220.501846  	102.797411 
2221.933504  	102.848372 
2223.365163  	102.497806 
2224.796821  	102.331878 
2226.228479  	102.054907 
2227.660137  	101.952936 
2229.091795  	102.185487 
2230.523454  	102.085518 
2231.955112  	102.125866 
2233.386770  	102.315993 
2234.818428  	102.256726 
2236.250086  	102.338317 
2237.681745  	102.301455 
2239.113403  	102.249202 
2240.545061  	102.395160 
2241.976719  	102.288816 
2243.408377  	102.320456 
2244.840035  	102.426672 
2246.271694  	102.287839 
2247.703352  	102.436223 
2249.135010  	102.507241 
2250.566668  	102.404467 
2251.998326  	102.590705 
2253.429985  	102.615948 
2254.861643  	102.652981 
2256.293301  	102.920109 
2257.724959  	102.963180 
2259.156617  	102.983544 
2260.588276  	102.993162 
2262.019934  	103.036910 
2263.451592  	103.319041 
2264.883250  	103.346384 
2266.314908  	103.229419 
2267.746566  	103.257463 
2269.178225  	103.266551 
2270.609883  	103.462641 
2272.041541  	103.578066 
2273.473199  	103.502650 
2274.904857  	103.577646 
2276.336516  	103.493942 
2277.768174  	103.427958 
2279.199832  	103.582995 
2280.631490  	103.542582 
2282.063148  	103.531823 
2283.494806  	103.578293 
2284.926465  	103.574125 
2286.358123  	103.815602 
2287.789781  	103.922706 
2289.221439  	103.807927 
2290.653097  	103.817623 
2292.084756  	103.695552 
2293.516414  	103.554998 
2294.948072  	103.593706 
2296.379730  	103.607567 
2297.811388  	103.656001 
2299.243047  	103.674563 
2300.674705  	103.694639 
2302.106363  	103.868237 
2303.538021  	103.901861 
2304.969679  	103.795791 
2306.401337  	103.708440 
2307.832996  	103.640572 
2309.264654  	103.770470 
2310.696312  	103.880929 
2312.127970  	103.863678 
2313.559628  	103.959458 
2314.991287  	103.917444 
2316.422945  	103.808846 
2317.854603  	103.887586 
2319.286261  	103.880516 
2320.717919  	103.836063 
2322.149577  	103.839377 
2323.581236  	103.809774 
2325.012894  	103.863620 
2326.444552  	103.860384 
2327.876210  	103.839016 
2329.307868  	103.907609 
2330.739527  	103.850460 
2332.171185  	103.824270 
2333.602843  	103.898283 
2335.034501  	103.902110 
2336.466159  	103.947623 
2337.897818  	103.889709 
2339.329476  	103.801852 
2340.761134  	103.924768 
2342.192792  	103.960946 
2343.624450  	103.963684 
2345.056108  	104.015772 
2346.487767  	103.927627 
2347.919425  	103.931228 
2349.351083  	103.955859 
2350.782741  	103.870433 
2352.214399  	103.867709 
2353.646058  	103.893580 
2355.077716  	103.871545 
2356.509374  	103.804675 
2357.941032  	103.650002 
2359.372690  	103.786502 
2360.804349  	103.982586 
2362.236007  	103.837167 
2363.667665  	103.745208 
2365.099323  	103.655276 
2366.530981  	103.549718 
2367.962639  	103.597619 
2369.394298  	103.553117 
2370.825956  	103.534962 
2372.257614  	103.533737 
2373.689272  	103.481809 
2375.120930  	103.660777 
2376.552589  	103.754756 
2377.984247  	103.588591 
2379.415905  	103.516132 
2380.847563  	103.492722 
2382.279221  	103.489515 
2383.710879  	103.544360 
2385.142538  	103.505036 
2386.574196  	103.434026 
2388.005854  	103.394872 
2389.437512  	103.386452 
2390.869170  	103.414324 
2392.300829  	103.373959 
2393.732487  	103.356588 
2395.164145  	103.347041 
2396.595803  	103.242515 
2398.027461  	103.251417 
2399.459120  	103.257771 
2400.890778  	103.141882 
2402.322436  	103.183530 
2403.754094  	103.277812 
2405.185752  	103.285731 
2406.617410  	103.275491 
2408.049069  	103.191874 
2409.480727  	103.179628 
2410.912385  	103.224987 
2412.344043  	103.210700 
2413.775701  	103.265899 
2415.207360  	103.280806 
2416.639018  	103.263617 
2418.070676  	103.308443 
2419.502334  	103.236716 
2420.933992  	103.247850 
2422.365651  	103.372764 
2423.797309  	103.299801 
2425.228967  	103.256636 
2426.660625  	103.337743 
2428.092283  	103.372279 
2429.523941  	103.406963 
2430.955600  	103.362188 
2432.387258  	103.343876 
2433.818916  	103.440691 
2435.250574  	103.430694 
2436.682232  	103.421281 
2438.113891  	103.470379 
2439.545549  	103.434498 
2440.977207  	103.400485 
2442.408865  	103.372391 
2443.840523  	103.378743 
2445.272181  	103.427765 
2446.703840  	103.389132 
2448.135498  	103.385963 
2449.567156  	103.427265 
2450.998814  	103.409299 
2452.430472  	103.414989 
2453.862131  	103.368252 
2455.293789  	103.296659 
2456.725447  	103.298333 
2458.157105  	103.290814 
2459.588763  	103.317867 
2461.020422  	103.310382 
2462.452080  	103.251944 
2463.883738  	103.300606 
2465.315396  	103.288971 
2466.747054  	103.250120 
2468.178712  	103.329918 
2469.610371  	103.325105 
2471.042029  	103.328735 
2472.473687  	103.371803 
2473.905345  	103.286806 
2475.337003  	103.269427 
2476.768662  	103.302212 
2478.200320  	103.307397 
2479.631978  	103.377828 
2481.063636  	103.375513 
2482.495294  	103.401781 
2483.926953  	103.473630 
2485.358611  	103.393314 
2486.790269  	103.410766 
2488.221927  	103.493306 
2489.653585  	103.446326 
2491.085243  	103.470062 
2492.516902  	103.475199 
2493.948560  	103.472471 
2495.380218  	103.588298 
2496.811876  	103.590822 
2498.243534  	103.584970 
2499.675193  	103.630976 
2501.106851  	103.557475 
2502.538509  	103.563896 
2503.970167  	103.605918 
2505.401825  	103.579709 
2506.833483  	103.644079 
2508.265142  	103.634014 
2509.696800  	103.533583 
2511.128458  	103.509443 
2512.560116  	103.517412 
2513.991774  	103.614994 
2515.423433  	103.721679 
2516.855091  	103.749190 
2518.286749  	103.788793 
2519.718407  	103.724871 
2521.150065  	103.632929 
2522.581724  	103.673699 
2524.013382  	103.720622 
2525.445040  	103.761137 
2526.876698  	103.758488 
2528.308356  	103.694171 
2529.740014  	103.679733 
2531.171673  	103.615826 
2532.603331  	103.564442 
2534.034989  	103.636656 
2535.466647  	103.683084 
2536.898305  	103.724394 
2538.329964  	103.746678 
2539.761622  	103.702025 
2541.193280  	103.738370 
2542.624938  	103.827206 
2544.056596  	103.924699 
2545.488254  	103.977804 
2546.919913  	103.877782 
2548.351571  	103.801615 
2549.783229  	103.791842 
2551.214887  	103.793656 
2552.646545  	103.866302 
2554.078204  	103.832202 
2555.509862  	103.750923 
2556.941520  	103.806747 
2558.373178  	103.857837 
2559.804836  	103.894155 
2561.236495  	103.826194 
2562.668153  	103.677253 
2564.099811  	103.780836 
2565.531469  	103.907965 
2566.963127  	103.859303 
2568.394785  	103.848276 
2569.826444  	103.754215 
2571.258102  	103.652598 
2572.689760  	103.686200 
2574.121418  	103.666830 
2575.553076  	103.676329 
2576.984735  	103.714437 
2578.416393  	103.683601 
2579.848051  	103.692970 
2581.279709  	103.664670 
2582.711367  	103.668798 
2584.143026  	103.734751 
2585.574684  	103.661769 
2587.006342  	103.662874 
2588.438000  	103.726099 
2589.869658  	103.637435 
2591.301316  	103.661220 
2592.732975  	103.726160 
2594.164633  	103.662711 
2595.596291  	103.689540 
2597.027949  	103.716700 
2598.459607  	103.652089 
2599.891266  	103.595805 
2601.322924  	103.547519 
2602.754582  	103.574057 
2604.186240  	103.632462 
2605.617898  	103.706116 
2607.049556  	103.786845 
2608.481215  	103.682197 
2609.912873  	103.604454 
2611.344531  	103.702191 
2612.776189  	103.680062 
2614.207847  	103.648839 
2615.639506  	103.705398 
2617.071164  	103.691793 
2618.502822  	103.744185 
2619.934480  	103.793099 
2621.366138  	103.725122 
2622.797797  	103.738475 
2624.229455  	103.767424 
2625.661113  	103.737092 
2627.092771  	103.760033 
2628.524429  	103.772655 
2629.956087  	103.753634 
2631.387746  	103.753548 
2632.819404  	103.764381 
2634.251062  	103.791618 
2635.682720  	103.812691 
2637.114378  	103.850638 
2638.546037  	103.888939 
2639.977695  	103.857786 
2641.409353  	103.839436 
2642.841011  	103.853969 
2644.272669  	103.826044 
2645.704328  	103.816514 
2647.135986  	103.850313 
2648.567644  	103.847091 
2649.999302  	103.805970 
2651.430960  	103.809043 
2652.862618  	103.838377 
2654.294277  	103.795486 
2655.725935  	103.753898 
2657.157593  	103.773487 
2658.589251  	103.763481 
2660.020909  	103.781081 
2661.452568  	103.836649 
2662.884226  	103.798515 
2664.315884  	103.743250 
2665.747542  	103.754398 
2667.179200  	103.768106 
2668.610858  	103.762797 
2670.042517  	103.733165 
2671.474175  	103.723964 
2672.905833  	103.749725 
2674.337491  	103.738969 
2675.769149  	103.731052 
2677.200808  	103.745158 
2678.632466  	103.729431 
2680.064124  	103.712044 
2681.495782  	103.704812 
2682.927440  	103.735186 
2684.359099  	103.794578 
2685.790757  	103.783288 
2687.222415  	103.757793 
2688.654073  	103.785393 
2690.085731  	103.789011 
2691.517389  	103.750295 
2692.949048  	103.686228 
2694.380706  	103.647534 
2695.812364  	103.671382 
2697.244022  	103.683548 
2698.675680  	103.687248 
2700.107339  	103.685318 
2701.538997  	103.627737 
2702.970655  	103.616275 
2704.402313  	103.677281 
2705.833971  	103.686061 
2707.265630  	103.637199 
2708.697288  	103.593894 
2710.128946  	103.575454 
2711.560604  	103.549689 
2712.992262  	103.502415 
2714.423920  	103.479888 
2715.855579  	103.479949 
2717.287237  	103.505706 
2718.718895  	103.545329 
2720.150553  	103.534219 
2721.582211  	103.539499 
2723.013870  	103.584148 
2724.445528  	103.576157 
2725.877186  	103.560424 
2727.308844  	103.549440 
2728.740502  	103.507187 
2730.172160  	103.488972 
2731.603819  	103.494073 
2733.035477  	103.529805 
2734.467135  	103.566971 
2735.898793  	103.525206 
2737.330451  	103.498488 
2738.762110  	103.516486 
2740.193768  	103.512913 
2741.625426  	103.542471 
2743.057084  	103.562464 
2744.488742  	103.536977 
2745.920401  	103.532417 
2747.352059  	103.516737 
2748.783717  	103.516531 
2750.215375  	103.540592 
2751.647033  	103.516375 
2753.078691  	103.508272 
2754.510350  	103.501126 
2755.942008  	103.440190 
2757.373666  	103.427421 
2758.805324  	103.454986 
2760.236982  	103.454850 
2761.668641  	103.423675 
2763.100299  	103.362649 
2764.531957  	103.339286 
2765.963615  	103.343630 
2767.395273  	103.313952 
2768.826931  	103.277028 
2770.258590  	103.237293 
2771.690248  	103.231631 
2773.121906  	103.247695 
2774.553564  	103.215685 
2775.985222  	103.229275 
2777.416881  	103.268967 
2778.848539  	103.222317 
2780.280197  	103.193953 
2781.711855  	103.209763 
2783.143513  	103.221199 
2784.575172  	103.260370 
2786.006830  	103.273542 
2787.438488  	103.266900 
2788.870146  	103.279824 
2790.301804  	103.284011 
2791.733462  	103.315110 
2793.165121  	103.325119 
2794.596779  	103.298496 
2796.028437  	103.335106 
2797.460095  	103.350726 
2798.891753  	103.316705 
2800.323412  	103.323115 
2801.755070  	103.289059 
2803.186728  	103.223525 
2804.618386  	103.210522 
2806.050044  	103.187027 
2807.481703  	103.163116 
2808.913361  	103.188529 
2810.345019  	103.206763 
2811.776677  	103.173905 
2813.208335  	103.135362 
2814.639993  	103.168103 
2816.071652  	103.222373 
2817.503310  	103.196547 
2818.934968  	103.144020 
2820.366626  	103.153478 
2821.798284  	103.184346 
2823.229943  	103.147970 
2824.661601  	103.097938 
2826.093259  	103.113328 
2827.524917  	103.086221 
2828.956575  	103.035868 
2830.388233  	103.096213 
2831.819892  	103.137990 
2833.251550  	103.088835 
2834.683208  	103.042582 
2836.114866  	102.981599 
2837.546524  	102.923394 
2838.978183  	102.879231 
2840.409841  	102.828598 
2841.841499  	102.805734 
2843.273157  	102.721817 
2844.704815  	102.583459 
2846.136474  	102.505232 
2847.568132  	102.397896 
2848.999790  	102.262463 
2850.431448  	102.165658 
2851.863106  	102.043295 
2853.294764  	101.961134 
2854.726423  	101.923510 
2856.158081  	101.823339 
2857.589739  	101.697217 
2859.021397  	101.539374 
2860.453055  	101.352903 
2861.884714  	101.171122 
2863.316372  	100.890296 
2864.748030  	100.510488 
2866.179688  	100.099003 
2867.611346  	99.654160 
2869.043005  	99.237670 
2870.474663  	98.878040 
2871.906321  	98.610111 
2873.337979  	98.512183 
2874.769637  	98.556957 
2876.201295  	98.724333 
2877.632954  	98.996334 
2879.064612  	99.286699 
2880.496270  	99.575347 
2881.927928  	99.847211 
2883.359586  	100.075362 
2884.791245  	100.245795 
2886.222903  	100.286594 
2887.654561  	100.223954 
2889.086219  	100.136084 
2890.517877  	100.045184 
2891.949535  	100.029710 
2893.381194  	100.086443 
2894.812852  	100.146059 
2896.244510  	100.213265 
2897.676168  	100.253928 
2899.107826  	100.270861 
2900.539485  	100.280428 
2901.971143  	100.232051 
2903.402801  	100.177409 
2904.834459  	100.108308 
2906.266117  	99.927452 
2907.697776  	99.715460 
2909.129434  	99.553924 
2910.561092  	99.427027 
2911.992750  	99.342971 
2913.424408  	99.289970 
2914.856066  	99.260153 
2916.287725  	99.233934 
2917.719383  	99.168386 
2919.151041  	99.070747 
2920.582699  	98.949469 
2922.014357  	98.797103 
2923.446016  	98.575710 
2924.877674  	98.283376 
2926.309332  	98.016552 
2927.740990  	97.739820 
2929.172648  	97.404059 
2930.604306  	97.154297 
2932.035965  	97.016446 
2933.467623  	96.915053 
2934.899281  	96.879356 
2936.330939  	96.896620 
2937.762597  	96.963655 
2939.194256  	97.136495 
2940.625914  	97.341028 
2942.057572  	97.436509 
2943.489230  	97.450826 
2944.920888  	97.522581 
2946.352547  	97.603172 
2947.784205  	97.556997 
2949.215863  	97.437357 
2950.647521  	97.261456 
2952.079179  	96.965050 
2953.510837  	96.548784 
2954.942496  	95.949690 
2956.374154  	95.220960 
2957.805812  	94.456673 
2959.237470  	93.511983 
2960.669128  	92.433581 
2962.100787  	91.469795 
2963.532445  	90.645737 
2964.964103  	89.924111 
2966.395761  	89.399621 
2967.827419  	89.213240 
2969.259078  	89.318705 
2970.690736  	89.547331 
2972.122394  	89.968538 
2973.554052  	90.641762 
2974.985710  	91.371105 
2976.417368  	92.117747 
2977.849027  	92.973389 
2979.280685  	93.859444 
2980.712343  	94.700992 
2982.144001  	95.482748 
2983.575659  	96.223392 
2985.007318  	96.975701 
2986.438976  	97.679866 
2987.870634  	98.293612 
2989.302292  	98.832307 
2990.733950  	99.283565 
2992.165608  	99.733991 
2993.597267  	100.189665 
2995.028925  	100.559527 
2996.460583  	100.895569 
2997.892241  	101.196143 
2999.323899  	101.422584 
3000.755558  	101.649471 
3002.187216  	101.894441 
3003.618874  	102.124113 
3005.050532  	102.282138 
3006.482190  	102.365002 
3007.913849  	102.492367 
3009.345507  	102.650278 
3010.777165  	102.754422 
3012.208823  	102.841510 
3013.640481  	102.929539 
3015.072139  	102.995745 
3016.503798  	103.001845 
3017.935456  	102.959607 
3019.367114  	102.954281 
3020.798772  	102.988888 
3022.230430  	103.032275 
3023.662089  	103.004310 
3025.093747  	102.851524 
3026.525405  	102.724232 
3027.957063  	102.623825 
3029.388721  	102.459265 
3030.820380  	102.332667 
3032.252038  	102.162806 
3033.683696  	101.865312 
3035.115354  	101.601659 
3036.547012  	101.389900 
3037.978670  	101.211753 
3039.410329  	101.076295 
3040.841987  	100.970885 
3042.273645  	101.003865 
3043.705303  	101.106532 
3045.136961  	101.151210 
3046.568620  	101.246958 
3048.000278  	101.369446 
3049.431936  	101.430420 
3050.863594  	101.464347 
3052.295252  	101.443032 
3053.726910  	101.380976 
3055.158569  	101.299823 
3056.590227  	101.216471 
3058.021885  	101.202968 
3059.453543  	101.204177 
3060.885201  	101.233785 
3062.316860  	101.332354 
3063.748518  	101.386630 
3065.180176  	101.456926 
3066.611834  	101.577880 
3068.043492  	101.664886 
3069.475151  	101.817344 
3070.906809  	101.962182 
3072.338467  	102.003986 
3073.770125  	102.122750 
3075.201783  	102.267344 
3076.633441  	102.285468 
3078.065100  	102.259660 
3079.496758  	102.307036 
3080.928416  	102.459944 
3082.360074  	102.575730 
3083.791732  	102.617238 
3085.223391  	102.702085 
3086.655049  	102.752268 
3088.086707  	102.808796 
3089.518365  	102.933486 
3090.950023  	102.955784 
3092.381682  	102.976245 
3093.813340  	103.070082 
3095.244998  	103.085319 
3096.676656  	103.116970 
3098.108314  	103.156493 
3099.539972  	103.125463 
3100.971631  	103.161906 
3102.403289  	103.193472 
3103.834947  	103.143287 
3105.266605  	103.116799 
3106.698263  	103.111932 
3108.129922  	103.124553 
3109.561580  	103.116449 
3110.993238  	103.102510 
3112.424896  	103.185021 
3113.856554  	103.250896 
3115.288212  	103.233210 
3116.719871  	103.194676 
3118.151529  	103.165128 
3119.583187  	103.237268 
3121.014845  	103.277563 
3122.446503  	103.215864 
3123.878162  	103.303021 
3125.309820  	103.423203 
3126.741478  	103.436933 
3128.173136  	103.518153 
3129.604794  	103.579051 
3131.036453  	103.594186 
3132.468111  	103.651115 
3133.899769  	103.621590 
3135.331427  	103.572802 
3136.763085  	103.586012 
3138.194743  	103.604737 
3139.626402  	103.697784 
3141.058060  	103.768134 
3142.489718  	103.739282 
3143.921376  	103.755396 
3145.353034  	103.776652 
3146.784693  	103.744245 
3148.216351  	103.734969 
3149.648009  	103.760617 
3151.079667  	103.776494 
3152.511325  	103.748365 
3153.942983  	103.785650 
3155.374642  	103.902925 
3156.806300  	103.890019 
3158.237958  	103.827262 
3159.669616  	103.870878 
3161.101274  	103.865635 
3162.532933  	103.799984 
3163.964591  	103.791648 
3165.396249  	103.798896 
3166.827907  	103.803774 
3168.259565  	103.827661 
3169.691224  	103.844331 
3171.122882  	103.848162 
3172.554540  	103.864425 
3173.986198  	103.873421 
3175.417856  	103.838375 
3176.849514  	103.795742 
3178.281173  	103.743852 
3179.712831  	103.713432 
3181.144489  	103.791071 
3182.576147  	103.830537 
3184.007805  	103.776370 
3185.439464  	103.812591 
3186.871122  	103.851945 
3188.302780  	103.807258 
3189.734438  	103.795571 
3191.166096  	103.775823 
3192.597755  	103.742310 
3194.029413  	103.729316 
3195.461071  	103.700996 
3196.892729  	103.730314 
3198.324387  	103.800604 
3199.756045  	103.844736 
3201.187704  	103.859315 
3202.619362  	103.808909 
3204.051020  	103.833778 
3205.482678  	103.930366 
3206.914336  	103.865686 
3208.345995  	103.784181 
3209.777653  	103.820877 
3211.209311  	103.837149 
3212.640969  	103.852588 
3214.072627  	103.856499 
3215.504285  	103.833211 
3216.935944  	103.852048 
3218.367602  	103.837848 
3219.799260  	103.834987 
3221.230918  	103.890666 
3222.662576  	103.859785 
3224.094235  	103.807066 
3225.525893  	103.849170 
3226.957551  	103.904178 
3228.389209  	103.888747 
3229.820867  	103.837712 
3231.252526  	103.885407 
3232.684184  	103.959268 
3234.115842  	103.909403 
3235.547500  	103.886055 
3236.979158  	103.924397 
3238.410816  	103.919388 
3239.842475  	103.949228 
3241.274133  	103.991009 
3242.705791  	103.977386 
3244.137449  	103.934571 
3245.569107  	103.851980 
3247.000766  	103.806535 
3248.432424  	103.828173 
3249.864082  	103.853810 
3251.295740  	103.891579 
3252.727398  	103.894398 
3254.159057  	103.867024 
3255.590715  	103.898594 
3257.022373  	103.958368 
3258.454031  	103.987630 
3259.885689  	103.956395 
3261.317347  	103.924734 
3262.749006  	103.946349 
3264.180664  	103.923707 
3265.612322  	103.927706 
3267.043980  	103.982628 
3268.475638  	103.890092 
3269.907297  	103.798233 
3271.338955  	103.836389 
3272.770613  	103.822607 
3274.202271  	103.859456 
3275.633929  	103.999748 
3277.065587  	104.009967 
3278.497246  	103.908104 
3279.928904  	103.838574 
3281.360562  	103.836417 
3282.792220  	103.858605 
3284.223878  	103.850664 
3285.655537  	103.859228 
3287.087195  	103.862911 
3288.518853  	103.860774 
3289.950511  	103.947815 
3291.382169  	104.006739 
3292.813828  	103.961577 
3294.245486  	103.936439 
3295.677144  	103.954395 
3297.108802  	104.010671 
3298.540460  	104.033087 
3299.972118  	103.939358 
3301.403777  	103.882952 
3302.835435  	103.913711 
3304.267093  	103.895425 
3305.698751  	103.846623 
3307.130409  	103.865477 
3308.562068  	103.944541 
3309.993726  	103.975484 
3311.425384  	103.932588 
3312.857042  	103.903682 
3314.288700  	103.883967 
3315.720359  	103.863098 
3317.152017  	103.852360 
3318.583675  	103.839508 
3320.015333  	103.885920 
3321.446991  	103.948866 
3322.878649  	103.972888 
3324.310308  	104.029898 
3325.741966  	104.029430 
3327.173624  	103.953481 
3328.605282  	103.957139 
3330.036940  	103.985480 
3331.468599  	103.994941 
3332.900257  	104.015129 
3334.331915  	103.989314 
3335.763573  	103.969992 
3337.195231  	103.987601 
3338.626889  	104.001595 
3340.058548  	104.013398 
3341.490206  	103.982220 
3342.921864  	103.973686 
3344.353522  	104.012221 
3345.785180  	103.973042 
3347.216839  	103.930371 
3348.648497  	103.963558 
3350.080155  	104.017130 
3351.511813  	104.079591 
3352.943471  	104.076406 
3354.375130  	104.033376 
3355.806788  	104.032908 
3357.238446  	104.021433 
3358.670104  	104.064039 
3360.101762  	104.116097 
3361.533420  	104.018407 
3362.965079  	103.959755 
3364.396737  	104.054203 
3365.828395  	104.113926 
3367.260053  	104.066445 
3368.691711  	103.975160 
3370.123370  	103.937834 
3371.555028  	103.942572 
3372.986686  	103.914113 
3374.418344  	103.912647 
3375.850002  	103.938041 
3377.281660  	103.966767 
3378.713319  	104.024320 
3380.144977  	104.041018 
3381.576635  	104.041257 
3383.008293  	104.034740 
3384.439951  	103.985554 
3385.871610  	104.026061 
3387.303268  	104.072002 
3388.734926  	104.001415 
3390.166584  	103.991695 
3391.598242  	104.015106 
3393.029901  	104.004698 
3394.461559  	104.074224 
3395.893217  	104.133220 
3397.324875  	104.107465 
3398.756533  	104.042600 
3400.188191  	103.981119 
3401.619850  	103.991753 
3403.051508  	104.000862 
3404.483166  	103.984302 
3405.914824  	103.989439 
3407.346482  	103.934651 
3408.778141  	103.938564 
3410.209799  	104.053470 
3411.641457  	104.081983 
3413.073115  	104.084763 
3414.504773  	104.090688 
3415.936432  	104.036414 
3417.368090  	104.051009 
3418.799748  	104.042713 
3420.231406  	103.942801 
3421.663064  	103.941965 
3423.094722  	103.985285 
3424.526381  	103.999495 
3425.958039  	104.045487 
3427.389697  	104.051124 
3428.821355  	104.002988 
3430.253013  	103.948366 
3431.684672  	103.914929 
3433.116330  	103.947755 
3434.547988  	103.986192 
3435.979646  	103.972525 
3437.411304  	103.976883 
3438.842962  	104.072575 
3440.274621  	104.143752 
3441.706279  	104.041829 
3443.137937  	103.946728 
3444.569595  	103.957868 
3446.001253  	103.882567 
3447.432912  	103.822202 
3448.864570  	103.892967 
3450.296228  	103.937270 
3451.727886  	103.967170 
3453.159544  	103.982411 
3454.591203  	103.983525 
3456.022861  	104.003037 
3457.454519  	103.921285 
3458.886177  	103.876586 
3460.317835  	103.961428 
3461.749493  	103.925469 
3463.181152  	103.880515 
3464.612810  	103.970416 
3466.044468  	103.992223 
3467.476126  	103.955669 
3468.907784  	103.916637 
3470.339443  	103.884459 
3471.771101  	103.936739 
3473.202759  	103.972516 
3474.634417  	103.944396 
3476.066075  	103.893462 
3477.497734  	103.823722 
3478.929392  	103.856554 
3480.361050  	103.903472 
3481.792708  	103.795473 
3483.224366  	103.755189 
3484.656024  	103.891201 
3486.087683  	103.989759 
3487.519341  	103.963797 
3488.950999  	103.931116 
3490.382657  	103.982113 
3491.814315  	103.975781 
3493.245974  	103.862550 
3494.677632  	103.771015 
3496.109290  	103.684965 
3497.540948  	103.655180 
3498.972606  	103.753353 
3500.404264  	103.824554 
3501.835923  	103.813192 
3503.267581  	103.727975 
3504.699239  	103.616206 
3506.130897  	103.660967 
3507.562555  	103.758838 
3508.994214  	103.720088 
3510.425872  	103.652438 
3511.857530  	103.704314 
3513.289188  	103.798432 
3514.720846  	103.768229 
3516.152505  	103.669077 
3517.584163  	103.672972 
3519.015821  	103.653788 
3520.447479  	103.576519 
3521.879137  	103.603942 
3523.310795  	103.624963 
3524.742454  	103.563876 
3526.174112  	103.503858 
3527.605770  	103.437627 
3529.037428  	103.456983 
3530.469086  	103.525094 
3531.900745  	103.534113 
3533.332403  	103.574302 
3534.764061  	103.612376 
3536.195719  	103.630347 
3537.627377  	103.675193 
3539.059035  	103.610041 
3540.490694  	103.510609 
3541.922352  	103.563449 
3543.354010  	103.652879 
3544.785668  	103.657393 
3546.217326  	103.612279 
3547.648985  	103.594444 
3549.080643  	103.627346 
3550.512301  	103.630176 
3551.943959  	103.600381 
3553.375617  	103.585093 
3554.807276  	103.583775 
3556.238934  	103.601367 
3557.670592  	103.608624 
3559.102250  	103.637815 
3560.533908  	103.725420 
3561.965566  	103.710388 
3563.397225  	103.575866 
3564.828883  	103.489342 
3566.260541  	103.449787 
3567.692199  	103.428943 
3569.123857  	103.513945 
3570.555516  	103.671845 
3571.987174  	103.783737 
3573.418832  	103.762854 
3574.850490  	103.735087 
3576.282148  	103.795876 
3577.713807  	103.796532 
3579.145465  	103.703777 
3580.577123  	103.648454 
3582.008781  	103.716899 
3583.440439  	103.856387 
3584.872097  	103.939692 
3586.303756  	103.933913 
3587.735414  	103.813738 
3589.167072  	103.705902 
3590.598730  	103.798876 
3592.030388  	103.868041 
3593.462047  	103.822947 
3594.893705  	103.833190 
3596.325363  	103.908358 
3597.757021  	103.970165 
3599.188679  	103.987818 
3600.620337  	103.932855 
3602.051996  	103.948250 
3603.483654  	104.014220 
3604.915312  	104.020230 
3606.346970  	104.023097 
3607.778628  	103.929513 
3609.210287  	103.811010 
3610.641945  	103.898940 
3612.073603  	103.883834 
3613.505261  	103.767326 
3614.936919  	103.866950 
3616.368578  	103.954503 
3617.800236  	103.897453 
3619.231894  	103.800736 
3620.663552  	103.788935 
3622.095210  	103.896491 
3623.526868  	103.931749 
3624.958527  	103.959123 
3626.390185  	104.056120 
3627.821843  	103.833608 
3629.253501  	103.238597 
3630.685159  	103.484512 
3632.116818  	103.834699 
3633.548476  	103.877450 
3634.980134  	103.982258 
3636.411792  	104.071581 
3637.843450  	104.074381 
3639.275109  	104.136511 
3640.706767  	104.050001 
3642.138425  	103.795494 
3643.570083  	103.798308 
3645.001741  	103.926520 
3646.433399  	103.778151 
3647.865058  	103.606786 
3649.296716  	103.661814 
3650.728374  	103.497337 
3652.160032  	103.573196 
3653.591690  	103.884024 
3655.023349  	103.932889 
3656.455007  	103.755248 
3657.886665  	103.715745 
3659.318323  	103.786510 
3660.749981  	103.775979 
3662.181639  	103.710462 
3663.613298  	103.732977 
3665.044956  	103.796575 
3666.476614  	103.730233 
3667.908272  	103.570670 
3669.339930  	103.318704 
3670.771589  	103.152229 
3672.203247  	103.538709 
3673.634905  	103.709294 
3675.066563  	103.263224 
3676.498221  	102.991429 
3677.929880  	103.514375 
3679.361538  	103.682147 
3680.793196  	103.787421 
3682.224854  	103.929922 
3683.656512  	103.872404 
3685.088170  	103.831372 
3686.519829  	103.910317 
3687.951487  	103.768779 
3689.383145  	103.569471 
3690.814803  	103.738492 
3692.246461  	103.823114 
3693.678120  	103.863649 
3695.109778  	103.946793 
3696.541436  	103.936642 
3697.973094  	104.006012 
3699.404752  	104.127136 
3700.836411  	104.065746 
3702.268069  	104.014009 
3703.699727  	104.070476 
3705.131385  	104.038082 
3706.563043  	104.029772 
3707.994701  	104.056719 
3709.426360  	104.057725 
3710.858018  	104.045039 
3712.289676  	103.905090 
3713.721334  	103.889423 
3715.152992  	104.059883 
3716.584651  	104.095792 
3718.016309  	104.074553 
3719.447967  	104.133265 
3720.879625  	104.107343 
3722.311283  	103.982696 
3723.742941  	103.972675 
3725.174600  	104.081465 
3726.606258  	104.117999 
3728.037916  	104.120243 
3729.469574  	104.184261 
3730.901232  	104.094669 
3732.332891  	103.880034 
3733.764549  	103.936677 
3735.196207  	103.824049 
3736.627865  	103.529878 
3738.059523  	103.886947 
3739.491182  	104.131951 
3740.922840  	104.126595 
3742.354498  	104.158439 
3743.786156  	103.861467 
3745.217814  	103.309155 
3746.649472  	103.866649 
3748.081131  	104.072356 
3749.512789  	103.721119 
3750.944447  	103.557895 
3752.376105  	103.725474 
3753.807763  	103.847400 
3755.239422  	103.990069 
3756.671080  	104.059014 
3758.102738  	104.051710 
3759.534396  	104.054154 
3760.966054  	104.096033 
3762.397712  	104.167382 
3763.829371  	104.169501 
3765.261029  	104.093759 
3766.692687  	104.068783 
3768.124345  	104.043837 
3769.556003  	103.914170 
3770.987662  	103.891692 
3772.419320  	104.072263 
3773.850978  	104.203429 
3775.282636  	104.215829 
3776.714294  	104.196640 
3778.145953  	104.162946 
3779.577611  	104.034088 
3781.009269  	104.002349 
3782.440927  	104.136176 
3783.872585  	104.180894 
3785.304243  	104.177523 
3786.735902  	104.240830 
3788.167560  	104.267977 
3789.599218  	104.282762 
3791.030876  	104.258745 
3792.462534  	104.183014 
3793.894193  	104.241441 
3795.325851  	104.231319 
3796.757509  	103.995670 
3798.189167  	104.084556 
3799.620825  	104.228037 
3801.052484  	103.822956 
3802.484142  	103.496544 
3803.915800  	103.989667 
3805.347458  	104.184615 
3806.779116  	104.000200 
3808.210774  	103.947936 
3809.642433  	104.155749 
3811.074091  	104.181015 
3812.505749  	104.117179 
3813.937407  	104.159065 
3815.369065  	103.997990 
3816.800724  	103.705369 
3818.232382  	104.030304 
3819.664040  	104.204517 
3821.095698  	103.846535 
3822.527356  	103.790264 
3823.959014  	104.123208 
3825.390673  	104.105056 
3826.822331  	103.923360 
3828.253989  	103.972708 
3829.685647  	104.110078 
3831.117305  	104.083511 
3832.548964  	104.006135 
3833.980622  	104.004504 
3835.412280  	103.927815 
3836.843938  	103.830158 
3838.275596  	103.781342 
3839.707255  	103.769179 
3841.138913  	103.977493 
3842.570571  	104.127330 
3844.002229  	103.991779 
3845.433887  	103.981761 
3846.865545  	104.125008 
3848.297204  	104.097073 
3849.728862  	104.057508 
3851.160520  	104.065584 
3852.592178  	103.747846 
3854.023836  	103.299580 
3855.455495  	103.757101 
3856.887153  	104.034973 
3858.318811  	104.095657 
3859.750469  	104.140054 
3861.182127  	104.094498 
3862.613786  	104.029618 
3864.045444  	103.985927 
3865.477102  	103.813913 
3866.908760  	103.853481 
3868.340418  	103.975360 
3869.772076  	103.743394 
3871.203735  	103.727134 
3872.635393  	104.097273 
3874.067051  	104.071006 
3875.498709  	103.915343 
3876.930367  	104.068849 
3878.362026  	104.063513 
3879.793684  	103.765257 
3881.225342  	103.598956 
3882.657000  	103.847159 
3884.088658  	103.976327 
3885.520316  	103.687524 
3886.951975  	103.572161 
3888.383633  	103.971564 
3889.815291  	104.079731 
3891.246949  	103.866504 
3892.678607  	103.877042 
3894.110266  	104.050559 
3895.541924  	104.067101 
3896.973582  	103.989305 
3898.405240  	103.923794 
3899.836898  	103.936216 
3901.268557  	103.924206 
3902.700215  	103.775546 
3904.131873  	103.643362 
3905.563531  	103.699138 
3906.995189  	103.849195 
3908.426847  	103.982477 
3909.858506  	104.052900 
3911.290164  	104.009871 
3912.721822  	103.980065 
3914.153480  	104.045641 
3915.585138  	103.993782 
3917.016797  	103.814398 
3918.448455  	103.783499 
3919.880113  	103.829678 
3921.311771  	103.907926 
3922.743429  	104.014574 
3924.175088  	103.930960 
3925.606746  	103.814114 
3927.038404  	103.926125 
3928.470062  	103.983922 
3929.901720  	103.931961 
3931.333378  	103.928637 
3932.765037  	103.940014 
3934.196695  	103.948517 
3935.628353  	103.950034 
3937.060011  	103.940902 
3938.491669  	104.007011 
3939.923328  	104.092827 
3941.354986  	104.063466 
3942.786644  	103.958280 
3944.218302  	103.937905 
3945.649960  	104.001096 
3947.081618  	104.026542 
3948.513277  	104.013414 
3949.944935  	103.955937 
3951.376593  	103.867653 
3952.808251  	103.878287 
3954.239909  	103.938071 
3955.671568  	103.933717 
3957.103226  	103.944239 
3958.534884  	103.969982 
3959.966542  	103.941889 
3961.398200  	103.888778 
3962.829859  	103.882197 
3964.261517  	103.971289 
3965.693175  	103.989806 
3967.124833  	103.853004 
3968.556491  	103.791326 
3969.988149  	103.847738 
3971.419808  	103.916876 
3972.851466  	104.015731 
3974.283124  	104.034003 
3975.714782  	103.965487 
3977.146440  	103.972652 
3978.578099  	104.013715 
3980.009757  	104.014760 
3981.441415  	103.986388 
3982.873073  	103.945769 
3984.304731  	103.927534 
3985.736389  	103.915074 
3987.168048  	103.925860 
3988.599706  	103.938348 
3990.031364  	103.876770 
3991.463022  	103.834680 
3992.894680  	103.846989 
3994.326339  	103.865927 
3995.757997  	103.947970 
3997.189655  	103.980225 
3998.621313  	103.893062 
4000.052971  	103.846808 
4001.484630  	103.864870 
4002.916288  	103.893290 
4004.347946  	103.904759 
4005.779604  	103.897677 
4007.211262  	103.934724 
4008.642920  	103.932313 
4010.074579  	103.885865 
4011.506237  	103.936195 
4012.937895  	103.971857 
4014.369553  	103.950206 
4015.801211  	103.957757 
4017.232870  	103.924754 
4018.664528  	103.932878 
4020.096186  	104.003740 
4021.527844  	103.968664 
4022.959502  	103.930406 
4024.391161  	103.938826 
4025.822819  	103.879910 
4027.254477  	103.866238 
4028.686135  	103.923728 
4030.117793  	103.919679 
4031.549451  	103.881927 
4032.981110  	103.893157 
4034.412768  	103.943543 
4035.844426  	103.947188 
4037.276084  	103.883357 
4038.707742  	103.831954 
4040.139401  	103.827128 
4041.571059  	103.883849 
4043.002717  	103.951347 
4044.434375  	103.917585 
4045.866033  	103.807274 
4047.297691  	103.720285 
4048.729350  	103.735255 
4050.161008  	103.832078 
4051.592666  	103.853896 
4053.024324  	103.805148 
4054.455982  	103.763047 
4055.887641  	103.683570 
4057.319299  	103.636920 
4058.750957  	103.656687 
4060.182615  	103.686319 
4061.614273  	103.775101 
4063.045932  	103.820408 
4064.477590  	103.693976 
4065.909248  	103.535677 
4067.340906  	103.457791 
4068.772564  	103.454526 
4070.204222  	103.510043 
4071.635881  	103.595346 
4073.067539  	103.669600 
4074.499197  	103.643000 
4075.930855  	103.582861 
4077.362513  	103.647778 
4078.794172  	103.719932 
4080.225830  	103.687055 
4081.657488  	103.631908 
4083.089146  	103.565926 
4084.520804  	103.524878 
4085.952463  	103.572090 
4087.384121  	103.643725 
4088.815779  	103.684237 
4090.247437  	103.707824 
4091.679095  	103.735244 
4093.110753  	103.734332 
4094.542412  	103.691527 
4095.974070  	103.718517 
4097.405728  	103.799840 
4098.837386  	103.779643 
4100.269044  	103.716686 
4101.700703  	103.753017 
4103.132361  	103.865234 
4104.564019  	103.957729 
4105.995677  	103.968124 
4107.427335  	103.932891 
4108.858993  	103.925264 
4110.290652  	103.935126 
4111.722310  	103.950429 
4113.153968  	103.990787 
4114.585626  	104.008843 
4116.017284  	103.954217 
4117.448943  	103.917301 
4118.880601  	103.958608 
4120.312259  	103.968245 
4121.743917  	103.948594 
4123.175575  	103.999150 
4124.607234  	104.053749 
4126.038892  	104.059968 
4127.470550  	104.028573 
4128.902208  	103.942311 
4130.333866  	103.890062 
4131.765524  	103.929861 
4133.197183  	103.981961 
4134.628841  	103.984234 
4136.060499  	103.898816 
4137.492157  	103.794949 
4138.923815  	103.831455 
4140.355474  	103.978015 
4141.787132  	104.041527 
4143.218790  	103.975216 
4144.650448  	103.940372 
4146.082106  	103.967176 
4147.513764  	103.936935 
4148.945423  	103.924690 
4150.377081  	103.923996 
4151.808739  	103.817723 
4153.240397  	103.816269 
4154.672055  	103.964926 
4156.103714  	103.992737 
4157.535372  	103.941871 
4158.967030  	103.929290 
4160.398688  	103.903953 
4161.830346  	103.869069 
4163.262005  	103.867402 
4164.693663  	103.980497 
4166.125321  	104.074849 
4167.556979  	103.972429 
4168.988637  	103.902906 
4170.420295  	103.899091 
4171.851954  	103.808876 
4173.283612  	103.841466 
4174.715270  	103.920848 
4176.146928  	103.799923 
4177.578586  	103.682699 
4179.010245  	103.713330 
4180.441903  	103.834170 
4181.873561  	103.924668 
4183.305219  	103.846417 
4184.736877  	103.780829 
4186.168536  	103.833875 
4187.600194  	103.858242 
4189.031852  	103.879618 
4190.463510  	103.866816 
4191.895168  	103.832484 
4193.326826  	103.936186 
4194.758485  	103.996595 
4196.190143  	103.911419 
4197.621801  	103.874104 
4199.053459  	103.840560 
4200.485117  	103.795106 
4201.916776  	103.838726 
4203.348434  	103.873978 
4204.780092  	103.862902 
4206.211750  	103.854587 
4207.643408  	103.848416 
4209.075066  	103.883704 
4210.506725  	103.914403 
4211.938383  	103.849811 
4213.370041  	103.751586 
4214.801699  	103.730263 
4216.233357  	103.804728 
4217.665016  	103.908826 
4219.096674  	103.977653 
4220.528332  	103.979111 
4221.959990  	103.900824 
4223.391648  	103.796767 
4224.823307  	103.752632 
4226.254965  	103.791152 
4227.686623  	103.843455 
4229.118281  	103.826930 
4230.549939  	103.778852 
4231.981597  	103.780696 
4233.413256  	103.836831 
4234.844914  	103.885466 
4236.276572  	103.851618 
4237.708230  	103.811466 
4239.139888  	103.889349 
4240.571547  	103.991225 
4242.003205  	104.013578 
4243.434863  	103.974082 
4244.866521  	103.898719 
4246.298179  	103.882600 
4247.729838  	103.944803 
4249.161496  	103.974338 
4250.593154  	103.965670 
4252.024812  	103.948150 
4253.456470  	103.917373 
4254.888128  	103.895136 
4256.319787  	103.869666 
4257.751445  	103.863967 
4259.183103  	103.909804 
4260.614761  	103.964801 
4262.046419  	103.993817 
4263.478078  	103.959011 
4264.909736  	103.882694 
4266.341394  	103.878155 
4267.773052  	103.933415 
4269.204710  	103.939527 
4270.636368  	103.891423 
4272.068027  	103.885523 
4273.499685  	103.950534 
4274.931343  	103.952591 
4276.363001  	103.853709 
4277.794659  	103.788756 
4279.226318  	103.794594 
4280.657976  	103.857123 
4282.089634  	103.956926 
4283.521292  	104.001894 
4284.952950  	103.987816 
4286.384609  	103.939119 
4287.816267  	103.839933 
4289.247925  	103.788803 
4290.679583  	103.844757 
4292.111241  	103.919924 
4293.542899  	103.945977 
4294.974558  	103.920968 
4296.406216  	103.895494 
4297.837874  	103.897702 
4299.269532  	103.876058 
4300.701190  	103.823459 
4302.132849  	103.795644 
4303.564507  	103.785703 
4304.996165  	103.749313 
4306.427823  	103.747528 
4307.859481  	103.828497 
4309.291140  	103.855715 
4310.722798  	103.812294 
4312.154456  	103.872961 
4313.586114  	103.963091 
4315.017772  	103.911649 
4316.449430  	103.838293 
4317.881089  	103.866220 
4319.312747  	103.881606 
4320.744405  	103.810536 
4322.176063  	103.791829 
4323.607721  	103.886541 
4325.039380  	103.932252 
4326.471038  	103.857322 
4327.902696  	103.756460 
4329.334354  	103.755119 
4330.766012  	103.884050 
4332.197670  	103.930373 
4333.629329  	103.849559 
4335.060987  	103.870623 
4336.492645  	103.902356 
4337.924303  	103.849807 
4339.355961  	103.884415 
4340.787620  	103.917046 
4342.219278  	103.899140 
4343.650936  	103.934980 
4345.082594  	103.873586 
4346.514252  	103.812118 
4347.945911  	103.963395 
4349.377569  	104.009570 
4350.809227  	103.813755 
4352.240885  	103.742767 
4353.672543  	103.865275 
4355.104201  	103.923491 
4356.535860  	103.877580 
4357.967518  	103.868674 
4359.399176  	103.891796 
4360.830834  	103.885205 
4362.262492  	103.912852 
4363.694151  	103.954972 
4365.125809  	103.930959 
4366.557467  	103.928617 
4367.989125  	103.983057 
4369.420783  	103.963315 
4370.852441  	103.866049 
4372.284100  	103.849211 
4373.715758  	103.951246 
4375.147416  	104.048594 
4376.579074  	104.055208 
4378.010732  	103.970424 
4379.442391  	103.905081 
4380.874049  	103.988239 
4382.305707  	104.078502 
4383.737365  	104.008847 
4385.169023  	103.914053 
4386.600682  	103.918856 
4388.032340  	103.997333 
4389.463998  	104.038878 
4390.895656  	103.977696 
4392.327314  	103.992337 
4393.758972  	104.059912 
4395.190631  	103.966528 
4396.622289  	103.929102 
4398.053947  	104.046418 
4399.485605  	104.029957 
4400.917263  	103.940336 
4402.348922  	103.939413 
4403.780580  	103.939489 
4405.212238  	103.958967 
4406.643896  	104.030795 
4408.075554  	104.048971 
4409.507213  	103.972113 
4410.938871  	103.936930 
4412.370529  	103.992654 
4413.802187  	103.940145 
4415.233845  	103.861309 
4416.665503  	103.978149 
4418.097162  	104.023418 
4419.528820  	103.904119 
4420.960478  	103.913059 
4422.392136  	103.989325 
4423.823794  	104.019456 
4425.255453  	104.046128 
4426.687111  	103.986383 
4428.118769  	103.897425 
4429.550427  	103.876985 
4430.982085  	103.881083 
4432.413743  	103.912899 
4433.845402  	103.884643 
4435.277060  	103.776837 
4436.708718  	103.799229 
4438.140376  	103.934597 
4439.572034  	103.992673 
4441.003693  	104.017092 
4442.435351  	104.083027 
4443.867009  	104.085728 
4445.298667  	104.028515 
4446.730325  	104.079302 
4448.161984  	104.165425 
4449.593642  	104.122801 
4451.025300  	104.078034 
4452.456958  	104.079934 
4453.888616  	104.055696 
4455.320274  	104.115165 
4456.751933  	104.183161 
4458.183591  	104.115028 
4459.615249  	104.113477 
4461.046907  	104.216373 
4462.478565  	104.203802 
4463.910224  	104.129862 
4465.341882  	104.100771 
4466.773540  	104.053363 
4468.205198  	104.037423 
4469.636856  	104.081309 
4471.068515  	104.055411 
4472.500173  	104.012889 
4473.931831  	104.066090 
4475.363489  	104.086729 
4476.795147  	104.065948 
4478.226805  	104.135865 
4479.658464  	104.199526 
4481.090122  	104.192384 
4482.521780  	104.187139 
4483.953438  	104.151326 
4485.385096  	104.151995 
4486.816755  	104.253609 
4488.248413  	104.241768 
4489.680071  	104.082432 
4491.111729  	104.078361 
4492.543387  	104.228965 
4493.975045  	104.217212 
4495.406704  	104.098650 
4496.838362  	104.129130 
4498.270020  	104.179094 
4499.701678  	104.129920 
4501.133336  	104.114235 
4502.564995  	104.096633 
4503.996653  	104.076736 
4505.428311  	104.169212 
4506.859969  	104.249965 
4508.291627  	104.237535 
4509.723286  	104.205842 
4511.154944  	104.146287 
4512.586602  	104.104659 
4514.018260  	104.105468 
4515.449918  	104.101151 
4516.881576  	104.151494 
4518.313235  	104.218824 
4519.744893  	104.187072 
4521.176551  	104.160505 
4522.608209  	104.217547 
4524.039867  	104.203187 
4525.471526  	104.112531 
4526.903184  	104.149127 
4528.334842  	104.209730 
4529.766500  	104.107558 
4531.198158  	104.076174 
4532.629817  	104.165139 
4534.061475  	104.136432 
4535.493133  	104.159815 
4536.924791  	104.293543 
4538.356449  	104.214559 
4539.788107  	104.041423 
4541.219766  	104.060547 
4542.651424  	104.103392 
4544.083082  	104.014123 
4545.514740  	103.968177 
4546.946398  	104.085156 
4548.378057  	104.208455 
4549.809715  	104.231937 
4551.241373  	104.226555 
4552.673031  	104.180853 
4554.104689  	104.119151 
4555.536347  	104.151921 
4556.968006  	104.220009 
4558.399664  	104.190587 
4559.831322  	104.046488 
4561.262980  	103.942200 
4562.694638  	104.001597 
4564.126297  	104.086601 
4565.557955  	104.132893 
4566.989613  	104.188913 
4568.421271  	104.180448 
4569.852929  	104.146351 
4571.284588  	104.103158 
4572.716246  	104.047707 
4574.147904  	104.135025 
4575.579562  	104.178939 
4577.011220  	104.033559 
4578.442878  	104.013648 
4579.874537  	104.066619 
4581.306195  	104.049961 
4582.737853  	104.158367 
4584.169511  	104.263830 
4585.601169  	104.230529 
4587.032828  	104.159058 
4588.464486  	103.994286 
4589.896144  	103.881283 
4591.327802  	103.973136 
4592.759460  	104.070332 
4594.191118  	104.107995 
4595.622777  	104.136145 
4597.054435  	104.122264 
4598.486093  	104.125963 
4599.917751  	104.135118 
4601.349409  	104.034298 
4602.781068  	103.888942 
4604.212726  	103.886918 
4605.644384  	103.992332 
4607.076042  	104.057964 
4608.507700  	104.136478 
4609.939359  	104.181293 
4611.371017  	104.100951 
4612.802675  	104.063759 
4614.234333  	104.042842 
4615.665991  	103.981553 
4617.097649  	104.085603 
4618.529308  	104.217888 
4619.960966  	104.188637 
4621.392624  	104.135636 
4622.824282  	104.053145 
4624.255940  	103.964678 
4625.687599  	103.959850 
4627.119257  	103.979554 
4628.550915  	104.031349 
4629.982573  	104.030614 
4631.414231  	103.941347 
4632.845890  	103.922652 
4634.277548  	103.880105 
4635.709206  	103.789361 
4637.140864  	103.849102 
4638.572522  	104.005099 
4640.004180  	104.108262 
4641.435839  	104.028250 
4642.867497  	103.860353 
4644.299155  	103.950213 
4645.730813  	104.134578 
4647.162471  	104.095419 
4648.594130  	104.013048 
4650.025788  	104.012918 
4651.457446  	104.052807 
4652.889104  	104.099155 
4654.320762  	104.117386 
4655.752420  	104.152958 
4657.184079  	104.087453 
4658.615737  	103.918304 
4660.047395  	103.876440 
4661.479053  	103.898677 
4662.910711  	103.989972 
4664.342370  	104.154397 
4665.774028  	104.051946 
4667.205686  	103.874400 
4668.637344  	103.984800 
4670.069002  	104.072946 
4671.500661  	104.019035 
4672.932319  	104.058965 
4674.363977  	104.162835 
4675.795635  	104.189471 
4677.227293  	104.110368 
4678.658951  	104.072559 
4680.090610  	104.137871 
4681.522268  	104.154333 
4682.953926  	104.161859 
4684.385584  	104.213696 
4685.817242  	104.201465 
4687.248901  	104.158926 
4688.680559  	104.124940 
4690.112217  	104.093177 
4691.543875  	104.098033 
4692.975533  	104.130121 
4694.407192  	104.166298 
4695.838850  	104.092710 
4697.270508  	103.947167 
4698.702166  	103.998104 
4700.133824  	104.149867 
4701.565482  	104.146256 
4702.997141  	104.077786 
4704.428799  	104.087670 
4705.860457  	104.169743 
4707.292115  	104.169313 
4708.723773  	104.027480 
4710.155432  	103.973266 
4711.587090  	104.033771 
4713.018748  	104.053157 
4714.450406  	104.079907 
4715.882064  	104.157610 
4717.313722  	104.241611 
4718.745381  	104.249385 
4720.177039  	104.166604 
4721.608697  	104.123913 
4723.040355  	104.087564 
4724.472013  	104.039976 
4725.903672  	104.086624 
4727.335330  	104.112192 
4728.766988  	104.110011 
4730.198646  	104.156925 
4731.630304  	104.153152 
4733.061963  	104.186511 
4734.493621  	104.257576 
4735.925279  	104.243984 
4737.356937  	104.256542 
4738.788595  	104.199876 
4740.220253  	104.073465 
4741.651912  	104.152482 
4743.083570  	104.228682 
4744.515228  	104.130322 
4745.946886  	104.063868 
4747.378544  	104.055701 
4748.810203  	104.171736 
4750.241861  	104.325821 
4751.673519  	104.247796 
4753.105177  	104.106880 
4754.536835  	104.070988 
4755.968493  	104.112498 
4757.400152  	104.228207 
4758.831810  	104.168497 
4760.263468  	103.962326 
4761.695126  	103.967716 
4763.126784  	104.128715 
4764.558443  	104.228454 
4765.990101  	104.142148 
4767.421759  	103.944744 
4768.853417  	103.972681 
4770.285075  	104.103437 
4771.716734  	104.033868 
4773.148392  	103.999793 
4774.580050  	104.142842 
4776.011708  	104.270057 
4777.443366  	104.257333 
4778.875024  	104.141253 
4780.306683  	104.127207 
4781.738341  	104.190909 
4783.169999  	104.159375 
4784.601657  	104.206070 
4786.033315  	104.374690 
4787.464974  	104.427384 
4788.896632  	104.350010 
4790.328290  	104.240237 
4791.759948  	104.198560 
4793.191606  	104.256330 
4794.623265  	104.249462 
4796.054923  	104.169257 
4797.486581  	104.126877 
4798.918239  	104.089758 
4800.349897  	104.094149 
4801.781555  	104.147584 
4803.213214  	104.140188 
4804.644872  	104.140867 
4806.076530  	104.220303 
4807.508188  	104.241968 
4808.939846  	104.185273 
4810.371505  	104.194607 
4811.803163  	104.266153 
4813.234821  	104.281197 
4814.666479  	104.244459 
4816.098137  	104.232060 
4817.529795  	104.224378 
4818.961454  	104.158853 
4820.393112  	104.072658 
4821.824770  	104.071973 
4823.256428  	104.157925 
4824.688086  	104.227871 
4826.119745  	104.236846 
4827.551403  	104.191232 
4828.983061  	104.104913 
4830.414719  	104.028987 
4831.846377  	104.022078 
4833.278036  	104.064537 
4834.709694  	104.055014 
4836.141352  	104.066576 
4837.573010  	104.266437 
4839.004668  	104.428656 
4840.436326  	104.343688 
4841.867985  	104.262466 
4843.299643  	104.212331 
4844.731301  	104.109561 
4846.162959  	104.162597 
4847.594617  	104.173220 
4849.026276  	103.969562 
4850.457934  	104.015575 
4851.889592  	104.240787 
4853.321250  	104.197319 
4854.752908  	104.133347 
4856.184567  	104.194196 
4857.616225  	104.186511 
4859.047883  	104.220878 
4860.479541  	104.253406 
4861.911199  	104.163941 
4863.342857  	104.156034 
4864.774516  	104.246357 
4866.206174  	104.349009 
4867.637832  	104.471581 
4869.069490  	104.385032 
4870.501148  	104.133862 
4871.932807  	104.146226 
4873.364465  	104.347574 
4874.796123  	104.361737 
4876.227781  	104.237308 
4877.659439  	104.191133 
4879.091097  	104.225088 
4880.522756  	104.240747 
4881.954414  	104.211299 
4883.386072  	104.183682 
4884.817730  	104.244246 
4886.249388  	104.388600 
4887.681047  	104.388145 
4889.112705  	104.207864 
4890.544363  	104.167244 
4891.976021  	104.228266 
4893.407679  	104.148128 
4894.839338  	104.133942 
4896.270996  	104.231163 
4897.702654  	104.163761 
4899.134312  	104.076496 
4900.565970  	104.160595 
4901.997628  	104.238368 
4903.429287  	104.261537 
4904.860945  	104.274098 
4906.292603  	104.204841 
4907.724261  	104.147340 
4909.155919  	104.204893 
4910.587578  	104.235922 
4912.019236  	104.157643 
4913.450894  	104.060195 
4914.882552  	103.991129 
4916.314210  	104.028130 
4917.745869  	104.208907 
4919.177527  	104.281354 
4920.609185  	104.155698 
4922.040843  	104.146288 
4923.472501  	104.262285 
4924.904159  	104.243743 
4926.335818  	104.216365 
4927.767476  	104.314054 
4929.199134  	104.342099 
4930.630792  	104.256307 
4932.062450  	104.169859 
4933.494109  	104.127836 
4934.925767  	104.219969 
4936.357425  	104.354734 
4937.789083  	104.285073 
4939.220741  	104.165963 
4940.652399  	104.190611 
4942.084058  	104.152180 
4943.515716  	104.107866 
4944.947374  	104.252294 
4946.379032  	104.299971 
4947.810690  	104.179964 
4949.242349  	104.183227 
4950.674007  	104.249530 
4952.105665  	104.256648 
4953.537323  	104.207924 
4954.968981  	104.084328 
4956.400640  	104.094061 
4957.832298  	104.259937 
4959.263956  	104.309819 
4960.695614  	104.290471 
4962.127272  	104.248241 
4963.558930  	104.093321 
4964.990589  	104.029825 
4966.422247  	104.111099 
4967.853905  	104.117002 
4969.285563  	104.082082 
4970.717221  	104.168966 
4972.148880  	104.299866 
4973.580538  	104.235575 
4975.012196  	104.052867 
4976.443854  	104.098646 
4977.875512  	104.324834 
4979.307170  	104.486895 
4980.738829  	104.528189 
4982.170487  	104.390892 
4983.602145  	104.272843 
4985.033803  	104.329489 
4986.465461  	104.265693 
4987.897120  	104.178043 
4989.328778  	104.330400 
4990.760436  	104.376389 
4992.192094  	104.259891 
4993.623752  	104.309435 
4995.055411  	104.364155 
4996.487069  	104.275861 
4997.918727  	104.239105 
4999.350385  	104.267904 
5000.782043  	104.275806 
5002.213701  	104.269268 
5003.645360  	104.214339 
5005.077018  	104.164498 
5006.508676  	104.296950 
5007.940334  	104.494057 
5009.371992  	104.455351 
5010.803651  	104.340816 
5012.235309  	104.376961 
5013.666967  	104.363599 
5015.098625  	104.316848 
5016.530283  	104.340394 
5017.961942  	104.229906 
5019.393600  	104.165091 
5020.825258  	104.348459 
5022.256916  	104.387795 
5023.688574  	104.257028 
5025.120232  	104.300670 
5026.551891  	104.435112 
5027.983549  	104.476880 
5029.415207  	104.374531 
5030.846865  	104.248040 
5032.278523  	104.375175 
5033.710182  	104.478782 
5035.141840  	104.188249 
5036.573498  	103.974605 
5038.005156  	104.107280 
5039.436814  	104.206581 
5040.868472  	104.324948 
5042.300131  	104.578216 
5043.731789  	104.584262 
5045.163447  	104.373762 
5046.595105  	104.320465 
5048.026763  	104.288048 
5049.458422  	104.116844 
5050.890080  	104.028457 
5052.321738  	104.043838 
5053.753396  	104.053197 
5055.185054  	104.181925 
5056.616713  	104.383558 
5058.048371  	104.392875 
5059.480029  	104.234649 
5060.911687  	104.098758 
5062.343345  	104.089636 
5063.775003  	104.258391 
5065.206662  	104.414369 
5066.638320  	104.346360 
5068.069978  	104.251656 
5069.501636  	104.286321 
5070.933294  	104.303191 
5072.364953  	104.274835 
5073.796611  	104.265291 
5075.228269  	104.314092 
5076.659927  	104.452263 
5078.091585  	104.501541 
5079.523244  	104.400535 
5080.954902  	104.337188 
5082.386560  	104.274278 
5083.818218  	104.220500 
5085.249876  	104.321295 
5086.681534  	104.405658 
5088.113193  	104.415771 
5089.544851  	104.479427 
5090.976509  	104.485704 
5092.408167  	104.485976 
5093.839825  	104.536474 
5095.271484  	104.421398 
5096.703142  	104.293156 
5098.134800  	104.351519 
5099.566458  	104.383863 
5100.998116  	104.327207 
5102.429774  	104.251717 
5103.861433  	104.248567 
5105.293091  	104.462019 
5106.724749  	104.603815 
5108.156407  	104.351575 
5109.588065  	104.025958 
5111.019724  	103.986980 
5112.451382  	104.097565 
5113.883040  	104.136214 
5115.314698  	104.256401 
5116.746356  	104.478752 
5118.178015  	104.353219 
5119.609673  	104.058251 
5121.041331  	104.198610 
5122.472989  	104.385285 
5123.904647  	104.215274 
5125.336305  	104.115466 
5126.767964  	104.142777 
5128.199622  	104.120470 
5129.631280  	104.215244 
5131.062938  	104.345950 
5132.494596  	104.357612 
5133.926255  	104.341359 
5135.357913  	104.286256 
5136.789571  	104.182784 
5138.221229  	104.170595 
5139.652887  	104.287017 
5141.084546  	104.407908 
5142.516204  	104.439240 
5143.947862  	104.399839 
5145.379520  	104.344924 
5146.811178  	104.350585 
5148.242836  	104.420379 
5149.674495  	104.468401 
5151.106153  	104.504084 
5152.537811  	104.493997 
5153.969469  	104.408934 
5155.401127  	104.369237 
5156.832786  	104.308777 
5158.264444  	104.198352 
5159.696102  	104.224669 
5161.127760  	104.287176 
5162.559418  	104.270275 
5163.991076  	104.218426 
5165.422735  	104.085278 
5166.854393  	104.046702 
5168.286051  	104.139670 
5169.717709  	104.181225 
5171.149367  	104.336975 
5172.581026  	104.500387 
5174.012684  	104.397616 
5175.444342  	104.317181 
5176.876000  	104.330352 
5178.307658  	104.273918 
5179.739317  	104.243611 
5181.170975  	104.224495 
5182.602633  	104.308532 
5184.034291  	104.524529 
5185.465949  	104.552353 
5186.897607  	104.406384 
5188.329266  	104.305842 
5189.760924  	104.266138 
5191.192582  	104.321398 
5192.624240  	104.426073 
5194.055898  	104.582609 
5195.487557  	104.589060 
5196.919215  	104.295270 
5198.350873  	104.276272 
5199.782531  	104.491259 
5201.214189  	104.370879 
5202.645847  	104.369945 
5204.077506  	104.566342 
5205.509164  	104.478434 
5206.940822  	104.419311 
5208.372480  	104.499880 
5209.804138  	104.573855 
5211.235797  	104.793962 
5212.667455  	104.793515 
5214.099113  	104.614211 
5215.530771  	104.626858 
5216.962429  	104.477488 
5218.394088  	104.203717 
5219.825746  	104.214545 
5221.257404  	104.340049 
5222.689062  	104.433667 
5224.120720  	104.364198 
5225.552378  	104.127798 
5226.984037  	104.074286 
5228.415695  	104.093272 
5229.847353  	104.093489 
5231.279011  	104.225666 
5232.710669  	104.171345 
5234.142328  	103.942748 
5235.573986  	104.050303 
5237.005644  	104.424273 
5238.437302  	104.557264 
5239.868960  	104.393964 
5241.300619  	104.422136 
5242.732277  	104.655245 
5244.163935  	104.654919 
5245.595593  	104.629512 
5247.027251  	104.716722 
5248.458909  	104.512043 
5249.890568  	104.312678 
5251.322226  	104.422340 
5252.753884  	104.463192 
5254.185542  	104.423925 
5255.617200  	104.389359 
5257.048859  	104.328574 
5258.480517  	104.387300 
5259.912175  	104.496921 
5261.343833  	104.512596 
5262.775491  	104.438985 
5264.207149  	104.292666 
5265.638808  	104.270921 
5267.070466  	104.514212 
5268.502124  	104.754991 
5269.933782  	104.647826 
5271.365440  	104.361242 
5272.797099  	104.432277 
5274.228757  	104.618314 
5275.660415  	104.410974 
5277.092073  	104.274134 
5278.523731  	104.464922 
5279.955390  	104.474171 
5281.387048  	104.382833 
5282.818706  	104.455806 
5284.250364  	104.480455 
5285.682022  	104.442705 
5287.113680  	104.339880 
5288.545339  	104.172258 
5289.976997  	104.248531 
5291.408655  	104.538689 
5292.840313  	104.650435 
5294.271971  	104.570416 
5295.703630  	104.388068 
5297.135288  	104.265300 
5298.566946  	104.359300 
5299.998604  	104.422631 
5301.430262  	104.295306 
5302.861921  	104.256586 
5304.293579  	104.426331 
5305.725237  	104.497143 
5307.156895  	104.261443 
5308.588553  	104.115586 
5310.020211  	104.393233 
5311.451870  	104.570485 
5312.883528  	104.407799 
5314.315186  	104.328933 
5315.746844  	104.393892 
5317.178502  	104.404322 
5318.610161  	104.430544 
5320.041819  	104.454789 
5321.473477  	104.444822 
5322.905135  	104.441949 
5324.336793  	104.362702 
5325.768451  	104.177532 
5327.200110  	103.958199 
5328.631768  	103.995538 
5330.063426  	104.328539 
5331.495084  	104.322947 
5332.926742  	104.003996 
5334.358401  	104.075782 
5335.790059  	104.240240 
5337.221717  	104.047769 
5338.653375  	103.949793 
5340.085033  	104.192751 
5341.516692  	104.432773 
5342.948350  	104.433060 
5344.380008  	104.101341 
5345.811666  	103.916359 
5347.243324  	104.220740 
5348.674982  	104.480685 
5350.106641  	104.576546 
5351.538299  	104.617088 
5352.969957  	104.463785 
5354.401615  	104.269940 
5355.833273  	104.386009 
5357.264932  	104.513127 
5358.696590  	104.377861 
5360.128248  	104.248214 
5361.559906  	104.379640 
5362.991564  	104.543796 
5364.423222  	104.499400 
5365.854881  	104.373073 
5367.286539  	104.295644 
5368.718197  	104.254583 
5370.149855  	104.347138 
5371.581513  	104.559438 
5373.013172  	104.649255 
5374.444830  	104.617309 
5375.876488  	104.627094 
5377.308146  	104.634101 
5378.739804  	104.703954 
5380.171463  	104.851359 
5381.603121  	104.809284 
5383.034779  	104.612729 
5384.466437  	104.460511 
5385.898095  	104.397347 
5387.329753  	104.603862 
5388.761412  	104.730312 
5390.193070  	104.471294 
5391.624728  	104.353283 
5393.056386  	104.419950 
5394.488044  	104.361146 
5395.919703  	104.579286 
5397.351361  	104.871977 
5398.783019  	104.792364 
5400.214677  	104.659693 
5401.646335  	104.562150 
5403.077994  	104.451128 
5404.509652  	104.473331 
5405.941310  	104.495495 
5407.372968  	104.589252 
5408.804626  	104.700133 
5410.236284  	104.459479 
5411.667943  	104.185115 
5413.099601  	104.218507 
5414.531259  	104.265660 
5415.962917  	104.274847 
5417.394575  	104.299784 
5418.826234  	104.412248 
5420.257892  	104.660958 
5421.689550  	104.750228 
5423.121208  	104.621082 
5424.552866  	104.518635 
5425.984524  	104.399105 
5427.416183  	104.125605 
5428.847841  	103.917745 
5430.279499  	104.192617 
5431.711157  	104.597306 
5433.142815  	104.594180 
5434.574474  	104.477341 
5436.006132  	104.461268 
5437.437790  	104.418866 
5438.869448  	104.508726 
5440.301106  	104.601571 
5441.732765  	104.480031 
5443.164423  	104.509427 
5444.596081  	104.644152 
5446.027739  	104.521796 
5447.459397  	104.375974 
5448.891055  	104.401523 
5450.322714  	104.389097 
5451.754372  	104.372806 
5453.186030  	104.484370 
5454.617688  	104.617805 
5456.049346  	104.704117 
5457.481005  	104.801848 
5458.912663  	104.767656 
5460.344321  	104.542727 
5461.775979  	104.401287 
5463.207637  	104.345309 
5464.639296  	104.202313 
5466.070954  	104.179046 
5467.502612  	104.350381 
5468.934270  	104.399829 
5470.365928  	104.229723 
5471.797586  	104.116742 
5473.229245  	104.118241 
5474.660903  	104.050997 
5476.092561  	104.074839 
5477.524219  	104.312083 
5478.955877  	104.438638 
5480.387536  	104.461183 
5481.819194  	104.440449 
5483.250852  	104.342208 
5484.682510  	104.376681 
5486.114168  	104.468058 
5487.545826  	104.441904 
5488.977485  	104.470598 
5490.409143  	104.592238 
5491.840801  	104.680438 
5493.272459  	104.495325 
5494.704117  	104.133088 
5496.135776  	104.195269 
5497.567434  	104.277101 
5498.999092  	103.980165 
5500.430750  	104.085526 
5501.862408  	104.569465 
5503.294067  	104.764407 
5504.725725  	104.806444 
5506.157383  	104.684799 
5507.589041  	104.418216 
5509.020699  	104.375084 
5510.452357  	104.540460 
5511.884016  	104.812962 
5513.315674  	104.898155 
5514.747332  	104.737199 
5516.178990  	104.883036 
5517.610648  	104.985624 
5519.042307  	104.692012 
5520.473965  	104.709616 
5521.905623  	104.837223 
5523.337281  	104.644093 
5524.768939  	104.614746 
5526.200598  	104.697161 
5527.632256  	104.704580 
5529.063914  	104.761321 
5530.495572  	104.501948 
5531.927230  	104.100643 
5533.358888  	104.234021 
5534.790547  	104.532941 
5536.222205  	104.448377 
5537.653863  	104.387697 
5539.085521  	104.549984 
5540.517179  	104.574615 
5541.948838  	104.539398 
5543.380496  	104.540442 
5544.812154  	104.486707 
5546.243812  	104.642359 
5547.675470  	104.811628 
5549.107128  	104.617708 
5550.538787  	104.552215 
5551.970445  	104.571948 
5553.402103  	104.243771 
5554.833761  	104.188700 
5556.265419  	104.507073 
5557.697078  	104.567507 
5559.128736  	104.607354 
5560.560394  	104.732177 
5561.992052  	104.553295 
5563.423710  	104.379645 
5564.855369  	104.498669 
5566.287027  	104.577654 
5567.718685  	104.558101 
5569.150343  	104.672185 
5570.582001  	104.783450 
5572.013659  	104.772325 
5573.445318  	104.772009 
5574.876976  	104.753936 
5576.308634  	104.652199 
5577.740292  	104.467575 
5579.171950  	104.376142 
5580.603609  	104.670056 
5582.035267  	104.749094 
5583.466925  	104.235546 
5584.898583  	104.174202 
5586.330241  	104.564610 
5587.761899  	104.553703 
5589.193558  	104.616867 
5590.625216  	104.824115 
5592.056874  	104.767295 
5593.488532  	104.909479 
5594.920190  	104.982376 
5596.351849  	104.533024 
5597.783507  	104.125889 
5599.215165  	104.016451 
5600.646823  	104.180916 
5602.078481  	104.554672 
5603.510140  	104.655287 
5604.941798  	104.357456 
5606.373456  	104.070753 
5607.805114  	104.179061 
5609.236772  	104.444578 
5610.668430  	104.480517 
5612.100089  	104.711351 
5613.531747  	105.016387 
5614.963405  	104.765263 
5616.395063  	104.455394 
5617.826721  	104.361995 
5619.258380  	104.278418 
5620.690038  	104.436655 
5622.121696  	104.453453 
5623.553354  	104.214444 
5624.985012  	104.283763 
5626.416671  	104.401595 
5627.848329  	104.396048 
5629.279987  	104.428031 
5630.711645  	104.240033 
5632.143303  	104.083730 
5633.574961  	104.345847 
5635.006620  	104.860377 
5636.438278  	105.241330 
5637.869936  	105.125574 
5639.301594  	104.890498 
5640.733252  	104.911926 
5642.164911  	104.752125 
5643.596569  	104.366455 
5645.028227  	104.162933 
5646.459885  	104.387361 
5647.891543  	104.789070 
5649.323201  	104.675041 
5650.754860  	104.310235 
5652.186518  	104.357846 
5653.618176  	104.460851 
5655.049834  	104.503183 
5656.481492  	104.689362 
5657.913151  	104.714749 
5659.344809  	104.504257 
5660.776467  	104.338443 
5662.208125  	104.358076 
5663.639783  	104.316565 
5665.071442  	104.249927 
5666.503100  	104.615241 
5667.934758  	104.795656 
5669.366416  	104.388088 
5670.798074  	104.402769 
5672.229732  	104.580081 
5673.661391  	104.383481 
5675.093049  	104.555238 
5676.524707  	104.770382 
5677.956365  	104.640364 
5679.388023  	104.790721 
5680.819682  	104.910385 
5682.251340  	104.663705 
5683.682998  	104.482817 
5685.114656  	104.562534 
5686.546314  	104.712727 
5687.977973  	104.431213 
5689.409631  	104.073007 
5690.841289  	104.401548 
5692.272947  	104.746808 
5693.704605  	104.635715 
5695.136263  	104.429469 
5696.567922  	104.055968 
5697.999580  	103.883955 
5699.431238  	104.151349 
5700.862896  	104.259554 
5702.294554  	104.314331 
5703.726213  	104.665311 
5705.157871  	104.949770 
5706.589529  	104.948864 
5708.021187  	104.801961 
5709.452845  	104.576961 
5710.884503  	104.304324 
5712.316162  	104.294960 
5713.747820  	104.462748 
5715.179478  	104.253517 
5716.611136  	104.003077 
5718.042794  	104.143354 
5719.474453  	104.378735 
5720.906111  	104.702850 
5722.337769  	104.875296 
5723.769427  	104.817341 
5725.201085  	105.168786 
5726.632744  	105.397332 
5728.064402  	105.016282 
5729.496060  	104.835629 
5730.927718  	104.765083 
5732.359376  	104.562569 
5733.791034  	104.583068 
5735.222693  	104.501398 
5736.654351  	104.359184 
5738.086009  	104.441077 
5739.517667  	104.498975 
5740.949325  	104.591559 
5742.380984  	104.613217 
5743.812642  	104.526852 
5745.244300  	104.684554 
5746.675958  	104.727465 
5748.107616  	104.607965 
5749.539275  	104.794082 
5750.970933  	104.982956 
5752.402591  	104.901963 
5753.834249  	104.602875 
5755.265907  	104.282842 
5756.697565  	104.394360 
5758.129224  	104.518446 
5759.560882  	104.258757 
5760.992540  	104.203429 
5762.424198  	104.322141 
5763.855856  	104.408196 
5765.287515  	104.698035 
5766.719173  	104.797999 
5768.150831  	104.661058 
5769.582489  	104.758539 
5771.014147  	104.796673 
5772.445805  	104.673382 
5773.877464  	104.689202 
5775.309122  	104.533620 
5776.740780  	104.446452 
5778.172438  	104.947818 
5779.604096  	105.389289 
5781.035755  	105.332434 
5782.467413  	105.193163 
5783.899071  	104.972067 
5785.330729  	104.824050 
5786.762387  	104.841957 
5788.194046  	104.611495 
5789.625704  	104.540124 
5791.057362  	104.657693 
5792.489020  	104.276807 
5793.920678  	104.239086 
5795.352336  	104.701845 
5796.783995  	104.453859 
5798.215653  	104.190761 
5799.647311  	104.445620 
5801.078969  	104.412361 
5802.510627  	104.502759 
5803.942286  	104.597491 
5805.373944  	104.148659 
5806.805602  	104.146329 
5808.237260  	104.444903 
5809.668918  	104.336577 
5811.100576  	104.470619 
5812.532235  	104.535714 
5813.963893  	104.196606 
5815.395551  	104.226627 
5816.827209  	104.308968 
5818.258867  	104.236943 
5819.690526  	104.601613 
5821.122184  	104.736625 
5822.553842  	104.376543 
5823.985500  	104.527758 
5825.417158  	105.001643 
5826.848817  	104.849603 
5828.280475  	104.365341 
5829.712133  	104.304869 
5831.143791  	104.529140 
5832.575449  	104.763699 
5834.007107  	105.077480 
5835.438766  	104.968342 
5836.870424  	104.450142 
5838.302082  	104.591082 
5839.733740  	104.932479 
5841.165398  	104.431649 
5842.597057  	103.970951 
5844.028715  	104.066957 
5845.460373  	104.304193 
5846.892031  	104.839038 
5848.323689  	105.046431 
5849.755348  	104.669708 
5851.187006  	104.774315 
5852.618664  	104.975106 
5854.050322  	104.685943 
5855.481980  	104.683985 
5856.913638  	104.726774 
5858.345297  	104.467433 
5859.776955  	104.204382 
5861.208613  	103.594158 
5862.640271  	103.281847 
5864.071929  	104.030399 
5865.503588  	104.821056 
5866.935246  	105.059187 
5868.366904  	104.893775 
5869.798562  	104.513044 
5871.230220  	104.533945 
5872.661878  	104.707270 
5874.093537  	104.705827 
5875.525195  	104.771492 
5876.956853  	104.501264 
5878.388511  	104.439855 
5879.820169  	105.075790 
5881.251828  	105.028956 
5882.683486  	104.414087 
5884.115144  	104.323996 
5885.546802  	104.374239 
5886.978460  	104.702741 
5888.410119  	105.321755 
5889.841777  	105.351219 
5891.273435  	105.064740 
5892.705093  	104.752269 
5894.136751  	104.413556 
5895.568409  	104.516759 
5897.000068  	104.608812 
5898.431726  	104.347130 
5899.863384  	104.246122 
5901.295042  	104.126619 
5902.726700  	104.060101 
5904.158359  	104.312468 
5905.590017  	104.325949 
5907.021675  	104.209923 
5908.453333  	104.400661 
5909.884991  	104.519610 
5911.316650  	104.615332 
5912.748308  	104.969783 
5914.179966  	104.977358 
5915.611624  	104.356605 
5917.043282  	103.867026 
5918.474940  	103.950991 
5919.906599  	104.263658 
5921.338257  	104.439986 
5922.769915  	104.283038 
5924.201573  	103.970402 
5925.633231  	104.157728 
5927.064890  	104.810491 
5928.496548  	105.200842 
5929.928206  	105.072175 
5931.359864  	104.607868 
5932.791522  	104.415238 
5934.223180  	104.932930 
5935.654839  	105.132394 
5937.086497  	104.350931 
5938.518155  	103.830032 
5939.949813  	103.996809 
5941.381471  	103.937902 
5942.813130  	103.816006 
5944.244788  	104.003259 
5945.676446  	103.967191 
5947.108104  	103.862929 
5948.539762  	104.039409 
5949.971421  	103.981328 
5951.403079  	104.032656 
5952.834737  	104.941025 
5954.266395  	105.557465 
5955.698053  	104.918632 
5957.129711  	104.531348 
5958.561370  	105.029633 
5959.993028  	104.855582 
5961.424686  	104.011588 
5962.856344  	104.048336 
5964.288002  	104.667023 
5965.719661  	104.688366 
5967.151319  	104.112663 
5968.582977  	103.669771 
5970.014635  	104.089190 
5971.446293  	104.777488 
5972.877951  	104.708605 
5974.309610  	104.659225 
5975.741268  	104.957333 
5977.172926  	104.612726 
5978.604584  	104.195426 
5980.036242  	104.364461 
5981.467901  	104.430361 
5982.899559  	104.492417 
5984.331217  	105.075843 
5985.762875  	105.603118 
5987.194533  	105.187002 
5988.626192  	104.251216 
5990.057850  	104.135438 
5991.489508  	104.433602 
5992.921166  	104.234245 
5994.352824  	104.393387 
5995.784482  	104.889932 
5997.216141  	104.909815 
5998.647799  	104.714347 
6000.079457  	104.215972 
6001.511115  	103.911997 
6002.942773  	104.653868 
6004.374432  	105.073453 
6005.806090  	104.338833 
6007.237748  	103.862336 
6008.669406  	104.136686 
6010.101064  	104.418504 
6011.532723  	104.370315 
6012.964381  	104.296888 
6014.396039  	104.349332 
6015.827697  	104.509157 
6017.259355  	105.068452 
6018.691013  	105.378955 
6020.122672  	104.709447 
6021.554330  	104.213275 
6022.985988  	104.375338 
6024.417646  	104.297333 
6025.849304  	104.039608 
6027.280963  	104.038888 
6028.712621  	104.484092 
6030.144279  	105.016640 
6031.575937  	104.893150 
6033.007595  	104.630317 
6034.439253  	104.570642 
6035.870912  	104.106189 
6037.302570  	103.706853 
6038.734228  	103.911995 
6040.165886  	104.412757 
6041.597544  	104.580567 
6043.029203  	104.135910 
6044.460861  	104.323033 
6045.892519  	105.388947 
6047.324177  	105.694654 
6048.755835  	105.375803 
6050.187494  	104.965802 
6051.619152  	104.166593 
6053.050810  	103.824161 
6054.482468  	104.085910 
6055.914126  	104.438182 
6057.345784  	104.959864 
6058.777443  	104.787340 
6060.209101  	104.127841 
6061.640759  	104.393403 
6063.072417  	104.857653 
6064.504075  	104.736444 
6065.935734  	104.578182 
6067.367392  	104.529074 
6068.799050  	104.722923 
6070.230708  	104.923229 
6071.662366  	104.675566 
6073.094025  	104.662202 
6074.525683  	104.927282 
6075.957341  	104.636611 
6077.388999  	104.321486 
6078.820657  	104.741658 
6080.252315  	105.237675 
6081.683974  	105.164560 
6083.115632  	104.872972 
6084.547290  	104.643225 
6085.978948  	104.173707 
6087.410606  	103.470482 
6088.842265  	103.398400 
6090.273923  	104.165718 
6091.705581  	104.387778 
6093.137239  	103.942234 
6094.568897  	104.254495 
6096.000555  	104.735486 
6097.432214  	104.431121 
6098.863872  	104.642372 
6100.295530  	105.372891 
6101.727188  	105.293646 
6103.158846  	104.999823 
6104.590505  	105.052058 
6106.022163  	104.859039 
6107.453821  	104.378685 
6108.885479  	104.011388 
6110.317137  	104.152455 
6111.748796  	104.614217 
6113.180454  	104.824162 
6114.612112  	104.892211 
6116.043770  	104.799686 
6117.475428  	104.497748 
6118.907086  	104.752579 
6120.338745  	105.103626 
6121.770403  	104.318007 
6123.202061  	103.717856 
6124.633719  	104.488328 
6126.065377  	104.734858 
6127.497036  	103.991672 
6128.928694  	104.162026 
6130.360352  	104.524513 
6131.792010  	104.101000 
6133.223668  	104.341020 
6134.655327  	104.728069 
6136.086985  	104.260337 
6137.518643  	104.355274 
6138.950301  	104.944736 
6140.381959  	105.179709 
6141.813617  	105.460476 
6143.245276  	105.016146 
6144.676934  	103.858718 
6146.108592  	103.901410 
6147.540250  	104.978136 
6148.971908  	105.304215 
6150.403567  	104.794291 
6151.835225  	104.669229 
6153.266883  	104.875956 
6154.698541  	104.511102 
6156.130199  	104.334662 
6157.561857  	104.579274 
6158.993516  	104.024080 
6160.425174  	103.748618 
6161.856832  	104.610712 
6163.288490  	104.848396 
6164.720148  	104.664874 
6166.151807  	105.335801 
6167.583465  	105.561169 
6169.015123  	104.701773 
6170.446781  	104.236425 
6171.878439  	104.609126 
6173.310098  	104.831165 
6174.741756  	104.721185 
6176.173414  	104.739671 
6177.605072  	104.712158 
6179.036730  	104.465346 
6180.468388  	104.318691 
6181.900047  	104.422461 
6183.331705  	104.704155 
6184.763363  	104.980996 
6186.195021  	105.208617 
6187.626679  	105.290227 
6189.058338  	104.900221 
6190.489996  	104.595519 
6191.921654  	104.936682 
6193.353312  	104.867434 
6194.784970  	104.095716 
6196.216628  	104.084919 
6197.648287  	105.179783 
6199.079945  	105.595752 
6200.511603  	104.662741 
6201.943261  	104.087839 
6203.374919  	104.392570 
6204.806578  	104.865248 
6206.238236  	105.445169 
6207.669894  	105.386345 
6209.101552  	104.984855 
6210.533210  	105.332757 
6211.964869  	104.983039 
6213.396527  	104.165141 
6214.828185  	104.624888 
6216.259843  	104.633341 
6217.691501  	104.009594 
6219.123159  	104.163939 
6220.554818  	104.022902 
6221.986476  	104.001759 
6223.418134  	104.410917 
6224.849792  	104.089210 
6226.281450  	104.395722 
6227.713109  	105.262162 
6229.144767  	104.882369 
6230.576425  	104.232249 
6232.008083  	104.006418 
6233.439741  	104.231021 
6234.871400  	104.708506 
6236.303058  	104.340879 
6237.734716  	104.454304 
6239.166374  	105.490039 
6240.598032  	105.193665 
6242.029690  	104.804657 
6243.461349  	105.395266 
6244.893007  	104.846166 
6246.324665  	103.964142 
6247.756323  	104.391433 
6249.187981  	104.834132 
6250.619640  	104.667880 
6252.051298  	104.592481 
6253.482956  	104.517964 
6254.914614  	104.434402 
6256.346272  	104.483627 
6257.777930  	104.083290 
6259.209589  	103.628352 
6260.641247  	104.327152 
6262.072905  	104.939705 
6263.504563  	104.117820 
6264.936221  	103.352610 
6266.367880  	103.632995 
6267.799538  	104.334670 
6269.231196  	104.479048 
6270.662854  	103.892126 
6272.094512  	103.994752 
6273.526171  	104.796986 
6274.957829  	105.074717 
6276.389487  	105.324116 
6277.821145  	105.491483 
6279.252803  	105.317910 
6280.684461  	105.453238 
6282.116120  	105.232686 
6283.547778  	104.772435 
6284.979436  	104.604319 
6286.411094  	104.060458 
6287.842752  	103.989718 
6289.274411  	104.310934 
6290.706069  	103.552530 
6292.137727  	103.046623 
6293.569385  	104.075227 
6295.001043  	105.577072 
6296.432702  	105.890422 
6297.864360  	104.729234 
6299.296018  	104.279119 
6300.727676  	104.854850 
6302.159334  	104.839839 
6303.590992  	104.970199 
6305.022651  	105.200842 
6306.454309  	104.955844 
6307.885967  	105.145484 
6309.317625  	104.763602 
6310.749283  	104.147359 
6312.180942  	104.765921 
6313.612600  	104.852013 
6315.044258  	104.135258 
6316.475916  	103.675302 
6317.907574  	103.103606 
6319.339232  	103.516277 
6320.770891  	104.460116 
6322.202549  	104.319172 
6323.634207  	104.542333 
6325.065865  	104.918210 
6326.497523  	104.240413 
6327.929182  	104.019225 
6329.360840  	104.333846 
6330.792498  	104.197983 
6332.224156  	104.339596 
6333.655814  	104.654526 
6335.087473  	104.112953 
6336.519131  	103.426038 
6337.950789  	104.010091 
6339.382447  	104.986482 
6340.814105  	104.780870 
6342.245763  	104.001803 
6343.677422  	103.391624 
6345.109080  	103.160399 
6346.540738  	103.684809 
6347.972396  	104.005072 
6349.404054  	103.630496 
6350.835713  	103.893743 
6352.267371  	105.217348 
6353.699029  	106.203700 
6355.130687  	105.619560 
6356.562345  	104.317347 
6357.994003  	103.856798 
6359.425662  	104.244037 
6360.857320  	105.224720 
6362.288978  	105.945752 
6363.720636  	105.271828 
6365.152294  	104.335903 
6366.583953  	103.854461 
6368.015611  	103.622312 
6369.447269  	104.042570 
6370.878927  	104.184823 
6372.310585  	103.701973 
6373.742244  	103.479762 
6375.173902  	103.425205 
6376.605560  	104.174339 
6378.037218  	105.195165 
6379.468876  	104.816983 
6380.900534  	104.305121 
6382.332193  	104.382856 
6383.763851  	104.316707 
6385.195509  	104.399209 
6386.627167  	104.143749 
6388.058825  	103.722673 
6389.490484  	103.554976 
6390.922142  	103.054024 
6392.353800  	103.592651 
6393.785458  	104.877716 
6395.217116  	104.819515 
6396.648775  	104.710290 
6398.080433  	104.607904 
6399.512091  	103.732058 
6400.943749  	103.936157 
6402.375407  	104.437432 
6403.807065  	103.936041 
6405.238724  	104.012480 
6406.670382  	104.175224 
6408.102040  	103.656234 
6409.533698  	103.673282 
6410.965356  	104.106873 
6412.397015  	104.237299 
6413.828673  	104.221446 
6415.260331  	104.440285 
6416.691989  	104.812176 
6418.123647  	104.829070 
6419.555305  	104.702331 
6420.986964  	104.814268 
6422.418622  	104.673738 
6423.850280  	103.725835 
6425.281938  	102.773867 
6426.713596  	103.236001 
6428.145255  	104.056483 
6429.576913  	103.776217 
6431.008571  	103.670990 
6432.440229  	104.328839 
6433.871887  	104.851571 
6435.303546  	105.190828 
6436.735204  	105.342941 
6438.166862  	105.377158 
6439.598520  	104.594939 
6441.030178  	103.392471 
6442.461836  	104.205077 
6443.893495  	105.168147 
6445.325153  	103.838271 
6446.756811  	103.534732 
6448.188469  	104.277842 
6449.620127  	104.240896 
6451.051786  	105.002133 
6452.483444  	105.073413 
6453.915102  	104.280060 
6455.346760  	105.458646 
6456.778418  	106.065045 
6458.210077  	105.413997 
6459.641735  	106.310656 
6461.073393  	106.097475 
6462.505051  	104.074337 
6463.936709  	103.688104 
6465.368367  	104.154595 
6466.800026  	104.080611 
6468.231684  	104.314657 
6469.663342  	104.511003 
6471.095000  	104.376942 
6472.526658  	104.058487 
6473.958317  	103.579186 
6475.389975  	103.599806 
6476.821633  	104.153093 
6478.253291  	104.144269 
6479.684949  	103.404828 
6481.116607  	103.317032 
6482.548266  	104.252782 
6483.979924  	104.424765 
6485.411582  	103.541123 
6486.843240  	103.533731 
6488.274898  	104.245448 
6489.706557  	104.549864 
6491.138215  	104.738487 
6492.569873  	104.162731 
6494.001531  	103.194578 
6495.433189  	103.760015 
6496.864848  	104.348777 
6498.296506  	103.796526 
6499.728164  	104.393869 
6501.159822  	105.105296 
6502.591480  	104.152753 
6504.023138  	103.839134 
6505.454797  	104.291560 
6506.886455  	104.136675 
6508.318113  	103.991744 
6509.749771  	103.690341 
6511.181429  	103.930074 
6512.613088  	104.350180 
6514.044746  	102.749155 
6515.476404  	101.890171 
6516.908062  	103.612532 
6518.339720  	103.868088 
6519.771379  	103.006650 
6521.203037  	104.591626 
6522.634695  	106.201623 
6524.066353  	105.279697 
6525.498011  	104.167323 
6526.929669  	104.533402 
6528.361328  	104.941230 
6529.792986  	104.569041 
6531.224644  	104.550300 
6532.656302  	104.943188 
6534.087960  	104.755942 
6535.519619  	104.142236 
6536.951277  	104.015867 
6538.382935  	104.625788 
6539.814593  	104.629013 
6541.246251  	103.739021 
6542.677909  	103.699061 
6544.109568  	103.955851 
6545.541226  	103.465771 
6546.972884  	103.256436 
6548.404542  	103.643182 
6549.836200  	104.782503 
6551.267859  	105.891950 
6552.699517  	104.971884 
6554.131175  	103.566643 
6555.562833  	103.331129 
6556.994491  	103.441441 
6558.426150  	104.102088 
6559.857808  	104.716577 
6561.289466  	104.839695 
6562.721124  	105.838696 
6564.152782  	106.548560 
6565.584440  	106.089161 
6567.016099  	105.743142 
6568.447757  	105.017465 
6569.879415  	104.249012 
6571.311073  	104.484834 
6572.742731  	104.896547 
6574.174390  	104.964094 
6575.606048  	104.323506 
6577.037706  	103.687826 
6578.469364  	104.583182 
6579.901022  	105.187570 
6581.332680  	104.254146 
6582.764339  	104.210440 
6584.195997  	105.237796 
6585.627655  	105.595116 
6587.059313  	105.203671 
6588.490971  	104.003456 
6589.922630  	102.922371 
6591.354288  	103.392222 
6592.785946  	103.792009 
6594.217604  	103.085589 
6595.649262  	103.676559 
6597.080921  	104.595773 
6598.512579  	103.421817 
6599.944237  	102.987215 
6601.375895  	104.111091 
6602.807553  	103.955330 
6604.239211  	103.724011 
6605.670870  	104.507202 
6607.102528  	104.820255 
6608.534186  	105.127601 
6609.965844  	105.284112 
6611.397502  	105.110029 
6612.829161  	105.606860 
6614.260819  	105.625345 
6615.692477  	105.112996 
6617.124135  	105.457044 
6618.555793  	105.851417 
6619.987452  	105.719729 
6621.419110  	105.019543 
6622.850768  	104.086171 
6624.282426  	103.571606 
6625.714084  	102.785173 
6627.145742  	102.519937 
6628.577401  	103.720176 
6630.009059  	104.435301 
6631.440717  	104.038284 
6632.872375  	103.409584 
6634.304033  	103.116263 
6635.735692  	104.008384 
6637.167350  	104.529475 
6638.599008  	103.988980 
6640.030666  	104.194491 
6641.462324  	104.012035 
6642.893982  	103.150418 
6644.325641  	103.325263 
6645.757299  	103.297225 
6647.188957  	102.751050 
6648.620615  	102.910270 
6650.052273  	103.446726 
6651.483932  	104.491899 
6652.915590  	105.280927 
6654.347248  	104.722505 
6655.778906  	104.341261 
6657.210564  	104.414806 
6658.642223  	103.958696 
6660.073881  	103.515389 
6661.505539  	103.435557 
6662.937197  	103.726425 
6664.368855  	104.522331 
6665.800513  	104.798766 
6667.232172  	104.027253 
6668.663830  	103.779720 
6670.095488  	104.655590 
6671.527146  	104.716227 
6672.958804  	103.735949 
6674.390463  	103.607214 
6675.822121  	103.945385 
6677.253779  	103.804023 
6678.685437  	104.331372 
6680.117095  	105.699026 
6681.548754  	105.787882 
6682.980412  	103.790093 
6684.412070  	102.348434 
6685.843728  	102.910371 
6687.275386  	103.497154 
6688.707044  	103.479934 
6690.138703  	103.482569 
6691.570361  	103.617124 
6693.002019  	104.305414 
6694.433677  	104.355727 
6695.865335  	103.463526 
6697.296994  	103.472217 
6698.728652  	103.786054 
6700.160310  	104.284287 
6701.591968  	105.541187 
6703.023626  	105.807291 
6704.455284  	105.752631 
6705.886943  	105.553849 
6707.318601  	103.784881 
6708.750259  	103.498183 
6710.181917  	104.907988 
6711.613575  	104.510311 
6713.045234  	103.888242 
6714.476892  	104.374242 
6715.908550  	105.051858 
6717.340208  	105.509257 
6718.771866  	104.034907 
6720.203525  	102.722274 
6721.635183  	104.182628 
6723.066841  	105.399486 
6724.498499  	105.581082 
6725.930157  	105.985956 
6727.361815  	104.799766 
6728.793474  	102.619011 
6730.225132  	102.133686 
6731.656790  	103.687134 
6733.088448  	104.921170 
6734.520106  	104.285598 
6735.951765  	104.116802 
6737.383423  	105.013403 
6738.815081  	104.559695 
6740.246739  	103.642098 
6741.678397  	103.594833 
6743.110056  	103.916686 
6744.541714  	105.033919 
6745.973372  	106.457679 
6747.405030  	106.665920 
6748.836688  	105.415945 
6750.268346  	103.897703 
6751.700005  	103.584081 
6753.131663  	103.528003 
6754.563321  	102.842646 
6755.994979  	103.563628 
6757.426637  	105.455923 
6758.858296  	105.352847 
6760.289954  	103.659765 
6761.721612  	102.861984 
6763.153270  	102.885834 
6764.584928  	102.972531 
6766.016586  	103.913800 
6767.448245  	105.080845 
6768.879903  	105.020042 
6770.311561  	104.749319 
6771.743219  	104.502016 
6773.174877  	103.568886 
6774.606536  	103.265088 
6776.038194  	103.666348 
6777.469852  	103.871342 
6778.901510  	104.197995 
6780.333168  	104.380557 
6781.764827  	104.727365 
6783.196485  	104.976445 
6784.628143  	104.051013 
6786.059801  	103.452205 
6787.491459  	103.490326 
6788.923117  	103.032149 
6790.354776  	103.342483 
6791.786434  	104.209842 
6793.218092  	104.210742 
6794.649750  	104.032345 
6796.081408  	103.881588 
6797.513067  	103.844719 
6798.944725  	103.765402 
6800.376383  	103.244075 
6801.808041  	103.524330 
6803.239699  	104.044711 
6804.671357  	103.454928 
6806.103016  	103.765586 
6807.534674  	105.245044 
6808.966332  	105.581956 
6810.397990  	104.822025 
6811.829648  	104.233413 
6813.261307  	104.134948 
6814.692965  	103.827226 
6816.124623  	103.229064 
6817.556281  	103.646927 
6818.987939  	104.699580 
6820.419598  	104.758008 
6821.851256  	104.321386 
6823.282914  	104.440449 
6824.714572  	104.853415 
6826.146230  	105.080109 
6827.577888  	105.121164 
6829.009547  	104.528793 
6830.441205  	103.439728 
6831.872863  	103.281866 
6833.304521  	103.541597 
6834.736179  	103.100562 
6836.167838  	103.002558 
6837.599496  	103.346712 
6839.031154  	103.526484 
6840.462812  	103.897682 
6841.894470  	103.918492 
6843.326129  	103.824350 
6844.757787  	104.469361 
6846.189445  	104.905138 
6847.621103  	104.974651 
6849.052761  	105.367810 
6850.484419  	105.577619 
6851.916078  	105.031622 
6853.347736  	103.939513 
6854.779394  	103.986999 
6856.211052  	104.850406 
6857.642710  	104.127574 
6859.074369  	103.361079 
6860.506027  	103.755325 
6861.937685  	103.815554 
6863.369343  	104.079899 
6864.801001  	103.968981 
6866.232659  	102.972768 
6867.664318  	103.294606 
6869.095976  	103.840550 
6870.527634  	103.926023 
6871.959292  	104.690215 
6873.390950  	104.251094 
6874.822609  	103.338131 
6876.254267  	103.921515 
6877.685925  	103.766152 
6879.117583  	103.551941 
6880.549241  	104.879753 
6881.980900  	105.684207 
6883.412558  	105.426667 
6884.844216  	104.669323 
6886.275874  	104.131538 
6887.707532  	104.939794 
6889.139190  	104.779050 
6890.570849  	103.257218 
6892.002507  	103.815954 
6893.434165  	105.123461 
6894.865823  	104.059522 
6896.297481  	102.708660 
6897.729140  	103.062509 
6899.160798  	104.071554 
6900.592456  	104.462137 
6902.024114  	103.892664 
6903.455772  	103.878624 
6904.887431  	104.716457 
6906.319089  	104.149224 
6907.750747  	103.305585 
6909.182405  	104.331644 
6910.614063  	104.518391 
6912.045721  	103.280641 
6913.477380  	103.721060 
6914.909038  	105.171573 
6916.340696  	105.513635 
6917.772354  	104.324283 
6919.204012  	102.570024 
6920.635671  	102.537996 
6922.067329  	103.157225 
6923.498987  	102.382314 
6924.930645  	102.143315 
6926.362303  	102.447642 
6927.793961  	102.047854 
6929.225620  	102.288402 
6930.657278  	103.331727 
6932.088936  	104.796748 
6933.520594  	105.838465 
6934.952252  	104.728138 
6936.383911  	103.495029 
6937.815569  	103.749393 
6939.247227  	103.784042 
6940.678885  	103.940419 
6942.110543  	104.711749 
6943.542202  	104.802606 
6944.973860  	103.914136 
6946.405518  	103.146948 
6947.837176  	103.886591 
6949.268834  	104.474662 
6950.700492  	103.092945 
6952.132151  	102.191456 
6953.563809  	102.646805 
6954.995467  	103.655361 
6956.427125  	104.819005 
6957.858783  	104.612537 
6959.290442  	103.901764 
6960.722100  	104.124180 
6962.153758  	103.562827 
6963.585416  	102.915936 
6965.017074  	103.443958 
6966.448732  	103.973453 
6967.880391  	104.384659 
6969.312049  	104.109473 
6970.743707  	103.838158 
6972.175365  	105.016530 
6973.607023  	105.102560 
6975.038682  	103.648953 
6976.470340  	103.577001 
6977.901998  	105.011987 
6979.333656  	107.033239 
6980.765314  	107.602002 
6982.196973  	105.054522 
6983.628631  	102.958010 
6985.060289  	103.469568 
6986.491947  	104.383505 
6987.923605  	104.149676 
6989.355263  	103.220878 
6990.786922  	102.632328 
6992.218580  	102.755868 
6993.650238  	103.448927 
6995.081896  	104.127874 
6996.513554  	104.279667 
6997.945213  	104.603606 
6999.376871  	104.669796 
7000.808529  	103.630457 
7002.240187  	103.085272 
7003.671845  	102.995637 
7005.103504  	102.760064 
7006.535162  	103.756268 
7007.966820  	104.462150 
7009.398478  	103.825041 
7010.830136  	103.941435 
7012.261794  	103.816738 
7013.693453  	103.148233 
7015.125111  	103.923635 
7016.556769  	104.968718 
7017.988427  	104.829106 
7019.420085  	103.828081 
7020.851744  	102.647336 
7022.283402  	102.322190 
7023.715060  	102.904746 
7025.146718  	104.449665 
7026.578376  	105.536951 
7028.010034  	104.012271 
7029.441693  	102.827972 
7030.873351  	104.110921 
7032.305009  	104.552839 
7033.736667  	104.271194 
7035.168325  	105.310744 
7036.599984  	105.941615 
7038.031642  	105.493049 
7039.463300  	104.436947 
7040.894958  	102.760364 
7042.326616  	102.027585 
7043.758275  	103.145180 
7045.189933  	103.902321 
7046.621591  	103.218310 
7048.053249  	103.172599 
7049.484907  	104.261369 
7050.916565  	104.840677 
7052.348224  	104.928495 
7053.779882  	104.875512 
7055.211540  	104.225297 
7056.643198  	103.936784 
7058.074856  	104.285290 
7059.506515  	103.918311 
7060.938173  	102.958199 
7062.369831  	102.702099 
7063.801489  	103.081282 
7065.233147  	102.507804 
7066.664806  	101.367462 
7068.096464  	101.694221 
7069.528122  	103.055255 
7070.959780  	103.685346 
7072.391438  	103.512554 
7073.823096  	103.571004 
7075.254755  	104.613290 
7076.686413  	104.868671 
7078.118071  	103.637047 
7079.549729  	104.068852 
7080.981387  	105.232662 
7082.413046  	104.471296 
7083.844704  	104.233615 
7085.276362  	105.527712 
7086.708020  	106.248189 
7088.139678  	106.096960 
7089.571336  	104.871191 
7091.002995  	103.578720 
7092.434653  	103.470833 
7093.866311  	103.507226 
7095.297969  	103.191099 
7096.729627  	103.326803 
7098.161286  	104.108897 
7099.592944  	104.692522 
7101.024602  	103.786976 
7102.456260  	102.333060 
7103.887918  	101.918002 
7105.319577  	102.407732 
7106.751235  	103.494746 
7108.182893  	103.435014 
7109.614551  	101.799065 
7111.046209  	101.373149 
7112.477867  	102.145928 
7113.909526  	102.479459 
7115.341184  	103.219251 
7116.772842  	103.602222 
7118.204500  	103.260507 
7119.636158  	103.624441 
7121.067817  	103.206758 
7122.499475  	102.419865 
7123.931133  	103.427708 
7125.362791  	104.204201 
7126.794449  	103.099603 
7128.226108  	102.002073 
7129.657766  	102.242730 
7131.089424  	103.740169 
7132.521082  	104.639490 
7133.952740  	103.245145 
7135.384398  	102.120871 
7136.816057  	103.257294 
7138.247715  	104.640998 
7139.679373  	105.262884 
7141.111031  	105.647413 
7142.542689  	105.046811 
7143.974348  	103.834050 
7145.406006  	103.847963 
7146.837664  	105.050830 
7148.269322  	104.946862 
7149.700980  	103.030174 
7151.132638  	102.333660 
7152.564297  	103.866497 
7153.995955  	104.394302 
7155.427613  	103.597432 
7156.859271  	103.294894 
7158.290929  	102.772097 
7159.722588  	102.884367 
7161.154246  	104.429987 
7162.585904  	104.975378 
7164.017562  	104.092297 
7165.449220  	103.210708 
7166.880879  	103.468856 
7168.312537  	105.094864 
7169.744195  	105.139618 
7171.175853  	103.834910 
7172.607511  	103.633952 
7174.039169  	102.492299 
7175.470828  	101.401276 
7176.902486  	103.042858 
7178.334144  	104.037274 
7179.765802  	103.325146 
7181.197460  	103.146814 
7182.629119  	102.231152 
7184.060777  	102.278589 
7185.492435  	104.642862 
7186.924093  	105.266833 
7188.355751  	103.317298 
7189.787409  	101.892381 
7191.219068  	102.043602 
7192.650726  	103.279831 
7194.082384  	104.413407 
7195.514042  	104.338946 
7196.945700  	104.026306 
7198.377359  	104.783400 
7199.809017  	104.785387 
7201.240675  	102.591931 
7202.672333  	101.516770 
7204.103991  	102.569534 
7205.535650  	102.571324 
7206.967308  	102.409583 
7208.398966  	103.904890 
7209.830624  	104.308722 
7211.262282  	103.007517 
7212.693940  	101.920848 
7214.125599  	102.110493 
7215.557257  	103.166899 
7216.988915  	102.634893 
7218.420573  	100.497573 
7219.852231  	99.631795 
7221.283890  	99.988109 
7222.715548  	100.563324 
7224.147206  	102.107277 
7225.578864  	103.614968 
7227.010522  	103.636341 
7228.442181  	102.993120 
7229.873839  	102.855794 
7231.305497  	103.727465 
7232.737155  	105.693789 
7234.168813  	107.569086 
7235.600471  	106.563845 
7237.032130  	103.733262 
7238.463788  	103.148493 
7239.895446  	104.757788 
7241.327104  	105.242838 
7242.758762  	104.847279 
7244.190421  	104.536793 
7245.622079  	104.915757 
7247.053737  	106.190708 
7248.485395  	105.762082 
7249.917053  	103.790124 
7251.348711  	103.039040 
7252.780370  	102.169167 
7254.212028  	100.972719 
7255.643686  	102.486001 
7257.075344  	104.538850 
7258.507002  	103.985816 
7259.938661  	103.078800 
7261.370319  	103.601132 
7262.801977  	103.170658 
7264.233635  	101.936549 
7265.665293  	102.796136 
7267.096952  	104.378237 
7268.528610  	104.223472 
7269.960268  	103.976612 
7271.391926  	103.809831 
7272.823584  	103.386758 
7274.255242  	104.568956 
7275.686901  	105.137860 
7277.118559  	103.871636 
7278.550217  	103.843189 
7279.981875  	103.819020 
7281.413533  	103.053903 
7282.845192  	104.084666 
7284.276850  	104.560016 
7285.708508  	103.681073 
7287.140166  	104.696387 
7288.571824  	106.192865 
7290.003483  	105.219361 
7291.435141  	103.058257 
7292.866799  	102.743687 
7294.298457  	104.284756 
7295.730115  	103.949461 
7297.161773  	103.708325 
7298.593432  	105.956740 
7300.025090  	105.170430 
7301.456748  	102.434932 
7302.888406  	103.574752 
7304.320064  	104.162595 
7305.751723  	102.954170 
7307.183381  	103.524326 
7308.615039  	103.490397 
7310.046697  	102.332986 
7311.478355  	102.135721 
7312.910013  	102.412779 
7314.341672  	103.701035 
7315.773330  	104.844331 
7317.204988  	104.112792 
7318.636646  	103.378067 
7320.068304  	103.056439 
7321.499963  	103.068100 
7322.931621  	104.053788 
7324.363279  	104.636094 
7325.794937  	104.756945 
7327.226595  	105.205381 
7328.658254  	104.725310 
7330.089912  	102.771969 
7331.521570  	101.165971 
7332.953228  	102.092941 
7334.384886  	104.779638 
7335.816544  	105.329775 
7337.248203  	102.999948 
7338.679861  	100.980999 
7340.111519  	101.688361 
7341.543177  	103.761121 
7342.974835  	103.806008 
7344.406494  	103.431691 
7345.838152  	104.255367 
7347.269810  	103.988780 
7348.701468  	103.093574 
7350.133126  	102.844532 
7351.564785  	103.580868 
7352.996443  	106.211752 
7354.428101  	107.867133 
7355.859759  	106.672317 
7357.291417  	105.727507 
7358.723075  	103.961459 
7360.154734  	102.134828 
7361.586392  	103.165276 
7363.018050  	104.120375 
7364.449708  	103.356193 
7365.881366  	102.551298 
7367.313025  	101.511936 
7368.744683  	101.614905 
7370.176341  	102.452909 
7371.607999  	102.402573 
7373.039657  	103.698771 
7374.471315  	105.548540 
7375.902974  	105.646788 
7377.334632  	106.086048 
7378.766290  	106.470297 
7380.197948  	105.212381 
7381.629606  	103.459926 
7383.061265  	102.559743 
7384.492923  	103.742594 
7385.924581  	104.873496 
7387.356239  	102.913877 
7388.787897  	101.588369 
7390.219556  	104.028271 
7391.651214  	106.554766 
7393.082872  	105.233275 
7394.514530  	101.834213 
7395.946188  	100.570160 
7397.377846  	102.849888 
7398.809505  	105.274216 
7400.241163  	104.376852 
7401.672821  	102.161205 
7403.104479  	101.783620 
7404.536137  	101.460782 
7405.967796  	100.299421 
7407.399454  	100.925745 
7408.831112  	102.888532 
7410.262770  	105.442896 
7411.694428  	108.503749 
7413.126086  	107.458905 
7414.557745  	103.122892 
7415.989403  	103.118297 
7417.421061  	105.625640 
7418.852719  	105.418020 
7420.284377  	104.590666 
7421.716036  	104.859213 
7423.147694  	105.013428 
7424.579352  	105.259558 
7426.011010  	105.369793 
7427.442668  	104.550229 
7428.874327  	103.234124 
7430.305985  	103.439552 
7431.737643  	104.764968 
7433.169301  	104.380994 
7434.600959  	104.471961 
7436.032617  	105.434868 
7437.464276  	102.874051 
7438.895934  	101.005618 
7440.327592  	102.417113 
7441.759250  	100.757251 
7443.190908  	98.145626 
7444.622567  	99.822373 
7446.054225  	101.795165 
7447.485883  	103.695817 
7448.917541  	106.197373 
7450.349199  	105.349631 
7451.780858  	103.391575 
7453.212516  	103.632512 
7454.644174  	104.629677 
7456.075832  	105.730343 
7457.507490  	104.438107 
7458.939148  	101.128541 
7460.370807  	99.363499 
7461.802465  	99.301904 
7463.234123  	101.895502 
7464.665781  	103.805020 
7466.097439  	99.956913 
7467.529098  	98.558086 
7468.960756  	102.663561 
7470.392414  	104.476402 
7471.824072  	104.491899 
7473.255730  	105.523341 
7474.687388  	104.619944 
7476.119047  	103.696566 
7477.550705  	104.040691 
7478.982363  	105.100897 
7480.414021  	106.001399 
7481.845679  	103.598916 
7483.277338  	99.964359 
7484.708996  	98.398594 
7486.140654  	98.725679 
7487.572312  	102.011622 
7489.003970  	104.817572 
7490.435629  	103.007591 
7491.867287  	101.040521 
7493.298945  	99.994512 
7494.730603  	100.437077 
7496.162261  	104.385374 
7497.593919  	106.248378 
7499.025578  	104.712809 
7500.457236  	104.687605 
7501.888894  	104.638869 
7503.320552  	104.031342 
7504.752210  	104.054224 
7506.183869  	102.613750 
7507.615527  	100.854274 
7509.047185  	100.447468 
7510.478843  	100.437264 
7511.910501  	99.853567 
7513.342160  	99.590457 
7514.773818  	101.628587 
7516.205476  	104.181764 
7517.637134  	104.675350 
7519.068792  	104.643701 
7520.500450  	103.971706 
7521.932109  	102.953499 
7523.363767  	103.617026 
7524.795425  	104.133245 
7526.227083  	105.150221 
7527.658741  	107.423605 
7529.090400  	107.123665 
7530.522058  	105.130215 
7531.953716  	104.347981 
7533.385374  	104.620496 
7534.817032  	105.287725 
7536.248690  	103.650809 
7537.680349  	101.559801 
7539.112007  	102.902121 
7540.543665  	103.806703 
7541.975323  	103.505974 
7543.406981  	105.060416 
7544.838640  	105.842731 
7546.270298  	105.862420 
7547.701956  	105.140094 
7549.133614  	100.821376 
7550.565272  	97.818439 
7551.996931  	100.429290 
7553.428589  	103.215169 
7554.860247  	104.623998 
7556.291905  	106.546037 
7557.723563  	106.472533 
7559.155221  	104.146605 
7560.586880  	103.915720 
7562.018538  	105.235003 
7563.450196  	104.184255 
7564.881854  	103.230960 
7566.313512  	105.263690 
7567.745171  	105.603723 
7569.176829  	103.524046 
7570.608487  	103.978057 
7572.040145  	106.335820 
7573.471803  	105.648218 
7574.903461  	102.764418 
7576.335120  	101.945826 
7577.766778  	103.959906 
7579.198436  	105.855837 
7580.630094  	106.570590 
7582.061752  	106.243836 
7583.493411  	104.206909 
7584.925069  	102.747390 
7586.356727  	103.561035 
7587.788385  	103.468372 
7589.220043  	102.652270 
7590.651702  	104.552209 
7592.083360  	106.340364 
7593.515018  	104.927757 
7594.946676  	104.103165 
7596.378334  	104.772197 
7597.809992  	104.435733 
7599.241651  	105.166161 
7600.673309  	106.639843 
7602.104967  	103.908359 
7603.536625  	100.580539 
7604.968283  	102.861169 
7606.399942  	108.130169 
7607.831600  	110.152466 
7609.263258  	107.851777 
7610.694916  	104.783550 
7612.126574  	103.662025 
7613.558233  	104.301577 
7614.989891  	105.441961 
7616.421549  	104.405641 
7617.853207  	102.347698 
7619.284865  	103.390937 
7620.716523  	104.176366 
7622.148182  	102.078727 
7623.579840  	102.221872 
7625.011498  	103.767300 
7626.443156  	104.341756 
7627.874814  	107.359267 
7629.306473  	108.092175 
7630.738131  	104.476685 
7632.169789  	103.351451 
7633.601447  	103.299258 
7635.033105  	101.028678 
7636.464763  	100.099566 
7637.896422  	100.922830 
7639.328080  	103.876363 
7640.759738  	107.912630 
7642.191396  	108.537113 
7643.623054  	107.663855 
7645.054713  	106.818252 
7646.486371  	103.211449 
7647.918029  	101.689884 
7649.349687  	103.342626 
7650.781345  	102.787020 
7652.213004  	100.845332 
7653.644662  	100.456005 
7655.076320  	101.642255 
7656.507978  	102.509140 
7657.939636  	101.049303 
7659.371294  	99.857069 
7660.802953  	101.290256 
7662.234611  	103.066407 
7663.666269  	103.834283 
7665.097927  	103.477283 
7666.529585  	102.254546 
7667.961244  	103.242049 
7669.392902  	105.108032 
7670.824560  	103.810731 
7672.256218  	101.880982 
7673.687876  	101.929019 
7675.119535  	102.478360 
7676.551193  	103.719987 
7677.982851  	104.207147 
7679.414509  	102.215746 
7680.846167  	100.979966 
7682.277825  	102.451147 
7683.709484  	102.512031 
7685.141142  	101.899435 
7686.572800  	104.300197 
7688.004458  	107.048139 
7689.436116  	106.657252 
7690.867775  	105.475238 
7692.299433  	105.393618 
7693.731091  	107.217775 
7695.162749  	109.057695 
7696.594407  	106.981408 
7698.026065  	103.036392 
7699.457724  	100.870444 
7700.889382  	101.287368 
7702.321040  	104.599154 
7703.752698  	107.647929 
7705.184356  	107.612574 
7706.616015  	105.364992 
7708.047673  	102.419035 
7709.479331  	103.017826 
7710.910989  	106.248326 
7712.342647  	105.506339 
7713.774306  	103.418783 
7715.205964  	103.755959 
7716.637622  	104.727116 
7718.069280  	106.412526 
7719.500938  	108.245753 
7720.932596  	108.874700 
7722.364255  	108.276204 
7723.795913  	105.694568 
7725.227571  	104.687075 
7726.659229  	105.303223 
7728.090887  	103.750102 
7729.522546  	103.172500 
7730.954204  	104.443335 
7732.385862  	106.222436 
7733.817520  	108.758563 
7735.249178  	104.633440 
7736.680837  	99.239652 
7738.112495  	102.199249 
7739.544153  	104.154777 
7740.975811  	101.080860 
7742.407469  	102.390256 
7743.839127  	103.187811 
7745.270786  	101.583575 
7746.702444  	101.344608 
7748.134102  	100.687167 
7749.565760  	102.252736 
7750.997418  	105.253706 
7752.429077  	104.547623 
7753.860735  	104.290891 
7755.292393  	104.642816 
7756.724051  	103.954039 
7758.155709  	105.888073 
7759.587367  	108.588253 
7761.019026  	108.451383 
7762.450684  	106.318507 
7763.882342  	103.897972 
7765.314000  	102.446450 
7766.745658  	102.848718 
7768.177317  	105.210062 
7769.608975  	104.757656 
7771.040633  	98.852483 
7772.472291  	97.279123 
7773.903949  	103.728248 
7775.335608  	106.455395 
7776.767266  	105.233203 
7778.198924  	104.744341 
7779.630582  	105.152130 
7781.062240  	108.316984 
7782.493898  	108.926837 
7783.925557  	103.305812 
7785.357215  	100.855736 
7786.788873  	102.114500 
7788.220531  	101.887540 
7789.652189  	102.249000 
7791.083848  	103.849820 
7792.515506  	104.509482 
7793.947164  	105.291977 
7795.378822  	107.780022 
7796.810480  	108.605163 
7798.242138  	105.694553 
7799.673797  	103.012026 
7801.105455  	103.252564 
7802.537113  	105.800600 
7803.968771  	107.405754 
7805.400429  	102.063083 
7806.832088  	95.692423 
7808.263746  	96.822472 
7809.695404  	103.437021 
7811.127062  	109.287770 
7812.558720  	108.669898 
7813.990379  	105.537887 
7815.422037  	107.200971 
7816.853695  	109.726925 
7818.285353  	109.576344 
7819.717011  	108.185160 
7821.148669  	102.966598 
7822.580328  	99.017833 
7824.011986  	100.030143 
7825.443644  	99.955343 
7826.875302  	102.106295 
7828.306960  	105.421919 
7829.738619  	104.132165 
7831.170277  	106.970459 
7832.601935  	112.538081 
7834.033593  	110.011112 
7835.465251  	104.192434 
7836.896910  	102.116252 
7838.328568  	105.010324 
7839.760226  	106.344304 
7841.191884  	99.480456 
7842.623542  	99.139261 
7844.055200  	106.500916 
7845.486859  	104.728699 
7846.918517  	102.377330 
7848.350175  	105.423736 
7849.781833  	103.042322 
7851.213491  	101.646112 
7852.645150  	103.647924 
7854.076808  	101.333867 
7855.508466  	101.374012 
7856.940124  	102.794185 
7858.371782  	99.624691 
7859.803440  	101.038725 
7861.235099  	106.972061 
7862.666757  	108.034514 
7864.098415  	105.266693 
7865.530073  	101.123512 
7866.961731  	97.998535 
7868.393390  	99.698065 
7869.825048  	102.790178 
7871.256706  	104.757896 
7872.688364  	106.856716 
7874.120022  	106.088247 
7875.551681  	103.182818 
7876.983339  	103.238809 
7878.414997  	105.553522 
7879.846655  	104.351787 
7881.278313  	99.568301 
7882.709971  	96.816889 
7884.141630  	97.391802 
7885.573288  	101.231840 
7887.004946  	105.999996 
7888.436604  	106.305792 
7889.868262  	104.064648 
7891.299921  	104.145005 
7892.731579  	103.911637 
7894.163237  	102.854997 
7895.594895  	105.576021 
7897.026553  	108.730843 
7898.458212  	107.401380 
7899.889870  	103.645072 