##TITLE=No Description
##DATA TYPE=INFRARED SPECTRUM
##XUNITS=1/CM
##YUNITS=Abs
349.324597  	-0.153504 
350.756256  	-0.502212 
352.187914  	-0.330127 
353.619572  	-0.014498 
355.051230  	0.079000 
356.482888  	0.167409 
357.914546  	0.135188 
359.346205  	-0.074645 
360.777863  	-0.133763 
362.209521  	-0.065472 
363.641179  	-0.007980 
365.072837  	-0.005764 
366.504496  	0.008514 
367.936154  	0.008313 
369.367812  	0.002694 
370.799470  	0.045255 
372.231128  	0.058050 
373.662787  	0.035284 
375.094445  	0.143493 
376.526103  	0.125802 
377.957761  	0.056233 
379.389419  	0.046911 
380.821077  	0.054537 
382.252736  	0.039220 
383.684394  	0.023856 
385.116052  	0.036223 
386.547710  	0.065595 
387.979368  	0.095438 
389.411027  	0.108572 
390.842685  	0.099203 
392.274343  	0.095251 
393.706001  	0.105129 
395.137659  	0.110850 
396.569317  	0.095213 
398.000976  	0.101811 
399.432634  	0.123622 
400.864292  	0.118358 
402.295950  	0.094079 
403.727608  	0.071161 
405.159267  	0.049643 
406.590925  	0.047661 
408.022583  	0.073127 
409.454241  	0.090157 
410.885899  	0.083262 
412.317558  	0.087148 
413.749216  	0.095286 
415.180874  	0.074073 
416.612532  	0.051822 
418.044190  	0.041416 
419.475848  	0.033617 
420.907507  	0.044449 
422.339165  	0.049398 
423.770823  	0.041332 
425.202481  	0.041601 
426.634139  	0.041533 
428.065798  	0.033622 
429.497456  	0.037752 
430.929114  	0.051018 
432.360772  	0.055094 
433.792430  	0.050546 
435.224089  	0.046073 
436.655747  	0.043634 
438.087405  	0.040291 
439.519063  	0.044072 
440.950721  	0.056856 
442.382379  	0.065916 
443.814038  	0.070338 
445.245696  	0.066456 
446.677354  	0.050408 
448.109012  	0.047745 
449.540670  	0.055333 
450.972329  	0.052273 
452.403987  	0.052915 
453.835645  	0.057185 
455.267303  	0.054589 
456.698961  	0.058979 
458.130619  	0.059506 
459.562278  	0.050365 
460.993936  	0.057523 
462.425594  	0.069820 
463.857252  	0.072438 
465.288910  	0.075909 
466.720569  	0.076660 
468.152227  	0.068723 
469.583885  	0.066069 
471.015543  	0.072507 
472.447201  	0.078621 
473.878860  	0.078852 
475.310518  	0.078781 
476.742176  	0.078604 
478.173834  	0.075977 
479.605492  	0.077809 
481.037150  	0.083750 
482.468809  	0.085774 
483.900467  	0.085458 
485.332125  	0.085165 
486.763783  	0.085356 
488.195441  	0.089223 
489.627100  	0.093899 
491.058758  	0.094216 
492.490416  	0.092073 
493.922074  	0.092239 
495.353732  	0.094608 
496.785391  	0.094435 
498.217049  	0.091241 
499.648707  	0.089354 
501.080365  	0.090485 
502.512023  	0.093555 
503.943681  	0.093307 
505.375340  	0.092211 
506.806998  	0.096317 
508.238656  	0.098661 
509.670314  	0.095687 
511.101972  	0.093995 
512.533631  	0.093003 
513.965289  	0.094586 
515.396947  	0.099756 
516.828605  	0.099977 
518.260263  	0.099139 
519.691921  	0.104765 
521.123580  	0.109154 
522.555238  	0.112348 
523.986896  	0.118015 
525.418554  	0.121771 
526.850212  	0.125310 
528.281871  	0.132412 
529.713529  	0.139146 
531.145187  	0.143119 
532.576845  	0.147048 
534.008503  	0.154574 
535.440162  	0.163487 
536.871820  	0.171135 
538.303478  	0.180904 
539.735136  	0.191484 
541.166794  	0.200552 
542.598452  	0.212604 
544.030111  	0.227128 
545.461769  	0.240450 
546.893427  	0.252666 
548.325085  	0.264780 
549.756743  	0.278540 
551.188402  	0.290144 
552.620060  	0.294356 
554.051718  	0.293394 
555.483376  	0.287000 
556.915034  	0.275957 
558.346692  	0.263086 
559.778351  	0.247394 
561.210009  	0.231181 
562.641667  	0.215515 
564.073325  	0.196889 
565.504983  	0.173605 
566.936642  	0.146156 
568.368300  	0.119620 
569.799958  	0.100218 
571.231616  	0.091031 
572.663274  	0.092759 
574.094933  	0.099702 
575.526591  	0.105161 
576.958249  	0.107362 
578.389907  	0.107616 
579.821565  	0.108009 
581.253223  	0.108293 
582.684882  	0.106689 
584.116540  	0.104978 
585.548198  	0.104956 
586.979856  	0.106583 
588.411514  	0.110064 
589.843173  	0.113286 
591.274831  	0.115287 
592.706489  	0.118843 
594.138147  	0.123611 
595.569805  	0.128840 
597.001464  	0.136148 
598.433122  	0.144637 
599.864780  	0.153049 
601.296438  	0.160286 
602.728096  	0.166265 
604.159754  	0.172477 
605.591413  	0.176617 
607.023071  	0.179086 
608.454729  	0.181555 
609.886387  	0.178410 
611.318045  	0.168319 
612.749704  	0.154382 
614.181362  	0.138864 
615.613020  	0.125765 
617.044678  	0.115422 
618.476336  	0.106606 
619.907994  	0.100656 
621.339653  	0.098298 
622.771311  	0.098829 
624.202969  	0.101372 
625.634627  	0.105171 
627.066285  	0.109901 
628.497944  	0.115015 
629.929602  	0.120139 
631.361260  	0.124490 
632.792918  	0.124958 
634.224576  	0.121884 
635.656235  	0.117000 
637.087893  	0.108058 
638.519551  	0.097513 
639.951209  	0.088693 
641.382867  	0.080549 
642.814525  	0.072968 
644.246184  	0.065768 
645.677842  	0.059450 
647.109500  	0.055447 
648.541158  	0.051653 
649.972816  	0.046624 
651.404475  	0.042764 
652.836133  	0.040741 
654.267791  	0.039382 
655.699449  	0.038029 
657.131107  	0.035791 
658.562766  	0.033739 
659.994424  	0.033754 
661.426082  	0.034140 
662.857740  	0.033353 
664.289398  	0.032751 
665.721056  	0.033995 
667.152715  	0.039081 
668.584373  	0.043364 
670.016031  	0.038561 
671.447689  	0.036412 
672.879347  	0.037452 
674.311006  	0.038541 
675.742664  	0.039731 
677.174322  	0.041667 
678.605980  	0.043307 
680.037638  	0.045148 
681.469296  	0.047977 
682.900955  	0.051454 
684.332613  	0.054662 
685.764271  	0.057648 
687.195929  	0.060629 
688.627587  	0.061480 
690.059246  	0.060985 
691.490904  	0.061898 
692.922562  	0.063129 
694.354220  	0.064668 
695.785878  	0.067175 
697.217537  	0.070212 
698.649195  	0.075114 
700.080853  	0.081126 
701.512511  	0.086494 
702.944169  	0.091544 
704.375827  	0.095172 
705.807486  	0.097722 
707.239144  	0.098938 
708.670802  	0.096500 
710.102460  	0.093348 
711.534118  	0.090698 
712.965777  	0.086790 
714.397435  	0.083863 
715.829093  	0.081484 
717.260751  	0.078888 
718.692409  	0.078644 
720.124067  	0.079380 
721.555726  	0.080167 
722.987384  	0.082700 
724.419042  	0.085581 
725.850700  	0.088211 
727.282358  	0.090623 
728.714017  	0.091928 
730.145675  	0.093193 
731.577333  	0.093851 
733.008991  	0.092762 
734.440649  	0.091162 
735.872308  	0.089572 
737.303966  	0.088879 
738.735624  	0.089939 
740.167282  	0.092046 
741.598940  	0.095173 
743.030598  	0.098893 
744.462257  	0.103128 
745.893915  	0.108717 
747.325573  	0.114675 
748.757231  	0.120955 
750.188889  	0.128062 
751.620548  	0.134901 
753.052206  	0.141949 
754.483864  	0.148946 
755.915522  	0.154530 
757.347180  	0.159066 
758.778839  	0.162331 
760.210497  	0.164751 
761.642155  	0.167122 
763.073813  	0.169146 
764.505471  	0.171579 
765.937129  	0.173588 
767.368788  	0.173465 
768.800446  	0.171287 
770.232104  	0.165905 
771.663762  	0.156958 
773.095420  	0.146020 
774.527079  	0.134471 
775.958737  	0.123894 
777.390395  	0.114767 
778.822053  	0.106957 
780.253711  	0.101191 
781.685369  	0.097229 
783.117028  	0.094092 
784.548686  	0.091510 
785.980344  	0.089875 
787.412002  	0.089532 
788.843660  	0.089440 
790.275319  	0.089245 
791.706977  	0.089999 
793.138635  	0.091131 
794.570293  	0.092837 
796.001951  	0.096420 
797.433610  	0.101145 
798.865268  	0.107524 
800.296926  	0.116864 
801.728584  	0.128460 
803.160242  	0.142231 
804.591900  	0.157140 
806.023559  	0.171915 
807.455217  	0.187442 
808.886875  	0.202615 
810.318533  	0.216315 
811.750191  	0.228087 
813.181850  	0.235823 
814.613508  	0.239123 
816.045166  	0.237902 
817.476824  	0.234221 
818.908482  	0.232689 
820.340141  	0.234549 
821.771799  	0.240740 
823.203457  	0.252302 
824.635115  	0.266903 
826.066773  	0.281353 
827.498431  	0.290579 
828.930090  	0.291169 
830.361748  	0.284140 
831.793406  	0.269759 
833.225064  	0.251154 
834.656722  	0.231360 
836.088381  	0.210619 
837.520039  	0.191971 
838.951697  	0.176869 
840.383355  	0.164045 
841.815013  	0.153761 
843.246671  	0.145115 
844.678330  	0.136863 
846.109988  	0.128838 
847.541646  	0.119695 
848.973304  	0.109356 
850.404962  	0.098769 
851.836621  	0.088155 
853.268279  	0.078516 
854.699937  	0.070215 
856.131595  	0.063140 
857.563253  	0.058034 
858.994912  	0.054407 
860.426570  	0.051957 
861.858228  	0.051276 
863.289886  	0.051168 
864.721544  	0.051414 
866.153202  	0.053281 
867.584861  	0.056196 
869.016519  	0.059691 
870.448177  	0.064009 
871.879835  	0.068989 
873.311493  	0.074938 
874.743152  	0.081699 
876.174810  	0.088868 
877.606468  	0.096530 
879.038126  	0.104902 
880.469784  	0.114275 
881.901443  	0.123847 
883.333101  	0.132676 
884.764759  	0.139821 
886.196417  	0.143526 
887.628075  	0.143272 
889.059733  	0.137832 
890.491392  	0.125925 
891.923050  	0.109637 
893.354708  	0.092035 
894.786366  	0.076436 
896.218024  	0.065609 
897.649683  	0.059234 
899.081341  	0.055867 
900.512999  	0.054703 
901.944657  	0.054354 
903.376315  	0.054522 
904.807973  	0.055657 
906.239632  	0.057120 
907.671290  	0.058827 
909.102948  	0.060919 
910.534606  	0.063144 
911.966264  	0.065774 
913.397923  	0.068838 
914.829581  	0.072108 
916.261239  	0.075023 
917.692897  	0.076751 
919.124555  	0.077235 
920.556214  	0.076671 
921.987872  	0.075511 
923.419530  	0.074176 
924.851188  	0.072899 
926.282846  	0.072806 
927.714504  	0.074185 
929.146163  	0.076175 
930.577821  	0.079021 
932.009479  	0.082474 
933.441137  	0.085509 
934.872795  	0.087809 
936.304454  	0.088990 
937.736112  	0.089666 
939.167770  	0.090809 
940.599428  	0.092216 
942.031086  	0.093784 
943.462744  	0.094825 
944.894403  	0.094736 
946.326061  	0.094292 
947.757719  	0.093601 
949.189377  	0.093006 
950.621035  	0.093489 
952.052694  	0.094669 
953.484352  	0.096377 
954.916010  	0.099000 
956.347668  	0.102313 
957.779326  	0.105778 
959.210985  	0.108108 
960.642643  	0.109188 
962.074301  	0.110204 
963.505959  	0.110985 
964.937617  	0.111541 
966.369275  	0.112325 
967.800934  	0.113224 
969.232592  	0.114758 
970.664250  	0.116934 
972.095908  	0.119379 
973.527566  	0.122417 
974.959225  	0.125902 
976.390883  	0.130295 
977.822541  	0.135938 
979.254199  	0.142316 
980.685857  	0.150417 
982.117516  	0.158241 
983.549174  	0.159280 
984.980832  	0.153699 
986.412490  	0.150731 
987.844148  	0.155973 
989.275806  	0.165919 
990.707465  	0.176274 
992.139123  	0.186211 
993.570781  	0.194180 
995.002439  	0.200251 
996.434097  	0.207129 
997.865756  	0.216371 
999.297414  	0.230688 
1000.729072  	0.251789 
1002.160730  	0.277009 
1003.592388  	0.301752 
1005.024046  	0.318597 
1006.455705  	0.325496 
1007.887363  	0.329744 
1009.319021  	0.338339 
1010.750679  	0.361530 
1012.182337  	0.402218 
1013.613996  	0.428849 
1015.045654  	0.399135 
1016.477312  	0.323654 
1017.908970  	0.246902 
1019.340628  	0.189871 
1020.772287  	0.152150 
1022.203945  	0.128550 
1023.635603  	0.113224 
1025.067261  	0.103397 
1026.498919  	0.098795 
1027.930577  	0.098278 
1029.362236  	0.100332 
1030.793894  	0.103759 
1032.225552  	0.107579 
1033.657210  	0.111758 
1035.088868  	0.116118 
1036.520527  	0.120297 
1037.952185  	0.124913 
1039.383843  	0.129525 
1040.815501  	0.133677 
1042.247159  	0.138241 
1043.678818  	0.142747 
1045.110476  	0.147059 
1046.542134  	0.151566 
1047.973792  	0.155593 
1049.405450  	0.159748 
1050.837108  	0.164088 
1052.268767  	0.168511 
1053.700425  	0.174158 
1055.132083  	0.179426 
1056.563741  	0.183975 
1057.995399  	0.189453 
1059.427058  	0.194568 
1060.858716  	0.200013 
1062.290374  	0.206327 
1063.722032  	0.212110 
1065.153690  	0.219607 
1066.585348  	0.228299 
1068.017007  	0.236535 
1069.448665  	0.246717 
1070.880323  	0.257820 
1072.311981  	0.270298 
1073.743639  	0.287148 
1075.175298  	0.308474 
1076.606956  	0.336785 
1078.038614  	0.365418 
1079.470272  	0.375817 
1080.901930  	0.359852 
1082.333589  	0.322494 
1083.765247  	0.279935 
1085.196905  	0.244767 
1086.628563  	0.219279 
1088.060221  	0.204824 
1089.491879  	0.199902 
1090.923538  	0.200396 
1092.355196  	0.204694 
1093.786854  	0.210874 
1095.218512  	0.218661 
1096.650170  	0.229496 
1098.081829  	0.241065 
1099.513487  	0.252071 
1100.945145  	0.259898 
1102.376803  	0.260606 
1103.808461  	0.258016 
1105.240120  	0.255443 
1106.671778  	0.253773 
1108.103436  	0.253752 
1109.535094  	0.252188 
1110.966752  	0.248880 
1112.398410  	0.245163 
1113.830069  	0.240497 
1115.261727  	0.237373 
1116.693385  	0.235677 
1118.125043  	0.234186 
1119.556701  	0.234570 
1120.988360  	0.235592 
1122.420018  	0.237156 
1123.851676  	0.240113 
1125.283334  	0.242645 
1126.714992  	0.246390 
1128.146650  	0.251732 
1129.578309  	0.256839 
1131.009967  	0.263658 
1132.441625  	0.271833 
1133.873283  	0.280513 
1135.304941  	0.290658 
1136.736600  	0.301313 
1138.168258  	0.314018 
1139.599916  	0.328337 
1141.031574  	0.342655 
1142.463232  	0.360064 
1143.894891  	0.378641 
1145.326549  	0.397415 
1146.758207  	0.419190 
1148.189865  	0.440878 
1149.621523  	0.464456 
1151.053181  	0.490345 
1152.484840  	0.514303 
1153.916498  	0.540627 
1155.348156  	0.564336 
1156.779814  	0.580972 
1158.211472  	0.593123 
1159.643131  	0.589579 
1161.074789  	0.571346 
1162.506447  	0.541412 
1163.938105  	0.496430 
1165.369763  	0.447039 
1166.801421  	0.396607 
1168.233080  	0.349057 
1169.664738  	0.314542 
1171.096396  	0.295857 
1172.528054  	0.295522 
1173.959712  	0.314231 
1175.391371  	0.343540 
1176.823029  	0.375742 
1178.254687  	0.405819 
1179.686345  	0.432284 
1181.118003  	0.462097 
1182.549662  	0.494228 
1183.981320  	0.525708 
1185.412978  	0.553197 
1186.844636  	0.563344 
1188.276294  	0.559213 
1189.707952  	0.545259 
1191.139611  	0.520322 
1192.571269  	0.493818 
1194.002927  	0.464599 
1195.434585  	0.432368 
1196.866243  	0.401649 
1198.297902  	0.369277 
1199.729560  	0.337870 
1201.161218  	0.309454 
1202.592876  	0.282643 
1204.024534  	0.262089 
1205.456193  	0.250576 
1206.887851  	0.249985 
1208.319509  	0.264091 
1209.751167  	0.290740 
1211.182825  	0.325661 
1212.614483  	0.364146 
1214.046142  	0.397092 
1215.477800  	0.423110 
1216.909458  	0.440503 
1218.341116  	0.446745 
1219.772774  	0.448167 
1221.204433  	0.443782 
1222.636091  	0.435134 
1224.067749  	0.426140 
1225.499407  	0.413596 
1226.931065  	0.401193 
1228.362723  	0.389428 
1229.794382  	0.375739 
1231.226040  	0.364086 
1232.657698  	0.352380 
1234.089356  	0.339854 
1235.521014  	0.329266 
1236.952673  	0.318054 
1238.384331  	0.307506 
1239.815989  	0.298160 
1241.247647  	0.287792 
1242.679305  	0.278432 
1244.110964  	0.268546 
1245.542622  	0.257092 
1246.974280  	0.246054 
1248.405938  	0.233306 
1249.837596  	0.219109 
1251.269254  	0.204322 
1252.700913  	0.187717 
1254.132571  	0.170902 
1255.564229  	0.153798 
1256.995887  	0.136057 
1258.427545  	0.119257 
1259.859204  	0.103011 
1261.290862  	0.087613 
1262.722520  	0.074172 
1264.154178  	0.062408 
1265.585836  	0.052399 
1267.017495  	0.044262 
1268.449153  	0.037552 
1269.880811  	0.032242 
1271.312469  	0.028293 
1272.744127  	0.025367 
1274.175785  	0.023328 
1275.607444  	0.021917 
1277.039102  	0.021221 
1278.470760  	0.021623 
1279.902418  	0.022698 
1281.334076  	0.024255 
1282.765735  	0.026420 
1284.197393  	0.028735 
1285.629051  	0.031122 
1287.060709  	0.033449 
1288.492367  	0.035396 
1289.924025  	0.036887 
1291.355684  	0.037337 
1292.787342  	0.036485 
1294.219000  	0.034507 
1295.650658  	0.031275 
1297.082316  	0.027093 
1298.513975  	0.022710 
1299.945633  	0.018517 
1301.377291  	0.014884 
1302.808949  	0.012023 
1304.240607  	0.010160 
1305.672266  	0.009961 
1307.103924  	0.010923 
1308.535582  	0.011971 
1309.967240  	0.012157 
1311.398898  	0.010389 
1312.830556  	0.006913 
1314.262215  	0.002981 
1315.693873  	-0.000696 
1317.125531  	-0.003517 
1318.557189  	-0.005357 
1319.988847  	-0.006584 
1321.420506  	-0.007177 
1322.852164  	-0.007818 
1324.283822  	-0.008443 
1325.715480  	-0.008504 
1327.147138  	-0.008705 
1328.578796  	-0.008883 
1330.010455  	-0.008823 
1331.442113  	-0.009019 
1332.873771  	-0.008968 
1334.305429  	-0.008857 
1335.737087  	-0.009018 
1337.168746  	-0.009087 
1338.600404  	-0.009410 
1340.032062  	-0.009530 
1341.463720  	-0.009251 
1342.895378  	-0.009292 
1344.327037  	-0.009025 
1345.758695  	-0.008681 
1347.190353  	-0.008615 
1348.622011  	-0.008239 
1350.053669  	-0.008137 
1351.485327  	-0.007956 
1352.916986  	-0.007247 
1354.348644  	-0.006774 
1355.780302  	-0.005762 
1357.211960  	-0.004155 
1358.643618  	-0.001490 
1360.075277  	0.004590 
1361.506935  	0.014090 
1362.938593  	0.025554 
1364.370251  	0.031716 
1365.801909  	0.028426 
1367.233568  	0.019706 
1368.665226  	0.009917 
1370.096884  	0.002650 
1371.528542  	-0.001307 
1372.960200  	-0.003240 
1374.391858  	-0.004483 
1375.823517  	-0.004673 
1377.255175  	-0.004541 
1378.686833  	-0.004154 
1380.118491  	-0.002555 
1381.550149  	0.000035 
1382.981808  	0.004611 
1384.413466  	0.010017 
1385.845124  	0.013670 
1387.276782  	0.014124 
1388.708440  	0.011145 
1390.140098  	0.007441 
1391.571757  	0.003552 
1393.003415  	0.000643 
1394.435073  	-0.000509 
1395.866731  	-0.000597 
1397.298389  	0.000026 
1398.730048  	0.001728 
1400.161706  	0.004197 
1401.593364  	0.007106 
1403.025022  	0.010889 
1404.456680  	0.015813 
1405.888339  	0.022268 
1407.319997  	0.028102 
1408.751655  	0.031036 
1410.183313  	0.031336 
1411.614971  	0.028053 
1413.046629  	0.021874 
1414.478288  	0.015250 
1415.909946  	0.008496 
1417.341604  	0.003244 
1418.773262  	-0.000235 
1420.204920  	-0.003285 
1421.636579  	-0.004481 
1423.068237  	-0.005186 
1424.499895  	-0.005974 
1425.931553  	-0.005796 
1427.363211  	-0.005929 
1428.794870  	-0.006209 
1430.226528  	-0.005893 
1431.658186  	-0.006059 
1433.089844  	-0.005850 
1434.521502  	-0.005441 
1435.953160  	-0.005459 
1437.384819  	-0.003999 
1438.816477  	-0.002818 
1440.248135  	-0.001873 
1441.679793  	0.000022 
1443.111451  	0.001436 
1444.543110  	0.003053 
1445.974768  	0.004766 
1447.406426  	0.005600 
1448.838084  	0.007272 
1450.269742  	0.008464 
1451.701400  	0.008768 
1453.133059  	0.009359 
1454.564717  	0.009127 
1455.996375  	0.009294 
1457.428033  	0.012772 
1458.859691  	0.015950 
1460.291350  	0.020097 
1461.723008  	0.024058 
1463.154666  	0.026370 
1464.586324  	0.028013 
1466.017982  	0.027066 
1467.449641  	0.025829 
1468.881299  	0.024599 
1470.312957  	0.022430 
1471.744615  	0.021440 
1473.176273  	0.020509 
1474.607931  	0.019275 
1476.039590  	0.019825 
1477.471248  	0.019940 
1478.902906  	0.020630 
1480.334564  	0.022634 
1481.766222  	0.024517 
1483.197881  	0.028322 
1484.629539  	0.033376 
1486.061197  	0.038514 
1487.492855  	0.047106 
1488.924513  	0.056933 
1490.356172  	0.068454 
1491.787830  	0.086086 
1493.219488  	0.100856 
1494.651146  	0.115960 
1496.082804  	0.138023 
1497.514462  	0.159803 
1498.946121  	0.181272 
1500.377779  	0.202043 
1501.809437  	0.212437 
1503.241095  	0.217678 
1504.672753  	0.216756 
1506.104412  	0.201237 
1507.536070  	0.171561 
1508.967728  	0.142132 
1510.399386  	0.114631 
1511.831044  	0.088929 
1513.262702  	0.064942 
1514.694361  	0.046905 
1516.126019  	0.034025 
1517.557677  	0.021326 
1518.989335  	0.013546 
1520.420993  	0.009849 
1521.852652  	0.004243 
1523.284310  	0.000746 
1524.715968  	-0.000649 
1526.147626  	-0.003225 
1527.579284  	-0.004608 
1529.010943  	-0.005365 
1530.442601  	-0.006616 
1531.874259  	-0.007222 
1533.305917  	-0.008159 
1534.737575  	-0.008948 
1536.169233  	-0.008995 
1537.600892  	-0.009744 
1539.032550  	-0.010277 
1540.464208  	-0.010085 
1541.895866  	-0.010985 
1543.327524  	-0.011231 
1544.759183  	-0.011594 
1546.190841  	-0.011778 
1547.622499  	-0.011539 
1549.054157  	-0.011880 
1550.485815  	-0.012149 
1551.917473  	-0.012132 
1553.349132  	-0.012553 
1554.780790  	-0.012593 
1556.212448  	-0.012565 
1557.644106  	-0.012890 
1559.075764  	-0.012614 
1560.507423  	-0.013002 
1561.939081  	-0.012973 
1563.370739  	-0.012657 
1564.802397  	-0.012722 
1566.234055  	-0.012656 
1567.665714  	-0.012515 
1569.097372  	-0.012529 
1570.529030  	-0.012016 
1571.960688  	-0.011767 
1573.392346  	-0.011740 
1574.824004  	-0.011487 
1576.255663  	-0.011221 
1577.687321  	-0.010667 
1579.118979  	-0.010066 
1580.550637  	-0.009407 
1581.982295  	-0.008311 
1583.413954  	-0.007060 
1584.845612  	-0.005377 
1586.277270  	-0.003040 
1587.708928  	-0.000373 
1589.140586  	0.002755 
1590.572245  	0.005630 
1592.003903  	0.007791 
1593.435561  	0.008772 
1594.867219  	0.008338 
1596.298877  	0.007766 
1597.730535  	0.007503 
1599.162194  	0.007811 
1600.593852  	0.008565 
1602.025510  	0.008806 
1603.457168  	0.008604 
1604.888826  	0.007492 
1606.320485  	0.005320 
1607.752143  	0.002924 
1609.183801  	0.000347 
1610.615459  	-0.001911 
1612.047117  	-0.003647 
1613.478775  	-0.005055 
1614.910434  	-0.006131 
1616.342092  	-0.007264 
1617.773750  	-0.008357 
1619.205408  	-0.008850 
1620.637066  	-0.009246 
1622.068725  	-0.009651 
1623.500383  	-0.009903 
1624.932041  	-0.010053 
1626.363699  	-0.010268 
1627.795357  	-0.010384 
1629.227016  	-0.010213 
1630.658674  	-0.010096 
1632.090332  	-0.010049 
1633.521990  	-0.009929 
1634.953648  	-0.009994 
1636.385306  	-0.010035 
1637.816965  	-0.009691 
1639.248623  	-0.009606 
1640.680281  	-0.009390 
1642.111939  	-0.008877 
1643.543597  	-0.008673 
1644.975256  	-0.008740 
1646.406914  	-0.008653 
1647.838572  	-0.008178 
1649.270230  	-0.007724 
1650.701888  	-0.007635 
1652.133547  	-0.007910 
1653.565205  	-0.008535 
1654.996863  	-0.008162 
1656.428521  	-0.007794 
1657.860179  	-0.007749 
1659.291837  	-0.007878 
1660.723496  	-0.007808 
1662.155154  	-0.007924 
1663.586812  	-0.008217 
1665.018470  	-0.008041 
1666.450128  	-0.008009 
1667.881787  	-0.008077 
1669.313445  	-0.008037 
1670.745103  	-0.008443 
1672.176761  	-0.008704 
1673.608419  	-0.008915 
1675.040077  	-0.009346 
1676.471736  	-0.009066 
1677.903394  	-0.008993 
1679.335052  	-0.009125 
1680.766710  	-0.008801 
1682.198368  	-0.008851 
1683.630027  	-0.008898 
1685.061685  	-0.008361 
1686.493343  	-0.008558 
1687.925001  	-0.008247 
1689.356659  	-0.007972 
1690.788318  	-0.007968 
1692.219976  	-0.007186 
1693.651634  	-0.006651 
1695.083292  	-0.006386 
1696.514950  	-0.005505 
1697.946608  	-0.005317 
1699.378267  	-0.004697 
1700.809925  	-0.003905 
1702.241583  	-0.004146 
1703.673241  	-0.003236 
1705.104899  	-0.002408 
1706.536558  	-0.001796 
1707.968216  	-0.000555 
1709.399874  	0.000182 
1710.831532  	0.001197 
1712.263190  	0.002396 
1713.694849  	0.002874 
1715.126507  	0.004096 
1716.558165  	0.005018 
1717.989823  	0.005503 
1719.421481  	0.007912 
1720.853139  	0.009016 
1722.284798  	0.010384 
1723.716456  	0.012682 
1725.148114  	0.013811 
1726.579772  	0.015607 
1728.011430  	0.017618 
1729.443089  	0.018701 
1730.874747  	0.021030 
1732.306405  	0.022598 
1733.738063  	0.023335 
1735.169721  	0.026306 
1736.601379  	0.027984 
1738.033038  	0.030367 
1739.464696  	0.033561 
1740.896354  	0.035703 
1742.328012  	0.039390 
1743.759670  	0.043020 
1745.191329  	0.046879 
1746.622987  	0.052967 
1748.054645  	0.058355 
1749.486303  	0.065220 
1750.917961  	0.074605 
1752.349620  	0.083868 
1753.781278  	0.096228 
1755.212936  	0.109019 
1756.644594  	0.123891 
1758.076252  	0.146661 
1759.507910  	0.167797 
1760.939569  	0.189149 
1762.371227  	0.218376 
1763.802885  	0.241790 
1765.234543  	0.258549 
1766.666201  	0.273552 
1768.097860  	0.278339 
1769.529518  	0.278531 
1770.961176  	0.277169 
1772.392834  	0.263970 
1773.824492  	0.251759 
1775.256150  	0.240778 
1776.687809  	0.223786 
1778.119467  	0.209901 
1779.551125  	0.195190 
1780.982783  	0.175877 
1782.414441  	0.161387 
1783.846100  	0.146503 
1785.277758  	0.129313 
1786.709416  	0.115305 
1788.141074  	0.100221 
1789.572732  	0.086319 
1791.004391  	0.074622 
1792.436049  	0.059221 
1793.867707  	0.047998 
1795.299365  	0.039715 
1796.731023  	0.029947 
1798.162681  	0.023662 
1799.594340  	0.017545 
1801.025998  	0.011348 
1802.457656  	0.008428 
1803.889314  	0.004218 
1805.320972  	0.001529 
1806.752631  	0.000170 
1808.184289  	-0.002869 
1809.615947  	-0.003752 
1811.047605  	-0.004852 
1812.479263  	-0.006960 
1813.910922  	-0.007026 
1815.342580  	-0.008570 
1816.774238  	-0.009494 
1818.205896  	-0.008918 
1819.637554  	-0.010430 
1821.069212  	-0.010417 
1822.500871  	-0.010260 
1823.932529  	-0.011677 
1825.364187  	-0.011081 
1826.795845  	-0.011592 
1828.227503  	-0.012584 
1829.659162  	-0.012110 
1831.090820  	-0.013040 
1832.522478  	-0.012775 
1833.954136  	-0.012481 
1835.385794  	-0.013444 
1836.817452  	-0.012900 
1838.249111  	-0.013567 
1839.680769  	-0.014573 
1841.112427  	-0.013596 
1842.544085  	-0.014035 
1843.975743  	-0.013964 
1845.407402  	-0.013072 
1846.839060  	-0.014141 
1848.270718  	-0.013742 
1849.702376  	-0.013710 
1851.134034  	-0.014248 
1852.565693  	-0.013398 
1853.997351  	-0.014233 
1855.429009  	-0.014629 
1856.860667  	-0.013387 
1858.292325  	-0.013835 
1859.723983  	-0.014010 
1861.155642  	-0.014242 
1862.587300  	-0.015042 
1864.018958  	-0.014390 
1865.450616  	-0.014754 
1866.882274  	-0.015050 
1868.313933  	-0.014149 
1869.745591  	-0.015055 
1871.177249  	-0.014593 
1872.608907  	-0.013925 
1874.040565  	-0.014649 
1875.472224  	-0.013834 
1876.903882  	-0.013597 
1878.335540  	-0.013794 
1879.767198  	-0.012678 
1881.198856  	-0.013233 
1882.630514  	-0.013454 
1884.062173  	-0.012558 
1885.493831  	-0.012917 
1886.925489  	-0.012458 
1888.357147  	-0.012119 
1889.788805  	-0.012255 
1891.220464  	-0.011098 
1892.652122  	-0.011316 
1894.083780  	-0.011586 
1895.515438  	-0.010953 
1896.947096  	-0.011417 
1898.378754  	-0.011051 
1899.810413  	-0.010630 
1901.242071  	-0.011059 
1902.673729  	-0.010885 
1904.105387  	-0.011568 
1905.537045  	-0.011924 
1906.968704  	-0.011781 
1908.400362  	-0.013081 
1909.832020  	-0.013097 
1911.263678  	-0.012825 
1912.695336  	-0.013870 
1914.126995  	-0.013910 
1915.558653  	-0.014466 
1916.990311  	-0.014984 
1918.421969  	-0.014616 
1919.853627  	-0.015880 
1921.285285  	-0.016081 
1922.716944  	-0.015316 
1924.148602  	-0.015202 
1925.580260  	-0.014475 
1927.011918  	-0.015549 
1928.443576  	-0.016728 
1929.875235  	-0.015779 
1931.306893  	-0.016151 
1932.738551  	-0.015393 
1934.170209  	-0.014051 
1935.601867  	-0.015356 
1937.033525  	-0.015268 
1938.465184  	-0.015662 
1939.896842  	-0.017541 
1941.328500  	-0.016734 
1942.760158  	-0.016586 
1944.191816  	-0.016831 
1945.623475  	-0.015529 
1947.055133  	-0.015690 
1948.486791  	-0.015138 
1949.918449  	-0.014592 
1951.350107  	-0.015092 
1952.781766  	-0.014547 
1954.213424  	-0.016017 
1955.645082  	-0.017344 
1957.076740  	-0.015995 
1958.508398  	-0.015806 
1959.940056  	-0.015015 
1961.371715  	-0.015077 
1962.803373  	-0.016133 
1964.235031  	-0.014317 
1965.666689  	-0.015094 
1967.098347  	-0.016490 
1968.530006  	-0.014929 
1969.961664  	-0.015754 
1971.393322  	-0.014505 
1972.824980  	-0.013379 
1974.256638  	-0.016251 
1975.688297  	-0.015543 
1977.119955  	-0.014823 
1978.551613  	-0.014616 
1979.983271  	-0.012689 
1981.414929  	-0.015478 
1982.846587  	-0.016364 
1984.278246  	-0.014008 
1985.709904  	-0.014823 
1987.141562  	-0.014750 
1988.573220  	-0.016333 
1990.004878  	-0.018938 
1991.436537  	-0.015906 
1992.868195  	-0.015100 
1994.299853  	-0.017190 
1995.731511  	-0.016749 
1997.163169  	-0.016797 
1998.594827  	-0.015176 
2000.026486  	-0.014085 
2001.458144  	-0.016368 
2002.889802  	-0.016251 
2004.321460  	-0.015186 
2005.753118  	-0.014243 
2007.184777  	-0.012651 
2008.616435  	-0.013695 
2010.048093  	-0.013866 
2011.479751  	-0.014197 
2012.911409  	-0.015349 
2014.343068  	-0.013197 
2015.774726  	-0.014437 
2017.206384  	-0.016157 
2018.638042  	-0.012334 
2020.069700  	-0.012892 
2021.501358  	-0.015194 
2022.933017  	-0.014571 
2024.364675  	-0.014815 
2025.796333  	-0.012705 
2027.227991  	-0.012438 
2028.659649  	-0.015355 
2030.091308  	-0.014553 
2031.522966  	-0.014634 
2032.954624  	-0.015759 
2034.386282  	-0.015394 
2035.817940  	-0.016409 
2037.249599  	-0.015156 
2038.681257  	-0.013611 
2040.112915  	-0.013863 
2041.544573  	-0.012998 
2042.976231  	-0.014112 
2044.407889  	-0.015414 
2045.839548  	-0.014202 
2047.271206  	-0.013453 
2048.702864  	-0.012211 
2050.134522  	-0.012021 
2051.566180  	-0.012953 
2052.997839  	-0.012736 
2054.429497  	-0.013810 
2055.861155  	-0.014385 
2057.292813  	-0.013223 
2058.724471  	-0.013603 
2060.156129  	-0.013567 
2061.587788  	-0.013468 
2063.019446  	-0.014341 
2064.451104  	-0.013483 
2065.882762  	-0.013581 
2067.314420  	-0.014550 
2068.746079  	-0.013662 
2070.177737  	-0.014012 
2071.609395  	-0.014972 
2073.041053  	-0.014832 
2074.472711  	-0.015081 
2075.904370  	-0.015073 
2077.336028  	-0.015261 
2078.767686  	-0.015294 
2080.199344  	-0.014420 
2081.631002  	-0.014002 
2083.062660  	-0.013077 
2084.494319  	-0.013155 
2085.925977  	-0.015073 
2087.357635  	-0.014827 
2088.789293  	-0.013889 
2090.220951  	-0.014384 
2091.652610  	-0.014838 
2093.084268  	-0.016202 
2094.515926  	-0.016190 
2095.947584  	-0.014047 
2097.379242  	-0.014439 
2098.810901  	-0.016047 
2100.242559  	-0.016624 
2101.674217  	-0.016272 
2103.105875  	-0.014872 
2104.537533  	-0.015348 
2105.969191  	-0.016154 
2107.400850  	-0.014939 
2108.832508  	-0.015155 
2110.264166  	-0.015854 
2111.695824  	-0.015658 
2113.127482  	-0.016161 
2114.559141  	-0.015544 
2115.990799  	-0.014691 
2117.422457  	-0.015526 
2118.854115  	-0.016383 
2120.285773  	-0.016763 
2121.717431  	-0.016536 
2123.149090  	-0.016524 
2124.580748  	-0.016790 
2126.012406  	-0.015460 
2127.444064  	-0.015409 
2128.875722  	-0.016661 
2130.307381  	-0.015408 
2131.739039  	-0.014715 
2133.170697  	-0.015006 
2134.602355  	-0.014255 
2136.034013  	-0.015356 
2137.465672  	-0.015567 
2138.897330  	-0.013670 
2140.328988  	-0.014107 
2141.760646  	-0.015423 
2143.192304  	-0.016076 
2144.623962  	-0.016060 
2146.055621  	-0.015359 
2147.487279  	-0.015690 
2148.918937  	-0.014697 
2150.350595  	-0.013637 
2151.782253  	-0.014964 
2153.213912  	-0.014526 
2154.645570  	-0.013450 
2156.077228  	-0.012333 
2157.508886  	-0.009741 
2158.940544  	-0.011135 
2160.372202  	-0.012395 
2161.803861  	-0.010776 
2163.235519  	-0.011918 
2164.667177  	-0.012304 
2166.098835  	-0.012022 
2167.530493  	-0.012625 
2168.962152  	-0.012692 
2170.393810  	-0.014214 
2171.825468  	-0.014788 
2173.257126  	-0.013974 
2174.688784  	-0.014216 
2176.120443  	-0.012292 
2177.552101  	-0.011585 
2178.983759  	-0.013620 
2180.415417  	-0.012909 
2181.847075  	-0.012327 
2183.278733  	-0.013040 
2184.710392  	-0.013334 
2186.142050  	-0.014878 
2187.573708  	-0.013955 
2189.005366  	-0.011854 
2190.437024  	-0.012380 
2191.868683  	-0.011418 
2193.300341  	-0.010434 
2194.731999  	-0.012040 
2196.163657  	-0.012638 
2197.595315  	-0.012039 
2199.026974  	-0.011640 
2200.458632  	-0.012167 
2201.890290  	-0.013246 
2203.321948  	-0.012931 
2204.753606  	-0.012768 
2206.185264  	-0.012917 
2207.616923  	-0.012257 
2209.048581  	-0.012712 
2210.480239  	-0.013411 
2211.911897  	-0.013680 
2213.343555  	-0.013710 
2214.775214  	-0.012011 
2216.206872  	-0.011093 
2217.638530  	-0.011434 
2219.070188  	-0.011184 
2220.501846  	-0.011942 
2221.933504  	-0.012105 
2223.365163  	-0.010758 
2224.796821  	-0.010474 
2226.228479  	-0.010605 
2227.660137  	-0.010997 
2229.091795  	-0.010698 
2230.523454  	-0.009205 
2231.955112  	-0.010204 
2233.386770  	-0.011644 
2234.818428  	-0.010772 
2236.250086  	-0.010966 
2237.681745  	-0.011486 
2239.113403  	-0.011172 
2240.545061  	-0.011742 
2241.976719  	-0.012081 
2243.408377  	-0.012197 
2244.840035  	-0.012424 
2246.271694  	-0.012088 
2247.703352  	-0.012091 
2249.135010  	-0.011619 
2250.566668  	-0.011000 
2251.998326  	-0.011854 
2253.429985  	-0.012583 
2254.861643  	-0.012924 
2256.293301  	-0.013725 
2257.724959  	-0.013866 
2259.156617  	-0.013373 
2260.588276  	-0.012897 
2262.019934  	-0.013110 
2263.451592  	-0.014099 
2264.883250  	-0.014602 
2266.314908  	-0.014492 
2267.746566  	-0.014013 
2269.178225  	-0.013727 
2270.609883  	-0.014359 
2272.041541  	-0.014591 
2273.473199  	-0.014459 
2274.904857  	-0.014476 
2276.336516  	-0.013842 
2277.768174  	-0.014075 
2279.199832  	-0.015090 
2280.631490  	-0.015012 
2282.063148  	-0.014806 
2283.494806  	-0.014701 
2284.926465  	-0.014764 
2286.358123  	-0.015593 
2287.789781  	-0.015644 
2289.221439  	-0.015251 
2290.653097  	-0.015335 
2292.084756  	-0.014872 
2293.516414  	-0.014648 
2294.948072  	-0.014783 
2296.379730  	-0.014281 
2297.811388  	-0.013987 
2299.243047  	-0.013848 
2300.674705  	-0.013610 
2302.106363  	-0.013678 
2303.538021  	-0.013346 
2304.969679  	-0.012722 
2306.401337  	-0.012156 
2307.832996  	-0.011632 
2309.264654  	-0.011513 
2310.696312  	-0.011003 
2312.127970  	-0.010355 
2313.559628  	-0.010381 
2314.991287  	-0.010038 
2316.422945  	-0.009643 
2317.854603  	-0.009251 
2319.286261  	-0.007826 
2320.717919  	-0.006726 
2322.149577  	-0.006242 
2323.581236  	-0.005715 
2325.012894  	-0.005777 
2326.444552  	-0.005455 
2327.876210  	-0.004724 
2329.307868  	-0.004569 
2330.739527  	-0.004188 
2332.171185  	-0.004106 
2333.602843  	-0.004742 
2335.034501  	-0.004564 
2336.466159  	-0.003957 
2337.897818  	-0.003738 
2339.329476  	-0.003528 
2340.761134  	-0.003305 
2342.192792  	-0.003325 
2343.624450  	-0.003673 
2345.056108  	-0.003799 
2346.487767  	-0.004728 
2347.919425  	-0.007173 
2349.351083  	-0.008127 
2350.782741  	-0.006400 
2352.214399  	-0.004109 
2353.646058  	-0.002632 
2355.077716  	-0.001294 
2356.509374  	0.000082 
2357.941032  	0.001353 
2359.372690  	0.001824 
2360.804349  	0.001684 
2362.236007  	0.001687 
2363.667665  	0.001090 
2365.099323  	-0.000026 
2366.530981  	-0.001117 
2367.962639  	-0.002016 
2369.394298  	-0.002550 
2370.825956  	-0.003675 
2372.257614  	-0.004963 
2373.689272  	-0.005777 
2375.120930  	-0.007284 
2376.552589  	-0.008791 
2377.984247  	-0.009570 
2379.415905  	-0.010768 
2380.847563  	-0.012171 
2382.279221  	-0.013259 
2383.710879  	-0.014269 
2385.142538  	-0.014950 
2386.574196  	-0.015207 
2388.005854  	-0.015149 
2389.437512  	-0.015121 
2390.869170  	-0.015283 
2392.300829  	-0.015056 
2393.732487  	-0.014712 
2395.164145  	-0.014735 
2396.595803  	-0.014750 
2398.027461  	-0.014729 
2399.459120  	-0.014613 
2400.890778  	-0.014498 
2402.322436  	-0.014706 
2403.754094  	-0.014817 
2405.185752  	-0.014707 
2406.617410  	-0.014378 
2408.049069  	-0.013946 
2409.480727  	-0.014255 
2410.912385  	-0.014719 
2412.344043  	-0.014634 
2413.775701  	-0.014796 
2415.207360  	-0.014980 
2416.639018  	-0.014784 
2418.070676  	-0.014492 
2419.502334  	-0.014233 
2420.933992  	-0.014575 
2422.365651  	-0.014922 
2423.797309  	-0.014676 
2425.228967  	-0.014976 
2426.660625  	-0.015413 
2428.092283  	-0.015210 
2429.523941  	-0.015055 
2430.955600  	-0.014681 
2432.387258  	-0.014357 
2433.818916  	-0.014904 
2435.250574  	-0.015473 
2436.682232  	-0.015536 
2438.113891  	-0.015531 
2439.545549  	-0.015543 
2440.977207  	-0.015286 
2442.408865  	-0.014811 
2443.840523  	-0.014812 
2445.272181  	-0.014932 
2446.703840  	-0.014632 
2448.135498  	-0.014679 
2449.567156  	-0.014946 
2450.998814  	-0.015089 
2452.430472  	-0.015274 
2453.862131  	-0.014963 
2455.293789  	-0.014638 
2456.725447  	-0.014782 
2458.157105  	-0.014784 
2459.588763  	-0.014850 
2461.020422  	-0.014827 
2462.452080  	-0.014772 
2463.883738  	-0.015298 
2465.315396  	-0.015286 
2466.747054  	-0.014762 
2468.178712  	-0.014865 
2469.610371  	-0.014864 
2471.042029  	-0.014843 
2472.473687  	-0.015043 
2473.905345  	-0.014782 
2475.337003  	-0.014794 
2476.768662  	-0.015065 
2478.200320  	-0.014966 
2479.631978  	-0.015098 
2481.063636  	-0.015180 
2482.495294  	-0.014994 
2483.926953  	-0.014955 
2485.358611  	-0.014972 
2486.790269  	-0.015367 
2488.221927  	-0.015769 
2489.653585  	-0.015586 
2491.085243  	-0.015392 
2492.516902  	-0.015279 
2493.948560  	-0.015436 
2495.380218  	-0.015828 
2496.811876  	-0.015596 
2498.243534  	-0.015481 
2499.675193  	-0.015934 
2501.106851  	-0.015985 
2502.538509  	-0.015889 
2503.970167  	-0.015857 
2505.401825  	-0.015779 
2506.833483  	-0.016182 
2508.265142  	-0.016596 
2509.696800  	-0.016430 
2511.128458  	-0.016027 
2512.560116  	-0.015802 
2513.991774  	-0.015978 
2515.423433  	-0.016244 
2516.855091  	-0.016475 
2518.286749  	-0.016726 
2519.718407  	-0.016608 
2521.150065  	-0.016329 
2522.581724  	-0.016153 
2524.013382  	-0.015972 
2525.445040  	-0.015974 
2526.876698  	-0.016103 
2528.308356  	-0.016399 
2529.740014  	-0.016565 
2531.171673  	-0.016077 
2532.603331  	-0.015816 
2534.034989  	-0.015970 
2535.466647  	-0.015896 
2536.898305  	-0.016099 
2538.329964  	-0.016303 
2539.761622  	-0.016252 
2541.193280  	-0.016553 
2542.624938  	-0.016584 
2544.056596  	-0.016440 
2545.488254  	-0.016690 
2546.919913  	-0.016559 
2548.351571  	-0.016312 
2549.783229  	-0.016448 
2551.214887  	-0.016566 
2552.646545  	-0.016793 
2554.078204  	-0.016876 
2555.509862  	-0.016693 
2556.941520  	-0.016768 
2558.373178  	-0.017011 
2559.804836  	-0.017102 
2561.236495  	-0.016611 
2562.668153  	-0.016082 
2564.099811  	-0.016626 
2565.531469  	-0.017233 
2566.963127  	-0.017164 
2568.394785  	-0.017073 
2569.826444  	-0.016584 
2571.258102  	-0.016016 
2572.689760  	-0.016085 
2574.121418  	-0.016208 
2575.553076  	-0.016232 
2576.984735  	-0.016307 
2578.416393  	-0.016394 
2579.848051  	-0.016392 
2581.279709  	-0.016075 
2582.711367  	-0.016066 
2584.143026  	-0.016212 
2585.574684  	-0.015866 
2587.006342  	-0.016022 
2588.438000  	-0.016485 
2589.869658  	-0.016337 
2591.301316  	-0.016348 
2592.732975  	-0.016423 
2594.164633  	-0.016280 
2595.596291  	-0.016464 
2597.027949  	-0.016509 
2598.459607  	-0.016245 
2599.891266  	-0.015958 
2601.322924  	-0.015666 
2602.754582  	-0.015787 
2604.186240  	-0.016128 
2605.617898  	-0.016396 
2607.049556  	-0.016510 
2608.481215  	-0.016022 
2609.912873  	-0.015715 
2611.344531  	-0.016097 
2612.776189  	-0.016276 
2614.207847  	-0.016307 
2615.639506  	-0.016274 
2617.071164  	-0.016104 
2618.502822  	-0.016386 
2619.934480  	-0.016535 
2621.366138  	-0.016226 
2622.797797  	-0.016263 
2624.229455  	-0.016360 
2625.661113  	-0.016244 
2627.092771  	-0.016272 
2628.524429  	-0.016344 
2629.956087  	-0.016448 
2631.387746  	-0.016521 
2632.819404  	-0.016525 
2634.251062  	-0.016640 
2635.682720  	-0.016653 
2637.114378  	-0.016620 
2638.546037  	-0.016696 
2639.977695  	-0.016608 
2641.409353  	-0.016540 
2642.841011  	-0.016672 
2644.272669  	-0.016714 
2645.704328  	-0.016678 
2647.135986  	-0.016655 
2648.567644  	-0.016545 
2649.999302  	-0.016434 
2651.430960  	-0.016529 
2652.862618  	-0.016662 
2654.294277  	-0.016510 
2655.725935  	-0.016382 
2657.157593  	-0.016463 
2658.589251  	-0.016407 
2660.020909  	-0.016431 
2661.452568  	-0.016596 
2662.884226  	-0.016503 
2664.315884  	-0.016415 
2665.747542  	-0.016456 
2667.179200  	-0.016368 
2668.610858  	-0.016317 
2670.042517  	-0.016311 
2671.474175  	-0.016348 
2672.905833  	-0.016513 
2674.337491  	-0.016495 
2675.769149  	-0.016390 
2677.200808  	-0.016450 
2678.632466  	-0.016406 
2680.064124  	-0.016261 
2681.495782  	-0.016180 
2682.927440  	-0.016197 
2684.359099  	-0.016404 
2685.790757  	-0.016572 
2687.222415  	-0.016531 
2688.654073  	-0.016459 
2690.085731  	-0.016367 
2691.517389  	-0.016307 
2692.949048  	-0.016375 
2694.380706  	-0.016329 
2695.812364  	-0.016155 
2697.244022  	-0.016196 
2698.675680  	-0.016341 
2700.107339  	-0.016319 
2701.538997  	-0.016357 
2702.970655  	-0.016479 
2704.402313  	-0.016402 
2705.833971  	-0.016245 
2707.265630  	-0.016110 
2708.697288  	-0.016031 
2710.128946  	-0.016052 
2711.560604  	-0.015818 
2712.992262  	-0.015543 
2714.423920  	-0.015711 
2715.855579  	-0.015827 
2717.287237  	-0.015741 
2718.718895  	-0.015797 
2720.150553  	-0.015843 
2721.582211  	-0.015988 
2723.013870  	-0.016126 
2724.445528  	-0.015929 
2725.877186  	-0.015848 
2727.308844  	-0.015948 
2728.740502  	-0.015860 
2730.172160  	-0.015721 
2731.603819  	-0.015616 
2733.035477  	-0.015686 
2734.467135  	-0.015841 
2735.898793  	-0.015720 
2737.330451  	-0.015656 
2738.762110  	-0.015676 
2740.193768  	-0.015485 
2741.625426  	-0.015545 
2743.057084  	-0.015795 
2744.488742  	-0.015816 
2745.920401  	-0.015866 
2747.352059  	-0.015955 
2748.783717  	-0.015916 
2750.215375  	-0.015846 
2751.647033  	-0.015823 
2753.078691  	-0.015884 
2754.510350  	-0.015827 
2755.942008  	-0.015636 
2757.373666  	-0.015574 
2758.805324  	-0.015575 
2760.236982  	-0.015596 
2761.668641  	-0.015534 
2763.100299  	-0.015291 
2764.531957  	-0.015259 
2765.963615  	-0.015369 
2767.395273  	-0.015236 
2768.826931  	-0.015012 
2770.258590  	-0.014810 
2771.690248  	-0.014786 
2773.121906  	-0.014966 
2774.553564  	-0.014928 
2775.985222  	-0.014766 
2777.416881  	-0.014762 
2778.848539  	-0.014797 
2780.280197  	-0.014880 
2781.711855  	-0.014973 
2783.143513  	-0.015032 
2784.575172  	-0.015024 
2786.006830  	-0.014831 
2787.438488  	-0.014752 
2788.870146  	-0.014916 
2790.301804  	-0.015104 
2791.733462  	-0.015363 
2793.165121  	-0.015419 
2794.596779  	-0.015176 
2796.028437  	-0.015165 
2797.460095  	-0.015264 
2798.891753  	-0.015175 
2800.323412  	-0.015151 
2801.755070  	-0.015150 
2803.186728  	-0.015018 
2804.618386  	-0.014912 
2806.050044  	-0.014907 
2807.481703  	-0.014902 
2808.913361  	-0.014889 
2810.345019  	-0.014941 
2811.776677  	-0.014874 
2813.208335  	-0.014716 
2814.639993  	-0.014845 
2816.071652  	-0.015027 
2817.503310  	-0.014921 
2818.934968  	-0.014775 
2820.366626  	-0.014745 
2821.798284  	-0.014764 
2823.229943  	-0.014744 
2824.661601  	-0.014753 
2826.093259  	-0.014877 
2827.524917  	-0.014784 
2828.956575  	-0.014638 
2830.388233  	-0.014803 
2831.819892  	-0.014790 
2833.251550  	-0.014623 
2834.683208  	-0.014574 
2836.114866  	-0.014222 
2837.546524  	-0.013948 
2838.978183  	-0.014147 
2840.409841  	-0.014242 
2841.841499  	-0.014122 
2843.273157  	-0.013870 
2844.704815  	-0.013515 
2846.136474  	-0.013400 
2847.568132  	-0.013337 
2848.999790  	-0.013052 
2850.431448  	-0.012668 
2851.863106  	-0.012275 
2853.294764  	-0.012047 
2854.726423  	-0.011865 
2856.158081  	-0.011512 
2857.589739  	-0.011128 
2859.021397  	-0.010669 
2860.453055  	-0.010126 
2861.884714  	-0.009448 
2863.316372  	-0.008322 
2864.748030  	-0.007038 
2866.179688  	-0.005985 
2867.611346  	-0.004883 
2869.043005  	-0.003487 
2870.474663  	-0.002111 
2871.906321  	-0.001366 
2873.337979  	-0.001254 
2874.769637  	-0.001381 
2876.201295  	-0.001872 
2877.632954  	-0.002701 
2879.064612  	-0.003605 
2880.496270  	-0.004541 
2881.927928  	-0.005227 
2883.359586  	-0.005654 
2884.791245  	-0.006068 
2886.222903  	-0.006196 
2887.654561  	-0.006017 
2889.086219  	-0.005794 
2890.517877  	-0.005637 
2891.949535  	-0.005752 
2893.381194  	-0.005999 
2894.812852  	-0.006223 
2896.244510  	-0.006438 
2897.676168  	-0.006441 
2899.107826  	-0.006500 
2900.539485  	-0.006667 
2901.971143  	-0.006479 
2903.402801  	-0.006312 
2904.834459  	-0.006275 
2906.266117  	-0.005787 
2907.697776  	-0.005133 
2909.129434  	-0.004686 
2910.561092  	-0.004362 
2911.992750  	-0.004175 
2913.424408  	-0.004117 
2914.856066  	-0.004244 
2916.287725  	-0.004324 
2917.719383  	-0.004109 
2919.151041  	-0.003933 
2920.582699  	-0.003680 
2922.014357  	-0.003026 
2923.446016  	-0.002250 
2924.877674  	-0.001457 
2926.309332  	-0.000587 
2927.740990  	0.000419 
2929.172648  	0.001552 
2930.604306  	0.002416 
2932.035965  	0.003072 
2933.467623  	0.003663 
2934.899281  	0.003736 
2936.330939  	0.003487 
2937.762597  	0.003351 
2939.194256  	0.002975 
2940.625914  	0.002472 
2942.057572  	0.002434 
2943.489230  	0.002566 
2944.920888  	0.002289 
2946.352547  	0.001999 
2947.784205  	0.002184 
2949.215863  	0.002427 
2950.647521  	0.002698 
2952.079179  	0.003566 
2953.510837  	0.004957 
2954.942496  	0.006771 
2956.374154  	0.009090 
2957.805812  	0.011697 
2959.237470  	0.014686 
2960.669128  	0.018039 
2962.100787  	0.021351 
2963.532445  	0.024415 
2964.964103  	0.026962 
2966.395761  	0.028753 
2967.827419  	0.029677 
2969.259078  	0.029586 
2970.690736  	0.028702 
2972.122394  	0.027278 
2973.554052  	0.025213 
2974.985710  	0.022853 
2976.417368  	0.020569 
2977.849027  	0.017957 
2979.280685  	0.015001 
2980.712343  	0.012234 
2982.144001  	0.009652 
2983.575659  	0.007142 
2985.007318  	0.004884 
2986.438976  	0.002781 
2987.870634  	0.000676 
2989.302292  	-0.001136 
2990.733950  	-0.002576 
2992.165608  	-0.004009 
2993.597267  	-0.005387 
2995.028925  	-0.006631 
2996.460583  	-0.007905 
2997.892241  	-0.008965 
2999.323899  	-0.009783 
3000.755558  	-0.010608 
3002.187216  	-0.011251 
3003.618874  	-0.011692 
3005.050532  	-0.012081 
3006.482190  	-0.012465 
3007.913849  	-0.013018 
3009.345507  	-0.013485 
3010.777165  	-0.013622 
3012.208823  	-0.013875 
3013.640481  	-0.014348 
3015.072139  	-0.014557 
3016.503798  	-0.014455 
3017.935456  	-0.014530 
3019.367114  	-0.014810 
3020.798772  	-0.014829 
3022.230430  	-0.014684 
3023.662089  	-0.014505 
3025.093747  	-0.014074 
3026.525405  	-0.013671 
3027.957063  	-0.013339 
3029.388721  	-0.012882 
3030.820380  	-0.012591 
3032.252038  	-0.012122 
3033.683696  	-0.011164 
3035.115354  	-0.010326 
3036.547012  	-0.009667 
3037.978670  	-0.008994 
3039.410329  	-0.008450 
3040.841987  	-0.008052 
3042.273645  	-0.008078 
3043.705303  	-0.008549 
3045.136961  	-0.008937 
3046.568620  	-0.009152 
3048.000278  	-0.009380 
3049.431936  	-0.009577 
3050.863594  	-0.009618 
3052.295252  	-0.009516 
3053.726910  	-0.009435 
3055.158569  	-0.009246 
3056.590227  	-0.008908 
3058.021885  	-0.008832 
3059.453543  	-0.009112 
3060.885201  	-0.009429 
3062.316860  	-0.009430 
3063.748518  	-0.009385 
3065.180176  	-0.009881 
3066.611834  	-0.010340 
3068.043492  	-0.010447 
3069.475151  	-0.010945 
3070.906809  	-0.011360 
3072.338467  	-0.011310 
3073.770125  	-0.011651 
3075.201783  	-0.012135 
3076.633441  	-0.012265 
3078.065100  	-0.012441 
3079.496758  	-0.012697 
3080.928416  	-0.012933 
3082.360074  	-0.013113 
3083.791732  	-0.013222 
3085.223391  	-0.013480 
3086.655049  	-0.013695 
3088.086707  	-0.013820 
3089.518365  	-0.014135 
3090.950023  	-0.014428 
3092.381682  	-0.014626 
3093.813340  	-0.014743 
3095.244998  	-0.014692 
3096.676656  	-0.014813 
3098.108314  	-0.015023 
3099.539972  	-0.015007 
3100.971631  	-0.015009 
3102.403289  	-0.015007 
3103.834947  	-0.014806 
3105.266605  	-0.014618 
3106.698263  	-0.014735 
3108.129922  	-0.015053 
3109.561580  	-0.015033 
3110.993238  	-0.014814 
3112.424896  	-0.014990 
3113.856554  	-0.015277 
3115.288212  	-0.015246 
3116.719871  	-0.015023 
3118.151529  	-0.014937 
3119.583187  	-0.015129 
3121.014845  	-0.015174 
3122.446503  	-0.015138 
3123.878162  	-0.015497 
3125.309820  	-0.015730 
3126.741478  	-0.015636 
3128.173136  	-0.015779 
3129.604794  	-0.016137 
3131.036453  	-0.016499 
3132.468111  	-0.016627 
3133.899769  	-0.016363 
3135.331427  	-0.016073 
3136.763085  	-0.015869 
3138.194743  	-0.015878 
3139.626402  	-0.016276 
3141.058060  	-0.016557 
3142.489718  	-0.016610 
3143.921376  	-0.016790 
3145.353034  	-0.016914 
3146.784693  	-0.016813 
3148.216351  	-0.016643 
3149.648009  	-0.016632 
3151.079667  	-0.016759 
3152.511325  	-0.016849 
3153.942983  	-0.017048 
3155.374642  	-0.017165 
3156.806300  	-0.016971 
3158.237958  	-0.016983 
3159.669616  	-0.017154 
3161.101274  	-0.017034 
3162.532933  	-0.016850 
3163.964591  	-0.016773 
3165.396249  	-0.016810 
3166.827907  	-0.016964 
3168.259565  	-0.017030 
3169.691224  	-0.016996 
3171.122882  	-0.016959 
3172.554540  	-0.017070 
3173.986198  	-0.017212 
3175.417856  	-0.016948 
3176.849514  	-0.016595 
3178.281173  	-0.016507 
3179.712831  	-0.016444 
3181.144489  	-0.016541 
3182.576147  	-0.016711 
3184.007805  	-0.016790 
3185.439464  	-0.017073 
3186.871122  	-0.017191 
3188.302780  	-0.016907 
3189.734438  	-0.016745 
3191.166096  	-0.016755 
3192.597755  	-0.016736 
3194.029413  	-0.016540 
3195.461071  	-0.016377 
3196.892729  	-0.016703 
3198.324387  	-0.016971 
3199.756045  	-0.016801 
3201.187704  	-0.016719 
3202.619362  	-0.016687 
3204.051020  	-0.016728 
3205.482678  	-0.016973 
3206.914336  	-0.016996 
3208.345995  	-0.016916 
3209.777653  	-0.017033 
3211.209311  	-0.017203 
3212.640969  	-0.017235 
3214.072627  	-0.016970 
3215.504285  	-0.016852 
3216.935944  	-0.017017 
3218.367602  	-0.016800 
3219.799260  	-0.016603 
3221.230918  	-0.016993 
3222.662576  	-0.017206 
3224.094235  	-0.016836 
3225.525893  	-0.016565 
3226.957551  	-0.016858 
3228.389209  	-0.017043 
3229.820867  	-0.016770 
3231.252526  	-0.016936 
3232.684184  	-0.017304 
3234.115842  	-0.017120 
3235.547500  	-0.017056 
3236.979158  	-0.017103 
3238.410816  	-0.016870 
3239.842475  	-0.016953 
3241.274133  	-0.017149 
3242.705791  	-0.017069 
3244.137449  	-0.017016 
3245.569107  	-0.016940 
3247.000766  	-0.016915 
3248.432424  	-0.016978 
3249.864082  	-0.016952 
3251.295740  	-0.017016 
3252.727398  	-0.016941 
3254.159057  	-0.016719 
3255.590715  	-0.016987 
3257.022373  	-0.017389 
3258.454031  	-0.017287 
3259.885689  	-0.017063 
3261.317347  	-0.017113 
3262.749006  	-0.017183 
3264.180664  	-0.017034 
3265.612322  	-0.016977 
3267.043980  	-0.017136 
3268.475638  	-0.017136 
3269.907297  	-0.016936 
3271.338955  	-0.016654 
3272.770613  	-0.016493 
3274.202271  	-0.016760 
3275.633929  	-0.017062 
3277.065587  	-0.017046 
3278.497246  	-0.016976 
3279.928904  	-0.016854 
3281.360562  	-0.016679 
3282.792220  	-0.016595 
3284.223878  	-0.016652 
3285.655537  	-0.016888 
3287.087195  	-0.016965 
3288.518853  	-0.016850 
3289.950511  	-0.017045 
3291.382169  	-0.017296 
3292.813828  	-0.017222 
3294.245486  	-0.017208 
3295.677144  	-0.017408 
3297.108802  	-0.017488 
3298.540460  	-0.017375 
3299.972118  	-0.017324 
3301.403777  	-0.017294 
3302.835435  	-0.017176 
3304.267093  	-0.017135 
3305.698751  	-0.016927 
3307.130409  	-0.016491 
3308.562068  	-0.016524 
3309.993726  	-0.017055 
3311.425384  	-0.017409 
3312.857042  	-0.017253 
3314.288700  	-0.016901 
3315.720359  	-0.017002 
3317.152017  	-0.017120 
3318.583675  	-0.016771 
3320.015333  	-0.016870 
3321.446991  	-0.017366 
3322.878649  	-0.017387 
3324.310308  	-0.017288 
3325.741966  	-0.017307 
3327.173624  	-0.017229 
3328.605282  	-0.017137 
3330.036940  	-0.017053 
3331.468599  	-0.017067 
3332.900257  	-0.017105 
3334.331915  	-0.017231 
3335.763573  	-0.017476 
3337.195231  	-0.017137 
3338.626889  	-0.016695 
3340.058548  	-0.017009 
3341.490206  	-0.017187 
3342.921864  	-0.017173 
3344.353522  	-0.017510 
3345.785180  	-0.017432 
3347.216839  	-0.017073 
3348.648497  	-0.017043 
3350.080155  	-0.016998 
3351.511813  	-0.016933 
3352.943471  	-0.016998 
3354.375130  	-0.017229 
3355.806788  	-0.017470 
3357.238446  	-0.017254 
3358.670104  	-0.017047 
3360.101762  	-0.017215 
3361.533420  	-0.017155 
3362.965079  	-0.016997 
3364.396737  	-0.017093 
3365.828395  	-0.017264 
3367.260053  	-0.017443 
3368.691711  	-0.017411 
3370.123370  	-0.017084 
3371.555028  	-0.016754 
3372.986686  	-0.016690 
3374.418344  	-0.016875 
3375.850002  	-0.016880 
3377.281660  	-0.016873 
3378.713319  	-0.017173 
3380.144977  	-0.017187 
3381.576635  	-0.016970 
3383.008293  	-0.016950 
3384.439951  	-0.016858 
3385.871610  	-0.016885 
3387.303268  	-0.017001 
3388.734926  	-0.016880 
3390.166584  	-0.016981 
3391.598242  	-0.017223 
3393.029901  	-0.017286 
3394.461559  	-0.017417 
3395.893217  	-0.017396 
3397.324875  	-0.017240 
3398.756533  	-0.017218 
3400.188191  	-0.017032 
3401.619850  	-0.016910 
3403.051508  	-0.017171 
3404.483166  	-0.017268 
3405.914824  	-0.016934 
3407.346482  	-0.016727 
3408.778141  	-0.017017 
3410.209799  	-0.017248 
3411.641457  	-0.017093 
3413.073115  	-0.017030 
3414.504773  	-0.016972 
3415.936432  	-0.016831 
3417.368090  	-0.017000 
3418.799748  	-0.017061 
3420.231406  	-0.016862 
3421.663064  	-0.016987 
3423.094722  	-0.017245 
3424.526381  	-0.017359 
3425.958039  	-0.017420 
3427.389697  	-0.017294 
3428.821355  	-0.017057 
3430.253013  	-0.016933 
3431.684672  	-0.016967 
3433.116330  	-0.016988 
3434.547988  	-0.016823 
3435.979646  	-0.016764 
3437.411304  	-0.017007 
3438.842962  	-0.017253 
3440.274621  	-0.017297 
3441.706279  	-0.017209 
3443.137937  	-0.017184 
3444.569595  	-0.017186 
3446.001253  	-0.017101 
3447.432912  	-0.017118 
3448.864570  	-0.017129 
3450.296228  	-0.017040 
3451.727886  	-0.017037 
3453.159544  	-0.016965 
3454.591203  	-0.016939 
3456.022861  	-0.017053 
3457.454519  	-0.016927 
3458.886177  	-0.016890 
3460.317835  	-0.017055 
3461.749493  	-0.016811 
3463.181152  	-0.016545 
3464.612810  	-0.016803 
3466.044468  	-0.017087 
3467.476126  	-0.016903 
3468.907784  	-0.016455 
3470.339443  	-0.016387 
3471.771101  	-0.016633 
3473.202759  	-0.016699 
3474.634417  	-0.016756 
3476.066075  	-0.016697 
3477.497734  	-0.016378 
3478.929392  	-0.016369 
3480.361050  	-0.016591 
3481.792708  	-0.016532 
3483.224366  	-0.016324 
3484.656024  	-0.016357 
3486.087683  	-0.016754 
3487.519341  	-0.017005 
3488.950999  	-0.016899 
3490.382657  	-0.016988 
3491.814315  	-0.016995 
3493.245974  	-0.016613 
3494.677632  	-0.016355 
3496.109290  	-0.016208 
3497.540948  	-0.016010 
3498.972606  	-0.015950 
3500.404264  	-0.016037 
3501.835923  	-0.016215 
3503.267581  	-0.016174 
3504.699239  	-0.015945 
3506.130897  	-0.016082 
3507.562555  	-0.016346 
3508.994214  	-0.016300 
3510.425872  	-0.016086 
3511.857530  	-0.016157 
3513.289188  	-0.016595 
3514.720846  	-0.016675 
3516.152505  	-0.016203 
3517.584163  	-0.015995 
3519.015821  	-0.016090 
3520.447479  	-0.016123 
3521.879137  	-0.016209 
3523.310795  	-0.016246 
3524.742454  	-0.016137 
3526.174112  	-0.015892 
3527.605770  	-0.015584 
3529.037428  	-0.015593 
3530.469086  	-0.015687 
3531.900745  	-0.015514 
3533.332403  	-0.015469 
3534.764061  	-0.015630 
3536.195719  	-0.015833 
3537.627377  	-0.016153 
3539.059035  	-0.016283 
3540.490694  	-0.015962 
3541.922352  	-0.015721 
3543.354010  	-0.016109 
3544.785668  	-0.016616 
3546.217326  	-0.016540 
3547.648985  	-0.016164 
3549.080643  	-0.016021 
3550.512301  	-0.016253 
3551.943959  	-0.016496 
3553.375617  	-0.016230 
3554.807276  	-0.016103 
3556.238934  	-0.016309 
3557.670592  	-0.016146 
3559.102250  	-0.016099 
3560.533908  	-0.016525 
3561.965566  	-0.016597 
3563.397225  	-0.016306 
3564.828883  	-0.016227 
3566.260541  	-0.016624 
3567.692199  	-0.017058 
3569.123857  	-0.016682 
3570.555516  	-0.016597 
3571.987174  	-0.016904 
3573.418832  	-0.016768 
3574.850490  	-0.016748 
3576.282148  	-0.016970 
3577.713807  	-0.016634 
3579.145465  	-0.016371 
3580.577123  	-0.016644 
3582.008781  	-0.016926 
3583.440439  	-0.016973 
3584.872097  	-0.016827 
3586.303756  	-0.017055 
3587.735414  	-0.017615 
3589.167072  	-0.017251 
3590.598730  	-0.016848 
3592.030388  	-0.017001 
3593.462047  	-0.017075 
3594.893705  	-0.017088 
3596.325363  	-0.017133 
3597.757021  	-0.017069 
3599.188679  	-0.017142 
3600.620337  	-0.017341 
3602.051996  	-0.017394 
3603.483654  	-0.017224 
3604.915312  	-0.017242 
3606.346970  	-0.017666 
3607.778628  	-0.017773 
3609.210287  	-0.017362 
3610.641945  	-0.017488 
3612.073603  	-0.017851 
3613.505261  	-0.017877 
3614.936919  	-0.017766 
3616.368578  	-0.017582 
3617.800236  	-0.017338 
3619.231894  	-0.017477 
3620.663552  	-0.017691 
3622.095210  	-0.017208 
3623.526868  	-0.016830 
3624.958527  	-0.017056 
3626.390185  	-0.017162 
3627.821843  	-0.016891 
3629.253501  	-0.016782 
3630.685159  	-0.016722 
3632.116818  	-0.016771 
3633.548476  	-0.017126 
3634.980134  	-0.017343 
3636.411792  	-0.017424 
3637.843450  	-0.017647 
3639.275109  	-0.017690 
3640.706767  	-0.017566 
3642.138425  	-0.017437 
3643.570083  	-0.017355 
3645.001741  	-0.017488 
3646.433399  	-0.017714 
3647.865058  	-0.018033 
3649.296716  	-0.018286 
3650.728374  	-0.018018 
3652.160032  	-0.017582 
3653.591690  	-0.017431 
3655.023349  	-0.017340 
3656.455007  	-0.017041 
3657.886665  	-0.016709 
3659.318323  	-0.016737 
3660.749981  	-0.016855 
3662.181639  	-0.016983 
3663.613298  	-0.017241 
3665.044956  	-0.017058 
3666.476614  	-0.016512 
3667.908272  	-0.016636 
3669.339930  	-0.017273 
3670.771589  	-0.017345 
3672.203247  	-0.017057 
3673.634905  	-0.017196 
3675.066563  	-0.017704 
3676.498221  	-0.017821 
3677.929880  	-0.017202 
3679.361538  	-0.017036 
3680.793196  	-0.017369 
3682.224854  	-0.017637 
3683.656512  	-0.017253 
3685.088170  	-0.016712 
3686.519829  	-0.016916 
3687.951487  	-0.017254 
3689.383145  	-0.017338 
3690.814803  	-0.017839 
3692.246461  	-0.018061 
3693.678120  	-0.017974 
3695.109778  	-0.018051 
3696.541436  	-0.017819 
3697.973094  	-0.017527 
3699.404752  	-0.017722 
3700.836411  	-0.018144 
3702.268069  	-0.018499 
3703.699727  	-0.018157 
3705.131385  	-0.017742 
3706.563043  	-0.017901 
3707.994701  	-0.017993 
3709.426360  	-0.018094 
3710.858018  	-0.018472 
3712.289676  	-0.018234 
3713.721334  	-0.018185 
3715.152992  	-0.018429 
3716.584651  	-0.018114 
3718.016309  	-0.017798 
3719.447967  	-0.017713 
3720.879625  	-0.017635 
3722.311283  	-0.017672 
3723.742941  	-0.017508 
3725.174600  	-0.017526 
3726.606258  	-0.017876 
3728.037916  	-0.017682 
3729.469574  	-0.017345 
3730.901232  	-0.017064 
3732.332891  	-0.016694 
3733.764549  	-0.017304 
3735.196207  	-0.018179 
3736.627865  	-0.017996 
3738.059523  	-0.017600 
3739.491182  	-0.017556 
3740.922840  	-0.017819 
3742.354498  	-0.018383 
3743.786156  	-0.018542 
3745.217814  	-0.017523 
3746.649472  	-0.017318 
3748.081131  	-0.017870 
3749.512789  	-0.018133 
3750.944447  	-0.018024 
3752.376105  	-0.018318 
3753.807763  	-0.018270 
3755.239422  	-0.017968 
3756.671080  	-0.018086 
3758.102738  	-0.018249 
3759.534396  	-0.018510 
3760.966054  	-0.019022 
3762.397712  	-0.018821 
3763.829371  	-0.018532 
3765.261029  	-0.018748 
3766.692687  	-0.018635 
3768.124345  	-0.018310 
3769.556003  	-0.018343 
3770.987662  	-0.018399 
3772.419320  	-0.018492 
3773.850978  	-0.018920 
3775.282636  	-0.019409 
3776.714294  	-0.019352 
3778.145953  	-0.018935 
3779.577611  	-0.018934 
3781.009269  	-0.019133 
3782.440927  	-0.018919 
3783.872585  	-0.018730 
3785.304243  	-0.018792 
3786.735902  	-0.018845 
3788.167560  	-0.018748 
3789.599218  	-0.018773 
3791.030876  	-0.018914 
3792.462534  	-0.018833 
3793.894193  	-0.018968 
3795.325851  	-0.019334 
3796.757509  	-0.019007 
3798.189167  	-0.018589 
3799.620825  	-0.018731 
3801.052484  	-0.018422 
3802.484142  	-0.017962 
3803.915800  	-0.018210 
3805.347458  	-0.018399 
3806.779116  	-0.018732 
3808.210774  	-0.018941 
3809.642433  	-0.018834 
3811.074091  	-0.018685 
3812.505749  	-0.018287 
3813.937407  	-0.018312 
3815.369065  	-0.018450 
3816.800724  	-0.017643 
3818.232382  	-0.017795 
3819.664040  	-0.018591 
3821.095698  	-0.018757 
3822.527356  	-0.018849 
3823.959014  	-0.018985 
3825.390673  	-0.018690 
3826.822331  	-0.018410 
3828.253989  	-0.018474 
3829.685647  	-0.018775 
3831.117305  	-0.018961 
3832.548964  	-0.018585 
3833.980622  	-0.018131 
3835.412280  	-0.018023 
3836.843938  	-0.018321 
3838.275596  	-0.018653 
3839.707255  	-0.018229 
3841.138913  	-0.018165 
3842.570571  	-0.018586 
3844.002229  	-0.018313 
3845.433887  	-0.017965 
3846.865545  	-0.018151 
3848.297204  	-0.018179 
3849.728862  	-0.018172 
3851.160520  	-0.018501 
3852.592178  	-0.018797 
3854.023836  	-0.018358 
3855.455495  	-0.018039 
3856.887153  	-0.018296 
3858.318811  	-0.018360 
3859.750469  	-0.018430 
3861.182127  	-0.018714 
3862.613786  	-0.018792 
3864.045444  	-0.018787 
3865.477102  	-0.018293 
3866.908760  	-0.017248 
3868.340418  	-0.017413 
3869.772076  	-0.018259 
3871.203735  	-0.018240 
3872.635393  	-0.018481 
3874.067051  	-0.019003 
3875.498709  	-0.018496 
3876.930367  	-0.018103 
3878.362026  	-0.018109 
3879.793684  	-0.017715 
3881.225342  	-0.017477 
3882.657000  	-0.017890 
3884.088658  	-0.018172 
3885.520316  	-0.018077 
3886.951975  	-0.017880 
3888.383633  	-0.018079 
3889.815291  	-0.018260 
3891.246949  	-0.018407 
3892.678607  	-0.018607 
3894.110266  	-0.018377 
3895.541924  	-0.018044 
3896.973582  	-0.018147 
3898.405240  	-0.018541 
3899.836898  	-0.018769 
3901.268557  	-0.018393 
3902.700215  	-0.017954 
3904.131873  	-0.018018 
3905.563531  	-0.018063 
3906.995189  	-0.017995 
3908.426847  	-0.018078 
3909.858506  	-0.018042 
3911.290164  	-0.017960 
3912.721822  	-0.018061 
3914.153480  	-0.018273 
3915.585138  	-0.018496 
3917.016797  	-0.018455 
3918.448455  	-0.018209 
3919.880113  	-0.018257 
3921.311771  	-0.018377 
3922.743429  	-0.018389 
3924.175088  	-0.018421 
3925.606746  	-0.018340 
3927.038404  	-0.018224 
3928.470062  	-0.018218 
3929.901720  	-0.018306 
3931.333378  	-0.018633 
3932.765037  	-0.018879 
3934.196695  	-0.018461 
3935.628353  	-0.018020 
3937.060011  	-0.018191 
3938.491669  	-0.018529 
3939.923328  	-0.018640 
3941.354986  	-0.018725 
3942.786644  	-0.018649 
3944.218302  	-0.018400 
3945.649960  	-0.018440 
3947.081618  	-0.018664 
3948.513277  	-0.018826 
3949.944935  	-0.018734 
3951.376593  	-0.018367 
3952.808251  	-0.018186 
3954.239909  	-0.018226 
3955.671568  	-0.018158 
3957.103226  	-0.018237 
3958.534884  	-0.018497 
3959.966542  	-0.018456 
3961.398200  	-0.018148 
3962.829859  	-0.018113 
3964.261517  	-0.018398 
3965.693175  	-0.018294 
3967.124833  	-0.017834 
3968.556491  	-0.017784 
3969.988149  	-0.017905 
3971.419808  	-0.017888 
3972.851466  	-0.018041 
3974.283124  	-0.018026 
3975.714782  	-0.017854 
3977.146440  	-0.018077 
3978.578099  	-0.018493 
3980.009757  	-0.018819 
3981.441415  	-0.018848 
3982.873073  	-0.018541 
3984.304731  	-0.018364 
3985.736389  	-0.018243 
3987.168048  	-0.018058 
3988.599706  	-0.018042 
3990.031364  	-0.017946 
3991.463022  	-0.017858 
3992.894680  	-0.018058 
3994.326339  	-0.018352 
3995.757997  	-0.018724 
3997.189655  	-0.018752 
3998.621313  	-0.018291 
4000.052971  	-0.018241 
4001.484630  	-0.018579 
4002.916288  	-0.018536 
4004.347946  	-0.018262 
4005.779604  	-0.018244 
4007.211262  	-0.018443 
4008.642920  	-0.018369 
4010.074579  	-0.018147 
4011.506237  	-0.018302 
4012.937895  	-0.018332 
4014.369553  	-0.018074 
4015.801211  	-0.018131 
4017.232870  	-0.018282 
4018.664528  	-0.018357 
4020.096186  	-0.018400 
4021.527844  	-0.018168 
4022.959502  	-0.018088 
4024.391161  	-0.018246 
4025.822819  	-0.018204 
4027.254477  	-0.018295 
4028.686135  	-0.018580 
4030.117793  	-0.018650 
4031.549451  	-0.018466 
4032.981110  	-0.018130 
4034.412768  	-0.018103 
4035.844426  	-0.018492 
4037.276084  	-0.018537 
4038.707742  	-0.018085 
4040.139401  	-0.017813 
4041.571059  	-0.018105 
4043.002717  	-0.018445 
4044.434375  	-0.018229 
4045.866033  	-0.017919 
4047.297691  	-0.017788 
4048.729350  	-0.017499 
4050.161008  	-0.017533 
4051.592666  	-0.017923 
4053.024324  	-0.017889 
4054.455982  	-0.017693 
4055.887641  	-0.017674 
4057.319299  	-0.017433 
4058.750957  	-0.017137 
4060.182615  	-0.017253 
4061.614273  	-0.017655 
4063.045932  	-0.017833 
4064.477590  	-0.017522 
4065.909248  	-0.017071 
4067.340906  	-0.016873 
4068.772564  	-0.016847 
4070.204222  	-0.016921 
4071.635881  	-0.017212 
4073.067539  	-0.017429 
4074.499197  	-0.017222 
4075.930855  	-0.016996 
4077.362513  	-0.017136 
4078.794172  	-0.017424 
4080.225830  	-0.017677 
4081.657488  	-0.017649 
4083.089146  	-0.017320 
4084.520804  	-0.017148 
4085.952463  	-0.017099 
4087.384121  	-0.017159 
4088.815779  	-0.017645 
4090.247437  	-0.018028 
4091.679095  	-0.017885 
4093.110753  	-0.017627 
4094.542412  	-0.017477 
4095.974070  	-0.017621 
4097.405728  	-0.017904 
4098.837386  	-0.017733 
4100.269044  	-0.017504 
4101.700703  	-0.017873 
4103.132361  	-0.018320 
4104.564019  	-0.018321 
4105.995677  	-0.018193 
4107.427335  	-0.018183 
4108.858993  	-0.018102 
4110.290652  	-0.018050 
4111.722310  	-0.018307 
4113.153968  	-0.018522 
4114.585626  	-0.018370 
4116.017284  	-0.018186 
4117.448943  	-0.018218 
4118.880601  	-0.018314 
4120.312259  	-0.018292 
4121.743917  	-0.018260 
4123.175575  	-0.018415 
4124.607234  	-0.018542 
4126.038892  	-0.018467 
4127.470550  	-0.018332 
4128.902208  	-0.018222 
4130.333866  	-0.018345 
4131.765524  	-0.018722 
4133.197183  	-0.018846 
4134.628841  	-0.018453 
4136.060499  	-0.017998 
4137.492157  	-0.018082 
4138.923815  	-0.018393 
4140.355474  	-0.018202 
4141.787132  	-0.018006 
4143.218790  	-0.018385 
4144.650448  	-0.018684 
4146.082106  	-0.018580 
4147.513764  	-0.018476 
4148.945423  	-0.018478 
4150.377081  	-0.018451 
4151.808739  	-0.018328 
4153.240397  	-0.018298 
4154.672055  	-0.018413 
4156.103714  	-0.018394 
4157.535372  	-0.018290 
4158.967030  	-0.018295 
4160.398688  	-0.018414 
4161.830346  	-0.018439 
4163.262005  	-0.018152 
4164.693663  	-0.018101 
4166.125321  	-0.018531 
4167.556979  	-0.018686 
4168.988637  	-0.018565 
4170.420295  	-0.018398 
4171.851954  	-0.017981 
4173.283612  	-0.017885 
4174.715270  	-0.018162 
4176.146928  	-0.018002 
4177.578586  	-0.017654 
4179.010245  	-0.017707 
4180.441903  	-0.018025 
4181.873561  	-0.018230 
4183.305219  	-0.018081 
4184.736877  	-0.017897 
4186.168536  	-0.018000 
4187.600194  	-0.018192 
4189.031852  	-0.018311 
4190.463510  	-0.018382 
4191.895168  	-0.018448 
4193.326826  	-0.018369 
4194.758485  	-0.018237 
4196.190143  	-0.018550 
4197.621801  	-0.018849 
4199.053459  	-0.018538 
4200.485117  	-0.018218 
4201.916776  	-0.018102 
4203.348434  	-0.018109 
4204.780092  	-0.018342 
4206.211750  	-0.018250 
4207.643408  	-0.018184 
4209.075066  	-0.018696 
4210.506725  	-0.018710 
4211.938383  	-0.018167 
4213.370041  	-0.018035 
4214.801699  	-0.018092 
4216.233357  	-0.018379 
4217.665016  	-0.018965 
4219.096674  	-0.018986 
4220.528332  	-0.018519 
4221.959990  	-0.018231 
4223.391648  	-0.017969 
4224.823307  	-0.017795 
4226.254965  	-0.018173 
4227.686623  	-0.018690 
4229.118281  	-0.018661 
4230.549939  	-0.018561 
4231.981597  	-0.018849 
4233.413256  	-0.018929 
4234.844914  	-0.018629 
4236.276572  	-0.018269 
4237.708230  	-0.018051 
4239.139888  	-0.018344 
4240.571547  	-0.018673 
4242.003205  	-0.018426 
4243.434863  	-0.018193 
4244.866521  	-0.018013 
4246.298179  	-0.017742 
4247.729838  	-0.018126 
4249.161496  	-0.018762 
4250.593154  	-0.018881 
4252.024812  	-0.018936 
4253.456470  	-0.018922 
4254.888128  	-0.018610 
4256.319787  	-0.018381 
4257.751445  	-0.018215 
4259.183103  	-0.018014 
4260.614761  	-0.017946 
4262.046419  	-0.018134 
4263.478078  	-0.018639 
4264.909736  	-0.018846 
4266.341394  	-0.018444 
4267.773052  	-0.018353 
4269.204710  	-0.018729 
4270.636368  	-0.018916 
4272.068027  	-0.019020 
4273.499685  	-0.019008 
4274.931343  	-0.018707 
4276.363001  	-0.018538 
4277.794659  	-0.018478 
4279.226318  	-0.018316 
4280.657976  	-0.018411 
4282.089634  	-0.018731 
4283.521292  	-0.018823 
4284.952950  	-0.018587 
4286.384609  	-0.018349 
4287.816267  	-0.018424 
4289.247925  	-0.018584 
4290.679583  	-0.018754 
4292.111241  	-0.019223 
4293.542899  	-0.019449 
4294.974558  	-0.019047 
4296.406216  	-0.018762 
4297.837874  	-0.018733 
4299.269532  	-0.018469 
4300.701190  	-0.018210 
4302.132849  	-0.018315 
4303.564507  	-0.018472 
4304.996165  	-0.018316 
4306.427823  	-0.018226 
4307.859481  	-0.018346 
4309.291140  	-0.018008 
4310.722798  	-0.017689 
4312.154456  	-0.018262 
4313.586114  	-0.018768 
4315.017772  	-0.018589 
4316.449430  	-0.018427 
4317.881089  	-0.018390 
4319.312747  	-0.018411 
4320.744405  	-0.018468 
4322.176063  	-0.018350 
4323.607721  	-0.018404 
4325.039380  	-0.018519 
4326.471038  	-0.018103 
4327.902696  	-0.017674 
4329.334354  	-0.017845 
4330.766012  	-0.018095 
4332.197670  	-0.017868 
4333.629329  	-0.017660 
4335.060987  	-0.018077 
4336.492645  	-0.018465 
4337.924303  	-0.018247 
4339.355961  	-0.018095 
4340.787620  	-0.018293 
4342.219278  	-0.018456 
4343.650936  	-0.018379 
4345.082594  	-0.018089 
4346.514252  	-0.018079 
4347.945911  	-0.018446 
4349.377569  	-0.018515 
4350.809227  	-0.018290 
4352.240885  	-0.018237 
4353.672543  	-0.018337 
4355.104201  	-0.018430 
4356.535860  	-0.018467 
4357.967518  	-0.018542 
4359.399176  	-0.018615 
4360.830834  	-0.018516 
4362.262492  	-0.018405 
4363.694151  	-0.018271 
4365.125809  	-0.018019 
4366.557467  	-0.018074 
4367.989125  	-0.018495 
4369.420783  	-0.018608 
4370.852441  	-0.018138 
4372.284100  	-0.017816 
4373.715758  	-0.018360 
4375.147416  	-0.019191 
4376.579074  	-0.019393 
4378.010732  	-0.019014 
4379.442391  	-0.018596 
4380.874049  	-0.018724 
4382.305707  	-0.019264 
4383.737365  	-0.019214 
4385.169023  	-0.018580 
4386.600682  	-0.018379 
4388.032340  	-0.018752 
4389.463998  	-0.018942 
4390.895656  	-0.018576 
4392.327314  	-0.018306 
4393.758972  	-0.018601 
4395.190631  	-0.018933 
4396.622289  	-0.019088 
4398.053947  	-0.019085 
4399.485605  	-0.018684 
4400.917263  	-0.018453 
4402.348922  	-0.018784 
4403.780580  	-0.018966 
4405.212238  	-0.018805 
4406.643896  	-0.018768 
4408.075554  	-0.018801 
4409.507213  	-0.018583 
4410.938871  	-0.018389 
4412.370529  	-0.018586 
4413.802187  	-0.018615 
4415.233845  	-0.018387 
4416.665503  	-0.018694 
4418.097162  	-0.018866 
4419.528820  	-0.018234 
4420.960478  	-0.018029 
4422.392136  	-0.018442 
4423.823794  	-0.018578 
4425.255453  	-0.018714 
4426.687111  	-0.018916 
4428.118769  	-0.018798 
4429.550427  	-0.018655 
4430.982085  	-0.018662 
4432.413743  	-0.018805 
4433.845402  	-0.018895 
4435.277060  	-0.018522 
4436.708718  	-0.018363 
4438.140376  	-0.018841 
4439.572034  	-0.018831 
4441.003693  	-0.018573 
4442.435351  	-0.019201 
4443.867009  	-0.019733 
4445.298667  	-0.019568 
4446.730325  	-0.019563 
4448.161984  	-0.019377 
4449.593642  	-0.018959 
4451.025300  	-0.019125 
4452.456958  	-0.019075 
4453.888616  	-0.018593 
4455.320274  	-0.019091 
4456.751933  	-0.019878 
4458.183591  	-0.019456 
4459.615249  	-0.018918 
4461.046907  	-0.019220 
4462.478565  	-0.019275 
4463.910224  	-0.018859 
4465.341882  	-0.018836 
4466.773540  	-0.018986 
4468.205198  	-0.019134 
4469.636856  	-0.019591 
4471.068515  	-0.019598 
4472.500173  	-0.019013 
4473.931831  	-0.018877 
4475.363489  	-0.019042 
4476.795147  	-0.019135 
4478.226805  	-0.019424 
4479.658464  	-0.019584 
4481.090122  	-0.019633 
4482.521780  	-0.019746 
4483.953438  	-0.019436 
4485.385096  	-0.018990 
4486.816755  	-0.018893 
4488.248413  	-0.018917 
4489.680071  	-0.019069 
4491.111729  	-0.019359 
4492.543387  	-0.019587 
4493.975045  	-0.019543 
4495.406704  	-0.019221 
4496.838362  	-0.019215 
4498.270020  	-0.019416 
4499.701678  	-0.019148 
4501.133336  	-0.018826 
4502.564995  	-0.018751 
4503.996653  	-0.018756 
4505.428311  	-0.019071 
4506.859969  	-0.019349 
4508.291627  	-0.019262 
4509.723286  	-0.019241 
4511.154944  	-0.019359 
4512.586602  	-0.019365 
4514.018260  	-0.019101 
4515.449918  	-0.018972 
4516.881576  	-0.019572 
4518.313235  	-0.020000 
4519.744893  	-0.019438 
4521.176551  	-0.018943 
4522.608209  	-0.019131 
4524.039867  	-0.019386 
4525.471526  	-0.019445 
4526.903184  	-0.019516 
4528.334842  	-0.019670 
4529.766500  	-0.019788 
4531.198158  	-0.019896 
4532.629817  	-0.019796 
4534.061475  	-0.019372 
4535.493133  	-0.019551 
4536.924791  	-0.020242 
4538.356449  	-0.019914 
4539.788107  	-0.019153 
4541.219766  	-0.019414 
4542.651424  	-0.019891 
4544.083082  	-0.019692 
4545.514740  	-0.019375 
4546.946398  	-0.019480 
4548.378057  	-0.019851 
4549.809715  	-0.019857 
4551.241373  	-0.019375 
4552.673031  	-0.019148 
4554.104689  	-0.019417 
4555.536347  	-0.019535 
4556.968006  	-0.019418 
4558.399664  	-0.019551 
4559.831322  	-0.019546 
4561.262980  	-0.019037 
4562.694638  	-0.018753 
4564.126297  	-0.018929 
4565.557955  	-0.019269 
4566.989613  	-0.019736 
4568.421271  	-0.019732 
4569.852929  	-0.019149 
4571.284588  	-0.018832 
4572.716246  	-0.018899 
4574.147904  	-0.019109 
4575.579562  	-0.019252 
4577.011220  	-0.019081 
4578.442878  	-0.018964 
4579.874537  	-0.018853 
4581.306195  	-0.018629 
4582.737853  	-0.019082 
4584.169511  	-0.019742 
4585.601169  	-0.019314 
4587.032828  	-0.018442 
4588.464486  	-0.018263 
4589.896144  	-0.018639 
4591.327802  	-0.019051 
4592.759460  	-0.019263 
4594.191118  	-0.019243 
4595.622777  	-0.019200 
4597.054435  	-0.019511 
4598.486093  	-0.019989 
4599.917751  	-0.019943 
4601.349409  	-0.019447 
4602.781068  	-0.019051 
4604.212726  	-0.018931 
4605.644384  	-0.019180 
4607.076042  	-0.019620 
4608.507700  	-0.019894 
4609.939359  	-0.019835 
4611.371017  	-0.019442 
4612.802675  	-0.019110 
4614.234333  	-0.019051 
4615.665991  	-0.019049 
4617.097649  	-0.019254 
4618.529308  	-0.019631 
4619.960966  	-0.019739 
4621.392624  	-0.019547 
4622.824282  	-0.019226 
4624.255940  	-0.018960 
4625.687599  	-0.019051 
4627.119257  	-0.019613 
4628.550915  	-0.020052 
4629.982573  	-0.019505 
4631.414231  	-0.018600 
4632.845890  	-0.018453 
4634.277548  	-0.018477 
4635.709206  	-0.018242 
4637.140864  	-0.018225 
4638.572522  	-0.018427 
4640.004180  	-0.018955 
4641.435839  	-0.019378 
4642.867497  	-0.019031 
4644.299155  	-0.018901 
4645.730813  	-0.019457 
4647.162471  	-0.019639 
4648.594130  	-0.019267 
4650.025788  	-0.018944 
4651.457446  	-0.019061 
4652.889104  	-0.019384 
4654.320762  	-0.019347 
4655.752420  	-0.019227 
4657.184079  	-0.019215 
4658.615737  	-0.019010 
4660.047395  	-0.018794 
4661.479053  	-0.018606 
4662.910711  	-0.018745 
4664.342370  	-0.019192 
4665.774028  	-0.018750 
4667.205686  	-0.018216 
4668.637344  	-0.019138 
4670.069002  	-0.019849 
4671.500661  	-0.019316 
4672.932319  	-0.019134 
4674.363977  	-0.019563 
4675.795635  	-0.019692 
4677.227293  	-0.019367 
4678.658951  	-0.018843 
4680.090610  	-0.018709 
4681.522268  	-0.019217 
4682.953926  	-0.019854 
4684.385584  	-0.020217 
4685.817242  	-0.020193 
4687.248901  	-0.019672 
4688.680559  	-0.018965 
4690.112217  	-0.018772 
4691.543875  	-0.019012 
4692.975533  	-0.019166 
4694.407192  	-0.019430 
4695.838850  	-0.019503 
4697.270508  	-0.018878 
4698.702166  	-0.018644 
4700.133824  	-0.019335 
4701.565482  	-0.019740 
4702.997141  	-0.019537 
4704.428799  	-0.019365 
4705.860457  	-0.019255 
4707.292115  	-0.019008 
4708.723773  	-0.018956 
4710.155432  	-0.019521 
4711.587090  	-0.019999 
4713.018748  	-0.019503 
4714.450406  	-0.018917 
4715.882064  	-0.019266 
4717.313722  	-0.019928 
4718.745381  	-0.020229 
4720.177039  	-0.020255 
4721.608697  	-0.020008 
4723.040355  	-0.019644 
4724.472013  	-0.019745 
4725.903672  	-0.020138 
4727.335330  	-0.019988 
4728.766988  	-0.019462 
4730.198646  	-0.019149 
4731.630304  	-0.019103 
4733.061963  	-0.019543 
4734.493621  	-0.020141 
4735.925279  	-0.020278 
4737.356937  	-0.020426 
4738.788595  	-0.020502 
4740.220253  	-0.019921 
4741.651912  	-0.019565 
4743.083570  	-0.019909 
4744.515228  	-0.020187 
4745.946886  	-0.020137 
4747.378544  	-0.019862 
4748.810203  	-0.019694 
4750.241861  	-0.019866 
4751.673519  	-0.019845 
4753.105177  	-0.019572 
4754.536835  	-0.019557 
4755.968493  	-0.019747 
4757.400152  	-0.019788 
4758.831810  	-0.019333 
4760.263468  	-0.018889 
4761.695126  	-0.019383 
4763.126784  	-0.020046 
4764.558443  	-0.019844 
4765.990101  	-0.019497 
4767.421759  	-0.019465 
4768.853417  	-0.019271 
4770.285075  	-0.018960 
4771.716734  	-0.018823 
4773.148392  	-0.018966 
4774.580050  	-0.019513 
4776.011708  	-0.020146 
4777.443366  	-0.020189 
4778.875024  	-0.019678 
4780.306683  	-0.019261 
4781.738341  	-0.019045 
4783.169999  	-0.018930 
4784.601657  	-0.019131 
4786.033315  	-0.019532 
4787.464974  	-0.020032 
4788.896632  	-0.020554 
4790.328290  	-0.020456 
4791.759948  	-0.019997 
4793.191606  	-0.020089 
4794.623265  	-0.020159 
4796.054923  	-0.019670 
4797.486581  	-0.019388 
4798.918239  	-0.019599 
4800.349897  	-0.020066 
4801.781555  	-0.020355 
4803.213214  	-0.019839 
4804.644872  	-0.019219 
4806.076530  	-0.019537 
4807.508188  	-0.020094 
4808.939846  	-0.020168 
4810.371505  	-0.020143 
4811.803163  	-0.020160 
4813.234821  	-0.020209 
4814.666479  	-0.020405 
4816.098137  	-0.020441 
4817.529795  	-0.020223 
4818.961454  	-0.020209 
4820.393112  	-0.020298 
4821.824770  	-0.019987 
4823.256428  	-0.019666 
4824.688086  	-0.019819 
4826.119745  	-0.019995 
4827.551403  	-0.020119 
4828.983061  	-0.020423 
4830.414719  	-0.020254 
4831.846377  	-0.019739 
4833.278036  	-0.019753 
4834.709694  	-0.019800 
4836.141352  	-0.019877 
4837.573010  	-0.020780 
4839.004668  	-0.021182 
4840.436326  	-0.020195 
4841.867985  	-0.019478 
4843.299643  	-0.019413 
4844.731301  	-0.019376 
4846.162959  	-0.019832 
4847.594617  	-0.020161 
4849.026276  	-0.019770 
4850.457934  	-0.019831 
4851.889592  	-0.020125 
4853.321250  	-0.019510 
4854.752908  	-0.018790 
4856.184567  	-0.018872 
4857.616225  	-0.019479 
4859.047883  	-0.020126 
4860.479541  	-0.020211 
4861.911199  	-0.019735 
4863.342857  	-0.019483 
4864.774516  	-0.019889 
4866.206174  	-0.020677 
4867.637832  	-0.021056 
4869.069490  	-0.020674 
4870.501148  	-0.020300 
4871.932807  	-0.020508 
4873.364465  	-0.020944 
4874.796123  	-0.020889 
4876.227781  	-0.020240 
4877.659439  	-0.020013 
4879.091097  	-0.020385 
4880.522756  	-0.020189 
4881.954414  	-0.019559 
4883.386072  	-0.019359 
4884.817730  	-0.019527 
4886.249388  	-0.020028 
4887.681047  	-0.020359 
4889.112705  	-0.020013 
4890.544363  	-0.019907 
4891.976021  	-0.020089 
4893.407679  	-0.019679 
4894.839338  	-0.019414 
4896.270996  	-0.019689 
4897.702654  	-0.019718 
4899.134312  	-0.019837 
4900.565970  	-0.020242 
4901.997628  	-0.020168 
4903.429287  	-0.019853 
4904.860945  	-0.019686 
4906.292603  	-0.019331 
4907.724261  	-0.019246 
4909.155919  	-0.019861 
4910.587578  	-0.020312 
4912.019236  	-0.020088 
4913.450894  	-0.019757 
4914.882552  	-0.019695 
4916.314210  	-0.019822 
4917.745869  	-0.020061 
4919.177527  	-0.020148 
4920.609185  	-0.019822 
4922.040843  	-0.019615 
4923.472501  	-0.020162 
4924.904159  	-0.020800 
4926.335818  	-0.020871 
4927.767476  	-0.020948 
4929.199134  	-0.021213 
4930.630792  	-0.021180 
4932.062450  	-0.020684 
4933.494109  	-0.019930 
4934.925767  	-0.019695 
4936.357425  	-0.020097 
4937.789083  	-0.020201 
4939.220741  	-0.020195 
4940.652399  	-0.020244 
4942.084058  	-0.019640 
4943.515716  	-0.019322 
4944.947374  	-0.019966 
4946.379032  	-0.020392 
4947.810690  	-0.020376 
4949.242349  	-0.020168 
4950.674007  	-0.020026 
4952.105665  	-0.020505 
4953.537323  	-0.020468 
4954.968981  	-0.019550 
4956.400640  	-0.019526 
4957.832298  	-0.020056 
4959.263956  	-0.020032 
4960.695614  	-0.020091 
4962.127272  	-0.020207 
4963.558930  	-0.020139 
4964.990589  	-0.020146 
4966.422247  	-0.019922 
4967.853905  	-0.019717 
4969.285563  	-0.019993 
4970.717221  	-0.020360 
4972.148880  	-0.020467 
4973.580538  	-0.020310 
4975.012196  	-0.020274 
4976.443854  	-0.020366 
4977.875512  	-0.020070 
4979.307170  	-0.020021 
4980.738829  	-0.020665 
4982.170487  	-0.020774 
4983.602145  	-0.020226 
4985.033803  	-0.020154 
4986.465461  	-0.020493 
4987.897120  	-0.020688 
4989.328778  	-0.020739 
4990.760436  	-0.020494 
4992.192094  	-0.020062 
4993.623752  	-0.020098 
4995.055411  	-0.020328 
4996.487069  	-0.020183 
4997.918727  	-0.020436 
4999.350385  	-0.020941 
5000.782043  	-0.020476 
5002.213701  	-0.019835 
5003.645360  	-0.020011 
5005.077018  	-0.020531 
5006.508676  	-0.021095 
5007.940334  	-0.020816 
5009.371992  	-0.019717 
5010.803651  	-0.019775 
5012.235309  	-0.020489 
5013.666967  	-0.020240 
5015.098625  	-0.020151 
5016.530283  	-0.020594 
5017.961942  	-0.020607 
5019.393600  	-0.020700 
5020.825258  	-0.020863 
5022.256916  	-0.020340 
5023.688574  	-0.020009 
5025.120232  	-0.020657 
5026.551891  	-0.021217 
5027.983549  	-0.020855 
5029.415207  	-0.020362 
5030.846865  	-0.020398 
5032.278523  	-0.020546 
5033.710182  	-0.020439 
5035.141840  	-0.020029 
5036.573498  	-0.019432 
5038.005156  	-0.019158 
5039.436814  	-0.019510 
5040.868472  	-0.020155 
5042.300131  	-0.020492 
5043.731789  	-0.020404 
5045.163447  	-0.020418 
5046.595105  	-0.020502 
5048.026763  	-0.020280 
5049.458422  	-0.020241 
5050.890080  	-0.020405 
5052.321738  	-0.020009 
5053.753396  	-0.019576 
5055.185054  	-0.019915 
5056.616713  	-0.020248 
5058.048371  	-0.020153 
5059.480029  	-0.020347 
5060.911687  	-0.020589 
5062.343345  	-0.020552 
5063.775003  	-0.020797 
5065.206662  	-0.020776 
5066.638320  	-0.020134 
5068.069978  	-0.020158 
5069.501636  	-0.020653 
5070.933294  	-0.020360 
5072.364953  	-0.019825 
5073.796611  	-0.020063 
5075.228269  	-0.020975 
5076.659927  	-0.021540 
5078.091585  	-0.021329 
5079.523244  	-0.021342 
5080.954902  	-0.021063 
5082.386560  	-0.019733 
5083.818218  	-0.019577 
5085.249876  	-0.020947 
5086.681534  	-0.021299 
5088.113193  	-0.020646 
5089.544851  	-0.020315 
5090.976509  	-0.020450 
5092.408167  	-0.020693 
5093.839825  	-0.020317 
5095.271484  	-0.019625 
5096.703142  	-0.019336 
5098.134800  	-0.019362 
5099.566458  	-0.020145 
5100.998116  	-0.020915 
5102.429774  	-0.020331 
5103.861433  	-0.019965 
5105.293091  	-0.020689 
5106.724749  	-0.020951 
5108.156407  	-0.020560 
5109.588065  	-0.020151 
5111.019724  	-0.020035 
5112.451382  	-0.020292 
5113.883040  	-0.020284 
5115.314698  	-0.020399 
5116.746356  	-0.020884 
5118.178015  	-0.020389 
5119.609673  	-0.019686 
5121.041331  	-0.020480 
5122.472989  	-0.021111 
5123.904647  	-0.020188 
5125.336305  	-0.019451 
5126.767964  	-0.019704 
5128.199622  	-0.019543 
5129.631280  	-0.019135 
5131.062938  	-0.019908 
5132.494596  	-0.020915 
5133.926255  	-0.020928 
5135.357913  	-0.021027 
5136.789571  	-0.021325 
5138.221229  	-0.021025 
5139.652887  	-0.020965 
5141.084546  	-0.021390 
5142.516204  	-0.021381 
5143.947862  	-0.020995 
5145.379520  	-0.020735 
5146.811178  	-0.020596 
5148.242836  	-0.020479 
5149.674495  	-0.020831 
5151.106153  	-0.021609 
5152.537811  	-0.021153 
5153.969469  	-0.019741 
5155.401127  	-0.019819 
5156.832786  	-0.020809 
5158.264444  	-0.020904 
5159.696102  	-0.020556 
5161.127760  	-0.020110 
5162.559418  	-0.020017 
5163.991076  	-0.020295 
5165.422735  	-0.019709 
5166.854393  	-0.019505 
5168.286051  	-0.020319 
5169.717709  	-0.020065 
5171.149367  	-0.020040 
5172.581026  	-0.021399 
5174.012684  	-0.021248 
5175.444342  	-0.020115 
5176.876000  	-0.020235 
5178.307658  	-0.020743 
5179.739317  	-0.021050 
5181.170975  	-0.020586 
5182.602633  	-0.019530 
5184.034291  	-0.019988 
5185.465949  	-0.020759 
5186.897607  	-0.020286 
5188.329266  	-0.020670 
5189.760924  	-0.021006 
5191.192582  	-0.019852 
5192.624240  	-0.019982 
5194.055898  	-0.021216 
5195.487557  	-0.020755 
5196.919215  	-0.019748 
5198.350873  	-0.020279 
5199.782531  	-0.021153 
5201.214189  	-0.020656 
5202.645847  	-0.019535 
5204.077506  	-0.019651 
5205.509164  	-0.020723 
5206.940822  	-0.021367 
5208.372480  	-0.021746 
5209.804138  	-0.022158 
5211.235797  	-0.021846 
5212.667455  	-0.021152 
5214.099113  	-0.020890 
5215.530771  	-0.020693 
5216.962429  	-0.020320 
5218.394088  	-0.020382 
5219.825746  	-0.020622 
5221.257404  	-0.020684 
5222.689062  	-0.021130 
5224.120720  	-0.021357 
5225.552378  	-0.020636 
5226.984037  	-0.020178 
5228.415695  	-0.020415 
5229.847353  	-0.020745 
5231.279011  	-0.021378 
5232.710669  	-0.021438 
5234.142328  	-0.020613 
5235.573986  	-0.020653 
5237.005644  	-0.021345 
5238.437302  	-0.021054 
5239.868960  	-0.020620 
5241.300619  	-0.020949 
5242.732277  	-0.020589 
5244.163935  	-0.019400 
5245.595593  	-0.019831 
5247.027251  	-0.021697 
5248.458909  	-0.022027 
5249.890568  	-0.020496 
5251.322226  	-0.019795 
5252.753884  	-0.020464 
5254.185542  	-0.021292 
5255.617200  	-0.021551 
5257.048859  	-0.021189 
5258.480517  	-0.020608 
5259.912175  	-0.020476 
5261.343833  	-0.020889 
5262.775491  	-0.021004 
5264.207149  	-0.020717 
5265.638808  	-0.020781 
5267.070466  	-0.021253 
5268.502124  	-0.021912 
5269.933782  	-0.022148 
5271.365440  	-0.021662 
5272.797099  	-0.021666 
5274.228757  	-0.021717 
5275.660415  	-0.020554 
5277.092073  	-0.020087 
5278.523731  	-0.020997 
5279.955390  	-0.020935 
5281.387048  	-0.020580 
5282.818706  	-0.021600 
5284.250364  	-0.022392 
5285.682022  	-0.021735 
5287.113680  	-0.020160 
5288.545339  	-0.019016 
5289.976997  	-0.019722 
5291.408655  	-0.021261 
5292.840313  	-0.021257 
5294.271971  	-0.020613 
5295.703630  	-0.020577 
5297.135288  	-0.020815 
5298.566946  	-0.021082 
5299.998604  	-0.020938 
5301.430262  	-0.020301 
5302.861921  	-0.020506 
5304.293579  	-0.021404 
5305.725237  	-0.021233 
5307.156895  	-0.020616 
5308.588553  	-0.021360 
5310.020211  	-0.022333 
5311.451870  	-0.021905 
5312.883528  	-0.020903 
5314.315186  	-0.020579 
5315.746844  	-0.020912 
5317.178502  	-0.020795 
5318.610161  	-0.019646 
5320.041819  	-0.018946 
5321.473477  	-0.019889 
5322.905135  	-0.021152 
5324.336793  	-0.021191 
5325.768451  	-0.020307 
5327.200110  	-0.019744 
5328.631768  	-0.020047 
5330.063426  	-0.020366 
5331.495084  	-0.020651 
5332.926742  	-0.021582 
5334.358401  	-0.021938 
5335.790059  	-0.021201 
5337.221717  	-0.021132 
5338.653375  	-0.021768 
5340.085033  	-0.021289 
5341.516692  	-0.020457 
5342.948350  	-0.020699 
5344.380008  	-0.021200 
5345.811666  	-0.020803 
5347.243324  	-0.020649 
5348.674982  	-0.021467 
5350.106641  	-0.021847 
5351.538299  	-0.021274 
5352.969957  	-0.020898 
5354.401615  	-0.021031 
5355.833273  	-0.021427 
5357.264932  	-0.021605 
5358.696590  	-0.021000 
5360.128248  	-0.020300 
5361.559906  	-0.020274 
5362.991564  	-0.020320 
5364.423222  	-0.020294 
5365.854881  	-0.020485 
5367.286539  	-0.020607 
5368.718197  	-0.020737 
5370.149855  	-0.021079 
5371.581513  	-0.021149 
5373.013172  	-0.020777 
5374.444830  	-0.021124 
5375.876488  	-0.022379 
5377.308146  	-0.022493 
5378.739804  	-0.021728 
5380.171463  	-0.022317 
5381.603121  	-0.022854 
5383.034779  	-0.021991 
5384.466437  	-0.021258 
5385.898095  	-0.021341 
5387.329753  	-0.021982 
5388.761412  	-0.022254 
5390.193070  	-0.021268 
5391.624728  	-0.020797 
5393.056386  	-0.021701 
5394.488044  	-0.021873 
5395.919703  	-0.021453 
5397.351361  	-0.021495 
5398.783019  	-0.021249 
5400.214677  	-0.021373 
5401.646335  	-0.022214 
5403.077994  	-0.022727 
5404.509652  	-0.022594 
5405.941310  	-0.021798 
5407.372968  	-0.020912 
5408.804626  	-0.020698 
5410.236284  	-0.020682 
5411.667943  	-0.021076 
5413.099601  	-0.021925 
5414.531259  	-0.021605 
5415.962917  	-0.020417 
5417.394575  	-0.020664 
5418.826234  	-0.022260 
5420.257892  	-0.023404 
5421.689550  	-0.023108 
5423.121208  	-0.022367 
5424.552866  	-0.021867 
5425.984524  	-0.020882 
5427.416183  	-0.019888 
5428.847841  	-0.020013 
5430.279499  	-0.020422 
5431.711157  	-0.020231 
5433.142815  	-0.020707 
5434.574474  	-0.022056 
5436.006132  	-0.022243 
5437.437790  	-0.020956 
5438.869448  	-0.020582 
5440.301106  	-0.021656 
5441.732765  	-0.022743 
5443.164423  	-0.022986 
5444.596081  	-0.022754 
5446.027739  	-0.021853 
5447.459397  	-0.020912 
5448.891055  	-0.021034 
5450.322714  	-0.021233 
5451.754372  	-0.020544 
5453.186030  	-0.019838 
5454.617688  	-0.019887 
5456.049346  	-0.020747 
5457.481005  	-0.021665 
5458.912663  	-0.021771 
5460.344321  	-0.021713 
5461.775979  	-0.021438 
5463.207637  	-0.020519 
5464.639296  	-0.020711 
5466.070954  	-0.021526 
5467.502612  	-0.020872 
5468.934270  	-0.020457 
5470.365928  	-0.021137 
5471.797586  	-0.021106 
5473.229245  	-0.021190 
5474.660903  	-0.021934 
5476.092561  	-0.021853 
5477.524219  	-0.020876 
5478.955877  	-0.020036 
5480.387536  	-0.020233 
5481.819194  	-0.021375 
5483.250852  	-0.021588 
5484.682510  	-0.021060 
5486.114168  	-0.021302 
5487.545826  	-0.022059 
5488.977485  	-0.022434 
5490.409143  	-0.022165 
5491.840801  	-0.021817 
5493.272459  	-0.020980 
5494.704117  	-0.019770 
5496.135776  	-0.020760 
5497.567434  	-0.022067 
5498.999092  	-0.020278 
5500.430750  	-0.019247 
5501.862408  	-0.021458 
5503.294067  	-0.022814 
5504.725725  	-0.022633 
5506.157383  	-0.022184 
5507.589041  	-0.021055 
5509.020699  	-0.020889 
5510.452357  	-0.022185 
5511.884016  	-0.022649 
5513.315674  	-0.021682 
5514.747332  	-0.020752 
5516.178990  	-0.021318 
5517.610648  	-0.022488 
5519.042307  	-0.022532 
5520.473965  	-0.022107 
5521.905623  	-0.021634 
5523.337281  	-0.020861 
5524.768939  	-0.020646 
5526.200598  	-0.020996 
5527.632256  	-0.021400 
5529.063914  	-0.021634 
5530.495572  	-0.021114 
5531.927230  	-0.020815 
5533.358888  	-0.021515 
5534.790547  	-0.021668 
5536.222205  	-0.021651 
5537.653863  	-0.022692 
5539.085521  	-0.022452 
5540.517179  	-0.020699 
5541.948838  	-0.020783 
5543.380496  	-0.021659 
5544.812154  	-0.021196 
5546.243812  	-0.021646 
5547.675470  	-0.022495 
5549.107128  	-0.021934 
5550.538787  	-0.022232 
5551.970445  	-0.021928 
5553.402103  	-0.019574 
5554.833761  	-0.020415 
5556.265419  	-0.023186 
5557.697078  	-0.022176 
5559.128736  	-0.020839 
5560.560394  	-0.021607 
5561.992052  	-0.021141 
5563.423710  	-0.020717 
5564.855369  	-0.021653 
5566.287027  	-0.021130 
5567.718685  	-0.019613 
5569.150343  	-0.020031 
5570.582001  	-0.022015 
5572.013659  	-0.023309 
5573.445318  	-0.023539 
5574.876976  	-0.023667 
5576.308634  	-0.023429 
5577.740292  	-0.022971 
5579.171950  	-0.023101 
5580.603609  	-0.022520 
5582.035267  	-0.020877 
5583.466925  	-0.020329 
5584.898583  	-0.020480 
5586.330241  	-0.019845 
5587.761899  	-0.020094 
5589.193558  	-0.021821 
5590.625216  	-0.022689 
5592.056874  	-0.022438 
5593.488532  	-0.022221 
5594.920190  	-0.021552 
5596.351849  	-0.020359 
5597.783507  	-0.019305 
5599.215165  	-0.018804 
5600.646823  	-0.019669 
5602.078481  	-0.021268 
5603.510140  	-0.021847 
5604.941798  	-0.021348 
5606.373456  	-0.020515 
5607.805114  	-0.020119 
5609.236772  	-0.020290 
5610.668430  	-0.020212 
5612.100089  	-0.020590 
5613.531747  	-0.021268 
5614.963405  	-0.020639 
5616.395063  	-0.020479 
5617.826721  	-0.021947 
5619.258380  	-0.022765 
5620.690038  	-0.022600 
5622.121696  	-0.021839 
5623.553354  	-0.020918 
5624.985012  	-0.021439 
5626.416671  	-0.022103 
5627.848329  	-0.021764 
5629.279987  	-0.021614 
5630.711645  	-0.020402 
5632.143303  	-0.018844 
5633.574961  	-0.020167 
5635.006620  	-0.022414 
5636.438278  	-0.023025 
5637.869936  	-0.022884 
5639.301594  	-0.022448 
5640.733252  	-0.022600 
5642.164911  	-0.023250 
5643.596569  	-0.022362 
5645.028227  	-0.021123 
5646.459885  	-0.021551 
5647.891543  	-0.022168 
5649.323201  	-0.021695 
5650.754860  	-0.020694 
5652.186518  	-0.020455 
5653.618176  	-0.021613 
5655.049834  	-0.022272 
5656.481492  	-0.021491 
5657.913151  	-0.021193 
5659.344809  	-0.021808 
5660.776467  	-0.022347 
5662.208125  	-0.021942 
5663.639783  	-0.019950 
5665.071442  	-0.018879 
5666.503100  	-0.020274 
5667.934758  	-0.020899 
5669.366416  	-0.020195 
5670.798074  	-0.020496 
5672.229732  	-0.021127 
5673.661391  	-0.021762 
5675.093049  	-0.022336 
5676.524707  	-0.021536 
5677.956365  	-0.021046 
5679.388023  	-0.021746 
5680.819682  	-0.021206 
5682.251340  	-0.020159 
5683.682998  	-0.020881 
5685.114656  	-0.022274 
5686.546314  	-0.022515 
5687.977973  	-0.021898 
5689.409631  	-0.022072 
5690.841289  	-0.022650 
5692.272947  	-0.022009 
5693.704605  	-0.021998 
5695.136263  	-0.023074 
5696.567922  	-0.021861 
5697.999580  	-0.020043 
5699.431238  	-0.021512 
5700.862896  	-0.023051 
5702.294554  	-0.021604 
5703.726213  	-0.020724 
5705.157871  	-0.022170 
5706.589529  	-0.022916 
5708.021187  	-0.021965 
5709.452845  	-0.020780 
5710.884503  	-0.020151 
5712.316162  	-0.020842 
5713.747820  	-0.021978 
5715.179478  	-0.021361 
5716.611136  	-0.019526 
5718.042794  	-0.018753 
5719.474453  	-0.020324 
5720.906111  	-0.022525 
5722.337769  	-0.022245 
5723.769427  	-0.021841 
5725.201085  	-0.024184 
5726.632744  	-0.024841 
5728.064402  	-0.023087 
5729.496060  	-0.023258 
5730.927718  	-0.023394 
5732.359376  	-0.021630 
5733.791034  	-0.020772 
5735.222693  	-0.020503 
5736.654351  	-0.020096 
5738.086009  	-0.020965 
5739.517667  	-0.022437 
5740.949325  	-0.022976 
5742.380984  	-0.022196 
5743.812642  	-0.021392 
5745.244300  	-0.022118 
5746.675958  	-0.022861 
5748.107616  	-0.022147 
5749.539275  	-0.021783 
5750.970933  	-0.022761 
5752.402591  	-0.022546 
5753.834249  	-0.020322 
5755.265907  	-0.019791 
5756.697565  	-0.021183 
5758.129224  	-0.020256 
5759.560882  	-0.018676 
5760.992540  	-0.019562 
5762.424198  	-0.020269 
5763.855856  	-0.020037 
5765.287515  	-0.020110 
5766.719173  	-0.020367 
5768.150831  	-0.022062 
5769.582489  	-0.023352 
5771.014147  	-0.022232 
5772.445805  	-0.022092 
5773.877464  	-0.022576 
5775.309122  	-0.021377 
5776.740780  	-0.021961 
5778.172438  	-0.024738 
5779.604096  	-0.026208 
5781.035755  	-0.025773 
5782.467413  	-0.024623 
5783.899071  	-0.024378 
5785.330729  	-0.024344 
5786.762387  	-0.022335 
5788.194046  	-0.020553 
5789.625704  	-0.020802 
5791.057362  	-0.021362 
5792.489020  	-0.021835 
5793.920678  	-0.021762 
5795.352336  	-0.020499 
5796.783995  	-0.019271 
5798.215653  	-0.019079 
5799.647311  	-0.020545 
5801.078969  	-0.022468 
5802.510627  	-0.022741 
5803.942286  	-0.022115 
5805.373944  	-0.021519 
5806.805602  	-0.021820 
5808.237260  	-0.023726 
5809.668918  	-0.024245 
5811.100576  	-0.022286 
5812.532235  	-0.020390 
5813.963893  	-0.019294 
5815.395551  	-0.019568 
5816.827209  	-0.020883 
5818.258867  	-0.022490 
5819.690526  	-0.024610 
5821.122184  	-0.022955 
5822.553842  	-0.018643 
5823.985500  	-0.020411 
5825.417158  	-0.024556 
5826.848817  	-0.024319 
5828.280475  	-0.024031 
5829.712133  	-0.024018 
5831.143791  	-0.023022 
5832.575449  	-0.024446 
5834.007107  	-0.025312 
5835.438766  	-0.023329 
5836.870424  	-0.022232 
5838.302082  	-0.021986 
5839.733740  	-0.021752 
5841.165398  	-0.021993 
5842.597057  	-0.021176 
5844.028715  	-0.019647 
5845.460373  	-0.019419 
5846.892031  	-0.020640 
5848.323689  	-0.021871 
5849.755348  	-0.022362 
5851.187006  	-0.022271 
5852.618664  	-0.020931 
5854.050322  	-0.019741 
5855.481980  	-0.020912 
5856.913638  	-0.022233 
5858.345297  	-0.022707 
5859.776955  	-0.022762 
5861.208613  	-0.021271 
5862.640271  	-0.020704 
5864.071929  	-0.021754 
5865.503588  	-0.021632 
5866.935246  	-0.022102 
5868.366904  	-0.023120 
5869.798562  	-0.022588 
5871.230220  	-0.022480 
5872.661878  	-0.022729 
5874.093537  	-0.022600 
5875.525195  	-0.022198 
5876.956853  	-0.020114 
5878.388511  	-0.019715 
5879.820169  	-0.022099 
5881.251828  	-0.022143 
5882.683486  	-0.020304 
5884.115144  	-0.019140 
5885.546802  	-0.019321 
5886.978460  	-0.022155 
5888.410119  	-0.023757 
5889.841777  	-0.022338 
5891.273435  	-0.021745 
5892.705093  	-0.021089 
5894.136751  	-0.020437 
5895.568409  	-0.021891 
5897.000068  	-0.021999 
5898.431726  	-0.019839 
5899.863384  	-0.018908 
5901.295042  	-0.019769 
5902.726700  	-0.021148 
5904.158359  	-0.021276 
5905.590017  	-0.020385 
5907.021675  	-0.021031 
5908.453333  	-0.022978 
5909.884991  	-0.023851 
5911.316650  	-0.023208 
5912.748308  	-0.022549 
5914.179966  	-0.021430 
5915.611624  	-0.018511 
5917.043282  	-0.017215 
5918.474940  	-0.019083 
5919.906599  	-0.020456 
5921.338257  	-0.021042 
5922.769915  	-0.020850 
5924.201573  	-0.019544 
5925.633231  	-0.020756 
5927.064890  	-0.022802 
5928.496548  	-0.022688 
5929.928206  	-0.023535 
5931.359864  	-0.024108 
5932.791522  	-0.022846 
5934.223180  	-0.023762 
5935.654839  	-0.025480 
5937.086497  	-0.024595 
5938.518155  	-0.022671 
5939.949813  	-0.021441 
5941.381471  	-0.021295 
5942.813130  	-0.020658 
5944.244788  	-0.019346 
5945.676446  	-0.020296 
5947.108104  	-0.021582 
5948.539762  	-0.020326 
5949.971421  	-0.019631 
5951.403079  	-0.021338 
5952.834737  	-0.024311 
5954.266395  	-0.025995 
5955.698053  	-0.022769 
5957.129711  	-0.018500 
5958.561370  	-0.019501 
5959.993028  	-0.021705 
5961.424686  	-0.021277 
5962.856344  	-0.022119 
5964.288002  	-0.023806 
5965.719661  	-0.022625 
5967.151319  	-0.020384 
5968.582977  	-0.020382 
5970.014635  	-0.022779 
5971.446293  	-0.025001 
5972.877951  	-0.025131 
5974.309610  	-0.025379 
5975.741268  	-0.026492 
5977.172926  	-0.025027 
5978.604584  	-0.020786 
5980.036242  	-0.018229 
5981.467901  	-0.020571 
5982.899559  	-0.024401 
5984.331217  	-0.023762 
5985.762875  	-0.021369 
5987.194533  	-0.021768 
5988.626192  	-0.021661 
5990.057850  	-0.020664 
5991.489508  	-0.021485 
5992.921166  	-0.022466 
5994.352824  	-0.023761 
5995.784482  	-0.025781 
5997.216141  	-0.026671 
5998.647799  	-0.026063 
6000.079457  	-0.023459 
6001.511115  	-0.021335 
6002.942773  	-0.021764 
6004.374432  	-0.020747 
6005.806090  	-0.018741 
6007.237748  	-0.019368 
6008.669406  	-0.020919 
6010.101064  	-0.022823 
6011.532723  	-0.023832 
6012.964381  	-0.021997 
6014.396039  	-0.021059 
6015.827697  	-0.022474 
6017.259355  	-0.023747 
6018.691013  	-0.023540 
6020.122672  	-0.020790 
6021.554330  	-0.019130 
6022.985988  	-0.020459 
6024.417646  	-0.019665 
6025.849304  	-0.017174 
6027.280963  	-0.017351 
6028.712621  	-0.020429 
6030.144279  	-0.024103 
6031.575937  	-0.023743 
6033.007595  	-0.021692 
6034.439253  	-0.023807 
6035.870912  	-0.023910 
6037.302570  	-0.019018 
6038.734228  	-0.017709 
6040.165886  	-0.020301 
6041.597544  	-0.021682 
6043.029203  	-0.023013 
6044.460861  	-0.024659 
6045.892519  	-0.024788 
6047.324177  	-0.023771 
6048.755835  	-0.023476 
6050.187494  	-0.023985 
6051.619152  	-0.023293 
6053.050810  	-0.021580 
6054.482468  	-0.021171 
6055.914126  	-0.022111 
6057.345784  	-0.023248 
6058.777443  	-0.023472 
6060.209101  	-0.022158 
6061.640759  	-0.021275 
6063.072417  	-0.022370 
6064.504075  	-0.023631 
6065.935734  	-0.023408 
6067.367392  	-0.023252 
6068.799050  	-0.024856 
6070.230708  	-0.025362 
6071.662366  	-0.021714 
6073.094025  	-0.019117 
6074.525683  	-0.021801 
6075.957341  	-0.023053 
6077.388999  	-0.020441 
6078.820657  	-0.020985 
6080.252315  	-0.023208 
6081.683974  	-0.022483 
6083.115632  	-0.022258 
6084.547290  	-0.021293 
6085.978948  	-0.016418 
6087.410606  	-0.013802 
6088.842265  	-0.016009 
6090.273923  	-0.017887 
6091.705581  	-0.017678 
6093.137239  	-0.018572 
6094.568897  	-0.022201 
6096.000555  	-0.023603 
6097.432214  	-0.020507 
6098.863872  	-0.021096 
6100.295530  	-0.025668 
6101.727188  	-0.025164 
6103.158846  	-0.021384 
6104.590505  	-0.019689 
6106.022163  	-0.018914 
6107.453821  	-0.019865 
6108.885479  	-0.022823 
6110.317137  	-0.023079 
6111.748796  	-0.019828 
6113.180454  	-0.018365 
6114.612112  	-0.020251 
6116.043770  	-0.020585 
6117.475428  	-0.019820 
6118.907086  	-0.023741 
6120.338745  	-0.028213 
6121.770403  	-0.024418 
6123.202061  	-0.018199 
6124.633719  	-0.019235 
6126.065377  	-0.021892 
6127.497036  	-0.020238 
6128.928694  	-0.020123 
6130.360352  	-0.021340 
6131.792010  	-0.020196 
6133.223668  	-0.020892 
6134.655327  	-0.021750 
6136.086985  	-0.019970 
6137.518643  	-0.021947 
6138.950301  	-0.024636 
6140.381959  	-0.022030 
6141.813617  	-0.021005 
6143.245276  	-0.022924 
6144.676934  	-0.022377 
6146.108592  	-0.022005 
6147.540250  	-0.024114 
6148.971908  	-0.025069 
6150.403567  	-0.023411 
6151.835225  	-0.023578 
6153.266883  	-0.027030 
6154.698541  	-0.027121 
6156.130199  	-0.023697 
6157.561857  	-0.022224 
6158.993516  	-0.021374 
6160.425174  	-0.022801 
6161.856832  	-0.026867 
6163.288490  	-0.026008 
6164.720148  	-0.022877 
6166.151807  	-0.023216 
6167.583465  	-0.022443 
6169.015123  	-0.019857 
6170.446781  	-0.018881 
6171.878439  	-0.021306 
6173.310098  	-0.026951 
6174.741756  	-0.028767 
6176.173414  	-0.025509 
6177.605072  	-0.024932 
6179.036730  	-0.025409 
6180.468388  	-0.023773 
6181.900047  	-0.023959 
6183.331705  	-0.023687 
6184.763363  	-0.020393 
6186.195021  	-0.019604 
6187.626679  	-0.021992 
6189.058338  	-0.023155 
6190.489996  	-0.024183 
6191.921654  	-0.026189 
6193.353312  	-0.024664 
6194.784970  	-0.020730 
6196.216628  	-0.022124 
6197.648287  	-0.026663 
6199.079945  	-0.025440 
6200.511603  	-0.020273 
6201.943261  	-0.016683 
6203.374919  	-0.014679 
6204.806578  	-0.017336 
6206.238236  	-0.024261 
6207.669894  	-0.026031 
6209.101552  	-0.023280 
6210.533210  	-0.023114 
6211.964869  	-0.022938 
6213.396527  	-0.022365 
6214.828185  	-0.024331 
6216.259843  	-0.024039 
6217.691501  	-0.020788 
6219.123159  	-0.018798 
6220.554818  	-0.017634 
6221.986476  	-0.017757 
6223.418134  	-0.018709 
6224.849792  	-0.019679 
6226.281450  	-0.022978 
6227.713109  	-0.025497 
6229.144767  	-0.023527 
6230.576425  	-0.021129 
6232.008083  	-0.020993 
6233.439741  	-0.022715 
6234.871400  	-0.024590 
6236.303058  	-0.024277 
6237.734716  	-0.023881 
6239.166374  	-0.024703 
6240.598032  	-0.025059 
6242.029690  	-0.025373 
6243.461349  	-0.025496 
6244.893007  	-0.025051 
6246.324665  	-0.023468 
6247.756323  	-0.020520 
6249.187981  	-0.020068 
6250.619640  	-0.021949 
6252.051298  	-0.022615 
6253.482956  	-0.022993 
6254.914614  	-0.022784 
6256.346272  	-0.022405 
6257.777930  	-0.022742 
6259.209589  	-0.020051 
6260.641247  	-0.017853 
6262.072905  	-0.019921 
6263.504563  	-0.019157 
6264.936221  	-0.016746 
6266.367880  	-0.019190 
6267.799538  	-0.021855 
6269.231196  	-0.020058 
6270.662854  	-0.017473 
6272.094512  	-0.019116 
6273.526171  	-0.022732 
6274.957829  	-0.023423 
6276.389487  	-0.024969 
6277.821145  	-0.028380 
6279.252803  	-0.027574 
6280.684461  	-0.024240 
6282.116120  	-0.022048 
6283.547778  	-0.021117 
6284.979436  	-0.022518 
6286.411094  	-0.023998 
6287.842752  	-0.023592 
6289.274411  	-0.021814 
6290.706069  	-0.018785 
6292.137727  	-0.018145 
6293.569385  	-0.019669 
6295.001043  	-0.020037 
6296.432702  	-0.021341 
6297.864360  	-0.023282 
6299.296018  	-0.024652 
6300.727676  	-0.027105 
6302.159334  	-0.026873 
6303.590992  	-0.024108 
6305.022651  	-0.024426 
6306.454309  	-0.024293 
6307.885967  	-0.020000 
6309.317625  	-0.016803 
6310.749283  	-0.019323 
6312.180942  	-0.024443 
6313.612600  	-0.025816 
6315.044258  	-0.021971 
6316.475916  	-0.016605 
6317.907574  	-0.015781 
6319.339232  	-0.022125 
6320.770891  	-0.026584 
6322.202549  	-0.022598 
6323.634207  	-0.019581 
6325.065865  	-0.021031 
6326.497523  	-0.019845 
6327.929182  	-0.017935 
6329.360840  	-0.019487 
6330.792498  	-0.021710 
6332.224156  	-0.023583 
6333.655814  	-0.024642 
6335.087473  	-0.021072 
6336.519131  	-0.015959 
6337.950789  	-0.018340 
6339.382447  	-0.024795 
6340.814105  	-0.025137 
6342.245763  	-0.021702 
6343.677422  	-0.020452 
6345.109080  	-0.021166 
6346.540738  	-0.022543 
6347.972396  	-0.021777 
6349.404054  	-0.019265 
6350.835713  	-0.020525 
6352.267371  	-0.024718 
6353.699029  	-0.026111 
6355.130687  	-0.024474 
6356.562345  	-0.022052 
6357.994003  	-0.019643 
6359.425662  	-0.019046 
6360.857320  	-0.022062 
6362.288978  	-0.025649 
6363.720636  	-0.024436 
6365.152294  	-0.019495 
6366.583953  	-0.017079 
6368.015611  	-0.020411 
6369.447269  	-0.023995 
6370.878927  	-0.021846 
6372.310585  	-0.018433 
6373.742244  	-0.017652 
6375.173902  	-0.017318 
6376.605560  	-0.020501 
6378.037218  	-0.025956 
6379.468876  	-0.025412 
6380.900534  	-0.021970 
6382.332193  	-0.021703 
6383.763851  	-0.022033 
6385.195509  	-0.021212 
6386.627167  	-0.021200 
6388.058825  	-0.023204 
6389.490484  	-0.024409 
6390.922142  	-0.022810 
6392.353800  	-0.021540 
6393.785458  	-0.020238 
6395.217116  	-0.020160 
6396.648775  	-0.024202 
6398.080433  	-0.023700 
6399.512091  	-0.018668 
6400.943749  	-0.021896 
6402.375407  	-0.027305 
6403.807065  	-0.025224 
6405.238724  	-0.023515 
6406.670382  	-0.023985 
6408.102040  	-0.022225 
6409.533698  	-0.020676 
6410.965356  	-0.021307 
6412.397015  	-0.023308 
6413.828673  	-0.024552 
6415.260331  	-0.022548 
6416.691989  	-0.020146 
6418.123647  	-0.020261 
6419.555305  	-0.020304 
6420.986964  	-0.020148 
6422.418622  	-0.022487 
6423.850280  	-0.023797 
6425.281938  	-0.021710 
6426.713596  	-0.021074 
6428.145255  	-0.021360 
6429.576913  	-0.020379 
6431.008571  	-0.022152 
6432.440229  	-0.025642 
6433.871887  	-0.026820 
6435.303546  	-0.027077 
6436.735204  	-0.026920 
6438.166862  	-0.025359 
6439.598520  	-0.021729 
6441.030178  	-0.020373 
6442.461836  	-0.027060 
6443.893495  	-0.031465 
6445.325153  	-0.025485 
6446.756811  	-0.020750 
6448.188469  	-0.019869 
6449.620127  	-0.019525 
6451.051786  	-0.022877 
6452.483444  	-0.023328 
6453.915102  	-0.021029 
6455.346760  	-0.024688 
6456.778418  	-0.026204 
6458.210077  	-0.022697 
6459.641735  	-0.023611 
6461.073393  	-0.025432 
6462.505051  	-0.024032 
6463.936709  	-0.023416 
6465.368367  	-0.023258 
6466.800026  	-0.023134 
6468.231684  	-0.023953 
6469.663342  	-0.023960 
6471.095000  	-0.022002 
6472.526658  	-0.019682 
6473.958317  	-0.020158 
6475.389975  	-0.023536 
6476.821633  	-0.026920 
6478.253291  	-0.027093 
6479.684949  	-0.022713 
6481.116607  	-0.021493 
6482.548266  	-0.026814 
6483.979924  	-0.027496 
6485.411582  	-0.021303 
6486.843240  	-0.017935 
6488.274898  	-0.018563 
6489.706557  	-0.020565 
6491.138215  	-0.022970 
6492.569873  	-0.021476 
6494.001531  	-0.018009 
6495.433189  	-0.017986 
6496.864848  	-0.017148 
6498.296506  	-0.014239 
6499.728164  	-0.017411 
6501.159822  	-0.024500 
6502.591480  	-0.026726 
6504.023138  	-0.026059 
6505.454797  	-0.026255 
6506.886455  	-0.025425 
6508.318113  	-0.025202 
6509.749771  	-0.025956 
6511.181429  	-0.026094 
6512.613088  	-0.025767 
6514.044746  	-0.022148 
6515.476404  	-0.017242 
6516.908062  	-0.017945 
6518.339720  	-0.020909 
6519.771379  	-0.020831 
6521.203037  	-0.022646 
6522.634695  	-0.025967 
6524.066353  	-0.024930 
6525.498011  	-0.022331 
6526.929669  	-0.022902 
6528.361328  	-0.022606 
6529.792986  	-0.018084 
6531.224644  	-0.015967 
6532.656302  	-0.021107 
6534.087960  	-0.025698 
6535.519619  	-0.023320 
6536.951277  	-0.021887 
6538.382935  	-0.025889 
6539.814593  	-0.026056 
6541.246251  	-0.021017 
6542.677909  	-0.019630 
6544.109568  	-0.020875 
6545.541226  	-0.020698 
6546.972884  	-0.020703 
6548.404542  	-0.021966 
6549.836200  	-0.025526 
6551.267859  	-0.027680 
6552.699517  	-0.023321 
6554.131175  	-0.019914 
6555.562833  	-0.021153 
6556.994491  	-0.020308 
6558.426150  	-0.019310 
6559.857808  	-0.022315 
6561.289466  	-0.025305 
6562.721124  	-0.026089 
6564.152782  	-0.026540 
6565.584440  	-0.027410 
6567.016099  	-0.025719 
6568.447757  	-0.021456 
6569.879415  	-0.020100 
6571.311073  	-0.019454 
6572.742731  	-0.017005 
6574.174390  	-0.017811 
6575.606048  	-0.018500 
6577.037706  	-0.016373 
6578.469364  	-0.018430 
6579.901022  	-0.021653 
6581.332680  	-0.021242 
6582.764339  	-0.022890 
6584.195997  	-0.026076 
6585.627655  	-0.027417 
6587.059313  	-0.027959 
6588.490971  	-0.024750 
6589.922630  	-0.019063 
6591.354288  	-0.017021 
6592.785946  	-0.016752 
6594.217604  	-0.015192 
6595.649262  	-0.016594 
6597.080921  	-0.020352 
6598.512579  	-0.021194 
6599.944237  	-0.020150 
6601.375895  	-0.020153 
6602.807553  	-0.020830 
6604.239211  	-0.022018 
6605.670870  	-0.023501 
6607.102528  	-0.023977 
6608.534186  	-0.022415 
6609.965844  	-0.020295 
6611.397502  	-0.022273 
6612.829161  	-0.025813 
6614.260819  	-0.024314 
6615.692477  	-0.020948 
6617.124135  	-0.019733 
6618.555793  	-0.020242 
6619.987452  	-0.023608 
6621.419110  	-0.025539 
6622.850768  	-0.022602 
6624.282426  	-0.018260 
6625.714084  	-0.013785 
6627.145742  	-0.012400 
6628.577401  	-0.015945 
6630.009059  	-0.019337 
6631.440717  	-0.019974 
6632.872375  	-0.017094 
6634.304033  	-0.014142 
6635.735692  	-0.019339 
6637.167350  	-0.024886 
6638.599008  	-0.021810 
6640.030666  	-0.018981 
6641.462324  	-0.019983 
6642.893982  	-0.021832 
6644.325641  	-0.024234 
6645.757299  	-0.021979 
6647.188957  	-0.017347 
6648.620615  	-0.018028 
6650.052273  	-0.020047 
6651.483932  	-0.021459 
6652.915590  	-0.027036 
6654.347248  	-0.032029 
6655.778906  	-0.028781 
6657.210564  	-0.021174 
6658.642223  	-0.018847 
6660.073881  	-0.020037 
6661.505539  	-0.018823 
6662.937197  	-0.019551 
6664.368855  	-0.025333 
6665.800513  	-0.028155 
6667.232172  	-0.023449 
6668.663830  	-0.018219 
6670.095488  	-0.018769 
6671.527146  	-0.020463 
6672.958804  	-0.020260 
6674.390463  	-0.021225 
6675.822121  	-0.022409 
6677.253779  	-0.022875 
6678.685437  	-0.023404 
6680.117095  	-0.022193 
6681.548754  	-0.022248 
6682.980412  	-0.021939 
6684.412070  	-0.017890 
6685.843728  	-0.018392 
6687.275386  	-0.021130 
6688.707044  	-0.016100 
6690.138703  	-0.012224 
6691.570361  	-0.015625 
6693.002019  	-0.019686 
6694.433677  	-0.022876 
6695.865335  	-0.022153 
6697.296994  	-0.018972 
6698.728652  	-0.020690 
6700.160310  	-0.022834 
6701.591968  	-0.022033 
6703.023626  	-0.024616 
6704.455284  	-0.026970 
6705.886943  	-0.021726 
6707.318601  	-0.014980 
6708.750259  	-0.016686 
6710.181917  	-0.023314 
6711.613575  	-0.025443 
6713.045234  	-0.024529 
6714.476892  	-0.024277 
6715.908550  	-0.024608 
6717.340208  	-0.028031 
6718.771866  	-0.030601 
6720.203525  	-0.026661 
6721.635183  	-0.022312 
6723.066841  	-0.023012 
6724.498499  	-0.026747 
6725.930157  	-0.029443 
6727.361815  	-0.026189 
6728.793474  	-0.020246 
6730.225132  	-0.018333 
6731.656790  	-0.020192 
6733.088448  	-0.023991 
6734.520106  	-0.025816 
6735.951765  	-0.022264 
6737.383423  	-0.018211 
6738.815081  	-0.017608 
6740.246739  	-0.020071 
6741.678397  	-0.024840 
6743.110056  	-0.026401 
6744.541714  	-0.024909 
6745.973372  	-0.028951 
6747.405030  	-0.034056 
6748.836688  	-0.029753 
6750.268346  	-0.022206 
6751.700005  	-0.020496 
6753.131663  	-0.020422 
6754.563321  	-0.018547 
6755.994979  	-0.019919 
6757.426637  	-0.024346 
6758.858296  	-0.024724 
6760.289954  	-0.021185 
6761.721612  	-0.018653 
6763.153270  	-0.017466 
6764.584928  	-0.016727 
6766.016586  	-0.017139 
6767.448245  	-0.017728 
6768.879903  	-0.019509 
6770.311561  	-0.022028 
6771.743219  	-0.019673 
6773.174877  	-0.014051 
6774.606536  	-0.014559 
6776.038194  	-0.020436 
6777.469852  	-0.023840 
6778.901510  	-0.026201 
6780.333168  	-0.029984 
6781.764827  	-0.029240 
6783.196485  	-0.023011 
6784.628143  	-0.019658 
6786.059801  	-0.021265 
6787.491459  	-0.021929 
6788.923117  	-0.022184 
6790.354776  	-0.025936 
6791.786434  	-0.028551 
6793.218092  	-0.024873 
6794.649750  	-0.020172 
6796.081408  	-0.019205 
6797.513067  	-0.019878 
6798.944725  	-0.021687 
6800.376383  	-0.023780 
6801.808041  	-0.022631 
6803.239699  	-0.019946 
6804.671357  	-0.019420 
6806.103016  	-0.019646 
6807.534674  	-0.018779 
6808.966332  	-0.017649 
6810.397990  	-0.018499 
6811.829648  	-0.020675 
6813.261307  	-0.019167 
6814.692965  	-0.016029 
6816.124623  	-0.016338 
6817.556281  	-0.017740 
6818.987939  	-0.018894 
6820.419598  	-0.018417 
6821.851256  	-0.017142 
6823.282914  	-0.022081 
6824.714572  	-0.028344 
6826.146230  	-0.027975 
6827.577888  	-0.027767 
6829.009547  	-0.026470 
6830.441205  	-0.018857 
6831.872863  	-0.014649 
6833.304521  	-0.015895 
6834.736179  	-0.015823 
6836.167838  	-0.014260 
6837.599496  	-0.014298 
6839.031154  	-0.018806 
6840.462812  	-0.022636 
6841.894470  	-0.019527 
6843.326129  	-0.017028 
6844.757787  	-0.020340 
6846.189445  	-0.023368 
6847.621103  	-0.021901 
6849.052761  	-0.019271 
6850.484419  	-0.020624 
6851.916078  	-0.022591 
6853.347736  	-0.021649 
6854.779394  	-0.022274 
6856.211052  	-0.021922 
6857.642710  	-0.018673 
6859.074369  	-0.017458 
6860.506027  	-0.014786 
6861.937685  	-0.015320 
6863.369343  	-0.024519 
6864.801001  	-0.027705 
6866.232659  	-0.022386 
6867.664318  	-0.019851 
6869.095976  	-0.017190 
6870.527634  	-0.015862 
6871.959292  	-0.016687 
6873.390950  	-0.016580 
6874.822609  	-0.020984 
6876.254267  	-0.025710 
6877.685925  	-0.021868 
6879.117583  	-0.019714 
6880.549241  	-0.023403 
6881.980900  	-0.025427 
6883.412558  	-0.025851 
6884.844216  	-0.026021 
6886.275874  	-0.025087 
6887.707532  	-0.024857 
6889.139190  	-0.023478 
6890.570849  	-0.019229 
6892.002507  	-0.018921 
6893.434165  	-0.023090 
6894.865823  	-0.019655 
6896.297481  	-0.013542 
6897.729140  	-0.018327 
6899.160798  	-0.023294 
6900.592456  	-0.022006 
6902.024114  	-0.024893 
6903.455772  	-0.027470 
6904.887431  	-0.024170 
6906.319089  	-0.020534 
6907.750747  	-0.017041 
6909.182405  	-0.016485 
6910.614063  	-0.018834 
6912.045721  	-0.017114 
6913.477380  	-0.014924 
6914.909038  	-0.017509 
6916.340696  	-0.021295 
6917.772354  	-0.021746 
6919.204012  	-0.018097 
6920.635671  	-0.016243 
6922.067329  	-0.018823 
6923.498987  	-0.019975 
6924.930645  	-0.020309 
6926.362303  	-0.023039 
6927.793961  	-0.025143 
6929.225620  	-0.025398 
6930.657278  	-0.025535 
6932.088936  	-0.027068 
6933.520594  	-0.029127 
6934.952252  	-0.029101 
6936.383911  	-0.025273 
6937.815569  	-0.020062 
6939.247227  	-0.021042 
6940.678885  	-0.025510 
6942.110543  	-0.024945 
6943.542202  	-0.024033 
6944.973860  	-0.023119 
6946.405518  	-0.018619 
6947.837176  	-0.020796 
6949.268834  	-0.026141 
6950.700492  	-0.021233 
6952.132151  	-0.013639 
6953.563809  	-0.014269 
6954.995467  	-0.021420 
6956.427125  	-0.024786 
6957.858783  	-0.021397 
6959.290442  	-0.022471 
6960.722100  	-0.025370 
6962.153758  	-0.020183 
6963.585416  	-0.017205 
6965.017074  	-0.021044 
6966.448732  	-0.025842 
6967.880391  	-0.032467 
6969.312049  	-0.034294 
6970.743707  	-0.030694 
6972.175365  	-0.029654 
6973.607023  	-0.025546 
6975.038682  	-0.020084 
6976.470340  	-0.021662 
6977.901998  	-0.026956 
6979.333656  	-0.031585 
6980.765314  	-0.028697 
6982.196973  	-0.018067 
6983.628631  	-0.016263 
6985.060289  	-0.023479 
6986.491947  	-0.024883 
6987.923605  	-0.019513 
6989.355263  	-0.014617 
6990.786922  	-0.014266 
6992.218580  	-0.016497 
6993.650238  	-0.017910 
6995.081896  	-0.020969 
6996.513554  	-0.026871 
6997.945213  	-0.031301 
6999.376871  	-0.030788 
7000.808529  	-0.024466 
7002.240187  	-0.018999 
7003.671845  	-0.022490 
7005.103504  	-0.027378 
7006.535162  	-0.023307 
7007.966820  	-0.018674 
7009.398478  	-0.025128 
7010.830136  	-0.032231 
7012.261794  	-0.028181 
7013.693453  	-0.020064 
7015.125111  	-0.017817 
7016.556769  	-0.022817 
7017.988427  	-0.027005 
7019.420085  	-0.024275 
7020.851744  	-0.021297 
7022.283402  	-0.020473 
7023.715060  	-0.019532 
7025.146718  	-0.022590 
7026.578376  	-0.023214 
7028.010034  	-0.018336 
7029.441693  	-0.021214 
7030.873351  	-0.028037 
7032.305009  	-0.027037 
7033.736667  	-0.025376 
7035.168325  	-0.025921 
7036.599984  	-0.023545 
7038.031642  	-0.021581 
7039.463300  	-0.021754 
7040.894958  	-0.018052 
7042.326616  	-0.012697 
7043.758275  	-0.017766 
7045.189933  	-0.025885 
7046.621591  	-0.021709 
7048.053249  	-0.018567 
7049.484907  	-0.026609 
7050.916565  	-0.028616 
7052.348224  	-0.022681 
7053.779882  	-0.019250 
7055.211540  	-0.017578 
7056.643198  	-0.018401 
7058.074856  	-0.021692 
7059.506515  	-0.020919 
7060.938173  	-0.018988 
7062.369831  	-0.021066 
7063.801489  	-0.021080 
7065.233147  	-0.015235 
7066.664806  	-0.012523 
7068.096464  	-0.015869 
7069.528122  	-0.018562 
7070.959780  	-0.022283 
7072.391438  	-0.026733 
7073.823096  	-0.024871 
7075.254755  	-0.023553 
7076.686413  	-0.025311 
7078.118071  	-0.022332 
7079.549729  	-0.020013 
7080.981387  	-0.022127 
7082.413046  	-0.022923 
7083.844704  	-0.021638 
7085.276362  	-0.019176 
7086.708020  	-0.019828 
7088.139678  	-0.026044 
7089.571336  	-0.027170 
7091.002995  	-0.023547 
7092.434653  	-0.025302 
7093.866311  	-0.027105 
7095.297969  	-0.022614 
7096.729627  	-0.019870 
7098.161286  	-0.021926 
7099.592944  	-0.021057 
7101.024602  	-0.017461 
7102.456260  	-0.017502 
7103.887918  	-0.020559 
7105.319577  	-0.024281 
7106.751235  	-0.026545 
7108.182893  	-0.021603 
7109.614551  	-0.015844 
7111.046209  	-0.015581 
7112.477867  	-0.014584 
7113.909526  	-0.015148 
7115.341184  	-0.022666 
7116.772842  	-0.024702 
7118.204500  	-0.017831 
7119.636158  	-0.018737 
7121.067817  	-0.024841 
7122.499475  	-0.023427 
7123.931133  	-0.020621 
7125.362791  	-0.020695 
7126.794449  	-0.017188 
7128.226108  	-0.014862 
7129.657766  	-0.018764 
7131.089424  	-0.021799 
7132.521082  	-0.020940 
7133.952740  	-0.016642 
7135.384398  	-0.011924 
7136.816057  	-0.013027 
7138.247715  	-0.016476 
7139.679373  	-0.021187 
7141.111031  	-0.028100 
7142.542689  	-0.027149 
7143.974348  	-0.021865 
7145.406006  	-0.023983 
7146.837664  	-0.027162 
7148.269322  	-0.025762 
7149.700980  	-0.022116 
7151.132638  	-0.019440 
7152.564297  	-0.022722 
7153.995955  	-0.024681 
7155.427613  	-0.022686 
7156.859271  	-0.024572 
7158.290929  	-0.022695 
7159.722588  	-0.019951 
7161.154246  	-0.028409 
7162.585904  	-0.030518 
7164.017562  	-0.019678 
7165.449220  	-0.014466 
7166.880879  	-0.017265 
7168.312537  	-0.020462 
7169.744195  	-0.019167 
7171.175853  	-0.013870 
7172.607511  	-0.010885 
7174.039169  	-0.012419 
7175.470828  	-0.017425 
7176.902486  	-0.020718 
7178.334144  	-0.017098 
7179.765802  	-0.014977 
7181.197460  	-0.017946 
7182.629119  	-0.018518 
7184.060777  	-0.020042 
7185.492435  	-0.024001 
7186.924093  	-0.023271 
7188.355751  	-0.019059 
7189.787409  	-0.018316 
7191.219068  	-0.020888 
7192.650726  	-0.019093 
7194.082384  	-0.015541 
7195.514042  	-0.018880 
7196.945700  	-0.019553 
7198.377359  	-0.016905 
7199.809017  	-0.022410 
7201.240675  	-0.025376 
7202.672333  	-0.020117 
7204.103991  	-0.019908 
7205.535650  	-0.022352 
7206.967308  	-0.022368 
7208.398966  	-0.025698 
7209.830624  	-0.027491 
7211.262282  	-0.021492 
7212.693940  	-0.014705 
7214.125599  	-0.018061 
7215.557257  	-0.024184 
7216.988915  	-0.019290 
7218.420573  	-0.013208 
7219.852231  	-0.014738 
7221.283890  	-0.016858 
7222.715548  	-0.020633 
7224.147206  	-0.023314 
7225.578864  	-0.020064 
7227.010522  	-0.021798 
7228.442181  	-0.024000 
7229.873839  	-0.015581 
7231.305497  	-0.014557 
7232.737155  	-0.027044 
7234.168813  	-0.029713 
7235.600471  	-0.020732 
7237.032130  	-0.017665 
7238.463788  	-0.021436 
7239.895446  	-0.023762 
7241.327104  	-0.025535 
7242.758762  	-0.029205 
7244.190421  	-0.025390 
7245.622079  	-0.019976 
7247.053737  	-0.027030 
7248.485395  	-0.032896 
7249.917053  	-0.028708 
7251.348711  	-0.026698 
7252.780370  	-0.025524 
7254.212028  	-0.019104 
7255.643686  	-0.019829 
7257.075344  	-0.027116 
7258.507002  	-0.026138 
7259.938661  	-0.019682 
7261.370319  	-0.018446 
7262.801977  	-0.015802 
7264.233635  	-0.009900 
7265.665293  	-0.013828 
7267.096952  	-0.024191 
7268.528610  	-0.026310 
7269.960268  	-0.026517 
7271.391926  	-0.029876 
7272.823584  	-0.029434 
7274.255242  	-0.028968 
7275.686901  	-0.029295 
7277.118559  	-0.025070 
7278.550217  	-0.023786 
7279.981875  	-0.024349 
7281.413533  	-0.020779 
7282.845192  	-0.020396 
7284.276850  	-0.018151 
7285.708508  	-0.011253 
7287.140166  	-0.017144 
7288.571824  	-0.031283 
7290.003483  	-0.031352 
7291.435141  	-0.022359 
7292.866799  	-0.021603 
7294.298457  	-0.027285 
7295.730115  	-0.025748 
7297.161773  	-0.022473 
7298.593432  	-0.030031 
7300.025090  	-0.037175 
7301.456748  	-0.034779 
7302.888406  	-0.031111 
7304.320064  	-0.022429 
7305.751723  	-0.010996 
7307.183381  	-0.008448 
7308.615039  	-0.012342 
7310.046697  	-0.017185 
7311.478355  	-0.019774 
7312.910013  	-0.019969 
7314.341672  	-0.025840 
7315.773330  	-0.029339 
7317.204988  	-0.023959 
7318.636646  	-0.026053 
7320.068304  	-0.030518 
7321.499963  	-0.023548 
7322.931621  	-0.020532 
7324.363279  	-0.026135 
7325.794937  	-0.024679 
7327.226595  	-0.019328 
7328.658254  	-0.020295 
7330.089912  	-0.020568 
7331.521570  	-0.015787 
7332.953228  	-0.014473 
7334.384886  	-0.016860 
7335.816544  	-0.020413 
7337.248203  	-0.022843 
7338.679861  	-0.017173 
7340.111519  	-0.010855 
7341.543177  	-0.018169 
7342.974835  	-0.026843 
7344.406494  	-0.030618 
7345.838152  	-0.031922 
7347.269810  	-0.026006 
7348.701468  	-0.024615 
7350.133126  	-0.028247 
7351.564785  	-0.021844 
7352.996443  	-0.022596 
7354.428101  	-0.035963 
7355.859759  	-0.037435 
7357.291417  	-0.028855 
7358.723075  	-0.022351 
7360.154734  	-0.020639 
7361.586392  	-0.024956 
7363.018050  	-0.025313 
7364.449708  	-0.017919 
7365.881366  	-0.009305 
7367.313025  	-0.006623 
7368.744683  	-0.016823 
7370.176341  	-0.022517 
7371.607999  	-0.013208 
7373.039657  	-0.014826 
7374.471315  	-0.023444 
7375.902974  	-0.019862 
7377.334632  	-0.017523 
7378.766290  	-0.019680 
7380.197948  	-0.018896 
7381.629606  	-0.019541 
7383.061265  	-0.016016 
7384.492923  	-0.017063 
7385.924581  	-0.026965 
7387.356239  	-0.024689 
7388.787897  	-0.017576 
7390.219556  	-0.021283 
7391.651214  	-0.023631 
7393.082872  	-0.023229 
7394.514530  	-0.026227 
7395.946188  	-0.024788 
7397.377846  	-0.024468 
7398.809505  	-0.028831 
7400.241163  	-0.024582 
7401.672821  	-0.013364 
7403.104479  	-0.010410 
7404.536137  	-0.015602 
7405.967796  	-0.019273 
7407.399454  	-0.019612 
7408.831112  	-0.021677 
7410.262770  	-0.028064 
7411.694428  	-0.034004 
7413.126086  	-0.032521 
7414.557745  	-0.027720 
7415.989403  	-0.030225 
7417.421061  	-0.032524 
7418.852719  	-0.026153 
7420.284377  	-0.020052 
7421.716036  	-0.019237 
7423.147694  	-0.014538 
7424.579352  	-0.011693 
7426.011010  	-0.018607 
7427.442668  	-0.020232 
7428.874327  	-0.012514 
7430.305985  	-0.016029 
7431.737643  	-0.029091 
7433.169301  	-0.029350 
7434.600959  	-0.023630 
7436.032617  	-0.020667 
7437.464276  	-0.011194 
7438.895934  	-0.008979 
7440.327592  	-0.020802 
7441.759250  	-0.023756 
7443.190908  	-0.020920 
7444.622567  	-0.022775 
7446.054225  	-0.015698 
7447.485883  	-0.011142 
7448.917541  	-0.019786 
7450.349199  	-0.022641 
7451.780858  	-0.020856 
7453.212516  	-0.026053 
7454.644174  	-0.030981 
7456.075832  	-0.032443 
7457.507490  	-0.025425 
7458.939148  	-0.015590 
7460.370807  	-0.016659 
7461.802465  	-0.019111 
7463.234123  	-0.019969 
7464.665781  	-0.021438 
7466.097439  	-0.010786 
7467.529098  	-0.004698 
7468.960756  	-0.018055 
7470.392414  	-0.028499 
7471.824072  	-0.029167 
7473.255730  	-0.029593 
7474.687388  	-0.026147 
7476.119047  	-0.022660 
7477.550705  	-0.024204 
7478.982363  	-0.030392 
7480.414021  	-0.034432 
7481.845679  	-0.027288 
7483.277338  	-0.020874 
7484.708996  	-0.019773 
7486.140654  	-0.016680 
7487.572312  	-0.021767 
7489.003970  	-0.027666 
7490.435629  	-0.017103 
7491.867287  	-0.006161 
7493.298945  	-0.003958 
7494.730603  	-0.009817 
7496.162261  	-0.026540 
7497.593919  	-0.034809 
7499.025578  	-0.028428 
7500.457236  	-0.024082 
7501.888894  	-0.024974 
7503.320552  	-0.031619 
7504.752210  	-0.038018 
7506.183869  	-0.030111 
7507.615527  	-0.016177 
7509.047185  	-0.011147 
7510.478843  	-0.014067 
7511.910501  	-0.013805 
7513.342160  	-0.011437 
7514.773818  	-0.015364 
7516.205476  	-0.017457 
7517.637134  	-0.015312 
7519.068792  	-0.019712 
7520.500450  	-0.021305 
7521.932109  	-0.016717 
7523.363767  	-0.019435 
7524.795425  	-0.026264 
7526.227083  	-0.033795 
7527.658741  	-0.036636 
7529.090400  	-0.026336 
7530.522058  	-0.019405 
7531.953716  	-0.020061 
7533.385374  	-0.018391 
7534.817032  	-0.022187 
7536.248690  	-0.026848 
7537.680349  	-0.021219 
7539.112007  	-0.020565 
7540.543665  	-0.031410 
7541.975323  	-0.035992 
7543.406981  	-0.027591 
7544.838640  	-0.021019 
7546.270298  	-0.023853 
7547.701956  	-0.024730 
7549.133614  	-0.017684 
7550.565272  	-0.011174 
7551.996931  	-0.012552 
7553.428589  	-0.016794 
7554.860247  	-0.018529 
7556.291905  	-0.021641 
7557.723563  	-0.020689 
7559.155221  	-0.010351 
7560.586880  	-0.013136 
7562.018538  	-0.029143 
7563.450196  	-0.033459 
7564.881854  	-0.029565 
7566.313512  	-0.023365 
7567.745171  	-0.018228 
7569.176829  	-0.020042 
7570.608487  	-0.014693 
7572.040145  	-0.012674 
7573.471803  	-0.024838 
7574.903461  	-0.025051 
7576.335120  	-0.024167 
7577.766778  	-0.030812 
7579.198436  	-0.023096 
7580.630094  	-0.018747 
7582.061752  	-0.022118 
7583.493411  	-0.013433 
7584.925069  	-0.013606 
7586.356727  	-0.022485 
7587.788385  	-0.018038 
7589.220043  	-0.014725 
7590.651702  	-0.017976 
7592.083360  	-0.022560 
7593.515018  	-0.026879 
7594.946676  	-0.025412 
7596.378334  	-0.022089 
7597.809992  	-0.018415 
7599.241651  	-0.023281 
7600.673309  	-0.040737 
7602.104967  	-0.042316 
7603.536625  	-0.032143 
7604.968283  	-0.038430 
7606.399942  	-0.045903 
7607.831600  	-0.047174 
7609.263258  	-0.044910 
7610.694916  	-0.030185 
7612.126574  	-0.017473 
7613.558233  	-0.016790 
7614.989891  	-0.016221 
7616.421549  	-0.014946 
7617.853207  	-0.018408 
7619.284865  	-0.028179 
7620.716523  	-0.029164 
7622.148182  	-0.019559 
7623.579840  	-0.023944 
7625.011498  	-0.027568 
7626.443156  	-0.020777 
7627.874814  	-0.031185 
7629.306473  	-0.029503 
7630.738131  	-0.006546 
7632.169789  	-0.005825 
7633.601447  	-0.016899 
7635.033105  	-0.020106 
7636.464763  	-0.023745 
7637.896422  	-0.024351 
7639.328080  	-0.032270 
7640.759738  	-0.038886 
7642.191396  	-0.022139 
7643.623054  	-0.015073 
7645.054713  	-0.027264 
7646.486371  	-0.028286 
7647.918029  	-0.020964 
7649.349687  	-0.017770 
7650.781345  	-0.018438 
7652.213004  	-0.018788 
7653.644662  	-0.013940 
7655.076320  	-0.016154 
7656.507978  	-0.023426 
7657.939636  	-0.021490 
7659.371294  	-0.016744 
7660.802953  	-0.011405 
7662.234611  	-0.008839 
7663.666269  	-0.016837 
7665.097927  	-0.024808 
7666.529585  	-0.026507 
7667.961244  	-0.024570 
7669.392902  	-0.020917 
7670.824560  	-0.016934 
7672.256218  	-0.008663 
7673.687876  	-0.007100 
7675.119535  	-0.017403 
7676.551193  	-0.016044 
7677.982851  	-0.007006 
7679.414509  	-0.013534 
7680.846167  	-0.025285 
7682.277825  	-0.030196 
7683.709484  	-0.020905 
7685.141142  	-0.009250 
7686.572800  	-0.020634 
7688.004458  	-0.040203 
7689.436116  	-0.043746 
7690.867775  	-0.039166 
7692.299433  	-0.036414 
7693.731091  	-0.039568 
7695.162749  	-0.044649 
7696.594407  	-0.039811 
7698.026065  	-0.030476 
7699.457724  	-0.024130 
7700.889382  	-0.025097 
7702.321040  	-0.033260 
7703.752698  	-0.036342 
7705.184356  	-0.036306 
7706.616015  	-0.029970 
7708.047673  	-0.015277 
7709.479331  	-0.020474 
7710.910989  	-0.031991 
7712.342647  	-0.021718 
7713.774306  	-0.020826 
7715.205964  	-0.034574 
7716.637622  	-0.035346 
7718.069280  	-0.030989 
7719.500938  	-0.028088 
7720.932596  	-0.029944 
7722.364255  	-0.043761 
7723.795913  	-0.048732 
7725.227571  	-0.042364 
7726.659229  	-0.035771 
7728.090887  	-0.026850 
7729.522546  	-0.025753 
7730.954204  	-0.032305 
7732.385862  	-0.032728 
7733.817520  	-0.036090 
7735.249178  	-0.043164 
7736.680837  	-0.045250 
7738.112495  	-0.040914 
7739.544153  	-0.030081 
7740.975811  	-0.023222 
7742.407469  	-0.019463 
7743.839127  	-0.015503 
7745.270786  	-0.019328 
7746.702444  	-0.019070 
7748.134102  	-0.012103 
7749.565760  	-0.024553 
7750.997418  	-0.043780 
7752.429077  	-0.043988 
7753.860735  	-0.034814 
7755.292393  	-0.025862 
7756.724051  	-0.023858 
7758.155709  	-0.026222 
7759.587367  	-0.026124 
7761.019026  	-0.027874 
7762.450684  	-0.029915 
7763.882342  	-0.022810 
7765.314000  	-0.009216 
7766.745658  	-0.007337 
7768.177317  	-0.024487 
7769.608975  	-0.023354 
7771.040633  	0.002751 
7772.472291  	0.004852 
7773.903949  	-0.017686 
7775.335608  	-0.026146 
7776.767266  	-0.030081 
7778.198924  	-0.032801 
7779.630582  	-0.035037 
7781.062240  	-0.046297 
7782.493898  	-0.045078 
7783.925557  	-0.028830 
7785.357215  	-0.015194 
7786.788873  	-0.003272 
7788.220531  	-0.007931 
7789.652189  	-0.029241 
7791.083848  	-0.037079 
7792.515506  	-0.026581 
7793.947164  	-0.019127 
7795.378822  	-0.032093 
7796.810480  	-0.050969 
7798.242138  	-0.046171 
7799.673797  	-0.030962 
7801.105455  	-0.018304 
7802.537113  	-0.012715 
7803.968771  	-0.029978 
7805.400429  	-0.037728 
7806.832088  	-0.009585 
7808.263746  	-0.000706 
7809.695404  	-0.029724 
7811.127062  	-0.047861 
7812.558720  	-0.040882 
7813.990379  	-0.029846 
7815.422037  	-0.034865 
7816.853695  	-0.047458 
7818.285353  	-0.042239 
7819.717011  	-0.026841 
7821.148669  	-0.017422 
7822.580328  	-0.016059 
7824.011986  	-0.022919 
7825.443644  	-0.026749 
7826.875302  	-0.026896 
7828.306960  	-0.026614 
7829.738619  	-0.021093 
7831.170277  	-0.028755 
7832.601935  	-0.048994 
7834.033593  	-0.052280 
7835.465251  	-0.041030 
7836.896910  	-0.032887 
7838.328568  	-0.040421 
7839.760226  	-0.056180 
7841.191884  	-0.040626 
7842.623542  	-0.013023 
7844.055200  	-0.016641 
7845.486859  	-0.014792 
7846.918517  	-0.002452 
7848.350175  	-0.014452 
7849.781833  	-0.021926 
7851.213491  	-0.018962 
7852.645150  	-0.025599 
7854.076808  	-0.023954 
7855.508466  	-0.020469 
7856.940124  	-0.023006 
7858.371782  	-0.011289 
7859.803440  	-0.017376 
7861.235099  	-0.054211 
7862.666757  	-0.062296 
7864.098415  	-0.041016 
7865.530073  	-0.025085 
7866.961731  	-0.011829 
7868.393390  	-0.014168 
7869.825048  	-0.036122 
7871.256706  	-0.046737 
7872.688364  	-0.046321 
7874.120022  	-0.043031 
7875.551681  	-0.024892 
7876.983339  	-0.009813 
7878.414997  	-0.019064 
7879.846655  	-0.023519 
7881.278313  	-0.005971 
7882.709971  	-0.000500 
7884.141630  	-0.016024 
7885.573288  	-0.034387 
7887.004946  	-0.045042 
7888.436604  	-0.047258 
7889.868262  	-0.042228 
7891.299921  	-0.038940 
7892.731579  	-0.039362 
7894.163237  	-0.038398 
7895.594895  	-0.036919 
7897.026553  	-0.029856 
7898.458212  	-0.014812 
7899.889870  	-0.004224 