##TITLE=No Description
##DATA TYPE=INFRARED SPECTRUM
##XUNITS=1/CM
##YUNITS=Abs
349.324597  	0.202322 
350.756256  	-0.440344 
352.187914  	-0.011512 
353.619572  	0.059693 
355.051230  	-0.092666 
356.482888  	0.023461 
357.914546  	0.004736 
359.346205  	-0.048132 
360.777863  	-0.015789 
362.209521  	-0.005544 
363.641179  	0.046481 
365.072837  	0.134547 
366.504496  	0.211691 
367.936154  	0.180401 
369.367812  	0.084513 
370.799470  	0.042117 
372.231128  	0.013720 
373.662787  	-0.032206 
375.094445  	0.019838 
376.526103  	0.065597 
377.957761  	0.044375 
379.389419  	0.048572 
380.821077  	0.071744 
382.252736  	0.083767 
383.684394  	0.093736 
385.116052  	0.097955 
386.547710  	0.091648 
387.979368  	0.086384 
389.411027  	0.078306 
390.842685  	0.088564 
392.274343  	0.106414 
393.706001  	0.106010 
395.137659  	0.110180 
396.569317  	0.138039 
398.000976  	0.145091 
399.432634  	0.125952 
400.864292  	0.132998 
402.295950  	0.140185 
403.727608  	0.110577 
405.159267  	0.073731 
406.590925  	0.065466 
408.022583  	0.063218 
409.454241  	0.070232 
410.885899  	0.085583 
412.317558  	0.080686 
413.749216  	0.076022 
415.180874  	0.075467 
416.612532  	0.057842 
418.044190  	0.045775 
419.475848  	0.059059 
420.907507  	0.057423 
422.339165  	0.058525 
423.770823  	0.062011 
425.202481  	0.054292 
426.634139  	0.048240 
428.065798  	0.047366 
429.497456  	0.050528 
430.929114  	0.053391 
432.360772  	0.045077 
433.792430  	0.035044 
435.224089  	0.037575 
436.655747  	0.047345 
438.087405  	0.046898 
439.519063  	0.041295 
440.950721  	0.042472 
442.382379  	0.047144 
443.814038  	0.049956 
445.245696  	0.051773 
446.677354  	0.047633 
448.109012  	0.045055 
449.540670  	0.049371 
450.972329  	0.045768 
452.403987  	0.037291 
453.835645  	0.040686 
455.267303  	0.048105 
456.698961  	0.052056 
458.130619  	0.056214 
459.562278  	0.060049 
460.993936  	0.064653 
462.425594  	0.069869 
463.857252  	0.069994 
465.288910  	0.065181 
466.720569  	0.061752 
468.152227  	0.063061 
469.583885  	0.062390 
471.015543  	0.059696 
472.447201  	0.061418 
473.878860  	0.064378 
475.310518  	0.066066 
476.742176  	0.068585 
478.173834  	0.067147 
479.605492  	0.065453 
481.037150  	0.071496 
482.468809  	0.079459 
483.900467  	0.080709 
485.332125  	0.077292 
486.763783  	0.077099 
488.195441  	0.082486 
489.627100  	0.086335 
491.058758  	0.084433 
492.490416  	0.082918 
493.922074  	0.085052 
495.353732  	0.087204 
496.785391  	0.088258 
498.217049  	0.088409 
499.648707  	0.085420 
501.080365  	0.080854 
502.512023  	0.081011 
503.943681  	0.084284 
505.375340  	0.085507 
506.806998  	0.084705 
508.238656  	0.082141 
509.670314  	0.080361 
511.101972  	0.079154 
512.533631  	0.077047 
513.965289  	0.080429 
515.396947  	0.087206 
516.828605  	0.086405 
518.260263  	0.084544 
519.691921  	0.089300 
521.123580  	0.092656 
522.555238  	0.096534 
523.986896  	0.105392 
525.418554  	0.111909 
526.850212  	0.114087 
528.281871  	0.119104 
529.713529  	0.126196 
531.145187  	0.131516 
532.576845  	0.137834 
534.008503  	0.148331 
535.440162  	0.157388 
536.871820  	0.163103 
538.303478  	0.174949 
539.735136  	0.192594 
541.166794  	0.206498 
542.598452  	0.218204 
544.030111  	0.232699 
545.461769  	0.249765 
546.893427  	0.268633 
548.325085  	0.285895 
549.756743  	0.300727 
551.188402  	0.315170 
552.620060  	0.324939 
554.051718  	0.325361 
555.483376  	0.317652 
556.915034  	0.305563 
558.346692  	0.289821 
559.778351  	0.270970 
561.210009  	0.252125 
562.641667  	0.233045 
564.073325  	0.209147 
565.504983  	0.177082 
566.936642  	0.140034 
568.368300  	0.106029 
569.799958  	0.080766 
571.231616  	0.068543 
572.663274  	0.068970 
574.094933  	0.073190 
575.526591  	0.075960 
576.958249  	0.076269 
578.389907  	0.074072 
579.821565  	0.071760 
581.253223  	0.068585 
582.684882  	0.063469 
584.116540  	0.058996 
585.548198  	0.055869 
586.979856  	0.053748 
588.411514  	0.052510 
589.843173  	0.050713 
591.274831  	0.047801 
592.706489  	0.044944 
594.138147  	0.043486 
595.569805  	0.042348 
597.001464  	0.040247 
598.433122  	0.039527 
599.864780  	0.040277 
601.296438  	0.039202 
602.728096  	0.037411 
604.159754  	0.036881 
605.591413  	0.036585 
607.023071  	0.036214 
608.454729  	0.036390 
609.886387  	0.037698 
611.318045  	0.038928 
612.749704  	0.038303 
614.181362  	0.038020 
615.613020  	0.039412 
617.044678  	0.039512 
618.476336  	0.038072 
619.907994  	0.037495 
621.339653  	0.038271 
622.771311  	0.040242 
624.202969  	0.042689 
625.634627  	0.044276 
627.066285  	0.045128 
628.497944  	0.047123 
629.929602  	0.051011 
631.361260  	0.054385 
632.792918  	0.054579 
634.224576  	0.052711 
635.656235  	0.051332 
637.087893  	0.050063 
638.519551  	0.047748 
639.951209  	0.045558 
641.382867  	0.044607 
642.814525  	0.044038 
644.246184  	0.043744 
645.677842  	0.044075 
647.109500  	0.044274 
648.541158  	0.043976 
649.972816  	0.043387 
651.404475  	0.043618 
652.836133  	0.044909 
654.267791  	0.045532 
655.699449  	0.046023 
657.131107  	0.046497 
658.562766  	0.045588 
659.994424  	0.046203 
661.426082  	0.048441 
662.857740  	0.048307 
664.289398  	0.048385 
665.721056  	0.050798 
667.152715  	0.052274 
668.584373  	0.051265 
670.016031  	0.051756 
671.447689  	0.053080 
672.879347  	0.054475 
674.311006  	0.055839 
675.742664  	0.057497 
677.174322  	0.059254 
678.605980  	0.060757 
680.037638  	0.063406 
681.469296  	0.067281 
682.900955  	0.071210 
684.332613  	0.075251 
685.764271  	0.079254 
687.195929  	0.082755 
688.627587  	0.084146 
690.059246  	0.083852 
691.490904  	0.085260 
692.922562  	0.088251 
694.354220  	0.091978 
695.785878  	0.096984 
697.217537  	0.102005 
698.649195  	0.106710 
700.080853  	0.111053 
701.512511  	0.114457 
702.944169  	0.118118 
704.375827  	0.121288 
705.807486  	0.122831 
707.239144  	0.122811 
708.670802  	0.120410 
710.102460  	0.117045 
711.534118  	0.113055 
712.965777  	0.107862 
714.397435  	0.103561 
715.829093  	0.099547 
717.260751  	0.095965 
718.692409  	0.095387 
720.124067  	0.096283 
721.555726  	0.098581 
722.987384  	0.103418 
724.419042  	0.107042 
725.850700  	0.108943 
727.282358  	0.111051 
728.714017  	0.112403 
730.145675  	0.114015 
731.577333  	0.115483 
733.008991  	0.115042 
734.440649  	0.114465 
735.872308  	0.113992 
737.303966  	0.113408 
738.735624  	0.114237 
740.167282  	0.116502 
741.598940  	0.120958 
743.030598  	0.127361 
744.462257  	0.133906 
745.893915  	0.141359 
747.325573  	0.148672 
748.757231  	0.154309 
750.188889  	0.160234 
751.620548  	0.166473 
753.052206  	0.172532 
754.483864  	0.179743 
755.915522  	0.187361 
757.347180  	0.193717 
758.778839  	0.198503 
760.210497  	0.202863 
761.642155  	0.207359 
763.073813  	0.211418 
764.505471  	0.216410 
765.937129  	0.222037 
767.368788  	0.223910 
768.800446  	0.219494 
770.232104  	0.209367 
771.663762  	0.195558 
773.095420  	0.180464 
774.527079  	0.165207 
775.958737  	0.150142 
777.390395  	0.136534 
778.822053  	0.125930 
780.253711  	0.118182 
781.685369  	0.111930 
783.117028  	0.106540 
784.548686  	0.102586 
785.980344  	0.100589 
787.412002  	0.099938 
788.843660  	0.099377 
790.275319  	0.098685 
791.706977  	0.098721 
793.138635  	0.099766 
794.570293  	0.102189 
796.001951  	0.106748 
797.433610  	0.113335 
798.865268  	0.122444 
800.296926  	0.134782 
801.728584  	0.149618 
803.160242  	0.166906 
804.591900  	0.186373 
806.023559  	0.206530 
807.455217  	0.226574 
808.886875  	0.246126 
810.318533  	0.265253 
811.750191  	0.281396 
813.181850  	0.291195 
814.613508  	0.295294 
816.045166  	0.293618 
817.476824  	0.288633 
818.908482  	0.286013 
820.340141  	0.287728 
821.771799  	0.295934 
823.203457  	0.311714 
824.635115  	0.331623 
826.066773  	0.352063 
827.498431  	0.366229 
828.930090  	0.367920 
830.361748  	0.357737 
831.793406  	0.337329 
833.225064  	0.311644 
834.656722  	0.284513 
836.088381  	0.256951 
837.520039  	0.232936 
838.951697  	0.213383 
840.383355  	0.196756 
841.815013  	0.183861 
843.246671  	0.173038 
844.678330  	0.162085 
846.109988  	0.151431 
847.541646  	0.140020 
848.973304  	0.127171 
850.404962  	0.113995 
851.836621  	0.100824 
853.268279  	0.088085 
854.699937  	0.076223 
856.131595  	0.065687 
857.563253  	0.057831 
858.994912  	0.052434 
860.426570  	0.048253 
861.858228  	0.045724 
863.289886  	0.044909 
864.721544  	0.045235 
866.153202  	0.046687 
867.584861  	0.048838 
869.016519  	0.051867 
870.448177  	0.056423 
871.879835  	0.062413 
873.311493  	0.069429 
874.743152  	0.076979 
876.174810  	0.085580 
877.606468  	0.095678 
879.038126  	0.106694 
880.469784  	0.118809 
881.901443  	0.131535 
883.333101  	0.143748 
884.764759  	0.154172 
886.196417  	0.160155 
887.628075  	0.160582 
889.059733  	0.154341 
890.491392  	0.139698 
891.923050  	0.118637 
893.354708  	0.095241 
894.786366  	0.073999 
896.218024  	0.058701 
897.649683  	0.049340 
899.081341  	0.043704 
900.512999  	0.040823 
901.944657  	0.039663 
903.376315  	0.039474 
904.807973  	0.040328 
906.239632  	0.041691 
907.671290  	0.043542 
909.102948  	0.045811 
910.534606  	0.047944 
911.966264  	0.050443 
913.397923  	0.053670 
914.829581  	0.057423 
916.261239  	0.060999 
917.692897  	0.063117 
919.124555  	0.063641 
920.556214  	0.062686 
921.987872  	0.060302 
923.419530  	0.057773 
924.851188  	0.056055 
926.282846  	0.055436 
927.714504  	0.056193 
929.146163  	0.058139 
930.577821  	0.061376 
932.009479  	0.065474 
933.441137  	0.069098 
934.872795  	0.071554 
936.304454  	0.072539 
937.736112  	0.072887 
939.167770  	0.073889 
940.599428  	0.075284 
942.031086  	0.076708 
943.462744  	0.077631 
944.894403  	0.077183 
946.326061  	0.076001 
947.757719  	0.074627 
949.189377  	0.073285 
950.621035  	0.073119 
952.052694  	0.074210 
953.484352  	0.076129 
954.916010  	0.079203 
956.347668  	0.082883 
957.779326  	0.086109 
959.210985  	0.088225 
960.642643  	0.089231 
962.074301  	0.089649 
963.505959  	0.089582 
964.937617  	0.089302 
966.369275  	0.089375 
967.800934  	0.089930 
969.232592  	0.090871 
970.664250  	0.092047 
972.095908  	0.093711 
973.527566  	0.095875 
974.959225  	0.098096 
976.390883  	0.101112 
977.822541  	0.104925 
979.254199  	0.108470 
980.685857  	0.112681 
982.117516  	0.118065 
983.549174  	0.123995 
984.980832  	0.131194 
986.412490  	0.140038 
987.844148  	0.150646 
989.275806  	0.162648 
990.707465  	0.174233 
992.139123  	0.184776 
993.570781  	0.193540 
995.002439  	0.200268 
996.434097  	0.207474 
997.865756  	0.218086 
999.297414  	0.236389 
1000.729072  	0.265579 
1002.160730  	0.302825 
1003.592388  	0.341333 
1005.024046  	0.370257 
1006.455705  	0.383718 
1007.887363  	0.388680 
1009.319021  	0.397181 
1010.750679  	0.429641 
1012.182337  	0.495801 
1013.613996  	0.547871 
1015.045654  	0.508158 
1016.477312  	0.395620 
1017.908970  	0.285208 
1019.340628  	0.204950 
1020.772287  	0.151639 
1022.203945  	0.116452 
1023.635603  	0.091275 
1025.067261  	0.073365 
1026.498919  	0.062394 
1027.930577  	0.056852 
1029.362236  	0.055327 
1030.793894  	0.056391 
1032.225552  	0.058220 
1033.657210  	0.060205 
1035.088868  	0.062989 
1036.520527  	0.066438 
1037.952185  	0.069945 
1039.383843  	0.073038 
1040.815501  	0.075514 
1042.247159  	0.078398 
1043.678818  	0.082055 
1045.110476  	0.085550 
1046.542134  	0.088910 
1047.973792  	0.092519 
1049.405450  	0.096333 
1050.837108  	0.100321 
1052.268767  	0.104920 
1053.700425  	0.110434 
1055.132083  	0.114864 
1056.563741  	0.117291 
1057.995399  	0.120165 
1059.427058  	0.124236 
1060.858716  	0.128844 
1062.290374  	0.133928 
1063.722032  	0.139479 
1065.153690  	0.146742 
1066.585348  	0.155747 
1068.017007  	0.166071 
1069.448665  	0.179339 
1070.880323  	0.195489 
1072.311981  	0.215761 
1073.743639  	0.244016 
1075.175298  	0.283965 
1076.606956  	0.341731 
1078.038614  	0.407945 
1079.470272  	0.445812 
1080.901930  	0.429960 
1082.333589  	0.370376 
1083.765247  	0.299447 
1085.196905  	0.238803 
1086.628563  	0.193516 
1088.060221  	0.166181 
1089.491879  	0.155663 
1090.923538  	0.155812 
1092.355196  	0.162328 
1093.786854  	0.173507 
1095.218512  	0.188560 
1096.650170  	0.208401 
1098.081829  	0.231059 
1099.513487  	0.252938 
1100.945145  	0.269363 
1102.376803  	0.275151 
1103.808461  	0.273391 
1105.240120  	0.269779 
1106.671778  	0.268260 
1108.103436  	0.269472 
1109.535094  	0.268320 
1110.966752  	0.263413 
1112.398410  	0.256355 
1113.830069  	0.248028 
1115.261727  	0.242408 
1116.693385  	0.240180 
1118.125043  	0.239977 
1119.556701  	0.242978 
1120.988360  	0.247808 
1122.420018  	0.254099 
1123.851676  	0.262772 
1125.283334  	0.272030 
1126.714992  	0.283287 
1128.146650  	0.296672 
1129.578309  	0.310255 
1131.009967  	0.326484 
1132.441625  	0.344332 
1133.873283  	0.362979 
1135.304941  	0.384318 
1136.736600  	0.406248 
1138.168258  	0.431637 
1139.599916  	0.461019 
1141.031574  	0.490492 
1142.463232  	0.524718 
1143.894891  	0.561197 
1145.326549  	0.598357 
1146.758207  	0.642381 
1148.189865  	0.685317 
1149.621523  	0.729461 
1151.053181  	0.778721 
1152.484840  	0.822666 
1153.916498  	0.871155 
1155.348156  	0.917475 
1156.779814  	0.949130 
1158.211472  	0.972188 
1159.643131  	0.959178 
1161.074789  	0.912007 
1162.506447  	0.843213 
1163.938105  	0.751243 
1165.369763  	0.658567 
1166.801421  	0.570465 
1168.233080  	0.492791 
1169.664738  	0.438430 
1171.096396  	0.409509 
1172.528054  	0.410234 
1173.959712  	0.443150 
1175.391371  	0.497253 
1176.823029  	0.560220 
1178.254687  	0.620901 
1179.686345  	0.673803 
1181.118003  	0.733351 
1182.549662  	0.797981 
1183.981320  	0.858061 
1185.412978  	0.906133 
1186.844636  	0.914089 
1188.276294  	0.893884 
1189.707952  	0.856842 
1191.139611  	0.800363 
1192.571269  	0.745140 
1194.002927  	0.688094 
1195.434585  	0.628984 
1196.866243  	0.575819 
1198.297902  	0.523041 
1199.729560  	0.474503 
1201.161218  	0.432299 
1202.592876  	0.394031 
1204.024534  	0.366125 
1205.456193  	0.351967 
1206.887851  	0.354785 
1208.319509  	0.380791 
1209.751167  	0.426834 
1211.182825  	0.486473 
1212.614483  	0.552284 
1214.046142  	0.607863 
1215.477800  	0.650469 
1216.909458  	0.677175 
1218.341116  	0.683842 
1219.772774  	0.682876 
1221.204433  	0.670555 
1222.636091  	0.650901 
1224.067749  	0.632643 
1225.499407  	0.608440 
1226.931065  	0.584758 
1228.362723  	0.563449 
1229.794382  	0.539786 
1231.226040  	0.519526 
1232.657698  	0.499392 
1234.089356  	0.479045 
1235.521014  	0.462420 
1236.952673  	0.444384 
1238.384331  	0.427323 
1239.815989  	0.412686 
1241.247647  	0.396563 
1242.679305  	0.381684 
1244.110964  	0.366285 
1245.542622  	0.348944 
1246.974280  	0.332213 
1248.405938  	0.313187 
1249.837596  	0.292578 
1251.269254  	0.271708 
1252.700913  	0.248722 
1254.132571  	0.225602 
1255.564229  	0.202564 
1256.995887  	0.179379 
1258.427545  	0.157810 
1259.859204  	0.137136 
1261.290862  	0.117566 
1262.722520  	0.100405 
1264.154178  	0.085316 
1265.585836  	0.072332 
1267.017495  	0.061827 
1268.449153  	0.053542 
1269.880811  	0.047233 
1271.312469  	0.042566 
1272.744127  	0.039145 
1274.175785  	0.037071 
1275.607444  	0.036106 
1277.039102  	0.036037 
1278.470760  	0.037262 
1279.902418  	0.039362 
1281.334076  	0.041950 
1282.765735  	0.045137 
1284.197393  	0.048347 
1285.629051  	0.051414 
1287.060709  	0.054347 
1288.492367  	0.056741 
1289.924025  	0.058398 
1291.355684  	0.058810 
1292.787342  	0.057526 
1294.219000  	0.054512 
1295.650658  	0.049909 
1297.082316  	0.044309 
1298.513975  	0.038487 
1299.945633  	0.032866 
1301.377291  	0.028085 
1302.808949  	0.024498 
1304.240607  	0.022145 
1305.672266  	0.021805 
1307.103924  	0.023066 
1308.535582  	0.024476 
1309.967240  	0.024693 
1311.398898  	0.022360 
1312.830556  	0.017678 
1314.262215  	0.012367 
1315.693873  	0.007645 
1317.125531  	0.004218 
1318.557189  	0.002050 
1319.988847  	0.000534 
1321.420506  	-0.000273 
1322.852164  	-0.001016 
1324.283822  	-0.001683 
1325.715480  	-0.001897 
1327.147138  	-0.002475 
1328.578796  	-0.002913 
1330.010455  	-0.002931 
1331.442113  	-0.003251 
1332.873771  	-0.003225 
1334.305429  	-0.003114 
1335.737087  	-0.003212 
1337.168746  	-0.002854 
1338.600404  	-0.002685 
1340.032062  	-0.002406 
1341.463720  	-0.001702 
1342.895378  	-0.001272 
1344.327037  	-0.000221 
1345.758695  	0.001157 
1347.190353  	0.002534 
1348.622011  	0.004764 
1350.053669  	0.006724 
1351.485327  	0.008257 
1352.916986  	0.009754 
1354.348644  	0.010540 
1355.780302  	0.011698 
1357.211960  	0.013436 
1358.643618  	0.016624 
1360.075277  	0.024354 
1361.506935  	0.036949 
1362.938593  	0.052226 
1364.370251  	0.059592 
1365.801909  	0.054310 
1367.233568  	0.042171 
1368.665226  	0.028762 
1370.096884  	0.018971 
1371.528542  	0.013632 
1372.960200  	0.011041 
1374.391858  	0.009411 
1375.823517  	0.008613 
1377.255175  	0.008189 
1378.686833  	0.008295 
1380.118491  	0.009842 
1381.550149  	0.012853 
1382.981808  	0.018611 
1384.413466  	0.025416 
1385.845124  	0.030253 
1387.276782  	0.030890 
1388.708440  	0.026302 
1390.140098  	0.020778 
1391.571757  	0.015440 
1393.003415  	0.011670 
1394.435073  	0.010322 
1395.866731  	0.010231 
1397.298389  	0.010968 
1398.730048  	0.013123 
1400.161706  	0.016239 
1401.593364  	0.020150 
1403.025022  	0.025565 
1404.456680  	0.032850 
1405.888339  	0.042256 
1407.319997  	0.050532 
1408.751655  	0.054636 
1410.183313  	0.055005 
1411.614971  	0.050313 
1413.046629  	0.041720 
1414.478288  	0.032813 
1415.909946  	0.024068 
1417.341604  	0.017738 
1418.773262  	0.013869 
1420.204920  	0.009134 
1421.636579  	0.006514 
1423.068237  	0.005228 
1424.499895  	0.003508 
1425.931553  	0.002515 
1427.363211  	0.001555 
1428.794870  	0.000779 
1430.226528  	0.000840 
1431.658186  	0.000300 
1433.089844  	0.000443 
1434.521502  	0.000959 
1435.953160  	0.001113 
1437.384819  	0.003380 
1438.816477  	0.005011 
1440.248135  	0.006913 
1441.679793  	0.010756 
1443.111451  	0.013863 
1444.543110  	0.017605 
1445.974768  	0.022204 
1447.406426  	0.026223 
1448.838084  	0.030247 
1450.269742  	0.030328 
1451.701400  	0.027740 
1453.133059  	0.025888 
1454.564717  	0.024643 
1455.996375  	0.024866 
1457.428033  	0.029668 
1458.859691  	0.033706 
1460.291350  	0.038927 
1461.723008  	0.044085 
1463.154666  	0.047382 
1464.586324  	0.049984 
1466.017982  	0.048639 
1467.449641  	0.046559 
1468.881299  	0.044633 
1470.312957  	0.041827 
1471.744615  	0.040846 
1473.176273  	0.039501 
1474.607931  	0.037760 
1476.039590  	0.038930 
1477.471248  	0.039365 
1478.902906  	0.040522 
1480.334564  	0.043992 
1481.766222  	0.047578 
1483.197881  	0.053717 
1484.629539  	0.061888 
1486.061197  	0.070350 
1487.492855  	0.083436 
1488.924513  	0.098153 
1490.356172  	0.114329 
1491.787830  	0.138716 
1493.219488  	0.160291 
1494.651146  	0.183011 
1496.082804  	0.215586 
1497.514462  	0.246757 
1498.946121  	0.277484 
1500.377779  	0.307303 
1501.809437  	0.321247 
1503.241095  	0.328420 
1504.672753  	0.327194 
1506.104412  	0.303027 
1507.536070  	0.254747 
1508.967728  	0.211160 
1510.399386  	0.173269 
1511.831044  	0.138160 
1513.262702  	0.105701 
1514.694361  	0.082096 
1516.126019  	0.065999 
1517.557677  	0.050087 
1518.989335  	0.040199 
1520.420993  	0.036384 
1521.852652  	0.029985 
1523.284310  	0.024340 
1524.715968  	0.022218 
1526.147626  	0.018480 
1527.579284  	0.015453 
1529.010943  	0.013562 
1530.442601  	0.010919 
1531.874259  	0.009346 
1533.305917  	0.007340 
1534.737575  	0.003970 
1536.169233  	0.002405 
1537.600892  	0.000735 
1539.032550  	-0.000574 
1540.464208  	-0.001148 
1541.895866  	-0.003591 
1543.327524  	-0.004381 
1544.759183  	-0.004914 
1546.190841  	-0.005893 
1547.622499  	-0.006223 
1549.054157  	-0.006772 
1550.485815  	-0.006977 
1551.917473  	-0.006924 
1553.349132  	-0.007333 
1554.780790  	-0.007354 
1556.212448  	-0.007581 
1557.644106  	-0.007441 
1559.075764  	-0.004896 
1560.507423  	-0.006195 
1561.939081  	-0.006448 
1563.370739  	-0.005572 
1564.802397  	-0.004655 
1566.234055  	-0.002691 
1567.665714  	-0.000527 
1569.097372  	0.001874 
1570.529030  	0.003655 
1571.960688  	0.001807 
1573.392346  	-0.000811 
1574.824004  	-0.002169 
1576.255663  	-0.001905 
1577.687321  	-0.001006 
1579.118979  	-0.000166 
1580.550637  	0.001398 
1581.982295  	0.004007 
1583.413954  	0.007051 
1584.845612  	0.010493 
1586.277270  	0.013281 
1587.708928  	0.015454 
1589.140586  	0.018239 
1590.572245  	0.020405 
1592.003903  	0.021639 
1593.435561  	0.021853 
1594.867219  	0.020600 
1596.298877  	0.019369 
1597.730535  	0.018819 
1599.162194  	0.019117 
1600.593852  	0.020053 
1602.025510  	0.020475 
1603.457168  	0.020442 
1604.888826  	0.019447 
1606.320485  	0.017098 
1607.752143  	0.014102 
1609.183801  	0.010510 
1610.615459  	0.007215 
1612.047117  	0.004351 
1613.478775  	0.001800 
1614.910434  	0.000062 
1616.342092  	-0.001090 
1617.773750  	-0.002125 
1619.205408  	-0.003018 
1620.637066  	-0.003647 
1622.068725  	-0.003863 
1623.500383  	-0.003766 
1624.932041  	-0.003922 
1626.363699  	-0.004043 
1627.795357  	-0.003664 
1629.227016  	-0.003279 
1630.658674  	-0.003477 
1632.090332  	-0.003727 
1633.521990  	-0.003684 
1634.953648  	-0.003380 
1636.385306  	-0.003255 
1637.816965  	-0.003856 
1639.248623  	-0.004395 
1640.680281  	-0.004534 
1642.111939  	-0.004470 
1643.543597  	-0.004631 
1644.975256  	-0.004628 
1646.406914  	-0.004009 
1647.838572  	-0.003556 
1649.270230  	-0.003949 
1650.701888  	-0.004310 
1652.133547  	-0.004224 
1653.565205  	-0.003540 
1654.996863  	-0.004216 
1656.428521  	-0.004592 
1657.860179  	-0.004817 
1659.291837  	-0.005101 
1660.723496  	-0.005055 
1662.155154  	-0.004948 
1663.586812  	-0.005207 
1665.018470  	-0.005443 
1666.450128  	-0.005617 
1667.881787  	-0.005582 
1669.313445  	-0.005462 
1670.745103  	-0.005927 
1672.176761  	-0.006305 
1673.608419  	-0.006625 
1675.040077  	-0.006937 
1676.471736  	-0.006735 
1677.903394  	-0.006934 
1679.335052  	-0.006963 
1680.766710  	-0.006551 
1682.198368  	-0.006685 
1683.630027  	-0.006064 
1685.061685  	-0.005276 
1686.493343  	-0.006321 
1687.925001  	-0.006001 
1689.356659  	-0.005569 
1690.788318  	-0.005564 
1692.219976  	-0.004693 
1693.651634  	-0.004122 
1695.083292  	-0.003264 
1696.514950  	-0.001433 
1697.946608  	-0.001720 
1699.378267  	-0.001013 
1700.809925  	0.000699 
1702.241583  	0.000172 
1703.673241  	0.001229 
1705.104899  	0.002439 
1706.536558  	0.003265 
1707.968216  	0.004811 
1709.399874  	0.005621 
1710.831532  	0.006895 
1712.263190  	0.008709 
1713.694849  	0.009686 
1715.126507  	0.011614 
1716.558165  	0.013185 
1717.989823  	0.013883 
1719.421481  	0.016314 
1720.853139  	0.017081 
1722.284798  	0.018474 
1723.716456  	0.021469 
1725.148114  	0.023137 
1726.579772  	0.025430 
1728.011430  	0.027909 
1729.443089  	0.029323 
1730.874747  	0.032166 
1732.306405  	0.033941 
1733.738063  	0.035281 
1735.169721  	0.038991 
1736.601379  	0.040132 
1738.033038  	0.042977 
1739.464696  	0.047145 
1740.896354  	0.049313 
1742.328012  	0.053662 
1743.759670  	0.058071 
1745.191329  	0.062558 
1746.622987  	0.070195 
1748.054645  	0.077013 
1749.486303  	0.085774 
1750.917961  	0.098336 
1752.349620  	0.110994 
1753.781278  	0.128050 
1755.212936  	0.146469 
1756.644594  	0.168295 
1758.076252  	0.201046 
1759.507910  	0.232322 
1760.939569  	0.265436 
1762.371227  	0.311691 
1763.802885  	0.349756 
1765.234543  	0.378382 
1766.666201  	0.404670 
1768.097860  	0.412214 
1769.529518  	0.412722 
1770.961176  	0.412239 
1772.392834  	0.388732 
1773.824492  	0.366063 
1775.256150  	0.348535 
1776.687809  	0.321499 
1778.119467  	0.299741 
1779.551125  	0.277711 
1780.982783  	0.248765 
1782.414441  	0.227268 
1783.846100  	0.205441 
1785.277758  	0.180347 
1786.709416  	0.160620 
1788.141074  	0.139858 
1789.572732  	0.120906 
1791.004391  	0.105425 
1792.436049  	0.084697 
1793.867707  	0.069119 
1795.299365  	0.057913 
1796.731023  	0.045123 
1798.162681  	0.037172 
1799.594340  	0.029401 
1801.025998  	0.021277 
1802.457656  	0.017573 
1803.889314  	0.012286 
1805.320972  	0.008662 
1806.752631  	0.006622 
1808.184289  	0.002534 
1809.615947  	0.001383 
1811.047605  	0.000046 
1812.479263  	-0.002593 
1813.910922  	-0.002561 
1815.342580  	-0.004509 
1816.774238  	-0.005808 
1818.205896  	-0.004999 
1819.637554  	-0.006735 
1821.069212  	-0.006834 
1822.500871  	-0.006925 
1823.932529  	-0.008696 
1825.364187  	-0.007763 
1826.795845  	-0.008652 
1828.227503  	-0.009791 
1829.659162  	-0.008510 
1831.090820  	-0.010060 
1832.522478  	-0.010482 
1833.954136  	-0.010088 
1835.385794  	-0.011386 
1836.817452  	-0.010957 
1838.249111  	-0.011452 
1839.680769  	-0.012326 
1841.112427  	-0.011169 
1842.544085  	-0.011873 
1843.975743  	-0.011923 
1845.407402  	-0.011089 
1846.839060  	-0.012637 
1848.270718  	-0.012055 
1849.702376  	-0.012025 
1851.134034  	-0.013094 
1852.565693  	-0.012127 
1853.997351  	-0.012768 
1855.429009  	-0.013107 
1856.860667  	-0.011892 
1858.292325  	-0.012830 
1859.723983  	-0.012849 
1861.155642  	-0.012633 
1862.587300  	-0.013686 
1864.018958  	-0.013081 
1865.450616  	-0.013278 
1866.882274  	-0.013344 
1868.313933  	-0.011899 
1869.745591  	-0.012861 
1871.177249  	-0.012844 
1872.608907  	-0.012485 
1874.040565  	-0.013531 
1875.472224  	-0.012745 
1876.903882  	-0.012352 
1878.335540  	-0.012255 
1879.767198  	-0.011025 
1881.198856  	-0.011885 
1882.630514  	-0.012098 
1884.062173  	-0.011071 
1885.493831  	-0.011390 
1886.925489  	-0.010778 
1888.357147  	-0.010615 
1889.788805  	-0.010458 
1891.220464  	-0.008660 
1892.652122  	-0.008923 
1894.083780  	-0.008758 
1895.515438  	-0.007807 
1896.947096  	-0.008833 
1898.378754  	-0.008575 
1899.810413  	-0.008396 
1901.242071  	-0.008936 
1902.673729  	-0.008186 
1904.105387  	-0.009179 
1905.537045  	-0.009680 
1906.968704  	-0.008939 
1908.400362  	-0.010395 
1909.832020  	-0.010567 
1911.263678  	-0.010908 
1912.695336  	-0.012953 
1914.126995  	-0.012549 
1915.558653  	-0.012974 
1916.990311  	-0.014277 
1918.421969  	-0.013691 
1919.853627  	-0.014651 
1921.285285  	-0.014812 
1922.716944  	-0.014378 
1924.148602  	-0.015358 
1925.580260  	-0.014357 
1927.011918  	-0.014621 
1928.443576  	-0.016003 
1929.875235  	-0.015221 
1931.306893  	-0.016039 
1932.738551  	-0.015944 
1934.170209  	-0.014223 
1935.601867  	-0.014740 
1937.033525  	-0.014192 
1938.465184  	-0.014487 
1939.896842  	-0.016010 
1941.328500  	-0.014871 
1942.760158  	-0.015739 
1944.191816  	-0.016628 
1945.623475  	-0.015124 
1947.055133  	-0.016111 
1948.486791  	-0.016139 
1949.918449  	-0.015614 
1951.350107  	-0.016234 
1952.781766  	-0.014884 
1954.213424  	-0.015466 
1955.645082  	-0.015817 
1957.076740  	-0.013739 
1958.508398  	-0.014754 
1959.940056  	-0.015008 
1961.371715  	-0.014609 
1962.803373  	-0.015366 
1964.235031  	-0.013059 
1965.666689  	-0.013408 
1967.098347  	-0.014276 
1968.530006  	-0.012009 
1969.961664  	-0.013426 
1971.393322  	-0.013072 
1972.824980  	-0.012667 
1974.256638  	-0.016004 
1975.688297  	-0.014406 
1977.119955  	-0.013934 
1978.551613  	-0.014826 
1979.983271  	-0.012285 
1981.414929  	-0.014592 
1982.846587  	-0.014755 
1984.278246  	-0.011447 
1985.709904  	-0.012439 
1987.141562  	-0.012223 
1988.573220  	-0.013376 
1990.004878  	-0.015875 
1991.436537  	-0.013397 
1992.868195  	-0.014455 
1994.299853  	-0.016489 
1995.731511  	-0.014702 
1997.163169  	-0.016652 
1998.594827  	-0.017252 
2000.026486  	-0.014786 
2001.458144  	-0.014680 
2002.889802  	-0.013930 
2004.321460  	-0.013842 
2005.753118  	-0.012690 
2007.184777  	-0.009967 
2008.616435  	-0.012147 
2010.048093  	-0.013493 
2011.479751  	-0.013838 
2012.911409  	-0.015612 
2014.343068  	-0.012811 
2015.774726  	-0.012261 
2017.206384  	-0.013933 
2018.638042  	-0.012588 
2020.069700  	-0.014555 
2021.501358  	-0.014157 
2022.933017  	-0.011408 
2024.364675  	-0.013140 
2025.796333  	-0.012456 
2027.227991  	-0.013421 
2028.659649  	-0.015974 
2030.091308  	-0.012524 
2031.522966  	-0.013410 
2032.954624  	-0.015933 
2034.386282  	-0.013638 
2035.817940  	-0.014435 
2037.249599  	-0.013790 
2038.681257  	-0.011468 
2040.112915  	-0.011831 
2041.544573  	-0.011630 
2042.976231  	-0.013400 
2044.407889  	-0.014841 
2045.839548  	-0.012722 
2047.271206  	-0.011889 
2048.702864  	-0.010987 
2050.134522  	-0.010913 
2051.566180  	-0.012484 
2052.997839  	-0.012041 
2054.429497  	-0.012148 
2055.861155  	-0.012851 
2057.292813  	-0.012763 
2058.724471  	-0.013988 
2060.156129  	-0.013780 
2061.587788  	-0.012933 
2063.019446  	-0.013567 
2064.451104  	-0.012951 
2065.882762  	-0.013330 
2067.314420  	-0.014022 
2068.746079  	-0.012790 
2070.177737  	-0.013568 
2071.609395  	-0.014556 
2073.041053  	-0.014213 
2074.472711  	-0.014889 
2075.904370  	-0.014502 
2077.336028  	-0.014077 
2078.767686  	-0.014276 
2080.199344  	-0.013245 
2081.631002  	-0.013236 
2083.062660  	-0.013357 
2084.494319  	-0.012791 
2085.925977  	-0.013307 
2087.357635  	-0.012974 
2088.789293  	-0.012950 
2090.220951  	-0.014224 
2091.652610  	-0.014276 
2093.084268  	-0.014873 
2094.515926  	-0.015357 
2095.947584  	-0.014109 
2097.379242  	-0.014513 
2098.810901  	-0.015188 
2100.242559  	-0.014417 
2101.674217  	-0.014248 
2103.105875  	-0.014375 
2104.537533  	-0.014724 
2105.969191  	-0.014858 
2107.400850  	-0.014487 
2108.832508  	-0.014513 
2110.264166  	-0.014087 
2111.695824  	-0.014671 
2113.127482  	-0.016178 
2114.559141  	-0.015588 
2115.990799  	-0.015205 
2117.422457  	-0.016115 
2118.854115  	-0.016313 
2120.285773  	-0.016227 
2121.717431  	-0.015428 
2123.149090  	-0.015433 
2124.580748  	-0.016369 
2126.012406  	-0.015212 
2127.444064  	-0.015286 
2128.875722  	-0.016596 
2130.307381  	-0.015376 
2131.739039  	-0.015612 
2133.170697  	-0.016144 
2134.602355  	-0.014229 
2136.034013  	-0.015074 
2137.465672  	-0.016264 
2138.897330  	-0.015153 
2140.328988  	-0.014860 
2141.760646  	-0.014551 
2143.192304  	-0.015293 
2144.623962  	-0.015871 
2146.055621  	-0.014425 
2147.487279  	-0.014556 
2148.918937  	-0.014121 
2150.350595  	-0.012436 
2151.782253  	-0.012165 
2153.213912  	-0.011600 
2154.645570  	-0.012008 
2156.077228  	-0.010686 
2157.508886  	-0.007546 
2158.940544  	-0.010829 
2160.372202  	-0.012674 
2161.803861  	-0.010396 
2163.235519  	-0.011628 
2164.667177  	-0.011462 
2166.098835  	-0.011030 
2167.530493  	-0.011452 
2168.962152  	-0.010541 
2170.393810  	-0.011703 
2171.825468  	-0.011737 
2173.257126  	-0.010643 
2174.688784  	-0.011498 
2176.120443  	-0.009368 
2177.552101  	-0.008891 
2178.983759  	-0.012626 
2180.415417  	-0.012806 
2181.847075  	-0.011229 
2183.278733  	-0.010585 
2184.710392  	-0.011191 
2186.142050  	-0.013572 
2187.573708  	-0.012890 
2189.005366  	-0.012052 
2190.437024  	-0.012540 
2191.868683  	-0.009351 
2193.300341  	-0.008479 
2194.731999  	-0.010843 
2196.163657  	-0.010529 
2197.595315  	-0.010801 
2199.026974  	-0.011815 
2200.458632  	-0.011680 
2201.890290  	-0.011762 
2203.321948  	-0.010933 
2204.753606  	-0.011022 
2206.185264  	-0.011561 
2207.616923  	-0.010233 
2209.048581  	-0.010341 
2210.480239  	-0.011590 
2211.911897  	-0.012101 
2213.343555  	-0.012263 
2214.775214  	-0.011338 
2216.206872  	-0.010951 
2217.638530  	-0.010329 
2219.070188  	-0.009260 
2220.501846  	-0.010615 
2221.933504  	-0.010663 
2223.365163  	-0.009095 
2224.796821  	-0.009688 
2226.228479  	-0.009583 
2227.660137  	-0.009368 
2229.091795  	-0.009713 
2230.523454  	-0.008246 
2231.955112  	-0.008279 
2233.386770  	-0.008855 
2234.818428  	-0.007540 
2236.250086  	-0.007902 
2237.681745  	-0.009057 
2239.113403  	-0.009534 
2240.545061  	-0.010179 
2241.976719  	-0.009978 
2243.408377  	-0.010331 
2244.840035  	-0.010656 
2246.271694  	-0.009870 
2247.703352  	-0.010316 
2249.135010  	-0.010230 
2250.566668  	-0.009518 
2251.998326  	-0.010902 
2253.429985  	-0.011961 
2254.861643  	-0.012238 
2256.293301  	-0.013057 
2257.724959  	-0.012750 
2259.156617  	-0.012092 
2260.588276  	-0.012374 
2262.019934  	-0.013254 
2263.451592  	-0.014131 
2264.883250  	-0.014213 
2266.314908  	-0.013952 
2267.746566  	-0.013252 
2269.178225  	-0.012919 
2270.609883  	-0.014166 
2272.041541  	-0.014557 
2273.473199  	-0.014387 
2274.904857  	-0.015105 
2276.336516  	-0.014245 
2277.768174  	-0.013227 
2279.199832  	-0.014091 
2280.631490  	-0.014848 
2282.063148  	-0.015168 
2283.494806  	-0.014915 
2284.926465  	-0.014638 
2286.358123  	-0.015520 
2287.789781  	-0.015804 
2289.221439  	-0.015690 
2290.653097  	-0.016070 
2292.084756  	-0.015558 
2293.516414  	-0.015155 
2294.948072  	-0.015239 
2296.379730  	-0.014971 
2297.811388  	-0.015426 
2299.243047  	-0.015938 
2300.674705  	-0.015952 
2302.106363  	-0.016390 
2303.538021  	-0.016482 
2304.969679  	-0.016164 
2306.401337  	-0.015762 
2307.832996  	-0.015350 
2309.264654  	-0.015692 
2310.696312  	-0.015714 
2312.127970  	-0.015486 
2313.559628  	-0.016215 
2314.991287  	-0.016333 
2316.422945  	-0.016028 
2317.854603  	-0.016171 
2319.286261  	-0.015707 
2320.717919  	-0.015662 
2322.149577  	-0.016104 
2323.581236  	-0.015950 
2325.012894  	-0.016077 
2326.444552  	-0.015979 
2327.876210  	-0.015607 
2329.307868  	-0.015835 
2330.739527  	-0.015809 
2332.171185  	-0.015772 
2333.602843  	-0.016018 
2335.034501  	-0.015897 
2336.466159  	-0.015999 
2337.897818  	-0.015973 
2339.329476  	-0.015821 
2340.761134  	-0.016189 
2342.192792  	-0.016187 
2343.624450  	-0.016287 
2345.056108  	-0.016607 
2346.487767  	-0.016255 
2347.919425  	-0.016175 
2349.351083  	-0.016124 
2350.782741  	-0.015788 
2352.214399  	-0.015961 
2353.646058  	-0.016012 
2355.077716  	-0.015746 
2356.509374  	-0.015674 
2357.941032  	-0.015211 
2359.372690  	-0.015378 
2360.804349  	-0.015801 
2362.236007  	-0.015425 
2363.667665  	-0.015459 
2365.099323  	-0.015372 
2366.530981  	-0.015113 
2367.962639  	-0.015136 
2369.394298  	-0.014667 
2370.825956  	-0.014858 
2372.257614  	-0.015348 
2373.689272  	-0.015031 
2375.120930  	-0.015247 
2376.552589  	-0.015422 
2377.984247  	-0.014829 
2379.415905  	-0.014539 
2380.847563  	-0.014496 
2382.279221  	-0.014611 
2383.710879  	-0.014820 
2385.142538  	-0.014764 
2386.574196  	-0.014753 
2388.005854  	-0.014529 
2389.437512  	-0.014191 
2390.869170  	-0.014225 
2392.300829  	-0.014163 
2393.732487  	-0.014247 
2395.164145  	-0.014260 
2396.595803  	-0.013688 
2398.027461  	-0.013683 
2399.459120  	-0.013918 
2400.890778  	-0.013688 
2402.322436  	-0.013880 
2403.754094  	-0.014063 
2405.185752  	-0.014012 
2406.617410  	-0.013860 
2408.049069  	-0.013158 
2409.480727  	-0.013151 
2410.912385  	-0.013672 
2412.344043  	-0.013433 
2413.775701  	-0.013528 
2415.207360  	-0.013895 
2416.639018  	-0.013796 
2418.070676  	-0.013830 
2419.502334  	-0.013723 
2420.933992  	-0.013704 
2422.365651  	-0.013930 
2423.797309  	-0.013768 
2425.228967  	-0.013945 
2426.660625  	-0.014332 
2428.092283  	-0.014197 
2429.523941  	-0.014019 
2430.955600  	-0.013716 
2432.387258  	-0.013741 
2433.818916  	-0.014350 
2435.250574  	-0.014384 
2436.682232  	-0.014108 
2438.113891  	-0.014151 
2439.545549  	-0.014259 
2440.977207  	-0.014403 
2442.408865  	-0.014271 
2443.840523  	-0.014097 
2445.272181  	-0.014078 
2446.703840  	-0.013889 
2448.135498  	-0.014027 
2449.567156  	-0.014182 
2450.998814  	-0.014065 
2452.430472  	-0.014367 
2453.862131  	-0.014310 
2455.293789  	-0.013777 
2456.725447  	-0.013799 
2458.157105  	-0.013903 
2459.588763  	-0.013753 
2461.020422  	-0.013651 
2462.452080  	-0.013838 
2463.883738  	-0.014268 
2465.315396  	-0.014092 
2466.747054  	-0.013782 
2468.178712  	-0.014027 
2469.610371  	-0.014027 
2471.042029  	-0.014002 
2472.473687  	-0.014057 
2473.905345  	-0.013908 
2475.337003  	-0.014197 
2476.768662  	-0.014303 
2478.200320  	-0.014151 
2479.631978  	-0.014471 
2481.063636  	-0.014352 
2482.495294  	-0.014138 
2483.926953  	-0.014283 
2485.358611  	-0.013939 
2486.790269  	-0.013940 
2488.221927  	-0.014315 
2489.653585  	-0.014318 
2491.085243  	-0.014593 
2492.516902  	-0.014680 
2493.948560  	-0.014633 
2495.380218  	-0.015059 
2496.811876  	-0.015089 
2498.243534  	-0.015199 
2499.675193  	-0.015486 
2501.106851  	-0.014926 
2502.538509  	-0.014689 
2503.970167  	-0.015104 
2505.401825  	-0.015117 
2506.833483  	-0.015066 
2508.265142  	-0.015122 
2509.696800  	-0.015166 
2511.128458  	-0.015123 
2512.560116  	-0.014985 
2513.991774  	-0.015359 
2515.423433  	-0.015817 
2516.855091  	-0.015900 
2518.286749  	-0.015950 
2519.718407  	-0.015540 
2521.150065  	-0.015074 
2522.581724  	-0.015217 
2524.013382  	-0.015439 
2525.445040  	-0.015653 
2526.876698  	-0.015628 
2528.308356  	-0.015248 
2529.740014  	-0.015181 
2531.171673  	-0.015197 
2532.603331  	-0.015229 
2534.034989  	-0.015468 
2535.466647  	-0.015528 
2536.898305  	-0.015680 
2538.329964  	-0.015885 
2539.761622  	-0.015756 
2541.193280  	-0.015490 
2542.624938  	-0.015194 
2544.056596  	-0.015530 
2545.488254  	-0.016257 
2546.919913  	-0.016061 
2548.351571  	-0.015646 
2549.783229  	-0.015825 
2551.214887  	-0.016092 
2552.646545  	-0.016295 
2554.078204  	-0.016097 
2555.509862  	-0.015729 
2556.941520  	-0.015837 
2558.373178  	-0.016140 
2559.804836  	-0.016343 
2561.236495  	-0.015980 
2562.668153  	-0.015440 
2564.099811  	-0.015769 
2565.531469  	-0.016094 
2566.963127  	-0.016021 
2568.394785  	-0.015993 
2569.826444  	-0.015371 
2571.258102  	-0.014972 
2572.689760  	-0.015330 
2574.121418  	-0.015364 
2575.553076  	-0.015455 
2576.984735  	-0.015698 
2578.416393  	-0.015613 
2579.848051  	-0.015614 
2581.279709  	-0.015478 
2582.711367  	-0.015425 
2584.143026  	-0.015526 
2585.574684  	-0.015069 
2587.006342  	-0.015031 
2588.438000  	-0.015523 
2589.869658  	-0.015390 
2591.301316  	-0.015281 
2592.732975  	-0.015362 
2594.164633  	-0.015168 
2595.596291  	-0.015130 
2597.027949  	-0.015110 
2598.459607  	-0.015096 
2599.891266  	-0.015109 
2601.322924  	-0.014792 
2602.754582  	-0.014704 
2604.186240  	-0.015094 
2605.617898  	-0.015454 
2607.049556  	-0.015465 
2608.481215  	-0.015163 
2609.912873  	-0.015255 
2611.344531  	-0.015620 
2612.776189  	-0.015594 
2614.207847  	-0.015593 
2615.639506  	-0.015546 
2617.071164  	-0.015452 
2618.502822  	-0.015799 
2619.934480  	-0.015748 
2621.366138  	-0.015263 
2622.797797  	-0.015301 
2624.229455  	-0.015488 
2625.661113  	-0.015636 
2627.092771  	-0.015818 
2628.524429  	-0.015691 
2629.956087  	-0.015651 
2631.387746  	-0.015856 
2632.819404  	-0.015974 
2634.251062  	-0.016054 
2635.682720  	-0.016111 
2637.114378  	-0.016229 
2638.546037  	-0.016285 
2639.977695  	-0.016005 
2641.409353  	-0.015780 
2642.841011  	-0.015844 
2644.272669  	-0.015944 
2645.704328  	-0.016004 
2647.135986  	-0.016008 
2648.567644  	-0.015956 
2649.999302  	-0.015873 
2651.430960  	-0.015863 
2652.862618  	-0.015883 
2654.294277  	-0.015693 
2655.725935  	-0.015619 
2657.157593  	-0.015809 
2658.589251  	-0.015783 
2660.020909  	-0.015671 
2661.452568  	-0.015657 
2662.884226  	-0.015646 
2664.315884  	-0.015816 
2665.747542  	-0.015825 
2667.179200  	-0.015564 
2668.610858  	-0.015574 
2670.042517  	-0.015635 
2671.474175  	-0.015579 
2672.905833  	-0.015671 
2674.337491  	-0.015704 
2675.769149  	-0.015713 
2677.200808  	-0.015748 
2678.632466  	-0.015568 
2680.064124  	-0.015460 
2681.495782  	-0.015565 
2682.927440  	-0.015596 
2684.359099  	-0.015588 
2685.790757  	-0.015650 
2687.222415  	-0.015693 
2688.654073  	-0.015650 
2690.085731  	-0.015633 
2691.517389  	-0.015621 
2692.949048  	-0.015445 
2694.380706  	-0.015338 
2695.812364  	-0.015409 
2697.244022  	-0.015434 
2698.675680  	-0.015480 
2700.107339  	-0.015467 
2701.538997  	-0.015380 
2702.970655  	-0.015487 
2704.402313  	-0.015534 
2705.833971  	-0.015377 
2707.265630  	-0.015226 
2708.697288  	-0.015087 
2710.128946  	-0.015018 
2711.560604  	-0.014835 
2712.992262  	-0.014561 
2714.423920  	-0.014660 
2715.855579  	-0.014804 
2717.287237  	-0.014723 
2718.718895  	-0.014747 
2720.150553  	-0.014806 
2721.582211  	-0.014910 
2723.013870  	-0.014985 
2724.445528  	-0.014811 
2725.877186  	-0.014766 
2727.308844  	-0.014825 
2728.740502  	-0.014756 
2730.172160  	-0.014774 
2731.603819  	-0.014756 
2733.035477  	-0.014769 
2734.467135  	-0.014846 
2735.898793  	-0.014691 
2737.330451  	-0.014696 
2738.762110  	-0.014826 
2740.193768  	-0.014694 
2741.625426  	-0.014756 
2743.057084  	-0.014858 
2744.488742  	-0.014665 
2745.920401  	-0.014653 
2747.352059  	-0.014794 
2748.783717  	-0.014878 
2750.215375  	-0.014963 
2751.647033  	-0.014975 
2753.078691  	-0.014970 
2754.510350  	-0.014754 
2755.942008  	-0.014358 
2757.373666  	-0.014340 
2758.805324  	-0.014557 
2760.236982  	-0.014511 
2761.668641  	-0.014211 
2763.100299  	-0.014008 
2764.531957  	-0.014095 
2765.963615  	-0.014106 
2767.395273  	-0.014009 
2768.826931  	-0.013988 
2770.258590  	-0.013715 
2771.690248  	-0.013505 
2773.121906  	-0.013574 
2774.553564  	-0.013359 
2775.985222  	-0.013281 
2777.416881  	-0.013629 
2778.848539  	-0.013676 
2780.280197  	-0.013498 
2781.711855  	-0.013518 
2783.143513  	-0.013606 
2784.575172  	-0.013576 
2786.006830  	-0.013468 
2787.438488  	-0.013612 
2788.870146  	-0.013841 
2790.301804  	-0.013804 
2791.733462  	-0.013842 
2793.165121  	-0.013923 
2794.596779  	-0.013807 
2796.028437  	-0.013789 
2797.460095  	-0.013896 
2798.891753  	-0.014019 
2800.323412  	-0.014085 
2801.755070  	-0.013889 
2803.186728  	-0.013581 
2804.618386  	-0.013368 
2806.050044  	-0.013288 
2807.481703  	-0.013300 
2808.913361  	-0.013297 
2810.345019  	-0.013360 
2811.776677  	-0.013334 
2813.208335  	-0.013224 
2814.639993  	-0.013460 
2816.071652  	-0.013641 
2817.503310  	-0.013471 
2818.934968  	-0.013444 
2820.366626  	-0.013439 
2821.798284  	-0.013290 
2823.229943  	-0.013183 
2824.661601  	-0.013130 
2826.093259  	-0.013235 
2827.524917  	-0.013174 
2828.956575  	-0.012918 
2830.388233  	-0.013021 
2831.819892  	-0.013010 
2833.251550  	-0.012679 
2834.683208  	-0.012636 
2836.114866  	-0.012569 
2837.546524  	-0.012364 
2838.978183  	-0.012352 
2840.409841  	-0.012187 
2841.841499  	-0.011749 
2843.273157  	-0.011264 
2844.704815  	-0.010880 
2846.136474  	-0.010578 
2847.568132  	-0.010046 
2848.999790  	-0.009439 
2850.431448  	-0.008956 
2851.863106  	-0.008474 
2853.294764  	-0.008234 
2854.726423  	-0.008090 
2856.158081  	-0.007691 
2857.589739  	-0.007196 
2859.021397  	-0.006545 
2860.453055  	-0.005773 
2861.884714  	-0.004939 
2863.316372  	-0.003686 
2864.748030  	-0.002042 
2866.179688  	-0.000166 
2867.611346  	0.001780 
2869.043005  	0.003540 
2870.474663  	0.005219 
2871.906321  	0.006428 
2873.337979  	0.006662 
2874.769637  	0.006298 
2876.201295  	0.005589 
2877.632954  	0.004530 
2879.064612  	0.003254 
2880.496270  	0.001857 
2881.927928  	0.000673 
2883.359586  	-0.000177 
2884.791245  	-0.000670 
2886.222903  	-0.000610 
2887.654561  	-0.000440 
2889.086219  	-0.000359 
2890.517877  	-0.000133 
2891.949535  	-0.000076 
2893.381194  	-0.000132 
2894.812852  	-0.000218 
2896.244510  	-0.000569 
2897.676168  	-0.000795 
2899.107826  	-0.000893 
2900.539485  	-0.001048 
2901.971143  	-0.000904 
2903.402801  	-0.000680 
2904.834459  	-0.000362 
2906.266117  	0.000431 
2907.697776  	0.001314 
2909.129434  	0.002089 
2910.561092  	0.002633 
2911.992750  	0.002822 
2913.424408  	0.003151 
2914.856066  	0.003478 
2916.287725  	0.003487 
2917.719383  	0.003588 
2919.151041  	0.003892 
2920.582699  	0.004509 
2922.014357  	0.005447 
2923.446016  	0.006317 
2924.877674  	0.007341 
2926.309332  	0.008705 
2927.740990  	0.010124 
2929.172648  	0.011447 
2930.604306  	0.012458 
2932.035965  	0.013218 
2933.467623  	0.013776 
2934.899281  	0.013785 
2936.330939  	0.013470 
2937.762597  	0.013162 
2939.194256  	0.012631 
2940.625914  	0.011939 
2942.057572  	0.011432 
2943.489230  	0.011194 
2944.920888  	0.010955 
2946.352547  	0.010657 
2947.784205  	0.010816 
2949.215863  	0.011433 
2950.647521  	0.012092 
2952.079179  	0.013186 
2953.510837  	0.015256 
2954.942496  	0.018039 
2956.374154  	0.021026 
2957.805812  	0.024585 
2959.237470  	0.029236 
2960.669128  	0.034133 
2962.100787  	0.038500 
2963.532445  	0.042465 
2964.964103  	0.045864 
2966.395761  	0.048390 
2967.827419  	0.049497 
2969.259078  	0.048915 
2970.690736  	0.047530 
2972.122394  	0.045608 
2973.554052  	0.042575 
2974.985710  	0.038974 
2976.417368  	0.035382 
2977.849027  	0.031500 
2979.280685  	0.027548 
2980.712343  	0.023792 
2982.144001  	0.020023 
2983.575659  	0.016459 
2985.007318  	0.013321 
2986.438976  	0.010424 
2987.870634  	0.007755 
2989.302292  	0.005510 
2990.733950  	0.003508 
2992.165608  	0.001404 
2993.597267  	-0.000564 
2995.028925  	-0.002218 
2996.460583  	-0.003761 
2997.892241  	-0.005021 
2999.323899  	-0.006015 
3000.755558  	-0.007012 
3002.187216  	-0.007940 
3003.618874  	-0.008842 
3005.050532  	-0.009645 
3006.482190  	-0.010255 
3007.913849  	-0.010925 
3009.345507  	-0.011429 
3010.777165  	-0.011623 
3012.208823  	-0.012009 
3013.640481  	-0.012663 
3015.072139  	-0.013109 
3016.503798  	-0.013006 
3017.935456  	-0.012700 
3019.367114  	-0.012735 
3020.798772  	-0.012845 
3022.230430  	-0.012746 
3023.662089  	-0.012473 
3025.093747  	-0.012011 
3026.525405  	-0.011613 
3027.957063  	-0.011153 
3029.388721  	-0.010455 
3030.820380  	-0.009819 
3032.252038  	-0.008982 
3033.683696  	-0.007931 
3035.115354  	-0.007058 
3036.547012  	-0.006087 
3037.978670  	-0.005123 
3039.410329  	-0.004420 
3040.841987  	-0.004013 
3042.273645  	-0.004233 
3043.705303  	-0.004660 
3045.136961  	-0.004894 
3046.568620  	-0.005277 
3048.000278  	-0.005629 
3049.431936  	-0.005978 
3050.863594  	-0.006355 
3052.295252  	-0.006181 
3053.726910  	-0.005746 
3055.158569  	-0.005442 
3056.590227  	-0.005157 
3058.021885  	-0.005098 
3059.453543  	-0.005166 
3060.885201  	-0.005347 
3062.316860  	-0.005601 
3063.748518  	-0.005704 
3065.180176  	-0.006312 
3066.611834  	-0.007218 
3068.043492  	-0.007548 
3069.475151  	-0.007919 
3070.906809  	-0.008381 
3072.338467  	-0.008527 
3073.770125  	-0.008911 
3075.201783  	-0.009314 
3076.633441  	-0.009478 
3078.065100  	-0.009774 
3079.496758  	-0.010120 
3080.928416  	-0.010541 
3082.360074  	-0.010846 
3083.791732  	-0.011037 
3085.223391  	-0.011545 
3086.655049  	-0.011752 
3088.086707  	-0.011665 
3089.518365  	-0.012095 
3090.950023  	-0.012519 
3092.381682  	-0.012761 
3093.813340  	-0.013137 
3095.244998  	-0.013268 
3096.676656  	-0.013319 
3098.108314  	-0.013390 
3099.539972  	-0.013322 
3100.971631  	-0.013477 
3102.403289  	-0.013663 
3103.834947  	-0.013505 
3105.266605  	-0.013266 
3106.698263  	-0.013315 
3108.129922  	-0.013503 
3109.561580  	-0.013257 
3110.993238  	-0.013145 
3112.424896  	-0.013631 
3113.856554  	-0.013580 
3115.288212  	-0.013199 
3116.719871  	-0.013379 
3118.151529  	-0.013534 
3119.583187  	-0.013720 
3121.014845  	-0.013989 
3122.446503  	-0.013919 
3123.878162  	-0.014157 
3125.309820  	-0.014584 
3126.741478  	-0.014716 
3128.173136  	-0.015035 
3129.604794  	-0.015324 
3131.036453  	-0.015461 
3132.468111  	-0.015652 
3133.899769  	-0.015446 
3135.331427  	-0.015131 
3136.763085  	-0.015147 
3138.194743  	-0.015285 
3139.626402  	-0.015698 
3141.058060  	-0.016204 
3142.489718  	-0.016342 
3143.921376  	-0.016250 
3145.353034  	-0.016096 
3146.784693  	-0.015903 
3148.216351  	-0.015769 
3149.648009  	-0.015849 
3151.079667  	-0.016021 
3152.511325  	-0.016109 
3153.942983  	-0.016431 
3155.374642  	-0.016742 
3156.806300  	-0.016626 
3158.237958  	-0.016661 
3159.669616  	-0.016722 
3161.101274  	-0.016399 
3162.532933  	-0.016347 
3163.964591  	-0.016509 
3165.396249  	-0.016432 
3166.827907  	-0.016380 
3168.259565  	-0.016297 
3169.691224  	-0.016079 
3171.122882  	-0.016034 
3172.554540  	-0.016318 
3173.986198  	-0.016518 
3175.417856  	-0.016261 
3176.849514  	-0.016205 
3178.281173  	-0.016450 
3179.712831  	-0.016199 
3181.144489  	-0.015994 
3182.576147  	-0.016280 
3184.007805  	-0.016503 
3185.439464  	-0.016734 
3186.871122  	-0.016738 
3188.302780  	-0.016338 
3189.734438  	-0.016223 
3191.166096  	-0.016232 
3192.597755  	-0.016011 
3194.029413  	-0.015895 
3195.461071  	-0.015978 
3196.892729  	-0.016195 
3198.324387  	-0.016345 
3199.756045  	-0.016411 
3201.187704  	-0.016563 
3202.619362  	-0.016574 
3204.051020  	-0.016622 
3205.482678  	-0.016713 
3206.914336  	-0.016346 
3208.345995  	-0.016027 
3209.777653  	-0.016136 
3211.209311  	-0.016341 
3212.640969  	-0.016637 
3214.072627  	-0.016691 
3215.504285  	-0.016463 
3216.935944  	-0.016448 
3218.367602  	-0.016446 
3219.799260  	-0.016533 
3221.230918  	-0.016886 
3222.662576  	-0.016885 
3224.094235  	-0.016473 
3225.525893  	-0.016230 
3226.957551  	-0.016437 
3228.389209  	-0.016724 
3229.820867  	-0.016596 
3231.252526  	-0.016632 
3232.684184  	-0.017142 
3234.115842  	-0.017269 
3235.547500  	-0.016981 
3236.979158  	-0.016816 
3238.410816  	-0.016738 
3239.842475  	-0.016808 
3241.274133  	-0.017054 
3242.705791  	-0.017071 
3244.137449  	-0.016773 
3245.569107  	-0.016726 
3247.000766  	-0.016893 
3248.432424  	-0.016631 
3249.864082  	-0.016454 
3251.295740  	-0.016762 
3252.727398  	-0.016882 
3254.159057  	-0.016959 
3255.590715  	-0.017038 
3257.022373  	-0.016832 
3258.454031  	-0.017027 
3259.885689  	-0.017258 
3261.317347  	-0.016900 
3262.749006  	-0.016809 
3264.180664  	-0.016919 
3265.612322  	-0.016812 
3267.043980  	-0.016844 
3268.475638  	-0.016724 
3269.907297  	-0.016481 
3271.338955  	-0.016388 
3272.770613  	-0.016283 
3274.202271  	-0.016604 
3275.633929  	-0.017179 
3277.065587  	-0.017202 
3278.497246  	-0.016901 
3279.928904  	-0.016585 
3281.360562  	-0.016345 
3282.792220  	-0.016317 
3284.223878  	-0.016306 
3285.655537  	-0.016307 
3287.087195  	-0.016234 
3288.518853  	-0.016167 
3289.950511  	-0.016716 
3291.382169  	-0.017362 
3292.813828  	-0.017075 
3294.245486  	-0.016455 
3295.677144  	-0.016500 
3297.108802  	-0.016884 
3298.540460  	-0.016967 
3299.972118  	-0.016932 
3301.403777  	-0.016937 
3302.835435  	-0.016806 
3304.267093  	-0.016783 
3305.698751  	-0.016806 
3307.130409  	-0.016594 
3308.562068  	-0.016540 
3309.993726  	-0.016735 
3311.425384  	-0.016936 
3312.857042  	-0.017057 
3314.288700  	-0.016831 
3315.720359  	-0.016485 
3317.152017  	-0.016323 
3318.583675  	-0.016310 
3320.015333  	-0.016698 
3321.446991  	-0.017095 
3322.878649  	-0.017043 
3324.310308  	-0.016979 
3325.741966  	-0.016919 
3327.173624  	-0.016889 
3328.605282  	-0.017008 
3330.036940  	-0.016844 
3331.468599  	-0.016721 
3332.900257  	-0.016840 
3334.331915  	-0.016669 
3335.763573  	-0.016539 
3337.195231  	-0.016707 
3338.626889  	-0.016885 
3340.058548  	-0.016994 
3341.490206  	-0.016879 
3342.921864  	-0.016870 
3344.353522  	-0.017115 
3345.785180  	-0.017134 
3347.216839  	-0.017121 
3348.648497  	-0.017124 
3350.080155  	-0.016977 
3351.511813  	-0.017091 
3352.943471  	-0.017257 
3354.375130  	-0.017188 
3355.806788  	-0.017068 
3357.238446  	-0.016886 
3358.670104  	-0.017029 
3360.101762  	-0.017380 
3361.533420  	-0.017261 
3362.965079  	-0.017114 
3364.396737  	-0.017321 
3365.828395  	-0.017444 
3367.260053  	-0.017279 
3368.691711  	-0.016917 
3370.123370  	-0.016702 
3371.555028  	-0.016700 
3372.986686  	-0.016710 
3374.418344  	-0.016822 
3375.850002  	-0.016924 
3377.281660  	-0.017070 
3378.713319  	-0.017321 
3380.144977  	-0.017264 
3381.576635  	-0.017143 
3383.008293  	-0.017059 
3384.439951  	-0.016643 
3385.871610  	-0.016530 
3387.303268  	-0.016880 
3388.734926  	-0.017041 
3390.166584  	-0.017078 
3391.598242  	-0.017011 
3393.029901  	-0.016998 
3394.461559  	-0.017348 
3395.893217  	-0.017531 
3397.324875  	-0.017360 
3398.756533  	-0.017176 
3400.188191  	-0.017002 
3401.619850  	-0.016951 
3403.051508  	-0.017170 
3404.483166  	-0.017435 
3405.914824  	-0.017272 
3407.346482  	-0.016909 
3408.778141  	-0.017107 
3410.209799  	-0.017413 
3411.641457  	-0.017349 
3413.073115  	-0.017330 
3414.504773  	-0.017063 
3415.936432  	-0.016796 
3417.368090  	-0.017144 
3418.799748  	-0.017198 
3420.231406  	-0.016876 
3421.663064  	-0.017071 
3423.094722  	-0.017367 
3424.526381  	-0.017348 
3425.958039  	-0.017179 
3427.389697  	-0.016979 
3428.821355  	-0.016970 
3430.253013  	-0.017038 
3431.684672  	-0.017033 
3433.116330  	-0.017027 
3434.547988  	-0.017083 
3435.979646  	-0.017184 
3437.411304  	-0.017095 
3438.842962  	-0.017099 
3440.274621  	-0.017295 
3441.706279  	-0.017046 
3443.137937  	-0.016759 
3444.569595  	-0.016862 
3446.001253  	-0.016833 
3447.432912  	-0.016845 
3448.864570  	-0.016880 
3450.296228  	-0.016737 
3451.727886  	-0.016674 
3453.159544  	-0.016544 
3454.591203  	-0.016801 
3456.022861  	-0.017290 
3457.454519  	-0.016935 
3458.886177  	-0.016745 
3460.317835  	-0.017207 
3461.749493  	-0.017128 
3463.181152  	-0.016961 
3464.612810  	-0.016860 
3466.044468  	-0.016404 
3467.476126  	-0.016354 
3468.907784  	-0.016531 
3470.339443  	-0.016624 
3471.771101  	-0.016820 
3473.202759  	-0.016569 
3474.634417  	-0.016335 
3476.066075  	-0.016546 
3477.497734  	-0.016538 
3478.929392  	-0.016553 
3480.361050  	-0.016620 
3481.792708  	-0.016327 
3483.224366  	-0.016121 
3484.656024  	-0.016271 
3486.087683  	-0.016643 
3487.519341  	-0.016826 
3488.950999  	-0.016674 
3490.382657  	-0.016841 
3491.814315  	-0.017037 
3493.245974  	-0.016867 
3494.677632  	-0.016702 
3496.109290  	-0.016300 
3497.540948  	-0.015917 
3498.972606  	-0.016064 
3500.404264  	-0.016238 
3501.835923  	-0.016269 
3503.267581  	-0.016045 
3504.699239  	-0.015759 
3506.130897  	-0.016092 
3507.562555  	-0.016343 
3508.994214  	-0.016041 
3510.425872  	-0.015799 
3511.857530  	-0.015811 
3513.289188  	-0.016087 
3514.720846  	-0.016152 
3516.152505  	-0.015666 
3517.584163  	-0.015482 
3519.015821  	-0.015469 
3520.447479  	-0.015166 
3521.879137  	-0.015189 
3523.310795  	-0.015391 
3524.742454  	-0.015422 
3526.174112  	-0.015328 
3527.605770  	-0.014899 
3529.037428  	-0.014685 
3530.469086  	-0.014926 
3531.900745  	-0.015103 
3533.332403  	-0.015306 
3534.764061  	-0.015370 
3536.195719  	-0.015312 
3537.627377  	-0.015489 
3539.059035  	-0.015446 
3540.490694  	-0.015303 
3541.922352  	-0.015533 
3543.354010  	-0.015638 
3544.785668  	-0.015418 
3546.217326  	-0.015201 
3547.648985  	-0.015047 
3549.080643  	-0.015122 
3550.512301  	-0.015397 
3551.943959  	-0.015582 
3553.375617  	-0.015549 
3554.807276  	-0.015491 
3556.238934  	-0.015501 
3557.670592  	-0.015520 
3559.102250  	-0.015708 
3560.533908  	-0.015931 
3561.965566  	-0.015717 
3563.397225  	-0.015273 
3564.828883  	-0.015030 
3566.260541  	-0.014996 
3567.692199  	-0.015030 
3569.123857  	-0.015226 
3570.555516  	-0.015735 
3571.987174  	-0.016024 
3573.418832  	-0.015809 
3574.850490  	-0.015812 
3576.282148  	-0.016050 
3577.713807  	-0.016028 
3579.145465  	-0.016013 
3580.577123  	-0.016002 
3582.008781  	-0.016129 
3583.440439  	-0.016527 
3584.872097  	-0.016626 
3586.303756  	-0.016434 
3587.735414  	-0.016167 
3589.167072  	-0.016085 
3590.598730  	-0.016513 
3592.030388  	-0.016601 
3593.462047  	-0.016347 
3594.893705  	-0.016685 
3596.325363  	-0.017002 
3597.757021  	-0.016882 
3599.188679  	-0.016973 
3600.620337  	-0.017043 
3602.051996  	-0.017022 
3603.483654  	-0.017004 
3604.915312  	-0.016975 
3606.346970  	-0.017143 
3607.778628  	-0.016934 
3609.210287  	-0.016334 
3610.641945  	-0.016424 
3612.073603  	-0.016490 
3613.505261  	-0.016345 
3614.936919  	-0.016659 
3616.368578  	-0.016887 
3617.800236  	-0.016938 
3619.231894  	-0.016950 
3620.663552  	-0.016817 
3622.095210  	-0.016911 
3623.526868  	-0.016943 
3624.958527  	-0.016889 
3626.390185  	-0.016956 
3627.821843  	-0.016229 
3629.253501  	-0.014533 
3630.685159  	-0.015465 
3632.116818  	-0.016722 
3633.548476  	-0.016927 
3634.980134  	-0.017241 
3636.411792  	-0.017340 
3637.843450  	-0.016765 
3639.275109  	-0.016816 
3640.706767  	-0.017145 
3642.138425  	-0.016396 
3643.570083  	-0.016152 
3645.001741  	-0.016698 
3646.433399  	-0.016027 
3647.865058  	-0.015142 
3649.296716  	-0.015590 
3650.728374  	-0.015147 
3652.160032  	-0.015730 
3653.591690  	-0.017072 
3655.023349  	-0.017060 
3656.455007  	-0.016138 
3657.886665  	-0.016092 
3659.318323  	-0.016645 
3660.749981  	-0.016713 
3662.181639  	-0.016345 
3663.613298  	-0.016423 
3665.044956  	-0.016507 
3666.476614  	-0.015996 
3667.908272  	-0.015694 
3669.339930  	-0.014958 
3670.771589  	-0.013414 
3672.203247  	-0.014523 
3673.634905  	-0.015556 
3675.066563  	-0.014096 
3676.498221  	-0.013105 
3677.929880  	-0.015310 
3679.361538  	-0.016224 
3680.793196  	-0.016435 
3682.224854  	-0.016511 
3683.656512  	-0.016256 
3685.088170  	-0.016190 
3686.519829  	-0.016371 
3687.951487  	-0.015719 
3689.383145  	-0.014841 
3690.814803  	-0.015490 
3692.246461  	-0.016191 
3693.678120  	-0.016813 
3695.109778  	-0.017325 
3696.541436  	-0.017176 
3697.973094  	-0.017282 
3699.404752  	-0.017817 
3700.836411  	-0.017585 
3702.268069  	-0.017125 
3703.699727  	-0.017386 
3705.131385  	-0.017652 
3706.563043  	-0.017655 
3707.994701  	-0.017338 
3709.426360  	-0.017160 
3710.858018  	-0.017111 
3712.289676  	-0.016356 
3713.721334  	-0.016559 
3715.152992  	-0.017489 
3716.584651  	-0.017548 
3718.016309  	-0.017559 
3719.447967  	-0.017883 
3720.879625  	-0.017707 
3722.311283  	-0.017374 
3723.742941  	-0.017323 
3725.174600  	-0.017448 
3726.606258  	-0.017458 
3728.037916  	-0.017574 
3729.469574  	-0.018108 
3730.901232  	-0.017857 
3732.332891  	-0.016704 
3733.764549  	-0.016884 
3735.196207  	-0.016831 
3736.627865  	-0.015956 
3738.059523  	-0.016983 
3739.491182  	-0.017225 
3740.922840  	-0.016968 
3742.354498  	-0.017500 
3743.786156  	-0.016585 
3745.217814  	-0.014630 
3746.649472  	-0.016589 
3748.081131  	-0.016987 
3749.512789  	-0.016038 
3750.944447  	-0.016117 
3752.376105  	-0.016328 
3753.807763  	-0.016793 
3755.239422  	-0.017470 
3756.671080  	-0.017404 
3758.102738  	-0.017265 
3759.534396  	-0.017382 
3760.966054  	-0.017476 
3762.397712  	-0.017867 
3763.829371  	-0.017912 
3765.261029  	-0.017488 
3766.692687  	-0.017512 
3768.124345  	-0.017555 
3769.556003  	-0.017046 
3770.987662  	-0.016945 
3772.419320  	-0.017448 
3773.850978  	-0.017755 
3775.282636  	-0.017851 
3776.714294  	-0.017814 
3778.145953  	-0.017646 
3779.577611  	-0.017307 
3781.009269  	-0.017258 
3782.440927  	-0.017634 
3783.872585  	-0.017853 
3785.304243  	-0.017977 
3786.735902  	-0.018064 
3788.167560  	-0.017904 
3789.599218  	-0.017984 
3791.030876  	-0.018109 
3792.462534  	-0.017752 
3793.894193  	-0.017844 
3795.325851  	-0.018126 
3796.757509  	-0.017492 
3798.189167  	-0.017343 
3799.620825  	-0.017460 
3801.052484  	-0.015849 
3802.484142  	-0.014734 
3803.915800  	-0.016690 
3805.347458  	-0.017524 
3806.779116  	-0.017273 
3808.210774  	-0.017423 
3809.642433  	-0.017825 
3811.074091  	-0.017743 
3812.505749  	-0.017765 
3813.937407  	-0.018002 
3815.369065  	-0.017010 
3816.800724  	-0.015406 
3818.232382  	-0.016693 
3819.664040  	-0.017509 
3821.095698  	-0.016433 
3822.527356  	-0.016587 
3823.959014  	-0.017763 
3825.390673  	-0.017689 
3826.822331  	-0.017246 
3828.253989  	-0.017404 
3829.685647  	-0.017711 
3831.117305  	-0.017440 
3832.548964  	-0.016734 
3833.980622  	-0.016462 
3835.412280  	-0.016526 
3836.843938  	-0.016886 
3838.275596  	-0.017290 
3839.707255  	-0.016960 
3841.138913  	-0.017049 
3842.570571  	-0.017518 
3844.002229  	-0.017112 
3845.433887  	-0.016908 
3846.865545  	-0.017513 
3848.297204  	-0.017606 
3849.728862  	-0.017412 
3851.160520  	-0.017407 
3852.592178  	-0.016207 
3854.023836  	-0.014004 
3855.455495  	-0.015483 
3856.887153  	-0.016672 
3858.318811  	-0.017160 
3859.750469  	-0.017595 
3861.182127  	-0.017442 
3862.613786  	-0.017211 
3864.045444  	-0.017178 
3865.477102  	-0.016478 
3866.908760  	-0.016632 
3868.340418  	-0.017094 
3869.772076  	-0.016144 
3871.203735  	-0.016475 
3872.635393  	-0.017850 
3874.067051  	-0.017154 
3875.498709  	-0.016457 
3876.930367  	-0.017311 
3878.362026  	-0.017290 
3879.793684  	-0.016232 
3881.225342  	-0.015406 
3882.657000  	-0.016161 
3884.088658  	-0.017100 
3885.520316  	-0.016329 
3886.951975  	-0.015851 
3888.383633  	-0.017519 
3889.815291  	-0.017962 
3891.246949  	-0.017149 
3892.678607  	-0.017009 
3894.110266  	-0.016967 
3895.541924  	-0.016793 
3896.973582  	-0.016943 
3898.405240  	-0.016946 
3899.836898  	-0.016795 
3901.268557  	-0.016388 
3902.700215  	-0.015727 
3904.131873  	-0.015519 
3905.563531  	-0.015892 
3906.995189  	-0.016637 
3908.426847  	-0.017395 
3909.858506  	-0.017513 
3911.290164  	-0.017281 
3912.721822  	-0.017437 
3914.153480  	-0.017581 
3915.585138  	-0.017191 
3917.016797  	-0.016681 
3918.448455  	-0.016604 
3919.880113  	-0.016596 
3921.311771  	-0.016707 
3922.743429  	-0.017116 
3924.175088  	-0.017143 
3925.606746  	-0.016724 
3927.038404  	-0.016603 
3928.470062  	-0.016743 
3929.901720  	-0.017064 
3931.333378  	-0.017438 
3932.765037  	-0.017452 
3934.196695  	-0.017303 
3935.628353  	-0.017324 
3937.060011  	-0.017412 
3938.491669  	-0.017396 
3939.923328  	-0.017203 
3941.354986  	-0.016891 
3942.786644  	-0.016561 
3944.218302  	-0.016718 
3945.649960  	-0.017298 
3947.081618  	-0.017563 
3948.513277  	-0.017578 
3949.944935  	-0.017478 
3951.376593  	-0.017085 
3952.808251  	-0.016909 
3954.239909  	-0.016923 
3955.671568  	-0.016725 
3957.103226  	-0.016769 
3958.534884  	-0.017002 
3959.966542  	-0.017029 
3961.398200  	-0.017033 
3962.829859  	-0.017079 
3964.261517  	-0.017193 
3965.693175  	-0.017020 
3967.124833  	-0.016479 
3968.556491  	-0.016500 
3969.988149  	-0.016880 
3971.419808  	-0.016868 
3972.851466  	-0.016923 
3974.283124  	-0.016974 
3975.714782  	-0.016891 
3977.146440  	-0.017167 
3978.578099  	-0.017464 
3980.009757  	-0.017505 
3981.441415  	-0.017432 
3982.873073  	-0.017137 
3984.304731  	-0.016824 
3985.736389  	-0.016720 
3987.168048  	-0.016843 
3988.599706  	-0.016952 
3990.031364  	-0.016700 
3991.463022  	-0.016495 
3992.894680  	-0.016611 
3994.326339  	-0.016825 
3995.757997  	-0.017237 
3997.189655  	-0.017366 
3998.621313  	-0.016947 
4000.052971  	-0.016774 
4001.484630  	-0.016951 
4002.916288  	-0.016949 
4004.347946  	-0.016799 
4005.779604  	-0.016952 
4007.211262  	-0.017285 
4008.642920  	-0.017017 
4010.074579  	-0.016626 
4011.506237  	-0.016878 
4012.937895  	-0.017046 
4014.369553  	-0.017110 
4015.801211  	-0.017226 
4017.232870  	-0.016964 
4018.664528  	-0.017095 
4020.096186  	-0.017384 
4021.527844  	-0.016967 
4022.959502  	-0.016954 
4024.391161  	-0.017209 
4025.822819  	-0.016915 
4027.254477  	-0.017026 
4028.686135  	-0.017278 
4030.117793  	-0.017008 
4031.549451  	-0.016863 
4032.981110  	-0.016813 
4034.412768  	-0.016822 
4035.844426  	-0.017053 
4037.276084  	-0.017070 
4038.707742  	-0.016954 
4040.139401  	-0.016909 
4041.571059  	-0.016939 
4043.002717  	-0.017044 
4044.434375  	-0.016792 
4045.866033  	-0.016305 
4047.297691  	-0.016088 
4048.729350  	-0.016167 
4050.161008  	-0.016532 
4051.592666  	-0.016647 
4053.024324  	-0.016145 
4054.455982  	-0.015703 
4055.887641  	-0.015693 
4057.319299  	-0.015939 
4058.750957  	-0.016131 
4060.182615  	-0.016064 
4061.614273  	-0.016110 
4063.045932  	-0.016240 
4064.477590  	-0.016075 
4065.909248  	-0.015758 
4067.340906  	-0.015367 
4068.772564  	-0.015067 
4070.204222  	-0.015146 
4071.635881  	-0.015493 
4073.067539  	-0.015807 
4074.499197  	-0.015612 
4075.930855  	-0.015164 
4077.362513  	-0.015289 
4078.794172  	-0.015627 
4080.225830  	-0.015713 
4081.657488  	-0.015710 
4083.089146  	-0.015494 
4084.520804  	-0.015424 
4085.952463  	-0.015805 
4087.384121  	-0.016155 
4088.815779  	-0.016340 
4090.247437  	-0.016361 
4091.679095  	-0.016258 
4093.110753  	-0.016238 
4094.542412  	-0.016159 
4095.974070  	-0.016249 
4097.405728  	-0.016468 
4098.837386  	-0.016173 
4100.269044  	-0.015985 
4101.700703  	-0.016629 
4103.132361  	-0.017311 
4104.564019  	-0.017337 
4105.995677  	-0.016829 
4107.427335  	-0.016398 
4108.858993  	-0.016527 
4110.290652  	-0.016787 
4111.722310  	-0.016876 
4113.153968  	-0.017052 
4114.585626  	-0.017084 
4116.017284  	-0.016687 
4117.448943  	-0.016512 
4118.880601  	-0.017063 
4120.312259  	-0.017333 
4121.743917  	-0.016737 
4123.175575  	-0.016544 
4124.607234  	-0.017150 
4126.038892  	-0.017553 
4127.470550  	-0.017563 
4128.902208  	-0.017404 
4130.333866  	-0.017265 
4131.765524  	-0.017408 
4133.197183  	-0.017520 
4134.628841  	-0.017392 
4136.060499  	-0.017161 
4137.492157  	-0.016907 
4138.923815  	-0.016911 
4140.355474  	-0.017053 
4141.787132  	-0.017099 
4143.218790  	-0.017231 
4144.650448  	-0.017153 
4146.082106  	-0.016818 
4147.513764  	-0.016847 
4148.945423  	-0.017125 
4150.377081  	-0.017154 
4151.808739  	-0.016946 
4153.240397  	-0.016818 
4154.672055  	-0.017021 
4156.103714  	-0.017167 
4157.535372  	-0.016991 
4158.967030  	-0.017071 
4160.398688  	-0.017413 
4161.830346  	-0.017290 
4163.262005  	-0.016936 
4164.693663  	-0.017085 
4166.125321  	-0.017326 
4167.556979  	-0.017078 
4168.988637  	-0.016862 
4170.420295  	-0.016839 
4171.851954  	-0.016661 
4173.283612  	-0.016751 
4174.715270  	-0.017055 
4176.146928  	-0.016815 
4177.578586  	-0.016251 
4179.010245  	-0.016085 
4180.441903  	-0.016461 
4181.873561  	-0.016893 
4183.305219  	-0.016858 
4184.736877  	-0.016680 
4186.168536  	-0.016677 
4187.600194  	-0.016669 
4189.031852  	-0.016775 
4190.463510  	-0.016958 
4191.895168  	-0.017002 
4193.326826  	-0.016948 
4194.758485  	-0.016843 
4196.190143  	-0.016979 
4197.621801  	-0.017175 
4199.053459  	-0.016863 
4200.485117  	-0.016642 
4201.916776  	-0.016910 
4203.348434  	-0.017036 
4204.780092  	-0.016913 
4206.211750  	-0.016556 
4207.643408  	-0.016261 
4209.075066  	-0.016681 
4210.506725  	-0.017015 
4211.938383  	-0.016625 
4213.370041  	-0.016446 
4214.801699  	-0.016645 
4216.233357  	-0.016861 
4217.665016  	-0.017199 
4219.096674  	-0.017218 
4220.528332  	-0.016803 
4221.959990  	-0.016564 
4223.391648  	-0.016462 
4224.823307  	-0.016416 
4226.254965  	-0.016779 
4227.686623  	-0.017214 
4229.118281  	-0.017177 
4230.549939  	-0.016954 
4231.981597  	-0.016855 
4233.413256  	-0.016684 
4234.844914  	-0.016480 
4236.276572  	-0.016499 
4237.708230  	-0.016681 
4239.139888  	-0.016800 
4240.571547  	-0.016779 
4242.003205  	-0.016761 
4243.434863  	-0.016848 
4244.866521  	-0.016895 
4246.298179  	-0.016809 
4247.729838  	-0.016637 
4249.161496  	-0.016643 
4250.593154  	-0.017149 
4252.024812  	-0.017552 
4253.456470  	-0.017154 
4254.888128  	-0.016725 
4256.319787  	-0.016906 
4257.751445  	-0.017114 
4259.183103  	-0.017148 
4260.614761  	-0.017222 
4262.046419  	-0.017226 
4263.478078  	-0.017137 
4264.909736  	-0.016918 
4266.341394  	-0.016641 
4267.773052  	-0.016670 
4269.204710  	-0.016928 
4270.636368  	-0.017150 
4272.068027  	-0.017354 
4273.499685  	-0.017350 
4274.931343  	-0.017075 
4276.363001  	-0.016835 
4277.794659  	-0.016794 
4279.226318  	-0.016991 
4280.657976  	-0.017161 
4282.089634  	-0.017101 
4283.521292  	-0.017194 
4284.952950  	-0.017245 
4286.384609  	-0.016843 
4287.816267  	-0.016564 
4289.247925  	-0.016611 
4290.679583  	-0.016700 
4292.111241  	-0.016947 
4293.542899  	-0.017022 
4294.974558  	-0.016894 
4296.406216  	-0.017101 
4297.837874  	-0.017205 
4299.269532  	-0.016880 
4300.701190  	-0.016625 
4302.132849  	-0.016590 
4303.564507  	-0.016695 
4304.996165  	-0.016663 
4306.427823  	-0.016505 
4307.859481  	-0.016704 
4309.291140  	-0.016698 
4310.722798  	-0.016276 
4312.154456  	-0.016581 
4313.586114  	-0.017310 
4315.017772  	-0.017320 
4316.449430  	-0.016939 
4317.881089  	-0.016785 
4319.312747  	-0.016830 
4320.744405  	-0.016786 
4322.176063  	-0.016694 
4323.607721  	-0.016945 
4325.039380  	-0.017128 
4326.471038  	-0.016659 
4327.902696  	-0.016076 
4329.334354  	-0.016162 
4330.766012  	-0.016776 
4332.197670  	-0.016852 
4333.629329  	-0.016332 
4335.060987  	-0.016496 
4336.492645  	-0.017046 
4337.924303  	-0.016953 
4339.355961  	-0.016830 
4340.787620  	-0.017064 
4342.219278  	-0.017269 
4343.650936  	-0.017180 
4345.082594  	-0.016631 
4346.514252  	-0.016360 
4347.945911  	-0.016704 
4349.377569  	-0.016785 
4350.809227  	-0.016665 
4352.240885  	-0.016758 
4353.672543  	-0.016833 
4355.104201  	-0.016937 
4356.535860  	-0.016915 
4357.967518  	-0.016753 
4359.399176  	-0.016866 
4360.830834  	-0.017007 
4362.262492  	-0.016982 
4363.694151  	-0.016903 
4365.125809  	-0.016697 
4366.557467  	-0.016698 
4367.989125  	-0.016926 
4369.420783  	-0.016963 
4370.852441  	-0.016925 
4372.284100  	-0.016894 
4373.715758  	-0.016946 
4375.147416  	-0.017255 
4376.579074  	-0.017364 
4378.010732  	-0.017144 
4379.442391  	-0.017129 
4380.874049  	-0.017259 
4382.305707  	-0.017231 
4383.737365  	-0.017240 
4385.169023  	-0.017387 
4386.600682  	-0.017485 
4388.032340  	-0.017636 
4389.463998  	-0.017726 
4390.895656  	-0.017250 
4392.327314  	-0.016873 
4393.758972  	-0.017267 
4395.190631  	-0.017376 
4396.622289  	-0.017168 
4398.053947  	-0.017569 
4399.485605  	-0.017643 
4400.917263  	-0.017097 
4402.348922  	-0.017150 
4403.780580  	-0.017436 
4405.212238  	-0.017310 
4406.643896  	-0.017352 
4408.075554  	-0.017540 
4409.507213  	-0.017323 
4410.938871  	-0.016860 
4412.370529  	-0.016714 
4413.802187  	-0.016852 
4415.233845  	-0.016844 
4416.665503  	-0.016889 
4418.097162  	-0.016999 
4419.528820  	-0.016852 
4420.960478  	-0.017019 
4422.392136  	-0.017454 
4423.823794  	-0.017338 
4425.255453  	-0.017205 
4426.687111  	-0.017359 
4428.118769  	-0.017039 
4429.550427  	-0.016572 
4430.982085  	-0.016595 
4432.413743  	-0.016885 
4433.845402  	-0.017123 
4435.277060  	-0.017086 
4436.708718  	-0.017024 
4438.140376  	-0.017239 
4439.572034  	-0.017417 
4441.003693  	-0.017653 
4442.435351  	-0.018000 
4443.867009  	-0.017960 
4445.298667  	-0.017938 
4446.730325  	-0.018141 
4448.161984  	-0.017858 
4449.593642  	-0.017601 
4451.025300  	-0.017966 
4452.456958  	-0.018026 
4453.888616  	-0.017661 
4455.320274  	-0.017812 
4456.751933  	-0.018268 
4458.183591  	-0.018269 
4459.615249  	-0.018040 
4461.046907  	-0.018028 
4462.478565  	-0.017952 
4463.910224  	-0.017723 
4465.341882  	-0.017698 
4466.773540  	-0.017644 
4468.205198  	-0.017515 
4469.636856  	-0.017850 
4471.068515  	-0.018202 
4472.500173  	-0.017926 
4473.931831  	-0.017487 
4475.363489  	-0.017339 
4476.795147  	-0.017431 
4478.226805  	-0.017614 
4479.658464  	-0.017774 
4481.090122  	-0.017940 
4482.521780  	-0.017891 
4483.953438  	-0.017627 
4485.385096  	-0.017771 
4486.816755  	-0.018132 
4488.248413  	-0.017823 
4489.680071  	-0.017209 
4491.111729  	-0.017472 
4492.543387  	-0.018310 
4493.975045  	-0.018212 
4495.406704  	-0.017396 
4496.838362  	-0.017315 
4498.270020  	-0.017681 
4499.701678  	-0.017671 
4501.133336  	-0.017496 
4502.564995  	-0.017105 
4503.996653  	-0.016763 
4505.428311  	-0.017171 
4506.859969  	-0.017841 
4508.291627  	-0.018002 
4509.723286  	-0.017813 
4511.154944  	-0.017788 
4512.586602  	-0.018116 
4514.018260  	-0.018334 
4515.449918  	-0.018283 
4516.881576  	-0.018398 
4518.313235  	-0.018512 
4519.744893  	-0.018365 
4521.176551  	-0.018294 
4522.608209  	-0.018303 
4524.039867  	-0.018140 
4525.471526  	-0.018023 
4526.903184  	-0.018139 
4528.334842  	-0.018092 
4529.766500  	-0.017865 
4531.198158  	-0.018045 
4532.629817  	-0.018210 
4534.061475  	-0.017924 
4535.493133  	-0.018028 
4536.924791  	-0.018276 
4538.356449  	-0.017905 
4539.788107  	-0.017799 
4541.219766  	-0.018130 
4542.651424  	-0.018025 
4544.083082  	-0.017773 
4545.514740  	-0.017823 
4546.946398  	-0.018190 
4548.378057  	-0.018792 
4549.809715  	-0.018917 
4551.241373  	-0.018374 
4552.673031  	-0.017958 
4554.104689  	-0.017938 
4555.536347  	-0.017959 
4556.968006  	-0.017879 
4558.399664  	-0.017844 
4559.831322  	-0.017884 
4561.262980  	-0.017842 
4562.694638  	-0.017775 
4564.126297  	-0.017825 
4565.557955  	-0.017974 
4566.989613  	-0.018104 
4568.421271  	-0.017934 
4569.852929  	-0.017544 
4571.284588  	-0.017511 
4572.716246  	-0.017953 
4574.147904  	-0.018232 
4575.579562  	-0.017905 
4577.011220  	-0.017575 
4578.442878  	-0.017743 
4579.874537  	-0.017648 
4581.306195  	-0.017225 
4582.737853  	-0.017482 
4584.169511  	-0.017941 
4585.601169  	-0.017673 
4587.032828  	-0.017467 
4588.464486  	-0.017834 
4589.896144  	-0.018062 
4591.327802  	-0.018060 
4592.759460  	-0.018093 
4594.191118  	-0.017872 
4595.622777  	-0.017677 
4597.054435  	-0.018063 
4598.486093  	-0.018415 
4599.917751  	-0.018200 
4601.349409  	-0.017813 
4602.781068  	-0.017339 
4604.212726  	-0.017043 
4605.644384  	-0.017441 
4607.076042  	-0.017960 
4608.507700  	-0.017969 
4609.939359  	-0.017825 
4611.371017  	-0.017913 
4612.802675  	-0.018174 
4614.234333  	-0.018255 
4615.665991  	-0.018093 
4617.097649  	-0.017951 
4618.529308  	-0.017763 
4619.960966  	-0.017706 
4621.392624  	-0.017919 
4622.824282  	-0.017697 
4624.255940  	-0.017189 
4625.687599  	-0.017342 
4627.119257  	-0.017773 
4628.550915  	-0.017627 
4629.982573  	-0.017035 
4631.414231  	-0.016649 
4632.845890  	-0.016831 
4634.277548  	-0.017094 
4635.709206  	-0.016921 
4637.140864  	-0.016808 
4638.572522  	-0.017245 
4640.004180  	-0.017802 
4641.435839  	-0.017982 
4642.867497  	-0.017951 
4644.299155  	-0.017936 
4645.730813  	-0.017858 
4647.162471  	-0.017810 
4648.594130  	-0.017856 
4650.025788  	-0.018026 
4651.457446  	-0.018465 
4652.889104  	-0.018593 
4654.320762  	-0.018004 
4655.752420  	-0.017608 
4657.184079  	-0.017704 
4658.615737  	-0.017619 
4660.047395  	-0.017312 
4661.479053  	-0.016940 
4662.910711  	-0.016768 
4664.342370  	-0.017216 
4665.774028  	-0.017658 
4667.205686  	-0.017495 
4668.637344  	-0.017339 
4670.069002  	-0.017452 
4671.500661  	-0.017423 
4672.932319  	-0.017464 
4674.363977  	-0.017983 
4675.795635  	-0.018403 
4677.227293  	-0.017960 
4678.658951  	-0.017232 
4680.090610  	-0.017096 
4681.522268  	-0.017296 
4682.953926  	-0.017671 
4684.385584  	-0.018379 
4685.817242  	-0.018615 
4687.248901  	-0.017841 
4688.680559  	-0.016991 
4690.112217  	-0.016962 
4691.543875  	-0.017576 
4692.975533  	-0.018241 
4694.407192  	-0.018520 
4695.838850  	-0.018174 
4697.270508  	-0.017437 
4698.702166  	-0.017240 
4700.133824  	-0.017885 
4701.565482  	-0.018290 
4702.997141  	-0.018091 
4704.428799  	-0.018121 
4705.860457  	-0.018267 
4707.292115  	-0.018041 
4708.723773  	-0.017867 
4710.155432  	-0.017996 
4711.587090  	-0.018203 
4713.018748  	-0.018235 
4714.450406  	-0.017935 
4715.882064  	-0.017814 
4717.313722  	-0.018212 
4718.745381  	-0.018673 
4720.177039  	-0.019043 
4721.608697  	-0.019124 
4723.040355  	-0.018618 
4724.472013  	-0.018179 
4725.903672  	-0.018224 
4727.335330  	-0.018452 
4728.766988  	-0.018751 
4730.198646  	-0.018628 
4731.630304  	-0.018133 
4733.061963  	-0.018290 
4734.493621  	-0.018758 
4735.925279  	-0.018734 
4737.356937  	-0.018646 
4738.788595  	-0.018465 
4740.220253  	-0.018062 
4741.651912  	-0.018033 
4743.083570  	-0.018082 
4744.515228  	-0.017826 
4745.946886  	-0.017791 
4747.378544  	-0.017927 
4748.810203  	-0.017968 
4750.241861  	-0.018090 
4751.673519  	-0.018184 
4753.105177  	-0.018278 
4754.536835  	-0.018469 
4755.968493  	-0.018391 
4757.400152  	-0.018031 
4758.831810  	-0.017740 
4760.263468  	-0.017791 
4761.695126  	-0.018213 
4763.126784  	-0.018383 
4764.558443  	-0.018082 
4765.990101  	-0.017961 
4767.421759  	-0.017988 
4768.853417  	-0.017861 
4770.285075  	-0.017711 
4771.716734  	-0.017460 
4773.148392  	-0.017525 
4774.580050  	-0.018240 
4776.011708  	-0.018615 
4777.443366  	-0.018203 
4778.875024  	-0.017633 
4780.306683  	-0.017264 
4781.738341  	-0.017392 
4783.169999  	-0.017780 
4784.601657  	-0.017828 
4786.033315  	-0.018030 
4787.464974  	-0.018564 
4788.896632  	-0.018653 
4790.328290  	-0.018582 
4791.759948  	-0.018927 
4793.191606  	-0.019163 
4794.623265  	-0.019051 
4796.054923  	-0.018899 
4797.486581  	-0.018517 
4798.918239  	-0.017937 
4800.349897  	-0.017752 
4801.781555  	-0.017899 
4803.213214  	-0.017987 
4804.644872  	-0.018219 
4806.076530  	-0.018450 
4807.508188  	-0.018336 
4808.939846  	-0.018280 
4810.371505  	-0.018271 
4811.803163  	-0.018034 
4813.234821  	-0.018213 
4814.666479  	-0.018674 
4816.098137  	-0.018372 
4817.529795  	-0.017800 
4818.961454  	-0.017978 
4820.393112  	-0.018467 
4821.824770  	-0.018665 
4823.256428  	-0.018618 
4824.688086  	-0.018438 
4826.119745  	-0.018357 
4827.551403  	-0.018316 
4828.983061  	-0.017972 
4830.414719  	-0.017757 
4831.846377  	-0.017995 
4833.278036  	-0.018073 
4834.709694  	-0.017994 
4836.141352  	-0.018271 
4837.573010  	-0.018664 
4839.004668  	-0.018906 
4840.436326  	-0.018850 
4841.867985  	-0.018265 
4843.299643  	-0.017715 
4844.731301  	-0.017945 
4846.162959  	-0.018491 
4847.594617  	-0.018353 
4849.026276  	-0.017784 
4850.457934  	-0.017923 
4851.889592  	-0.018370 
4853.321250  	-0.018093 
4854.752908  	-0.017927 
4856.184567  	-0.018424 
4857.616225  	-0.018638 
4859.047883  	-0.018543 
4860.479541  	-0.018524 
4861.911199  	-0.018270 
4863.342857  	-0.018001 
4864.774516  	-0.018199 
4866.206174  	-0.018689 
4867.637832  	-0.018995 
4869.069490  	-0.018855 
4870.501148  	-0.018603 
4871.932807  	-0.018781 
4873.364465  	-0.019229 
4874.796123  	-0.018978 
4876.227781  	-0.017997 
4877.659439  	-0.017953 
4879.091097  	-0.018949 
4880.522756  	-0.019035 
4881.954414  	-0.018272 
4883.386072  	-0.017890 
4884.817730  	-0.017777 
4886.249388  	-0.017980 
4887.681047  	-0.018347 
4889.112705  	-0.018219 
4890.544363  	-0.018239 
4891.976021  	-0.018652 
4893.407679  	-0.018514 
4894.839338  	-0.018241 
4896.270996  	-0.018481 
4897.702654  	-0.018490 
4899.134312  	-0.018303 
4900.565970  	-0.018650 
4901.997628  	-0.019017 
4903.429287  	-0.019144 
4904.860945  	-0.019384 
4906.292603  	-0.019062 
4907.724261  	-0.018463 
4909.155919  	-0.018771 
4910.587578  	-0.018884 
4912.019236  	-0.018008 
4913.450894  	-0.017555 
4914.882552  	-0.017736 
4916.314210  	-0.018163 
4917.745869  	-0.018829 
4919.177527  	-0.018748 
4920.609185  	-0.018257 
4922.040843  	-0.018565 
4923.472501  	-0.018991 
4924.904159  	-0.019177 
4926.335818  	-0.019454 
4927.767476  	-0.019333 
4929.199134  	-0.019056 
4930.630792  	-0.019014 
4932.062450  	-0.018568 
4933.494109  	-0.017825 
4934.925767  	-0.017732 
4936.357425  	-0.018511 
4937.789083  	-0.019386 
4939.220741  	-0.019496 
4940.652399  	-0.019053 
4942.084058  	-0.018930 
4943.515716  	-0.019216 
4944.947374  	-0.019227 
4946.379032  	-0.018838 
4947.810690  	-0.018601 
4949.242349  	-0.018699 
4950.674007  	-0.019056 
4952.105665  	-0.019329 
4953.537323  	-0.018842 
4954.968981  	-0.018082 
4956.400640  	-0.018096 
4957.832298  	-0.018592 
4959.263956  	-0.018872 
4960.695614  	-0.018737 
4962.127272  	-0.018421 
4963.558930  	-0.018348 
4964.990589  	-0.018196 
4966.422247  	-0.017697 
4967.853905  	-0.017470 
4969.285563  	-0.018002 
4970.717221  	-0.018989 
4972.148880  	-0.019136 
4973.580538  	-0.018255 
4975.012196  	-0.018032 
4976.443854  	-0.018258 
4977.875512  	-0.018142 
4979.307170  	-0.018742 
4980.738829  	-0.019333 
4982.170487  	-0.018886 
4983.602145  	-0.018617 
4985.033803  	-0.018490 
4986.465461  	-0.018361 
4987.897120  	-0.019099 
4989.328778  	-0.019679 
4990.760436  	-0.019392 
4992.192094  	-0.019140 
4993.623752  	-0.019065 
4995.055411  	-0.018966 
4996.487069  	-0.018747 
4997.918727  	-0.018539 
4999.350385  	-0.018600 
5000.782043  	-0.018434 
5002.213701  	-0.018211 
5003.645360  	-0.018469 
5005.077018  	-0.018788 
5006.508676  	-0.019036 
5007.940334  	-0.018759 
5009.371992  	-0.018081 
5010.803651  	-0.018625 
5012.235309  	-0.019426 
5013.666967  	-0.018746 
5015.098625  	-0.018152 
5016.530283  	-0.018320 
5017.961942  	-0.018627 
5019.393600  	-0.019632 
5020.825258  	-0.020115 
5022.256916  	-0.018897 
5023.688574  	-0.017949 
5025.120232  	-0.018238 
5026.551891  	-0.018685 
5027.983549  	-0.018968 
5029.415207  	-0.018996 
5030.846865  	-0.018747 
5032.278523  	-0.018863 
5033.710182  	-0.019117 
5035.141840  	-0.018685 
5036.573498  	-0.018169 
5038.005156  	-0.018305 
5039.436814  	-0.018490 
5040.868472  	-0.018660 
5042.300131  	-0.019036 
5043.731789  	-0.018845 
5045.163447  	-0.018480 
5046.595105  	-0.018984 
5048.026763  	-0.019359 
5049.458422  	-0.018842 
5050.890080  	-0.018421 
5052.321738  	-0.018330 
5053.753396  	-0.018236 
5055.185054  	-0.018366 
5056.616713  	-0.018558 
5058.048371  	-0.018659 
5059.480029  	-0.018876 
5060.911687  	-0.018779 
5062.343345  	-0.018402 
5063.775003  	-0.018665 
5065.206662  	-0.019074 
5066.638320  	-0.018631 
5068.069978  	-0.018174 
5069.501636  	-0.018335 
5070.933294  	-0.018486 
5072.364953  	-0.018555 
5073.796611  	-0.018645 
5075.228269  	-0.018641 
5076.659927  	-0.018898 
5078.091585  	-0.019408 
5079.523244  	-0.019633 
5080.954902  	-0.019007 
5082.386560  	-0.017672 
5083.818218  	-0.017140 
5085.249876  	-0.017761 
5086.681534  	-0.018137 
5088.113193  	-0.018261 
5089.544851  	-0.018504 
5090.976509  	-0.018476 
5092.408167  	-0.018665 
5093.839825  	-0.018857 
5095.271484  	-0.018423 
5096.703142  	-0.018219 
5098.134800  	-0.018414 
5099.566458  	-0.018845 
5100.998116  	-0.019497 
5102.429774  	-0.019017 
5103.861433  	-0.018354 
5105.293091  	-0.019495 
5106.724749  	-0.020092 
5108.156407  	-0.018815 
5109.588065  	-0.018283 
5111.019724  	-0.018880 
5112.451382  	-0.019023 
5113.883040  	-0.018639 
5115.314698  	-0.018715 
5116.746356  	-0.019345 
5118.178015  	-0.018770 
5119.609673  	-0.017384 
5121.041331  	-0.017883 
5122.472989  	-0.019055 
5123.904647  	-0.018718 
5125.336305  	-0.018307 
5126.767964  	-0.018602 
5128.199622  	-0.018760 
5129.631280  	-0.018560 
5131.062938  	-0.018447 
5132.494596  	-0.019351 
5133.926255  	-0.020308 
5135.357913  	-0.019566 
5136.789571  	-0.018496 
5138.221229  	-0.018604 
5139.652887  	-0.019181 
5141.084546  	-0.019548 
5142.516204  	-0.019203 
5143.947862  	-0.018493 
5145.379520  	-0.018565 
5146.811178  	-0.018924 
5148.242836  	-0.018710 
5149.674495  	-0.018549 
5151.106153  	-0.018735 
5152.537811  	-0.018480 
5153.969469  	-0.018016 
5155.401127  	-0.018470 
5156.832786  	-0.019066 
5158.264444  	-0.018394 
5159.696102  	-0.017457 
5161.127760  	-0.017378 
5162.559418  	-0.017921 
5163.991076  	-0.018548 
5165.422735  	-0.018524 
5166.854393  	-0.018364 
5168.286051  	-0.018724 
5169.717709  	-0.018879 
5171.149367  	-0.019218 
5172.581026  	-0.019882 
5174.012684  	-0.019463 
5175.444342  	-0.018514 
5176.876000  	-0.018189 
5178.307658  	-0.018292 
5179.739317  	-0.018776 
5181.170975  	-0.019140 
5182.602633  	-0.019215 
5184.034291  	-0.019466 
5185.465949  	-0.019188 
5186.897607  	-0.018806 
5188.329266  	-0.019376 
5189.760924  	-0.019617 
5191.192582  	-0.019211 
5192.624240  	-0.019696 
5194.055898  	-0.020667 
5195.487557  	-0.020376 
5196.919215  	-0.019071 
5198.350873  	-0.018728 
5199.782531  	-0.019253 
5201.214189  	-0.018926 
5202.645847  	-0.018430 
5204.077506  	-0.018643 
5205.509164  	-0.018655 
5206.940822  	-0.018576 
5208.372480  	-0.019037 
5209.804138  	-0.019544 
5211.235797  	-0.019815 
5212.667455  	-0.019925 
5214.099113  	-0.020135 
5215.530771  	-0.020224 
5216.962429  	-0.019800 
5218.394088  	-0.019508 
5219.825746  	-0.019255 
5221.257404  	-0.018658 
5222.689062  	-0.018869 
5224.120720  	-0.019401 
5225.552378  	-0.018798 
5226.984037  	-0.018354 
5228.415695  	-0.018628 
5229.847353  	-0.018352 
5231.279011  	-0.018293 
5232.710669  	-0.018731 
5234.142328  	-0.018416 
5235.573986  	-0.018482 
5237.005644  	-0.019662 
5238.437302  	-0.019842 
5239.868960  	-0.018955 
5241.300619  	-0.018833 
5242.732277  	-0.019030 
5244.163935  	-0.019041 
5245.595593  	-0.019512 
5247.027251  	-0.019732 
5248.458909  	-0.019198 
5249.890568  	-0.019026 
5251.322226  	-0.019850 
5252.753884  	-0.020573 
5254.185542  	-0.020212 
5255.617200  	-0.019596 
5257.048859  	-0.019340 
5258.480517  	-0.018757 
5259.912175  	-0.019053 
5261.343833  	-0.020340 
5262.775491  	-0.019942 
5264.207149  	-0.018438 
5265.638808  	-0.018227 
5267.070466  	-0.018930 
5268.502124  	-0.019837 
5269.933782  	-0.019874 
5271.365440  	-0.019051 
5272.797099  	-0.019404 
5274.228757  	-0.019800 
5275.660415  	-0.019048 
5277.092073  	-0.019023 
5278.523731  	-0.019116 
5279.955390  	-0.018718 
5281.387048  	-0.019781 
5282.818706  	-0.021028 
5284.250364  	-0.020762 
5285.682022  	-0.020119 
5287.113680  	-0.019230 
5288.545339  	-0.018330 
5289.976997  	-0.018421 
5291.408655  	-0.018827 
5292.840313  	-0.018789 
5294.271971  	-0.018652 
5295.703630  	-0.018645 
5297.135288  	-0.019254 
5298.566946  	-0.019968 
5299.998604  	-0.019449 
5301.430262  	-0.018317 
5302.861921  	-0.018517 
5304.293579  	-0.020157 
5305.725237  	-0.020773 
5307.156895  	-0.019018 
5308.588553  	-0.017873 
5310.020211  	-0.019111 
5311.451870  	-0.019327 
5312.883528  	-0.018232 
5314.315186  	-0.018558 
5315.746844  	-0.019097 
5317.178502  	-0.018484 
5318.610161  	-0.018736 
5320.041819  	-0.019672 
5321.473477  	-0.019481 
5322.905135  	-0.019043 
5324.336793  	-0.019253 
5325.768451  	-0.018906 
5327.200110  	-0.017905 
5328.631768  	-0.017966 
5330.063426  	-0.018768 
5331.495084  	-0.018808 
5332.926742  	-0.018806 
5334.358401  	-0.019153 
5335.790059  	-0.019077 
5337.221717  	-0.018882 
5338.653375  	-0.018491 
5340.085033  	-0.018004 
5341.516692  	-0.018616 
5342.948350  	-0.019241 
5344.380008  	-0.018689 
5345.811666  	-0.018311 
5347.243324  	-0.018986 
5348.674982  	-0.019768 
5350.106641  	-0.020466 
5351.538299  	-0.020699 
5352.969957  	-0.019725 
5354.401615  	-0.018078 
5355.833273  	-0.018035 
5357.264932  	-0.018892 
5358.696590  	-0.018629 
5360.128248  	-0.018214 
5361.559906  	-0.018778 
5362.991564  	-0.019412 
5364.423222  	-0.019688 
5365.854881  	-0.019412 
5367.286539  	-0.018926 
5368.718197  	-0.019085 
5370.149855  	-0.019104 
5371.581513  	-0.018780 
5373.013172  	-0.019202 
5374.444830  	-0.020041 
5375.876488  	-0.020798 
5377.308146  	-0.021366 
5378.739804  	-0.021098 
5380.171463  	-0.020469 
5381.603121  	-0.020353 
5383.034779  	-0.020585 
5384.466437  	-0.019807 
5385.898095  	-0.018385 
5387.329753  	-0.019381 
5388.761412  	-0.020950 
5390.193070  	-0.020013 
5391.624728  	-0.019197 
5393.056386  	-0.019478 
5394.488044  	-0.019416 
5395.919703  	-0.019970 
5397.351361  	-0.019693 
5398.783019  	-0.018228 
5400.214677  	-0.018758 
5401.646335  	-0.020112 
5403.077994  	-0.020065 
5404.509652  	-0.019631 
5405.941310  	-0.019539 
5407.372968  	-0.019839 
5408.804626  	-0.019830 
5410.236284  	-0.019613 
5411.667943  	-0.020706 
5413.099601  	-0.021221 
5414.531259  	-0.020019 
5415.962917  	-0.019719 
5417.394575  	-0.020364 
5418.826234  	-0.021141 
5420.257892  	-0.021780 
5421.689550  	-0.021038 
5423.121208  	-0.020116 
5424.552866  	-0.020210 
5425.984524  	-0.019842 
5427.416183  	-0.018614 
5428.847841  	-0.017288 
5430.279499  	-0.017471 
5431.711157  	-0.019452 
5433.142815  	-0.020381 
5434.574474  	-0.019873 
5436.006132  	-0.019614 
5437.437790  	-0.019550 
5438.869448  	-0.019192 
5440.301106  	-0.018704 
5441.732765  	-0.018622 
5443.164423  	-0.019486 
5444.596081  	-0.019971 
5446.027739  	-0.019346 
5447.459397  	-0.018821 
5448.891055  	-0.019066 
5450.322714  	-0.019495 
5451.754372  	-0.019444 
5453.186030  	-0.019254 
5454.617688  	-0.019850 
5456.049346  	-0.020545 
5457.481005  	-0.020270 
5458.912663  	-0.019853 
5460.344321  	-0.019773 
5461.775979  	-0.019272 
5463.207637  	-0.018849 
5464.639296  	-0.019058 
5466.070954  	-0.018349 
5467.502612  	-0.017103 
5468.934270  	-0.017810 
5470.365928  	-0.018825 
5471.797586  	-0.018107 
5473.229245  	-0.017897 
5474.660903  	-0.018300 
5476.092561  	-0.018042 
5477.524219  	-0.018887 
5478.955877  	-0.020546 
5480.387536  	-0.021146 
5481.819194  	-0.020691 
5483.250852  	-0.019825 
5484.682510  	-0.019023 
5486.114168  	-0.018640 
5487.545826  	-0.019590 
5488.977485  	-0.021852 
5490.409143  	-0.022771 
5491.840801  	-0.021711 
5493.272459  	-0.020347 
5494.704117  	-0.019689 
5496.135776  	-0.020403 
5497.567434  	-0.020611 
5498.999092  	-0.019129 
5500.430750  	-0.019022 
5501.862408  	-0.020258 
5503.294067  	-0.020380 
5504.725725  	-0.020545 
5506.157383  	-0.020530 
5507.589041  	-0.019328 
5509.020699  	-0.019054 
5510.452357  	-0.020199 
5511.884016  	-0.020684 
5513.315674  	-0.019480 
5514.747332  	-0.018116 
5516.178990  	-0.018925 
5517.610648  	-0.020309 
5519.042307  	-0.020299 
5520.473965  	-0.020464 
5521.905623  	-0.020336 
5523.337281  	-0.018951 
5524.768939  	-0.018463 
5526.200598  	-0.019516 
5527.632256  	-0.020948 
5529.063914  	-0.021788 
5530.495572  	-0.020786 
5531.927230  	-0.018705 
5533.358888  	-0.017850 
5534.790547  	-0.018680 
5536.222205  	-0.019840 
5537.653863  	-0.019940 
5539.085521  	-0.019182 
5540.517179  	-0.019399 
5541.948838  	-0.020622 
5543.380496  	-0.020579 
5544.812154  	-0.019522 
5546.243812  	-0.019711 
5547.675470  	-0.020106 
5549.107128  	-0.019673 
5550.538787  	-0.019880 
5551.970445  	-0.019160 
5553.402103  	-0.016765 
5554.833761  	-0.016917 
5556.265419  	-0.019353 
5557.697078  	-0.019971 
5559.128736  	-0.020027 
5560.560394  	-0.021160 
5561.992052  	-0.021181 
5563.423710  	-0.020398 
5564.855369  	-0.020827 
5566.287027  	-0.021121 
5567.718685  	-0.020088 
5569.150343  	-0.019657 
5570.582001  	-0.020240 
5572.013659  	-0.020339 
5573.445318  	-0.020379 
5574.876976  	-0.020879 
5576.308634  	-0.020622 
5577.740292  	-0.019648 
5579.171950  	-0.019723 
5580.603609  	-0.021118 
5582.035267  	-0.021780 
5583.466925  	-0.020838 
5584.898583  	-0.019784 
5586.330241  	-0.019384 
5587.761899  	-0.019517 
5589.193558  	-0.020229 
5590.625216  	-0.020942 
5592.056874  	-0.020880 
5593.488532  	-0.019544 
5594.920190  	-0.018496 
5596.351849  	-0.019419 
5597.783507  	-0.019134 
5599.215165  	-0.016904 
5600.646823  	-0.017629 
5602.078481  	-0.020083 
5603.510140  	-0.019967 
5604.941798  	-0.019072 
5606.373456  	-0.018868 
5607.805114  	-0.018543 
5609.236772  	-0.018724 
5610.668430  	-0.019590 
5612.100089  	-0.020377 
5613.531747  	-0.020219 
5614.963405  	-0.019912 
5616.395063  	-0.020799 
5617.826721  	-0.021166 
5619.258380  	-0.020512 
5620.690038  	-0.020192 
5622.121696  	-0.019315 
5623.553354  	-0.018761 
5624.985012  	-0.019683 
5626.416671  	-0.019849 
5627.848329  	-0.019282 
5629.279987  	-0.019286 
5630.711645  	-0.018883 
5632.143303  	-0.018058 
5633.574961  	-0.017921 
5635.006620  	-0.019312 
5636.438278  	-0.020800 
5637.869936  	-0.020118 
5639.301594  	-0.019701 
5640.733252  	-0.020994 
5642.164911  	-0.020553 
5643.596569  	-0.018901 
5645.028227  	-0.018985 
5646.459885  	-0.019989 
5647.891543  	-0.021050 
5649.323201  	-0.021828 
5650.754860  	-0.021002 
5652.186518  	-0.019801 
5653.618176  	-0.020186 
5655.049834  	-0.020391 
5656.481492  	-0.019302 
5657.913151  	-0.019664 
5659.344809  	-0.020944 
5660.776467  	-0.019861 
5662.208125  	-0.018484 
5663.639783  	-0.019185 
5665.071442  	-0.020141 
5666.503100  	-0.020655 
5667.934758  	-0.020676 
5669.366416  	-0.019513 
5670.798074  	-0.018167 
5672.229732  	-0.017783 
5673.661391  	-0.018597 
5675.093049  	-0.019651 
5676.524707  	-0.020472 
5677.956365  	-0.022020 
5679.388023  	-0.022602 
5680.819682  	-0.020899 
5682.251340  	-0.019740 
5683.682998  	-0.019951 
5685.114656  	-0.020258 
5686.546314  	-0.020400 
5687.977973  	-0.020054 
5689.409631  	-0.020106 
5690.841289  	-0.020528 
5692.272947  	-0.020006 
5693.704605  	-0.019758 
5695.136263  	-0.019922 
5696.567922  	-0.019209 
5697.999580  	-0.018626 
5699.431238  	-0.018908 
5700.862896  	-0.020029 
5702.294554  	-0.021160 
5703.726213  	-0.020968 
5705.157871  	-0.020661 
5706.589529  	-0.020636 
5708.021187  	-0.019468 
5709.452845  	-0.018221 
5710.884503  	-0.018505 
5712.316162  	-0.020150 
5713.747820  	-0.020624 
5715.179478  	-0.018617 
5716.611136  	-0.018051 
5718.042794  	-0.019599 
5719.474453  	-0.019911 
5720.906111  	-0.020349 
5722.337769  	-0.021192 
5723.769427  	-0.020678 
5725.201085  	-0.020564 
5726.632744  	-0.020314 
5728.064402  	-0.019007 
5729.496060  	-0.019043 
5730.927718  	-0.019961 
5732.359376  	-0.020322 
5733.791034  	-0.020589 
5735.222693  	-0.020690 
5736.654351  	-0.020662 
5738.086009  	-0.020324 
5739.517667  	-0.020699 
5740.949325  	-0.021762 
5742.380984  	-0.020382 
5743.812642  	-0.018865 
5745.244300  	-0.020337 
5746.675958  	-0.020586 
5748.107616  	-0.019842 
5749.539275  	-0.021365 
5750.970933  	-0.022263 
5752.402591  	-0.021362 
5753.834249  	-0.019479 
5755.265907  	-0.017120 
5756.697565  	-0.017756 
5758.129224  	-0.019818 
5759.560882  	-0.019274 
5760.992540  	-0.019178 
5762.424198  	-0.020501 
5763.855856  	-0.020029 
5765.287515  	-0.019358 
5766.719173  	-0.020424 
5768.150831  	-0.021416 
5769.582489  	-0.020622 
5771.014147  	-0.018973 
5772.445805  	-0.018963 
5773.877464  	-0.019766 
5775.309122  	-0.019113 
5776.740780  	-0.019693 
5778.172438  	-0.023024 
5779.604096  	-0.025087 
5781.035755  	-0.023811 
5782.467413  	-0.021454 
5783.899071  	-0.020462 
5785.330729  	-0.020879 
5786.762387  	-0.020559 
5788.194046  	-0.019335 
5789.625704  	-0.019646 
5791.057362  	-0.021163 
5792.489020  	-0.021281 
5793.920678  	-0.020430 
5795.352336  	-0.020464 
5796.783995  	-0.020048 
5798.215653  	-0.017869 
5799.647311  	-0.016531 
5801.078969  	-0.017774 
5802.510627  	-0.019821 
5803.942286  	-0.020547 
5805.373944  	-0.018783 
5806.805602  	-0.016875 
5808.237260  	-0.018254 
5809.668918  	-0.020339 
5811.100576  	-0.019630 
5812.532235  	-0.017449 
5813.963893  	-0.016220 
5815.395551  	-0.017886 
5816.827209  	-0.020894 
5818.258867  	-0.021510 
5819.690526  	-0.020951 
5821.122184  	-0.019828 
5822.553842  	-0.017433 
5823.985500  	-0.018144 
5825.417158  	-0.021300 
5826.848817  	-0.021275 
5828.280475  	-0.020205 
5829.712133  	-0.020488 
5831.143791  	-0.020331 
5832.575449  	-0.020534 
5834.007107  	-0.020960 
5835.438766  	-0.020545 
5836.870424  	-0.020540 
5838.302082  	-0.020660 
5839.733740  	-0.020359 
5841.165398  	-0.021016 
5842.597057  	-0.022170 
5844.028715  	-0.021434 
5845.460373  	-0.019314 
5846.892031  	-0.019065 
5848.323689  	-0.020319 
5849.755348  	-0.020285 
5851.187006  	-0.019610 
5852.618664  	-0.019315 
5854.050322  	-0.019230 
5855.481980  	-0.019880 
5856.913638  	-0.020903 
5858.345297  	-0.021474 
5859.776955  	-0.019993 
5861.208613  	-0.016712 
5862.640271  	-0.015760 
5864.071929  	-0.017106 
5865.503588  	-0.018241 
5866.935246  	-0.019683 
5868.366904  	-0.020129 
5869.798562  	-0.020127 
5871.230220  	-0.021383 
5872.661878  	-0.021309 
5874.093537  	-0.021280 
5875.525195  	-0.021637 
5876.956853  	-0.018741 
5878.388511  	-0.017595 
5879.820169  	-0.019574 
5881.251828  	-0.018563 
5882.683486  	-0.017367 
5884.115144  	-0.017701 
5885.546802  	-0.017330 
5886.978460  	-0.019374 
5888.410119  	-0.021576 
5889.841777  	-0.020587 
5891.273435  	-0.020097 
5892.705093  	-0.019945 
5894.136751  	-0.019133 
5895.568409  	-0.019151 
5897.000068  	-0.018831 
5898.431726  	-0.018223 
5899.863384  	-0.018244 
5901.295042  	-0.018469 
5902.726700  	-0.019262 
5904.158359  	-0.020098 
5905.590017  	-0.021004 
5907.021675  	-0.021479 
5908.453333  	-0.020489 
5909.884991  	-0.020247 
5911.316650  	-0.021099 
5912.748308  	-0.021391 
5914.179966  	-0.021009 
5915.611624  	-0.018970 
5917.043282  	-0.017899 
5918.474940  	-0.019742 
5919.906599  	-0.019781 
5921.338257  	-0.018490 
5922.769915  	-0.018585 
5924.201573  	-0.017924 
5925.633231  	-0.018526 
5927.064890  	-0.020871 
5928.496548  	-0.021515 
5929.928206  	-0.021688 
5931.359864  	-0.020912 
5932.791522  	-0.018970 
5934.223180  	-0.020574 
5935.654839  	-0.023965 
5937.086497  	-0.024504 
5938.518155  	-0.023157 
5939.949813  	-0.020909 
5941.381471  	-0.018831 
5942.813130  	-0.018327 
5944.244788  	-0.019125 
5945.676446  	-0.020536 
5947.108104  	-0.019944 
5948.539762  	-0.017381 
5949.971421  	-0.017637 
5951.403079  	-0.020233 
5952.834737  	-0.021380 
5954.266395  	-0.020929 
5955.698053  	-0.018536 
5957.129711  	-0.016288 
5958.561370  	-0.017625 
5959.993028  	-0.019428 
5961.424686  	-0.019432 
5962.856344  	-0.020030 
5964.288002  	-0.020198 
5965.719661  	-0.018808 
5967.151319  	-0.017184 
5968.582977  	-0.016088 
5970.014635  	-0.016886 
5971.446293  	-0.018166 
5972.877951  	-0.018813 
5974.309610  	-0.021634 
5975.741268  	-0.022450 
5977.172926  	-0.018297 
5978.604584  	-0.016912 
5980.036242  	-0.018662 
5981.467901  	-0.019589 
5982.899559  	-0.022123 
5984.331217  	-0.023151 
5985.762875  	-0.020452 
5987.194533  	-0.018717 
5988.626192  	-0.017677 
5990.057850  	-0.017784 
5991.489508  	-0.019874 
5992.921166  	-0.019481 
5994.352824  	-0.018149 
5995.784482  	-0.018924 
5997.216141  	-0.019880 
5998.647799  	-0.020978 
6000.079457  	-0.020998 
6001.511115  	-0.020086 
6002.942773  	-0.021277 
6004.374432  	-0.021512 
6005.806090  	-0.018559 
6007.237748  	-0.015832 
6008.669406  	-0.015109 
6010.101064  	-0.016911 
6011.532723  	-0.019310 
6012.964381  	-0.019644 
6014.396039  	-0.018325 
6015.827697  	-0.018160 
6017.259355  	-0.022209 
6018.691013  	-0.025334 
6020.122672  	-0.021701 
6021.554330  	-0.019074 
6022.985988  	-0.020098 
6024.417646  	-0.018033 
6025.849304  	-0.015539 
6027.280963  	-0.015194 
6028.712621  	-0.016201 
6030.144279  	-0.020416 
6031.575937  	-0.022301 
6033.007595  	-0.019843 
6034.439253  	-0.019541 
6035.870912  	-0.019018 
6037.302570  	-0.016560 
6038.734228  	-0.018082 
6040.165886  	-0.021698 
6041.597544  	-0.021914 
6043.029203  	-0.020821 
6044.460861  	-0.022393 
6045.892519  	-0.024883 
6047.324177  	-0.024630 
6048.755835  	-0.023060 
6050.187494  	-0.020929 
6051.619152  	-0.017675 
6053.050810  	-0.016108 
6054.482468  	-0.015875 
6055.914126  	-0.015946 
6057.345784  	-0.018516 
6058.777443  	-0.020265 
6060.209101  	-0.019636 
6061.640759  	-0.021618 
6063.072417  	-0.023764 
6064.504075  	-0.022000 
6065.935734  	-0.020513 
6067.367392  	-0.021371 
6068.799050  	-0.021881 
6070.230708  	-0.020724 
6071.662366  	-0.017995 
6073.094025  	-0.016228 
6074.525683  	-0.018244 
6075.957341  	-0.021067 
6077.388999  	-0.021139 
6078.820657  	-0.020674 
6080.252315  	-0.020381 
6081.683974  	-0.019157 
6083.115632  	-0.020103 
6084.547290  	-0.021471 
6085.978948  	-0.017656 
6087.410606  	-0.013217 
6088.842265  	-0.014688 
6090.273923  	-0.018945 
6091.705581  	-0.020428 
6093.137239  	-0.019489 
6094.568897  	-0.020422 
6096.000555  	-0.022062 
6097.432214  	-0.020278 
6098.863872  	-0.020098 
6100.295530  	-0.023351 
6101.727188  	-0.022396 
6103.158846  	-0.019641 
6104.590505  	-0.021149 
6106.022163  	-0.021551 
6107.453821  	-0.018894 
6108.885479  	-0.018831 
6110.317137  	-0.020383 
6111.748796  	-0.020692 
6113.180454  	-0.022372 
6114.612112  	-0.023255 
6116.043770  	-0.019753 
6117.475428  	-0.018321 
6118.907086  	-0.021301 
6120.338745  	-0.021507 
6121.770403  	-0.018908 
6123.202061  	-0.017162 
6124.633719  	-0.016365 
6126.065377  	-0.017866 
6127.497036  	-0.018991 
6128.928694  	-0.017593 
6130.360352  	-0.017519 
6131.792010  	-0.017858 
6133.223668  	-0.017153 
6134.655327  	-0.017283 
6136.086985  	-0.016058 
6137.518643  	-0.015554 
6138.950301  	-0.018366 
6140.381959  	-0.018982 
6141.813617  	-0.018516 
6143.245276  	-0.020830 
6144.676934  	-0.020585 
6146.108592  	-0.018449 
6147.540250  	-0.019911 
6148.971908  	-0.021211 
6150.403567  	-0.019676 
6151.835225  	-0.019758 
6153.266883  	-0.020803 
6154.698541  	-0.019715 
6156.130199  	-0.019327 
6157.561857  	-0.019723 
6158.993516  	-0.018362 
6160.425174  	-0.019617 
6161.856832  	-0.023316 
6163.288490  	-0.022664 
6164.720148  	-0.020292 
6166.151807  	-0.020238 
6167.583465  	-0.019784 
6169.015123  	-0.019083 
6170.446781  	-0.019390 
6171.878439  	-0.021520 
6173.310098  	-0.024942 
6174.741756  	-0.024674 
6176.173414  	-0.022635 
6177.605072  	-0.023339 
6179.036730  	-0.022784 
6180.468388  	-0.021838 
6181.900047  	-0.023363 
6183.331705  	-0.023170 
6184.763363  	-0.021704 
6186.195021  	-0.019957 
6187.626679  	-0.017642 
6189.058338  	-0.019652 
6190.489996  	-0.022649 
6191.921654  	-0.021717 
6193.353312  	-0.021290 
6194.784970  	-0.020630 
6196.216628  	-0.019935 
6197.648287  	-0.023318 
6199.079945  	-0.024015 
6200.511603  	-0.020469 
6201.943261  	-0.018480 
6203.374919  	-0.016466 
6204.806578  	-0.018257 
6206.238236  	-0.023873 
6207.669894  	-0.022918 
6209.101552  	-0.020603 
6210.533210  	-0.021957 
6211.964869  	-0.019517 
6213.396527  	-0.018367 
6214.828185  	-0.021928 
6216.259843  	-0.021285 
6217.691501  	-0.018019 
6219.123159  	-0.017530 
6220.554818  	-0.019486 
6221.986476  	-0.021422 
6223.418134  	-0.019419 
6224.849792  	-0.017621 
6226.281450  	-0.020333 
6227.713109  	-0.022174 
6229.144767  	-0.021539 
6230.576425  	-0.019099 
6232.008083  	-0.016836 
6233.439741  	-0.019722 
6234.871400  	-0.021377 
6236.303058  	-0.018534 
6237.734716  	-0.019186 
6239.166374  	-0.020189 
6240.598032  	-0.019606 
6242.029690  	-0.023883 
6243.461349  	-0.026511 
6244.893007  	-0.022280 
6246.324665  	-0.018966 
6247.756323  	-0.018894 
6249.187981  	-0.018304 
6250.619640  	-0.017689 
6252.051298  	-0.019443 
6253.482956  	-0.020969 
6254.914614  	-0.019648 
6256.346272  	-0.018272 
6257.777930  	-0.017437 
6259.209589  	-0.017247 
6260.641247  	-0.018799 
6262.072905  	-0.017560 
6263.504563  	-0.015799 
6264.936221  	-0.018232 
6266.367880  	-0.018734 
6267.799538  	-0.018388 
6269.231196  	-0.020227 
6270.662854  	-0.018578 
6272.094512  	-0.017801 
6273.526171  	-0.020824 
6274.957829  	-0.021199 
6276.389487  	-0.020692 
6277.821145  	-0.019892 
6279.252803  	-0.018875 
6280.684461  	-0.022397 
6282.116120  	-0.024578 
6283.547778  	-0.022086 
6284.979436  	-0.019807 
6286.411094  	-0.016729 
6287.842752  	-0.015863 
6289.274411  	-0.018823 
6290.706069  	-0.017595 
6292.137727  	-0.013997 
6293.569385  	-0.015021 
6295.001043  	-0.017911 
6296.432702  	-0.018492 
6297.864360  	-0.018553 
6299.296018  	-0.019670 
6300.727676  	-0.019174 
6302.159334  	-0.018487 
6303.590992  	-0.021510 
6305.022651  	-0.023492 
6306.454309  	-0.021758 
6307.885967  	-0.019466 
6309.317625  	-0.016348 
6310.749283  	-0.016445 
6312.180942  	-0.020224 
6313.612600  	-0.021197 
6315.044258  	-0.021253 
6316.475916  	-0.020202 
6317.907574  	-0.016065 
6319.339232  	-0.017057 
6320.770891  	-0.022047 
6322.202549  	-0.022318 
6323.634207  	-0.020723 
6325.065865  	-0.020357 
6326.497523  	-0.019832 
6327.929182  	-0.019291 
6329.360840  	-0.018585 
6330.792498  	-0.017656 
6332.224156  	-0.016307 
6333.655814  	-0.017195 
6335.087473  	-0.021149 
6336.519131  	-0.021138 
6337.950789  	-0.018225 
6339.382447  	-0.020027 
6340.814105  	-0.022297 
6342.245763  	-0.020444 
6343.677422  	-0.020791 
6345.109080  	-0.024802 
6346.540738  	-0.024699 
6347.972396  	-0.019138 
6349.404054  	-0.017199 
6350.835713  	-0.020078 
6352.267371  	-0.020813 
6353.699029  	-0.021523 
6355.130687  	-0.025249 
6356.562345  	-0.025221 
6357.994003  	-0.021099 
6359.425662  	-0.022142 
6360.857320  	-0.027047 
6362.288978  	-0.025507 
6363.720636  	-0.020127 
6365.152294  	-0.019099 
6366.583953  	-0.019429 
6368.015611  	-0.020136 
6369.447269  	-0.021485 
6370.878927  	-0.019022 
6372.310585  	-0.017382 
6373.742244  	-0.018592 
6375.173902  	-0.016481 
6376.605560  	-0.016025 
6378.037218  	-0.019284 
6379.468876  	-0.019161 
6380.900534  	-0.018587 
6382.332193  	-0.020995 
6383.763851  	-0.023384 
6385.195509  	-0.022599 
6386.627167  	-0.018969 
6388.058825  	-0.019596 
6389.490484  	-0.023474 
6390.922142  	-0.023259 
6392.353800  	-0.022217 
6393.785458  	-0.020074 
6395.217116  	-0.016754 
6396.648775  	-0.019680 
6398.080433  	-0.021754 
6399.512091  	-0.019221 
6400.943749  	-0.021814 
6402.375407  	-0.023783 
6403.807065  	-0.020358 
6405.238724  	-0.021056 
6406.670382  	-0.023578 
6408.102040  	-0.022478 
6409.533698  	-0.020859 
6410.965356  	-0.020608 
6412.397015  	-0.022944 
6413.828673  	-0.025256 
6415.260331  	-0.022405 
6416.691989  	-0.018424 
6418.123647  	-0.018630 
6419.555305  	-0.019907 
6420.986964  	-0.019425 
6422.418622  	-0.018791 
6423.850280  	-0.018131 
6425.281938  	-0.017265 
6426.713596  	-0.017580 
6428.145255  	-0.018464 
6429.576913  	-0.019830 
6431.008571  	-0.020605 
6432.440229  	-0.020167 
6433.871887  	-0.023398 
6435.303546  	-0.028127 
6436.735204  	-0.025168 
6438.166862  	-0.018267 
6439.598520  	-0.015284 
6441.030178  	-0.016476 
6442.461836  	-0.021265 
6443.893495  	-0.024557 
6445.325153  	-0.022586 
6446.756811  	-0.020942 
6448.188469  	-0.019855 
6449.620127  	-0.018912 
6451.051786  	-0.021192 
6452.483444  	-0.022049 
6453.915102  	-0.019648 
6455.346760  	-0.019563 
6456.778418  	-0.021612 
6458.210077  	-0.022655 
6459.641735  	-0.022229 
6461.073393  	-0.019140 
6462.505051  	-0.015343 
6463.936709  	-0.017128 
6465.368367  	-0.023013 
6466.800026  	-0.024279 
6468.231684  	-0.022208 
6469.663342  	-0.021408 
6471.095000  	-0.018358 
6472.526658  	-0.015973 
6473.958317  	-0.017479 
6475.389975  	-0.017542 
6476.821633  	-0.018521 
6478.253291  	-0.021254 
6479.684949  	-0.019029 
6481.116607  	-0.017235 
6482.548266  	-0.019189 
6483.979924  	-0.018245 
6485.411582  	-0.016393 
6486.843240  	-0.017561 
6488.274898  	-0.017897 
6489.706557  	-0.016488 
6491.138215  	-0.016693 
6492.569873  	-0.018928 
6494.001531  	-0.020312 
6495.433189  	-0.019747 
6496.864848  	-0.019076 
6498.296506  	-0.019589 
6499.728164  	-0.020663 
6501.159822  	-0.019077 
6502.591480  	-0.016610 
6504.023138  	-0.018205 
6505.454797  	-0.018706 
6506.886455  	-0.016945 
6508.318113  	-0.020482 
6509.749771  	-0.023623 
6511.181429  	-0.021287 
6512.613088  	-0.019963 
6514.044746  	-0.019460 
6515.476404  	-0.018993 
6516.908062  	-0.021722 
6518.339720  	-0.023369 
6519.771379  	-0.021748 
6521.203037  	-0.021661 
6522.634695  	-0.021929 
6524.066353  	-0.018692 
6525.498011  	-0.017407 
6526.929669  	-0.022472 
6528.361328  	-0.025201 
6529.792986  	-0.021852 
6531.224644  	-0.020313 
6532.656302  	-0.020776 
6534.087960  	-0.019836 
6535.519619  	-0.018963 
6536.951277  	-0.019199 
6538.382935  	-0.020275 
6539.814593  	-0.019492 
6541.246251  	-0.017876 
6542.677909  	-0.018401 
6544.109568  	-0.016460 
6545.541226  	-0.015013 
6546.972884  	-0.018341 
6548.404542  	-0.019902 
6549.836200  	-0.022750 
6551.267859  	-0.026529 
6552.699517  	-0.021870 
6554.131175  	-0.019122 
6555.562833  	-0.021862 
6556.994491  	-0.019141 
6558.426150  	-0.017831 
6559.857808  	-0.021011 
6561.289466  	-0.021532 
6562.721124  	-0.022130 
6564.152782  	-0.021570 
6565.584440  	-0.018637 
6567.016099  	-0.017786 
6568.447757  	-0.017754 
6569.879415  	-0.018032 
6571.311073  	-0.017915 
6572.742731  	-0.017729 
6574.174390  	-0.021037 
6575.606048  	-0.022205 
6577.037706  	-0.020934 
6578.469364  	-0.024599 
6579.901022  	-0.027056 
6581.332680  	-0.025741 
6582.764339  	-0.025958 
6584.195997  	-0.024777 
6585.627655  	-0.023505 
6587.059313  	-0.023953 
6588.490971  	-0.021903 
6589.922630  	-0.020579 
6591.354288  	-0.021176 
6592.785946  	-0.020034 
6594.217604  	-0.020418 
6595.649262  	-0.022637 
6597.080921  	-0.019908 
6598.512579  	-0.014130 
6599.944237  	-0.014493 
6601.375895  	-0.019619 
6602.807553  	-0.021990 
6604.239211  	-0.021167 
6605.670870  	-0.018325 
6607.102528  	-0.014652 
6608.534186  	-0.014850 
6609.965844  	-0.017633 
6611.397502  	-0.020076 
6612.829161  	-0.022834 
6614.260819  	-0.023454 
6615.692477  	-0.021781 
6617.124135  	-0.021626 
6618.555793  	-0.024463 
6619.987452  	-0.027760 
6621.419110  	-0.026724 
6622.850768  	-0.022106 
6624.282426  	-0.016724 
6625.714084  	-0.011588 
6627.145742  	-0.012878 
6628.577401  	-0.018628 
6630.009059  	-0.020568 
6631.440717  	-0.021592 
6632.872375  	-0.020749 
6634.304033  	-0.016570 
6635.735692  	-0.017454 
6637.167350  	-0.019698 
6638.599008  	-0.019502 
6640.030666  	-0.022463 
6641.462324  	-0.021886 
6642.893982  	-0.018026 
6644.325641  	-0.020683 
6645.757299  	-0.022313 
6647.188957  	-0.017336 
6648.620615  	-0.013684 
6650.052273  	-0.014540 
6651.483932  	-0.017621 
6652.915590  	-0.019855 
6654.347248  	-0.021145 
6655.778906  	-0.022968 
6657.210564  	-0.021710 
6658.642223  	-0.017650 
6660.073881  	-0.015442 
6661.505539  	-0.016414 
6662.937197  	-0.020131 
6664.368855  	-0.023747 
6665.800513  	-0.023664 
6667.232172  	-0.021113 
6668.663830  	-0.019189 
6670.095488  	-0.019181 
6671.527146  	-0.019543 
6672.958804  	-0.020289 
6674.390463  	-0.022689 
6675.822121  	-0.023649 
6677.253779  	-0.021399 
6678.685437  	-0.020419 
6680.117095  	-0.022689 
6681.548754  	-0.023000 
6682.980412  	-0.017499 
6684.412070  	-0.015124 
6685.843728  	-0.020593 
6687.275386  	-0.022032 
6688.707044  	-0.017566 
6690.138703  	-0.016575 
6691.570361  	-0.019253 
6693.002019  	-0.022458 
6694.433677  	-0.021392 
6695.865335  	-0.016080 
6697.296994  	-0.015767 
6698.728652  	-0.017613 
6700.160310  	-0.017910 
6701.591968  	-0.022511 
6703.023626  	-0.025447 
6704.455284  	-0.021935 
6705.886943  	-0.019428 
6707.318601  	-0.018949 
6708.750259  	-0.019234 
6710.181917  	-0.021223 
6711.613575  	-0.022530 
6713.045234  	-0.021496 
6714.476892  	-0.019069 
6715.908550  	-0.019854 
6717.340208  	-0.022157 
6718.771866  	-0.021247 
6720.203525  	-0.024623 
6721.635183  	-0.028753 
6723.066841  	-0.023358 
6724.498499  	-0.021171 
6725.930157  	-0.025121 
6727.361815  	-0.020020 
6728.793474  	-0.012926 
6730.225132  	-0.014799 
6731.656790  	-0.019792 
6733.088448  	-0.022099 
6734.520106  	-0.020391 
6735.951765  	-0.017844 
6737.383423  	-0.017643 
6738.815081  	-0.017326 
6740.246739  	-0.018753 
6741.678397  	-0.023775 
6743.110056  	-0.025290 
6744.541714  	-0.022581 
6745.973372  	-0.024706 
6747.405030  	-0.030011 
6748.836688  	-0.027984 
6750.268346  	-0.021328 
6751.700005  	-0.017993 
6753.131663  	-0.016933 
6754.563321  	-0.019670 
6755.994979  	-0.024871 
6757.426637  	-0.023846 
6758.858296  	-0.019167 
6760.289954  	-0.016841 
6761.721612  	-0.014326 
6763.153270  	-0.012742 
6764.584928  	-0.012985 
6766.016586  	-0.012818 
6767.448245  	-0.014176 
6768.879903  	-0.017604 
6770.311561  	-0.019338 
6771.743219  	-0.018075 
6773.174877  	-0.016272 
6774.606536  	-0.015844 
6776.038194  	-0.016998 
6777.469852  	-0.020906 
6778.901510  	-0.024842 
6780.333168  	-0.024451 
6781.764827  	-0.024357 
6783.196485  	-0.025344 
6784.628143  	-0.021631 
6786.059801  	-0.019264 
6787.491459  	-0.022596 
6788.923117  	-0.024474 
6790.354776  	-0.024034 
6791.786434  	-0.022714 
6793.218092  	-0.019457 
6794.649750  	-0.018404 
6796.081408  	-0.020570 
6797.513067  	-0.021161 
6798.944725  	-0.020636 
6800.376383  	-0.020328 
6801.808041  	-0.017480 
6803.239699  	-0.015052 
6804.671357  	-0.017766 
6806.103016  	-0.021965 
6807.534674  	-0.024445 
6808.966332  	-0.023323 
6810.397990  	-0.019245 
6811.829648  	-0.018757 
6813.261307  	-0.019254 
6814.692965  	-0.016946 
6816.124623  	-0.019301 
6817.556281  	-0.020903 
6818.987939  	-0.016254 
6820.419598  	-0.015465 
6821.851256  	-0.016937 
6823.282914  	-0.018193 
6824.714572  	-0.022832 
6826.146230  	-0.023303 
6827.577888  	-0.021741 
6829.009547  	-0.023004 
6830.441205  	-0.020791 
6831.872863  	-0.019712 
6833.304521  	-0.020215 
6834.736179  	-0.016594 
6836.167838  	-0.014961 
6837.599496  	-0.014200 
6839.031154  	-0.014241 
6840.462812  	-0.017946 
6841.894470  	-0.015958 
6843.326129  	-0.013347 
6844.757787  	-0.017036 
6846.189445  	-0.016248 
6847.621103  	-0.016053 
6849.052761  	-0.021734 
6850.484419  	-0.022793 
6851.916078  	-0.019993 
6853.347736  	-0.018147 
6854.779394  	-0.020100 
6856.211052  	-0.023911 
6857.642710  	-0.019494 
6859.074369  	-0.012550 
6860.506027  	-0.013011 
6861.937685  	-0.018848 
6863.369343  	-0.026074 
6864.801001  	-0.024600 
6866.232659  	-0.015534 
6867.664318  	-0.013007 
6869.095976  	-0.014269 
6870.527634  	-0.016527 
6871.959292  	-0.018494 
6873.390950  	-0.016271 
6874.822609  	-0.019333 
6876.254267  	-0.022037 
6877.685925  	-0.013431 
6879.117583  	-0.012502 
6880.549241  	-0.020563 
6881.980900  	-0.020974 
6883.412558  	-0.018886 
6884.844216  	-0.017851 
6886.275874  	-0.018500 
6887.707532  	-0.024741 
6889.139190  	-0.025817 
6890.570849  	-0.018660 
6892.002507  	-0.014845 
6893.434165  	-0.017407 
6894.865823  	-0.018764 
6896.297481  	-0.015531 
6897.729140  	-0.015689 
6899.160798  	-0.019484 
6900.592456  	-0.017718 
6902.024114  	-0.017176 
6903.455772  	-0.022692 
6904.887431  	-0.023563 
6906.319089  	-0.019340 
6907.750747  	-0.016084 
6909.182405  	-0.015841 
6910.614063  	-0.018974 
6912.045721  	-0.020247 
6913.477380  	-0.018236 
6914.909038  	-0.017090 
6916.340696  	-0.017821 
6917.772354  	-0.018088 
6919.204012  	-0.015233 
6920.635671  	-0.014106 
6922.067329  	-0.018875 
6923.498987  	-0.019987 
6924.930645  	-0.014757 
6926.362303  	-0.012173 
6927.793961  	-0.014812 
6929.225620  	-0.020695 
6930.657278  	-0.026134 
6932.088936  	-0.026980 
6933.520594  	-0.025919 
6934.952252  	-0.024073 
6936.383911  	-0.019344 
6937.815569  	-0.016460 
6939.247227  	-0.021630 
6940.678885  	-0.027308 
6942.110543  	-0.024729 
6943.542202  	-0.020930 
6944.973860  	-0.019542 
6946.405518  	-0.016487 
6947.837176  	-0.019369 
6949.268834  	-0.026173 
6950.700492  	-0.021874 
6952.132151  	-0.013031 
6953.563809  	-0.012361 
6954.995467  	-0.015942 
6956.427125  	-0.017900 
6957.858783  	-0.019013 
6959.290442  	-0.019342 
6960.722100  	-0.017106 
6962.153758  	-0.014080 
6963.585416  	-0.015334 
6965.017074  	-0.020363 
6966.448732  	-0.026720 
6967.880391  	-0.029929 
6969.312049  	-0.024826 
6970.743707  	-0.021649 
6972.175365  	-0.025985 
6973.607023  	-0.026012 
6975.038682  	-0.021991 
6976.470340  	-0.019837 
6977.901998  	-0.019615 
6979.333656  	-0.023147 
6980.765314  	-0.022577 
6982.196973  	-0.013620 
6983.628631  	-0.009840 
6985.060289  	-0.015117 
6986.491947  	-0.020495 
6987.923605  	-0.019578 
6989.355263  	-0.012948 
6990.786922  	-0.008150 
6992.218580  	-0.007069 
6993.650238  	-0.008286 
6995.081896  	-0.012331 
6996.513554  	-0.017504 
6997.945213  	-0.021856 
6999.376871  	-0.022576 
7000.808529  	-0.020711 
7002.240187  	-0.022445 
7003.671845  	-0.022263 
7005.103504  	-0.018592 
7006.535162  	-0.020810 
7007.966820  	-0.022240 
7009.398478  	-0.019009 
7010.830136  	-0.019307 
7012.261794  	-0.018474 
7013.693453  	-0.016653 
7015.125111  	-0.020271 
7016.556769  	-0.024451 
7017.988427  	-0.025291 
7019.420085  	-0.021882 
7020.851744  	-0.016809 
7022.283402  	-0.016545 
7023.715060  	-0.018860 
7025.146718  	-0.021699 
7026.578376  	-0.023364 
7028.010034  	-0.018920 
7029.441693  	-0.018383 
7030.873351  	-0.027623 
7032.305009  	-0.033112 
7033.736667  	-0.031419 
7035.168325  	-0.028430 
7036.599984  	-0.025302 
7038.031642  	-0.021481 
7039.463300  	-0.017657 
7040.894958  	-0.016934 
7042.326616  	-0.019493 
7043.758275  	-0.022516 
7045.189933  	-0.023818 
7046.621591  	-0.018442 
7048.053249  	-0.012051 
7049.484907  	-0.017236 
7050.916565  	-0.024102 
7052.348224  	-0.021470 
7053.779882  	-0.019615 
7055.211540  	-0.022124 
7056.643198  	-0.022196 
7058.074856  	-0.021858 
7059.506515  	-0.022014 
7060.938173  	-0.019011 
7062.369831  	-0.016948 
7063.801489  	-0.018554 
7065.233147  	-0.015385 
7066.664806  	-0.008586 
7068.096464  	-0.007995 
7069.528122  	-0.012464 
7070.959780  	-0.017228 
7072.391438  	-0.021781 
7073.823096  	-0.022806 
7075.254755  	-0.020405 
7076.686413  	-0.016776 
7078.118071  	-0.013284 
7079.549729  	-0.014312 
7080.981387  	-0.017250 
7082.413046  	-0.017973 
7083.844704  	-0.019361 
7085.276362  	-0.020973 
7086.708020  	-0.023139 
7088.139678  	-0.025952 
7089.571336  	-0.021887 
7091.002995  	-0.019289 
7092.434653  	-0.026616 
7093.866311  	-0.025971 
7095.297969  	-0.013536 
7096.729627  	-0.012491 
7098.161286  	-0.021216 
7099.592944  	-0.022064 
7101.024602  	-0.018957 
7102.456260  	-0.018534 
7103.887918  	-0.018604 
7105.319577  	-0.019706 
7106.751235  	-0.019758 
7108.182893  	-0.014012 
7109.614551  	-0.009600 
7111.046209  	-0.012030 
7112.477867  	-0.016655 
7113.909526  	-0.019614 
7115.341184  	-0.020271 
7116.772842  	-0.016159 
7118.204500  	-0.013566 
7119.636158  	-0.019883 
7121.067817  	-0.022286 
7122.499475  	-0.015958 
7123.931133  	-0.016043 
7125.362791  	-0.020293 
7126.794449  	-0.015992 
7128.226108  	-0.011874 
7129.657766  	-0.014162 
7131.089424  	-0.018019 
7132.521082  	-0.021781 
7133.952740  	-0.015134 
7135.384398  	-0.003198 
7136.816057  	-0.007854 
7138.247715  	-0.020225 
7139.679373  	-0.024200 
7141.111031  	-0.024464 
7142.542689  	-0.023959 
7143.974348  	-0.021977 
7145.406006  	-0.017351 
7146.837664  	-0.014218 
7148.269322  	-0.020922 
7149.700980  	-0.024427 
7151.132638  	-0.019269 
7152.564297  	-0.018529 
7153.995955  	-0.016627 
7155.427613  	-0.015455 
7156.859271  	-0.023029 
7158.290929  	-0.022917 
7159.722588  	-0.018940 
7161.154246  	-0.025176 
7162.585904  	-0.025652 
7164.017562  	-0.018502 
7165.449220  	-0.014229 
7166.880879  	-0.014696 
7168.312537  	-0.021865 
7169.744195  	-0.020993 
7171.175853  	-0.011426 
7172.607511  	-0.011573 
7174.039169  	-0.011524 
7175.470828  	-0.007721 
7176.902486  	-0.012649 
7178.334144  	-0.016694 
7179.765802  	-0.015761 
7181.197460  	-0.016116 
7182.629119  	-0.013657 
7184.060777  	-0.014981 
7185.492435  	-0.022527 
7186.924093  	-0.022478 
7188.355751  	-0.013466 
7189.787409  	-0.009596 
7191.219068  	-0.017135 
7192.650726  	-0.022847 
7194.082384  	-0.020005 
7195.514042  	-0.020611 
7196.945700  	-0.023381 
7198.377359  	-0.022513 
7199.809017  	-0.022616 
7201.240675  	-0.019938 
7202.672333  	-0.016939 
7204.103991  	-0.019881 
7205.535650  	-0.019266 
7206.967308  	-0.016486 
7208.398966  	-0.020074 
7209.830624  	-0.022440 
7211.262282  	-0.019186 
7212.693940  	-0.013326 
7214.125599  	-0.010676 
7215.557257  	-0.013285 
7216.988915  	-0.011815 
7218.420573  	-0.007351 
7219.852231  	-0.007543 
7221.283890  	-0.006254 
7222.715548  	-0.005157 
7224.147206  	-0.010739 
7225.578864  	-0.018205 
7227.010522  	-0.025079 
7228.442181  	-0.024604 
7229.873839  	-0.012985 
7231.305497  	-0.010702 
7232.737155  	-0.025011 
7234.168813  	-0.027205 
7235.600471  	-0.013916 
7237.032130  	-0.010990 
7238.463788  	-0.019346 
7239.895446  	-0.024405 
7241.327104  	-0.025114 
7242.758762  	-0.024627 
7244.190421  	-0.020237 
7245.622079  	-0.020549 
7247.053737  	-0.028312 
7248.485395  	-0.026379 
7249.917053  	-0.014077 
7251.348711  	-0.011645 
7252.780370  	-0.019368 
7254.212028  	-0.020819 
7255.643686  	-0.016754 
7257.075344  	-0.017265 
7258.507002  	-0.022024 
7259.938661  	-0.023725 
7261.370319  	-0.018665 
7262.801977  	-0.008738 
7264.233635  	-0.004137 
7265.665293  	-0.010384 
7267.096952  	-0.016115 
7268.528610  	-0.016036 
7269.960268  	-0.019959 
7271.391926  	-0.023392 
7272.823584  	-0.024901 
7274.255242  	-0.035359 
7275.686901  	-0.036416 
7277.118559  	-0.020364 
7278.550217  	-0.014810 
7279.981875  	-0.017944 
7281.413533  	-0.018702 
7282.845192  	-0.026581 
7284.276850  	-0.025368 
7285.708508  	-0.012859 
7287.140166  	-0.016334 
7288.571824  	-0.028175 
7290.003483  	-0.028393 
7291.435141  	-0.021907 
7292.866799  	-0.017934 
7294.298457  	-0.022505 
7295.730115  	-0.024798 
7297.161773  	-0.019582 
7298.593432  	-0.019647 
7300.025090  	-0.018416 
7301.456748  	-0.018237 
7302.888406  	-0.025191 
7304.320064  	-0.021173 
7305.751723  	-0.016454 
7307.183381  	-0.022639 
7308.615039  	-0.016330 
7310.046697  	-0.008778 
7311.478355  	-0.013718 
7312.910013  	-0.012784 
7314.341672  	-0.010846 
7315.773330  	-0.015029 
7317.204988  	-0.018800 
7318.636646  	-0.026470 
7320.068304  	-0.031374 
7321.499963  	-0.028228 
7322.931621  	-0.025658 
7324.363279  	-0.021968 
7325.794937  	-0.020277 
7327.226595  	-0.023007 
7328.658254  	-0.020829 
7330.089912  	-0.014367 
7331.521570  	-0.015228 
7332.953228  	-0.026159 
7334.384886  	-0.030080 
7335.816544  	-0.017938 
7337.248203  	-0.008840 
7338.679861  	-0.007295 
7340.111519  	-0.007354 
7341.543177  	-0.018181 
7342.974835  	-0.027157 
7344.406494  	-0.027286 
7345.838152  	-0.028569 
7347.269810  	-0.022846 
7348.701468  	-0.014382 
7350.133126  	-0.010768 
7351.564785  	-0.007796 
7352.996443  	-0.014215 
7354.428101  	-0.021185 
7355.859759  	-0.015584 
7357.291417  	-0.012808 
7358.723075  	-0.010852 
7360.154734  	-0.008250 
7361.586392  	-0.015507 
7363.018050  	-0.022584 
7364.449708  	-0.024505 
7365.881366  	-0.018442 
7367.313025  	-0.006566 
7368.744683  	-0.011689 
7370.176341  	-0.020445 
7371.607999  	-0.017410 
7373.039657  	-0.024934 
7374.471315  	-0.030852 
7375.902974  	-0.023204 
7377.334632  	-0.025500 
7378.766290  	-0.029603 
7380.197948  	-0.025494 
7381.629606  	-0.023647 
7383.061265  	-0.022152 
7384.492923  	-0.022032 
7385.924581  	-0.018027 
7387.356239  	-0.008612 
7388.787897  	-0.012315 
7390.219556  	-0.023266 
7391.651214  	-0.024856 
7393.082872  	-0.024443 
7394.514530  	-0.022796 
7395.946188  	-0.016548 
7397.377846  	-0.015334 
7398.809505  	-0.020159 
7400.241163  	-0.019928 
7401.672821  	-0.011399 
7403.104479  	-0.006621 
7404.536137  	-0.010456 
7405.967796  	-0.015306 
7407.399454  	-0.017095 
7408.831112  	-0.015634 
7410.262770  	-0.018599 
7411.694428  	-0.028507 
7413.126086  	-0.028929 
7414.557745  	-0.018532 
7415.989403  	-0.013979 
7417.421061  	-0.013910 
7418.852719  	-0.013147 
7420.284377  	-0.013135 
7421.716036  	-0.016976 
7423.147694  	-0.022795 
7424.579352  	-0.023695 
7426.011010  	-0.022552 
7427.442668  	-0.020317 
7428.874327  	-0.013515 
7430.305985  	-0.016495 
7431.737643  	-0.022735 
7433.169301  	-0.015311 
7434.600959  	-0.017423 
7436.032617  	-0.026999 
7437.464276  	-0.016137 
7438.895934  	-0.007828 
7440.327592  	-0.016462 
7441.759250  	-0.015012 
7443.190908  	-0.006994 
7444.622567  	-0.009947 
7446.054225  	-0.011674 
7447.485883  	-0.009412 
7448.917541  	-0.019146 
7450.349199  	-0.030351 
7451.780858  	-0.022357 
7453.212516  	-0.010881 
7454.644174  	-0.012105 
7456.075832  	-0.013772 
7457.507490  	-0.011554 
7458.939148  	-0.005866 
7460.370807  	0.004965 
7461.802465  	0.000816 
7463.234123  	-0.020050 
7464.665781  	-0.023747 
7466.097439  	-0.009408 
7467.529098  	-0.006067 
7468.960756  	-0.014144 
7470.392414  	-0.022929 
7471.824072  	-0.030275 
7473.255730  	-0.029129 
7474.687388  	-0.021483 
7476.119047  	-0.020211 
7477.550705  	-0.023549 
7478.982363  	-0.027970 
7480.414021  	-0.032172 
7481.845679  	-0.023897 
7483.277338  	-0.008555 
7484.708996  	-0.008696 
7486.140654  	-0.016934 
7487.572312  	-0.018919 
7489.003970  	-0.018702 
7490.435629  	-0.014903 
7491.867287  	-0.007064 
7493.298945  	-0.003161 
7494.730603  	-0.008644 
7496.162261  	-0.022060 
7497.593919  	-0.029386 
7499.025578  	-0.023626 
7500.457236  	-0.019607 
7501.888894  	-0.028756 
7503.320552  	-0.040049 
7504.752210  	-0.033767 
7506.183869  	-0.009894 
7507.615527  	-0.001015 
7509.047185  	-0.015559 
7510.478843  	-0.021586 
7511.910501  	-0.007417 
7513.342160  	0.000870 
7514.773818  	-0.005136 
7516.205476  	-0.005599 
7517.637134  	-0.005621 
7519.068792  	-0.015687 
7520.500450  	-0.015520 
7521.932109  	-0.005766 
7523.363767  	-0.008338 
7524.795425  	-0.018121 
7526.227083  	-0.026627 
7527.658741  	-0.033696 
7529.090400  	-0.033852 
7530.522058  	-0.027734 
7531.953716  	-0.016336 
7533.385374  	-0.012914 
7534.817032  	-0.025010 
7536.248690  	-0.023690 
7537.680349  	-0.008367 
7539.112007  	-0.012062 
7540.543665  	-0.026252 
7541.975323  	-0.029361 
7543.406981  	-0.023391 
7544.838640  	-0.015850 
7546.270298  	-0.016305 
7547.701956  	-0.017487 
7549.133614  	-0.010495 
7550.565272  	-0.008638 
7551.996931  	-0.013476 
7553.428589  	-0.013459 
7554.860247  	-0.014840 
7556.291905  	-0.024147 
7557.723563  	-0.031928 
7559.155221  	-0.026180 
7560.586880  	-0.019058 
7562.018538  	-0.027915 
7563.450196  	-0.034278 
7564.881854  	-0.025527 
7566.313512  	-0.018455 
7567.745171  	-0.017520 
7569.176829  	-0.016516 
7570.608487  	-0.014244 
7572.040145  	-0.014496 
7573.471803  	-0.014381 
7574.903461  	-0.009079 
7576.335120  	-0.012024 
7577.766778  	-0.023653 
7579.198436  	-0.025317 
7580.630094  	-0.026004 
7582.061752  	-0.027250 
7583.493411  	-0.015106 
7584.925069  	-0.013524 
7586.356727  	-0.024190 
7587.788385  	-0.017282 
7589.220043  	-0.010898 
7590.651702  	-0.019256 
7592.083360  	-0.024684 
7593.515018  	-0.025675 
7594.946676  	-0.024472 
7596.378334  	-0.015703 
7597.809992  	-0.008836 
7599.241651  	-0.012978 
7600.673309  	-0.019606 
7602.104967  	-0.016027 
7603.536625  	-0.013376 
7604.968283  	-0.026464 
7606.399942  	-0.040224 
7607.831600  	-0.040385 
7609.263258  	-0.025055 
7610.694916  	-0.004668 
7612.126574  	-0.004908 
7613.558233  	-0.021001 
7614.989891  	-0.025402 
7616.421549  	-0.020136 
7617.853207  	-0.021517 
7619.284865  	-0.034677 
7620.716523  	-0.040485 
7622.148182  	-0.024441 
7623.579840  	-0.016112 
7625.011498  	-0.024499 
7626.443156  	-0.023116 
7627.874814  	-0.026168 
7629.306473  	-0.027609 
7630.738131  	-0.010376 
7632.169789  	-0.007187 
7633.601447  	-0.019831 
7635.033105  	-0.016453 
7636.464763  	-0.012900 
7637.896422  	-0.016876 
7639.328080  	-0.019481 
7640.759738  	-0.028079 
7642.191396  	-0.031246 
7643.623054  	-0.021323 
7645.054713  	-0.014434 
7646.486371  	-0.018038 
7647.918029  	-0.023587 
7649.349687  	-0.017213 
7650.781345  	-0.003484 
7652.213004  	-0.000383 
7653.644662  	-0.001944 
7655.076320  	-0.007057 
7656.507978  	-0.025428 
7657.939636  	-0.031447 
7659.371294  	-0.014533 
7660.802953  	-0.004912 
7662.234611  	-0.016343 
7663.666269  	-0.024227 
7665.097927  	-0.016121 
7666.529585  	-0.008317 
7667.961244  	-0.013488 
7669.392902  	-0.018186 
7670.824560  	-0.015026 
7672.256218  	-0.012425 
7673.687876  	-0.011469 
7675.119535  	-0.011571 
7676.551193  	-0.010490 
7677.982851  	-0.007103 
7679.414509  	-0.010719 
7680.846167  	-0.013963 
7682.277825  	-0.005623 
7683.709484  	0.001992 
7685.141142  	0.000556 
7686.572800  	-0.001812 
7688.004458  	-0.010982 
7689.436116  	-0.026197 
7690.867775  	-0.030027 
7692.299433  	-0.026058 
7693.731091  	-0.024437 
7695.162749  	-0.021761 
7696.594407  	-0.018524 
7698.026065  	-0.016133 
7699.457724  	-0.005768 
7700.889382  	0.000016 
7702.321040  	-0.013025 
7703.752698  	-0.028112 
7705.184356  	-0.027621 
7706.616015  	-0.023882 
7708.047673  	-0.034821 
7709.479331  	-0.047895 
7710.910989  	-0.031964 
7712.342647  	-0.009642 
7713.774306  	-0.018678 
7715.205964  	-0.029874 
7716.637622  	-0.016663 
7718.069280  	-0.010923 
7719.500938  	-0.023854 
7720.932596  	-0.035776 
7722.364255  	-0.035580 
7723.795913  	-0.027175 
7725.227571  	-0.023078 
7726.659229  	-0.016603 
7728.090887  	-0.008143 
7729.522546  	-0.014473 
7730.954204  	-0.023147 
7732.385862  	-0.020978 
7733.817520  	-0.023868 
7735.249178  	-0.025179 
7736.680837  	-0.026733 
7738.112495  	-0.033299 
7739.544153  	-0.025816 
7740.975811  	-0.018328 
7742.407469  	-0.031603 
7743.839127  	-0.033512 
7745.270786  	-0.015921 
7746.702444  	-0.004313 
7748.134102  	-0.004892 
7749.565760  	-0.017745 
7750.997418  	-0.028405 
7752.429077  	-0.019729 
7753.860735  	-0.013339 
7755.292393  	-0.017500 
7756.724051  	-0.016054 
7758.155709  	-0.015429 
7759.587367  	-0.027094 
7761.019026  	-0.036402 
7762.450684  	-0.038458 
7763.882342  	-0.033866 
7765.314000  	-0.018718 
7766.745658  	-0.016258 
7768.177317  	-0.033505 
7769.608975  	-0.022026 
7771.040633  	0.006536 
7772.472291  	-0.001570 
7773.903949  	-0.023463 
7775.335608  	-0.022395 
7776.767266  	-0.021061 
7778.198924  	-0.017670 
7779.630582  	-0.015461 
7781.062240  	-0.032460 
7782.493898  	-0.045974 
7783.925557  	-0.035947 
7785.357215  	-0.016629 
7786.788873  	-0.008875 
7788.220531  	-0.022224 
7789.652189  	-0.030941 
7791.083848  	-0.019634 
7792.515506  	-0.008099 
7793.947164  	-0.007547 
7795.378822  	-0.024324 
7796.810480  	-0.043209 
7798.242138  	-0.034788 
7799.673797  	-0.019440 
7801.105455  	-0.016861 
7802.537113  	-0.020553 
7803.968771  	-0.029881 
7805.400429  	-0.026453 
7806.832088  	-0.005553 
7808.263746  	-0.001058 
7809.695404  	-0.018102 
7811.127062  	-0.030764 
7812.558720  	-0.025202 
7813.990379  	-0.021508 
7815.422037  	-0.036780 
7816.853695  	-0.040680 
7818.285353  	-0.026255 
7819.717011  	-0.026190 
7821.148669  	-0.024298 
7822.580328  	-0.008617 
7824.011986  	-0.009097 
7825.443644  	-0.019199 
7826.875302  	-0.024367 
7828.306960  	-0.032339 
7829.738619  	-0.037435 
7831.170277  	-0.035578 
7832.601935  	-0.030679 
7834.033593  	-0.026038 
7835.465251  	-0.015663 
7836.896910  	-0.001735 
7838.328568  	-0.012234 
7839.760226  	-0.031714 
7841.191884  	-0.016368 
7842.623542  	-0.007404 
7844.055200  	-0.028099 
7845.486859  	-0.030380 
7846.918517  	-0.024881 
7848.350175  	-0.023803 
7849.781833  	-0.003362 
7851.213491  	0.006823 
7852.645150  	-0.006414 
7854.076808  	-0.007854 
7855.508466  	-0.004111 
7856.940124  	-0.005844 
7858.371782  	-0.002757 
7859.803440  	-0.007966 
7861.235099  	-0.024071 
7862.666757  	-0.029071 
7864.098415  	-0.024702 
7865.530073  	-0.013383 
7866.961731  	-0.001634 
7868.393390  	-0.014145 
7869.825048  	-0.031339 
7871.256706  	-0.024910 
7872.688364  	-0.022061 
7874.120022  	-0.028162 
7875.551681  	-0.021570 
7876.983339  	-0.017986 
7878.414997  	-0.028063 
7879.846655  	-0.030829 
7881.278313  	-0.023308 
7882.709971  	-0.018794 
7884.141630  	-0.011961 
7885.573288  	-0.000241 
7887.004946  	-0.006542 
7888.436604  	-0.030478 
7889.868262  	-0.031363 
7891.299921  	-0.004569 
7892.731579  	0.006993 
7894.163237  	-0.002269 
7895.594895  	-0.016756 
7897.026553  	-0.028125 
7898.458212  	-0.021767 
7899.889870  	-0.011297 