##TITLE=No Description
##DATA TYPE=INFRARED SPECTRUM
##XUNITS=1/CM
##YUNITS=%T
349.324597  	120.772622 
350.756256  	319.571533 
352.187914  	296.526386 
353.619572  	268.357951 
355.051230  	209.904846 
356.482888  	152.320139 
357.914546  	158.840089 
359.346205  	138.001523 
360.777863  	132.949365 
362.209521  	107.719045 
363.641179  	88.271674 
365.072837  	87.046806 
366.504496  	88.683567 
367.936154  	90.553627 
369.367812  	86.491041 
370.799470  	85.955000 
372.231128  	99.873868 
373.662787  	119.038165 
375.094445  	108.673518 
376.526103  	86.965592 
377.957761  	85.592719 
379.389419  	88.375432 
380.821077  	88.944100 
382.252736  	95.284515 
383.684394  	100.614306 
385.116052  	89.971525 
386.547710  	80.476957 
387.979368  	83.311529 
389.411027  	85.270977 
390.842685  	81.315198 
392.274343  	78.537536 
393.706001  	84.747268 
395.137659  	93.027846 
396.569317  	87.864566 
398.000976  	76.908102 
399.432634  	81.040547 
400.864292  	86.179751 
402.295950  	85.872959 
403.727608  	87.553925 
405.159267  	90.126884 
406.590925  	89.227526 
408.022583  	87.870514 
409.454241  	87.722666 
410.885899  	88.530706 
412.317558  	89.255321 
413.749216  	87.981085 
415.180874  	88.792232 
416.612532  	92.233323 
418.044190  	92.448490 
419.475848  	89.947021 
420.907507  	89.877316 
422.339165  	89.077053 
423.770823  	91.963117 
425.202481  	96.554926 
426.634139  	96.049657 
428.065798  	95.136994 
429.497456  	95.387763 
430.929114  	93.983607 
432.360772  	94.571459 
433.792430  	96.073516 
435.224089  	93.965943 
436.655747  	91.423512 
438.087405  	92.271445 
439.519063  	93.740507 
440.950721  	94.044720 
442.382379  	93.648120 
443.814038  	92.809310 
445.245696  	91.593563 
446.677354  	91.352897 
448.109012  	91.934582 
449.540670  	91.477038 
450.972329  	91.731607 
452.403987  	94.130201 
453.835645  	94.538480 
455.267303  	92.407137 
456.698961  	91.289883 
458.130619  	90.910866 
459.562278  	89.631054 
460.993936  	88.469870 
462.425594  	87.752680 
463.857252  	87.607398 
465.288910  	88.585294 
466.720569  	89.759968 
468.152227  	89.145204 
469.583885  	88.289037 
471.015543  	88.831493 
472.447201  	89.391786 
473.878860  	89.456268 
475.310518  	89.418395 
476.742176  	88.986201 
478.173834  	89.089234 
479.605492  	89.382537 
481.037150  	88.756906 
482.468809  	88.306022 
483.900467  	88.281811 
485.332125  	88.146226 
486.763783  	88.207559 
488.195441  	87.842837 
489.627100  	87.516842 
491.058758  	88.115156 
492.490416  	87.864435 
493.922074  	86.640749 
495.353732  	86.434597 
496.785391  	86.703985 
498.217049  	86.756090 
499.648707  	87.035679 
501.080365  	87.062599 
502.512023  	86.653919 
503.943681  	86.760193 
505.375340  	87.091788 
506.806998  	87.076079 
508.238656  	87.146534 
509.670314  	87.375850 
511.101972  	87.444609 
512.533631  	87.481957 
513.965289  	87.165685 
515.396947  	86.657212 
516.828605  	86.903329 
518.260263  	87.011156 
519.691921  	86.163964 
521.123580  	85.659275 
522.555238  	85.313490 
523.986896  	84.515381 
525.418554  	84.194347 
526.850212  	83.950379 
528.281871  	82.882668 
529.713529  	81.891952 
531.145187  	81.379331 
532.576845  	80.944146 
534.008503  	80.343522 
535.440162  	79.366517 
536.871820  	78.051896 
538.303478  	76.776720 
539.735136  	75.798535 
541.166794  	74.859712 
542.598452  	73.628622 
544.030111  	72.462358 
545.461769  	71.409088 
546.893427  	70.301582 
548.325085  	69.477278 
549.756743  	68.633866 
551.188402  	67.753490 
552.620060  	67.521207 
554.051718  	67.619210 
555.483376  	68.031733 
556.915034  	69.202681 
558.346692  	70.486751 
559.778351  	71.728447 
561.210009  	73.368050 
562.641667  	75.089051 
564.073325  	76.946789 
565.504983  	79.468283 
566.936642  	82.600466 
568.368300  	85.953635 
569.799958  	88.763407 
571.231616  	90.185608 
572.663274  	90.267063 
574.094933  	89.679116 
575.526591  	89.009495 
576.958249  	88.748103 
578.389907  	88.731205 
579.821565  	88.846470 
581.253223  	89.264823 
582.684882  	89.673167 
584.116540  	90.166277 
585.548198  	90.805215 
586.979856  	90.998044 
588.411514  	91.065174 
589.843173  	91.437960 
591.274831  	91.810220 
592.706489  	92.265559 
594.138147  	92.670115 
595.569805  	92.825747 
597.001464  	93.084978 
598.433122  	93.092222 
599.864780  	92.643679 
601.296438  	92.549303 
602.728096  	92.841967 
604.159754  	92.981139 
605.591413  	92.985886 
607.023071  	93.078142 
608.454729  	93.400923 
609.886387  	93.559226 
611.318045  	93.298796 
612.749704  	93.211164 
614.181362  	93.350996 
615.613020  	93.352553 
617.044678  	93.448415 
618.476336  	93.633930 
619.907994  	93.675460 
621.339653  	93.580711 
622.771311  	93.293907 
624.202969  	92.969484 
625.634627  	92.717289 
627.066285  	92.423932 
628.497944  	92.185810 
629.929602  	91.868903 
631.361260  	91.402997 
632.792918  	91.267165 
634.224576  	91.383043 
635.656235  	91.427128 
637.087893  	91.733578 
638.519551  	92.210032 
639.951209  	92.498538 
641.382867  	92.695818 
642.814525  	92.786848 
644.246184  	92.736521 
645.677842  	92.640839 
647.109500  	92.434774 
648.541158  	92.235394 
649.972816  	92.089838 
651.404475  	91.727066 
652.836133  	91.347054 
654.267791  	91.152261 
655.699449  	91.001925 
657.131107  	91.181345 
658.562766  	91.631224 
659.994424  	91.693642 
661.426082  	91.525440 
662.857740  	91.625510 
664.289398  	91.622715 
665.721056  	91.411389 
667.152715  	91.490184 
668.584373  	91.712254 
670.016031  	91.363359 
671.447689  	91.217311 
672.879347  	91.334969 
674.311006  	91.325147 
675.742664  	91.131303 
677.174322  	90.880173 
678.605980  	90.633078 
680.037638  	90.387623 
681.469296  	89.939148 
682.900955  	89.401468 
684.332613  	89.030000 
685.764271  	88.623578 
687.195929  	88.227387 
688.627587  	88.145641 
690.059246  	88.079694 
691.490904  	87.929100 
692.922562  	87.933926 
694.354220  	87.833095 
695.785878  	87.550510 
697.217537  	87.114268 
698.649195  	86.322568 
700.080853  	85.470827 
701.512511  	84.811641 
702.944169  	84.221700 
704.375827  	83.798742 
705.807486  	83.513722 
707.239144  	83.475565 
708.670802  	83.833937 
710.102460  	84.137088 
711.534118  	84.428698 
712.965777  	84.960769 
714.397435  	85.358429 
715.829093  	85.685402 
717.260751  	86.057536 
718.692409  	86.184147 
720.124067  	86.134993 
721.555726  	85.878134 
722.987384  	85.423376 
724.419042  	85.169117 
725.850700  	85.025605 
727.282358  	84.784066 
728.714017  	84.564521 
730.145675  	84.363763 
731.577333  	84.301553 
733.008991  	84.428866 
734.440649  	84.605802 
735.872308  	84.881997 
737.303966  	85.040072 
738.735624  	84.815815 
740.167282  	84.470132 
741.598940  	84.142212 
743.030598  	83.699730 
744.462257  	83.137013 
745.893915  	82.483363 
747.325573  	81.775459 
748.757231  	80.997117 
750.188889  	80.130833 
751.620548  	79.259526 
753.052206  	78.426219 
754.483864  	77.700348 
755.915522  	77.171005 
757.347180  	76.882711 
758.778839  	76.770466 
760.210497  	76.652652 
761.642155  	76.584411 
763.073813  	76.565743 
764.505471  	76.401007 
765.937129  	76.280527 
767.368788  	76.366771 
768.800446  	76.607630 
770.232104  	77.246340 
771.663762  	78.323581 
773.095420  	79.591421 
774.527079  	80.940185 
775.958737  	82.231857 
777.390395  	83.319558 
778.822053  	84.135243 
780.253711  	84.713378 
781.685369  	85.225673 
783.117028  	85.692667 
784.548686  	86.002322 
785.980344  	86.132485 
787.412002  	86.151255 
788.843660  	86.216081 
790.275319  	86.297313 
791.706977  	86.257403 
793.138635  	86.187280 
794.570293  	85.967676 
796.001951  	85.430323 
797.433610  	84.782992 
798.865268  	83.928257 
800.296926  	82.635441 
801.728584  	81.127452 
803.160242  	79.532964 
804.591900  	77.875470 
806.023559  	76.272733 
807.455217  	74.746498 
808.886875  	73.340235 
810.318533  	72.071828 
811.750191  	71.082447 
813.181850  	70.521383 
814.613508  	70.251676 
816.045166  	70.297290 
817.476824  	70.599376 
818.908482  	70.817410 
820.340141  	70.776067 
821.771799  	70.253318 
823.203457  	69.219513 
824.635115  	68.036539 
826.066773  	66.933454 
827.498431  	66.211763 
828.930090  	66.143030 
830.361748  	66.707564 
831.793406  	67.905839 
833.225064  	69.509652 
834.656722  	71.355385 
836.088381  	73.451867 
837.520039  	75.395332 
838.951697  	76.951000 
840.383355  	78.298585 
841.815013  	79.470163 
843.246671  	80.526546 
844.678330  	81.572617 
846.109988  	82.624537 
847.541646  	83.781769 
848.973304  	85.096839 
850.404962  	86.541116 
851.836621  	87.981529 
853.268279  	89.243208 
854.699937  	90.374797 
856.131595  	91.372429 
857.563253  	92.110681 
858.994912  	92.646911 
860.426570  	92.976562 
861.858228  	93.099438 
863.289886  	93.192995 
864.721544  	93.211367 
866.153202  	93.054181 
867.584861  	92.733660 
869.016519  	92.148482 
870.448177  	91.384938 
871.879835  	90.634723 
873.311493  	89.878255 
874.743152  	89.027840 
876.174810  	87.996278 
877.606468  	86.922659 
879.038126  	85.923698 
880.469784  	84.819038 
881.901443  	83.690389 
883.333101  	82.682294 
884.764759  	81.864974 
886.196417  	81.514153 
887.628075  	81.603734 
889.059733  	82.192464 
890.491392  	83.621118 
891.923050  	85.666031 
893.354708  	87.921178 
894.786366  	90.078862 
896.218024  	91.653668 
897.649683  	92.610536 
899.081341  	93.248491 
900.512999  	93.529393 
901.944657  	93.533193 
903.376315  	93.469561 
904.807973  	93.340943 
906.239632  	93.152734 
907.671290  	92.900616 
909.102948  	92.617252 
910.534606  	92.314301 
911.966264  	91.894171 
913.397923  	91.430775 
914.829581  	91.031335 
916.261239  	90.714793 
917.692897  	90.525833 
919.124555  	90.452957 
920.556214  	90.537366 
921.987872  	90.753700 
923.419530  	90.984529 
924.851188  	91.284307 
926.282846  	91.528333 
927.714504  	91.474143 
929.146163  	91.245862 
930.577821  	90.923185 
932.009479  	90.436597 
933.441137  	89.933042 
934.872795  	89.610145 
936.304454  	89.519159 
937.736112  	89.472194 
939.167770  	89.315811 
940.599428  	89.154728 
942.031086  	89.010921 
943.462744  	88.931614 
944.894403  	89.024701 
946.326061  	89.143423 
947.757719  	89.275018 
949.189377  	89.498137 
950.621035  	89.587228 
952.052694  	89.474772 
953.484352  	89.270904 
954.916010  	88.925777 
956.347668  	88.486158 
957.779326  	88.082384 
959.210985  	87.787568 
960.642643  	87.620691 
962.074301  	87.510203 
963.505959  	87.452760 
964.937617  	87.473400 
966.369275  	87.487639 
967.800934  	87.449610 
969.232592  	87.397550 
970.664250  	87.340796 
972.095908  	87.216515 
973.527566  	86.997955 
974.959225  	86.739363 
976.390883  	86.418378 
977.822541  	86.029563 
979.254199  	85.634017 
980.685857  	85.169451 
982.117516  	84.599861 
983.549174  	83.931668 
984.980832  	83.099439 
986.412490  	82.121364 
987.844148  	81.041574 
989.275806  	79.931654 
990.707465  	78.878503 
992.139123  	77.891709 
993.570781  	77.131287 
995.002439  	76.598605 
996.434097  	75.994308 
997.865756  	75.148350 
999.297414  	73.813413 
1000.729072  	71.835398 
1002.160730  	69.515953 
1003.592388  	67.266123 
1005.024046  	65.657001 
1006.455705  	64.910362 
1007.887363  	64.532229 
1009.319021  	64.047762 
1010.750679  	62.662790 
1012.182337  	59.987218 
1013.613996  	58.060630 
1015.045654  	59.676470 
1016.477312  	65.017389 
1017.908970  	71.763106 
1019.340628  	77.887206 
1020.772287  	82.645899 
1022.203945  	86.078411 
1023.635603  	88.618597 
1025.067261  	90.441077 
1026.498919  	91.547184 
1027.930577  	91.993781 
1029.362236  	91.847234 
1030.793894  	91.323047 
1032.225552  	90.698095 
1033.657210  	90.114498 
1035.088868  	89.683034 
1036.520527  	89.533708 
1037.952185  	89.580348 
1039.383843  	89.611229 
1040.815501  	89.505617 
1042.247159  	89.240393 
1043.678818  	88.918057 
1045.110476  	88.604324 
1046.542134  	88.235748 
1047.973792  	87.861207 
1049.405450  	87.531983 
1050.837108  	87.172429 
1052.268767  	86.758501 
1053.700425  	86.317232 
1055.132083  	85.899818 
1056.563741  	85.483806 
1057.995399  	84.974413 
1059.427058  	84.412346 
1060.858716  	83.851245 
1062.290374  	83.307847 
1063.722032  	82.751093 
1065.153690  	82.019665 
1066.585348  	81.124500 
1068.017007  	80.097328 
1069.448665  	78.838754 
1070.880323  	77.423478 
1072.311981  	75.748678 
1073.743639  	73.598160 
1075.175298  	70.876722 
1076.606956  	67.437770 
1078.038614  	64.126651 
1079.470272  	62.507899 
1080.901930  	63.230736 
1082.333589  	66.185338 
1083.765247  	70.334062 
1085.196905  	74.436702 
1086.628563  	77.892810 
1088.060221  	80.180162 
1089.491879  	81.105376 
1090.923538  	81.064935 
1092.355196  	80.434949 
1093.786854  	79.432532 
1095.218512  	78.110357 
1096.650170  	76.448135 
1098.081829  	74.769832 
1099.513487  	73.303698 
1100.945145  	72.260392 
1102.376803  	71.937270 
1103.808461  	72.063193 
1105.240120  	72.326964 
1106.671778  	72.524176 
1108.103436  	72.491704 
1109.535094  	72.537797 
1110.966752  	72.816329 
1112.398410  	73.203437 
1113.830069  	73.634377 
1115.261727  	73.884245 
1116.693385  	73.971229 
1118.125043  	73.975910 
1119.556701  	73.736236 
1120.988360  	73.368218 
1122.420018  	72.889561 
1123.851676  	72.193922 
1125.283334  	71.455921 
1126.714992  	70.594553 
1128.146650  	69.613611 
1129.578309  	68.712182 
1131.009967  	67.721624 
1132.441625  	66.672982 
1133.873283  	65.659229 
1135.304941  	64.577721 
1136.736600  	63.494115 
1138.168258  	62.300214 
1139.599916  	61.029885 
1141.031574  	59.790185 
1142.463232  	58.383474 
1143.894891  	57.034020 
1145.326549  	55.782440 
1146.758207  	54.377645 
1148.189865  	53.100587 
1149.621523  	51.883239 
1151.053181  	50.645555 
1152.484840  	49.625871 
1153.916498  	48.619744 
1155.348156  	47.811520 
1156.779814  	47.357089 
1158.211472  	47.069381 
1159.643131  	47.337660 
1161.074789  	48.190532 
1162.506447  	49.581563 
1163.938105  	51.751734 
1165.369763  	54.339625 
1166.801421  	57.223038 
1168.233080  	60.233728 
1169.664738  	62.667000 
1171.096396  	64.061945 
1172.528054  	63.972923 
1173.959712  	62.345678 
1175.391371  	59.984201 
1176.823029  	57.545412 
1178.254687  	55.447672 
1179.686345  	53.813233 
1181.118003  	52.193614 
1182.549662  	50.682963 
1183.981320  	49.442805 
1185.412978  	48.515312 
1186.844636  	48.355722 
1188.276294  	48.751493 
1189.707952  	49.497661 
1191.139611  	50.723541 
1192.571269  	52.085432 
1194.002927  	53.662899 
1195.434585  	55.513166 
1196.866243  	57.358089 
1198.297902  	59.366223 
1199.729560  	61.478737 
1201.161218  	63.546872 
1202.592876  	65.562259 
1204.024534  	67.153524 
1205.456193  	68.019017 
1206.887851  	67.847799 
1208.319509  	66.388532 
1209.751167  	64.062198 
1211.182825  	61.348969 
1212.614483  	58.697912 
1214.046142  	56.721235 
1215.477800  	55.332887 
1216.909458  	54.506854 
1218.341116  	54.292663 
1219.772774  	54.319412 
1221.204433  	54.698128 
1222.636091  	55.308945 
1224.067749  	55.890041 
1225.499407  	56.686835 
1226.931065  	57.500371 
1228.362723  	58.271053 
1229.794382  	59.194840 
1231.226040  	60.048599 
1232.657698  	60.926151 
1234.089356  	61.832944 
1235.521014  	62.615447 
1236.952673  	63.508670 
1238.384331  	64.379307 
1239.815989  	65.159131 
1241.247647  	66.045860 
1242.679305  	66.875291 
1244.110964  	67.764861 
1245.542622  	68.797780 
1246.974280  	69.803189 
1248.405938  	71.013806 
1249.837596  	72.417647 
1251.269254  	73.892224 
1252.700913  	75.600463 
1254.132571  	77.442199 
1255.564229  	79.392610 
1256.995887  	81.482061 
1258.427545  	83.557764 
1259.859204  	85.659044 
1261.290862  	87.769688 
1262.722520  	89.735272 
1264.154178  	91.513203 
1265.585836  	93.075065 
1267.017495  	94.402964 
1268.449153  	95.497897 
1269.880811  	96.327713 
1271.312469  	96.916180 
1272.744127  	97.354011 
1274.175785  	97.653780 
1275.607444  	97.806905 
1277.039102  	97.822737 
1278.470760  	97.690546 
1279.902418  	97.470556 
1281.334076  	97.167582 
1282.765735  	96.756965 
1284.197393  	96.333296 
1285.629051  	95.908432 
1287.060709  	95.479410 
1288.492367  	95.120309 
1289.924025  	94.851922 
1291.355684  	94.731981 
1292.787342  	94.811700 
1294.219000  	95.076623 
1295.650658  	95.543585 
1297.082316  	96.180041 
1298.513975  	96.859832 
1299.945633  	97.529900 
1301.377291  	98.162860 
1302.808949  	98.675544 
1304.240607  	98.979813 
1305.672266  	98.994989 
1307.103924  	98.810584 
1308.535582  	98.580978 
1309.967240  	98.498423 
1311.398898  	98.784490 
1312.830556  	99.376706 
1314.262215  	100.052809 
1315.693873  	100.715699 
1317.125531  	101.240227 
1318.557189  	101.578448 
1319.988847  	101.835791 
1321.420506  	101.989707 
1322.852164  	102.097050 
1324.283822  	102.188990 
1325.715480  	102.208497 
1327.147138  	102.237155 
1328.578796  	102.248190 
1330.010455  	102.236546 
1331.442113  	102.276954 
1332.873771  	102.279080 
1334.305429  	102.267834 
1335.737087  	102.269863 
1337.168746  	102.234147 
1338.600404  	102.238286 
1340.032062  	102.203051 
1341.463720  	102.159692 
1342.895378  	102.202244 
1344.327037  	102.130816 
1345.758695  	102.028101 
1347.190353  	102.013809 
1348.622011  	101.928269 
1350.053669  	101.863291 
1351.485327  	101.806556 
1352.916986  	101.670323 
1354.348644  	101.558640 
1355.780302  	101.330034 
1357.211960  	100.953226 
1358.643618  	100.335115 
1360.075277  	99.137775 
1361.506935  	97.443703 
1362.938593  	95.558855 
1364.370251  	94.680325 
1365.801909  	95.303627 
1367.233568  	96.746286 
1368.665226  	98.398818 
1370.096884  	99.699050 
1371.528542  	100.439408 
1372.960200  	100.765961 
1374.391858  	100.883083 
1375.823517  	100.846223 
1377.255175  	100.799837 
1378.686833  	100.666598 
1380.118491  	100.339527 
1381.550149  	99.850632 
1382.981808  	98.999347 
1384.413466  	98.116584 
1385.845124  	97.576342 
1387.276782  	97.477978 
1388.708440  	97.976226 
1390.140098  	98.670013 
1391.571757  	99.364169 
1393.003415  	99.828328 
1394.435073  	99.928202 
1395.866731  	99.896925 
1397.298389  	99.822778 
1398.730048  	99.506432 
1400.161706  	99.048215 
1401.593364  	98.571078 
1403.025022  	97.933528 
1404.456680  	97.095569 
1405.888339  	96.011499 
1407.319997  	95.065869 
1408.751655  	94.643486 
1410.183313  	94.601942 
1411.614971  	95.072041 
1413.046629  	96.074960 
1414.478288  	97.221371 
1415.909946  	98.398553 
1417.341604  	99.300989 
1418.773262  	99.888051 
1420.204920  	100.548107 
1421.636579  	100.921567 
1423.068237  	101.087223 
1424.499895  	101.175083 
1425.931553  	101.149430 
1427.363211  	101.226169 
1428.794870  	101.279191 
1430.226528  	101.189292 
1431.658186  	101.183036 
1433.089844  	101.096846 
1434.521502  	100.995394 
1435.953160  	100.908949 
1437.384819  	100.472353 
1438.816477  	100.261541 
1440.248135  	100.098976 
1441.679793  	99.688692 
1443.111451  	99.365605 
1444.543110  	99.001932 
1445.974768  	98.625694 
1447.406426  	98.424986 
1448.838084  	98.062641 
1450.269742  	97.830298 
1451.701400  	97.759266 
1453.133059  	97.589793 
1454.564717  	97.578594 
1455.996375  	97.441133 
1457.428033  	96.577670 
1458.859691  	96.017862 
1460.291350  	95.435528 
1461.723008  	94.886638 
1463.154666  	94.534306 
1464.586324  	94.194785 
1466.017982  	94.359843 
1467.449641  	94.684985 
1468.881299  	95.019199 
1470.312957  	95.469765 
1471.744615  	95.628752 
1473.176273  	95.704676 
1474.607931  	95.948177 
1476.039590  	95.902982 
1477.471248  	95.882543 
1478.902906  	95.811371 
1480.334564  	95.515998 
1481.766222  	95.159296 
1483.197881  	94.519900 
1484.629539  	93.705629 
1486.061197  	92.811416 
1487.492855  	91.427499 
1488.924513  	89.961188 
1490.356172  	88.256494 
1491.787830  	85.823039 
1493.219488  	83.936697 
1494.651146  	82.055633 
1496.082804  	79.353777 
1497.514462  	76.803875 
1498.946121  	74.522760 
1500.377779  	72.531003 
1501.809437  	71.670022 
1503.241095  	71.376289 
1504.672753  	71.783893 
1506.104412  	73.518564 
1507.536070  	76.267911 
1508.967728  	79.727342 
1510.399386  	83.381421 
1511.831044  	86.886482 
1513.262702  	90.366316 
1514.694361  	93.167147 
1516.126019  	95.119958 
1517.557677  	97.052920 
1518.989335  	98.411319 
1520.420993  	98.984837 
1521.852652  	99.702826 
1523.284310  	100.370213 
1524.715968  	100.653011 
1526.147626  	101.033547 
1527.579284  	101.288746 
1529.010943  	101.436755 
1530.442601  	101.653876 
1531.874259  	101.747897 
1533.305917  	101.799905 
1534.737575  	101.949024 
1536.169233  	102.074316 
1537.600892  	102.199163 
1539.032550  	102.174798 
1540.464208  	102.060166 
1541.895866  	102.263368 
1543.327524  	102.356258 
1544.759183  	102.393604 
1546.190841  	102.444881 
1547.622499  	102.481284 
1549.054157  	102.537931 
1550.485815  	102.550665 
1551.917473  	102.572546 
1553.349132  	102.602106 
1554.780790  	102.561529 
1556.212448  	102.633188 
1557.644106  	102.666087 
1559.075764  	102.247345 
1560.507423  	102.434375 
1561.939081  	102.642618 
1563.370739  	102.629698 
1564.802397  	102.602734 
1566.234055  	102.597484 
1567.665714  	102.588902 
1569.097372  	102.522966 
1570.529030  	102.415841 
1571.960688  	102.430782 
1573.392346  	102.406413 
1574.824004  	102.266856 
1576.255663  	102.068650 
1577.687321  	102.001895 
1579.118979  	102.027555 
1580.550637  	101.939473 
1581.982295  	101.717530 
1583.413954  	101.489945 
1584.845612  	101.144933 
1586.277270  	100.691420 
1587.708928  	100.225187 
1589.140586  	99.645684 
1590.572245  	99.131591 
1592.003903  	98.790810 
1593.435561  	98.617922 
1594.867219  	98.649611 
1596.298877  	98.710449 
1597.730535  	98.745729 
1599.162194  	98.700416 
1600.593852  	98.582239 
1602.025510  	98.576399 
1603.457168  	98.643562 
1604.888826  	98.831211 
1606.320485  	99.208305 
1607.752143  	99.666528 
1609.183801  	100.190139 
1610.615459  	100.642517 
1612.047117  	100.976753 
1613.478775  	101.267504 
1614.910434  	101.487287 
1616.342092  	101.586331 
1617.773750  	101.634488 
1619.205408  	101.775140 
1620.637066  	101.913518 
1622.068725  	101.939381 
1623.500383  	101.872339 
1624.932041  	101.927659 
1626.363699  	102.013603 
1627.795357  	101.981081 
1629.227016  	101.891846 
1630.658674  	101.887318 
1632.090332  	101.937810 
1633.521990  	101.948270 
1634.953648  	101.785132 
1636.385306  	101.519008 
1637.816965  	101.604086 
1639.248623  	101.703288 
1640.680281  	101.669461 
1642.111939  	101.586204 
1643.543597  	101.548006 
1644.975256  	101.518325 
1646.406914  	101.396954 
1647.838572  	101.226721 
1649.270230  	101.274021 
1650.701888  	101.361554 
1652.133547  	101.302552 
1653.565205  	100.984500 
1654.996863  	101.147756 
1656.428521  	101.281130 
1657.860179  	101.340409 
1659.291837  	101.388924 
1660.723496  	101.369668 
1662.155154  	101.305719 
1663.586812  	101.312023 
1665.018470  	101.375640 
1666.450128  	101.417158 
1667.881787  	101.391309 
1669.313445  	101.316088 
1670.745103  	101.348802 
1672.176761  	101.436324 
1673.608419  	101.493084 
1675.040077  	101.459122 
1676.471736  	101.377055 
1677.903394  	101.465873 
1679.335052  	101.495409 
1680.766710  	101.403484 
1682.198368  	101.429822 
1683.630027  	101.332553 
1685.061685  	101.093642 
1686.493343  	101.277618 
1687.925001  	101.259066 
1689.356659  	101.161854 
1690.788318  	101.162252 
1692.219976  	101.047998 
1693.651634  	100.951309 
1695.083292  	100.819403 
1696.514950  	100.503860 
1697.946608  	100.559281 
1699.378267  	100.502583 
1700.809925  	100.094703 
1702.241583  	100.191794 
1703.673241  	100.179991 
1705.104899  	100.018451 
1706.536558  	99.864032 
1707.968216  	99.692002 
1709.399874  	99.554895 
1710.831532  	99.364517 
1712.263190  	99.158379 
1713.694849  	98.995664 
1715.126507  	98.671889 
1716.558165  	98.435348 
1717.989823  	98.293743 
1719.421481  	97.994670 
1720.853139  	97.920515 
1722.284798  	97.696896 
1723.716456  	97.266055 
1725.148114  	97.071178 
1726.579772  	96.793512 
1728.011430  	96.448634 
1729.443089  	96.208016 
1730.874747  	95.783061 
1732.306405  	95.513991 
1733.738063  	95.238060 
1735.169721  	94.671558 
1736.601379  	94.659191 
1738.033038  	94.390386 
1739.464696  	93.764267 
1740.896354  	93.407332 
1742.328012  	92.939055 
1743.759670  	92.333047 
1745.191329  	91.716954 
1746.622987  	90.853108 
1748.054645  	89.978486 
1749.486303  	88.881986 
1750.917961  	87.427617 
1752.349620  	85.864112 
1753.781278  	84.067370 
1755.212936  	82.288914 
1756.644594  	80.108523 
1758.076252  	77.173376 
1759.507910  	74.852899 
1760.939569  	72.656046 
1762.371227  	69.677508 
1763.802885  	67.609291 
1765.234543  	66.539747 
1766.666201  	65.609034 
1768.097860  	65.304056 
1769.529518  	65.466541 
1770.961176  	65.839114 
1772.392834  	66.940374 
1773.824492  	68.029143 
1775.256150  	69.254793 
1776.687809  	70.990918 
1778.119467  	72.478540 
1779.551125  	74.103028 
1780.982783  	76.162267 
1782.414441  	77.856098 
1783.846100  	79.703399 
1785.277758  	81.745070 
1786.709416  	83.490561 
1788.141074  	85.540658 
1789.572732  	87.474531 
1791.004391  	89.099957 
1792.436049  	91.235783 
1793.867707  	92.916434 
1795.299365  	94.285213 
1796.731023  	95.824334 
1798.162681  	96.805170 
1799.594340  	97.820927 
1801.025998  	98.847018 
1802.457656  	99.355510 
1803.889314  	100.101135 
1805.320972  	100.570498 
1806.752631  	100.813336 
1808.184289  	101.334724 
1809.615947  	101.497062 
1811.047605  	101.698424 
1812.479263  	102.008928 
1813.910922  	101.991318 
1815.342580  	102.290679 
1816.774238  	102.458269 
1818.205896  	102.347760 
1819.637554  	102.571302 
1821.069212  	102.519013 
1822.500871  	102.535823 
1823.932529  	102.790961 
1825.364187  	102.593892 
1826.795845  	102.722240 
1828.227503  	102.945987 
1829.659162  	102.753021 
1831.090820  	102.854927 
1832.522478  	102.893024 
1833.954136  	102.912315 
1835.385794  	103.110887 
1836.817452  	102.996913 
1838.249111  	103.056096 
1839.680769  	103.181815 
1841.112427  	102.988634 
1842.544085  	103.020415 
1843.975743  	102.976806 
1845.407402  	102.949560 
1846.839060  	103.208235 
1848.270718  	103.090359 
1849.702376  	103.123938 
1851.134034  	103.281949 
1852.565693  	103.084535 
1853.997351  	103.195615 
1855.429009  	103.231091 
1856.860667  	102.952959 
1858.292325  	103.064329 
1859.723983  	103.079790 
1861.155642  	103.000687 
1862.587300  	103.135510 
1864.018958  	103.058640 
1865.450616  	103.097221 
1866.882274  	103.161539 
1868.313933  	102.969204 
1869.745591  	103.048576 
1871.177249  	103.035069 
1872.608907  	102.967558 
1874.040565  	103.097809 
1875.472224  	103.057650 
1876.903882  	103.063342 
1878.335540  	103.021162 
1879.767198  	102.839044 
1881.198856  	102.939285 
1882.630514  	102.834282 
1884.062173  	102.619687 
1885.493831  	102.759216 
1886.925489  	102.715744 
1888.357147  	102.607127 
1889.788805  	102.510681 
1891.220464  	102.281083 
1892.652122  	102.367385 
1894.083780  	102.355615 
1895.515438  	102.226256 
1896.947096  	102.383682 
1898.378754  	102.284202 
1899.810413  	102.218388 
1901.242071  	102.401494 
1902.673729  	102.348437 
1904.105387  	102.443682 
1905.537045  	102.569419 
1906.968704  	102.507945 
1908.400362  	102.670629 
1909.832020  	102.677055 
1911.263678  	102.644101 
1912.695336  	102.838459 
1914.126995  	102.843461 
1915.558653  	102.978230 
1916.990311  	103.138830 
1918.421969  	103.095557 
1919.853627  	103.351912 
1921.285285  	103.353252 
1922.716944  	103.086123 
1924.148602  	103.122264 
1925.580260  	103.048876 
1927.011918  	103.023763 
1928.443576  	103.120046 
1929.875235  	103.106415 
1931.306893  	103.286156 
1932.738551  	103.191198 
1934.170209  	102.976079 
1935.601867  	103.195990 
1937.033525  	103.164490 
1938.465184  	103.184257 
1939.896842  	103.451603 
1941.328500  	103.250701 
1942.760158  	103.063675 
1944.191816  	102.918955 
1945.623475  	102.726917 
1947.055133  	103.019905 
1948.486791  	103.160355 
1949.918449  	103.054342 
1951.350107  	103.009956 
1952.781766  	102.836024 
1954.213424  	103.098955 
1955.645082  	103.282748 
1957.076740  	102.867015 
1958.508398  	102.783067 
1959.940056  	102.918034 
1961.371715  	103.200836 
1962.803373  	103.373760 
1964.235031  	102.802551 
1965.666689  	102.672539 
1967.098347  	102.811577 
1968.530006  	102.643429 
1969.961664  	103.007648 
1971.393322  	102.945205 
1972.824980  	102.631390 
1974.256638  	102.850297 
1975.688297  	102.447756 
1977.119955  	102.296900 
1978.551613  	102.687104 
1979.983271  	102.651340 
1981.414929  	102.989840 
1982.846587  	103.027584 
1984.278246  	102.665309 
1985.709904  	102.861369 
1987.141562  	102.907773 
1988.573220  	103.136597 
1990.004878  	103.473520 
1991.436537  	102.962798 
1992.868195  	102.875355 
1994.299853  	103.068052 
1995.731511  	102.810603 
1997.163169  	103.076577 
1998.594827  	103.185136 
2000.026486  	102.822847 
2001.458144  	102.872836 
2002.889802  	102.858042 
2004.321460  	102.724019 
2005.753118  	102.587841 
2007.184777  	102.426030 
2008.616435  	102.680032 
2010.048093  	102.734652 
2011.479751  	102.604075 
2012.911409  	102.518450 
2014.343068  	102.133149 
2015.774726  	102.262950 
2017.206384  	102.312732 
2018.638042  	101.827359 
2020.069700  	102.246159 
2021.501358  	102.544809 
2022.933017  	102.076122 
2024.364675  	102.063551 
2025.796333  	102.019914 
2027.227991  	102.150974 
2028.659649  	102.656052 
2030.091308  	102.374776 
2031.522966  	102.146478 
2032.954624  	102.747477 
2034.386282  	103.267846 
2035.817940  	103.013278 
2037.249599  	102.281018 
2038.681257  	102.251770 
2040.112915  	102.596498 
2041.544573  	102.619098 
2042.976231  	102.939540 
2044.407889  	103.290135 
2045.839548  	103.185407 
2047.271206  	102.773461 
2048.702864  	102.335297 
2050.134522  	102.730336 
2051.566180  	103.132715 
2052.997839  	102.894493 
2054.429497  	103.011878 
2055.861155  	103.038382 
2057.292813  	102.709278 
2058.724471  	102.834755 
2060.156129  	102.785835 
2061.587788  	102.647019 
2063.019446  	102.858403 
2064.451104  	102.676169 
2065.882762  	102.617435 
2067.314420  	102.898649 
2068.746079  	102.752246 
2070.177737  	102.739836 
2071.609395  	102.940445 
2073.041053  	102.881657 
2074.472711  	102.964323 
2075.904370  	103.092262 
2077.336028  	103.011954 
2078.767686  	102.978251 
2080.199344  	103.023460 
2081.631002  	102.990964 
2083.062660  	102.895463 
2084.494319  	103.033332 
2085.925977  	103.165158 
2087.357635  	102.916278 
2088.789293  	102.869331 
2090.220951  	103.123850 
2091.652610  	103.270327 
2093.084268  	103.401932 
2094.515926  	103.234668 
2095.947584  	102.940944 
2097.379242  	103.182303 
2098.810901  	103.455297 
2100.242559  	103.372892 
2101.674217  	103.192887 
2103.105875  	103.131253 
2104.537533  	103.402379 
2105.969191  	103.565015 
2107.400850  	103.402321 
2108.832508  	103.305549 
2110.264166  	103.216427 
2111.695824  	103.252768 
2113.127482  	103.327971 
2114.559141  	103.154220 
2115.990799  	103.217177 
2117.422457  	103.437808 
2118.854115  	103.396393 
2120.285773  	103.308725 
2121.717431  	103.248751 
2123.149090  	103.481055 
2124.580748  	103.694020 
2126.012406  	103.257115 
2127.444064  	103.154628 
2128.875722  	103.526990 
2130.307381  	103.402074 
2131.739039  	103.273278 
2133.170697  	103.135857 
2134.602355  	102.759662 
2136.034013  	102.916452 
2137.465672  	103.068483 
2138.897330  	102.888306 
2140.328988  	102.869015 
2141.760646  	102.760806 
2143.192304  	102.848367 
2144.623962  	103.063380 
2146.055621  	103.002550 
2147.487279  	102.938454 
2148.918937  	102.563747 
2150.350595  	102.428753 
2151.782253  	102.937483 
2153.213912  	102.884737 
2154.645570  	102.446147 
2156.077228  	101.923776 
2157.508886  	101.417613 
2158.940544  	102.118111 
2160.372202  	102.640913 
2161.803861  	102.355922 
2163.235519  	102.798667 
2164.667177  	102.954748 
2166.098835  	102.650975 
2167.530493  	102.682744 
2168.962152  	102.725856 
2170.393810  	102.799297 
2171.825468  	102.705873 
2173.257126  	102.574356 
2174.688784  	102.574734 
2176.120443  	102.154165 
2177.552101  	102.146011 
2178.983759  	102.696918 
2180.415417  	102.688702 
2181.847075  	102.479400 
2183.278733  	102.358657 
2184.710392  	102.456153 
2186.142050  	102.905132 
2187.573708  	102.706950 
2189.005366  	102.324202 
2190.437024  	102.452364 
2191.868683  	102.272273 
2193.300341  	102.077998 
2194.731999  	102.202199 
2196.163657  	102.401770 
2197.595315  	102.851495 
2199.026974  	102.942567 
2200.458632  	102.615066 
2201.890290  	102.663527 
2203.321948  	102.772296 
2204.753606  	102.633416 
2206.185264  	102.423860 
2207.616923  	102.362551 
2209.048581  	102.576024 
2210.480239  	102.710374 
2211.911897  	102.866981 
2213.343555  	102.875342 
2214.775214  	102.305487 
2216.206872  	102.030803 
2217.638530  	102.190633 
2219.070188  	102.297288 
2220.501846  	102.657066 
2221.933504  	102.720644 
2223.365163  	102.281068 
2224.796821  	102.150998 
2226.228479  	102.265162 
2227.660137  	102.495562 
2229.091795  	102.552469 
2230.523454  	102.213417 
2231.955112  	102.277509 
2233.386770  	102.526076 
2234.818428  	102.422570 
2236.250086  	102.398669 
2237.681745  	102.280202 
2239.113403  	102.208373 
2240.545061  	102.540877 
2241.976719  	102.714961 
2243.408377  	102.734091 
2244.840035  	102.742426 
2246.271694  	102.519380 
2247.703352  	102.445191 
2249.135010  	102.557959 
2250.566668  	102.630384 
2251.998326  	102.679915 
2253.429985  	102.614339 
2254.861643  	102.675984 
2256.293301  	102.901035 
2257.724959  	102.956298 
2259.156617  	102.964047 
2260.588276  	103.005478 
2262.019934  	103.090655 
2263.451592  	103.204185 
2264.883250  	103.133517 
2266.314908  	103.064924 
2267.746566  	103.101104 
2269.178225  	103.143200 
2270.609883  	103.278315 
2272.041541  	103.326947 
2273.473199  	103.326066 
2274.904857  	103.344276 
2276.336516  	103.126251 
2277.768174  	103.013483 
2279.199832  	103.133833 
2280.631490  	103.175018 
2282.063148  	103.290769 
2283.494806  	103.339472 
2284.926465  	103.271893 
2286.358123  	103.440857 
2287.789781  	103.589407 
2289.221439  	103.611194 
2290.653097  	103.639484 
2292.084756  	103.477570 
2293.516414  	103.361027 
2294.948072  	103.420285 
2296.379730  	103.404196 
2297.811388  	103.447301 
2299.243047  	103.545233 
2300.674705  	103.537139 
2302.106363  	103.531194 
2303.538021  	103.571227 
2304.969679  	103.644368 
2306.401337  	103.613516 
2307.832996  	103.502283 
2309.264654  	103.586084 
2310.696312  	103.665055 
2312.127970  	103.641232 
2313.559628  	103.726419 
2314.991287  	103.696919 
2316.422945  	103.626556 
2317.854603  	103.752956 
2319.286261  	103.801833 
2320.717919  	103.754389 
2322.149577  	103.753037 
2323.581236  	103.798493 
2325.012894  	103.904298 
2326.444552  	103.851544 
2327.876210  	103.723604 
2329.307868  	103.786646 
2330.739527  	103.848908 
2332.171185  	103.848243 
2333.602843  	103.859530 
2335.034501  	103.823406 
2336.466159  	103.856314 
2337.897818  	103.867314 
2339.329476  	103.780514 
2340.761134  	103.782847 
2342.192792  	103.814182 
2343.624450  	103.838942 
2345.056108  	103.855213 
2346.487767  	103.797778 
2347.919425  	103.805025 
2349.351083  	103.827305 
2350.782741  	103.786149 
2352.214399  	103.775600 
2353.646058  	103.796922 
2355.077716  	103.832464 
2356.509374  	103.783254 
2357.941032  	103.639932 
2359.372690  	103.786921 
2360.804349  	103.985778 
2362.236007  	103.839466 
2363.667665  	103.766708 
2365.099323  	103.839231 
2366.530981  	103.812091 
2367.962639  	103.723493 
2369.394298  	103.626955 
2370.825956  	103.608273 
2372.257614  	103.554820 
2373.689272  	103.484925 
2375.120930  	103.591923 
2376.552589  	103.626817 
2377.984247  	103.493058 
2379.415905  	103.412781 
2380.847563  	103.383790 
2382.279221  	103.396970 
2383.710879  	103.410823 
2385.142538  	103.369962 
2386.574196  	103.353558 
2388.005854  	103.313148 
2389.437512  	103.275838 
2390.869170  	103.301657 
2392.300829  	103.258292 
2393.732487  	103.226980 
2395.164145  	103.228167 
2396.595803  	103.137920 
2398.027461  	103.125241 
2399.459120  	103.159679 
2400.890778  	103.127993 
2402.322436  	103.175064 
2403.754094  	103.211660 
2405.185752  	103.171576 
2406.617410  	103.101155 
2408.049069  	102.987429 
2409.480727  	103.038392 
2410.912385  	103.147619 
2412.344043  	103.073758 
2413.775701  	103.062046 
2415.207360  	103.113670 
2416.639018  	103.094798 
2418.070676  	103.135849 
2419.502334  	103.152743 
2420.933992  	103.143346 
2422.365651  	103.188940 
2423.797309  	103.196533 
2425.228967  	103.239723 
2426.660625  	103.281860 
2428.092283  	103.230981 
2429.523941  	103.217073 
2430.955600  	103.198428 
2432.387258  	103.170316 
2433.818916  	103.218158 
2435.250574  	103.262467 
2436.682232  	103.326087 
2438.113891  	103.377663 
2439.545549  	103.342535 
2440.977207  	103.304730 
2442.408865  	103.245237 
2443.840523  	103.207346 
2445.272181  	103.217173 
2446.703840  	103.184985 
2448.135498  	103.254494 
2449.567156  	103.388755 
2450.998814  	103.395250 
2452.430472  	103.367337 
2453.862131  	103.267669 
2455.293789  	103.118304 
2456.725447  	103.125649 
2458.157105  	103.189717 
2459.588763  	103.211617 
2461.020422  	103.242919 
2462.452080  	103.291213 
2463.883738  	103.347181 
2465.315396  	103.290038 
2466.747054  	103.201200 
2468.178712  	103.252874 
2469.610371  	103.308458 
2471.042029  	103.341628 
2472.473687  	103.342237 
2473.905345  	103.240063 
2475.337003  	103.247960 
2476.768662  	103.324742 
2478.200320  	103.300753 
2479.631978  	103.324008 
2481.063636  	103.349047 
2482.495294  	103.308281 
2483.926953  	103.300698 
2485.358611  	103.288926 
2486.790269  	103.286803 
2488.221927  	103.290931 
2489.653585  	103.306151 
2491.085243  	103.380812 
2492.516902  	103.383588 
2493.948560  	103.410378 
2495.380218  	103.503806 
2496.811876  	103.390808 
2498.243534  	103.321893 
2499.675193  	103.482169 
2501.106851  	103.501611 
2502.538509  	103.416795 
2503.970167  	103.397861 
2505.401825  	103.406743 
2506.833483  	103.501048 
2508.265142  	103.547358 
2509.696800  	103.485157 
2511.128458  	103.434253 
2512.560116  	103.358807 
2513.991774  	103.362311 
2515.423433  	103.488053 
2516.855091  	103.566857 
2518.286749  	103.605791 
2519.718407  	103.581744 
2521.150065  	103.495697 
2522.581724  	103.514102 
2524.013382  	103.591375 
2525.445040  	103.592885 
2526.876698  	103.546703 
2528.308356  	103.533873 
2529.740014  	103.516419 
2531.171673  	103.401160 
2532.603331  	103.372042 
2534.034989  	103.508105 
2535.466647  	103.539517 
2536.898305  	103.487199 
2538.329964  	103.494750 
2539.761622  	103.498837 
2541.193280  	103.531913 
2542.624938  	103.568137 
2544.056596  	103.577875 
2545.488254  	103.624121 
2546.919913  	103.583168 
2548.351571  	103.486687 
2549.783229  	103.547241 
2551.214887  	103.685012 
2552.646545  	103.735814 
2554.078204  	103.696709 
2555.509862  	103.650886 
2556.941520  	103.656930 
2558.373178  	103.696443 
2559.804836  	103.747959 
2561.236495  	103.712521 
2562.668153  	103.611439 
2564.099811  	103.641244 
2565.531469  	103.701817 
2566.963127  	103.674259 
2568.394785  	103.657733 
2569.826444  	103.577591 
2571.258102  	103.487146 
2572.689760  	103.542301 
2574.121418  	103.585190 
2575.553076  	103.532913 
2576.984735  	103.482620 
2578.416393  	103.487845 
2579.848051  	103.545161 
2581.279709  	103.549825 
2582.711367  	103.537274 
2584.143026  	103.565734 
2585.574684  	103.518720 
2587.006342  	103.497607 
2588.438000  	103.575800 
2589.869658  	103.589588 
2591.301316  	103.583865 
2592.732975  	103.593983 
2594.164633  	103.536539 
2595.596291  	103.494003 
2597.027949  	103.500395 
2598.459607  	103.507423 
2599.891266  	103.502587 
2601.322924  	103.491519 
2602.754582  	103.546140 
2604.186240  	103.645304 
2605.617898  	103.703253 
2607.049556  	103.698945 
2608.481215  	103.611262 
2609.912873  	103.557258 
2611.344531  	103.607848 
2612.776189  	103.611034 
2614.207847  	103.577672 
2615.639506  	103.606248 
2617.071164  	103.652793 
2618.502822  	103.679833 
2619.934480  	103.642167 
2621.366138  	103.594946 
2622.797797  	103.634580 
2624.229455  	103.658411 
2625.661113  	103.661108 
2627.092771  	103.715451 
2628.524429  	103.706311 
2629.956087  	103.662920 
2631.387746  	103.718588 
2632.819404  	103.783116 
2634.251062  	103.785778 
2635.682720  	103.791052 
2637.114378  	103.809133 
2638.546037  	103.806904 
2639.977695  	103.789823 
2641.409353  	103.793094 
2642.841011  	103.815141 
2644.272669  	103.816742 
2645.704328  	103.802806 
2647.135986  	103.791604 
2648.567644  	103.763572 
2649.999302  	103.749759 
2651.430960  	103.802768 
2652.862618  	103.836645 
2654.294277  	103.783080 
2655.725935  	103.756334 
2657.157593  	103.776649 
2658.589251  	103.762103 
2660.020909  	103.775035 
2661.452568  	103.817908 
2662.884226  	103.794043 
2664.315884  	103.745503 
2665.747542  	103.724490 
2667.179200  	103.723971 
2668.610858  	103.744221 
2670.042517  	103.753050 
2671.474175  	103.772258 
2672.905833  	103.803091 
2674.337491  	103.769257 
2675.769149  	103.734662 
2677.200808  	103.750115 
2678.632466  	103.725166 
2680.064124  	103.692762 
2681.495782  	103.709460 
2682.927440  	103.729082 
2684.359099  	103.768587 
2685.790757  	103.812705 
2687.222415  	103.801357 
2688.654073  	103.779350 
2690.085731  	103.754095 
2691.517389  	103.709861 
2692.949048  	103.723291 
2694.380706  	103.746994 
2695.812364  	103.697265 
2697.244022  	103.697644 
2698.675680  	103.752010 
2700.107339  	103.711574 
2701.538997  	103.672971 
2702.970655  	103.726434 
2704.402313  	103.745361 
2705.833971  	103.712136 
2707.265630  	103.674172 
2708.697288  	103.635614 
2710.128946  	103.629199 
2711.560604  	103.606757 
2712.992262  	103.562214 
2714.423920  	103.570924 
2715.855579  	103.574173 
2717.287237  	103.549618 
2718.718895  	103.566165 
2720.150553  	103.606870 
2721.582211  	103.651062 
2723.013870  	103.659005 
2724.445528  	103.612127 
2725.877186  	103.605901 
2727.308844  	103.643386 
2728.740502  	103.658708 
2730.172160  	103.644013 
2731.603819  	103.606623 
2733.035477  	103.614342 
2734.467135  	103.643321 
2735.898793  	103.601110 
2737.330451  	103.584053 
2738.762110  	103.616440 
2740.193768  	103.590951 
2741.625426  	103.575038 
2743.057084  	103.623872 
2744.488742  	103.660683 
2745.920401  	103.651498 
2747.352059  	103.613001 
2748.783717  	103.599153 
2750.215375  	103.627523 
2751.647033  	103.657488 
2753.078691  	103.664383 
2754.510350  	103.603402 
2755.942008  	103.518140 
2757.373666  	103.531049 
2758.805324  	103.585409 
2760.236982  	103.562068 
2761.668641  	103.493996 
2763.100299  	103.457551 
2764.531957  	103.463890 
2765.963615  	103.476827 
2767.395273  	103.473807 
2768.826931  	103.449622 
2770.258590  	103.419928 
2771.690248  	103.424385 
2773.121906  	103.423295 
2774.553564  	103.383240 
2775.985222  	103.372313 
2777.416881  	103.392899 
2778.848539  	103.402075 
2780.280197  	103.394514 
2781.711855  	103.372858 
2783.143513  	103.380134 
2784.575172  	103.393659 
2786.006830  	103.371039 
2787.438488  	103.376023 
2788.870146  	103.398745 
2790.301804  	103.421512 
2791.733462  	103.476510 
2793.165121  	103.474644 
2794.596779  	103.431362 
2796.028437  	103.447214 
2797.460095  	103.446616 
2798.891753  	103.418299 
2800.323412  	103.411465 
2801.755070  	103.373193 
2803.186728  	103.330212 
2804.618386  	103.325301 
2806.050044  	103.328627 
2807.481703  	103.329286 
2808.913361  	103.316481 
2810.345019  	103.303950 
2811.776677  	103.301266 
2813.208335  	103.306850 
2814.639993  	103.343940 
2816.071652  	103.352982 
2817.503310  	103.309387 
2818.934968  	103.294882 
2820.366626  	103.294464 
2821.798284  	103.270010 
2823.229943  	103.243659 
2824.661601  	103.232860 
2826.093259  	103.240187 
2827.524917  	103.208553 
2828.956575  	103.179234 
2830.388233  	103.238916 
2831.819892  	103.250253 
2833.251550  	103.170238 
2834.683208  	103.145152 
2836.114866  	103.143446 
2837.546524  	103.098607 
2838.978183  	103.036879 
2840.409841  	102.967691 
2841.841499  	102.914958 
2843.273157  	102.857749 
2844.704815  	102.791159 
2846.136474  	102.751819 
2847.568132  	102.682092 
2848.999790  	102.566953 
2850.431448  	102.452464 
2851.863106  	102.344641 
2853.294764  	102.282948 
2854.726423  	102.238696 
2856.158081  	102.141022 
2857.589739  	102.024033 
2859.021397  	101.908104 
2860.453055  	101.782513 
2861.884714  	101.627585 
2863.316372  	101.399863 
2864.748030  	101.140089 
2866.179688  	100.902457 
2867.611346  	100.661383 
2869.043005  	100.392701 
2870.474663  	100.153425 
2871.906321  	100.038362 
2873.337979  	100.016508 
2874.769637  	100.046121 
2876.201295  	100.191337 
2877.632954  	100.393642 
2879.064612  	100.573646 
2880.496270  	100.777606 
2881.927928  	100.976539 
2883.359586  	101.140889 
2884.791245  	101.255664 
2886.222903  	101.247492 
2887.654561  	101.192965 
2889.086219  	101.150574 
2890.517877  	101.075594 
2891.949535  	101.061531 
2893.381194  	101.110957 
2894.812852  	101.111455 
2896.244510  	101.091887 
2897.676168  	101.087692 
2899.107826  	101.104033 
2900.539485  	101.099023 
2901.971143  	101.011281 
2903.402801  	100.961954 
2904.834459  	100.971593 
2906.266117  	100.880849 
2907.697776  	100.743515 
2909.129434  	100.659964 
2910.561092  	100.585671 
2911.992750  	100.501369 
2913.424408  	100.417779 
2914.856066  	100.373247 
2916.287725  	100.375652 
2917.719383  	100.350847 
2919.151041  	100.291440 
2920.582699  	100.228290 
2922.014357  	100.134265 
2923.446016  	99.978238 
2924.877674  	99.772708 
2926.309332  	99.558430 
2927.740990  	99.332162 
2929.172648  	99.131237 
2930.604306  	99.030822 
2932.035965  	98.957821 
2933.467623  	98.872455 
2934.899281  	98.862674 
2936.330939  	98.901644 
2937.762597  	98.951699 
2939.194256  	99.061973 
2940.625914  	99.202124 
2942.057572  	99.289564 
2943.489230  	99.301935 
2944.920888  	99.311378 
2946.352547  	99.339568 
2947.784205  	99.288847 
2949.215863  	99.199489 
2950.647521  	99.134894 
2952.079179  	98.969736 
2953.510837  	98.658310 
2954.942496  	98.272373 
2956.374154  	97.888501 
2957.805812  	97.534961 
2959.237470  	97.076749 
2960.669128  	96.508003 
2962.100787  	96.013709 
2963.532445  	95.607538 
2964.964103  	95.271884 
2966.395761  	95.064900 
2967.827419  	94.974912 
2969.259078  	95.029761 
2970.690736  	95.211969 
2972.122394  	95.440740 
2973.554052  	95.803263 
2974.985710  	96.293118 
2976.417368  	96.736338 
2977.849027  	97.165522 
2979.280685  	97.656784 
2980.712343  	98.165560 
2982.144001  	98.679524 
2983.575659  	99.159567 
2985.007318  	99.571101 
2986.438976  	99.952975 
2987.870634  	100.325041 
2989.302292  	100.661425 
2990.733950  	100.928085 
2992.165608  	101.172782 
2993.597267  	101.461775 
2995.028925  	101.748362 
2996.460583  	101.989505 
2997.892241  	102.179815 
2999.323899  	102.309555 
3000.755558  	102.428881 
3002.187216  	102.565264 
3003.618874  	102.696315 
3005.050532  	102.819484 
3006.482190  	102.911441 
3007.913849  	102.977803 
3009.345507  	103.061375 
3010.777165  	103.131704 
3012.208823  	103.179438 
3013.640481  	103.275778 
3015.072139  	103.378462 
3016.503798  	103.382757 
3017.935456  	103.357311 
3019.367114  	103.381202 
3020.798772  	103.391862 
3022.230430  	103.385551 
3023.662089  	103.372672 
3025.093747  	103.304753 
3026.525405  	103.222134 
3027.957063  	103.139115 
3029.388721  	103.021982 
3030.820380  	102.919629 
3032.252038  	102.835057 
3033.683696  	102.738929 
3035.115354  	102.617645 
3036.547012  	102.443211 
3037.978670  	102.294541 
3039.410329  	102.203958 
3040.841987  	102.122609 
3042.273645  	102.145228 
3043.705303  	102.251540 
3045.136961  	102.260742 
3046.568620  	102.219361 
3048.000278  	102.257678 
3049.431936  	102.351315 
3050.863594  	102.430673 
3052.295252  	102.435379 
3053.726910  	102.348267 
3055.158569  	102.237207 
3056.590227  	102.197887 
3058.021885  	102.224522 
3059.453543  	102.238570 
3060.885201  	102.260679 
3062.316860  	102.284538 
3063.748518  	102.281988 
3065.180176  	102.362960 
3066.611834  	102.472389 
3068.043492  	102.473981 
3069.475151  	102.503464 
3070.906809  	102.587948 
3072.338467  	102.613522 
3073.770125  	102.654750 
3075.201783  	102.732745 
3076.633441  	102.781390 
3078.065100  	102.811332 
3079.496758  	102.831498 
3080.928416  	102.877664 
3082.360074  	102.944966 
3083.791732  	103.000316 
3085.223391  	103.082608 
3086.655049  	103.136683 
3088.086707  	103.140036 
3089.518365  	103.200990 
3090.950023  	103.271331 
3092.381682  	103.287400 
3093.813340  	103.325453 
3095.244998  	103.372468 
3096.676656  	103.384038 
3098.108314  	103.395880 
3099.539972  	103.418003 
3100.971631  	103.428363 
3102.403289  	103.425120 
3103.834947  	103.413818 
3105.266605  	103.391963 
3106.698263  	103.390788 
3108.129922  	103.412268 
3109.561580  	103.390488 
3110.993238  	103.367285 
3112.424896  	103.400708 
3113.856554  	103.414552 
3115.288212  	103.399296 
3116.719871  	103.404585 
3118.151529  	103.427929 
3119.583187  	103.446654 
3121.014845  	103.425170 
3122.446503  	103.457132 
3123.878162  	103.582046 
3125.309820  	103.601697 
3126.741478  	103.543397 
3128.173136  	103.585626 
3129.604794  	103.672856 
3131.036453  	103.745527 
3132.468111  	103.755407 
3133.899769  	103.692189 
3135.331427  	103.687390 
3136.763085  	103.666408 
3138.194743  	103.589084 
3139.626402  	103.647928 
3141.058060  	103.746491 
3142.489718  	103.744210 
3143.921376  	103.768194 
3145.353034  	103.788474 
3146.784693  	103.742392 
3148.216351  	103.741496 
3149.648009  	103.786829 
3151.079667  	103.794914 
3152.511325  	103.787544 
3153.942983  	103.827356 
3155.374642  	103.861165 
3156.806300  	103.807196 
3158.237958  	103.782341 
3159.669616  	103.873699 
3161.101274  	103.918074 
3162.532933  	103.838411 
3163.964591  	103.768566 
3165.396249  	103.774789 
3166.827907  	103.807932 
3168.259565  	103.847167 
3169.691224  	103.867563 
3171.122882  	103.832807 
3172.554540  	103.823718 
3173.986198  	103.877815 
3175.417856  	103.872859 
3176.849514  	103.811129 
3178.281173  	103.776775 
3179.712831  	103.748160 
3181.144489  	103.736657 
3182.576147  	103.758382 
3184.007805  	103.797820 
3185.439464  	103.862113 
3186.871122  	103.882119 
3188.302780  	103.829246 
3189.734438  	103.782007 
3191.166096  	103.757073 
3192.597755  	103.743134 
3194.029413  	103.735545 
3195.461071  	103.747050 
3196.892729  	103.811563 
3198.324387  	103.862032 
3199.756045  	103.835334 
3201.187704  	103.764774 
3202.619362  	103.714199 
3204.051020  	103.782956 
3205.482678  	103.889159 
3206.914336  	103.852081 
3208.345995  	103.777505 
3209.777653  	103.796783 
3211.209311  	103.838649 
3212.640969  	103.843103 
3214.072627  	103.810707 
3215.504285  	103.804201 
3216.935944  	103.821376 
3218.367602  	103.768032 
3219.799260  	103.747718 
3221.230918  	103.853188 
3222.662576  	103.908637 
3224.094235  	103.840664 
3225.525893  	103.814628 
3226.957551  	103.916295 
3228.389209  	103.976979 
3229.820867  	103.884398 
3231.252526  	103.833017 
3232.684184  	103.896759 
3234.115842  	103.928334 
3235.547500  	103.935857 
3236.979158  	103.928104 
3238.410816  	103.860703 
3239.842475  	103.847426 
3241.274133  	103.924937 
3242.705791  	103.969378 
3244.137449  	103.946437 
3245.569107  	103.917441 
3247.000766  	103.883083 
3248.432424  	103.806136 
3249.864082  	103.774821 
3251.295740  	103.857676 
3252.727398  	103.938113 
3254.159057  	103.950549 
3255.590715  	103.938611 
3257.022373  	103.953177 
3258.454031  	104.007446 
3259.885689  	104.009340 
3261.317347  	103.965980 
3262.749006  	103.951234 
3264.180664  	103.899653 
3265.612322  	103.871160 
3267.043980  	103.909595 
3268.475638  	103.869905 
3269.907297  	103.839731 
3271.338955  	103.878816 
3272.770613  	103.829507 
3274.202271  	103.819618 
3275.633929  	103.949913 
3277.065587  	103.997855 
3278.497246  	103.910671 
3279.928904  	103.819754 
3281.360562  	103.797835 
3282.792220  	103.836419 
3284.223878  	103.866771 
3285.655537  	103.875799 
3287.087195  	103.858668 
3288.518853  	103.839311 
3289.950511  	103.920775 
3291.382169  	104.004583 
3292.813828  	103.938866 
3294.245486  	103.877439 
3295.677144  	103.938235 
3297.108802  	103.982759 
3298.540460  	103.940797 
3299.972118  	103.895631 
3301.403777  	103.900740 
3302.835435  	103.941467 
3304.267093  	103.971694 
3305.698751  	103.944915 
3307.130409  	103.914539 
3308.562068  	103.961341 
3309.993726  	104.003449 
3311.425384  	103.960429 
3312.857042  	103.923539 
3314.288700  	103.954667 
3315.720359  	103.977697 
3317.152017  	103.911541 
3318.583675  	103.840276 
3320.015333  	103.899754 
3321.446991  	104.003736 
3322.878649  	104.036549 
3324.310308  	104.043180 
3325.741966  	104.026837 
3327.173624  	103.981336 
3328.605282  	103.957449 
3330.036940  	103.960458 
3331.468599  	103.966418 
3332.900257  	103.933950 
3334.331915  	103.893500 
3335.763573  	103.903306 
3337.195231  	103.903442 
3338.626889  	103.915820 
3340.058548  	103.976075 
3341.490206  	103.991990 
3342.921864  	104.016840 
3344.353522  	104.061266 
3345.785180  	104.001863 
3347.216839  	103.945079 
3348.648497  	103.940656 
3350.080155  	103.880050 
3351.511813  	103.863504 
3352.943471  	103.939575 
3354.375130  	103.983192 
3355.806788  	103.967887 
3357.238446  	103.931669 
3358.670104  	103.928058 
3360.101762  	103.953061 
3361.533420  	103.928922 
3362.965079  	103.881846 
3364.396737  	103.886915 
3365.828395  	103.956418 
3367.260053  	104.037420 
3368.691711  	104.030123 
3370.123370  	103.957188 
3371.555028  	103.932554 
3372.986686  	103.956041 
3374.418344  	103.954605 
3375.850002  	103.922612 
3377.281660  	103.917159 
3378.713319  	103.936841 
3380.144977  	103.961675 
3381.576635  	103.994214 
3383.008293  	103.945968 
3384.439951  	103.856735 
3385.871610  	103.882059 
3387.303268  	103.913540 
3388.734926  	103.892221 
3390.166584  	103.923930 
3391.598242  	103.925197 
3393.029901  	103.919141 
3394.461559  	104.014804 
3395.893217  	104.073092 
3397.324875  	104.038233 
3398.756533  	103.948027 
3400.188191  	103.843344 
3401.619850  	103.875639 
3403.051508  	103.967870 
3404.483166  	103.936011 
3405.914824  	103.910113 
3407.346482  	103.976181 
3408.778141  	104.017646 
3410.209799  	104.016833 
3411.641457  	104.035551 
3413.073115  	104.031071 
3414.504773  	103.934847 
3415.936432  	103.896337 
3417.368090  	104.008165 
3418.799748  	104.022504 
3420.231406  	103.888219 
3421.663064  	103.849535 
3423.094722  	103.903843 
3424.526381  	103.952698 
3425.958039  	104.026931 
3427.389697  	104.075219 
3428.821355  	104.039169 
3430.253013  	103.966421 
3431.684672  	103.908081 
3433.116330  	103.893361 
3434.547988  	103.951183 
3435.979646  	104.034834 
3437.411304  	104.051269 
3438.842962  	104.035158 
3440.274621  	104.034101 
3441.706279  	103.997200 
3443.137937  	103.960412 
3444.569595  	103.955419 
3446.001253  	103.930970 
3447.432912  	103.925319 
3448.864570  	103.966300 
3450.296228  	104.007617 
3451.727886  	103.989926 
3453.159544  	103.895036 
3454.591203  	103.879143 
3456.022861  	103.937872 
3457.454519  	103.903324 
3458.886177  	103.901554 
3460.317835  	103.973299 
3461.749493  	103.955160 
3463.181152  	103.929838 
3464.612810  	103.943641 
3466.044468  	103.937217 
3467.476126  	103.930940 
3468.907784  	103.873673 
3470.339443  	103.858098 
3471.771101  	103.950864 
3473.202759  	103.965047 
3474.634417  	103.946546 
3476.066075  	103.986235 
3477.497734  	103.972428 
3478.929392  	103.979796 
3480.361050  	104.008385 
3481.792708  	103.912166 
3483.224366  	103.813046 
3484.656024  	103.848447 
3486.087683  	103.941556 
3487.519341  	103.988664 
3488.950999  	103.983959 
3490.382657  	104.026478 
3491.814315  	104.071079 
3493.245974  	104.035133 
3494.677632  	103.976795 
3496.109290  	103.893341 
3497.540948  	103.833921 
3498.972606  	103.880057 
3500.404264  	103.898712 
3501.835923  	103.819822 
3503.267581  	103.729213 
3504.699239  	103.710644 
3506.130897  	103.803283 
3507.562555  	103.880554 
3508.994214  	103.840314 
3510.425872  	103.792337 
3511.857530  	103.823042 
3513.289188  	103.892412 
3514.720846  	103.930384 
3516.152505  	103.880531 
3517.584163  	103.824374 
3519.015821  	103.835045 
3520.447479  	103.844910 
3521.879137  	103.790105 
3523.310795  	103.678995 
3524.742454  	103.603480 
3526.174112  	103.609407 
3527.605770  	103.638166 
3529.037428  	103.707316 
3530.469086  	103.802803 
3531.900745  	103.823843 
3533.332403  	103.765564 
3534.764061  	103.717025 
3536.195719  	103.731664 
3537.627377  	103.766522 
3539.059035  	103.775867 
3540.490694  	103.800417 
3541.922352  	103.821581 
3543.354010  	103.798895 
3544.785668  	103.760360 
3546.217326  	103.697838 
3547.648985  	103.652922 
3549.080643  	103.723898 
3550.512301  	103.835620 
3551.943959  	103.866580 
3553.375617  	103.812069 
3554.807276  	103.790224 
3556.238934  	103.811525 
3557.670592  	103.806712 
3559.102250  	103.826797 
3560.533908  	103.873516 
3561.965566  	103.821850 
3563.397225  	103.724469 
3564.828883  	103.682630 
3566.260541  	103.642691 
3567.692199  	103.597006 
3569.123857  	103.687132 
3570.555516  	103.871555 
3571.987174  	103.938254 
3573.418832  	103.815791 
3574.850490  	103.782296 
3576.282148  	103.928002 
3577.713807  	103.974658 
3579.145465  	103.911348 
3580.577123  	103.884964 
3582.008781  	103.901816 
3583.440439  	103.952663 
3584.872097  	103.965467 
3586.303756  	103.887462 
3587.735414  	103.799620 
3589.167072  	103.816199 
3590.598730  	103.911141 
3592.030388  	103.974297 
3593.462047  	103.970401 
3594.893705  	103.982012 
3596.325363  	104.012855 
3597.757021  	104.006182 
3599.188679  	104.014817 
3600.620337  	104.022957 
3602.051996  	104.005938 
3603.483654  	104.050369 
3604.915312  	104.147823 
3606.346970  	104.141357 
3607.778628  	103.946461 
3609.210287  	103.847080 
3610.641945  	104.031618 
3612.073603  	104.088082 
3613.505261  	103.951266 
3614.936919  	103.962988 
3616.368578  	104.022672 
3617.800236  	103.914505 
3619.231894  	103.798709 
3620.663552  	103.874897 
3622.095210  	103.995647 
3623.526868  	104.034831 
3624.958527  	104.047841 
3626.390185  	104.082957 
3627.821843  	103.941621 
3629.253501  	103.440314 
3630.685159  	103.527967 
3632.116818  	103.883322 
3633.548476  	103.897516 
3634.980134  	103.918312 
3636.411792  	104.124430 
3637.843450  	104.147947 
3639.275109  	104.053096 
3640.706767  	104.001941 
3642.138425  	103.852237 
3643.570083  	103.827419 
3645.001741  	103.963211 
3646.433399  	103.849116 
3647.865058  	103.604427 
3649.296716  	103.587239 
3650.728374  	103.480724 
3652.160032  	103.633316 
3653.591690  	103.943450 
3655.023349  	103.962880 
3656.455007  	103.764605 
3657.886665  	103.714621 
3659.318323  	103.803460 
3660.749981  	103.883599 
3662.181639  	103.920353 
3663.613298  	103.951051 
3665.044956  	103.956066 
3666.476614  	103.866558 
3667.908272  	103.790065 
3669.339930  	103.654509 
3670.771589  	103.408814 
3672.203247  	103.689827 
3673.634905  	103.897851 
3675.066563  	103.352399 
3676.498221  	102.929325 
3677.929880  	103.705484 
3679.361538  	103.964857 
3680.793196  	103.924671 
3682.224854  	104.015087 
3683.656512  	104.015514 
3685.088170  	103.987821 
3686.519829  	104.029449 
3687.951487  	103.833103 
3689.383145  	103.670631 
3690.814803  	103.897442 
3692.246461  	103.920023 
3693.678120  	103.983794 
3695.109778  	104.164817 
3696.541436  	104.139292 
3697.973094  	104.129845 
3699.404752  	104.237321 
3700.836411  	104.146730 
3702.268069  	104.035504 
3703.699727  	104.133022 
3705.131385  	104.195811 
3706.563043  	104.225674 
3707.994701  	104.215101 
3709.426360  	104.150377 
3710.858018  	104.075939 
3712.289676  	103.847025 
3713.721334  	103.804302 
3715.152992  	104.112020 
3716.584651  	104.265080 
3718.016309  	104.207363 
3719.447967  	104.229876 
3720.879625  	104.231714 
3722.311283  	104.048305 
3723.742941  	104.017105 
3725.174600  	104.172730 
3726.606258  	104.140662 
3728.037916  	104.108686 
3729.469574  	104.227272 
3730.901232  	104.116752 
3732.332891  	103.877794 
3733.764549  	103.990801 
3735.196207  	103.897220 
3736.627865  	103.551746 
3738.059523  	103.839840 
3739.491182  	104.067108 
3740.922840  	104.101040 
3742.354498  	104.193075 
3743.786156  	103.964889 
3745.217814  	103.382714 
3746.649472  	103.823216 
3748.081131  	104.057539 
3749.512789  	103.808119 
3750.944447  	103.711704 
3752.376105  	103.869182 
3753.807763  	103.941893 
3755.239422  	104.060446 
3756.671080  	104.125290 
3758.102738  	104.113137 
3759.534396  	104.136277 
3760.966054  	104.197581 
3762.397712  	104.283315 
3763.829371  	104.285904 
3765.261029  	104.164258 
3766.692687  	104.181846 
3768.124345  	104.256445 
3769.556003  	104.071722 
3770.987662  	103.941867 
3772.419320  	104.149470 
3773.850978  	104.332038 
3775.282636  	104.427376 
3776.714294  	104.431783 
3778.145953  	104.301534 
3779.577611  	104.173849 
3781.009269  	104.237320 
3782.440927  	104.339375 
3783.872585  	104.319361 
3785.304243  	104.268296 
3786.735902  	104.316517 
3788.167560  	104.361290 
3789.599218  	104.368313 
3791.030876  	104.381045 
3792.462534  	104.381348 
3793.894193  	104.382706 
3795.325851  	104.278816 
3796.757509  	104.095961 
3798.189167  	104.273065 
3799.620825  	104.414261 
3801.052484  	103.972509 
3802.484142  	103.566560 
3803.915800  	104.010708 
3805.347458  	104.197684 
3806.779116  	104.051234 
3808.210774  	104.074274 
3809.642433  	104.283886 
3811.074091  	104.322285 
3812.505749  	104.300822 
3813.937407  	104.333464 
3815.369065  	104.136597 
3816.800724  	103.811814 
3818.232382  	104.114085 
3819.664040  	104.268626 
3821.095698  	103.841079 
3822.527356  	103.784095 
3823.959014  	104.248835 
3825.390673  	104.296120 
3826.822331  	104.086971 
3828.253989  	104.114682 
3829.685647  	104.288709 
3831.117305  	104.284776 
3832.548964  	104.147993 
3833.980622  	104.094858 
3835.412280  	104.070313 
3836.843938  	104.034962 
3838.275596  	103.976302 
3839.707255  	103.923237 
3841.138913  	104.068787 
3842.570571  	104.187464 
3844.002229  	104.073375 
3845.433887  	104.075946 
3846.865545  	104.261265 
3848.297204  	104.290431 
3849.728862  	104.231470 
3851.160520  	104.223656 
3852.592178  	103.950572 
3854.023836  	103.382697 
3855.455495  	103.725045 
3856.887153  	104.047836 
3858.318811  	104.126716 
3859.750469  	104.222919 
3861.182127  	104.281693 
3862.613786  	104.255035 
3864.045444  	104.173327 
3865.477102  	103.971252 
3866.908760  	103.988507 
3868.340418  	104.097589 
3869.772076  	103.848467 
3871.203735  	103.809125 
3872.635393  	104.156141 
3874.067051  	104.067177 
3875.498709  	103.898163 
3876.930367  	104.147774 
3878.362026  	104.237217 
3879.793684  	103.998255 
3881.225342  	103.789297 
3882.657000  	103.954069 
3884.088658  	104.121829 
3885.520316  	103.970033 
3886.951975  	103.905191 
3888.383633  	104.220123 
3889.815291  	104.265480 
3891.246949  	104.016275 
3892.678607  	103.988577 
3894.110266  	104.111304 
3895.541924  	104.136947 
3896.973582  	104.140352 
3898.405240  	104.113465 
3899.836898  	104.043811 
3901.268557  	103.959638 
3902.700215  	103.864867 
3904.131873  	103.771254 
3905.563531  	103.797815 
3906.995189  	104.032742 
3908.426847  	104.284345 
3909.858506  	104.321487 
3911.290164  	104.183497 
3912.721822  	104.157667 
3914.153480  	104.287215 
3915.585138  	104.284266 
3917.016797  	104.104826 
3918.448455  	104.028770 
3919.880113  	104.009331 
3921.311771  	103.997612 
3922.743429  	104.127489 
3924.175088  	104.181374 
3925.606746  	104.053078 
3927.038404  	104.021680 
3928.470062  	104.074272 
3929.901720  	104.103333 
3931.333378  	104.116838 
3932.765037  	104.109054 
3934.196695  	104.165380 
3935.628353  	104.225330 
3937.060011  	104.175959 
3938.491669  	104.153988 
3939.923328  	104.235271 
3941.354986  	104.250248 
3942.786644  	104.125162 
3944.218302  	104.040003 
3945.649960  	104.134780 
3947.081618  	104.244621 
3948.513277  	104.226454 
3949.944935  	104.152623 
3951.376593  	104.115198 
3952.808251  	104.105189 
3954.239909  	104.116637 
3955.671568  	104.138230 
3957.103226  	104.156918 
3958.534884  	104.148406 
3959.966542  	104.107776 
3961.398200  	104.077205 
3962.829859  	104.117657 
3964.261517  	104.219529 
3965.693175  	104.224318 
3967.124833  	104.102047 
3968.556491  	104.039852 
3969.988149  	104.070354 
3971.419808  	104.121273 
3972.851466  	104.164971 
3974.283124  	104.111541 
3975.714782  	104.071956 
3977.146440  	104.185201 
3978.578099  	104.256202 
3980.009757  	104.220994 
3981.441415  	104.190677 
3982.873073  	104.148649 
3984.304731  	104.142438 
3985.736389  	104.183737 
3987.168048  	104.178904 
3988.599706  	104.151045 
3990.031364  	104.111485 
3991.463022  	104.064843 
3992.894680  	104.080992 
3994.326339  	104.122160 
3995.757997  	104.148829 
3997.189655  	104.130081 
3998.621313  	104.010879 
4000.052971  	103.958928 
4001.484630  	104.089501 
4002.916288  	104.138564 
4004.347946  	104.048469 
4005.779604  	104.112850 
4007.211262  	104.231477 
4008.642920  	104.129800 
4010.074579  	104.043382 
4011.506237  	104.143744 
4012.937895  	104.174730 
4014.369553  	104.103317 
4015.801211  	104.076791 
4017.232870  	104.086477 
4018.664528  	104.117707 
4020.096186  	104.122502 
4021.527844  	104.102865 
4022.959502  	104.143549 
4024.391161  	104.155509 
4025.822819  	104.112684 
4027.254477  	104.144723 
4028.686135  	104.195716 
4030.117793  	104.170921 
4031.549451  	104.100160 
4032.981110  	104.041539 
4034.412768  	104.060377 
4035.844426  	104.119693 
4037.276084  	104.128257 
4038.707742  	104.082255 
4040.139401  	104.035379 
4041.571059  	104.049943 
4043.002717  	104.089858 
4044.434375  	104.079634 
4045.866033  	104.019490 
4047.297691  	103.931561 
4048.729350  	103.914953 
4050.161008  	103.976452 
4051.592666  	103.960430 
4053.024324  	103.926336 
4054.455982  	103.938620 
4055.887641  	103.901456 
4057.319299  	103.890753 
4058.750957  	103.905941 
4060.182615  	103.903674 
4061.614273  	104.016087 
4063.045932  	104.090583 
4064.477590  	103.968267 
4065.909248  	103.854867 
4067.340906  	103.794772 
4068.772564  	103.737392 
4070.204222  	103.757426 
4071.635881  	103.824575 
4073.067539  	103.863512 
4074.499197  	103.792999 
4075.930855  	103.683812 
4077.362513  	103.758648 
4078.794172  	103.889726 
4080.225830  	103.873025 
4081.657488  	103.842882 
4083.089146  	103.850901 
4084.520804  	103.839831 
4085.952463  	103.859960 
4087.384121  	103.922481 
4088.815779  	103.977909 
4090.247437  	103.960155 
4091.679095  	103.911481 
4093.110753  	103.935274 
4094.542412  	103.956688 
4095.974070  	103.958925 
4097.405728  	104.016149 
4098.837386  	104.018209 
4100.269044  	103.964192 
4101.700703  	104.004529 
4103.132361  	104.089314 
4104.564019  	104.113516 
4105.995677  	104.084412 
4107.427335  	104.061837 
4108.858993  	104.098204 
4110.290652  	104.132071 
4111.722310  	104.119988 
4113.153968  	104.117289 
4114.585626  	104.090524 
4116.017284  	104.020965 
4117.448943  	104.019699 
4118.880601  	104.096572 
4120.312259  	104.153962 
4121.743917  	104.175314 
4123.175575  	104.167488 
4124.607234  	104.133630 
4126.038892  	104.130242 
4127.470550  	104.136471 
4128.902208  	104.095369 
4130.333866  	104.104179 
4131.765524  	104.197544 
4133.197183  	104.209171 
4134.628841  	104.105661 
4136.060499  	104.051305 
4137.492157  	104.107133 
4138.923815  	104.166796 
4140.355474  	104.147738 
4141.787132  	104.117903 
4143.218790  	104.140045 
4144.650448  	104.147833 
4146.082106  	104.134377 
4147.513764  	104.175590 
4148.945423  	104.211340 
4150.377081  	104.145916 
4151.808739  	104.070152 
4153.240397  	104.085889 
4154.672055  	104.120578 
4156.103714  	104.103211 
4157.535372  	104.062467 
4158.967030  	104.058769 
4160.398688  	104.117375 
4161.830346  	104.108447 
4163.262005  	103.986132 
4164.693663  	103.985709 
4166.125321  	104.108263 
4167.556979  	104.115758 
4168.988637  	104.067248 
4170.420295  	104.050978 
4171.851954  	104.013167 
4173.283612  	104.040549 
4174.715270  	104.113021 
4176.146928  	104.064355 
4177.578586  	103.963736 
4179.010245  	104.001862 
4180.441903  	104.134926 
4181.873561  	104.139884 
4183.305219  	104.023018 
4184.736877  	103.980442 
4186.168536  	103.988169 
4187.600194  	104.016701 
4189.031852  	104.127475 
4190.463510  	104.171647 
4191.895168  	104.107792 
4193.326826  	104.098714 
4194.758485  	104.131319 
4196.190143  	104.146033 
4197.621801  	104.116571 
4199.053459  	104.029249 
4200.485117  	104.003108 
4201.916776  	104.047608 
4203.348434  	104.057558 
4204.780092  	104.041449 
4206.211750  	104.021817 
4207.643408  	104.057204 
4209.075066  	104.142838 
4210.506725  	104.106694 
4211.938383  	103.989597 
4213.370041  	103.977782 
4214.801699  	104.047241 
4216.233357  	104.147197 
4217.665016  	104.248158 
4219.096674  	104.239531 
4220.528332  	104.126986 
4221.959990  	104.027264 
4223.391648  	103.971000 
4224.823307  	103.959312 
4226.254965  	104.037790 
4227.686623  	104.135480 
4229.118281  	104.120802 
4230.549939  	104.070989 
4231.981597  	104.059743 
4233.413256  	103.996017 
4234.844914  	103.945117 
4236.276572  	103.989588 
4237.708230  	104.010301 
4239.139888  	104.016343 
4240.571547  	104.094571 
4242.003205  	104.149470 
4243.434863  	104.113387 
4244.866521  	104.047302 
4246.298179  	103.997507 
4247.729838  	103.985351 
4249.161496  	104.024684 
4250.593154  	104.079509 
4252.024812  	104.097772 
4253.456470  	104.105955 
4254.888128  	104.128270 
4256.319787  	104.110152 
4257.751445  	104.071908 
4259.183103  	104.077602 
4260.614761  	104.117104 
4262.046419  	104.193103 
4263.478078  	104.266531 
4264.909736  	104.252728 
4266.341394  	104.184700 
4267.773052  	104.122235 
4269.204710  	104.108511 
4270.636368  	104.205721 
4272.068027  	104.311973 
4273.499685  	104.279021 
4274.931343  	104.194407 
4276.363001  	104.178789 
4277.794659  	104.175354 
4279.226318  	104.104211 
4280.657976  	104.016114 
4282.089634  	104.042691 
4283.521292  	104.146828 
4284.952950  	104.116927 
4286.384609  	103.985147 
4287.816267  	103.971791 
4289.247925  	104.052502 
4290.679583  	104.125320 
4292.111241  	104.180978 
4293.542899  	104.167642 
4294.974558  	104.157752 
4296.406216  	104.207672 
4297.837874  	104.156797 
4299.269532  	104.047661 
4300.701190  	104.021430 
4302.132849  	103.994923 
4303.564507  	103.979589 
4304.996165  	104.016324 
4306.427823  	104.039901 
4307.859481  	104.062632 
4309.291140  	104.003906 
4310.722798  	103.915652 
4312.154456  	104.056559 
4313.586114  	104.231161 
4315.017772  	104.163678 
4316.449430  	104.057332 
4317.881089  	104.027724 
4319.312747  	104.030462 
4320.744405  	104.100320 
4322.176063  	104.172337 
4323.607721  	104.207916 
4325.039380  	104.206851 
4326.471038  	104.100488 
4327.902696  	103.970941 
4329.334354  	103.973439 
4330.766012  	104.057771 
4332.197670  	104.032804 
4333.629329  	103.921550 
4335.060987  	103.956600 
4336.492645  	104.061583 
4337.924303  	104.021604 
4339.355961  	103.968867 
4340.787620  	104.000193 
4342.219278  	104.047079 
4343.650936  	104.103772 
4345.082594  	104.070757 
4346.514252  	103.975162 
4347.945911  	104.008760 
4349.377569  	104.064825 
4350.809227  	104.016286 
4352.240885  	104.022426 
4353.672543  	104.122918 
4355.104201  	104.160684 
4356.535860  	104.123519 
4357.967518  	104.152034 
4359.399176  	104.219992 
4360.830834  	104.178003 
4362.262492  	104.095734 
4363.694151  	104.075113 
4365.125809  	104.063564 
4366.557467  	104.093439 
4367.989125  	104.148064 
4369.420783  	104.092749 
4370.852441  	103.998741 
4372.284100  	103.990662 
4373.715758  	104.024154 
4375.147416  	104.111697 
4376.579074  	104.246492 
4378.010732  	104.245737 
4379.442391  	104.130956 
4380.874049  	104.154740 
4382.305707  	104.265492 
4383.737365  	104.245505 
4385.169023  	104.160314 
4386.600682  	104.133670 
4388.032340  	104.181703 
4389.463998  	104.265005 
4390.895656  	104.281369 
4392.327314  	104.279715 
4393.758972  	104.280827 
4395.190631  	104.166958 
4396.622289  	104.143820 
4398.053947  	104.291606 
4399.485605  	104.243246 
4400.917263  	104.092892 
4402.348922  	104.162311 
4403.780580  	104.244332 
4405.212238  	104.205562 
4406.643896  	104.190427 
4408.075554  	104.177596 
4409.507213  	104.126643 
4410.938871  	104.087510 
4412.370529  	104.073585 
4413.802187  	104.054862 
4415.233845  	104.050048 
4416.665503  	104.112921 
4418.097162  	104.111568 
4419.528820  	103.988481 
4420.960478  	104.011972 
4422.392136  	104.178917 
4423.823794  	104.196311 
4425.255453  	104.119497 
4426.687111  	104.125292 
4428.118769  	104.145323 
4429.550427  	104.110583 
4430.982085  	104.085214 
4432.413743  	104.109400 
4433.845402  	104.098234 
4435.277060  	104.032849 
4436.708718  	104.043219 
4438.140376  	104.129818 
4439.572034  	104.199955 
4441.003693  	104.281054 
4442.435351  	104.351627 
4443.867009  	104.311753 
4445.298667  	104.231562 
4446.730325  	104.277145 
4448.161984  	104.385724 
4449.593642  	104.360063 
4451.025300  	104.257128 
4452.456958  	104.236789 
4453.888616  	104.261708 
4455.320274  	104.283496 
4456.751933  	104.279880 
4458.183591  	104.241701 
4459.615249  	104.284026 
4461.046907  	104.328442 
4462.478565  	104.196646 
4463.910224  	104.117204 
4465.341882  	104.255543 
4466.773540  	104.343966 
4468.205198  	104.298237 
4469.636856  	104.271922 
4471.068515  	104.240287 
4472.500173  	104.158333 
4473.931831  	104.103826 
4475.363489  	104.127719 
4476.795147  	104.189599 
4478.226805  	104.225877 
4479.658464  	104.274776 
4481.090122  	104.361632 
4482.521780  	104.359619 
4483.953438  	104.242792 
4485.385096  	104.179242 
4486.816755  	104.229154 
4488.248413  	104.264419 
4489.680071  	104.210446 
4491.111729  	104.212243 
4492.543387  	104.335713 
4493.975045  	104.338152 
4495.406704  	104.210922 
4496.838362  	104.246840 
4498.270020  	104.356006 
4499.701678  	104.336870 
4501.133336  	104.292424 
4502.564995  	104.219503 
4503.996653  	104.144015 
4505.428311  	104.220099 
4506.859969  	104.283378 
4508.291627  	104.223994 
4509.723286  	104.219984 
4511.154944  	104.265684 
4512.586602  	104.314551 
4514.018260  	104.366704 
4515.449918  	104.344669 
4516.881576  	104.375414 
4518.313235  	104.501861 
4519.744893  	104.480837 
4521.176551  	104.370765 
4522.608209  	104.400340 
4524.039867  	104.519126 
4525.471526  	104.580332 
4526.903184  	104.472229 
4528.334842  	104.252763 
4529.766500  	104.172536 
4531.198158  	104.269063 
4532.629817  	104.335647 
4534.061475  	104.284741 
4535.493133  	104.259755 
4536.924791  	104.362110 
4538.356449  	104.391227 
4539.788107  	104.269599 
4541.219766  	104.268926 
4542.651424  	104.376065 
4544.083082  	104.350040 
4545.514740  	104.281343 
4546.946398  	104.324734 
4548.378057  	104.433032 
4549.809715  	104.479312 
4551.241373  	104.397206 
4552.673031  	104.321114 
4554.104689  	104.319049 
4555.536347  	104.297817 
4556.968006  	104.319474 
4558.399664  	104.364290 
4559.831322  	104.296608 
4561.262980  	104.243827 
4562.694638  	104.279419 
4564.126297  	104.301529 
4565.557955  	104.322163 
4566.989613  	104.317981 
4568.421271  	104.276178 
4569.852929  	104.236685 
4571.284588  	104.151183 
4572.716246  	104.152162 
4574.147904  	104.306022 
4575.579562  	104.327505 
4577.011220  	104.226003 
4578.442878  	104.228153 
4579.874537  	104.220196 
4581.306195  	104.169485 
4582.737853  	104.252712 
4584.169511  	104.392129 
4585.601169  	104.357112 
4587.032828  	104.166359 
4588.464486  	104.112872 
4589.896144  	104.291180 
4591.327802  	104.372026 
4592.759460  	104.206522 
4594.191118  	104.104366 
4595.622777  	104.248187 
4597.054435  	104.432343 
4598.486093  	104.495439 
4599.917751  	104.473555 
4601.349409  	104.333312 
4602.781068  	104.151632 
4604.212726  	104.183995 
4605.644384  	104.334710 
4607.076042  	104.379766 
4608.507700  	104.417641 
4609.939359  	104.457183 
4611.371017  	104.417035 
4612.802675  	104.346938 
4614.234333  	104.254562 
4615.665991  	104.247274 
4617.097649  	104.323270 
4618.529308  	104.250659 
4619.960966  	104.178684 
4621.392624  	104.278570 
4622.824282  	104.280901 
4624.255940  	104.172082 
4625.687599  	104.180570 
4627.119257  	104.291435 
4628.550915  	104.382748 
4629.982573  	104.326820 
4631.414231  	104.173164 
4632.845890  	104.129979 
4634.277548  	104.161650 
4635.709206  	104.142924 
4637.140864  	104.127086 
4638.572522  	104.182404 
4640.004180  	104.250454 
4641.435839  	104.216499 
4642.867497  	104.167434 
4644.299155  	104.232327 
4645.730813  	104.278643 
4647.162471  	104.248416 
4648.594130  	104.237088 
4650.025788  	104.250221 
4651.457446  	104.302630 
4652.889104  	104.339696 
4654.320762  	104.281731 
4655.752420  	104.225309 
4657.184079  	104.212059 
4658.615737  	104.208229 
4660.047395  	104.185422 
4661.479053  	104.085325 
4662.910711  	104.031211 
4664.342370  	104.089449 
4665.774028  	104.056379 
4667.205686  	103.978309 
4668.637344  	104.087436 
4670.069002  	104.286699 
4671.500661  	104.350423 
4672.932319  	104.313681 
4674.363977  	104.351187 
4675.795635  	104.416506 
4677.227293  	104.356544 
4678.658951  	104.255838 
4680.090610  	104.224992 
4681.522268  	104.237410 
4682.953926  	104.296677 
4684.385584  	104.399557 
4685.817242  	104.485393 
4687.248901  	104.424374 
4688.680559  	104.219699 
4690.112217  	104.129470 
4691.543875  	104.165311 
4692.975533  	104.191740 
4694.407192  	104.317620 
4695.838850  	104.381493 
4697.270508  	104.215582 
4698.702166  	104.170325 
4700.133824  	104.302130 
4701.565482  	104.334112 
4702.997141  	104.331365 
4704.428799  	104.370505 
4705.860457  	104.363668 
4707.292115  	104.260771 
4708.723773  	104.112482 
4710.155432  	104.131688 
4711.587090  	104.280275 
4713.018748  	104.291491 
4714.450406  	104.261184 
4715.882064  	104.330385 
4717.313722  	104.381964 
4718.745381  	104.401878 
4720.177039  	104.403620 
4721.608697  	104.309906 
4723.040355  	104.176031 
4724.472013  	104.186541 
4725.903672  	104.344087 
4727.335330  	104.425221 
4728.766988  	104.426778 
4730.198646  	104.459842 
4731.630304  	104.394528 
4733.061963  	104.330076 
4734.493621  	104.444249 
4735.925279  	104.483623 
4737.356937  	104.396819 
4738.788595  	104.348041 
4740.220253  	104.273971 
4741.651912  	104.332405 
4743.083570  	104.536373 
4744.515228  	104.493633 
4745.946886  	104.332780 
4747.378544  	104.354696 
4748.810203  	104.374569 
4750.241861  	104.353634 
4751.673519  	104.391786 
4753.105177  	104.359378 
4754.536835  	104.263413 
4755.968493  	104.292697 
4757.400152  	104.441142 
4758.831810  	104.428676 
4760.263468  	104.228567 
4761.695126  	104.256036 
4763.126784  	104.488342 
4764.558443  	104.485806 
4765.990101  	104.345846 
4767.421759  	104.292702 
4768.853417  	104.205302 
4770.285075  	104.099982 
4771.716734  	104.074552 
4773.148392  	104.158333 
4774.580050  	104.331276 
4776.011708  	104.364876 
4777.443366  	104.246579 
4778.875024  	104.250540 
4780.306683  	104.339004 
4781.738341  	104.373331 
4783.169999  	104.401788 
4784.601657  	104.397647 
4786.033315  	104.351865 
4787.464974  	104.329304 
4788.896632  	104.324008 
4790.328290  	104.328292 
4791.759948  	104.356914 
4793.191606  	104.459350 
4794.623265  	104.606280 
4796.054923  	104.565550 
4797.486581  	104.328699 
4798.918239  	104.239097 
4800.349897  	104.369103 
4801.781555  	104.438836 
4803.213214  	104.361183 
4804.644872  	104.310719 
4806.076530  	104.318441 
4807.508188  	104.249671 
4808.939846  	104.187815 
4810.371505  	104.288858 
4811.803163  	104.403123 
4813.234821  	104.416233 
4814.666479  	104.441263 
4816.098137  	104.452914 
4817.529795  	104.413350 
4818.961454  	104.447205 
4820.393112  	104.490166 
4821.824770  	104.431352 
4823.256428  	104.441108 
4824.688086  	104.557541 
4826.119745  	104.557757 
4827.551403  	104.448477 
4828.983061  	104.370393 
4830.414719  	104.298773 
4831.846377  	104.268120 
4833.278036  	104.328712 
4834.709694  	104.344655 
4836.141352  	104.323127 
4837.573010  	104.409690 
4839.004668  	104.484470 
4840.436326  	104.428324 
4841.867985  	104.386740 
4843.299643  	104.395522 
4844.731301  	104.398978 
4846.162959  	104.445088 
4847.594617  	104.413723 
4849.026276  	104.243065 
4850.457934  	104.220809 
4851.889592  	104.328009 
4853.321250  	104.250536 
4854.752908  	104.183835 
4856.184567  	104.342049 
4857.616225  	104.389240 
4859.047883  	104.249924 
4860.479541  	104.263497 
4861.911199  	104.414234 
4863.342857  	104.449603 
4864.774516  	104.418562 
4866.206174  	104.508788 
4867.637832  	104.601377 
4869.069490  	104.447896 
4870.501148  	104.276746 
4871.932807  	104.410253 
4873.364465  	104.554074 
4874.796123  	104.456527 
4876.227781  	104.374599 
4877.659439  	104.373101 
4879.091097  	104.371522 
4880.522756  	104.427269 
4881.954414  	104.366203 
4883.386072  	104.153013 
4884.817730  	104.171886 
4886.249388  	104.402092 
4887.681047  	104.438267 
4889.112705  	104.322056 
4890.544363  	104.316211 
4891.976021  	104.337293 
4893.407679  	104.272042 
4894.839338  	104.292442 
4896.270996  	104.417006 
4897.702654  	104.404046 
4899.134312  	104.304432 
4900.565970  	104.304729 
4901.997628  	104.294186 
4903.429287  	104.229527 
4904.860945  	104.208329 
4906.292603  	104.219620 
4907.724261  	104.291772 
4909.155919  	104.381088 
4910.587578  	104.378223 
4912.019236  	104.362561 
4913.450894  	104.336872 
4914.882552  	104.232995 
4916.314210  	104.178372 
4917.745869  	104.243811 
4919.177527  	104.327969 
4920.609185  	104.315835 
4922.040843  	104.260133 
4923.472501  	104.386248 
4924.904159  	104.597336 
4926.335818  	104.578081 
4927.767476  	104.408796 
4929.199134  	104.338027 
4930.630792  	104.400588 
4932.062450  	104.384599 
4933.494109  	104.182369 
4934.925767  	104.178992 
4936.357425  	104.455766 
4937.789083  	104.535525 
4939.220741  	104.460354 
4940.652399  	104.447058 
4942.084058  	104.338029 
4943.515716  	104.257881 
4944.947374  	104.356794 
4946.379032  	104.505720 
4947.810690  	104.613217 
4949.242349  	104.535153 
4950.674007  	104.406522 
4952.105665  	104.517362 
4953.537323  	104.576051 
4954.968981  	104.375220 
4956.400640  	104.293003 
4957.832298  	104.416489 
4959.263956  	104.418950 
4960.695614  	104.334400 
4962.127272  	104.461392 
4963.558930  	104.581311 
4964.990589  	104.408508 
4966.422247  	104.281305 
4967.853905  	104.282746 
4969.285563  	104.233060 
4970.717221  	104.379228 
4972.148880  	104.539409 
4973.580538  	104.384050 
4975.012196  	104.293051 
4976.443854  	104.338461 
4977.875512  	104.323375 
4979.307170  	104.421218 
4980.738829  	104.515925 
4982.170487  	104.449867 
4983.602145  	104.414065 
4985.033803  	104.451508 
4986.465461  	104.489824 
4987.897120  	104.447411 
4989.328778  	104.369703 
4990.760436  	104.409220 
4992.192094  	104.430107 
4993.623752  	104.411239 
4995.055411  	104.496142 
4996.487069  	104.532201 
4997.918727  	104.528933 
4999.350385  	104.576329 
5000.782043  	104.553770 
5002.213701  	104.551496 
5003.645360  	104.583994 
5005.077018  	104.551056 
5006.508676  	104.562918 
5007.940334  	104.537278 
5009.371992  	104.418404 
5010.803651  	104.409602 
5012.235309  	104.464753 
5013.666967  	104.453675 
5015.098625  	104.427450 
5016.530283  	104.416824 
5017.961942  	104.402288 
5019.393600  	104.390133 
5020.825258  	104.429558 
5022.256916  	104.400082 
5023.688574  	104.267231 
5025.120232  	104.372592 
5026.551891  	104.626796 
5027.983549  	104.636590 
5029.415207  	104.567869 
5030.846865  	104.544273 
5032.278523  	104.519909 
5033.710182  	104.606422 
5035.141840  	104.583968 
5036.573498  	104.378969 
5038.005156  	104.319405 
5039.436814  	104.409789 
5040.868472  	104.560866 
5042.300131  	104.683003 
5043.731789  	104.562955 
5045.163447  	104.387435 
5046.595105  	104.419369 
5048.026763  	104.522448 
5049.458422  	104.522303 
5050.890080  	104.381562 
5052.321738  	104.249855 
5053.753396  	104.328177 
5055.185054  	104.507837 
5056.616713  	104.559272 
5058.048371  	104.509634 
5059.480029  	104.491160 
5060.911687  	104.411519 
5062.343345  	104.299414 
5063.775003  	104.439957 
5065.206662  	104.593156 
5066.638320  	104.428770 
5068.069978  	104.346725 
5069.501636  	104.492986 
5070.933294  	104.511738 
5072.364953  	104.357240 
5073.796611  	104.212539 
5075.228269  	104.322974 
5076.659927  	104.594780 
5078.091585  	104.614809 
5079.523244  	104.553069 
5080.954902  	104.559293 
5082.386560  	104.393111 
5083.818218  	104.294775 
5085.249876  	104.306671 
5086.681534  	104.178190 
5088.113193  	104.170562 
5089.544851  	104.249514 
5090.976509  	104.238355 
5092.408167  	104.380272 
5093.839825  	104.472878 
5095.271484  	104.358891 
5096.703142  	104.356819 
5098.134800  	104.352343 
5099.566458  	104.300026 
5100.998116  	104.424607 
5102.429774  	104.456528 
5103.861433  	104.306058 
5105.293091  	104.349488 
5106.724749  	104.546882 
5108.156407  	104.522648 
5109.588065  	104.287897 
5111.019724  	104.212443 
5112.451382  	104.324182 
5113.883040  	104.355456 
5115.314698  	104.432292 
5116.746356  	104.584696 
5118.178015  	104.472973 
5119.609673  	104.340835 
5121.041331  	104.531343 
5122.472989  	104.577670 
5123.904647  	104.275393 
5125.336305  	104.160672 
5126.767964  	104.363070 
5128.199622  	104.455263 
5129.631280  	104.371753 
5131.062938  	104.407871 
5132.494596  	104.478441 
5133.926255  	104.304905 
5135.357913  	104.139319 
5136.789571  	104.284691 
5138.221229  	104.474617 
5139.652887  	104.507565 
5141.084546  	104.533155 
5142.516204  	104.516947 
5143.947862  	104.366035 
5145.379520  	104.280467 
5146.811178  	104.349206 
5148.242836  	104.385940 
5149.674495  	104.381776 
5151.106153  	104.448013 
5152.537811  	104.461934 
5153.969469  	104.397061 
5155.401127  	104.375833 
5156.832786  	104.311935 
5158.264444  	104.271150 
5159.696102  	104.382359 
5161.127760  	104.386424 
5162.559418  	104.277326 
5163.991076  	104.266793 
5165.422735  	104.187733 
5166.854393  	104.100595 
5168.286051  	104.172699 
5169.717709  	104.253611 
5171.149367  	104.491347 
5172.581026  	104.842145 
5174.012684  	104.810626 
5175.444342  	104.512539 
5176.876000  	104.309905 
5178.307658  	104.289597 
5179.739317  	104.514023 
5181.170975  	104.671998 
5182.602633  	104.511393 
5184.034291  	104.347869 
5185.465949  	104.317017 
5186.897607  	104.384695 
5188.329266  	104.476061 
5189.760924  	104.332429 
5191.192582  	104.135121 
5192.624240  	104.279536 
5194.055898  	104.528851 
5195.487557  	104.503476 
5196.919215  	104.308741 
5198.350873  	104.309873 
5199.782531  	104.482136 
5201.214189  	104.492408 
5202.645847  	104.455116 
5204.077506  	104.536513 
5205.509164  	104.494846 
5206.940822  	104.368617 
5208.372480  	104.450559 
5209.804138  	104.617454 
5211.235797  	104.748972 
5212.667455  	104.843372 
5214.099113  	104.807880 
5215.530771  	104.676501 
5216.962429  	104.562452 
5218.394088  	104.435195 
5219.825746  	104.283782 
5221.257404  	104.245718 
5222.689062  	104.384894 
5224.120720  	104.500961 
5225.552378  	104.361756 
5226.984037  	104.184557 
5228.415695  	104.304935 
5229.847353  	104.452760 
5231.279011  	104.429751 
5232.710669  	104.433474 
5234.142328  	104.371166 
5235.573986  	104.277843 
5237.005644  	104.509224 
5238.437302  	104.689287 
5239.868960  	104.544822 
5241.300619  	104.536437 
5242.732277  	104.527644 
5244.163935  	104.399919 
5245.595593  	104.626919 
5247.027251  	104.842090 
5248.458909  	104.716225 
5249.890568  	104.683095 
5251.322226  	104.743543 
5252.753884  	104.773794 
5254.185542  	104.827892 
5255.617200  	104.750278 
5257.048859  	104.584095 
5258.480517  	104.480315 
5259.912175  	104.546253 
5261.343833  	104.753571 
5262.775491  	104.659510 
5264.207149  	104.419814 
5265.638808  	104.547568 
5267.070466  	104.648173 
5268.502124  	104.518034 
5269.933782  	104.409279 
5271.365440  	104.374129 
5272.797099  	104.513511 
5274.228757  	104.678509 
5275.660415  	104.609985 
5277.092073  	104.503020 
5278.523731  	104.435302 
5279.955390  	104.431888 
5281.387048  	104.644258 
5282.818706  	104.842688 
5284.250364  	104.874676 
5285.682022  	104.764346 
5287.113680  	104.492746 
5288.545339  	104.354561 
5289.976997  	104.444139 
5291.408655  	104.510025 
5292.840313  	104.493438 
5294.271971  	104.399242 
5295.703630  	104.331153 
5297.135288  	104.511951 
5298.566946  	104.699218 
5299.998604  	104.589847 
5301.430262  	104.374149 
5302.861921  	104.306079 
5304.293579  	104.410338 
5305.725237  	104.516775 
5307.156895  	104.471496 
5308.588553  	104.472897 
5310.020211  	104.616315 
5311.451870  	104.520551 
5312.883528  	104.215324 
5314.315186  	104.260558 
5315.746844  	104.583875 
5317.178502  	104.629061 
5318.610161  	104.453619 
5320.041819  	104.387593 
5321.473477  	104.429642 
5322.905135  	104.466900 
5324.336793  	104.359459 
5325.768451  	104.144387 
5327.200110  	104.072999 
5328.631768  	104.245943 
5330.063426  	104.450146 
5331.495084  	104.462126 
5332.926742  	104.388019 
5334.358401  	104.476331 
5335.790059  	104.527657 
5337.221717  	104.350046 
5338.653375  	104.207587 
5340.085033  	104.294133 
5341.516692  	104.477324 
5342.948350  	104.529998 
5344.380008  	104.282077 
5345.811666  	104.121519 
5347.243324  	104.351792 
5348.674982  	104.540501 
5350.106641  	104.712761 
5351.538299  	104.969371 
5352.969957  	104.930728 
5354.401615  	104.565366 
5355.833273  	104.412253 
5357.264932  	104.482278 
5358.696590  	104.497778 
5360.128248  	104.431900 
5361.559906  	104.332954 
5362.991564  	104.299247 
5364.423222  	104.361734 
5365.854881  	104.371691 
5367.286539  	104.320351 
5368.718197  	104.326821 
5370.149855  	104.434461 
5371.581513  	104.627802 
5373.013172  	104.743684 
5374.444830  	104.726744 
5375.876488  	104.714146 
5377.308146  	104.617381 
5378.739804  	104.543210 
5380.171463  	104.721796 
5381.603121  	104.792390 
5383.034779  	104.661941 
5384.466437  	104.632636 
5385.898095  	104.606834 
5387.329753  	104.617294 
5388.761412  	104.764316 
5390.193070  	104.840002 
5391.624728  	104.852320 
5393.056386  	104.701800 
5394.488044  	104.499780 
5395.919703  	104.671199 
5397.351361  	104.702728 
5398.783019  	104.491235 
5400.214677  	104.605583 
5401.646335  	104.631695 
5403.077994  	104.413788 
5404.509652  	104.446600 
5405.941310  	104.534922 
5407.372968  	104.565200 
5408.804626  	104.536019 
5410.236284  	104.405288 
5411.667943  	104.700716 
5413.099601  	105.038828 
5414.531259  	104.706900 
5415.962917  	104.441168 
5417.394575  	104.679107 
5418.826234  	104.982516 
5420.257892  	105.144182 
5421.689550  	105.052945 
5423.121208  	104.889372 
5424.552866  	104.795698 
5425.984524  	104.586458 
5427.416183  	104.178112 
5428.847841  	103.655416 
5430.279499  	103.683895 
5431.711157  	104.422813 
5433.142815  	104.823208 
5434.574474  	104.713914 
5436.006132  	104.548042 
5437.437790  	104.504624 
5438.869448  	104.598326 
5440.301106  	104.477182 
5441.732765  	104.285618 
5443.164423  	104.683734 
5444.596081  	104.781912 
5446.027739  	104.221323 
5447.459397  	104.209063 
5448.891055  	104.453087 
5450.322714  	104.280363 
5451.754372  	104.422521 
5453.186030  	104.757753 
5454.617688  	104.672861 
5456.049346  	104.566898 
5457.481005  	104.724449 
5458.912663  	104.749363 
5460.344321  	104.493861 
5461.775979  	104.248780 
5463.207637  	104.341236 
5464.639296  	104.582340 
5466.070954  	104.514314 
5467.502612  	104.325355 
5468.934270  	104.521513 
5470.365928  	104.735986 
5471.797586  	104.571286 
5473.229245  	104.419644 
5474.660903  	104.314778 
5476.092561  	104.308316 
5477.524219  	104.633917 
5478.955877  	104.582178 
5480.387536  	104.248651 
5481.819194  	104.529475 
5483.250852  	104.837391 
5484.682510  	104.536961 
5486.114168  	104.421003 
5487.545826  	104.791380 
5488.977485  	105.083366 
5490.409143  	104.976368 
5491.840801  	104.639465 
5493.272459  	104.286772 
5494.704117  	104.047541 
5496.135776  	104.178455 
5497.567434  	104.439413 
5498.999092  	104.334348 
5500.430750  	104.306255 
5501.862408  	104.693844 
5503.294067  	104.933114 
5504.725725  	104.928132 
5506.157383  	104.759105 
5507.589041  	104.337163 
5509.020699  	104.108449 
5510.452357  	104.300382 
5511.884016  	104.561019 
5513.315674  	104.685912 
5514.747332  	104.697179 
5516.178990  	104.753378 
5517.610648  	104.802174 
5519.042307  	104.775069 
5520.473965  	104.803463 
5521.905623  	104.740393 
5523.337281  	104.585079 
5524.768939  	104.540856 
5526.200598  	104.499847 
5527.632256  	104.508439 
5529.063914  	104.562813 
5530.495572  	104.456374 
5531.927230  	104.406635 
5533.358888  	104.543204 
5534.790547  	104.705986 
5536.222205  	104.870299 
5537.653863  	104.869916 
5539.085521  	104.636394 
5540.517179  	104.448454 
5541.948838  	104.513456 
5543.380496  	104.713258 
5544.812154  	104.685157 
5546.243812  	104.514063 
5547.675470  	104.505258 
5549.107128  	104.521096 
5550.538787  	104.518601 
5551.970445  	104.343553 
5553.402103  	103.945931 
5554.833761  	104.146746 
5556.265419  	104.753024 
5557.697078  	104.772280 
5559.128736  	104.728349 
5560.560394  	104.838288 
5561.992052  	104.453801 
5563.423710  	104.269841 
5564.855369  	104.612352 
5566.287027  	104.522049 
5567.718685  	104.155624 
5569.150343  	104.258911 
5570.582001  	104.479439 
5572.013659  	104.457542 
5573.445318  	104.549117 
5574.876976  	104.843734 
5576.308634  	104.890878 
5577.740292  	104.600995 
5579.171950  	104.444757 
5580.603609  	104.637712 
5582.035267  	104.733261 
5583.466925  	104.421134 
5584.898583  	104.182021 
5586.330241  	104.299548 
5587.761899  	104.423334 
5589.193558  	104.503945 
5590.625216  	104.563192 
5592.056874  	104.566876 
5593.488532  	104.759259 
5594.920190  	104.785889 
5596.351849  	104.291734 
5597.783507  	103.930619 
5599.215165  	103.995148 
5600.646823  	104.317924 
5602.078481  	104.785599 
5603.510140  	104.671328 
5604.941798  	103.931741 
5606.373456  	103.672823 
5607.805114  	104.010078 
5609.236772  	104.253964 
5610.668430  	104.366816 
5612.100089  	104.599074 
5613.531747  	104.820145 
5614.963405  	104.673468 
5616.395063  	104.328975 
5617.826721  	104.356914 
5619.258380  	104.552102 
5620.690038  	104.368075 
5622.121696  	104.139564 
5623.553354  	104.394273 
5624.985012  	104.790942 
5626.416671  	104.786069 
5627.848329  	104.618510 
5629.279987  	104.718186 
5630.711645  	104.748594 
5632.143303  	104.419528 
5633.574961  	104.278597 
5635.006620  	104.676400 
5636.438278  	105.108786 
5637.869936  	105.097378 
5639.301594  	104.782281 
5640.733252  	104.496071 
5642.164911  	104.345071 
5643.596569  	104.260147 
5645.028227  	104.291351 
5646.459885  	104.514180 
5647.891543  	104.663936 
5649.323201  	104.517516 
5650.754860  	104.343680 
5652.186518  	104.507675 
5653.618176  	104.853463 
5655.049834  	104.843967 
5656.481492  	104.575749 
5657.913151  	104.696354 
5659.344809  	104.902562 
5660.776467  	104.656521 
5662.208125  	104.453941 
5663.639783  	104.538312 
5665.071442  	104.652317 
5666.503100  	104.819752 
5667.934758  	104.858420 
5669.366416  	104.661265 
5670.798074  	104.489128 
5672.229732  	104.413022 
5673.661391  	104.489022 
5675.093049  	104.495945 
5676.524707  	104.293677 
5677.956365  	104.364711 
5679.388023  	104.485905 
5680.819682  	104.264872 
5682.251340  	104.302569 
5683.682998  	104.644601 
5685.114656  	104.766649 
5686.546314  	104.628012 
5687.977973  	104.316305 
5689.409631  	104.176750 
5690.841289  	104.308015 
5692.272947  	104.336403 
5693.704605  	104.414297 
5695.136263  	104.510838 
5696.567922  	104.326425 
5697.999580  	104.319636 
5699.431238  	104.669790 
5700.862896  	104.907690 
5702.294554  	104.882703 
5703.726213  	104.769262 
5705.157871  	104.840623 
5706.589529  	105.092816 
5708.021187  	105.099565 
5709.452845  	104.630159 
5710.884503  	104.043897 
5712.316162  	104.068494 
5713.747820  	104.543260 
5715.179478  	104.563589 
5716.611136  	104.315537 
5718.042794  	104.471394 
5719.474453  	104.932776 
5720.906111  	105.192078 
5722.337769  	104.862199 
5723.769427  	104.539852 
5725.201085  	104.825500 
5726.632744  	104.925668 
5728.064402  	104.647270 
5729.496060  	104.684435 
5730.927718  	104.788992 
5732.359376  	104.649784 
5733.791034  	104.415440 
5735.222693  	104.167953 
5736.654351  	104.138500 
5738.086009  	104.374297 
5739.517667  	104.755862 
5740.949325  	104.944395 
5742.380984  	104.692504 
5743.812642  	104.734279 
5745.244300  	105.162579 
5746.675958  	105.030482 
5748.107616  	104.650230 
5749.539275  	104.782465 
5750.970933  	105.292695 
5752.402591  	105.515580 
5753.834249  	104.864268 
5755.265907  	104.170468 
5756.697565  	104.348605 
5758.129224  	104.654453 
5759.560882  	104.689387 
5760.992540  	104.572571 
5762.424198  	104.142018 
5763.855856  	103.923920 
5765.287515  	104.100533 
5766.719173  	104.435412 
5768.150831  	105.092282 
5769.582489  	105.489173 
5771.014147  	105.431947 
5772.445805  	105.501273 
5773.877464  	105.172335 
5775.309122  	104.337982 
5776.740780  	104.088497 
5778.172438  	104.580903 
5779.604096  	105.168867 
5781.035755  	105.293734 
5782.467413  	104.947445 
5783.899071  	104.711646 
5785.330729  	104.733536 
5786.762387  	104.774648 
5788.194046  	104.852667 
5789.625704  	105.032116 
5791.057362  	105.234171 
5792.489020  	105.149473 
5793.920678  	104.772027 
5795.352336  	104.417359 
5796.783995  	104.071911 
5798.215653  	104.007874 
5799.647311  	104.272432 
5801.078969  	104.211890 
5802.510627  	104.194724 
5803.942286  	104.584572 
5805.373944  	104.581153 
5806.805602  	104.492539 
5808.237260  	104.825459 
5809.668918  	104.787111 
5811.100576  	104.415496 
5812.532235  	104.350452 
5813.963893  	104.405394 
5815.395551  	104.452863 
5816.827209  	104.599559 
5818.258867  	104.944337 
5819.690526  	105.281506 
5821.122184  	104.910765 
5822.553842  	104.359536 
5823.985500  	104.712843 
5825.417158  	105.152028 
5826.848817  	104.844087 
5828.280475  	104.684395 
5829.712133  	104.922765 
5831.143791  	104.870754 
5832.575449  	104.738096 
5834.007107  	104.871304 
5835.438766  	104.812748 
5836.870424  	104.453817 
5838.302082  	104.365158 
5839.733740  	104.644063 
5841.165398  	104.844625 
5842.597057  	104.773656 
5844.028715  	104.586458 
5845.460373  	104.619297 
5846.892031  	104.893176 
5848.323689  	104.997341 
5849.755348  	104.895078 
5851.187006  	104.776969 
5852.618664  	104.693737 
5854.050322  	104.828714 
5855.481980  	104.903845 
5856.913638  	104.579826 
5858.345297  	104.323988 
5859.776955  	104.153311 
5861.208613  	103.884469 
5862.640271  	104.078732 
5864.071929  	104.507298 
5865.503588  	104.634051 
5866.935246  	104.883603 
5868.366904  	105.134543 
5869.798562  	104.935550 
5871.230220  	104.515259 
5872.661878  	104.131962 
5874.093537  	104.162408 
5875.525195  	104.483318 
5876.956853  	104.491387 
5878.388511  	104.627869 
5879.820169  	105.011537 
5881.251828  	104.882988 
5882.683486  	104.485633 
5884.115144  	104.106056 
5885.546802  	103.711650 
5886.978460  	104.092773 
5888.410119  	104.987414 
5889.841777  	105.043557 
5891.273435  	104.515866 
5892.705093  	104.343204 
5894.136751  	104.453832 
5895.568409  	104.626312 
5897.000068  	104.711104 
5898.431726  	104.342701 
5899.863384  	103.923194 
5901.295042  	104.105292 
5902.726700  	104.539103 
5904.158359  	104.855935 
5905.590017  	105.055797 
5907.021675  	104.910795 
5908.453333  	104.824622 
5909.884991  	104.912123 
5911.316650  	104.597574 
5912.748308  	104.634557 
5914.179966  	105.125747 
5915.611624  	104.646535 
5917.043282  	103.851630 
5918.474940  	103.899861 
5919.906599  	104.274553 
5921.338257  	104.693965 
5922.769915  	104.605491 
5924.201573  	104.035558 
5925.633231  	104.495936 
5927.064890  	105.207042 
5928.496548  	104.766127 
5929.928206  	104.510714 
5931.359864  	104.823566 
5932.791522  	104.809728 
5934.223180  	105.051454 
5935.654839  	105.494531 
5937.086497  	105.273599 
5938.518155  	104.948007 
5939.949813  	105.003920 
5941.381471  	104.825092 
5942.813130  	104.471173 
5944.244788  	104.641093 
5945.676446  	104.892364 
5947.108104  	104.612745 
5948.539762  	104.335486 
5949.971421  	104.333436 
5951.403079  	104.339391 
5952.834737  	104.421016 
5954.266395  	104.327925 
5955.698053  	103.930288 
5957.129711  	103.935555 
5958.561370  	104.515095 
5959.993028  	105.007736 
5961.424686  	105.135338 
5962.856344  	105.127919 
5964.288002  	105.008406 
5965.719661  	104.583215 
5967.151319  	104.233493 
5968.582977  	104.561227 
5970.014635  	105.128314 
5971.446293  	105.302127 
5972.877951  	105.442102 
5974.309610  	105.659799 
5975.741268  	105.448918 
5977.172926  	104.876521 
5978.604584  	104.256012 
5980.036242  	103.840288 
5981.467901  	104.277626 
5982.899559  	105.225198 
5984.331217  	105.484779 
5985.762875  	105.157254 
5987.194533  	104.742093 
5988.626192  	104.186005 
5990.057850  	103.991941 
5991.489508  	104.170116 
5992.921166  	104.402102 
5994.352824  	104.949598 
5995.784482  	105.205885 
5997.216141  	104.863941 
5998.647799  	104.657132 
6000.079457  	104.430029 
6001.511115  	104.243604 
6002.942773  	104.474483 
6004.374432  	104.504619 
6005.806090  	104.445983 
6007.237748  	104.707176 
6008.669406  	104.779894 
6010.101064  	104.713298 
6011.532723  	104.671407 
6012.964381  	104.551555 
6014.396039  	104.509944 
6015.827697  	104.578856 
6017.259355  	104.951687 
6018.691013  	105.141605 
6020.122672  	104.408778 
6021.554330  	103.908251 
6022.985988  	104.199450 
6024.417646  	104.177860 
6025.849304  	103.954819 
6027.280963  	104.052464 
6028.712621  	104.375604 
6030.144279  	104.821076 
6031.575937  	104.996177 
6033.007595  	105.070963 
6034.439253  	105.153243 
6035.870912  	104.651803 
6037.302570  	104.106483 
6038.734228  	104.084803 
6040.165886  	104.089806 
6041.597544  	104.170012 
6043.029203  	104.648721 
6044.460861  	105.546818 
6045.892519  	106.178619 
6047.324177  	105.643751 
6048.755835  	104.868495 
6050.187494  	104.578435 
6051.619152  	104.181239 
6053.050810  	104.086559 
6054.482468  	104.407209 
6055.914126  	104.551909 
6057.345784  	105.097423 
6058.777443  	105.669855 
6060.209101  	105.389844 
6061.640759  	105.016247 
6063.072417  	104.631369 
6064.504075  	104.198539 
6065.935734  	104.598395 
6067.367392  	105.024773 
6068.799050  	104.711134 
6070.230708  	104.726897 
6071.662366  	104.819950 
6073.094025  	104.204209 
6074.525683  	103.840879 
6075.957341  	104.184097 
6077.388999  	104.572770 
6078.820657  	104.687854 
6080.252315  	104.485246 
6081.683974  	104.499805 
6083.115632  	104.883174 
6084.547290  	104.524626 
6085.978948  	103.529732 
6087.410606  	103.314476 
6088.842265  	104.020136 
6090.273923  	104.596037 
6091.705581  	104.168350 
6093.137239  	103.645214 
6094.568897  	104.313184 
6096.000555  	104.817392 
6097.432214  	104.127478 
6098.863872  	103.879623 
6100.295530  	104.355872 
6101.727188  	104.660147 
6103.158846  	104.832295 
6104.590505  	104.607145 
6106.022163  	104.227945 
6107.453821  	104.385920 
6108.885479  	104.453573 
6110.317137  	104.161924 
6111.748796  	104.409491 
6113.180454  	105.108888 
6114.612112  	105.088154 
6116.043770  	104.453825 
6117.475428  	104.610955 
6118.907086  	105.321628 
6120.338745  	105.171395 
6121.770403  	104.382124 
6123.202061  	104.053281 
6124.633719  	104.523513 
6126.065377  	104.898982 
6127.497036  	104.318741 
6128.928694  	103.922075 
6130.360352  	104.152925 
6131.792010  	104.249331 
6133.223668  	104.764359 
6134.655327  	105.092612 
6136.086985  	104.457569 
6137.518643  	104.482883 
6138.950301  	104.792764 
6140.381959  	104.495248 
6141.813617  	104.776783 
6143.245276  	104.618046 
6144.676934  	103.630224 
6146.108592  	104.087827 
6147.540250  	105.267483 
6148.971908  	105.267597 
6150.403567  	104.892154 
6151.835225  	105.002598 
6153.266883  	105.179573 
6154.698541  	105.023365 
6156.130199  	105.156181 
6157.561857  	105.559846 
6158.993516  	105.054006 
6160.425174  	104.569074 
6161.856832  	105.056853 
6163.288490  	105.204083 
6164.720148  	105.096660 
6166.151807  	105.258981 
6167.583465  	104.890540 
6169.015123  	104.385490 
6170.446781  	104.315767 
6171.878439  	104.796956 
6173.310098  	105.849638 
6174.741756  	105.945176 
6176.173414  	104.611130 
6177.605072  	103.753569 
6179.036730  	104.124331 
6180.468388  	104.823060 
6181.900047  	105.066411 
6183.331705  	104.687778 
6184.763363  	104.314576 
6186.195021  	104.382993 
6187.626679  	104.349663 
6189.058338  	103.881384 
6190.489996  	103.750278 
6191.921654  	104.147755 
6193.353312  	104.208276 
6194.784970  	104.292165 
6196.216628  	104.920133 
6197.648287  	105.278009 
6199.079945  	105.275805 
6200.511603  	105.194381 
6201.943261  	104.769652 
6203.374919  	104.577627 
6204.806578  	105.025731 
6206.238236  	105.640023 
6207.669894  	105.720499 
6209.101552  	104.791094 
6210.533210  	103.967340 
6211.964869  	104.386499 
6213.396527  	105.127091 
6214.828185  	104.953210 
6216.259843  	103.894596 
6217.691501  	103.392221 
6219.123159  	103.914639 
6220.554818  	104.032034 
6221.986476  	104.037675 
6223.418134  	104.608578 
6224.849792  	104.456667 
6226.281450  	104.033176 
6227.713109  	104.379264 
6229.144767  	104.520403 
6230.576425  	104.319406 
6232.008083  	104.306646 
6233.439741  	104.655631 
6234.871400  	105.198498 
6236.303058  	104.889243 
6237.734716  	104.317996 
6239.166374  	104.481069 
6240.598032  	104.341827 
6242.029690  	104.314416 
6243.461349  	104.942580 
6244.893007  	104.693017 
6246.324665  	104.089357 
6247.756323  	104.534265 
6249.187981  	105.029917 
6250.619640  	104.794093 
6252.051298  	104.325576 
6253.482956  	103.988864 
6254.914614  	103.849892 
6256.346272  	103.910980 
6257.777930  	104.156969 
6259.209589  	104.609524 
6260.641247  	105.251103 
6262.072905  	105.130773 
6263.504563  	103.827517 
6264.936221  	103.233386 
6266.367880  	103.715693 
6267.799538  	103.931714 
6269.231196  	104.350227 
6270.662854  	104.549786 
6272.094512  	103.563964 
6273.526171  	103.578859 
6274.957829  	105.179244 
6276.389487  	105.813898 
6277.821145  	105.307431 
6279.252803  	105.129178 
6280.684461  	105.154435 
6282.116120  	104.715893 
6283.547778  	104.200420 
6284.979436  	104.208860 
6286.411094  	104.322142 
6287.842752  	104.300303 
6289.274411  	104.376763 
6290.706069  	103.952790 
6292.137727  	103.360564 
6293.569385  	103.797281 
6295.001043  	104.463217 
6296.432702  	104.241995 
6297.864360  	104.068207 
6299.296018  	104.425019 
6300.727676  	104.418695 
6302.159334  	104.330644 
6303.590992  	104.822085 
6305.022651  	105.201553 
6306.454309  	105.215632 
6307.885967  	105.076968 
6309.317625  	104.394680 
6310.749283  	104.382844 
6312.180942  	105.394002 
6313.612600  	105.397561 
6315.044258  	105.016146 
6316.475916  	105.342250 
6317.907574  	104.836210 
6319.339232  	104.011569 
6320.770891  	103.871258 
6322.202549  	103.603924 
6323.634207  	104.036858 
6325.065865  	104.958349 
6326.497523  	104.553993 
6327.929182  	103.886662 
6329.360840  	104.190161 
6330.792498  	104.754319 
6332.224156  	105.043673 
6333.655814  	104.713396 
6335.087473  	104.031450 
6336.519131  	103.713257 
6337.950789  	103.947351 
6339.382447  	104.616076 
6340.814105  	104.652857 
6342.245763  	103.688717 
6343.677422  	103.490257 
6345.109080  	104.368452 
6346.540738  	104.788299 
6347.972396  	104.466398 
6349.404054  	104.059871 
6350.835713  	104.377680 
6352.267371  	105.314770 
6353.699029  	105.572833 
6355.130687  	105.249657 
6356.562345  	104.834619 
6357.994003  	104.017657 
6359.425662  	103.982159 
6360.857320  	104.977094 
6362.288978  	104.862938 
6363.720636  	103.666050 
6365.152294  	103.238486 
6366.583953  	103.778016 
6368.015611  	104.619397 
6369.447269  	104.892236 
6370.878927  	104.439100 
6372.310585  	103.949303 
6373.742244  	103.456859 
6375.173902  	103.447605 
6376.605560  	104.297642 
6378.037218  	104.640499 
6379.468876  	104.320571 
6380.900534  	104.461718 
6382.332193  	104.823717 
6383.763851  	105.083431 
6385.195509  	104.843395 
6386.627167  	104.338076 
6388.058825  	105.071840 
6389.490484  	105.601587 
6390.922142  	104.289612 
6392.353800  	103.711550 
6393.785458  	104.390766 
6395.217116  	104.450147 
6396.648775  	104.632602 
6398.080433  	104.800669 
6399.512091  	103.981312 
6400.943749  	103.855117 
6402.375407  	104.649555 
6403.807065  	104.470403 
6405.238724  	103.932938 
6406.670382  	104.110919 
6408.102040  	104.223274 
6409.533698  	104.135580 
6410.965356  	104.563495 
6412.397015  	105.213215 
6413.828673  	105.241568 
6415.260331  	104.553963 
6416.691989  	103.993011 
6418.123647  	103.923975 
6419.555305  	103.628982 
6420.986964  	103.403105 
6422.418622  	103.858292 
6423.850280  	103.837346 
6425.281938  	103.606588 
6426.713596  	104.201618 
6428.145255  	104.191466 
6429.576913  	103.778791 
6431.008571  	104.362283 
6432.440229  	104.801212 
6433.871887  	104.842132 
6435.303546  	104.989283 
6436.735204  	105.020830 
6438.166862  	105.502127 
6439.598520  	105.121850 
6441.030178  	104.116655 
6442.461836  	105.557895 
6443.893495  	106.792560 
6445.325153  	104.982135 
6446.756811  	103.722183 
6448.188469  	103.659470 
6449.620127  	104.031777 
6451.051786  	105.368949 
6452.483444  	104.987352 
6453.915102  	103.691557 
6455.346760  	104.701928 
6456.778418  	105.163009 
6458.210077  	104.327796 
6459.641735  	105.050411 
6461.073393  	105.368704 
6462.505051  	104.409907 
6463.936709  	104.824875 
6465.368367  	105.662715 
6466.800026  	105.178811 
6468.231684  	104.515923 
6469.663342  	104.169636 
6471.095000  	103.938871 
6472.526658  	104.363918 
6473.958317  	105.086031 
6475.389975  	105.342207 
6476.821633  	105.345286 
6478.253291  	104.972419 
6479.684949  	104.094537 
6481.116607  	104.034001 
6482.548266  	104.948071 
6483.979924  	105.043125 
6485.411582  	104.106774 
6486.843240  	103.888182 
6488.274898  	104.372432 
6489.706557  	104.117888 
6491.138215  	103.986222 
6492.569873  	104.930730 
6494.001531  	105.183872 
6495.433189  	104.334044 
6496.864848  	104.169666 
6498.296506  	104.730915 
6499.728164  	105.260191 
6501.159822  	105.308201 
6502.591480  	104.787382 
6504.023138  	104.868405 
6505.454797  	105.169581 
6506.886455  	104.364668 
6508.318113  	103.797868 
6509.749771  	104.215138 
6511.181429  	104.885433 
6512.613088  	105.404061 
6514.044746  	104.747072 
6515.476404  	103.510177 
6516.908062  	103.627905 
6518.339720  	104.181764 
6519.771379  	104.196596 
6521.203037  	104.999211 
6522.634695  	105.693197 
6524.066353  	104.799704 
6525.498011  	104.018334 
6526.929669  	104.390140 
6528.361328  	104.698009 
6529.792986  	104.533559 
6531.224644  	104.218229 
6532.656302  	104.131745 
6534.087960  	104.496580 
6535.519619  	104.222535 
6536.951277  	103.522327 
6538.382935  	103.778023 
6539.814593  	103.830441 
6541.246251  	103.639166 
6542.677909  	104.341884 
6544.109568  	103.907609 
6545.541226  	102.616174 
6546.972884  	103.096969 
6548.404542  	104.560661 
6549.836200  	106.051327 
6551.267859  	106.505899 
6552.699517  	104.724263 
6554.131175  	103.886558 
6555.562833  	104.769062 
6556.994491  	104.697943 
6558.426150  	104.669422 
6559.857808  	105.156870 
6561.289466  	105.103431 
6562.721124  	105.535167 
6564.152782  	105.734204 
6565.584440  	105.091901 
6567.016099  	104.581319 
6568.447757  	103.649379 
6569.879415  	102.971479 
6571.311073  	103.551767 
6572.742731  	104.385218 
6574.174390  	104.827330 
6575.606048  	103.826947 
6577.037706  	102.305249 
6578.469364  	103.392370 
6579.901022  	105.120530 
6581.332680  	104.352478 
6582.764339  	103.549924 
6584.195997  	104.283619 
6585.627655  	105.001778 
6587.059313  	104.922006 
6588.490971  	104.286388 
6589.922630  	104.361162 
6591.354288  	105.053682 
6592.785946  	104.489300 
6594.217604  	103.531018 
6595.649262  	104.064582 
6597.080921  	104.404197 
6598.512579  	103.247400 
6599.944237  	102.766831 
6601.375895  	103.819329 
6602.807553  	104.564558 
6604.239211  	104.505400 
6605.670870  	104.660329 
6607.102528  	104.885509 
6608.534186  	104.713713 
6609.965844  	104.357794 
6611.397502  	104.220422 
6612.829161  	104.618443 
6614.260819  	105.090453 
6615.692477  	104.843761 
6617.124135  	104.553263 
6618.555793  	105.150719 
6619.987452  	105.150278 
6621.419110  	103.858700 
6622.850768  	103.268154 
6624.282426  	102.835506 
6625.714084  	101.785022 
6627.145742  	102.482634 
6628.577401  	103.878573 
6630.009059  	103.826796 
6631.440717  	104.002066 
6632.872375  	103.941799 
6634.304033  	103.123850 
6635.735692  	103.862186 
6637.167350  	104.478168 
6638.599008  	103.641417 
6640.030666  	103.869199 
6641.462324  	104.363922 
6642.893982  	104.166332 
6644.325641  	104.525419 
6645.757299  	104.546621 
6647.188957  	103.985935 
6648.620615  	103.826337 
6650.052273  	103.942247 
6651.483932  	104.485101 
6652.915590  	104.885299 
6654.347248  	104.788764 
6655.778906  	104.927852 
6657.210564  	104.482636 
6658.642223  	103.695554 
6660.073881  	103.888186 
6661.505539  	104.139501 
6662.937197  	104.152819 
6664.368855  	104.890226 
6665.800513  	105.083355 
6667.232172  	103.861758 
6668.663830  	103.287140 
6670.095488  	104.197325 
6671.527146  	103.883890 
6672.958804  	101.961995 
6674.390463  	102.079491 
6675.822121  	103.880517 
6677.253779  	104.036164 
6678.685437  	103.798876 
6680.117095  	104.676327 
6681.548754  	104.677323 
6682.980412  	103.386610 
6684.412070  	102.687573 
6685.843728  	103.115209 
6687.275386  	103.393878 
6688.707044  	102.824168 
6690.138703  	102.627780 
6691.570361  	103.371639 
6693.002019  	103.868597 
6694.433677  	103.665890 
6695.865335  	103.225609 
6697.296994  	103.042060 
6698.728652  	103.615909 
6700.160310  	104.567009 
6701.591968  	105.077910 
6703.023626  	105.456363 
6704.455284  	105.743055 
6705.886943  	105.050589 
6707.318601  	103.953076 
6708.750259  	103.737932 
6710.181917  	103.863907 
6711.613575  	103.852564 
6713.045234  	104.316154 
6714.476892  	104.708480 
6715.908550  	104.642174 
6717.340208  	105.186740 
6718.771866  	105.900452 
6720.203525  	105.423423 
6721.635183  	104.510092 
6723.066841  	104.774283 
6724.498499  	105.954573 
6725.930157  	106.618607 
6727.361815  	105.984647 
6728.793474  	104.292060 
6730.225132  	103.051750 
6731.656790  	103.891587 
6733.088448  	105.306859 
6734.520106  	105.403480 
6735.951765  	105.068294 
6737.383423  	104.570522 
6738.815081  	103.566526 
6740.246739  	103.390001 
6741.678397  	104.067136 
6743.110056  	104.285915 
6744.541714  	104.266529 
6745.973372  	104.508977 
6747.405030  	104.469516 
6748.836688  	104.245768 
6750.268346  	104.836630 
6751.700005  	105.626564 
6753.131663  	104.915499 
6754.563321  	103.610995 
6755.994979  	103.765516 
6757.426637  	104.464345 
6758.858296  	103.903244 
6760.289954  	102.883972 
6761.721612  	102.860845 
6763.153270  	103.354484 
6764.584928  	103.374395 
6766.016586  	103.200171 
6767.448245  	103.591636 
6768.879903  	104.379775 
6770.311561  	104.265832 
6771.743219  	102.971967 
6773.174877  	102.226417 
6774.606536  	102.607467 
6776.038194  	103.274281 
6777.469852  	103.904950 
6778.901510  	103.764145 
6780.333168  	103.514771 
6781.764827  	104.857767 
6783.196485  	105.749529 
6784.628143  	104.440748 
6786.059801  	103.392018 
6787.491459  	103.593682 
6788.923117  	104.185674 
6790.354776  	104.590097 
6791.786434  	104.009141 
6793.218092  	103.714297 
6794.649750  	105.083544 
6796.081408  	106.092605 
6797.513067  	105.266096 
6798.944725  	103.889586 
6800.376383  	103.624226 
6801.808041  	104.327705 
6803.239699  	104.214625 
6804.671357  	103.623118 
6806.103016  	104.161081 
6807.534674  	104.712876 
6808.966332  	104.087269 
6810.397990  	103.527352 
6811.829648  	103.632706 
6813.261307  	103.105526 
6814.692965  	102.178821 
6816.124623  	102.384810 
6817.556281  	102.823558 
6818.987939  	102.859885 
6820.419598  	103.718209 
6821.851256  	104.616649 
6823.282914  	104.917386 
6824.714572  	105.504523 
6826.146230  	105.278465 
6827.577888  	104.238190 
6829.009547  	103.507968 
6830.441205  	102.565255 
6831.872863  	102.579767 
6833.304521  	103.552227 
6834.736179  	103.166598 
6836.167838  	102.579569 
6837.599496  	103.382916 
6839.031154  	104.054218 
6840.462812  	103.821232 
6841.894470  	103.118716 
6843.326129  	102.944417 
6844.757787  	103.767482 
6846.189445  	104.194782 
6847.621103  	103.744457 
6849.052761  	103.518972 
6850.484419  	104.078310 
6851.916078  	105.013055 
6853.347736  	105.428355 
6854.779394  	105.717965 
6856.211052  	105.851123 
6857.642710  	104.250756 
6859.074369  	102.519955 
6860.506027  	102.379578 
6861.937685  	102.613509 
6863.369343  	103.249620 
6864.801001  	104.158826 
6866.232659  	103.547414 
6867.664318  	102.599885 
6869.095976  	102.959156 
6870.527634  	103.658487 
6871.959292  	103.479361 
6873.390950  	103.349459 
6874.822609  	104.450607 
6876.254267  	105.061085 
6877.685925  	103.737416 
6879.117583  	103.172115 
6880.549241  	104.392301 
6881.980900  	105.396717 
6883.412558  	105.662105 
6884.844216  	105.163841 
6886.275874  	104.397855 
6887.707532  	104.889621 
6889.139190  	104.941100 
6890.570849  	103.313389 
6892.002507  	103.485963 
6893.434165  	105.195847 
6894.865823  	104.087310 
6896.297481  	102.347698 
6897.729140  	103.480478 
6899.160798  	104.973770 
6900.592456  	105.055025 
6902.024114  	104.628184 
6903.455772  	103.929151 
6904.887431  	103.799652 
6906.319089  	104.130652 
6907.750747  	104.272412 
6909.182405  	104.717182 
6910.614063  	104.264830 
6912.045721  	102.365036 
6913.477380  	101.517791 
6914.909038  	102.657689 
6916.340696  	104.213803 
6917.772354  	103.960874 
6919.204012  	102.769473 
6920.635671  	103.617228 
6922.067329  	104.754794 
6923.498987  	104.021931 
6924.930645  	103.799002 
6926.362303  	103.962868 
6927.793961  	103.251021 
6929.225620  	102.873327 
6930.657278  	103.095638 
6932.088936  	104.054238 
6933.520594  	105.169257 
6934.952252  	105.007706 
6936.383911  	104.459030 
6937.815569  	103.736583 
6939.247227  	103.233051 
6940.678885  	103.830326 
6942.110543  	103.570421 
6943.542202  	103.119202 
6944.973860  	104.037096 
6946.405518  	104.008340 
6947.837176  	103.626898 
6949.268834  	104.079199 
6950.700492  	103.377695 
6952.132151  	102.833696 
6953.563809  	103.480402 
6954.995467  	103.918457 
6956.427125  	104.756198 
6957.858783  	105.451469 
6959.290442  	104.418545 
6960.722100  	102.947178 
6962.153758  	102.837625 
6963.585416  	104.042230 
6965.017074  	104.841993 
6966.448732  	105.211863 
6967.880391  	105.848918 
6969.312049  	104.456985 
6970.743707  	102.815164 
6972.175365  	104.387305 
6973.607023  	105.483739 
6975.038682  	104.443549 
6976.470340  	104.384000 
6977.901998  	105.020679 
6979.333656  	105.817837 
6980.765314  	106.075201 
6982.196973  	104.019673 
6983.628631  	102.532433 
6985.060289  	103.733989 
6986.491947  	104.494557 
6987.923605  	103.431541 
6989.355263  	102.906895 
6990.786922  	102.994195 
6992.218580  	102.166730 
6993.650238  	101.751247 
6995.081896  	102.749215 
6996.513554  	103.970652 
6997.945213  	105.550531 
6999.376871  	106.498651 
7000.808529  	105.197227 
7002.240187  	104.157104 
7003.671845  	104.281893 
7005.103504  	104.375364 
7006.535162  	105.069673 
7007.966820  	104.867288 
7009.398478  	103.782166 
7010.830136  	103.821249 
7012.261794  	103.019082 
7013.693453  	102.551742 
7015.125111  	104.964970 
7016.556769  	105.884983 
7017.988427  	104.018429 
7019.420085  	103.274717 
7020.851744  	103.377766 
7022.283402  	102.765527 
7023.715060  	102.173961 
7025.146718  	102.878366 
7026.578376  	103.948156 
7028.010034  	102.760209 
7029.441693  	101.995704 
7030.873351  	104.962187 
7032.305009  	107.058637 
7033.736667  	105.441392 
7035.168325  	103.875448 
7036.599984  	103.443541 
7038.031642  	102.717163 
7039.463300  	102.068925 
7040.894958  	102.206560 
7042.326616  	103.467336 
7043.758275  	104.875856 
7045.189933  	104.491387 
7046.621591  	103.259790 
7048.053249  	103.724113 
7049.484907  	104.615976 
7050.916565  	103.993617 
7052.348224  	103.322115 
7053.779882  	102.708594 
7055.211540  	101.809824 
7056.643198  	103.188536 
7058.074856  	105.148082 
7059.506515  	103.557758 
7060.938173  	102.121411 
7062.369831  	103.504894 
7063.801489  	103.837432 
7065.233147  	102.809293 
7066.664806  	102.937133 
7068.096464  	103.336327 
7069.528122  	103.118771 
7070.959780  	103.060410 
7072.391438  	103.821343 
7073.823096  	104.714033 
7075.254755  	104.643706 
7076.686413  	104.348257 
7078.118071  	104.018531 
7079.549729  	103.103441 
7080.981387  	103.088717 
7082.413046  	104.035422 
7083.844704  	103.902701 
7085.276362  	103.792121 
7086.708020  	104.862643 
7088.139678  	105.284807 
7089.571336  	104.180638 
7091.002995  	103.151438 
7092.434653  	103.437113 
7093.866311  	104.038369 
7095.297969  	103.405002 
7096.729627  	103.036362 
7098.161286  	103.602822 
7099.592944  	103.579226 
7101.024602  	103.805001 
7102.456260  	104.339844 
7103.887918  	103.977063 
7105.319577  	104.201002 
7106.751235  	103.954770 
7108.182893  	100.859855 
7109.614551  	99.422987 
7111.046209  	101.129061 
7112.477867  	101.974174 
7113.909526  	101.795848 
7115.341184  	102.549466 
7116.772842  	102.607046 
7118.204500  	101.904210 
7119.636158  	102.995894 
7121.067817  	104.401898 
7122.499475  	104.114647 
7123.931133  	104.120207 
7125.362791  	104.330816 
7126.794449  	102.774291 
7128.226108  	102.041839 
7129.657766  	103.579399 
7131.089424  	104.479129 
7132.521082  	104.091044 
7133.952740  	102.932496 
7135.384398  	102.133929 
7136.816057  	103.356529 
7138.247715  	104.353471 
7139.679373  	103.938593 
7141.111031  	104.661916 
7142.542689  	104.944825 
7143.974348  	103.289845 
7145.406006  	102.345576 
7146.837664  	103.152002 
7148.269322  	104.353850 
7149.700980  	104.015896 
7151.132638  	102.319327 
7152.564297  	101.978102 
7153.995955  	102.306755 
7155.427613  	102.305313 
7156.859271  	102.463559 
7158.290929  	101.694289 
7159.722588  	101.998758 
7161.154246  	104.563126 
7162.585904  	104.546458 
7164.017562  	102.263242 
7165.449220  	101.924297 
7166.880879  	102.645381 
7168.312537  	103.003563 
7169.744195  	102.730097 
7171.175853  	102.239913 
7172.607511  	102.168013 
7174.039169  	101.956142 
7175.470828  	101.944756 
7176.902486  	102.328723 
7178.334144  	102.023351 
7179.765802  	102.004656 
7181.197460  	102.561065 
7182.629119  	102.925963 
7184.060777  	104.096642 
7185.492435  	104.857696 
7186.924093  	104.009912 
7188.355751  	102.941650 
7189.787409  	102.599614 
7191.219068  	103.414844 
7192.650726  	104.269281 
7194.082384  	103.457423 
7195.514042  	102.800917 
7196.945700  	103.855719 
7198.377359  	105.488780 
7199.809017  	105.324941 
7201.240675  	102.817510 
7202.672333  	101.876494 
7204.103991  	102.459002 
7205.535650  	101.420558 
7206.967308  	101.956538 
7208.398966  	104.480223 
7209.830624  	104.803108 
7211.262282  	103.594195 
7212.693940  	101.803712 
7214.125599  	101.191442 
7215.557257  	103.506753 
7216.988915  	103.426720 
7218.420573  	99.919414 
7219.852231  	98.780423 
7221.283890  	100.297089 
7222.715548  	102.071133 
7224.147206  	103.243269 
7225.578864  	103.907864 
7227.010522  	106.012115 
7228.442181  	106.621439 
7229.873839  	103.826272 
7231.305497  	103.233553 
7232.737155  	105.132660 
7234.168813  	105.210533 
7235.600471  	104.204108 
7237.032130  	103.407367 
7238.463788  	103.498700 
7239.895446  	104.002192 
7241.327104  	103.343982 
7242.758762  	103.372669 
7244.190421  	103.721348 
7245.622079  	102.954647 
7247.053737  	103.639535 
7248.485395  	103.895973 
7249.917053  	102.999239 
7251.348711  	104.387707 
7252.780370  	105.017365 
7254.212028  	103.004060 
7255.643686  	102.736130 
7257.075344  	103.241266 
7258.507002  	102.850581 
7259.938661  	102.731837 
7261.370319  	102.286946 
7262.801977  	102.065413 
7264.233635  	102.503166 
7265.665293  	102.804135 
7267.096952  	103.441729 
7268.528610  	103.724976 
7269.960268  	103.585721 
7271.391926  	104.168557 
7272.823584  	105.255708 
7274.255242  	107.057458 
7275.686901  	106.610211 
7277.118559  	103.053679 
7278.550217  	102.557939 
7279.981875  	104.450136 
7281.413533  	103.790380 
7282.845192  	103.106686 
7284.276850  	102.745502 
7285.708508  	102.368482 
7287.140166  	104.848449 
7288.571824  	106.964794 
7290.003483  	105.557905 
7291.435141  	103.726190 
7292.866799  	103.035317 
7294.298457  	104.299284 
7295.730115  	105.165229 
7297.161773  	102.919171 
7298.593432  	102.160079 
7300.025090  	103.944162 
7301.456748  	104.640359 
7302.888406  	103.628826 
7304.320064  	101.894954 
7305.751723  	102.106612 
7307.183381  	103.826286 
7308.615039  	103.585095 
7310.046697  	103.771297 
7311.478355  	104.498289 
7312.910013  	102.990935 
7314.341672  	103.359142 
7315.773330  	104.923037 
7317.204988  	103.801863 
7318.636646  	103.573735 
7320.068304  	103.703941 
7321.499963  	102.373957 
7322.931621  	102.612785 
7324.363279  	102.536915 
7325.794937  	100.714306 
7327.226595  	100.538991 
7328.658254  	101.300112 
7330.089912  	101.033535 
7331.521570  	100.954799 
7332.953228  	102.118672 
7334.384886  	103.166449 
7335.816544  	102.804102 
7337.248203  	101.922779 
7338.679861  	101.145691 
7340.111519  	100.886320 
7341.543177  	102.578781 
7342.974835  	103.843264 
7344.406494  	104.035649 
7345.838152  	105.558059 
7347.269810  	105.601399 
7348.701468  	103.891553 
7350.133126  	103.346373 
7351.564785  	102.835736 
7352.996443  	103.114719 
7354.428101  	105.352051 
7355.859759  	106.155404 
7357.291417  	104.637122 
7358.723075  	103.084821 
7360.154734  	103.120173 
7361.586392  	104.101095 
7363.018050  	103.334290 
7364.449708  	102.353745 
7365.881366  	102.274875 
7367.313025  	100.474552 
7368.744683  	99.614449 
7370.176341  	101.124413 
7371.607999  	101.460991 
7373.039657  	102.084692 
7374.471315  	103.859301 
7375.902974  	103.682068 
7377.334632  	103.591205 
7378.766290  	104.147479 
7380.197948  	102.806423 
7381.629606  	101.760950 
7383.061265  	102.334805 
7384.492923  	102.461871 
7385.924581  	101.832318 
7387.356239  	102.077981 
7388.787897  	103.968680 
7390.219556  	105.705552 
7391.651214  	104.862398 
7393.082872  	102.651238 
7394.514530  	101.781878 
7395.946188  	101.670648 
7397.377846  	101.587892 
7398.809505  	102.620917 
7400.241163  	103.059770 
7401.672821  	101.000997 
7403.104479  	99.633456 
7404.536137  	100.254725 
7405.967796  	101.211627 
7407.399454  	102.628803 
7408.831112  	103.309445 
7410.262770  	103.390824 
7411.694428  	105.225752 
7413.126086  	106.130459 
7414.557745  	104.625858 
7415.989403  	105.211372 
7417.421061  	106.359788 
7418.852719  	104.422208 
7420.284377  	101.752343 
7421.716036  	100.814483 
7423.147694  	101.270162 
7424.579352  	102.801953 
7426.011010  	104.255008 
7427.442668  	103.697544 
7428.874327  	101.349731 
7430.305985  	100.389623 
7431.737643  	101.569734 
7433.169301  	102.789777 
7434.600959  	103.607206 
7436.032617  	103.702861 
7437.464276  	102.703278 
7438.895934  	102.852032 
7440.327592  	103.707329 
7441.759250  	102.888060 
7443.190908  	101.793954 
7444.622567  	101.169843 
7446.054225  	100.812679 
7447.485883  	102.013122 
7448.917541  	103.759013 
7450.349199  	104.093089 
7451.780858  	103.734809 
7453.212516  	104.137294 
7454.644174  	105.064378 
7456.075832  	104.255048 
7457.507490  	102.059688 
7458.939148  	101.538115 
7460.370807  	102.187724 
7461.802465  	102.925398 
7463.234123  	105.068046 
7464.665781  	105.637773 
7466.097439  	102.238372 
7467.529098  	99.868381 
7468.960756  	101.078058 
7470.392414  	102.773120 
7471.824072  	103.066389 
7473.255730  	103.887613 
7474.687388  	105.372228 
7476.119047  	104.754153 
7477.550705  	103.142398 
7478.982363  	104.042960 
7480.414021  	105.523524 
7481.845679  	104.101453 
7483.277338  	100.717978 
7484.708996  	98.545018 
7486.140654  	100.101441 
7487.572312  	103.226888 
7489.003970  	102.793675 
7490.435629  	100.660964 
7491.867287  	100.540928 
7493.298945  	101.162369 
7494.730603  	102.768062 
7496.162261  	104.430046 
7497.593919  	104.141534 
7499.025578  	103.651414 
7500.457236  	103.326926 
7501.888894  	103.876792 
7503.320552  	106.013432 
7504.752210  	104.905564 
7506.183869  	101.603861 
7507.615527  	101.894458 
7509.047185  	102.822867 
7510.478843  	101.496741 
7511.910501  	100.063036 
7513.342160  	100.445798 
7514.773818  	103.039611 
7516.205476  	103.309424 
7517.637134  	100.959860 
7519.068792  	101.915621 
7520.500450  	102.947442 
7521.932109  	101.082021 
7523.363767  	102.272323 
7524.795425  	105.389597 
7526.227083  	106.214214 
7527.658741  	106.088332 
7529.090400  	104.769206 
7530.522058  	102.332828 
7531.953716  	99.663999 
7533.385374  	98.883318 
7534.817032  	102.953021 
7536.248690  	106.552510 
7537.680349  	104.332260 
7539.112007  	101.623966 
7540.543665  	101.876828 
7541.975323  	103.535916 
7543.406981  	105.328650 
7544.838640  	106.217835 
7546.270298  	105.981695 
7547.701956  	104.238073 
7549.133614  	101.516984 
7550.565272  	100.611826 
7551.996931  	101.368833 
7553.428589  	101.458472 
7554.860247  	102.547824 
7556.291905  	104.612140 
7557.723563  	104.892295 
7559.155221  	103.998884 
7560.586880  	104.257356 
7562.018538  	104.786480 
7563.450196  	103.972241 
7564.881854  	103.785927 
7566.313512  	104.504093 
7567.745171  	104.641620 
7569.176829  	104.345900 
7570.608487  	103.097390 
7572.040145  	101.661164 
7573.471803  	100.977463 
7574.903461  	100.155191 
7576.335120  	102.430918 
7577.766778  	107.032324 
7579.198436  	106.649457 
7580.630094  	103.276145 
7582.061752  	101.436123 
7583.493411  	100.009757 
7584.925069  	101.840066 
7586.356727  	105.798811 
7587.788385  	105.188989 
7589.220043  	103.560707 
7590.651702  	104.436141 
7592.083360  	105.070163 
7593.515018  	104.561919 
7594.946676  	103.058753 
7596.378334  	101.827014 
7597.809992  	102.076718 
7599.241651  	102.436129 
7600.673309  	102.270329 
7602.104967  	100.643531 
7603.536625  	99.593830 
7604.968283  	104.426629 
7606.399942  	110.067547 
7607.831600  	108.840070 
7609.263258  	105.431959 
7610.694916  	102.785855 
7612.126574  	100.809027 
7613.558233  	101.958622 
7614.989891  	103.161701 
7616.421549  	101.884230 
7617.853207  	103.011127 
7619.284865  	105.987903 
7620.716523  	105.647662 
7622.148182  	103.547318 
7623.579840  	103.475754 
7625.011498  	104.259187 
7626.443156  	105.416133 
7627.874814  	107.102103 
7629.306473  	105.093510 
7630.738131  	101.622114 
7632.169789  	102.094588 
7633.601447  	103.999633 
7635.033105  	103.686712 
7636.464763  	101.752364 
7637.896422  	98.976819 
7639.328080  	98.703321 
7640.759738  	101.845212 
7642.191396  	103.856772 
7643.623054  	105.258056 
7645.054713  	105.769777 
7646.486371  	103.648742 
7647.918029  	102.455773 
7649.349687  	102.877885 
7650.781345  	102.486452 
7652.213004  	100.913637 
7653.644662  	100.009337 
7655.076320  	102.533506 
7656.507978  	104.596673 
7657.939636  	102.183826 
7659.371294  	100.366944 
7660.802953  	100.867573 
7662.234611  	100.497810 
7663.666269  	100.919328 
7665.097927  	101.488278 
7666.529585  	101.344755 
7667.961244  	103.198289 
7669.392902  	104.272581 
7670.824560  	101.786434 
7672.256218  	99.882513 
7673.687876  	100.819078 
7675.119535  	103.143000 
7676.551193  	104.658250 
7677.982851  	104.810756 
7679.414509  	104.337524 
7680.846167  	102.689116 
7682.277825  	101.793192 
7683.709484  	100.832896 
7685.141142  	98.893915 
7686.572800  	100.628653 
7688.004458  	104.261264 
7689.436116  	103.862126 
7690.867775  	102.808444 
7692.299433  	102.587990 
7693.731091  	102.518703 
7695.162749  	103.988301 
7696.594407  	103.361327 
7698.026065  	101.608231 
7699.457724  	103.343584 
7700.889382  	105.491284 
7702.321040  	107.415882 
7703.752698  	108.481304 
7705.184356  	105.478612 
7706.616015  	103.726245 
7708.047673  	105.382417 
7709.479331  	105.395040 
7710.910989  	103.944228 
7712.342647  	102.570645 
7713.774306  	101.665426 
7715.205964  	102.390388 
7716.637622  	102.138036 
7718.069280  	100.590217 
7719.500938  	101.027883 
7720.932596  	103.530885 
7722.364255  	104.953150 
7723.795913  	103.057857 
7725.227571  	101.916361 
7726.659229  	103.280452 
7728.090887  	102.801981 
7729.522546  	101.960039 
7730.954204  	104.355780 
7732.385862  	107.713455 
7733.817520  	109.398094 
7735.249178  	107.367429 
7736.680837  	105.083262 
7738.112495  	104.627501 
7739.544153  	103.127836 
7740.975811  	103.048640 
7742.407469  	104.642215 
7743.839127  	101.716700 
7745.270786  	100.458378 
7746.702444  	103.082143 
7748.134102  	102.108425 
7749.565760  	102.462083 
7750.997418  	106.377303 
7752.429077  	105.456418 
7753.860735  	103.627332 
7755.292393  	103.689932 
7756.724051  	101.853269 
7758.155709  	100.990097 
7759.587367  	102.853168 
7761.019026  	104.443556 
7762.450684  	105.335762 
7763.882342  	105.251571 
7765.314000  	102.509768 
7766.745658  	100.891834 
7768.177317  	105.452325 
7769.608975  	107.783418 
7771.040633  	102.058320 
7772.472291  	99.938211 
7773.903949  	103.796810 
7775.335608  	103.041397 
7776.767266  	101.966711 
7778.198924  	103.064525 
7779.630582  	103.594981 
7781.062240  	106.961440 
7782.493898  	107.638787 
7783.925557  	102.137862 
7785.357215  	100.545601 
7786.788873  	101.386683 
7788.220531  	101.578722 
7789.652189  	104.991989 
7791.083848  	106.529945 
7792.515506  	101.905403 
7793.947164  	97.433152 
7795.378822  	98.518561 
7796.810480  	102.112518 
7798.242138  	102.388387 
7799.673797  	102.188859 
7801.105455  	103.059709 
7802.537113  	103.057324 
7803.968771  	105.816191 
7805.400429  	107.371880 
7806.832088  	101.438325 
7808.263746  	99.819481 
7809.695404  	104.905538 
7811.127062  	105.834300 
7812.558720  	104.214470 
7813.990379  	104.718071 
7815.422037  	104.281790 
7816.853695  	103.950917 
7818.285353  	105.481642 
7819.717011  	106.452354 
7821.148669  	103.716460 
7822.580328  	99.380229 
7824.011986  	98.977437 
7825.443644  	101.288150 
7826.875302  	102.311862 
7828.306960  	103.310846 
7829.738619  	104.966018 
7831.170277  	106.518860 
7832.601935  	105.972196 
7834.033593  	102.715907 
7835.465251  	100.487501 
7836.896910  	101.799940 
7838.328568  	105.952752 
7839.760226  	109.527820 
7841.191884  	106.874695 
7842.623542  	104.397891 
7844.055200  	106.251828 
7845.486859  	102.786536 
7846.918517  	99.336880 
7848.350175  	103.771745 
7849.781833  	104.354045 
7851.213491  	100.748976 
7852.645150  	102.453607 
7854.076808  	103.085464 
7855.508466  	100.389449 
7856.940124  	100.020033 
7858.371782  	100.351471 
7859.803440  	102.760006 
7861.235099  	107.927547 
7862.666757  	107.920457 
7864.098415  	104.069217 
7865.530073  	102.770931 
7866.961731  	101.709728 
7868.393390  	101.406107 
7869.825048  	103.374187 
7871.256706  	105.791007 
7872.688364  	108.321441 
7874.120022  	108.778689 
7875.551681  	105.749256 
7876.983339  	104.037428 
7878.414997  	105.286322 
7879.846655  	104.571084 
7881.278313  	101.277682 
7882.709971  	101.355885 
7884.141630  	105.439388 
7885.573288  	108.501700 
7887.004946  	108.653436 
7888.436604  	108.835590 
7889.868262  	108.798067 
7891.299921  	105.486134 
7892.731579  	101.686710 
7894.163237  	102.504941 
7895.594895  	106.639246 
7897.026553  	106.696161 
7898.458212  	102.248627 
7899.889870  	101.339184 