##TITLE=No Description
##DATA TYPE=INFRARED SPECTRUM
##XUNITS=1/CM
##YUNITS=Abs
349.324597  	-0.287538 
350.756256  	-0.561902 
352.187914  	-0.372464 
353.619572  	-0.243169 
355.051230  	-0.084107 
356.482888  	0.025558 
357.914546  	0.079246 
359.346205  	-0.022548 
360.777863  	-0.135799 
362.209521  	-0.075417 
363.641179  	0.015270 
365.072837  	0.050145 
366.504496  	0.147939 
367.936154  	0.137975 
369.367812  	0.050539 
370.799470  	0.099709 
372.231128  	0.082607 
373.662787  	0.018130 
375.094445  	0.142733 
376.526103  	0.171651 
377.957761  	0.098825 
379.389419  	0.055968 
380.821077  	0.047848 
382.252736  	0.061830 
383.684394  	0.057803 
385.116052  	0.047540 
386.547710  	0.103415 
387.979368  	0.122771 
389.411027  	0.086190 
390.842685  	0.076293 
392.274343  	0.083573 
393.706001  	0.047881 
395.137659  	0.023096 
396.569317  	0.051462 
398.000976  	0.067412 
399.432634  	0.046765 
400.864292  	0.063719 
402.295950  	0.069092 
403.727608  	0.036822 
405.159267  	0.019073 
406.590925  	0.037240 
408.022583  	0.051267 
409.454241  	0.047117 
410.885899  	0.044661 
412.317558  	0.053668 
413.749216  	0.058471 
415.180874  	0.052218 
416.612532  	0.052193 
418.044190  	0.046920 
419.475848  	0.027671 
420.907507  	0.037733 
422.339165  	0.047909 
423.770823  	0.045188 
425.202481  	0.046271 
426.634139  	0.043077 
428.065798  	0.029180 
429.497456  	0.030306 
430.929114  	0.050602 
432.360772  	0.057743 
433.792430  	0.044870 
435.224089  	0.041374 
436.655747  	0.048321 
438.087405  	0.049768 
439.519063  	0.056683 
440.950721  	0.064112 
442.382379  	0.058943 
443.814038  	0.059806 
445.245696  	0.062858 
446.677354  	0.050745 
448.109012  	0.046699 
449.540670  	0.058622 
450.972329  	0.066601 
452.403987  	0.066595 
453.835645  	0.060423 
455.267303  	0.055637 
456.698961  	0.060013 
458.130619  	0.068070 
459.562278  	0.069516 
460.993936  	0.070880 
462.425594  	0.071416 
463.857252  	0.067556 
465.288910  	0.065907 
466.720569  	0.070603 
468.152227  	0.075559 
469.583885  	0.074793 
471.015543  	0.073010 
472.447201  	0.073444 
473.878860  	0.076841 
475.310518  	0.082360 
476.742176  	0.086745 
478.173834  	0.086329 
479.605492  	0.082112 
481.037150  	0.082554 
482.468809  	0.093355 
483.900467  	0.103022 
485.332125  	0.100886 
486.763783  	0.096338 
488.195441  	0.095262 
489.627100  	0.096301 
491.058758  	0.101941 
492.490416  	0.109061 
493.922074  	0.114021 
495.353732  	0.120567 
496.785391  	0.129227 
498.217049  	0.138242 
499.648707  	0.148300 
501.080365  	0.161176 
502.512023  	0.179586 
503.943681  	0.200991 
505.375340  	0.223457 
506.806998  	0.246665 
508.238656  	0.260510 
509.670314  	0.258733 
511.101972  	0.247101 
512.533631  	0.230701 
513.965289  	0.215367 
515.396947  	0.201071 
516.828605  	0.180191 
518.260263  	0.159958 
519.691921  	0.149341 
521.123580  	0.137318 
522.555238  	0.122580 
523.986896  	0.114308 
525.418554  	0.107975 
526.850212  	0.099808 
528.281871  	0.096491 
529.713529  	0.095201 
531.145187  	0.091064 
532.576845  	0.088262 
534.008503  	0.088054 
535.440162  	0.086682 
536.871820  	0.085730 
538.303478  	0.088275 
539.735136  	0.090767 
541.166794  	0.089434 
542.598452  	0.087836 
544.030111  	0.088608 
545.461769  	0.088908 
546.893427  	0.088875 
548.325085  	0.089930 
549.756743  	0.090203 
551.188402  	0.090289 
552.620060  	0.091234 
554.051718  	0.091792 
555.483376  	0.091909 
556.915034  	0.091243 
558.346692  	0.090505 
559.778351  	0.091149 
561.210009  	0.091421 
562.641667  	0.091553 
564.073325  	0.092692 
565.504983  	0.092829 
566.936642  	0.093228 
568.368300  	0.094583 
569.799958  	0.094386 
571.231616  	0.095241 
572.663274  	0.097850 
574.094933  	0.098386 
575.526591  	0.098107 
576.958249  	0.099411 
578.389907  	0.101635 
579.821565  	0.103900 
581.253223  	0.104201 
582.684882  	0.102596 
584.116540  	0.100846 
585.548198  	0.099341 
586.979856  	0.099388 
588.411514  	0.100265 
589.843173  	0.100179 
591.274831  	0.100022 
592.706489  	0.099827 
594.138147  	0.099262 
595.569805  	0.099251 
597.001464  	0.100219 
598.433122  	0.103192 
599.864780  	0.107658 
601.296438  	0.111765 
602.728096  	0.116682 
604.159754  	0.123987 
605.591413  	0.132854 
607.023071  	0.141236 
608.454729  	0.146708 
609.886387  	0.148895 
611.318045  	0.148457 
612.749704  	0.143536 
614.181362  	0.136753 
615.613020  	0.132247 
617.044678  	0.127457 
618.476336  	0.121698 
619.907994  	0.117636 
621.339653  	0.115627 
622.771311  	0.115138 
624.202969  	0.115210 
625.634627  	0.115598 
627.066285  	0.116580 
628.497944  	0.117643 
629.929602  	0.119317 
631.361260  	0.122244 
632.792918  	0.126036 
634.224576  	0.130529 
635.656235  	0.134151 
637.087893  	0.134793 
638.519551  	0.133874 
639.951209  	0.132822 
641.382867  	0.131216 
642.814525  	0.129784 
644.246184  	0.129325 
645.677842  	0.129947 
647.109500  	0.131330 
648.541158  	0.131930 
649.972816  	0.131380 
651.404475  	0.131818 
652.836133  	0.133563 
654.267791  	0.134919 
655.699449  	0.135673 
657.131107  	0.136045 
658.562766  	0.135953 
659.994424  	0.136084 
661.426082  	0.136830 
662.857740  	0.137200 
664.289398  	0.136762 
665.721056  	0.137542 
667.152715  	0.141405 
668.584373  	0.143382 
670.016031  	0.139206 
671.447689  	0.137261 
672.879347  	0.136379 
674.311006  	0.135412 
675.742664  	0.135661 
677.174322  	0.136194 
678.605980  	0.134865 
680.037638  	0.133226 
681.469296  	0.133281 
682.900955  	0.133183 
684.332613  	0.131383 
685.764271  	0.130044 
687.195929  	0.129637 
688.627587  	0.128088 
690.059246  	0.126258 
691.490904  	0.125383 
692.922562  	0.124296 
694.354220  	0.122892 
695.785878  	0.121967 
697.217537  	0.121925 
698.649195  	0.122734 
700.080853  	0.123420 
701.512511  	0.123845 
702.944169  	0.124706 
704.375827  	0.125763 
705.807486  	0.127008 
707.239144  	0.127823 
708.670802  	0.127035 
710.102460  	0.125602 
711.534118  	0.124156 
712.965777  	0.122777 
714.397435  	0.122384 
715.829093  	0.121880 
717.260751  	0.121022 
718.692409  	0.121527 
720.124067  	0.122013 
721.555726  	0.121483 
722.987384  	0.121609 
724.419042  	0.121861 
725.850700  	0.121571 
727.282358  	0.121295 
728.714017  	0.120715 
730.145675  	0.120089 
731.577333  	0.119838 
733.008991  	0.120088 
734.440649  	0.121146 
735.872308  	0.122217 
737.303966  	0.123313 
738.735624  	0.125561 
740.167282  	0.128757 
741.598940  	0.132519 
743.030598  	0.136663 
744.462257  	0.141151 
745.893915  	0.145803 
747.325573  	0.148888 
748.757231  	0.150595 
750.188889  	0.152712 
751.620548  	0.154456 
753.052206  	0.155418 
754.483864  	0.156711 
755.915522  	0.159055 
757.347180  	0.163249 
758.778839  	0.168934 
760.210497  	0.176308 
761.642155  	0.187576 
763.073813  	0.202320 
764.505471  	0.217888 
765.937129  	0.231944 
767.368788  	0.241944 
768.800446  	0.246125 
770.232104  	0.242892 
771.663762  	0.232025 
773.095420  	0.215863 
774.527079  	0.197764 
775.958737  	0.180912 
777.390395  	0.166655 
778.822053  	0.153792 
780.253711  	0.141268 
781.685369  	0.129728 
783.117028  	0.118835 
784.548686  	0.107744 
785.980344  	0.097454 
787.412002  	0.088826 
788.843660  	0.081804 
790.275319  	0.076774 
791.706977  	0.074053 
793.138635  	0.073273 
794.570293  	0.073956 
796.001951  	0.076604 
797.433610  	0.081587 
798.865268  	0.088141 
800.296926  	0.096028 
801.728584  	0.105417 
803.160242  	0.115971 
804.591900  	0.127019 
806.023559  	0.138064 
807.455217  	0.149369 
808.886875  	0.160893 
810.318533  	0.171708 
811.750191  	0.180805 
813.181850  	0.187803 
814.613508  	0.191922 
816.045166  	0.190874 
817.476824  	0.184126 
818.908482  	0.173038 
820.340141  	0.159300 
821.771799  	0.146018 
823.203457  	0.134445 
824.635115  	0.124163 
826.066773  	0.116388 
827.498431  	0.110846 
828.930090  	0.105401 
830.361748  	0.100580 
831.793406  	0.097541 
833.225064  	0.095261 
834.656722  	0.093084 
836.088381  	0.091279 
837.520039  	0.090374 
838.951697  	0.090825 
840.383355  	0.092047 
841.815013  	0.094025 
843.246671  	0.097288 
844.678330  	0.100812 
846.109988  	0.103786 
847.541646  	0.106037 
848.973304  	0.106498 
850.404962  	0.104788 
851.836621  	0.101726 
853.268279  	0.097913 
854.699937  	0.094083 
856.131595  	0.090906 
857.563253  	0.088262 
858.994912  	0.086170 
860.426570  	0.084472 
861.858228  	0.082049 
863.289886  	0.078082 
864.721544  	0.072673 
866.153202  	0.066185 
867.584861  	0.059123 
869.016519  	0.051760 
870.448177  	0.044200 
871.879835  	0.037198 
873.311493  	0.031989 
874.743152  	0.028667 
876.174810  	0.026206 
877.606468  	0.024424 
879.038126  	0.023493 
880.469784  	0.023106 
881.901443  	0.023168 
883.333101  	0.023420 
884.764759  	0.023419 
886.196417  	0.023432 
887.628075  	0.024098 
889.059733  	0.025253 
890.491392  	0.026207 
891.923050  	0.026965 
893.354708  	0.027853 
894.786366  	0.028977 
896.218024  	0.030335 
897.649683  	0.031618 
899.081341  	0.032887 
900.512999  	0.034353 
901.944657  	0.035918 
903.376315  	0.038128 
904.807973  	0.040963 
906.239632  	0.043840 
907.671290  	0.047679 
909.102948  	0.053001 
910.534606  	0.059074 
911.966264  	0.065257 
913.397923  	0.070155 
914.829581  	0.072521 
916.261239  	0.072048 
917.692897  	0.069025 
919.124555  	0.064700 
920.556214  	0.060393 
921.987872  	0.057032 
923.419530  	0.054994 
924.851188  	0.053985 
926.282846  	0.054240 
927.714504  	0.055643 
929.146163  	0.057298 
930.577821  	0.059409 
932.009479  	0.061702 
933.441137  	0.063563 
934.872795  	0.065978 
936.304454  	0.068938 
937.736112  	0.071919 
939.167770  	0.075345 
940.599428  	0.078623 
942.031086  	0.081662 
943.462744  	0.084908 
944.894403  	0.087733 
946.326061  	0.090477 
947.757719  	0.093612 
949.189377  	0.096791 
950.621035  	0.100213 
952.052694  	0.103587 
953.484352  	0.106666 
954.916010  	0.109816 
956.347668  	0.112767 
957.779326  	0.115345 
959.210985  	0.117233 
960.642643  	0.117934 
962.074301  	0.117760 
963.505959  	0.116637 
964.937617  	0.114493 
966.369275  	0.112426 
967.800934  	0.111051 
969.232592  	0.110034 
970.664250  	0.109536 
972.095908  	0.110015 
973.527566  	0.111418 
974.959225  	0.113553 
976.390883  	0.116274 
977.822541  	0.118638 
979.254199  	0.120009 
980.685857  	0.121175 
982.117516  	0.122033 
983.549174  	0.121633 
984.980832  	0.120243 
986.412490  	0.118545 
987.844148  	0.116852 
989.275806  	0.115387 
990.707465  	0.114547 
992.139123  	0.114577 
993.570781  	0.115030 
995.002439  	0.115967 
996.434097  	0.117866 
997.865756  	0.120267 
999.297414  	0.123242 
1000.729072  	0.127061 
1002.160730  	0.130996 
1003.592388  	0.135216 
1005.024046  	0.139917 
1006.455705  	0.144842 
1007.887363  	0.150901 
1009.319021  	0.158410 
1010.750679  	0.167032 
1012.182337  	0.177355 
1013.613996  	0.191111 
1015.045654  	0.209593 
1016.477312  	0.226799 
1017.908970  	0.231223 
1019.340628  	0.219099 
1020.772287  	0.197344 
1022.203945  	0.176947 
1023.635603  	0.164212 
1025.067261  	0.159654 
1026.498919  	0.161938 
1027.930577  	0.168531 
1029.362236  	0.176878 
1030.793894  	0.186237 
1032.225552  	0.195440 
1033.657210  	0.204329 
1035.088868  	0.213761 
1036.520527  	0.222684 
1037.952185  	0.231555 
1039.383843  	0.240762 
1040.815501  	0.249798 
1042.247159  	0.260857 
1043.678818  	0.273578 
1045.110476  	0.286575 
1046.542134  	0.301191 
1047.973792  	0.316477 
1049.405450  	0.332608 
1050.837108  	0.350092 
1052.268767  	0.367553 
1053.700425  	0.386482 
1055.132083  	0.404685 
1056.563741  	0.420356 
1057.995399  	0.435447 
1059.427058  	0.445936 
1060.858716  	0.452593 
1062.290374  	0.457511 
1063.722032  	0.456990 
1065.153690  	0.454249 
1066.585348  	0.450204 
1068.017007  	0.444230 
1069.448665  	0.439642 
1070.880323  	0.433423 
1072.311981  	0.425908 
1073.743639  	0.419490 
1075.175298  	0.411024 
1076.606956  	0.401503 
1078.038614  	0.390282 
1079.470272  	0.375739 
1080.901930  	0.359871 
1082.333589  	0.340936 
1083.765247  	0.320463 
1085.196905  	0.302228 
1086.628563  	0.286807 
1088.060221  	0.277058 
1089.491879  	0.273641 
1090.923538  	0.273872 
1092.355196  	0.277035 
1093.786854  	0.280939 
1095.218512  	0.284606 
1096.650170  	0.289342 
1098.081829  	0.293209 
1099.513487  	0.296261 
1100.945145  	0.299170 
1102.376803  	0.300781 
1103.808461  	0.301965 
1105.240120  	0.300754 
1106.671778  	0.296427 
1108.103436  	0.291418 
1109.535094  	0.284587 
1110.966752  	0.276211 
1112.398410  	0.265962 
1113.830069  	0.252120 
1115.261727  	0.237517 
1116.693385  	0.223129 
1118.125043  	0.208622 
1119.556701  	0.195459 
1120.988360  	0.182800 
1122.420018  	0.170283 
1123.851676  	0.158148 
1125.283334  	0.145073 
1126.714992  	0.131873 
1128.146650  	0.119862 
1129.578309  	0.108439 
1131.009967  	0.097926 
1132.441625  	0.089055 
1133.873283  	0.081258 
1135.304941  	0.074589 
1136.736600  	0.069285 
1138.168258  	0.064590 
1139.599916  	0.060604 
1141.031574  	0.057516 
1142.463232  	0.054847 
1143.894891  	0.052696 
1145.326549  	0.051001 
1146.758207  	0.049509 
1148.189865  	0.048007 
1149.621523  	0.046403 
1151.053181  	0.045348 
1152.484840  	0.044783 
1153.916498  	0.044378 
1155.348156  	0.044630 
1156.779814  	0.045157 
1158.211472  	0.045823 
1159.643131  	0.047131 
1161.074789  	0.048645 
1162.506447  	0.050504 
1163.938105  	0.053017 
1165.369763  	0.055970 
1166.801421  	0.059773 
1168.233080  	0.064373 
1169.664738  	0.069638 
1171.096396  	0.075858 
1172.528054  	0.083096 
1173.959712  	0.091800 
1175.391371  	0.101952 
1176.823029  	0.113846 
1178.254687  	0.127952 
1179.686345  	0.142421 
1181.118003  	0.154929 
1182.549662  	0.164064 
1183.981320  	0.171250 
1185.412978  	0.179920 
1186.844636  	0.190754 
1188.276294  	0.204106 
1189.707952  	0.219915 
1191.139611  	0.236849 
1192.571269  	0.256463 
1194.002927  	0.278156 
1195.434585  	0.300736 
1196.866243  	0.327067 
1198.297902  	0.355399 
1199.729560  	0.383914 
1201.161218  	0.411470 
1202.592876  	0.431937 
1204.024534  	0.444882 
1205.456193  	0.449456 
1206.887851  	0.447121 
1208.319509  	0.446403 
1209.751167  	0.448718 
1211.182825  	0.457348 
1212.614483  	0.474913 
1214.046142  	0.494185 
1215.477800  	0.513347 
1216.909458  	0.528145 
1218.341116  	0.532675 
1219.772774  	0.531698 
1221.204433  	0.523023 
1222.636091  	0.508485 
1224.067749  	0.492921 
1225.499407  	0.473143 
1226.931065  	0.453983 
1228.362723  	0.436243 
1229.794382  	0.416090 
1231.226040  	0.397087 
1232.657698  	0.377601 
1234.089356  	0.356876 
1235.521014  	0.337607 
1236.952673  	0.317264 
1238.384331  	0.296577 
1239.815989  	0.276973 
1241.247647  	0.257532 
1242.679305  	0.239785 
1244.110964  	0.223697 
1245.542622  	0.209817 
1246.974280  	0.200198 
1248.405938  	0.193810 
1249.837596  	0.189545 
1251.269254  	0.185815 
1252.700913  	0.179174 
1254.132571  	0.169172 
1255.564229  	0.156183 
1256.995887  	0.140795 
1258.427545  	0.125406 
1259.859204  	0.110726 
1261.290862  	0.097238 
1262.722520  	0.086198 
1264.154178  	0.077345 
1265.585836  	0.070452 
1267.017495  	0.066032 
1268.449153  	0.063480 
1269.880811  	0.062306 
1271.312469  	0.062390 
1272.744127  	0.062934 
1274.175785  	0.063567 
1275.607444  	0.063566 
1277.039102  	0.062610 
1278.470760  	0.061477 
1279.902418  	0.059837 
1281.334076  	0.057911 
1282.765735  	0.056687 
1284.197393  	0.055843 
1285.629051  	0.055805 
1287.060709  	0.057002 
1288.492367  	0.059048 
1289.924025  	0.062789 
1291.355684  	0.068371 
1292.787342  	0.075642 
1294.219000  	0.085020 
1295.650658  	0.096217 
1297.082316  	0.109934 
1298.513975  	0.126197 
1299.945633  	0.144670 
1301.377291  	0.165481 
1302.808949  	0.186711 
1304.240607  	0.207698 
1305.672266  	0.226057 
1307.103924  	0.238767 
1308.535582  	0.245887 
1309.967240  	0.244973 
1311.398898  	0.237819 
1312.830556  	0.227686 
1314.262215  	0.216261 
1315.693873  	0.207342 
1317.125531  	0.198870 
1318.557189  	0.185973 
1319.988847  	0.167532 
1321.420506  	0.145325 
1322.852164  	0.123650 
1324.283822  	0.104585 
1325.715480  	0.088641 
1327.147138  	0.075882 
1328.578796  	0.065903 
1330.010455  	0.058561 
1331.442113  	0.053166 
1332.873771  	0.049636 
1334.305429  	0.047539 
1335.737087  	0.046348 
1337.168746  	0.046007 
1338.600404  	0.045670 
1340.032062  	0.045653 
1341.463720  	0.045926 
1342.895378  	0.045533 
1344.327037  	0.045205 
1345.758695  	0.045071 
1347.190353  	0.045097 
1348.622011  	0.045985 
1350.053669  	0.047362 
1351.485327  	0.049357 
1352.916986  	0.051879 
1354.348644  	0.054210 
1355.780302  	0.056725 
1357.211960  	0.058872 
1358.643618  	0.060592 
1360.075277  	0.062401 
1361.506935  	0.063628 
1362.938593  	0.065102 
1364.370251  	0.067127 
1365.801909  	0.068453 
1367.233568  	0.069429 
1368.665226  	0.069682 
1370.096884  	0.069172 
1371.528542  	0.068347 
1372.960200  	0.066744 
1374.391858  	0.064525 
1375.823517  	0.061964 
1377.255175  	0.059098 
1378.686833  	0.056174 
1380.118491  	0.053289 
1381.550149  	0.050605 
1382.981808  	0.048596 
1384.413466  	0.047224 
1385.845124  	0.046248 
1387.276782  	0.046311 
1388.708440  	0.046911 
1390.140098  	0.047409 
1391.571757  	0.047901 
1393.003415  	0.048243 
1394.435073  	0.049672 
1395.866731  	0.052311 
1397.298389  	0.054847 
1398.730048  	0.058829 
1400.161706  	0.064770 
1401.593364  	0.071783 
1403.025022  	0.081079 
1404.456680  	0.095311 
1405.888339  	0.117806 
1407.319997  	0.146570 
1408.751655  	0.180230 
1410.183313  	0.219583 
1411.614971  	0.251125 
1413.046629  	0.260824 
1414.478288  	0.249008 
1415.909946  	0.214700 
1417.341604  	0.175095 
1418.773262  	0.134330 
1420.204920  	0.089541 
1421.636579  	0.067689 
1423.068237  	0.055729 
1424.499895  	0.046119 
1425.931553  	0.045297 
1427.363211  	0.046979 
1428.794870  	0.050943 
1430.226528  	0.058315 
1431.658186  	0.063776 
1433.089844  	0.067947 
1434.521502  	0.069661 
1435.953160  	0.068352 
1437.384819  	0.065438 
1438.816477  	0.062096 
1440.248135  	0.059686 
1441.679793  	0.059422 
1443.111451  	0.061259 
1444.543110  	0.065276 
1445.974768  	0.068644 
1447.406426  	0.069249 
1448.838084  	0.069287 
1450.269742  	0.068458 
1451.701400  	0.067769 
1453.133059  	0.068721 
1454.564717  	0.068894 
1455.996375  	0.068719 
1457.428033  	0.068458 
1458.859691  	0.066502 
1460.291350  	0.066842 
1461.723008  	0.068359 
1463.154666  	0.070285 
1464.586324  	0.074267 
1466.017982  	0.078027 
1467.449641  	0.081182 
1468.881299  	0.084784 
1470.312957  	0.087016 
1471.744615  	0.090090 
1473.176273  	0.094409 
1474.607931  	0.097113 
1476.039590  	0.100851 
1477.471248  	0.102720 
1478.902906  	0.101949 
1480.334564  	0.098961 
1481.766222  	0.093003 
1483.197881  	0.089144 
1484.629539  	0.085777 
1486.061197  	0.082440 
1487.492855  	0.081520 
1488.924513  	0.079150 
1490.356172  	0.079131 
1491.787830  	0.082649 
1493.219488  	0.085202 
1494.651146  	0.091303 
1496.082804  	0.099502 
1497.514462  	0.108323 
1498.946121  	0.121848 
1500.377779  	0.133742 
1501.809437  	0.147843 
1503.241095  	0.165355 
1504.672753  	0.178768 
1506.104412  	0.198530 
1507.536070  	0.235638 
1508.967728  	0.260888 
1510.399386  	0.291890 
1511.831044  	0.320827 
1513.262702  	0.344379 
1514.694361  	0.366373 
1516.126019  	0.374159 
1517.557677  	0.383997 
1518.989335  	0.397854 
1520.420993  	0.399590 
1521.852652  	0.416267 
1523.284310  	0.424652 
1524.715968  	0.423634 
1526.147626  	0.429831 
1527.579284  	0.420606 
1529.010943  	0.414601 
1530.442601  	0.409685 
1531.874259  	0.394541 
1533.305917  	0.383526 
1534.737575  	0.360974 
1536.169233  	0.341751 
1537.600892  	0.331063 
1539.032550  	0.304041 
1540.464208  	0.272671 
1541.895866  	0.250297 
1543.327524  	0.222466 
1544.759183  	0.201327 
1546.190841  	0.174677 
1547.622499  	0.152808 
1549.054157  	0.136005 
1550.485815  	0.111675 
1551.917473  	0.094121 
1553.349132  	0.081493 
1554.780790  	0.064598 
1556.212448  	0.054052 
1557.644106  	0.046845 
1559.075764  	0.034976 
1560.507423  	0.028249 
1561.939081  	0.024312 
1563.370739  	0.020994 
1564.802397  	0.018399 
1566.234055  	0.015807 
1567.665714  	0.014136 
1569.097372  	0.013083 
1570.529030  	0.012404 
1571.960688  	0.012087 
1573.392346  	0.012001 
1574.824004  	0.012182 
1576.255663  	0.013534 
1577.687321  	0.016190 
1579.118979  	0.018335 
1580.550637  	0.021886 
1581.982295  	0.027351 
1583.413954  	0.033949 
1584.845612  	0.043920 
1586.277270  	0.056509 
1587.708928  	0.071894 
1589.140586  	0.092373 
1590.572245  	0.113544 
1592.003903  	0.135824 
1593.435561  	0.155949 
1594.867219  	0.168038 
1596.298877  	0.176919 
1597.730535  	0.176718 
1599.162194  	0.169719 
1600.593852  	0.160958 
1602.025510  	0.146621 
1603.457168  	0.133343 
1604.888826  	0.122026 
1606.320485  	0.111423 
1607.752143  	0.105308 
1609.183801  	0.100729 
1610.615459  	0.098121 
1612.047117  	0.097208 
1613.478775  	0.092627 
1614.910434  	0.087636 
1616.342092  	0.079068 
1617.773750  	0.063784 
1619.205408  	0.054020 
1620.637066  	0.043924 
1622.068725  	0.034434 
1623.500383  	0.029050 
1624.932041  	0.023252 
1626.363699  	0.020109 
1627.795357  	0.019036 
1629.227016  	0.016800 
1630.658674  	0.016648 
1632.090332  	0.016285 
1633.521990  	0.014924 
1634.953648  	0.015996 
1636.385306  	0.016258 
1637.816965  	0.016215 
1639.248623  	0.016919 
1640.680281  	0.015651 
1642.111939  	0.015776 
1643.543597  	0.015935 
1644.975256  	0.014519 
1646.406914  	0.016122 
1647.838572  	0.016919 
1649.270230  	0.016716 
1650.701888  	0.018044 
1652.133547  	0.016808 
1653.565205  	0.018979 
1654.996863  	0.022469 
1656.428521  	0.021739 
1657.860179  	0.024173 
1659.291837  	0.025735 
1660.723496  	0.026615 
1662.155154  	0.030379 
1663.586812  	0.031783 
1665.018470  	0.034738 
1666.450128  	0.038915 
1667.881787  	0.040267 
1669.313445  	0.045895 
1670.745103  	0.052039 
1672.176761  	0.055713 
1673.608419  	0.063223 
1675.040077  	0.069150 
1676.471736  	0.079593 
1677.903394  	0.091150 
1679.335052  	0.098385 
1680.766710  	0.112999 
1682.198368  	0.126356 
1683.630027  	0.133173 
1685.061685  	0.161987 
1686.493343  	0.178094 
1687.925001  	0.191631 
1689.356659  	0.216506 
1690.788318  	0.236222 
1692.219976  	0.259768 
1693.651634  	0.285200 
1695.083292  	0.299968 
1696.514950  	0.329902 
1697.946608  	0.350018 
1699.378267  	0.350294 
1700.809925  	0.353136 
1702.241583  	0.345948 
1703.673241  	0.335101 
1705.104899  	0.321678 
1706.536558  	0.299861 
1707.968216  	0.282372 
1709.399874  	0.267822 
1710.831532  	0.251136 
1712.263190  	0.236879 
1713.694849  	0.225014 
1715.126507  	0.211523 
1716.558165  	0.201093 
1717.989823  	0.192370 
1719.421481  	0.183000 
1720.853139  	0.179939 
1722.284798  	0.179078 
1723.716456  	0.179139 
1725.148114  	0.181568 
1726.579772  	0.182967 
1728.011430  	0.182262 
1729.443089  	0.178880 
1730.874747  	0.170335 
1732.306405  	0.161365 
1733.738063  	0.148888 
1735.169721  	0.123230 
1736.601379  	0.108715 
1738.033038  	0.095455 
1739.464696  	0.076527 
1740.896354  	0.060763 
1742.328012  	0.046671 
1743.759670  	0.033834 
1745.191329  	0.025035 
1746.622987  	0.015636 
1748.054645  	0.009668 
1749.486303  	0.005004 
1750.917961  	-0.001100 
1752.349620  	-0.002448 
1753.781278  	-0.005403 
1755.212936  	-0.007947 
1756.644594  	-0.007690 
1758.076252  	-0.010281 
1759.507910  	-0.011113 
1760.939569  	-0.010947 
1762.371227  	-0.013007 
1763.802885  	-0.012299 
1765.234543  	-0.013122 
1766.666201  	-0.014623 
1768.097860  	-0.013392 
1769.529518  	-0.014805 
1770.961176  	-0.015296 
1772.392834  	-0.013484 
1773.824492  	-0.015038 
1775.256150  	-0.014551 
1776.687809  	-0.014473 
1778.119467  	-0.015715 
1779.551125  	-0.014905 
1780.982783  	-0.015548 
1782.414441  	-0.016095 
1783.846100  	-0.015369 
1785.277758  	-0.016237 
1786.709416  	-0.015537 
1788.141074  	-0.015247 
1789.572732  	-0.016541 
1791.004391  	-0.016016 
1792.436049  	-0.016354 
1793.867707  	-0.016488 
1795.299365  	-0.015490 
1796.731023  	-0.016390 
1798.162681  	-0.016067 
1799.594340  	-0.015757 
1801.025998  	-0.017085 
1802.457656  	-0.016510 
1803.889314  	-0.017120 
1805.320972  	-0.017776 
1806.752631  	-0.016834 
1808.184289  	-0.017868 
1809.615947  	-0.018094 
1811.047605  	-0.017493 
1812.479263  	-0.018529 
1813.910922  	-0.018009 
1815.342580  	-0.018458 
1816.774238  	-0.019458 
1818.205896  	-0.018303 
1819.637554  	-0.019037 
1821.069212  	-0.019362 
1822.500871  	-0.018796 
1823.932529  	-0.020390 
1825.364187  	-0.019912 
1826.795845  	-0.019512 
1828.227503  	-0.020809 
1829.659162  	-0.019837 
1831.090820  	-0.020297 
1832.522478  	-0.020900 
1833.954136  	-0.020097 
1835.385794  	-0.021101 
1836.817452  	-0.021132 
1838.249111  	-0.021051 
1839.680769  	-0.022070 
1841.112427  	-0.021303 
1842.544085  	-0.021945 
1843.975743  	-0.022589 
1845.407402  	-0.021002 
1846.839060  	-0.022281 
1848.270718  	-0.022228 
1849.702376  	-0.021593 
1851.134034  	-0.022823 
1852.565693  	-0.022032 
1853.997351  	-0.022210 
1855.429009  	-0.023018 
1856.860667  	-0.021682 
1858.292325  	-0.022604 
1859.723983  	-0.022987 
1861.155642  	-0.021930 
1862.587300  	-0.022997 
1864.018958  	-0.022446 
1865.450616  	-0.022051 
1866.882274  	-0.022934 
1868.313933  	-0.021529 
1869.745591  	-0.021873 
1871.177249  	-0.022105 
1872.608907  	-0.021126 
1874.040565  	-0.022471 
1875.472224  	-0.022271 
1876.903882  	-0.021482 
1878.335540  	-0.022133 
1879.767198  	-0.021319 
1881.198856  	-0.021927 
1882.630514  	-0.022159 
1884.062173  	-0.020401 
1885.493831  	-0.021141 
1886.925489  	-0.021221 
1888.357147  	-0.020686 
1889.788805  	-0.021386 
1891.220464  	-0.019562 
1892.652122  	-0.019393 
1894.083780  	-0.020206 
1895.515438  	-0.018825 
1896.947096  	-0.019558 
1898.378754  	-0.019699 
1899.810413  	-0.018720 
1901.242071  	-0.019476 
1902.673729  	-0.018516 
1904.105387  	-0.018459 
1905.537045  	-0.019494 
1906.968704  	-0.018356 
1908.400362  	-0.019087 
1909.832020  	-0.019476 
1911.263678  	-0.018852 
1912.695336  	-0.020450 
1914.126995  	-0.019909 
1915.558653  	-0.020083 
1916.990311  	-0.022408 
1918.421969  	-0.021430 
1919.853627  	-0.021363 
1921.285285  	-0.021791 
1922.716944  	-0.020894 
1924.148602  	-0.021660 
1925.580260  	-0.020449 
1927.011918  	-0.020908 
1928.443576  	-0.024147 
1929.875235  	-0.023053 
1931.306893  	-0.022875 
1932.738551  	-0.023499 
1934.170209  	-0.021364 
1935.601867  	-0.022273 
1937.033525  	-0.022222 
1938.465184  	-0.021574 
1939.896842  	-0.024274 
1941.328500  	-0.023531 
1942.760158  	-0.022900 
1944.191816  	-0.023472 
1945.623475  	-0.020787 
1947.055133  	-0.022044 
1948.486791  	-0.023407 
1949.918449  	-0.021895 
1951.350107  	-0.022815 
1952.781766  	-0.021675 
1954.213424  	-0.021503 
1955.645082  	-0.023296 
1957.076740  	-0.021462 
1958.508398  	-0.022192 
1959.940056  	-0.022873 
1961.371715  	-0.021757 
1962.803373  	-0.023471 
1964.235031  	-0.021122 
1965.666689  	-0.020444 
1967.098347  	-0.022480 
1968.530006  	-0.019415 
1969.961664  	-0.021599 
1971.393322  	-0.022915 
1972.824980  	-0.019982 
1974.256638  	-0.023662 
1975.688297  	-0.022339 
1977.119955  	-0.019754 
1978.551613  	-0.022788 
1979.983271  	-0.019377 
1981.414929  	-0.020021 
1982.846587  	-0.023006 
1984.278246  	-0.020574 
1985.709904  	-0.022454 
1987.141562  	-0.022981 
1988.573220  	-0.022179 
1990.004878  	-0.025461 
1991.436537  	-0.023414 
1992.868195  	-0.022949 
1994.299853  	-0.025198 
1995.731511  	-0.022412 
1997.163169  	-0.023501 
1998.594827  	-0.023763 
2000.026486  	-0.020928 
2001.458144  	-0.023637 
2002.889802  	-0.023032 
2004.321460  	-0.020340 
2005.753118  	-0.020489 
2007.184777  	-0.018319 
2008.616435  	-0.020220 
2010.048093  	-0.021400 
2011.479751  	-0.019328 
2012.911409  	-0.021937 
2014.343068  	-0.020468 
2015.774726  	-0.019308 
2017.206384  	-0.022034 
2018.638042  	-0.018149 
2020.069700  	-0.018791 
2021.501358  	-0.022427 
2022.933017  	-0.020660 
2024.364675  	-0.022331 
2025.796333  	-0.020516 
2027.227991  	-0.017884 
2028.659649  	-0.021894 
2030.091308  	-0.020153 
2031.522966  	-0.019058 
2032.954624  	-0.021576 
2034.386282  	-0.019425 
2035.817940  	-0.020435 
2037.249599  	-0.020334 
2038.681257  	-0.017705 
2040.112915  	-0.019119 
2041.544573  	-0.018672 
2042.976231  	-0.019952 
2044.407889  	-0.022833 
2045.839548  	-0.020455 
2047.271206  	-0.019963 
2048.702864  	-0.020398 
2050.134522  	-0.020109 
2051.566180  	-0.022070 
2052.997839  	-0.021345 
2054.429497  	-0.021013 
2055.861155  	-0.021847 
2057.292813  	-0.019723 
2058.724471  	-0.020442 
2060.156129  	-0.022231 
2061.587788  	-0.021865 
2063.019446  	-0.022763 
2064.451104  	-0.021651 
2065.882762  	-0.021008 
2067.314420  	-0.022323 
2068.746079  	-0.020707 
2070.177737  	-0.021072 
2071.609395  	-0.022568 
2073.041053  	-0.021639 
2074.472711  	-0.023191 
2075.904370  	-0.024030 
2077.336028  	-0.022879 
2078.767686  	-0.023415 
2080.199344  	-0.023039 
2081.631002  	-0.022794 
2083.062660  	-0.022837 
2084.494319  	-0.022109 
2085.925977  	-0.023235 
2087.357635  	-0.023030 
2088.789293  	-0.021671 
2090.220951  	-0.022255 
2091.652610  	-0.021732 
2093.084268  	-0.021810 
2094.515926  	-0.022491 
2095.947584  	-0.021302 
2097.379242  	-0.022529 
2098.810901  	-0.023754 
2100.242559  	-0.022664 
2101.674217  	-0.022983 
2103.105875  	-0.022684 
2104.537533  	-0.022585 
2105.969191  	-0.023364 
2107.400850  	-0.022280 
2108.832508  	-0.022440 
2110.264166  	-0.022924 
2111.695824  	-0.022267 
2113.127482  	-0.023141 
2114.559141  	-0.022865 
2115.990799  	-0.022445 
2117.422457  	-0.023429 
2118.854115  	-0.022635 
2120.285773  	-0.022603 
2121.717431  	-0.023138 
2123.149090  	-0.022756 
2124.580748  	-0.024095 
2126.012406  	-0.023620 
2127.444064  	-0.022290 
2128.875722  	-0.023229 
2130.307381  	-0.022137 
2131.739039  	-0.022188 
2133.170697  	-0.023579 
2134.602355  	-0.021463 
2136.034013  	-0.022019 
2137.465672  	-0.023328 
2138.897330  	-0.021837 
2140.328988  	-0.023191 
2141.760646  	-0.023616 
2143.192304  	-0.022644 
2144.623962  	-0.022371 
2146.055621  	-0.020406 
2147.487279  	-0.021537 
2148.918937  	-0.022137 
2150.350595  	-0.019660 
2151.782253  	-0.020800 
2153.213912  	-0.019824 
2154.645570  	-0.017578 
2156.077228  	-0.017913 
2157.508886  	-0.015598 
2158.940544  	-0.018418 
2160.372202  	-0.020827 
2161.803861  	-0.016306 
2163.235519  	-0.018102 
2164.667177  	-0.019078 
2166.098835  	-0.017018 
2167.530493  	-0.018961 
2168.962152  	-0.019242 
2170.393810  	-0.020023 
2171.825468  	-0.020893 
2173.257126  	-0.018220 
2174.688784  	-0.018073 
2176.120443  	-0.017473 
2177.552101  	-0.017139 
2178.983759  	-0.020796 
2180.415417  	-0.020397 
2181.847075  	-0.018634 
2183.278733  	-0.019413 
2184.710392  	-0.020115 
2186.142050  	-0.022936 
2187.573708  	-0.021932 
2189.005366  	-0.018891 
2190.437024  	-0.020818 
2191.868683  	-0.019785 
2193.300341  	-0.017762 
2194.731999  	-0.019621 
2196.163657  	-0.020007 
2197.595315  	-0.021154 
2199.026974  	-0.022408 
2200.458632  	-0.021643 
2201.890290  	-0.021925 
2203.321948  	-0.020433 
2204.753606  	-0.020170 
2206.185264  	-0.022635 
2207.616923  	-0.021878 
2209.048581  	-0.021797 
2210.480239  	-0.023018 
2211.911897  	-0.022810 
2213.343555  	-0.023949 
2214.775214  	-0.023029 
2216.206872  	-0.021384 
2217.638530  	-0.022396 
2219.070188  	-0.022389 
2220.501846  	-0.023270 
2221.933504  	-0.023544 
2223.365163  	-0.021380 
2224.796821  	-0.022214 
2226.228479  	-0.022262 
2227.660137  	-0.020775 
2229.091795  	-0.022210 
2230.523454  	-0.022157 
2231.955112  	-0.021978 
2233.386770  	-0.023422 
2234.818428  	-0.022704 
2236.250086  	-0.022780 
2237.681745  	-0.023370 
2239.113403  	-0.022992 
2240.545061  	-0.023843 
2241.976719  	-0.023694 
2243.408377  	-0.023725 
2244.840035  	-0.024440 
2246.271694  	-0.023299 
2247.703352  	-0.023593 
2249.135010  	-0.023677 
2250.566668  	-0.021987 
2251.998326  	-0.022754 
2253.429985  	-0.023062 
2254.861643  	-0.022253 
2256.293301  	-0.023201 
2257.724959  	-0.023177 
2259.156617  	-0.022996 
2260.588276  	-0.023255 
2262.019934  	-0.022976 
2263.451592  	-0.024319 
2264.883250  	-0.024800 
2266.314908  	-0.023570 
2267.746566  	-0.023695 
2269.178225  	-0.023908 
2270.609883  	-0.024117 
2272.041541  	-0.024290 
2273.473199  	-0.023541 
2274.904857  	-0.023557 
2276.336516  	-0.023401 
2277.768174  	-0.023178 
2279.199832  	-0.024098 
2280.631490  	-0.024124 
2282.063148  	-0.023931 
2283.494806  	-0.023920 
2284.926465  	-0.023321 
2286.358123  	-0.023913 
2287.789781  	-0.024367 
2289.221439  	-0.024051 
2290.653097  	-0.024415 
2292.084756  	-0.023749 
2293.516414  	-0.022873 
2294.948072  	-0.022952 
2296.379730  	-0.022558 
2297.811388  	-0.022885 
2299.243047  	-0.023379 
2300.674705  	-0.022867 
2302.106363  	-0.023126 
2303.538021  	-0.023255 
2304.969679  	-0.022620 
2306.401337  	-0.022129 
2307.832996  	-0.021307 
2309.264654  	-0.021141 
2310.696312  	-0.021281 
2312.127970  	-0.020944 
2313.559628  	-0.021376 
2314.991287  	-0.021205 
2316.422945  	-0.020564 
2317.854603  	-0.020732 
2319.286261  	-0.019855 
2320.717919  	-0.019195 
2322.149577  	-0.019566 
2323.581236  	-0.018912 
2325.012894  	-0.018616 
2326.444552  	-0.018566 
2327.876210  	-0.017774 
2329.307868  	-0.017395 
2330.739527  	-0.016862 
2332.171185  	-0.016662 
2333.602843  	-0.017105 
2335.034501  	-0.016593 
2336.466159  	-0.016586 
2337.897818  	-0.016949 
2339.329476  	-0.016201 
2340.761134  	-0.015934 
2342.192792  	-0.015937 
2343.624450  	-0.016022 
2345.056108  	-0.016626 
2346.487767  	-0.017131 
2347.919425  	-0.018708 
2349.351083  	-0.019754 
2350.782741  	-0.018374 
2352.214399  	-0.016744 
2353.646058  	-0.016003 
2355.077716  	-0.014909 
2356.509374  	-0.014152 
2357.941032  	-0.013242 
2359.372690  	-0.012875 
2360.804349  	-0.013481 
2362.236007  	-0.013185 
2363.667665  	-0.013538 
2365.099323  	-0.014539 
2366.530981  	-0.014702 
2367.962639  	-0.015270 
2369.394298  	-0.015959 
2370.825956  	-0.016761 
2372.257614  	-0.017629 
2373.689272  	-0.017962 
2375.120930  	-0.019154 
2376.552589  	-0.020340 
2377.984247  	-0.020704 
2379.415905  	-0.021685 
2380.847563  	-0.022534 
2382.279221  	-0.023116 
2383.710879  	-0.024017 
2385.142538  	-0.024306 
2386.574196  	-0.024561 
2388.005854  	-0.024994 
2389.437512  	-0.024975 
2390.869170  	-0.025180 
2392.300829  	-0.025185 
2393.732487  	-0.024994 
2395.164145  	-0.025134 
2396.595803  	-0.024809 
2398.027461  	-0.024760 
2399.459120  	-0.025004 
2400.890778  	-0.024608 
2402.322436  	-0.024743 
2403.754094  	-0.025056 
2405.185752  	-0.024903 
2406.617410  	-0.024897 
2408.049069  	-0.024500 
2409.480727  	-0.024668 
2410.912385  	-0.025466 
2412.344043  	-0.025246 
2413.775701  	-0.025265 
2415.207360  	-0.025638 
2416.639018  	-0.025338 
2418.070676  	-0.025320 
2419.502334  	-0.025119 
2420.933992  	-0.024790 
2422.365651  	-0.025048 
2423.797309  	-0.025092 
2425.228967  	-0.025435 
2426.660625  	-0.025736 
2428.092283  	-0.025248 
2429.523941  	-0.025257 
2430.955600  	-0.025238 
2432.387258  	-0.024928 
2433.818916  	-0.025207 
2435.250574  	-0.025165 
2436.682232  	-0.025031 
2438.113891  	-0.025141 
2439.545549  	-0.024986 
2440.977207  	-0.025069 
2442.408865  	-0.024899 
2443.840523  	-0.024786 
2445.272181  	-0.025283 
2446.703840  	-0.025137 
2448.135498  	-0.025090 
2449.567156  	-0.025395 
2450.998814  	-0.025132 
2452.430472  	-0.025416 
2453.862131  	-0.025349 
2455.293789  	-0.024405 
2456.725447  	-0.024521 
2458.157105  	-0.024843 
2459.588763  	-0.024666 
2461.020422  	-0.024739 
2462.452080  	-0.024727 
2463.883738  	-0.024901 
2465.315396  	-0.024788 
2466.747054  	-0.024391 
2468.178712  	-0.024742 
2469.610371  	-0.024737 
2471.042029  	-0.024592 
2472.473687  	-0.024904 
2473.905345  	-0.024358 
2475.337003  	-0.024039 
2476.768662  	-0.024393 
2478.200320  	-0.024279 
2479.631978  	-0.024483 
2481.063636  	-0.024696 
2482.495294  	-0.024640 
2483.926953  	-0.024761 
2485.358611  	-0.024361 
2486.790269  	-0.024338 
2488.221927  	-0.024636 
2489.653585  	-0.024222 
2491.085243  	-0.024265 
2492.516902  	-0.024259 
2493.948560  	-0.024098 
2495.380218  	-0.024895 
2496.811876  	-0.025025 
2498.243534  	-0.024792 
2499.675193  	-0.025095 
2501.106851  	-0.024445 
2502.538509  	-0.023983 
2503.970167  	-0.024390 
2505.401825  	-0.024516 
2506.833483  	-0.024905 
2508.265142  	-0.025114 
2509.696800  	-0.024894 
2511.128458  	-0.024860 
2512.560116  	-0.024525 
2513.991774  	-0.024528 
2515.423433  	-0.024959 
2516.855091  	-0.025177 
2518.286749  	-0.025612 
2519.718407  	-0.025432 
2521.150065  	-0.024840 
2522.581724  	-0.024968 
2524.013382  	-0.025012 
2525.445040  	-0.025109 
2526.876698  	-0.025209 
2528.308356  	-0.024798 
2529.740014  	-0.024834 
2531.171673  	-0.024735 
2532.603331  	-0.024418 
2534.034989  	-0.024839 
2535.466647  	-0.024909 
2536.898305  	-0.024872 
2538.329964  	-0.025169 
2539.761622  	-0.024883 
2541.193280  	-0.024842 
2542.624938  	-0.024973 
2544.056596  	-0.024873 
2545.488254  	-0.025328 
2546.919913  	-0.025288 
2548.351571  	-0.024627 
2549.783229  	-0.024383 
2551.214887  	-0.024320 
2552.646545  	-0.024739 
2554.078204  	-0.025008 
2555.509862  	-0.024488 
2556.941520  	-0.024363 
2558.373178  	-0.024584 
2559.804836  	-0.024670 
2561.236495  	-0.024384 
2562.668153  	-0.023745 
2564.099811  	-0.024064 
2565.531469  	-0.024555 
2566.963127  	-0.024251 
2568.394785  	-0.024354 
2569.826444  	-0.024225 
2571.258102  	-0.023880 
2572.689760  	-0.024282 
2574.121418  	-0.024192 
2575.553076  	-0.023899 
2576.984735  	-0.024120 
2578.416393  	-0.024061 
2579.848051  	-0.024028 
2581.279709  	-0.023947 
2582.711367  	-0.023915 
2584.143026  	-0.024186 
2585.574684  	-0.023754 
2587.006342  	-0.023606 
2588.438000  	-0.024231 
2589.869658  	-0.023927 
2591.301316  	-0.023323 
2592.732975  	-0.023185 
2594.164633  	-0.023138 
2595.596291  	-0.023380 
2597.027949  	-0.023278 
2598.459607  	-0.023024 
2599.891266  	-0.023137 
2601.322924  	-0.022902 
2602.754582  	-0.022795 
2604.186240  	-0.023252 
2605.617898  	-0.023828 
2607.049556  	-0.024108 
2608.481215  	-0.023489 
2609.912873  	-0.023081 
2611.344531  	-0.023458 
2612.776189  	-0.023365 
2614.207847  	-0.023374 
2615.639506  	-0.023583 
2617.071164  	-0.023325 
2618.502822  	-0.023575 
2619.934480  	-0.023778 
2621.366138  	-0.023436 
2622.797797  	-0.023513 
2624.229455  	-0.023404 
2625.661113  	-0.023214 
2627.092771  	-0.023541 
2628.524429  	-0.023504 
2629.956087  	-0.023275 
2631.387746  	-0.023235 
2632.819404  	-0.023145 
2634.251062  	-0.023151 
2635.682720  	-0.023029 
2637.114378  	-0.023073 
2638.546037  	-0.023326 
2639.977695  	-0.023076 
2641.409353  	-0.022954 
2642.841011  	-0.023091 
2644.272669  	-0.022877 
2645.704328  	-0.022921 
2647.135986  	-0.023084 
2648.567644  	-0.022850 
2649.999302  	-0.022745 
2651.430960  	-0.022882 
2652.862618  	-0.023030 
2654.294277  	-0.022978 
2655.725935  	-0.022726 
2657.157593  	-0.022597 
2658.589251  	-0.022457 
2660.020909  	-0.022398 
2661.452568  	-0.022449 
2662.884226  	-0.022128 
2664.315884  	-0.021869 
2665.747542  	-0.021847 
2667.179200  	-0.021607 
2668.610858  	-0.021591 
2670.042517  	-0.021756 
2671.474175  	-0.021637 
2672.905833  	-0.021493 
2674.337491  	-0.021364 
2675.769149  	-0.021324 
2677.200808  	-0.021286 
2678.632466  	-0.020910 
2680.064124  	-0.020668 
2681.495782  	-0.020646 
2682.927440  	-0.020546 
2684.359099  	-0.020549 
2685.790757  	-0.020352 
2687.222415  	-0.020000 
2688.654073  	-0.019934 
2690.085731  	-0.019785 
2691.517389  	-0.019492 
2692.949048  	-0.019291 
2694.380706  	-0.019060 
2695.812364  	-0.018855 
2697.244022  	-0.018647 
2698.675680  	-0.018422 
2700.107339  	-0.018210 
2701.538997  	-0.017947 
2702.970655  	-0.017824 
2704.402313  	-0.017704 
2705.833971  	-0.017443 
2707.265630  	-0.017306 
2708.697288  	-0.017163 
2710.128946  	-0.016994 
2711.560604  	-0.016826 
2712.992262  	-0.016502 
2714.423920  	-0.016373 
2715.855579  	-0.016267 
2717.287237  	-0.015875 
2718.718895  	-0.015656 
2720.150553  	-0.015457 
2721.582211  	-0.015191 
2723.013870  	-0.015130 
2724.445528  	-0.014818 
2725.877186  	-0.014335 
2727.308844  	-0.014072 
2728.740502  	-0.013871 
2730.172160  	-0.013741 
2731.603819  	-0.013516 
2733.035477  	-0.013274 
2734.467135  	-0.013158 
2735.898793  	-0.012738 
2737.330451  	-0.012349 
2738.762110  	-0.012170 
2740.193768  	-0.011802 
2741.625426  	-0.011791 
2743.057084  	-0.011946 
2744.488742  	-0.011652 
2745.920401  	-0.011514 
2747.352059  	-0.011508 
2748.783717  	-0.011409 
2750.215375  	-0.011487 
2751.647033  	-0.011447 
2753.078691  	-0.011389 
2754.510350  	-0.011329 
2755.942008  	-0.010994 
2757.373666  	-0.010994 
2758.805324  	-0.011227 
2760.236982  	-0.011078 
2761.668641  	-0.010901 
2763.100299  	-0.010788 
2764.531957  	-0.010579 
2765.963615  	-0.010381 
2767.395273  	-0.010220 
2768.826931  	-0.010083 
2770.258590  	-0.009750 
2771.690248  	-0.009430 
2773.121906  	-0.009334 
2774.553564  	-0.008900 
2775.985222  	-0.008328 
2777.416881  	-0.008027 
2778.848539  	-0.007546 
2780.280197  	-0.006874 
2781.711855  	-0.006058 
2783.143513  	-0.005049 
2784.575172  	-0.004127 
2786.006830  	-0.002976 
2787.438488  	-0.001545 
2788.870146  	-0.000323 
2790.301804  	0.000759 
2791.733462  	0.001859 
2793.165121  	0.003083 
2794.596779  	0.004254 
2796.028437  	0.004945 
2797.460095  	0.005429 
2798.891753  	0.005746 
2800.323412  	0.005569 
2801.755070  	0.005243 
2803.186728  	0.004762 
2804.618386  	0.003890 
2806.050044  	0.002978 
2807.481703  	0.002140 
2808.913361  	0.001283 
2810.345019  	0.000472 
2811.776677  	-0.000095 
2813.208335  	-0.000414 
2814.639993  	-0.000800 
2816.071652  	-0.000853 
2817.503310  	-0.000208 
2818.934968  	0.000546 
2820.366626  	0.001368 
2821.798284  	0.002574 
2823.229943  	0.004148 
2824.661601  	0.006083 
2826.093259  	0.008187 
2827.524917  	0.010716 
2828.956575  	0.013716 
2830.388233  	0.016633 
2831.819892  	0.019950 
2833.251550  	0.023876 
2834.683208  	0.027893 
2836.114866  	0.032316 
2837.546524  	0.037021 
2838.978183  	0.041763 
2840.409841  	0.046898 
2841.841499  	0.052070 
2843.273157  	0.057251 
2844.704815  	0.062800 
2846.136474  	0.068476 
2847.568132  	0.074230 
2848.999790  	0.079459 
2850.431448  	0.083306 
2851.863106  	0.085982 
2853.294764  	0.087688 
2854.726423  	0.088578 
2856.158081  	0.089074 
2857.589739  	0.089151 
2859.021397  	0.088998 
2860.453055  	0.088706 
2861.884714  	0.087874 
2863.316372  	0.086682 
2864.748030  	0.085219 
2866.179688  	0.083267 
2867.611346  	0.081051 
2869.043005  	0.078462 
2870.474663  	0.075360 
2871.906321  	0.071892 
2873.337979  	0.067903 
2874.769637  	0.063577 
2876.201295  	0.059135 
2877.632954  	0.054599 
2879.064612  	0.050480 
2880.496270  	0.046911 
2881.927928  	0.043770 
2883.359586  	0.041215 
2884.791245  	0.039196 
2886.222903  	0.037764 
2887.654561  	0.036829 
2889.086219  	0.036306 
2890.517877  	0.036363 
2891.949535  	0.036548 
2893.381194  	0.036724 
2894.812852  	0.037256 
2896.244510  	0.037952 
2897.676168  	0.038811 
2899.107826  	0.039709 
2900.539485  	0.040494 
2901.971143  	0.041678 
2903.402801  	0.042958 
2904.834459  	0.044033 
2906.266117  	0.045558 
2907.697776  	0.047364 
2909.129434  	0.049110 
2910.561092  	0.051012 
2911.992750  	0.053130 
2913.424408  	0.055664 
2914.856066  	0.058199 
2916.287725  	0.059845 
2917.719383  	0.060632 
2919.151041  	0.060868 
2920.582699  	0.060735 
2922.014357  	0.060550 
2923.446016  	0.060469 
2924.877674  	0.060595 
2926.309332  	0.061007 
2927.740990  	0.061967 
2929.172648  	0.063381 
2930.604306  	0.064644 
2932.035965  	0.066167 
2933.467623  	0.068125 
2934.899281  	0.069599 
2936.330939  	0.070954 
2937.762597  	0.072600 
2939.194256  	0.073538 
2940.625914  	0.073584 
2942.057572  	0.073276 
2943.489230  	0.072743 
2944.920888  	0.071878 
2946.352547  	0.070424 
2947.784205  	0.068673 
2949.215863  	0.066744 
2950.647521  	0.064044 
2952.079179  	0.060923 
2953.510837  	0.058040 
2954.942496  	0.055117 
2956.374154  	0.051730 
2957.805812  	0.047860 
2959.237470  	0.044091 
2960.669128  	0.040609 
2962.100787  	0.036915 
2963.532445  	0.033109 
2964.964103  	0.029282 
2966.395761  	0.025532 
2967.827419  	0.022167 
2969.259078  	0.018771 
2970.690736  	0.015658 
2972.122394  	0.013127 
2973.554052  	0.010203 
2974.985710  	0.007377 
2976.417368  	0.005391 
2977.849027  	0.003400 
2979.280685  	0.001347 
2980.712343  	-0.000491 
2982.144001  	-0.002172 
2983.575659  	-0.003523 
2985.007318  	-0.004846 
2986.438976  	-0.006140 
2987.870634  	-0.007186 
2989.302292  	-0.008069 
2990.733950  	-0.008619 
2992.165608  	-0.009268 
2993.597267  	-0.010149 
2995.028925  	-0.010655 
2996.460583  	-0.011110 
2997.892241  	-0.011505 
2999.323899  	-0.011535 
3000.755558  	-0.011726 
3002.187216  	-0.011927 
3003.618874  	-0.011923 
3005.050532  	-0.011931 
3006.482190  	-0.011834 
3007.913849  	-0.011934 
3009.345507  	-0.012088 
3010.777165  	-0.011905 
3012.208823  	-0.011936 
3013.640481  	-0.012236 
3015.072139  	-0.012442 
3016.503798  	-0.012357 
3017.935456  	-0.011873 
3019.367114  	-0.011673 
3020.798772  	-0.011700 
3022.230430  	-0.011355 
3023.662089  	-0.010956 
3025.093747  	-0.010163 
3026.525405  	-0.008882 
3027.957063  	-0.008030 
3029.388721  	-0.007492 
3030.820380  	-0.007013 
3032.252038  	-0.006689 
3033.683696  	-0.006354 
3035.115354  	-0.006167 
3036.547012  	-0.005865 
3037.978670  	-0.005387 
3039.410329  	-0.005264 
3040.841987  	-0.005184 
3042.273645  	-0.005135 
3043.705303  	-0.005362 
3045.136961  	-0.005307 
3046.568620  	-0.005033 
3048.000278  	-0.004994 
3049.431936  	-0.005293 
3050.863594  	-0.005726 
3052.295252  	-0.005714 
3053.726910  	-0.005496 
3055.158569  	-0.005439 
3056.590227  	-0.005336 
3058.021885  	-0.005530 
3059.453543  	-0.005884 
3060.885201  	-0.006094 
3062.316860  	-0.006421 
3063.748518  	-0.006540 
3065.180176  	-0.006840 
3066.611834  	-0.007687 
3068.043492  	-0.008074 
3069.475151  	-0.008273 
3070.906809  	-0.008816 
3072.338467  	-0.009231 
3073.770125  	-0.009859 
3075.201783  	-0.010631 
3076.633441  	-0.011130 
3078.065100  	-0.011672 
3079.496758  	-0.012126 
3080.928416  	-0.012460 
3082.360074  	-0.012677 
3083.791732  	-0.012801 
3085.223391  	-0.013400 
3086.655049  	-0.013842 
3088.086707  	-0.013687 
3089.518365  	-0.013777 
3090.950023  	-0.013835 
3092.381682  	-0.013654 
3093.813340  	-0.013523 
3095.244998  	-0.013200 
3096.676656  	-0.013155 
3098.108314  	-0.013224 
3099.539972  	-0.012847 
3100.971631  	-0.012593 
3102.403289  	-0.012157 
3103.834947  	-0.011344 
3105.266605  	-0.010864 
3106.698263  	-0.010511 
3108.129922  	-0.010144 
3109.561580  	-0.009616 
3110.993238  	-0.008860 
3112.424896  	-0.008556 
3113.856554  	-0.008101 
3115.288212  	-0.007123 
3116.719871  	-0.006652 
3118.151529  	-0.006524 
3119.583187  	-0.006404 
3121.014845  	-0.006248 
3122.446503  	-0.005835 
3123.878162  	-0.005969 
3125.309820  	-0.006519 
3126.741478  	-0.006721 
3128.173136  	-0.007084 
3129.604794  	-0.007576 
3131.036453  	-0.008106 
3132.468111  	-0.008805 
3133.899769  	-0.009184 
3135.331427  	-0.009631 
3136.763085  	-0.010290 
3138.194743  	-0.010909 
3139.626402  	-0.011994 
3141.058060  	-0.012893 
3142.489718  	-0.013176 
3143.921376  	-0.013582 
3145.353034  	-0.013752 
3146.784693  	-0.013786 
3148.216351  	-0.014282 
3149.648009  	-0.014681 
3151.079667  	-0.014732 
3152.511325  	-0.014649 
3153.942983  	-0.014781 
3155.374642  	-0.015092 
3156.806300  	-0.014783 
3158.237958  	-0.014341 
3159.669616  	-0.014340 
3161.101274  	-0.014036 
3162.532933  	-0.013682 
3163.964591  	-0.013602 
3165.396249  	-0.013286 
3166.827907  	-0.012800 
3168.259565  	-0.012222 
3169.691224  	-0.011724 
3171.122882  	-0.011490 
3172.554540  	-0.011128 
3173.986198  	-0.010531 
3175.417856  	-0.009684 
3176.849514  	-0.008798 
3178.281173  	-0.008147 
3179.712831  	-0.007303 
3181.144489  	-0.006491 
3182.576147  	-0.005949 
3184.007805  	-0.005215 
3185.439464  	-0.004700 
3186.871122  	-0.004251 
3188.302780  	-0.003377 
3189.734438  	-0.002977 
3191.166096  	-0.003004 
3192.597755  	-0.002762 
3194.029413  	-0.002635 
3195.461071  	-0.002794 
3196.892729  	-0.003225 
3198.324387  	-0.003842 
3199.756045  	-0.004394 
3201.187704  	-0.004828 
3202.619362  	-0.004917 
3204.051020  	-0.005241 
3205.482678  	-0.005910 
3206.914336  	-0.005721 
3208.345995  	-0.005387 
3209.777653  	-0.005651 
3211.209311  	-0.005557 
3212.640969  	-0.005426 
3214.072627  	-0.005260 
3215.504285  	-0.004550 
3216.935944  	-0.004108 
3218.367602  	-0.003626 
3219.799260  	-0.002795 
3221.230918  	-0.002320 
3222.662576  	-0.001679 
3224.094235  	-0.000824 
3225.525893  	-0.000323 
3226.957551  	0.000171 
3228.389209  	0.000794 
3229.820867  	0.001591 
3231.252526  	0.002311 
3232.684184  	0.002764 
3234.115842  	0.003766 
3235.547500  	0.005053 
3236.979158  	0.005938 
3238.410816  	0.006771 
3239.842475  	0.007372 
3241.274133  	0.007924 
3242.705791  	0.008929 
3244.137449  	0.009804 
3245.569107  	0.010555 
3247.000766  	0.011570 
3248.432424  	0.012619 
3249.864082  	0.013609 
3251.295740  	0.014432 
3252.727398  	0.015285 
3254.159057  	0.016244 
3255.590715  	0.016933 
3257.022373  	0.017715 
3258.454031  	0.018773 
3259.885689  	0.019782 
3261.317347  	0.020810 
3262.749006  	0.021660 
3264.180664  	0.022452 
3265.612322  	0.023468 
3267.043980  	0.024321 
3268.475638  	0.025198 
3269.907297  	0.026251 
3271.338955  	0.027295 
3272.770613  	0.028601 
3274.202271  	0.029630 
3275.633929  	0.030133 
3277.065587  	0.030928 
3278.497246  	0.031866 
3279.928904  	0.032838 
3281.360562  	0.034116 
3282.792220  	0.035242 
3284.223878  	0.036172 
3285.655537  	0.037012 
3287.087195  	0.037752 
3288.518853  	0.038679 
3289.950511  	0.039438 
3291.382169  	0.039948 
3292.813828  	0.040732 
3294.245486  	0.041550 
3295.677144  	0.042228 
3297.108802  	0.042924 
3298.540460  	0.043577 
3299.972118  	0.044167 
3301.403777  	0.044496 
3302.835435  	0.044630 
3304.267093  	0.044892 
3305.698751  	0.045190 
3307.130409  	0.045496 
3308.562068  	0.045730 
3309.993726  	0.045781 
3311.425384  	0.045776 
3312.857042  	0.045700 
3314.288700  	0.045779 
3315.720359  	0.045870 
3317.152017  	0.045501 
3318.583675  	0.045224 
3320.015333  	0.045058 
3321.446991  	0.044299 
3322.878649  	0.043458 
3324.310308  	0.043016 
3325.741966  	0.042756 
3327.173624  	0.042392 
3328.605282  	0.041525 
3330.036940  	0.040416 
3331.468599  	0.039400 
3332.900257  	0.038320 
3334.331915  	0.037211 
3335.763573  	0.036007 
3337.195231  	0.034866 
3338.626889  	0.033810 
3340.058548  	0.032261 
3341.490206  	0.030484 
3342.921864  	0.028816 
3344.353522  	0.027084 
3345.785180  	0.025507 
3347.216839  	0.023867 
3348.648497  	0.022189 
3350.080155  	0.020770 
3351.511813  	0.019029 
3352.943471  	0.017243 
3354.375130  	0.015902 
3355.806788  	0.014559 
3357.238446  	0.013329 
3358.670104  	0.011870 
3360.101762  	0.010085 
3361.533420  	0.009037 
3362.965079  	0.008216 
3364.396737  	0.006876 
3365.828395  	0.005627 
3367.260053  	0.004599 
3368.691711  	0.003902 
3370.123370  	0.003396 
3371.555028  	0.002664 
3372.986686  	0.002190 
3374.418344  	0.001865 
3375.850002  	0.001275 
3377.281660  	0.000666 
3378.713319  	-0.000063 
3380.144977  	-0.000654 
3381.576635  	-0.000904 
3383.008293  	-0.001168 
3384.439951  	-0.001289 
3385.871610  	-0.001434 
3387.303268  	-0.001697 
3388.734926  	-0.001824 
3390.166584  	-0.002320 
3391.598242  	-0.002869 
3393.029901  	-0.003094 
3394.461559  	-0.003768 
3395.893217  	-0.004382 
3397.324875  	-0.004312 
3398.756533  	-0.004318 
3400.188191  	-0.004731 
3401.619850  	-0.005304 
3403.051508  	-0.005582 
3404.483166  	-0.005562 
3405.914824  	-0.005806 
3407.346482  	-0.006186 
3408.778141  	-0.006761 
3410.209799  	-0.007471 
3411.641457  	-0.007642 
3413.073115  	-0.007669 
3414.504773  	-0.007645 
3415.936432  	-0.007388 
3417.368090  	-0.007813 
3418.799748  	-0.008439 
3420.231406  	-0.008600 
3421.663064  	-0.009073 
3423.094722  	-0.009439 
3424.526381  	-0.009454 
3425.958039  	-0.009770 
3427.389697  	-0.009968 
3428.821355  	-0.009963 
3430.253013  	-0.010167 
3431.684672  	-0.010557 
3433.116330  	-0.010971 
3434.547988  	-0.010943 
3435.979646  	-0.010813 
3437.411304  	-0.011157 
3438.842962  	-0.011430 
3440.274621  	-0.011544 
3441.706279  	-0.011614 
3443.137937  	-0.011401 
3444.569595  	-0.011434 
3446.001253  	-0.011811 
3447.432912  	-0.012070 
3448.864570  	-0.012352 
3450.296228  	-0.012862 
3451.727886  	-0.013394 
3453.159544  	-0.013499 
3454.591203  	-0.013436 
3456.022861  	-0.013672 
3457.454519  	-0.013809 
3458.886177  	-0.014093 
3460.317835  	-0.014527 
3461.749493  	-0.014195 
3463.181152  	-0.013871 
3464.612810  	-0.014177 
3466.044468  	-0.014289 
3467.476126  	-0.014479 
3468.907784  	-0.014703 
3470.339443  	-0.014521 
3471.771101  	-0.014593 
3473.202759  	-0.014752 
3474.634417  	-0.014544 
3476.066075  	-0.014382 
3477.497734  	-0.014439 
3478.929392  	-0.014844 
3480.361050  	-0.015238 
3481.792708  	-0.014872 
3483.224366  	-0.014325 
3484.656024  	-0.014562 
3486.087683  	-0.015229 
3487.519341  	-0.015392 
3488.950999  	-0.015200 
3490.382657  	-0.015498 
3491.814315  	-0.015658 
3493.245974  	-0.015319 
3494.677632  	-0.015325 
3496.109290  	-0.015344 
3497.540948  	-0.014998 
3498.972606  	-0.014908 
3500.404264  	-0.015206 
3501.835923  	-0.015742 
3503.267581  	-0.015963 
3504.699239  	-0.015799 
3506.130897  	-0.016037 
3507.562555  	-0.016214 
3508.994214  	-0.016096 
3510.425872  	-0.016210 
3511.857530  	-0.016265 
3513.289188  	-0.016385 
3514.720846  	-0.016588 
3516.152505  	-0.016468 
3517.584163  	-0.016531 
3519.015821  	-0.016629 
3520.447479  	-0.016609 
3521.879137  	-0.017027 
3523.310795  	-0.017131 
3524.742454  	-0.016849 
3526.174112  	-0.017096 
3527.605770  	-0.017230 
3529.037428  	-0.017223 
3530.469086  	-0.017533 
3531.900745  	-0.017685 
3533.332403  	-0.017701 
3534.764061  	-0.017711 
3536.195719  	-0.017856 
3537.627377  	-0.018125 
3539.059035  	-0.017887 
3540.490694  	-0.017709 
3541.922352  	-0.018200 
3543.354010  	-0.018591 
3544.785668  	-0.018696 
3546.217326  	-0.018768 
3547.648985  	-0.018737 
3549.080643  	-0.018775 
3550.512301  	-0.018856 
3551.943959  	-0.019023 
3553.375617  	-0.019145 
3554.807276  	-0.019004 
3556.238934  	-0.019075 
3557.670592  	-0.019403 
3559.102250  	-0.019860 
3560.533908  	-0.020441 
3561.965566  	-0.020471 
3563.397225  	-0.020226 
3564.828883  	-0.020616 
3566.260541  	-0.021223 
3567.692199  	-0.021231 
3569.123857  	-0.020830 
3570.555516  	-0.020839 
3571.987174  	-0.021092 
3573.418832  	-0.021130 
3574.850490  	-0.021332 
3576.282148  	-0.021729 
3577.713807  	-0.021617 
3579.145465  	-0.021323 
3580.577123  	-0.021253 
3582.008781  	-0.021539 
3583.440439  	-0.022253 
3584.872097  	-0.022690 
3586.303756  	-0.023001 
3587.735414  	-0.023606 
3589.167072  	-0.023197 
3590.598730  	-0.022586 
3592.030388  	-0.022765 
3593.462047  	-0.023030 
3594.893705  	-0.023227 
3596.325363  	-0.023436 
3597.757021  	-0.023322 
3599.188679  	-0.022985 
3600.620337  	-0.022968 
3602.051996  	-0.023647 
3603.483654  	-0.024036 
3604.915312  	-0.023931 
3606.346970  	-0.024365 
3607.778628  	-0.024622 
3609.210287  	-0.023914 
3610.641945  	-0.023911 
3612.073603  	-0.024279 
3613.505261  	-0.024087 
3614.936919  	-0.024130 
3616.368578  	-0.024735 
3617.800236  	-0.025498 
3619.231894  	-0.025652 
3620.663552  	-0.025021 
3622.095210  	-0.024866 
3623.526868  	-0.024822 
3624.958527  	-0.024765 
3626.390185  	-0.025407 
3627.821843  	-0.026054 
3629.253501  	-0.025226 
3630.685159  	-0.024188 
3632.116818  	-0.024637 
3633.548476  	-0.025039 
3634.980134  	-0.025153 
3636.411792  	-0.025599 
3637.843450  	-0.026076 
3639.275109  	-0.026270 
3640.706767  	-0.026508 
3642.138425  	-0.026294 
3643.570083  	-0.026073 
3645.001741  	-0.026967 
3646.433399  	-0.027751 
3647.865058  	-0.027747 
3649.296716  	-0.027853 
3650.728374  	-0.027078 
3652.160032  	-0.026437 
3653.591690  	-0.027073 
3655.023349  	-0.027524 
3656.455007  	-0.027592 
3657.886665  	-0.027412 
3659.318323  	-0.027365 
3660.749981  	-0.027709 
3662.181639  	-0.027942 
3663.613298  	-0.028243 
3665.044956  	-0.028481 
3666.476614  	-0.027882 
3667.908272  	-0.027839 
3669.339930  	-0.028748 
3670.771589  	-0.028176 
3672.203247  	-0.027920 
3673.634905  	-0.029028 
3675.066563  	-0.028973 
3676.498221  	-0.027320 
3677.929880  	-0.028015 
3679.361538  	-0.028997 
3680.793196  	-0.029291 
3682.224854  	-0.029192 
3683.656512  	-0.028955 
3685.088170  	-0.028843 
3686.519829  	-0.029301 
3687.951487  	-0.029632 
3689.383145  	-0.029028 
3690.814803  	-0.028851 
3692.246461  	-0.029099 
3693.678120  	-0.029271 
3695.109778  	-0.029699 
3696.541436  	-0.029736 
3697.973094  	-0.029453 
3699.404752  	-0.029811 
3700.836411  	-0.030179 
3702.268069  	-0.029843 
3703.699727  	-0.029317 
3705.131385  	-0.029147 
3706.563043  	-0.029365 
3707.994701  	-0.029605 
3709.426360  	-0.030036 
3710.858018  	-0.030737 
3712.289676  	-0.030031 
3713.721334  	-0.028865 
3715.152992  	-0.029212 
3716.584651  	-0.029738 
3718.016309  	-0.029835 
3719.447967  	-0.029792 
3720.879625  	-0.029795 
3722.311283  	-0.029796 
3723.742941  	-0.029595 
3725.174600  	-0.029748 
3726.606258  	-0.029972 
3728.037916  	-0.029486 
3729.469574  	-0.029466 
3730.901232  	-0.029673 
3732.332891  	-0.029572 
3733.764549  	-0.030678 
3735.196207  	-0.031359 
3736.627865  	-0.029717 
3738.059523  	-0.029576 
3739.491182  	-0.029919 
3740.922840  	-0.029635 
3742.354498  	-0.030788 
3743.786156  	-0.032278 
3745.217814  	-0.030586 
3746.649472  	-0.029490 
3748.081131  	-0.030383 
3749.512789  	-0.030785 
3750.944447  	-0.030636 
3752.376105  	-0.030554 
3753.807763  	-0.030361 
3755.239422  	-0.030262 
3756.671080  	-0.030078 
3758.102738  	-0.030093 
3759.534396  	-0.030549 
3760.966054  	-0.030281 
3762.397712  	-0.029742 
3763.829371  	-0.030074 
3765.261029  	-0.030287 
3766.692687  	-0.030064 
3768.124345  	-0.030564 
3769.556003  	-0.030692 
3770.987662  	-0.029556 
3772.419320  	-0.029491 
3773.850978  	-0.030364 
3775.282636  	-0.030691 
3776.714294  	-0.030636 
3778.145953  	-0.030795 
3779.577611  	-0.030599 
3781.009269  	-0.029928 
3782.440927  	-0.030051 
3783.872585  	-0.030704 
3785.304243  	-0.030878 
3786.735902  	-0.030561 
3788.167560  	-0.030402 
3789.599218  	-0.030544 
3791.030876  	-0.030768 
3792.462534  	-0.030588 
3793.894193  	-0.030513 
3795.325851  	-0.030989 
3796.757509  	-0.030928 
3798.189167  	-0.030494 
3799.620825  	-0.030961 
3801.052484  	-0.031044 
3802.484142  	-0.029446 
3803.915800  	-0.029326 
3805.347458  	-0.030461 
3806.779116  	-0.030878 
3808.210774  	-0.030088 
3809.642433  	-0.030233 
3811.074091  	-0.030481 
3812.505749  	-0.030089 
3813.937407  	-0.030504 
3815.369065  	-0.030995 
3816.800724  	-0.029513 
3818.232382  	-0.029456 
3819.664040  	-0.030868 
3821.095698  	-0.031113 
3822.527356  	-0.030100 
3823.959014  	-0.030200 
3825.390673  	-0.030469 
3826.822331  	-0.030184 
3828.253989  	-0.029709 
3829.685647  	-0.030115 
3831.117305  	-0.030801 
3832.548964  	-0.030405 
3833.980622  	-0.029740 
3835.412280  	-0.029960 
3836.843938  	-0.030458 
3838.275596  	-0.030446 
3839.707255  	-0.030137 
3841.138913  	-0.030371 
3842.570571  	-0.030561 
3844.002229  	-0.030008 
3845.433887  	-0.029612 
3846.865545  	-0.029826 
3848.297204  	-0.029856 
3849.728862  	-0.029929 
3851.160520  	-0.030759 
3852.592178  	-0.031516 
3854.023836  	-0.030030 
3855.455495  	-0.028938 
3856.887153  	-0.029397 
3858.318811  	-0.029653 
3859.750469  	-0.030183 
3861.182127  	-0.030681 
3862.613786  	-0.030713 
3864.045444  	-0.030948 
3865.477102  	-0.030218 
3866.908760  	-0.029125 
3868.340418  	-0.029968 
3869.772076  	-0.030685 
3871.203735  	-0.029898 
3872.635393  	-0.030443 
3874.067051  	-0.030722 
3875.498709  	-0.029878 
3876.930367  	-0.030076 
3878.362026  	-0.030563 
3879.793684  	-0.030468 
3881.225342  	-0.029825 
3882.657000  	-0.029653 
3884.088658  	-0.030535 
3885.520316  	-0.030569 
3886.951975  	-0.028958 
3888.383633  	-0.029360 
3889.815291  	-0.030409 
3891.246949  	-0.030422 
3892.678607  	-0.030063 
3894.110266  	-0.029967 
3895.541924  	-0.029952 
3896.973582  	-0.030193 
3898.405240  	-0.030567 
3899.836898  	-0.030899 
3901.268557  	-0.030666 
3902.700215  	-0.030033 
3904.131873  	-0.029552 
3905.563531  	-0.029197 
3906.995189  	-0.029491 
3908.426847  	-0.030168 
3909.858506  	-0.030231 
3911.290164  	-0.029778 
3912.721822  	-0.029741 
3914.153480  	-0.030328 
3915.585138  	-0.030688 
3917.016797  	-0.030328 
3918.448455  	-0.030039 
3919.880113  	-0.029826 
3921.311771  	-0.029398 
3922.743429  	-0.029691 
3924.175088  	-0.030067 
3925.606746  	-0.029666 
3927.038404  	-0.029570 
3928.470062  	-0.029827 
3929.901720  	-0.030051 
3931.333378  	-0.030448 
3932.765037  	-0.030286 
3934.196695  	-0.029583 
3935.628353  	-0.029388 
3937.060011  	-0.029465 
3938.491669  	-0.029581 
3939.923328  	-0.029873 
3941.354986  	-0.030100 
3942.786644  	-0.030055 
3944.218302  	-0.029928 
3945.649960  	-0.030027 
3947.081618  	-0.030237 
3948.513277  	-0.030330 
3949.944935  	-0.030038 
3951.376593  	-0.029410 
3952.808251  	-0.029154 
3954.239909  	-0.029342 
3955.671568  	-0.029372 
3957.103226  	-0.029406 
3958.534884  	-0.029567 
3959.966542  	-0.029560 
3961.398200  	-0.029514 
3962.829859  	-0.029571 
3964.261517  	-0.029759 
3965.693175  	-0.029729 
3967.124833  	-0.029255 
3968.556491  	-0.029084 
3969.988149  	-0.029305 
3971.419808  	-0.029397 
3972.851466  	-0.029578 
3974.283124  	-0.029613 
3975.714782  	-0.029506 
3977.146440  	-0.029850 
3978.578099  	-0.030135 
3980.009757  	-0.030187 
3981.441415  	-0.030333 
3982.873073  	-0.030046 
3984.304731  	-0.029513 
3985.736389  	-0.029415 
3987.168048  	-0.029554 
3988.599706  	-0.029611 
3990.031364  	-0.029448 
3991.463022  	-0.029235 
3992.894680  	-0.029351 
3994.326339  	-0.029696 
3995.757997  	-0.029941 
3997.189655  	-0.029813 
3998.621313  	-0.029535 
4000.052971  	-0.029598 
4001.484630  	-0.029787 
4002.916288  	-0.029702 
4004.347946  	-0.029458 
4005.779604  	-0.029419 
4007.211262  	-0.029575 
4008.642920  	-0.029393 
4010.074579  	-0.029152 
4011.506237  	-0.029426 
4012.937895  	-0.029680 
4014.369553  	-0.029750 
4015.801211  	-0.029762 
4017.232870  	-0.029582 
4018.664528  	-0.029716 
4020.096186  	-0.029870 
4021.527844  	-0.029521 
4022.959502  	-0.029494 
4024.391161  	-0.029645 
4025.822819  	-0.029449 
4027.254477  	-0.029528 
4028.686135  	-0.029781 
4030.117793  	-0.029800 
4031.549451  	-0.029644 
4032.981110  	-0.029363 
4034.412768  	-0.029375 
4035.844426  	-0.029698 
4037.276084  	-0.029889 
4038.707742  	-0.029690 
4040.139401  	-0.029221 
4041.571059  	-0.029376 
4043.002717  	-0.029881 
4044.434375  	-0.029523 
4045.866033  	-0.028989 
4047.297691  	-0.028895 
4048.729350  	-0.028944 
4050.161008  	-0.029447 
4051.592666  	-0.029725 
4053.024324  	-0.029358 
4054.455982  	-0.029192 
4055.887641  	-0.029009 
4057.319299  	-0.028751 
4058.750957  	-0.028940 
4060.182615  	-0.029227 
4061.614273  	-0.029469 
4063.045932  	-0.029487 
4064.477590  	-0.029045 
4065.909248  	-0.028727 
4067.340906  	-0.028796 
4068.772564  	-0.029097 
4070.204222  	-0.029406 
4071.635881  	-0.029516 
4073.067539  	-0.029698 
4074.499197  	-0.029716 
4075.930855  	-0.029431 
4077.362513  	-0.029448 
4078.794172  	-0.029605 
4080.225830  	-0.029725 
4081.657488  	-0.029841 
4083.089146  	-0.029553 
4084.520804  	-0.029283 
4085.952463  	-0.029337 
4087.384121  	-0.029467 
4088.815779  	-0.029806 
4090.247437  	-0.029866 
4091.679095  	-0.029667 
4093.110753  	-0.029874 
4094.542412  	-0.029910 
4095.974070  	-0.029737 
4097.405728  	-0.029687 
4098.837386  	-0.029246 
4100.269044  	-0.029076 
4101.700703  	-0.029712 
4103.132361  	-0.030299 
4104.564019  	-0.030501 
4105.995677  	-0.030204 
4107.427335  	-0.029649 
4108.858993  	-0.029548 
4110.290652  	-0.029701 
4111.722310  	-0.029985 
4113.153968  	-0.030389 
4114.585626  	-0.030262 
4116.017284  	-0.029853 
4117.448943  	-0.029929 
4118.880601  	-0.030201 
4120.312259  	-0.030086 
4121.743917  	-0.029881 
4123.175575  	-0.030226 
4124.607234  	-0.030694 
4126.038892  	-0.030602 
4127.470550  	-0.030311 
4128.902208  	-0.030220 
4130.333866  	-0.030412 
4131.765524  	-0.030760 
4133.197183  	-0.030748 
4134.628841  	-0.030358 
4136.060499  	-0.030023 
4137.492157  	-0.029978 
4138.923815  	-0.030118 
4140.355474  	-0.030045 
4141.787132  	-0.029947 
4143.218790  	-0.030032 
4144.650448  	-0.030027 
4146.082106  	-0.030234 
4147.513764  	-0.030482 
4148.945423  	-0.030234 
4150.377081  	-0.030034 
4151.808739  	-0.029984 
4153.240397  	-0.029942 
4154.672055  	-0.030323 
4156.103714  	-0.030560 
4157.535372  	-0.030204 
4158.967030  	-0.029868 
4160.398688  	-0.029906 
4161.830346  	-0.030154 
4163.262005  	-0.030138 
4164.693663  	-0.030030 
4166.125321  	-0.030184 
4167.556979  	-0.030075 
4168.988637  	-0.030020 
4170.420295  	-0.030179 
4171.851954  	-0.029786 
4173.283612  	-0.029748 
4174.715270  	-0.030275 
4176.146928  	-0.030013 
4177.578586  	-0.029630 
4179.010245  	-0.029846 
4180.441903  	-0.030128 
4181.873561  	-0.030392 
4183.305219  	-0.030231 
4184.736877  	-0.029861 
4186.168536  	-0.029930 
4187.600194  	-0.029938 
4189.031852  	-0.029919 
4190.463510  	-0.030049 
4191.895168  	-0.029927 
4193.326826  	-0.029925 
4194.758485  	-0.030160 
4196.190143  	-0.030382 
4197.621801  	-0.030395 
4199.053459  	-0.029831 
4200.485117  	-0.029493 
4201.916776  	-0.029726 
4203.348434  	-0.029654 
4204.780092  	-0.029647 
4206.211750  	-0.029726 
4207.643408  	-0.029397 
4209.075066  	-0.029489 
4210.506725  	-0.029771 
4211.938383  	-0.029540 
4213.370041  	-0.029527 
4214.801699  	-0.029790 
4216.233357  	-0.030049 
4217.665016  	-0.030422 
4219.096674  	-0.030420 
4220.528332  	-0.030111 
4221.959990  	-0.029844 
4223.391648  	-0.029339 
4224.823307  	-0.029023 
4226.254965  	-0.029410 
4227.686623  	-0.029848 
4229.118281  	-0.029828 
4230.549939  	-0.029700 
4231.981597  	-0.029674 
4233.413256  	-0.029626 
4234.844914  	-0.029603 
4236.276572  	-0.029546 
4237.708230  	-0.029452 
4239.139888  	-0.029580 
4240.571547  	-0.029766 
4242.003205  	-0.029907 
4243.434863  	-0.030061 
4244.866521  	-0.029744 
4246.298179  	-0.029201 
4247.729838  	-0.029245 
4249.161496  	-0.029594 
4250.593154  	-0.029834 
4252.024812  	-0.029901 
4253.456470  	-0.029754 
4254.888128  	-0.029771 
4256.319787  	-0.029971 
4257.751445  	-0.030102 
4259.183103  	-0.030228 
4260.614761  	-0.030139 
4262.046419  	-0.029942 
4263.478078  	-0.030033 
4264.909736  	-0.030116 
4266.341394  	-0.029966 
4267.773052  	-0.029799 
4269.204710  	-0.029851 
4270.636368  	-0.030182 
4272.068027  	-0.030413 
4273.499685  	-0.030335 
4274.931343  	-0.030094 
4276.363001  	-0.029864 
4277.794659  	-0.029927 
4279.226318  	-0.030093 
4280.657976  	-0.030029 
4282.089634  	-0.030022 
4283.521292  	-0.030163 
4284.952950  	-0.030168 
4286.384609  	-0.029927 
4287.816267  	-0.029743 
4289.247925  	-0.029986 
4290.679583  	-0.030197 
4292.111241  	-0.030171 
4293.542899  	-0.030426 
4294.974558  	-0.030566 
4296.406216  	-0.030371 
4297.837874  	-0.030362 
4299.269532  	-0.030201 
4300.701190  	-0.029867 
4302.132849  	-0.029961 
4303.564507  	-0.030060 
4304.996165  	-0.029715 
4306.427823  	-0.029453 
4307.859481  	-0.029583 
4309.291140  	-0.029506 
4310.722798  	-0.029255 
4312.154456  	-0.029791 
4313.586114  	-0.030417 
4315.017772  	-0.030131 
4316.449430  	-0.029899 
4317.881089  	-0.029846 
4319.312747  	-0.029563 
4320.744405  	-0.029682 
4322.176063  	-0.029785 
4323.607721  	-0.029721 
4325.039380  	-0.030024 
4326.471038  	-0.029892 
4327.902696  	-0.029437 
4329.334354  	-0.029416 
4330.766012  	-0.029316 
4332.197670  	-0.029198 
4333.629329  	-0.029180 
4335.060987  	-0.029216 
4336.492645  	-0.029861 
4337.924303  	-0.030232 
4339.355961  	-0.029740 
4340.787620  	-0.029581 
4342.219278  	-0.029700 
4343.650936  	-0.029539 
4345.082594  	-0.029424 
4346.514252  	-0.029318 
4347.945911  	-0.029322 
4349.377569  	-0.029393 
4350.809227  	-0.029219 
4352.240885  	-0.029258 
4353.672543  	-0.029619 
4355.104201  	-0.029853 
4356.535860  	-0.029944 
4357.967518  	-0.029842 
4359.399176  	-0.029512 
4360.830834  	-0.029202 
4362.262492  	-0.029184 
4363.694151  	-0.029469 
4365.125809  	-0.029719 
4366.557467  	-0.029857 
4367.989125  	-0.029909 
4369.420783  	-0.029750 
4370.852441  	-0.029654 
4372.284100  	-0.029732 
4373.715758  	-0.029899 
4375.147416  	-0.030205 
4376.579074  	-0.030266 
4378.010732  	-0.030164 
4379.442391  	-0.030348 
4380.874049  	-0.030455 
4382.305707  	-0.030589 
4383.737365  	-0.030925 
4385.169023  	-0.030733 
4386.600682  	-0.030359 
4388.032340  	-0.030623 
4389.463998  	-0.030860 
4390.895656  	-0.030600 
4392.327314  	-0.030522 
4393.758972  	-0.030710 
4395.190631  	-0.030540 
4396.622289  	-0.030378 
4398.053947  	-0.030678 
4399.485605  	-0.030553 
4400.917263  	-0.030181 
4402.348922  	-0.030670 
4403.780580  	-0.031042 
4405.212238  	-0.030626 
4406.643896  	-0.030471 
4408.075554  	-0.030305 
4409.507213  	-0.029651 
4410.938871  	-0.029453 
4412.370529  	-0.029936 
4413.802187  	-0.030388 
4415.233845  	-0.030527 
4416.665503  	-0.030673 
4418.097162  	-0.030950 
4419.528820  	-0.030883 
4420.960478  	-0.030635 
4422.392136  	-0.030764 
4423.823794  	-0.030916 
4425.255453  	-0.030869 
4426.687111  	-0.030865 
4428.118769  	-0.030728 
4429.550427  	-0.030413 
4430.982085  	-0.030198 
4432.413743  	-0.030199 
4433.845402  	-0.030234 
4435.277060  	-0.030068 
4436.708718  	-0.030024 
4438.140376  	-0.030389 
4439.572034  	-0.030775 
4441.003693  	-0.031065 
4442.435351  	-0.031372 
4443.867009  	-0.031457 
4445.298667  	-0.031449 
4446.730325  	-0.031626 
4448.161984  	-0.031578 
4449.593642  	-0.031250 
4451.025300  	-0.031371 
4452.456958  	-0.031603 
4453.888616  	-0.031247 
4455.320274  	-0.031230 
4456.751933  	-0.031733 
4458.183591  	-0.031648 
4459.615249  	-0.031525 
4461.046907  	-0.031777 
4462.478565  	-0.031593 
4463.910224  	-0.031546 
4465.341882  	-0.031787 
4466.773540  	-0.031423 
4468.205198  	-0.031228 
4469.636856  	-0.031465 
4471.068515  	-0.031159 
4472.500173  	-0.030848 
4473.931831  	-0.031065 
4475.363489  	-0.031250 
4476.795147  	-0.031324 
4478.226805  	-0.031412 
4479.658464  	-0.031599 
4481.090122  	-0.031864 
4482.521780  	-0.031824 
4483.953438  	-0.031508 
4485.385096  	-0.031282 
4486.816755  	-0.031363 
4488.248413  	-0.031571 
4489.680071  	-0.031455 
4491.111729  	-0.031516 
4492.543387  	-0.032051 
4493.975045  	-0.032033 
4495.406704  	-0.031737 
4496.838362  	-0.032022 
4498.270020  	-0.031992 
4499.701678  	-0.031419 
4501.133336  	-0.031137 
4502.564995  	-0.031045 
4503.996653  	-0.031119 
4505.428311  	-0.031489 
4506.859969  	-0.031707 
4508.291627  	-0.031722 
4509.723286  	-0.031587 
4511.154944  	-0.031205 
4512.586602  	-0.031003 
4514.018260  	-0.031095 
4515.449918  	-0.031262 
4516.881576  	-0.031748 
4518.313235  	-0.032178 
4519.744893  	-0.031734 
4521.176551  	-0.031118 
4522.608209  	-0.031248 
4524.039867  	-0.031452 
4525.471526  	-0.031557 
4526.903184  	-0.032091 
4528.334842  	-0.032218 
4529.766500  	-0.031703 
4531.198158  	-0.031605 
4532.629817  	-0.031548 
4534.061475  	-0.031231 
4535.493133  	-0.031609 
4536.924791  	-0.032083 
4538.356449  	-0.031692 
4539.788107  	-0.031325 
4541.219766  	-0.031582 
4542.651424  	-0.031908 
4544.083082  	-0.031848 
4545.514740  	-0.031588 
4546.946398  	-0.031880 
4548.378057  	-0.032599 
4549.809715  	-0.032605 
4551.241373  	-0.031937 
4552.673031  	-0.031509 
4554.104689  	-0.031326 
4555.536347  	-0.031245 
4556.968006  	-0.031478 
4558.399664  	-0.031569 
4559.831322  	-0.031256 
4561.262980  	-0.031248 
4562.694638  	-0.031404 
4564.126297  	-0.031174 
4565.557955  	-0.031267 
4566.989613  	-0.031669 
4568.421271  	-0.031474 
4569.852929  	-0.031161 
4571.284588  	-0.031141 
4572.716246  	-0.031125 
4574.147904  	-0.031366 
4575.579562  	-0.031473 
4577.011220  	-0.031058 
4578.442878  	-0.030850 
4579.874537  	-0.030753 
4581.306195  	-0.030456 
4582.737853  	-0.030706 
4584.169511  	-0.031373 
4585.601169  	-0.031552 
4587.032828  	-0.031289 
4588.464486  	-0.031178 
4589.896144  	-0.031427 
4591.327802  	-0.031556 
4592.759460  	-0.031246 
4594.191118  	-0.031075 
4595.622777  	-0.031420 
4597.054435  	-0.031749 
4598.486093  	-0.031689 
4599.917751  	-0.031565 
4601.349409  	-0.031526 
4602.781068  	-0.031296 
4604.212726  	-0.031234 
4605.644384  	-0.031729 
4607.076042  	-0.032084 
4608.507700  	-0.032020 
4609.939359  	-0.032071 
4611.371017  	-0.032122 
4612.802675  	-0.032037 
4614.234333  	-0.032055 
4615.665991  	-0.031808 
4617.097649  	-0.031156 
4618.529308  	-0.030841 
4619.960966  	-0.031094 
4621.392624  	-0.031444 
4622.824282  	-0.031640 
4624.255940  	-0.031452 
4625.687599  	-0.031029 
4627.119257  	-0.031236 
4628.550915  	-0.031825 
4629.982573  	-0.031658 
4631.414231  	-0.031182 
4632.845890  	-0.031154 
4634.277548  	-0.031108 
4635.709206  	-0.030926 
4637.140864  	-0.030924 
4638.572522  	-0.031169 
4640.004180  	-0.031575 
4641.435839  	-0.031626 
4642.867497  	-0.031440 
4644.299155  	-0.031670 
4645.730813  	-0.031906 
4647.162471  	-0.031843 
4648.594130  	-0.031928 
4650.025788  	-0.032031 
4651.457446  	-0.031835 
4652.889104  	-0.031536 
4654.320762  	-0.031574 
4655.752420  	-0.031856 
4657.184079  	-0.031723 
4658.615737  	-0.031440 
4660.047395  	-0.031500 
4661.479053  	-0.031486 
4662.910711  	-0.031624 
4664.342370  	-0.031973 
4665.774028  	-0.031583 
4667.205686  	-0.030931 
4668.637344  	-0.031132 
4670.069002  	-0.031773 
4671.500661  	-0.032111 
4672.932319  	-0.032090 
4674.363977  	-0.032079 
4675.795635  	-0.032086 
4677.227293  	-0.031684 
4678.658951  	-0.031361 
4680.090610  	-0.031676 
4681.522268  	-0.031949 
4682.953926  	-0.031919 
4684.385584  	-0.032216 
4685.817242  	-0.032747 
4687.248901  	-0.032660 
4688.680559  	-0.031901 
4690.112217  	-0.031426 
4691.543875  	-0.031487 
4692.975533  	-0.031801 
4694.407192  	-0.032394 
4695.838850  	-0.032306 
4697.270508  	-0.031135 
4698.702166  	-0.030720 
4700.133824  	-0.031488 
4701.565482  	-0.031857 
4702.997141  	-0.031769 
4704.428799  	-0.031912 
4705.860457  	-0.031890 
4707.292115  	-0.031456 
4708.723773  	-0.031135 
4710.155432  	-0.031325 
4711.587090  	-0.031768 
4713.018748  	-0.031963 
4714.450406  	-0.031814 
4715.882064  	-0.031670 
4717.313722  	-0.031853 
4718.745381  	-0.032172 
4720.177039  	-0.032198 
4721.608697  	-0.031804 
4723.040355  	-0.031296 
4724.472013  	-0.031238 
4725.903672  	-0.031520 
4727.335330  	-0.031683 
4728.766988  	-0.031935 
4730.198646  	-0.032038 
4731.630304  	-0.031725 
4733.061963  	-0.031796 
4734.493621  	-0.032163 
4735.925279  	-0.032219 
4737.356937  	-0.032251 
4738.788595  	-0.031992 
4740.220253  	-0.031635 
4741.651912  	-0.032142 
4743.083570  	-0.032669 
4744.515228  	-0.032371 
4745.946886  	-0.032066 
4747.378544  	-0.031992 
4748.810203  	-0.031895 
4750.241861  	-0.031849 
4751.673519  	-0.031773 
4753.105177  	-0.031699 
4754.536835  	-0.031753 
4755.968493  	-0.031952 
4757.400152  	-0.031983 
4758.831810  	-0.031488 
4760.263468  	-0.031194 
4761.695126  	-0.031703 
4763.126784  	-0.032292 
4764.558443  	-0.032412 
4765.990101  	-0.032013 
4767.421759  	-0.031301 
4768.853417  	-0.031092 
4770.285075  	-0.031400 
4771.716734  	-0.031350 
4773.148392  	-0.031265 
4774.580050  	-0.031909 
4776.011708  	-0.032366 
4777.443366  	-0.031849 
4778.875024  	-0.031538 
4780.306683  	-0.031830 
4781.738341  	-0.031689 
4783.169999  	-0.031392 
4784.601657  	-0.031509 
4786.033315  	-0.031873 
4787.464974  	-0.032632 
4788.896632  	-0.033015 
4790.328290  	-0.032428 
4791.759948  	-0.032136 
4793.191606  	-0.032528 
4794.623265  	-0.032882 
4796.054923  	-0.032986 
4797.486581  	-0.032535 
4798.918239  	-0.031872 
4800.349897  	-0.031634 
4801.781555  	-0.031621 
4803.213214  	-0.031887 
4804.644872  	-0.032273 
4806.076530  	-0.032284 
4807.508188  	-0.032272 
4808.939846  	-0.032329 
4810.371505  	-0.032149 
4811.803163  	-0.031894 
4813.234821  	-0.031925 
4814.666479  	-0.032541 
4816.098137  	-0.033006 
4817.529795  	-0.032561 
4818.961454  	-0.032083 
4820.393112  	-0.031955 
4821.824770  	-0.031852 
4823.256428  	-0.032136 
4824.688086  	-0.032515 
4826.119745  	-0.032598 
4827.551403  	-0.032578 
4828.983061  	-0.032163 
4830.414719  	-0.031587 
4831.846377  	-0.031558 
4833.278036  	-0.032000 
4834.709694  	-0.032402 
4836.141352  	-0.032364 
4837.573010  	-0.032324 
4839.004668  	-0.032585 
4840.436326  	-0.032352 
4841.867985  	-0.031807 
4843.299643  	-0.031699 
4844.731301  	-0.031921 
4846.162959  	-0.032264 
4847.594617  	-0.031937 
4849.026276  	-0.031128 
4850.457934  	-0.031455 
4851.889592  	-0.032091 
4853.321250  	-0.031742 
4854.752908  	-0.031602 
4856.184567  	-0.031954 
4857.616225  	-0.032115 
4859.047883  	-0.032140 
4860.479541  	-0.031889 
4861.911199  	-0.031744 
4863.342857  	-0.031970 
4864.774516  	-0.032051 
4866.206174  	-0.032299 
4867.637832  	-0.032731 
4869.069490  	-0.032474 
4870.501148  	-0.031775 
4871.932807  	-0.031702 
4873.364465  	-0.032478 
4874.796123  	-0.032987 
4876.227781  	-0.032454 
4877.659439  	-0.031967 
4879.091097  	-0.032157 
4880.522756  	-0.032123 
4881.954414  	-0.031582 
4883.386072  	-0.031176 
4884.817730  	-0.031618 
4886.249388  	-0.032667 
4887.681047  	-0.032880 
4889.112705  	-0.032215 
4890.544363  	-0.032113 
4891.976021  	-0.032336 
4893.407679  	-0.031824 
4894.839338  	-0.031318 
4896.270996  	-0.031672 
4897.702654  	-0.032032 
4899.134312  	-0.031933 
4900.565970  	-0.032100 
4901.997628  	-0.032366 
4903.429287  	-0.032158 
4904.860945  	-0.032043 
4906.292603  	-0.032422 
4907.724261  	-0.032666 
4909.155919  	-0.032328 
4910.587578  	-0.032045 
4912.019236  	-0.032345 
4913.450894  	-0.032361 
4914.882552  	-0.031756 
4916.314210  	-0.031569 
4917.745869  	-0.031972 
4919.177527  	-0.032313 
4920.609185  	-0.032264 
4922.040843  	-0.031992 
4923.472501  	-0.032178 
4924.904159  	-0.032533 
4926.335818  	-0.032555 
4927.767476  	-0.033061 
4929.199134  	-0.033725 
4930.630792  	-0.033465 
4932.062450  	-0.032680 
4933.494109  	-0.031887 
4934.925767  	-0.031734 
4936.357425  	-0.032364 
4937.789083  	-0.032439 
4939.220741  	-0.032158 
4940.652399  	-0.032263 
4942.084058  	-0.031997 
4943.515716  	-0.031987 
4944.947374  	-0.032642 
4946.379032  	-0.032600 
4947.810690  	-0.032237 
4949.242349  	-0.032394 
4950.674007  	-0.032601 
4952.105665  	-0.032821 
4953.537323  	-0.032662 
4954.968981  	-0.031925 
4956.400640  	-0.031874 
4957.832298  	-0.032586 
4959.263956  	-0.032818 
4960.695614  	-0.032602 
4962.127272  	-0.032492 
4963.558930  	-0.032182 
4964.990589  	-0.031971 
4966.422247  	-0.032764 
4967.853905  	-0.033498 
4969.285563  	-0.033001 
4970.717221  	-0.032694 
4972.148880  	-0.032888 
4973.580538  	-0.032432 
4975.012196  	-0.032341 
4976.443854  	-0.032839 
4977.875512  	-0.032608 
4979.307170  	-0.032619 
4980.738829  	-0.033368 
4982.170487  	-0.033297 
4983.602145  	-0.032692 
4985.033803  	-0.032453 
4986.465461  	-0.032140 
4987.897120  	-0.032172 
4989.328778  	-0.032720 
4990.760436  	-0.032516 
4992.192094  	-0.031980 
4993.623752  	-0.032464 
4995.055411  	-0.032928 
4996.487069  	-0.032566 
4997.918727  	-0.032678 
4999.350385  	-0.033136 
5000.782043  	-0.032782 
5002.213701  	-0.032375 
5003.645360  	-0.032617 
5005.077018  	-0.032993 
5006.508676  	-0.033368 
5007.940334  	-0.033261 
5009.371992  	-0.032307 
5010.803651  	-0.031943 
5012.235309  	-0.032628 
5013.666967  	-0.032691 
5015.098625  	-0.032215 
5016.530283  	-0.032379 
5017.961942  	-0.032677 
5019.393600  	-0.033234 
5020.825258  	-0.034044 
5022.256916  	-0.033194 
5023.688574  	-0.031577 
5025.120232  	-0.031836 
5026.551891  	-0.032870 
5027.983549  	-0.033180 
5029.415207  	-0.033139 
5030.846865  	-0.032538 
5032.278523  	-0.032102 
5033.710182  	-0.032512 
5035.141840  	-0.032566 
5036.573498  	-0.032402 
5038.005156  	-0.032834 
5039.436814  	-0.033050 
5040.868472  	-0.032868 
5042.300131  	-0.032922 
5043.731789  	-0.033099 
5045.163447  	-0.033065 
5046.595105  	-0.032890 
5048.026763  	-0.032749 
5049.458422  	-0.032481 
5050.890080  	-0.032159 
5052.321738  	-0.032006 
5053.753396  	-0.031953 
5055.185054  	-0.032655 
5056.616713  	-0.033691 
5058.048371  	-0.033221 
5059.480029  	-0.032125 
5060.911687  	-0.031878 
5062.343345  	-0.031816 
5063.775003  	-0.032360 
5065.206662  	-0.033178 
5066.638320  	-0.032807 
5068.069978  	-0.032517 
5069.501636  	-0.032644 
5070.933294  	-0.031968 
5072.364953  	-0.031647 
5073.796611  	-0.031814 
5075.228269  	-0.031595 
5076.659927  	-0.032100 
5078.091585  	-0.033137 
5079.523244  	-0.033661 
5080.954902  	-0.033634 
5082.386560  	-0.032693 
5083.818218  	-0.031965 
5085.249876  	-0.032522 
5086.681534  	-0.032765 
5088.113193  	-0.032411 
5089.544851  	-0.032437 
5090.976509  	-0.032383 
5092.408167  	-0.032413 
5093.839825  	-0.032713 
5095.271484  	-0.032523 
5096.703142  	-0.032200 
5098.134800  	-0.032200 
5099.566458  	-0.032425 
5100.998116  	-0.032916 
5102.429774  	-0.032977 
5103.861433  	-0.032812 
5105.293091  	-0.033771 
5106.724749  	-0.034735 
5108.156407  	-0.033765 
5109.588065  	-0.032205 
5111.019724  	-0.032031 
5112.451382  	-0.032401 
5113.883040  	-0.032184 
5115.314698  	-0.032279 
5116.746356  	-0.032916 
5118.178015  	-0.032632 
5119.609673  	-0.031758 
5121.041331  	-0.032261 
5122.472989  	-0.033449 
5123.904647  	-0.032912 
5125.336305  	-0.031286 
5126.767964  	-0.031041 
5128.199622  	-0.031630 
5129.631280  	-0.031453 
5131.062938  	-0.031811 
5132.494596  	-0.033238 
5133.926255  	-0.033686 
5135.357913  	-0.033203 
5136.789571  	-0.033183 
5138.221229  	-0.033250 
5139.652887  	-0.033210 
5141.084546  	-0.033058 
5142.516204  	-0.032250 
5143.947862  	-0.031672 
5145.379520  	-0.032222 
5146.811178  	-0.032909 
5148.242836  	-0.033035 
5149.674495  	-0.033062 
5151.106153  	-0.032930 
5152.537811  	-0.032222 
5153.969469  	-0.031815 
5155.401127  	-0.032275 
5156.832786  	-0.032327 
5158.264444  	-0.031785 
5159.696102  	-0.031780 
5161.127760  	-0.032131 
5162.559418  	-0.032760 
5163.991076  	-0.033432 
5165.422735  	-0.032981 
5166.854393  	-0.032263 
5168.286051  	-0.032287 
5169.717709  	-0.032489 
5171.149367  	-0.033280 
5172.581026  	-0.034167 
5174.012684  	-0.033809 
5175.444342  	-0.032976 
5176.876000  	-0.032317 
5178.307658  	-0.032055 
5179.739317  	-0.032484 
5181.170975  	-0.032433 
5182.602633  	-0.032179 
5184.034291  	-0.032835 
5185.465949  	-0.033008 
5186.897607  	-0.032540 
5188.329266  	-0.032728 
5189.760924  	-0.032575 
5191.192582  	-0.031971 
5192.624240  	-0.032499 
5194.055898  	-0.033600 
5195.487557  	-0.033462 
5196.919215  	-0.032537 
5198.350873  	-0.032752 
5199.782531  	-0.033187 
5201.214189  	-0.032102 
5202.645847  	-0.031369 
5204.077506  	-0.032330 
5205.509164  	-0.033243 
5206.940822  	-0.033573 
5208.372480  	-0.033865 
5209.804138  	-0.033967 
5211.235797  	-0.033836 
5212.667455  	-0.033330 
5214.099113  	-0.032640 
5215.530771  	-0.032464 
5216.962429  	-0.032720 
5218.394088  	-0.032737 
5219.825746  	-0.032347 
5221.257404  	-0.032384 
5222.689062  	-0.033193 
5224.120720  	-0.033336 
5225.552378  	-0.032330 
5226.984037  	-0.031851 
5228.415695  	-0.032428 
5229.847353  	-0.033120 
5231.279011  	-0.033374 
5232.710669  	-0.032785 
5234.142328  	-0.032009 
5235.573986  	-0.032281 
5237.005644  	-0.033379 
5238.437302  	-0.033741 
5239.868960  	-0.033007 
5241.300619  	-0.032424 
5242.732277  	-0.032336 
5244.163935  	-0.032247 
5245.595593  	-0.032664 
5247.027251  	-0.033726 
5248.458909  	-0.034254 
5249.890568  	-0.033558 
5251.322226  	-0.033040 
5252.753884  	-0.033532 
5254.185542  	-0.033782 
5255.617200  	-0.033154 
5257.048859  	-0.032715 
5258.480517  	-0.032841 
5259.912175  	-0.033535 
5261.343833  	-0.034159 
5262.775491  	-0.033394 
5264.207149  	-0.032376 
5265.638808  	-0.032617 
5267.070466  	-0.033332 
5268.502124  	-0.033931 
5269.933782  	-0.033492 
5271.365440  	-0.032390 
5272.797099  	-0.032992 
5274.228757  	-0.033897 
5275.660415  	-0.033044 
5277.092073  	-0.032536 
5278.523731  	-0.032747 
5279.955390  	-0.032211 
5281.387048  	-0.032328 
5282.818706  	-0.033565 
5284.250364  	-0.034164 
5285.682022  	-0.033707 
5287.113680  	-0.032731 
5288.545339  	-0.031956 
5289.976997  	-0.032078 
5291.408655  	-0.032760 
5292.840313  	-0.032824 
5294.271971  	-0.032480 
5295.703630  	-0.032754 
5297.135288  	-0.033406 
5298.566946  	-0.033262 
5299.998604  	-0.032013 
5301.430262  	-0.030813 
5302.861921  	-0.031252 
5304.293579  	-0.032974 
5305.725237  	-0.034055 
5307.156895  	-0.034114 
5308.588553  	-0.033682 
5310.020211  	-0.032972 
5311.451870  	-0.032634 
5312.883528  	-0.032890 
5314.315186  	-0.033215 
5315.746844  	-0.033075 
5317.178502  	-0.032404 
5318.610161  	-0.032033 
5320.041819  	-0.032134 
5321.473477  	-0.032300 
5322.905135  	-0.033193 
5324.336793  	-0.034019 
5325.768451  	-0.033177 
5327.200110  	-0.032215 
5328.631768  	-0.032703 
5330.063426  	-0.033131 
5331.495084  	-0.032979 
5332.926742  	-0.033122 
5334.358401  	-0.033294 
5335.790059  	-0.033075 
5337.221717  	-0.033202 
5338.653375  	-0.033789 
5340.085033  	-0.033337 
5341.516692  	-0.032558 
5342.948350  	-0.033163 
5344.380008  	-0.033629 
5345.811666  	-0.032651 
5347.243324  	-0.032858 
5348.674982  	-0.034277 
5350.106641  	-0.034734 
5351.538299  	-0.034261 
5352.969957  	-0.033261 
5354.401615  	-0.031513 
5355.833273  	-0.030819 
5357.264932  	-0.031331 
5358.696590  	-0.031497 
5360.128248  	-0.031952 
5361.559906  	-0.033310 
5362.991564  	-0.033988 
5364.423222  	-0.033492 
5365.854881  	-0.033024 
5367.286539  	-0.032613 
5368.718197  	-0.032109 
5370.149855  	-0.032403 
5371.581513  	-0.033361 
5373.013172  	-0.033711 
5374.444830  	-0.033544 
5375.876488  	-0.033719 
5377.308146  	-0.033885 
5378.739804  	-0.034087 
5380.171463  	-0.034687 
5381.603121  	-0.034450 
5383.034779  	-0.033410 
5384.466437  	-0.033125 
5385.898095  	-0.033296 
5387.329753  	-0.033722 
5388.761412  	-0.034338 
5390.193070  	-0.034028 
5391.624728  	-0.033466 
5393.056386  	-0.033314 
5394.488044  	-0.033115 
5395.919703  	-0.033944 
5397.351361  	-0.034933 
5398.783019  	-0.034548 
5400.214677  	-0.034129 
5401.646335  	-0.033862 
5403.077994  	-0.033266 
5404.509652  	-0.033188 
5405.941310  	-0.033151 
5407.372968  	-0.033446 
5408.804626  	-0.034215 
5410.236284  	-0.033687 
5411.667943  	-0.033233 
5413.099601  	-0.034225 
5414.531259  	-0.033858 
5415.962917  	-0.032671 
5417.394575  	-0.033281 
5418.826234  	-0.034578 
5420.257892  	-0.035280 
5421.689550  	-0.035110 
5423.121208  	-0.034075 
5424.552866  	-0.032848 
5425.984524  	-0.032117 
5427.416183  	-0.031860 
5428.847841  	-0.031745 
5430.279499  	-0.032222 
5431.711157  	-0.033231 
5433.142815  	-0.033800 
5434.574474  	-0.033987 
5436.006132  	-0.033669 
5437.437790  	-0.033126 
5438.869448  	-0.033247 
5440.301106  	-0.032835 
5441.732765  	-0.032215 
5443.164423  	-0.033682 
5444.596081  	-0.034218 
5446.027739  	-0.032348 
5447.459397  	-0.032009 
5448.891055  	-0.032733 
5450.322714  	-0.032484 
5451.754372  	-0.032943 
5453.186030  	-0.033350 
5454.617688  	-0.033324 
5456.049346  	-0.034791 
5457.481005  	-0.035763 
5458.912663  	-0.034264 
5460.344321  	-0.033143 
5461.775979  	-0.033432 
5463.207637  	-0.033192 
5464.639296  	-0.032624 
5466.070954  	-0.032484 
5467.502612  	-0.032351 
5468.934270  	-0.032520 
5470.365928  	-0.032881 
5471.797586  	-0.032577 
5473.229245  	-0.032169 
5474.660903  	-0.032174 
5476.092561  	-0.032094 
5477.524219  	-0.032012 
5478.955877  	-0.032338 
5480.387536  	-0.033044 
5481.819194  	-0.033363 
5483.250852  	-0.032700 
5484.682510  	-0.032419 
5486.114168  	-0.033013 
5487.545826  	-0.033013 
5488.977485  	-0.032633 
5490.409143  	-0.033486 
5491.840801  	-0.035310 
5493.272459  	-0.035865 
5494.704117  	-0.034093 
5496.135776  	-0.032749 
5497.567434  	-0.032622 
5498.999092  	-0.032202 
5500.430750  	-0.032486 
5501.862408  	-0.033838 
5503.294067  	-0.034463 
5504.725725  	-0.034359 
5506.157383  	-0.034103 
5507.589041  	-0.033715 
5509.020699  	-0.033390 
5510.452357  	-0.033266 
5511.884016  	-0.033607 
5513.315674  	-0.033534 
5514.747332  	-0.032881 
5516.178990  	-0.033678 
5517.610648  	-0.035076 
5519.042307  	-0.034849 
5520.473965  	-0.033905 
5521.905623  	-0.033190 
5523.337281  	-0.033076 
5524.768939  	-0.033053 
5526.200598  	-0.032302 
5527.632256  	-0.032692 
5529.063914  	-0.033922 
5530.495572  	-0.033334 
5531.927230  	-0.032683 
5533.358888  	-0.032833 
5534.790547  	-0.031645 
5536.222205  	-0.030866 
5537.653863  	-0.032413 
5539.085521  	-0.033714 
5540.517179  	-0.033192 
5541.948838  	-0.032411 
5543.380496  	-0.032266 
5544.812154  	-0.032415 
5546.243812  	-0.033393 
5547.675470  	-0.034462 
5549.107128  	-0.033873 
5550.538787  	-0.032989 
5551.970445  	-0.032135 
5553.402103  	-0.030252 
5554.833761  	-0.030117 
5556.265419  	-0.031734 
5557.697078  	-0.032235 
5559.128736  	-0.033701 
5560.560394  	-0.035840 
5561.992052  	-0.034841 
5563.423710  	-0.033137 
5564.855369  	-0.033552 
5566.287027  	-0.033634 
5567.718685  	-0.032783 
5569.150343  	-0.032883 
5570.582001  	-0.033800 
5572.013659  	-0.034772 
5573.445318  	-0.035433 
5574.876976  	-0.034728 
5576.308634  	-0.033187 
5577.740292  	-0.032760 
5579.171950  	-0.032846 
5580.603609  	-0.032964 
5582.035267  	-0.033699 
5583.466925  	-0.033050 
5584.898583  	-0.031644 
5586.330241  	-0.032237 
5587.761899  	-0.032695 
5589.193558  	-0.032258 
5590.625216  	-0.032983 
5592.056874  	-0.033128 
5593.488532  	-0.032475 
5594.920190  	-0.033060 
5596.351849  	-0.033355 
5597.783507  	-0.032173 
5599.215165  	-0.030797 
5600.646823  	-0.030645 
5602.078481  	-0.032080 
5603.510140  	-0.033150 
5604.941798  	-0.032935 
5606.373456  	-0.032963 
5607.805114  	-0.033194 
5609.236772  	-0.032823 
5610.668430  	-0.032390 
5612.100089  	-0.032485 
5613.531747  	-0.032796 
5614.963405  	-0.032694 
5616.395063  	-0.032835 
5617.826721  	-0.033958 
5619.258380  	-0.034734 
5620.690038  	-0.034231 
5622.121696  	-0.033334 
5623.553354  	-0.032946 
5624.985012  	-0.033261 
5626.416671  	-0.033839 
5627.848329  	-0.034039 
5629.279987  	-0.033586 
5630.711645  	-0.032447 
5632.143303  	-0.031305 
5633.574961  	-0.031727 
5635.006620  	-0.033872 
5636.438278  	-0.035076 
5637.869936  	-0.034140 
5639.301594  	-0.033413 
5640.733252  	-0.033551 
5642.164911  	-0.033116 
5643.596569  	-0.032119 
5645.028227  	-0.031354 
5646.459885  	-0.032131 
5647.891543  	-0.034041 
5649.323201  	-0.034370 
5650.754860  	-0.033301 
5652.186518  	-0.032728 
5653.618176  	-0.032815 
5655.049834  	-0.033489 
5656.481492  	-0.033872 
5657.913151  	-0.033579 
5659.344809  	-0.033321 
5660.776467  	-0.032820 
5662.208125  	-0.032681 
5663.639783  	-0.032849 
5665.071442  	-0.032955 
5666.503100  	-0.034904 
5667.934758  	-0.036722 
5669.366416  	-0.035574 
5670.798074  	-0.034213 
5672.229732  	-0.032867 
5673.661391  	-0.031128 
5675.093049  	-0.031649 
5676.524707  	-0.033133 
5677.956365  	-0.034152 
5679.388023  	-0.034623 
5680.819682  	-0.033292 
5682.251340  	-0.032855 
5683.682998  	-0.033841 
5685.114656  	-0.033016 
5686.546314  	-0.032416 
5687.977973  	-0.033151 
5689.409631  	-0.033068 
5690.841289  	-0.032962 
5692.272947  	-0.033377 
5693.704605  	-0.033909 
5695.136263  	-0.033333 
5696.567922  	-0.031079 
5697.999580  	-0.031088 
5699.431238  	-0.033319 
5700.862896  	-0.033070 
5702.294554  	-0.031870 
5703.726213  	-0.032785 
5705.157871  	-0.034301 
5706.589529  	-0.034160 
5708.021187  	-0.032484 
5709.452845  	-0.031741 
5710.884503  	-0.031930 
5712.316162  	-0.031937 
5713.747820  	-0.032665 
5715.179478  	-0.032581 
5716.611136  	-0.031589 
5718.042794  	-0.032560 
5719.474453  	-0.033979 
5720.906111  	-0.034202 
5722.337769  	-0.034334 
5723.769427  	-0.034492 
5725.201085  	-0.034518 
5726.632744  	-0.032946 
5728.064402  	-0.031210 
5729.496060  	-0.032941 
5730.927718  	-0.034316 
5732.359376  	-0.032375 
5733.791034  	-0.030862 
5735.222693  	-0.030283 
5736.654351  	-0.030623 
5738.086009  	-0.032618 
5739.517667  	-0.033702 
5740.949325  	-0.033691 
5742.380984  	-0.033281 
5743.812642  	-0.032539 
5745.244300  	-0.033938 
5746.675958  	-0.035733 
5748.107616  	-0.034820 
5749.539275  	-0.034143 
5750.970933  	-0.034894 
5752.402591  	-0.034261 
5753.834249  	-0.032411 
5755.265907  	-0.031528 
5756.697565  	-0.031880 
5758.129224  	-0.032110 
5759.560882  	-0.031950 
5760.992540  	-0.032150 
5762.424198  	-0.032501 
5763.855856  	-0.032820 
5765.287515  	-0.033375 
5766.719173  	-0.034416 
5768.150831  	-0.035582 
5769.582489  	-0.035017 
5771.014147  	-0.033453 
5772.445805  	-0.033901 
5773.877464  	-0.035073 
5775.309122  	-0.034720 
5776.740780  	-0.034944 
5778.172438  	-0.036391 
5779.604096  	-0.036834 
5781.035755  	-0.036482 
5782.467413  	-0.036521 
5783.899071  	-0.036120 
5785.330729  	-0.035161 
5786.762387  	-0.033883 
5788.194046  	-0.032282 
5789.625704  	-0.032365 
5791.057362  	-0.033394 
5792.489020  	-0.032248 
5793.920678  	-0.031268 
5795.352336  	-0.032471 
5796.783995  	-0.033453 
5798.215653  	-0.033478 
5799.647311  	-0.031856 
5801.078969  	-0.030384 
5802.510627  	-0.032944 
5803.942286  	-0.034578 
5805.373944  	-0.031756 
5806.805602  	-0.031130 
5808.237260  	-0.033836 
5809.668918  	-0.035301 
5811.100576  	-0.034570 
5812.532235  	-0.032086 
5813.963893  	-0.030541 
5815.395551  	-0.031938 
5816.827209  	-0.033950 
5818.258867  	-0.035607 
5819.690526  	-0.035970 
5821.122184  	-0.033624 
5822.553842  	-0.032012 
5823.985500  	-0.033648 
5825.417158  	-0.035563 
5826.848817  	-0.035255 
5828.280475  	-0.033638 
5829.712133  	-0.032726 
5831.143791  	-0.033260 
5832.575449  	-0.034537 
5834.007107  	-0.034761 
5835.438766  	-0.033198 
5836.870424  	-0.032711 
5838.302082  	-0.034151 
5839.733740  	-0.034113 
5841.165398  	-0.032946 
5842.597057  	-0.032629 
5844.028715  	-0.031959 
5845.460373  	-0.032044 
5846.892031  	-0.033507 
5848.323689  	-0.033789 
5849.755348  	-0.034052 
5851.187006  	-0.034491 
5852.618664  	-0.032273 
5854.050322  	-0.031445 
5855.481980  	-0.034508 
5856.913638  	-0.034977 
5858.345297  	-0.032768 
5859.776955  	-0.032358 
5861.208613  	-0.031847 
5862.640271  	-0.031644 
5864.071929  	-0.032997 
5865.503588  	-0.032435 
5866.935246  	-0.031399 
5868.366904  	-0.031723 
5869.798562  	-0.031098 
5871.230220  	-0.031763 
5872.661878  	-0.033915 
5874.093537  	-0.033584 
5875.525195  	-0.032186 
5876.956853  	-0.031143 
5878.388511  	-0.030438 
5879.820169  	-0.031672 
5881.251828  	-0.032846 
5882.683486  	-0.031815 
5884.115144  	-0.029501 
5885.546802  	-0.027927 
5886.978460  	-0.030914 
5888.410119  	-0.035558 
5889.841777  	-0.035169 
5891.273435  	-0.033304 
5892.705093  	-0.033842 
5894.136751  	-0.033802 
5895.568409  	-0.033717 
5897.000068  	-0.034184 
5898.431726  	-0.032526 
5899.863384  	-0.031097 
5901.295042  	-0.032607 
5902.726700  	-0.033054 
5904.158359  	-0.030307 
5905.590017  	-0.029143 
5907.021675  	-0.031287 
5908.453333  	-0.033010 
5909.884991  	-0.033263 
5911.316650  	-0.033607 
5912.748308  	-0.034022 
5914.179966  	-0.033110 
5915.611624  	-0.031161 
5917.043282  	-0.031484 
5918.474940  	-0.033201 
5919.906599  	-0.032284 
5921.338257  	-0.031574 
5922.769915  	-0.032893 
5924.201573  	-0.032584 
5925.633231  	-0.032253 
5927.064890  	-0.033653 
5928.496548  	-0.034733 
5929.928206  	-0.035309 
5931.359864  	-0.033813 
5932.791522  	-0.031534 
5934.223180  	-0.034090 
5935.654839  	-0.037687 
5937.086497  	-0.035675 
5938.518155  	-0.032127 
5939.949813  	-0.031851 
5941.381471  	-0.032799 
5942.813130  	-0.033079 
5944.244788  	-0.033699 
5945.676446  	-0.034256 
5947.108104  	-0.033379 
5948.539762  	-0.032541 
5949.971421  	-0.032830 
5951.403079  	-0.033381 
5952.834737  	-0.034455 
5954.266395  	-0.034578 
5955.698053  	-0.032288 
5957.129711  	-0.031473 
5958.561370  	-0.033490 
5959.993028  	-0.033615 
5961.424686  	-0.031400 
5962.856344  	-0.031645 
5964.288002  	-0.034251 
5965.719661  	-0.034296 
5967.151319  	-0.031309 
5968.582977  	-0.030511 
5970.014635  	-0.033670 
5971.446293  	-0.036230 
5972.877951  	-0.036060 
5974.309610  	-0.035922 
5975.741268  	-0.035849 
5977.172926  	-0.033973 
5978.604584  	-0.031605 
5980.036242  	-0.030247 
5981.467901  	-0.031237 
5982.899559  	-0.034451 
5984.331217  	-0.036421 
5985.762875  	-0.036742 
5987.194533  	-0.036212 
5988.626192  	-0.033692 
5990.057850  	-0.032967 
5991.489508  	-0.034801 
5992.921166  	-0.034744 
5994.352824  	-0.034287 
5995.784482  	-0.032823 
5997.216141  	-0.029609 
5998.647799  	-0.030836 
6000.079457  	-0.033420 
6001.511115  	-0.032155 
6002.942773  	-0.032303 
6004.374432  	-0.033800 
6005.806090  	-0.033308 
6007.237748  	-0.032957 
6008.669406  	-0.032996 
6010.101064  	-0.033615 
6011.532723  	-0.034713 
6012.964381  	-0.034879 
6014.396039  	-0.034798 
6015.827697  	-0.034553 
6017.259355  	-0.035438 
6018.691013  	-0.036806 
6020.122672  	-0.034552 
6021.554330  	-0.032872 
6022.985988  	-0.034054 
6024.417646  	-0.032035 
6025.849304  	-0.028829 
6027.280963  	-0.029308 
6028.712621  	-0.033267 
6030.144279  	-0.037273 
6031.575937  	-0.035548 
6033.007595  	-0.033278 
6034.439253  	-0.035569 
6035.870912  	-0.033324 
6037.302570  	-0.028569 
6038.734228  	-0.030882 
6040.165886  	-0.035425 
6041.597544  	-0.036188 
6043.029203  	-0.033155 
6044.460861  	-0.031336 
6045.892519  	-0.035766 
6047.324177  	-0.038250 
6048.755835  	-0.035316 
6050.187494  	-0.034902 
6051.619152  	-0.034734 
6053.050810  	-0.031909 
6054.482468  	-0.031421 
6055.914126  	-0.032924 
6057.345784  	-0.034668 
6058.777443  	-0.035899 
6060.209101  	-0.035071 
6061.640759  	-0.034714 
6063.072417  	-0.035112 
6064.504075  	-0.034478 
6065.935734  	-0.034359 
6067.367392  	-0.034239 
6068.799050  	-0.033171 
6070.230708  	-0.032611 
6071.662366  	-0.031468 
6073.094025  	-0.030202 
6074.525683  	-0.032146 
6075.957341  	-0.034634 
6077.388999  	-0.033770 
6078.820657  	-0.033363 
6080.252315  	-0.035227 
6081.683974  	-0.036085 
6083.115632  	-0.035974 
6084.547290  	-0.034152 
6085.978948  	-0.030158 
6087.410606  	-0.029202 
6088.842265  	-0.031386 
6090.273923  	-0.031662 
6091.705581  	-0.030014 
6093.137239  	-0.029938 
6094.568897  	-0.033823 
6096.000555  	-0.036686 
6097.432214  	-0.032770 
6098.863872  	-0.029752 
6100.295530  	-0.032563 
6101.727188  	-0.034708 
6103.158846  	-0.034554 
6104.590505  	-0.032626 
6106.022163  	-0.029292 
6107.453821  	-0.028979 
6108.885479  	-0.031009 
6110.317137  	-0.032059 
6111.748796  	-0.032254 
6113.180454  	-0.032608 
6114.612112  	-0.033755 
6116.043770  	-0.032581 
6117.475428  	-0.030406 
6118.907086  	-0.034080 
6120.338745  	-0.037497 
6121.770403  	-0.033306 
6123.202061  	-0.029892 
6124.633719  	-0.032098 
6126.065377  	-0.033979 
6127.497036  	-0.033099 
6128.928694  	-0.033312 
6130.360352  	-0.034488 
6131.792010  	-0.032415 
6133.223668  	-0.031124 
6134.655327  	-0.033808 
6136.086985  	-0.033690 
6137.518643  	-0.032216 
6138.950301  	-0.033721 
6140.381959  	-0.033449 
6141.813617  	-0.032396 
6143.245276  	-0.033203 
6144.676934  	-0.033040 
6146.108592  	-0.033669 
6147.540250  	-0.035598 
6148.971908  	-0.035764 
6150.403567  	-0.035324 
6151.835225  	-0.036427 
6153.266883  	-0.038295 
6154.698541  	-0.037242 
6156.130199  	-0.033428 
6157.561857  	-0.031726 
6158.993516  	-0.031713 
6160.425174  	-0.032312 
6161.856832  	-0.033272 
6163.288490  	-0.031755 
6164.720148  	-0.031604 
6166.151807  	-0.035218 
6167.583465  	-0.036362 
6169.015123  	-0.034760 
6170.446781  	-0.033832 
6171.878439  	-0.034765 
6173.310098  	-0.037400 
6174.741756  	-0.037062 
6176.173414  	-0.034786 
6177.605072  	-0.035909 
6179.036730  	-0.036771 
6180.468388  	-0.034991 
6181.900047  	-0.033964 
6183.331705  	-0.034421 
6184.763363  	-0.034628 
6186.195021  	-0.032567 
6187.626679  	-0.030738 
6189.058338  	-0.032444 
6190.489996  	-0.034617 
6191.921654  	-0.035727 
6193.353312  	-0.034737 
6194.784970  	-0.031695 
6196.216628  	-0.033800 
6197.648287  	-0.038912 
6199.079945  	-0.036672 
6200.511603  	-0.031354 
6201.943261  	-0.030420 
6203.374919  	-0.031264 
6204.806578  	-0.032827 
6206.238236  	-0.035165 
6207.669894  	-0.036066 
6209.101552  	-0.035740 
6210.533210  	-0.034175 
6211.964869  	-0.031249 
6213.396527  	-0.031215 
6214.828185  	-0.034431 
6216.259843  	-0.033911 
6217.691501  	-0.030662 
6219.123159  	-0.031641 
6220.554818  	-0.033182 
6221.986476  	-0.031346 
6223.418134  	-0.030565 
6224.849792  	-0.031500 
6226.281450  	-0.032397 
6227.713109  	-0.033895 
6229.144767  	-0.033848 
6230.576425  	-0.031418 
6232.008083  	-0.030913 
6233.439741  	-0.034412 
6234.871400  	-0.036569 
6236.303058  	-0.034105 
6237.734716  	-0.033312 
6239.166374  	-0.035146 
6240.598032  	-0.034063 
6242.029690  	-0.034680 
6243.461349  	-0.038020 
6244.893007  	-0.035274 
6246.324665  	-0.030504 
6247.756323  	-0.032591 
6249.187981  	-0.036530 
6250.619640  	-0.037351 
6252.051298  	-0.037066 
6253.482956  	-0.035140 
6254.914614  	-0.031413 
6256.346272  	-0.029196 
6257.777930  	-0.029539 
6259.209589  	-0.031544 
6260.641247  	-0.033789 
6262.072905  	-0.033413 
6263.504563  	-0.031664 
6264.936221  	-0.031177 
6266.367880  	-0.030243 
6267.799538  	-0.030280 
6269.231196  	-0.031873 
6270.662854  	-0.031588 
6272.094512  	-0.032803 
6273.526171  	-0.036171 
6274.957829  	-0.036114 
6276.389487  	-0.035957 
6277.821145  	-0.037501 
6279.252803  	-0.036853 
6280.684461  	-0.036877 
6282.116120  	-0.037596 
6283.547778  	-0.035849 
6284.979436  	-0.033945 
6286.411094  	-0.033625 
6287.842752  	-0.034671 
6289.274411  	-0.034523 
6290.706069  	-0.030683 
6292.137727  	-0.028298 
6293.569385  	-0.031437 
6295.001043  	-0.035827 
6296.432702  	-0.035635 
6297.864360  	-0.032616 
6299.296018  	-0.033898 
6300.727676  	-0.037087 
6302.159334  	-0.037433 
6303.590992  	-0.038501 
6305.022651  	-0.039057 
6306.454309  	-0.037731 
6307.885967  	-0.037540 
6309.317625  	-0.035564 
6310.749283  	-0.035081 
6312.180942  	-0.037684 
6313.612600  	-0.034696 
6315.044258  	-0.030733 
6316.475916  	-0.030354 
6317.907574  	-0.027436 
6319.339232  	-0.028532 
6320.770891  	-0.035943 
6322.202549  	-0.038084 
6323.634207  	-0.035536 
6325.065865  	-0.034278 
6326.497523  	-0.033905 
6327.929182  	-0.033287 
6329.360840  	-0.032400 
6330.792498  	-0.032574 
6332.224156  	-0.033048 
6333.655814  	-0.032682 
6335.087473  	-0.031973 
6336.519131  	-0.030804 
6337.950789  	-0.033114 
6339.382447  	-0.037996 
6340.814105  	-0.037216 
6342.245763  	-0.033799 
6343.677422  	-0.034237 
6345.109080  	-0.036672 
6346.540738  	-0.038487 
6347.972396  	-0.036636 
6349.404054  	-0.033834 
6350.835713  	-0.035766 
6352.267371  	-0.038477 
6353.699029  	-0.038428 
6355.130687  	-0.035657 
6356.562345  	-0.030162 
6357.994003  	-0.028902 
6359.425662  	-0.034778 
6360.857320  	-0.040340 
6362.288978  	-0.041388 
6363.720636  	-0.039444 
6365.152294  	-0.037065 
6366.583953  	-0.034445 
6368.015611  	-0.033415 
6369.447269  	-0.035858 
6370.878927  	-0.036425 
6372.310585  	-0.034314 
6373.742244  	-0.034040 
6375.173902  	-0.033966 
6376.605560  	-0.035342 
6378.037218  	-0.037238 
6379.468876  	-0.033710 
6380.900534  	-0.031049 
6382.332193  	-0.033824 
6383.763851  	-0.035535 
6385.195509  	-0.034328 
6386.627167  	-0.031838 
6388.058825  	-0.030995 
6389.490484  	-0.031865 
6390.922142  	-0.031251 
6392.353800  	-0.032761 
6393.785458  	-0.034765 
6395.217116  	-0.033806 
6396.648775  	-0.036269 
6398.080433  	-0.036328 
6399.512091  	-0.029233 
6400.943749  	-0.028511 
6402.375407  	-0.032871 
6403.807065  	-0.033229 
6405.238724  	-0.034859 
6406.670382  	-0.036565 
6408.102040  	-0.034498 
6409.533698  	-0.033411 
6410.965356  	-0.034033 
6412.397015  	-0.034664 
6413.828673  	-0.035332 
6415.260331  	-0.035226 
6416.691989  	-0.033623 
6418.123647  	-0.030694 
6419.555305  	-0.030619 
6420.986964  	-0.034830 
6422.418622  	-0.035628 
6423.850280  	-0.031110 
6425.281938  	-0.029890 
6426.713596  	-0.033417 
6428.145255  	-0.035241 
6429.576913  	-0.035295 
6431.008571  	-0.035422 
6432.440229  	-0.035981 
6433.871887  	-0.038716 
6435.303546  	-0.038401 
6436.735204  	-0.032896 
6438.166862  	-0.032427 
6439.598520  	-0.033811 
6441.030178  	-0.031317 
6442.461836  	-0.034598 
6443.893495  	-0.038576 
6445.325153  	-0.034960 
6446.756811  	-0.033592 
6448.188469  	-0.034244 
6449.620127  	-0.034545 
6451.051786  	-0.037439 
6452.483444  	-0.034960 
6453.915102  	-0.031899 
6455.346760  	-0.037752 
6456.778418  	-0.041125 
6458.210077  	-0.039668 
6459.641735  	-0.039681 
6461.073393  	-0.036374 
6462.505051  	-0.032700 
6463.936709  	-0.034081 
6465.368367  	-0.035059 
6466.800026  	-0.034687 
6468.231684  	-0.035606 
6469.663342  	-0.034728 
6471.095000  	-0.032584 
6472.526658  	-0.033966 
6473.958317  	-0.035210 
6475.389975  	-0.031673 
6476.821633  	-0.029828 
6478.253291  	-0.031523 
6479.684949  	-0.030884 
6481.116607  	-0.030382 
6482.548266  	-0.032379 
6483.979924  	-0.033329 
6485.411582  	-0.031861 
6486.843240  	-0.029426 
6488.274898  	-0.028398 
6489.706557  	-0.030057 
6491.138215  	-0.034302 
6492.569873  	-0.037889 
6494.001531  	-0.034602 
6495.433189  	-0.029509 
6496.864848  	-0.030400 
6498.296506  	-0.031907 
6499.728164  	-0.034199 
6501.159822  	-0.037801 
6502.591480  	-0.036099 
6504.023138  	-0.034054 
6505.454797  	-0.034281 
6506.886455  	-0.032863 
6508.318113  	-0.033975 
6509.749771  	-0.034878 
6511.181429  	-0.034905 
6512.613088  	-0.037980 
6514.044746  	-0.035284 
6515.476404  	-0.029798 
6516.908062  	-0.031952 
6518.339720  	-0.033502 
6519.771379  	-0.032485 
6521.203037  	-0.036405 
6522.634695  	-0.040186 
6524.066353  	-0.038996 
6525.498011  	-0.037115 
6526.929669  	-0.038664 
6528.361328  	-0.039722 
6529.792986  	-0.036616 
6531.224644  	-0.035400 
6532.656302  	-0.035416 
6534.087960  	-0.033384 
6535.519619  	-0.033196 
6536.951277  	-0.032723 
6538.382935  	-0.031690 
6539.814593  	-0.032894 
6541.246251  	-0.032976 
6542.677909  	-0.033905 
6544.109568  	-0.034251 
6545.541226  	-0.031109 
6546.972884  	-0.032736 
6548.404542  	-0.036785 
6549.836200  	-0.037302 
6551.267859  	-0.039135 
6552.699517  	-0.038089 
6554.131175  	-0.033365 
6555.562833  	-0.032419 
6556.994491  	-0.031770 
6558.426150  	-0.030188 
6559.857808  	-0.031950 
6561.289466  	-0.035365 
6562.721124  	-0.037549 
6564.152782  	-0.038052 
6565.584440  	-0.039060 
6567.016099  	-0.037841 
6568.447757  	-0.032077 
6569.879415  	-0.030229 
6571.311073  	-0.032135 
6572.742731  	-0.032435 
6574.174390  	-0.033853 
6575.606048  	-0.032822 
6577.037706  	-0.031074 
6578.469364  	-0.035217 
6579.901022  	-0.036919 
6581.332680  	-0.034247 
6582.764339  	-0.034666 
6584.195997  	-0.036987 
6585.627655  	-0.040522 
6587.059313  	-0.041580 
6588.490971  	-0.035479 
6589.922630  	-0.031076 
6591.354288  	-0.034382 
6592.785946  	-0.036916 
6594.217604  	-0.032296 
6595.649262  	-0.030103 
6597.080921  	-0.034285 
6598.512579  	-0.031089 
6599.944237  	-0.026247 
6601.375895  	-0.033285 
6602.807553  	-0.036852 
6604.239211  	-0.032306 
6605.670870  	-0.033369 
6607.102528  	-0.036247 
6608.534186  	-0.037365 
6609.965844  	-0.039062 
6611.397502  	-0.039252 
6612.829161  	-0.039482 
6614.260819  	-0.039147 
6615.692477  	-0.038884 
6617.124135  	-0.039167 
6618.555793  	-0.035000 
6619.987452  	-0.032412 
6621.419110  	-0.034741 
6622.850768  	-0.034073 
6624.282426  	-0.031207 
6625.714084  	-0.027172 
6627.145742  	-0.023838 
6628.577401  	-0.027623 
6630.009059  	-0.032182 
6631.440717  	-0.029558 
6632.872375  	-0.024090 
6634.304033  	-0.024080 
6635.735692  	-0.030224 
6637.167350  	-0.030876 
6638.599008  	-0.027515 
6640.030666  	-0.031760 
6641.462324  	-0.034352 
6642.893982  	-0.033037 
6644.325641  	-0.036554 
6645.757299  	-0.035662 
6647.188957  	-0.030478 
6648.620615  	-0.030912 
6650.052273  	-0.032616 
6651.483932  	-0.033637 
6652.915590  	-0.035361 
6654.347248  	-0.035860 
6655.778906  	-0.035242 
6657.210564  	-0.032743 
6658.642223  	-0.031274 
6660.073881  	-0.031090 
6661.505539  	-0.029301 
6662.937197  	-0.031825 
6664.368855  	-0.039363 
6665.800513  	-0.042007 
6667.232172  	-0.037439 
6668.663830  	-0.032820 
6670.095488  	-0.034769 
6671.527146  	-0.036551 
6672.958804  	-0.032309 
6674.390463  	-0.031726 
6675.822121  	-0.034613 
6677.253779  	-0.033527 
6678.685437  	-0.033373 
6680.117095  	-0.035579 
6681.548754  	-0.037441 
6682.980412  	-0.037059 
6684.412070  	-0.033261 
6685.843728  	-0.032452 
6687.275386  	-0.033571 
6688.707044  	-0.030618 
6690.138703  	-0.029614 
6691.570361  	-0.032768 
6693.002019  	-0.036864 
6694.433677  	-0.039560 
6695.865335  	-0.035496 
6697.296994  	-0.030545 
6698.728652  	-0.031978 
6700.160310  	-0.033951 
6701.591968  	-0.036193 
6703.023626  	-0.041119 
6704.455284  	-0.042335 
6705.886943  	-0.037250 
6707.318601  	-0.032152 
6708.750259  	-0.033365 
6710.181917  	-0.037979 
6711.613575  	-0.040363 
6713.045234  	-0.039614 
6714.476892  	-0.036034 
6715.908550  	-0.035521 
6717.340208  	-0.039874 
6718.771866  	-0.040527 
6720.203525  	-0.038270 
6721.635183  	-0.036099 
6723.066841  	-0.032218 
6724.498499  	-0.032459 
6725.930157  	-0.037129 
6727.361815  	-0.038613 
6728.793474  	-0.035116 
6730.225132  	-0.030828 
6731.656790  	-0.034365 
6733.088448  	-0.039081 
6734.520106  	-0.034105 
6735.951765  	-0.032963 
6737.383423  	-0.037685 
6738.815081  	-0.033962 
6740.246739  	-0.030460 
6741.678397  	-0.034170 
6743.110056  	-0.036409 
6744.541714  	-0.037687 
6745.973372  	-0.041460 
6747.405030  	-0.042997 
6748.836688  	-0.037296 
6750.268346  	-0.032167 
6751.700005  	-0.037470 
6753.131663  	-0.040866 
6754.563321  	-0.034899 
6755.994979  	-0.034362 
6757.426637  	-0.039335 
6758.858296  	-0.037974 
6760.289954  	-0.032134 
6761.721612  	-0.027281 
6763.153270  	-0.025963 
6764.584928  	-0.028446 
6766.016586  	-0.032492 
6767.448245  	-0.035530 
6768.879903  	-0.036750 
6770.311561  	-0.036424 
6771.743219  	-0.031663 
6773.174877  	-0.025823 
6774.606536  	-0.027973 
6776.038194  	-0.032396 
6777.469852  	-0.032874 
6778.901510  	-0.034230 
6780.333168  	-0.036486 
6781.764827  	-0.039952 
6783.196485  	-0.041295 
6784.628143  	-0.035677 
6786.059801  	-0.034483 
6787.491459  	-0.038431 
6788.923117  	-0.037042 
6790.354776  	-0.037018 
6791.786434  	-0.037925 
6793.218092  	-0.034574 
6794.649750  	-0.036808 
6796.081408  	-0.040168 
6797.513067  	-0.035520 
6798.944725  	-0.032348 
6800.376383  	-0.033376 
6801.808041  	-0.032262 
6803.239699  	-0.031452 
6804.671357  	-0.032785 
6806.103016  	-0.033875 
6807.534674  	-0.036160 
6808.966332  	-0.039366 
6810.397990  	-0.040053 
6811.829648  	-0.039520 
6813.261307  	-0.037535 
6814.692965  	-0.031667 
6816.124623  	-0.028275 
6817.556281  	-0.029356 
6818.987939  	-0.029974 
6820.419598  	-0.031180 
6821.851256  	-0.032806 
6823.282914  	-0.037396 
6824.714572  	-0.045502 
6826.146230  	-0.045505 
6827.577888  	-0.041727 
6829.009547  	-0.044054 
6830.441205  	-0.041830 
6831.872863  	-0.036032 
6833.304521  	-0.033789 
6834.736179  	-0.031025 
6836.167838  	-0.030836 
6837.599496  	-0.032100 
6839.031154  	-0.030625 
6840.462812  	-0.032525 
6841.894470  	-0.035963 
6843.326129  	-0.037643 
6844.757787  	-0.039179 
6846.189445  	-0.038029 
6847.621103  	-0.037201 
6849.052761  	-0.037343 
6850.484419  	-0.036848 
6851.916078  	-0.038063 
6853.347736  	-0.035845 
6854.779394  	-0.035273 
6856.211052  	-0.042256 
6857.642710  	-0.041585 
6859.074369  	-0.034314 
6860.506027  	-0.033865 
6861.937685  	-0.037157 
6863.369343  	-0.040132 
6864.801001  	-0.038923 
6866.232659  	-0.033557 
6867.664318  	-0.032644 
6869.095976  	-0.033382 
6870.527634  	-0.034235 
6871.959292  	-0.036147 
6873.390950  	-0.036590 
6874.822609  	-0.039190 
6876.254267  	-0.038401 
6877.685925  	-0.030774 
6879.117583  	-0.031916 
6880.549241  	-0.039892 
6881.980900  	-0.041032 
6883.412558  	-0.036339 
6884.844216  	-0.032399 
6886.275874  	-0.036724 
6887.707532  	-0.044088 
6889.139190  	-0.042312 
6890.570849  	-0.036714 
6892.002507  	-0.035211 
6893.434165  	-0.037929 
6894.865823  	-0.037561 
6896.297481  	-0.028818 
6897.729140  	-0.026885 
6899.160798  	-0.035086 
6900.592456  	-0.038676 
6902.024114  	-0.040913 
6903.455772  	-0.043016 
6904.887431  	-0.038217 
6906.319089  	-0.033990 
6907.750747  	-0.033436 
6909.182405  	-0.032879 
6910.614063  	-0.031980 
6912.045721  	-0.029931 
6913.477380  	-0.029202 
6914.909038  	-0.031363 
6916.340696  	-0.036039 
6917.772354  	-0.036878 
6919.204012  	-0.028607 
6920.635671  	-0.028002 
6922.067329  	-0.037772 
6923.498987  	-0.037001 
6924.930645  	-0.030458 
6926.362303  	-0.029302 
6927.793961  	-0.030522 
6929.225620  	-0.035519 
6930.657278  	-0.038676 
6932.088936  	-0.038723 
6933.520594  	-0.041971 
6934.952252  	-0.041228 
6936.383911  	-0.036925 
6937.815569  	-0.035888 
6939.247227  	-0.037347 
6940.678885  	-0.038966 
6942.110543  	-0.033235 
6943.542202  	-0.027537 
6944.973860  	-0.032025 
6946.405518  	-0.033211 
6947.837176  	-0.032240 
6949.268834  	-0.034526 
6950.700492  	-0.028358 
6952.132151  	-0.024867 
6953.563809  	-0.033178 
6954.995467  	-0.038791 
6956.427125  	-0.038178 
6957.858783  	-0.035104 
6959.290442  	-0.032796 
6960.722100  	-0.032488 
6962.153758  	-0.031435 
6963.585416  	-0.035146 
6965.017074  	-0.039711 
6966.448732  	-0.039906 
6967.880391  	-0.045667 
6969.312049  	-0.045287 
6970.743707  	-0.035263 
6972.175365  	-0.036716 
6973.607023  	-0.041522 
6975.038682  	-0.038804 
6976.470340  	-0.039721 
6977.901998  	-0.042864 
6979.333656  	-0.041849 
6980.765314  	-0.035483 
6982.196973  	-0.030023 
6983.628631  	-0.033373 
6985.060289  	-0.036629 
6986.491947  	-0.037059 
6987.923605  	-0.039214 
6989.355263  	-0.037189 
6990.786922  	-0.033124 
6992.218580  	-0.030293 
6993.650238  	-0.030975 
6995.081896  	-0.038895 
6996.513554  	-0.042105 
6997.945213  	-0.040239 
6999.376871  	-0.043100 
7000.808529  	-0.040092 
7002.240187  	-0.032969 
7003.671845  	-0.032776 
7005.103504  	-0.034254 
7006.535162  	-0.037254 
7007.966820  	-0.039149 
7009.398478  	-0.037150 
7010.830136  	-0.038180 
7012.261794  	-0.035090 
7013.693453  	-0.029050 
7015.125111  	-0.034090 
7016.556769  	-0.041972 
7017.988427  	-0.041630 
7019.420085  	-0.038371 
7020.851744  	-0.038977 
7022.283402  	-0.040335 
7023.715060  	-0.036062 
7025.146718  	-0.036537 
7026.578376  	-0.042011 
7028.010034  	-0.034634 
7029.441693  	-0.027853 
7030.873351  	-0.037008 
7032.305009  	-0.042208 
7033.736667  	-0.037578 
7035.168325  	-0.035393 
7036.599984  	-0.036877 
7038.031642  	-0.038403 
7039.463300  	-0.038505 
7040.894958  	-0.036511 
7042.326616  	-0.029745 
7043.758275  	-0.023335 
7045.189933  	-0.027515 
7046.621591  	-0.034665 
7048.053249  	-0.035587 
7049.484907  	-0.035505 
7050.916565  	-0.035717 
7052.348224  	-0.038739 
7053.779882  	-0.040730 
7055.211540  	-0.034332 
7056.643198  	-0.032815 
7058.074856  	-0.038308 
7059.506515  	-0.034390 
7060.938173  	-0.030011 
7062.369831  	-0.036184 
7063.801489  	-0.039703 
7065.233147  	-0.033448 
7066.664806  	-0.028655 
7068.096464  	-0.032739 
7069.528122  	-0.037484 
7070.959780  	-0.037713 
7072.391438  	-0.036496 
7073.823096  	-0.032811 
7075.254755  	-0.034189 
7076.686413  	-0.043129 
7078.118071  	-0.044805 
7079.549729  	-0.041098 
7080.981387  	-0.042257 
7082.413046  	-0.042685 
7083.844704  	-0.038650 
7085.276362  	-0.033621 
7086.708020  	-0.032140 
7088.139678  	-0.036509 
7089.571336  	-0.038899 
7091.002995  	-0.035830 
7092.434653  	-0.033549 
7093.866311  	-0.033781 
7095.297969  	-0.033428 
7096.729627  	-0.033101 
7098.161286  	-0.036513 
7099.592944  	-0.039497 
7101.024602  	-0.035110 
7102.456260  	-0.031252 
7103.887918  	-0.035142 
7105.319577  	-0.039995 
7106.751235  	-0.038476 
7108.182893  	-0.029966 
7109.614551  	-0.026230 
7111.046209  	-0.030105 
7112.477867  	-0.030182 
7113.909526  	-0.030458 
7115.341184  	-0.036435 
7116.772842  	-0.035171 
7118.204500  	-0.028514 
7119.636158  	-0.030697 
7121.067817  	-0.037050 
7122.499475  	-0.038481 
7123.931133  	-0.034569 
7125.362791  	-0.031133 
7126.794449  	-0.030164 
7128.226108  	-0.027627 
7129.657766  	-0.027247 
7131.089424  	-0.032144 
7132.521082  	-0.035144 
7133.952740  	-0.032197 
7135.384398  	-0.028590 
7136.816057  	-0.030476 
7138.247715  	-0.033829 
7139.679373  	-0.036266 
7141.111031  	-0.041253 
7142.542689  	-0.039726 
7143.974348  	-0.031984 
7145.406006  	-0.034803 
7146.837664  	-0.043082 
7148.269322  	-0.043544 
7149.700980  	-0.039751 
7151.132638  	-0.035183 
7152.564297  	-0.035385 
7153.995955  	-0.038160 
7155.427613  	-0.035369 
7156.859271  	-0.031422 
7158.290929  	-0.028657 
7159.722588  	-0.028485 
7161.154246  	-0.035462 
7162.585904  	-0.039284 
7164.017562  	-0.033648 
7165.449220  	-0.029057 
7166.880879  	-0.031241 
7168.312537  	-0.036195 
7169.744195  	-0.034265 
7171.175853  	-0.031439 
7172.607511  	-0.035235 
7174.039169  	-0.033120 
7175.470828  	-0.029740 
7176.902486  	-0.036530 
7178.334144  	-0.038233 
7179.765802  	-0.034117 
7181.197460  	-0.034510 
7182.629119  	-0.034677 
7184.060777  	-0.038739 
7185.492435  	-0.044912 
7186.924093  	-0.043473 
7188.355751  	-0.039357 
7189.787409  	-0.034532 
7191.219068  	-0.030892 
7192.650726  	-0.034501 
7194.082384  	-0.037844 
7195.514042  	-0.036644 
7196.945700  	-0.037394 
7198.377359  	-0.042271 
7199.809017  	-0.046442 
7201.240675  	-0.041700 
7202.672333  	-0.033869 
7204.103991  	-0.034839 
7205.535650  	-0.037555 
7206.967308  	-0.035511 
7208.398966  	-0.036463 
7209.830624  	-0.038467 
7211.262282  	-0.034543 
7212.693940  	-0.030920 
7214.125599  	-0.035501 
7215.557257  	-0.037999 
7216.988915  	-0.029661 
7218.420573  	-0.024006 
7219.852231  	-0.024075 
7221.283890  	-0.021734 
7222.715548  	-0.022890 
7224.147206  	-0.032394 
7225.578864  	-0.044072 
7227.010522  	-0.047674 
7228.442181  	-0.039903 
7229.873839  	-0.035119 
7231.305497  	-0.039449 
7232.737155  	-0.043869 
7234.168813  	-0.041894 
7235.600471  	-0.032874 
7237.032130  	-0.030319 
7238.463788  	-0.040301 
7239.895446  	-0.041732 
7241.327104  	-0.034481 
7242.758762  	-0.039288 
7244.190421  	-0.044350 
7245.622079  	-0.040336 
7247.053737  	-0.038590 
7248.485395  	-0.036778 
7249.917053  	-0.035911 
7251.348711  	-0.039744 
7252.780370  	-0.039481 
7254.212028  	-0.035197 
7255.643686  	-0.036904 
7257.075344  	-0.040576 
7258.507002  	-0.038313 
7259.938661  	-0.035522 
7261.370319  	-0.037787 
7262.801977  	-0.034703 
7264.233635  	-0.029053 
7265.665293  	-0.035283 
7267.096952  	-0.043039 
7268.528610  	-0.041369 
7269.960268  	-0.041356 
7271.391926  	-0.043005 
7272.823584  	-0.041625 
7274.255242  	-0.044806 
7275.686901  	-0.046275 
7277.118559  	-0.040684 
7278.550217  	-0.039522 
7279.981875  	-0.039767 
7281.413533  	-0.037918 
7282.845192  	-0.044791 
7284.276850  	-0.049438 
7285.708508  	-0.042769 
7287.140166  	-0.041339 
7288.571824  	-0.045907 
7290.003483  	-0.042933 
7291.435141  	-0.036930 
7292.866799  	-0.035043 
7294.298457  	-0.037400 
7295.730115  	-0.040481 
7297.161773  	-0.043842 
7298.593432  	-0.048972 
7300.025090  	-0.046196 
7301.456748  	-0.039618 
7302.888406  	-0.042919 
7304.320064  	-0.039831 
7305.751723  	-0.029512 
7307.183381  	-0.031640 
7308.615039  	-0.035116 
7310.046697  	-0.032290 
7311.478355  	-0.033448 
7312.910013  	-0.034939 
7314.341672  	-0.038239 
7315.773330  	-0.041276 
7317.204988  	-0.039258 
7318.636646  	-0.045285 
7320.068304  	-0.049586 
7321.499963  	-0.038949 
7322.931621  	-0.037613 
7324.363279  	-0.044845 
7325.794937  	-0.036894 
7327.226595  	-0.027345 
7328.658254  	-0.032308 
7330.089912  	-0.036168 
7331.521570  	-0.034946 
7332.953228  	-0.039263 
7334.384886  	-0.039903 
7335.816544  	-0.035767 
7337.248203  	-0.039637 
7338.679861  	-0.038553 
7340.111519  	-0.028146 
7341.543177  	-0.036113 
7342.974835  	-0.048545 
7344.406494  	-0.044200 
7345.838152  	-0.040468 
7347.269810  	-0.035694 
7348.701468  	-0.027785 
7350.133126  	-0.031090 
7351.564785  	-0.040062 
7352.996443  	-0.048197 
7354.428101  	-0.052596 
7355.859759  	-0.046982 
7357.291417  	-0.038735 
7358.723075  	-0.030384 
7360.154734  	-0.028367 
7361.586392  	-0.037174 
7363.018050  	-0.038341 
7364.449708  	-0.032087 
7365.881366  	-0.026491 
7367.313025  	-0.018877 
7368.744683  	-0.025415 
7370.176341  	-0.038357 
7371.607999  	-0.036619 
7373.039657  	-0.037622 
7374.471315  	-0.041400 
7375.902974  	-0.039216 
7377.334632  	-0.046518 
7378.766290  	-0.049674 
7380.197948  	-0.040121 
7381.629606  	-0.037518 
7383.061265  	-0.041172 
7384.492923  	-0.044151 
7385.924581  	-0.041159 
7387.356239  	-0.029640 
7388.787897  	-0.031926 
7390.219556  	-0.049605 
7391.651214  	-0.054605 
7393.082872  	-0.045153 
7394.514530  	-0.036527 
7395.946188  	-0.031663 
7397.377846  	-0.029727 
7398.809505  	-0.032499 
7400.241163  	-0.037463 
7401.672821  	-0.039219 
7403.104479  	-0.039057 
7404.536137  	-0.038184 
7405.967796  	-0.036395 
7407.399454  	-0.039205 
7408.831112  	-0.043045 
7410.262770  	-0.045271 
7411.694428  	-0.049783 
7413.126086  	-0.049133 
7414.557745  	-0.043146 
7415.989403  	-0.044934 
7417.421061  	-0.049555 
7418.852719  	-0.048272 
7420.284377  	-0.040314 
7421.716036  	-0.033459 
7423.147694  	-0.036482 
7424.579352  	-0.043794 
7426.011010  	-0.047528 
7427.442668  	-0.044442 
7428.874327  	-0.033377 
7430.305985  	-0.032115 
7431.737643  	-0.046461 
7433.169301  	-0.052797 
7434.600959  	-0.049252 
7436.032617  	-0.042723 
7437.464276  	-0.032502 
7438.895934  	-0.031614 
7440.327592  	-0.037104 
7441.759250  	-0.035863 
7443.190908  	-0.036878 
7444.622567  	-0.040314 
7446.054225  	-0.036003 
7447.485883  	-0.036474 
7448.917541  	-0.047458 
7450.349199  	-0.049866 
7451.780858  	-0.041252 
7453.212516  	-0.039841 
7454.644174  	-0.043812 
7456.075832  	-0.042149 
7457.507490  	-0.038225 
7458.939148  	-0.031554 
7460.370807  	-0.026928 
7461.802465  	-0.035879 
7463.234123  	-0.046202 
7464.665781  	-0.039536 
7466.097439  	-0.027373 
7467.529098  	-0.030960 
7468.960756  	-0.046440 
7470.392414  	-0.053706 
7471.824072  	-0.052263 
7473.255730  	-0.055801 
7474.687388  	-0.053334 
7476.119047  	-0.042325 
7477.550705  	-0.042147 
7478.982363  	-0.050218 
7480.414021  	-0.053654 
7481.845679  	-0.053254 
7483.277338  	-0.048150 
7484.708996  	-0.040768 
7486.140654  	-0.036889 
7487.572312  	-0.035831 
7489.003970  	-0.033222 
7490.435629  	-0.027036 
7491.867287  	-0.023952 
7493.298945  	-0.026519 
7494.730603  	-0.032174 
7496.162261  	-0.041380 
7497.593919  	-0.045681 
7499.025578  	-0.039397 
7500.457236  	-0.036133 
7501.888894  	-0.041695 
7503.320552  	-0.048180 
7504.752210  	-0.048393 
7506.183869  	-0.037993 
7507.615527  	-0.026956 
7509.047185  	-0.027725 
7510.478843  	-0.032150 
7511.910501  	-0.029436 
7513.342160  	-0.028527 
7514.773818  	-0.032484 
7516.205476  	-0.030872 
7517.637134  	-0.032811 
7519.068792  	-0.044344 
7520.500450  	-0.045548 
7521.932109  	-0.038764 
7523.363767  	-0.038765 
7524.795425  	-0.039737 
7526.227083  	-0.048057 
7527.658741  	-0.061309 
7529.090400  	-0.059711 
7530.522058  	-0.049523 
7531.953716  	-0.037528 
7533.385374  	-0.030390 
7534.817032  	-0.040776 
7536.248690  	-0.046399 
7537.680349  	-0.040468 
7539.112007  	-0.040710 
7540.543665  	-0.040243 
7541.975323  	-0.041659 
7543.406981  	-0.048187 
7544.838640  	-0.047824 
7546.270298  	-0.052480 
7547.701956  	-0.055230 
7549.133614  	-0.041208 
7550.565272  	-0.034287 
7551.996931  	-0.033940 
7553.428589  	-0.031015 
7554.860247  	-0.043666 
7556.291905  	-0.055969 
7557.723563  	-0.053831 
7559.155221  	-0.052659 
7560.586880  	-0.054276 
7562.018538  	-0.058198 
7563.450196  	-0.061098 
7564.881854  	-0.058775 
7566.313512  	-0.058101 
7567.745171  	-0.051292 
7569.176829  	-0.039442 
7570.608487  	-0.039399 
7572.040145  	-0.047752 
7573.471803  	-0.051523 
7574.903461  	-0.044860 
7576.335120  	-0.038578 
7577.766778  	-0.043939 
7579.198436  	-0.043193 
7580.630094  	-0.034576 
7582.061752  	-0.036527 
7583.493411  	-0.038938 
7584.925069  	-0.042312 
7586.356727  	-0.047937 
7587.788385  	-0.033249 
7589.220043  	-0.021510 
7590.651702  	-0.038968 
7592.083360  	-0.055797 
7593.515018  	-0.054307 
7594.946676  	-0.046581 
7596.378334  	-0.039858 
7597.809992  	-0.038519 
7599.241651  	-0.043030 
7600.673309  	-0.048991 
7602.104967  	-0.050267 
7603.536625  	-0.051788 
7604.968283  	-0.062754 
7606.399942  	-0.069602 
7607.831600  	-0.063374 
7609.263258  	-0.056611 
7610.694916  	-0.050446 
7612.126574  	-0.044372 
7613.558233  	-0.041093 
7614.989891  	-0.038899 
7616.421549  	-0.041321 
7617.853207  	-0.044816 
7619.284865  	-0.049759 
7620.716523  	-0.053186 
7622.148182  	-0.040383 
7623.579840  	-0.031330 
7625.011498  	-0.044156 
7626.443156  	-0.048334 
7627.874814  	-0.042315 
7629.306473  	-0.038760 
7630.738131  	-0.028723 
7632.169789  	-0.026926 
7633.601447  	-0.039083 
7635.033105  	-0.039377 
7636.464763  	-0.037701 
7637.896422  	-0.045309 
7639.328080  	-0.049991 
7640.759738  	-0.054833 
7642.191396  	-0.056082 
7643.623054  	-0.045858 
7645.054713  	-0.036678 
7646.486371  	-0.035289 
7647.918029  	-0.032635 
7649.349687  	-0.031107 
7650.781345  	-0.033473 
7652.213004  	-0.029334 
7653.644662  	-0.021672 
7655.076320  	-0.028687 
7656.507978  	-0.037776 
7657.939636  	-0.029637 
7659.371294  	-0.025156 
7660.802953  	-0.037296 
7662.234611  	-0.044785 
7663.666269  	-0.040984 
7665.097927  	-0.044054 
7666.529585  	-0.050378 
7667.961244  	-0.044153 
7669.392902  	-0.036134 
7670.824560  	-0.036325 
7672.256218  	-0.032602 
7673.687876  	-0.031870 
7675.119535  	-0.041765 
7676.551193  	-0.044943 
7677.982851  	-0.040507 
7679.414509  	-0.041861 
7680.846167  	-0.043260 
7682.277825  	-0.040530 
7683.709484  	-0.030981 
7685.141142  	-0.025327 
7686.572800  	-0.035342 
7688.004458  	-0.045721 
7689.436116  	-0.050873 
7690.867775  	-0.056527 
7692.299433  	-0.051070 
7693.731091  	-0.045094 
7695.162749  	-0.051428 
7696.594407  	-0.054649 
7698.026065  	-0.053898 
7699.457724  	-0.052499 
7700.889382  	-0.050006 
7702.321040  	-0.053743 
7703.752698  	-0.056875 
7705.184356  	-0.053906 
7706.616015  	-0.051119 
7708.047673  	-0.048503 
7709.479331  	-0.049647 
7710.910989  	-0.051141 
7712.342647  	-0.048107 
7713.774306  	-0.052725 
7715.205964  	-0.052943 
7716.637622  	-0.040140 
7718.069280  	-0.042380 
7719.500938  	-0.056944 
7720.932596  	-0.064482 
7722.364255  	-0.065725 
7723.795913  	-0.060750 
7725.227571  	-0.055961 
7726.659229  	-0.050861 
7728.090887  	-0.038705 
7729.522546  	-0.031325 
7730.954204  	-0.033280 
7732.385862  	-0.041580 
7733.817520  	-0.052652 
7735.249178  	-0.049288 
7736.680837  	-0.047204 
7738.112495  	-0.052477 
7739.544153  	-0.044663 
7740.975811  	-0.038916 
7742.407469  	-0.043063 
7743.839127  	-0.032169 
7745.270786  	-0.023933 
7746.702444  	-0.031132 
7748.134102  	-0.036629 
7749.565760  	-0.049692 
7750.997418  	-0.066049 
7752.429077  	-0.066945 
7753.860735  	-0.061161 
7755.292393  	-0.050964 
7756.724051  	-0.043094 
7758.155709  	-0.044399 
7759.587367  	-0.047257 
7761.019026  	-0.057046 
7762.450684  	-0.064402 
7763.882342  	-0.049924 
7765.314000  	-0.037980 
7766.745658  	-0.049819 
7768.177317  	-0.066439 
7769.608975  	-0.059280 
7771.040633  	-0.033084 
7772.472291  	-0.021747 
7773.903949  	-0.033814 
7775.335608  	-0.037461 
7776.767266  	-0.042321 
7778.198924  	-0.055619 
7779.630582  	-0.056511 
7781.062240  	-0.064232 
7782.493898  	-0.078536 
7783.925557  	-0.062779 
7785.357215  	-0.039870 
7786.788873  	-0.040707 
7788.220531  	-0.045761 
7789.652189  	-0.050759 
7791.083848  	-0.051939 
7792.515506  	-0.039135 
7793.947164  	-0.037647 
7795.378822  	-0.054201 
7796.810480  	-0.054683 
7798.242138  	-0.043075 
7799.673797  	-0.041702 
7801.105455  	-0.044363 
7802.537113  	-0.048044 
7803.968771  	-0.047864 
7805.400429  	-0.036655 
7806.832088  	-0.030993 
7808.263746  	-0.032952 
7809.695404  	-0.034400 
7811.127062  	-0.039362 
7812.558720  	-0.044340 
7813.990379  	-0.043503 
7815.422037  	-0.049806 
7816.853695  	-0.065544 
7818.285353  	-0.069179 
7819.717011  	-0.052699 
7821.148669  	-0.031214 
7822.580328  	-0.024674 
7824.011986  	-0.032833 
7825.443644  	-0.045935 
7826.875302  	-0.054464 
7828.306960  	-0.050660 
7829.738619  	-0.043029 
7831.170277  	-0.043778 
7832.601935  	-0.048494 
7834.033593  	-0.044499 
7835.465251  	-0.034681 
7836.896910  	-0.037752 
7838.328568  	-0.053916 
7839.760226  	-0.064877 
7841.191884  	-0.057230 
7842.623542  	-0.042605 
7844.055200  	-0.038400 
7845.486859  	-0.043694 
7846.918517  	-0.047277 
7848.350175  	-0.044527 
7849.781833  	-0.037553 
7851.213491  	-0.033834 
7852.645150  	-0.040350 
7854.076808  	-0.043752 
7855.508466  	-0.037782 
7856.940124  	-0.033570 
7858.371782  	-0.032540 
7859.803440  	-0.035516 
7861.235099  	-0.051748 
7862.666757  	-0.059868 
7864.098415  	-0.053108 
7865.530073  	-0.044652 
7866.961731  	-0.039371 
7868.393390  	-0.049147 
7869.825048  	-0.063711 
7871.256706  	-0.060674 
7872.688364  	-0.049787 
7874.120022  	-0.038869 
7875.551681  	-0.030953 
7876.983339  	-0.043028 
7878.414997  	-0.060936 
7879.846655  	-0.053285 
7881.278313  	-0.030905 
7882.709971  	-0.028074 
7884.141630  	-0.041674 
7885.573288  	-0.054558 
7887.004946  	-0.061946 
7888.436604  	-0.055739 
7889.868262  	-0.036426 
7891.299921  	-0.030580 
7892.731579  	-0.041569 
7894.163237  	-0.050462 
7895.594895  	-0.060802 
7897.026553  	-0.061472 
7898.458212  	-0.039507 
7899.889870  	-0.027874 