##TITLE=No Description
##DATA TYPE=INFRARED SPECTRUM
##XUNITS=1/CM
##YUNITS=Abs
349.324597  	-0.246542 
350.756256  	-0.594114 
352.187914  	-0.379511 
353.619572  	-0.302635 
355.051230  	-0.250449 
356.482888  	-0.173200 
357.914546  	-0.168199 
359.346205  	-0.036320 
360.777863  	0.059665 
362.209521  	0.100083 
363.641179  	0.087641 
365.072837  	0.050849 
366.504496  	0.062758 
367.936154  	0.111196 
369.367812  	0.082884 
370.799470  	0.068196 
372.231128  	0.081239 
373.662787  	0.074045 
375.094445  	0.217473 
376.526103  	0.202937 
377.957761  	0.088888 
379.389419  	0.062181 
380.821077  	0.068868 
382.252736  	0.062856 
383.684394  	0.074114 
385.116052  	0.102321 
386.547710  	0.118757 
387.979368  	0.133786 
389.411027  	0.138977 
390.842685  	0.117969 
392.274343  	0.098188 
393.706001  	0.088979 
395.137659  	0.087253 
396.569317  	0.085631 
398.000976  	0.082924 
399.432634  	0.064227 
400.864292  	0.069097 
402.295950  	0.071295 
403.727608  	0.052229 
405.159267  	0.034535 
406.590925  	0.036329 
408.022583  	0.048840 
409.454241  	0.061700 
410.885899  	0.057985 
412.317558  	0.047130 
413.749216  	0.046034 
415.180874  	0.043882 
416.612532  	0.040814 
418.044190  	0.034498 
419.475848  	0.022832 
420.907507  	0.029320 
422.339165  	0.028508 
423.770823  	0.028023 
425.202481  	0.044911 
426.634139  	0.044912 
428.065798  	0.033686 
429.497456  	0.039459 
430.929114  	0.043752 
432.360772  	0.041728 
433.792430  	0.048508 
435.224089  	0.057639 
436.655747  	0.062113 
438.087405  	0.057463 
439.519063  	0.052271 
440.950721  	0.059992 
442.382379  	0.070091 
443.814038  	0.070042 
445.245696  	0.064740 
446.677354  	0.057985 
448.109012  	0.061459 
449.540670  	0.068650 
450.972329  	0.064895 
452.403987  	0.060593 
453.835645  	0.065340 
455.267303  	0.071242 
456.698961  	0.073262 
458.130619  	0.072847 
459.562278  	0.076130 
460.993936  	0.079967 
462.425594  	0.083218 
463.857252  	0.086666 
465.288910  	0.081226 
466.720569  	0.073712 
468.152227  	0.077847 
469.583885  	0.080892 
471.015543  	0.079708 
472.447201  	0.081194 
473.878860  	0.082170 
475.310518  	0.086968 
476.742176  	0.092245 
478.173834  	0.091232 
479.605492  	0.093331 
481.037150  	0.099125 
482.468809  	0.101580 
483.900467  	0.102402 
485.332125  	0.100849 
486.763783  	0.100781 
488.195441  	0.106953 
489.627100  	0.112234 
491.058758  	0.111959 
492.490416  	0.112290 
493.922074  	0.119408 
495.353732  	0.128994 
496.785391  	0.135508 
498.217049  	0.143839 
499.648707  	0.155980 
501.080365  	0.169959 
502.512023  	0.191434 
503.943681  	0.219440 
505.375340  	0.251652 
506.806998  	0.286471 
508.238656  	0.301030 
509.670314  	0.286981 
511.101972  	0.262634 
512.533631  	0.242415 
513.965289  	0.232696 
515.396947  	0.222749 
516.828605  	0.200081 
518.260263  	0.176327 
519.691921  	0.159316 
521.123580  	0.141873 
522.555238  	0.127288 
523.986896  	0.118464 
525.418554  	0.110141 
526.850212  	0.100843 
528.281871  	0.094301 
529.713529  	0.091587 
531.145187  	0.090108 
532.576845  	0.088845 
534.008503  	0.089391 
535.440162  	0.089723 
536.871820  	0.088297 
538.303478  	0.088369 
539.735136  	0.090028 
541.166794  	0.090539 
542.598452  	0.090290 
544.030111  	0.090393 
545.461769  	0.090215 
546.893427  	0.089741 
548.325085  	0.090068 
549.756743  	0.091258 
551.188402  	0.092916 
552.620060  	0.093922 
554.051718  	0.092844 
555.483376  	0.091856 
556.915034  	0.093243 
558.346692  	0.094620 
559.778351  	0.094577 
561.210009  	0.094389 
562.641667  	0.095500 
564.073325  	0.098398 
565.504983  	0.099728 
566.936642  	0.097793 
568.368300  	0.096577 
569.799958  	0.097749 
571.231616  	0.099830 
572.663274  	0.102235 
574.094933  	0.104144 
575.526591  	0.105808 
576.958249  	0.108224 
578.389907  	0.110961 
579.821565  	0.112901 
581.253223  	0.113006 
582.684882  	0.112491 
584.116540  	0.112322 
585.548198  	0.111223 
586.979856  	0.110656 
588.411514  	0.112254 
589.843173  	0.113934 
591.274831  	0.114258 
592.706489  	0.113674 
594.138147  	0.113396 
595.569805  	0.114824 
597.001464  	0.117830 
598.433122  	0.121246 
599.864780  	0.125223 
601.296438  	0.131039 
602.728096  	0.138530 
604.159754  	0.146854 
605.591413  	0.156977 
607.023071  	0.168604 
608.454729  	0.177622 
609.886387  	0.180670 
611.318045  	0.178251 
612.749704  	0.171160 
614.181362  	0.163051 
615.613020  	0.157237 
617.044678  	0.151605 
618.476336  	0.146092 
619.907994  	0.142945 
621.339653  	0.142344 
622.771311  	0.143239 
624.202969  	0.144735 
625.634627  	0.147012 
627.066285  	0.149274 
628.497944  	0.150899 
629.929602  	0.153369 
631.361260  	0.156362 
632.792918  	0.158874 
634.224576  	0.162575 
635.656235  	0.166627 
637.087893  	0.167472 
638.519551  	0.166649 
639.951209  	0.167643 
641.382867  	0.169344 
642.814525  	0.169557 
644.246184  	0.169285 
645.677842  	0.169913 
647.109500  	0.170474 
648.541158  	0.170227 
649.972816  	0.170261 
651.404475  	0.171305 
652.836133  	0.172568 
654.267791  	0.173161 
655.699449  	0.173342 
657.131107  	0.173036 
658.562766  	0.171834 
659.994424  	0.171468 
661.426082  	0.172206 
662.857740  	0.170997 
664.289398  	0.169315 
665.721056  	0.170330 
667.152715  	0.170916 
668.584373  	0.166749 
670.016031  	0.165356 
671.447689  	0.165617 
672.879347  	0.164106 
674.311006  	0.161497 
675.742664  	0.159206 
677.174322  	0.157322 
678.605980  	0.155111 
680.037638  	0.152720 
681.469296  	0.151515 
682.900955  	0.149709 
684.332613  	0.146356 
685.764271  	0.144032 
687.195929  	0.141791 
688.627587  	0.138638 
690.059246  	0.136990 
691.490904  	0.135395 
692.922562  	0.132071 
694.354220  	0.129409 
695.785878  	0.128042 
697.217537  	0.126841 
698.649195  	0.126121 
700.080853  	0.126195 
701.512511  	0.126793 
702.944169  	0.127678 
704.375827  	0.129083 
705.807486  	0.131202 
707.239144  	0.132219 
708.670802  	0.130384 
710.102460  	0.127401 
711.534118  	0.124892 
712.965777  	0.122636 
714.397435  	0.120622 
715.829093  	0.118476 
717.260751  	0.116863 
718.692409  	0.117053 
720.124067  	0.117487 
721.555726  	0.117173 
722.987384  	0.117325 
724.419042  	0.117247 
725.850700  	0.116733 
727.282358  	0.116852 
728.714017  	0.117058 
730.145675  	0.117317 
731.577333  	0.117689 
733.008991  	0.117663 
734.440649  	0.118275 
735.872308  	0.119740 
737.303966  	0.121919 
738.735624  	0.125921 
740.167282  	0.131062 
741.598940  	0.136787 
743.030598  	0.143750 
744.462257  	0.150898 
745.893915  	0.157471 
747.325573  	0.162999 
748.757231  	0.166084 
750.188889  	0.166813 
751.620548  	0.166357 
753.052206  	0.165463 
754.483864  	0.164731 
755.915522  	0.164542 
757.347180  	0.165870 
758.778839  	0.170013 
760.210497  	0.177151 
761.642155  	0.187492 
763.073813  	0.201812 
764.505471  	0.219965 
765.937129  	0.239778 
767.368788  	0.257611 
768.800446  	0.269986 
770.232104  	0.274000 
771.663762  	0.267207 
773.095420  	0.248553 
774.527079  	0.223404 
775.958737  	0.199098 
777.390395  	0.177376 
778.822053  	0.159643 
780.253711  	0.147260 
781.685369  	0.136874 
783.117028  	0.125086 
784.548686  	0.112525 
785.980344  	0.100374 
787.412002  	0.089450 
788.843660  	0.081042 
790.275319  	0.075364 
791.706977  	0.072120 
793.138635  	0.071394 
794.570293  	0.072428 
796.001951  	0.074768 
797.433610  	0.078605 
798.865268  	0.084203 
800.296926  	0.092220 
801.728584  	0.101904 
803.160242  	0.112190 
804.591900  	0.123296 
806.023559  	0.134807 
807.455217  	0.146740 
808.886875  	0.159799 
810.318533  	0.172986 
811.750191  	0.184752 
813.181850  	0.194602 
814.613508  	0.201683 
816.045166  	0.203798 
817.476824  	0.199126 
818.908482  	0.187201 
820.340141  	0.170385 
821.771799  	0.153241 
823.203457  	0.138057 
824.635115  	0.125751 
826.066773  	0.116867 
827.498431  	0.110199 
828.930090  	0.105117 
830.361748  	0.102186 
831.793406  	0.100705 
833.225064  	0.099629 
834.656722  	0.098865 
836.088381  	0.098449 
837.520039  	0.098953 
838.951697  	0.100914 
840.383355  	0.103912 
841.815013  	0.107689 
843.246671  	0.112037 
844.678330  	0.116492 
846.109988  	0.120407 
847.541646  	0.122433 
848.973304  	0.121973 
850.404962  	0.119256 
851.836621  	0.114459 
853.268279  	0.108560 
854.699937  	0.102867 
856.131595  	0.098300 
857.563253  	0.095105 
858.994912  	0.092638 
860.426570  	0.090688 
861.858228  	0.089083 
863.289886  	0.086080 
864.721544  	0.080506 
866.153202  	0.073000 
867.584861  	0.064442 
869.016519  	0.055664 
870.448177  	0.047325 
871.879835  	0.039847 
873.311493  	0.034127 
874.743152  	0.030279 
876.174810  	0.027472 
877.606468  	0.025680 
879.038126  	0.024874 
880.469784  	0.024746 
881.901443  	0.025229 
883.333101  	0.025879 
884.764759  	0.026280 
886.196417  	0.026469 
887.628075  	0.027074 
889.059733  	0.028261 
890.491392  	0.029020 
891.923050  	0.029600 
893.354708  	0.030763 
894.786366  	0.031910 
896.218024  	0.033219 
897.649683  	0.034700 
899.081341  	0.035682 
900.512999  	0.037105 
901.944657  	0.039329 
903.376315  	0.041472 
904.807973  	0.043746 
906.239632  	0.046819 
907.671290  	0.051223 
909.102948  	0.056877 
910.534606  	0.063085 
911.966264  	0.069307 
913.397923  	0.073885 
914.829581  	0.075216 
916.261239  	0.073673 
917.692897  	0.070207 
919.124555  	0.065695 
920.556214  	0.061384 
921.987872  	0.058453 
923.419530  	0.057279 
924.851188  	0.057210 
926.282846  	0.057890 
927.714504  	0.059442 
929.146163  	0.061535 
930.577821  	0.064277 
932.009479  	0.067446 
933.441137  	0.070273 
934.872795  	0.073224 
936.304454  	0.076692 
937.736112  	0.080494 
939.167770  	0.084345 
940.599428  	0.087351 
942.031086  	0.089888 
943.462744  	0.092735 
944.894403  	0.095315 
946.326061  	0.097930 
947.757719  	0.101056 
949.189377  	0.104242 
950.621035  	0.107557 
952.052694  	0.110876 
953.484352  	0.114145 
954.916010  	0.117688 
956.347668  	0.120926 
957.779326  	0.123403 
959.210985  	0.125160 
960.642643  	0.126256 
962.074301  	0.126787 
963.505959  	0.126150 
964.937617  	0.124292 
966.369275  	0.122521 
967.800934  	0.121371 
969.232592  	0.120573 
970.664250  	0.120502 
972.095908  	0.121402 
973.527566  	0.122928 
974.959225  	0.125065 
976.390883  	0.128125 
977.822541  	0.131619 
979.254199  	0.134551 
980.685857  	0.136526 
982.117516  	0.137239 
983.549174  	0.136392 
984.980832  	0.133963 
986.412490  	0.130517 
987.844148  	0.127271 
989.275806  	0.124651 
990.707465  	0.122930 
992.139123  	0.122811 
993.570781  	0.123571 
995.002439  	0.124621 
996.434097  	0.126790 
997.865756  	0.129695 
999.297414  	0.132912 
1000.729072  	0.136784 
1002.160730  	0.140710 
1003.592388  	0.145123 
1005.024046  	0.150603 
1006.455705  	0.156177 
1007.887363  	0.162317 
1009.319021  	0.170055 
1010.750679  	0.179310 
1012.182337  	0.190633 
1013.613996  	0.206005 
1015.045654  	0.227971 
1016.477312  	0.252335 
1017.908970  	0.264168 
1019.340628  	0.252929 
1020.772287  	0.226314 
1022.203945  	0.200173 
1023.635603  	0.182245 
1025.067261  	0.174025 
1026.498919  	0.175084 
1027.930577  	0.181998 
1029.362236  	0.191269 
1030.793894  	0.201762 
1032.225552  	0.212059 
1033.657210  	0.221837 
1035.088868  	0.231236 
1036.520527  	0.238880 
1037.952185  	0.245985 
1039.383843  	0.253510 
1040.815501  	0.260969 
1042.247159  	0.270154 
1043.678818  	0.281081 
1045.110476  	0.293610 
1046.542134  	0.308835 
1047.973792  	0.324874 
1049.405450  	0.342223 
1050.837108  	0.361737 
1052.268767  	0.381536 
1053.700425  	0.402962 
1055.132083  	0.424384 
1056.563741  	0.444169 
1057.995399  	0.464035 
1059.427058  	0.480101 
1060.858716  	0.492789 
1062.290374  	0.502879 
1063.722032  	0.507231 
1065.153690  	0.510708 
1066.585348  	0.512757 
1068.017007  	0.512008 
1069.448665  	0.512935 
1070.880323  	0.511963 
1072.311981  	0.510576 
1073.743639  	0.511405 
1075.175298  	0.509003 
1076.606956  	0.504726 
1078.038614  	0.496891 
1079.470272  	0.483013 
1080.901930  	0.466049 
1082.333589  	0.441301 
1083.765247  	0.409772 
1085.196905  	0.376652 
1086.628563  	0.343511 
1088.060221  	0.317686 
1089.491879  	0.303206 
1090.923538  	0.297197 
1092.355196  	0.297464 
1093.786854  	0.300878 
1095.218512  	0.305749 
1096.650170  	0.312386 
1098.081829  	0.318308 
1099.513487  	0.324431 
1100.945145  	0.331813 
1102.376803  	0.337727 
1103.808461  	0.342219 
1105.240120  	0.343320 
1106.671778  	0.340234 
1108.103436  	0.336253 
1109.535094  	0.330200 
1110.966752  	0.321078 
1112.398410  	0.308651 
1113.830069  	0.292709 
1115.261727  	0.276328 
1116.693385  	0.259989 
1118.125043  	0.243977 
1119.556701  	0.229711 
1120.988360  	0.215636 
1122.420018  	0.201394 
1123.851676  	0.187302 
1125.283334  	0.172458 
1126.714992  	0.157713 
1128.146650  	0.143835 
1129.578309  	0.130736 
1131.009967  	0.118699 
1132.441625  	0.107715 
1133.873283  	0.097808 
1135.304941  	0.089284 
1136.736600  	0.082087 
1138.168258  	0.075932 
1139.599916  	0.070785 
1141.031574  	0.066419 
1142.463232  	0.062653 
1143.894891  	0.059606 
1145.326549  	0.057026 
1146.758207  	0.054733 
1148.189865  	0.052565 
1149.621523  	0.050462 
1151.053181  	0.049011 
1152.484840  	0.048087 
1153.916498  	0.047447 
1155.348156  	0.047405 
1156.779814  	0.047500 
1158.211472  	0.048000 
1159.643131  	0.049466 
1161.074789  	0.051207 
1162.506447  	0.053412 
1163.938105  	0.056374 
1165.369763  	0.059764 
1166.801421  	0.063893 
1168.233080  	0.068614 
1169.664738  	0.074059 
1171.096396  	0.080544 
1172.528054  	0.087771 
1173.959712  	0.096318 
1175.391371  	0.106303 
1176.823029  	0.117948 
1178.254687  	0.131954 
1179.686345  	0.146395 
1181.118003  	0.158960 
1182.549662  	0.168725 
1183.981320  	0.176904 
1185.412978  	0.186500 
1186.844636  	0.198131 
1188.276294  	0.212156 
1189.707952  	0.228903 
1191.139611  	0.246824 
1192.571269  	0.266648 
1194.002927  	0.288181 
1195.434585  	0.311218 
1196.866243  	0.338735 
1198.297902  	0.368910 
1199.729560  	0.400211 
1201.161218  	0.431413 
1202.592876  	0.455520 
1204.024534  	0.472076 
1205.456193  	0.480085 
1206.887851  	0.479602 
1208.319509  	0.479897 
1209.751167  	0.484077 
1211.182825  	0.495514 
1212.614483  	0.517112 
1214.046142  	0.542062 
1215.477800  	0.567974 
1216.909458  	0.589584 
1218.341116  	0.600245 
1219.772774  	0.604459 
1221.204433  	0.598928 
1222.636091  	0.586625 
1224.067749  	0.573805 
1225.499407  	0.555847 
1226.931065  	0.537713 
1228.362723  	0.520344 
1229.794382  	0.499587 
1231.226040  	0.479404 
1232.657698  	0.456971 
1234.089356  	0.431680 
1235.521014  	0.406579 
1236.952673  	0.378344 
1238.384331  	0.348865 
1239.815989  	0.320213 
1241.247647  	0.292036 
1242.679305  	0.267408 
1244.110964  	0.246922 
1245.542622  	0.231592 
1246.974280  	0.224199 
1248.405938  	0.223517 
1249.837596  	0.226965 
1251.269254  	0.231195 
1252.700913  	0.230221 
1254.132571  	0.221806 
1255.564229  	0.206440 
1256.995887  	0.185827 
1258.427545  	0.163925 
1259.859204  	0.142919 
1261.290862  	0.124099 
1262.722520  	0.108545 
1264.154178  	0.096136 
1265.585836  	0.086660 
1267.017495  	0.080117 
1268.449153  	0.075975 
1269.880811  	0.073755 
1271.312469  	0.072993 
1272.744127  	0.072798 
1274.175785  	0.072825 
1275.607444  	0.072536 
1277.039102  	0.071632 
1278.470760  	0.070688 
1279.902418  	0.069426 
1281.334076  	0.067904 
1282.765735  	0.066745 
1284.197393  	0.065665 
1285.629051  	0.065229 
1287.060709  	0.065991 
1288.492367  	0.067760 
1289.924025  	0.071495 
1291.355684  	0.077366 
1292.787342  	0.085110 
1294.219000  	0.095193 
1295.650658  	0.107565 
1297.082316  	0.122996 
1298.513975  	0.141762 
1299.945633  	0.163916 
1301.377291  	0.189368 
1302.808949  	0.215651 
1304.240607  	0.241727 
1305.672266  	0.263955 
1307.103924  	0.278360 
1308.535582  	0.285018 
1309.967240  	0.281567 
1311.398898  	0.270850 
1312.830556  	0.255950 
1314.262215  	0.238833 
1315.693873  	0.224878 
1317.125531  	0.212125 
1318.557189  	0.195725 
1319.988847  	0.174372 
1321.420506  	0.149478 
1322.852164  	0.125643 
1324.283822  	0.105199 
1325.715480  	0.088719 
1327.147138  	0.075808 
1328.578796  	0.065708 
1330.010455  	0.058289 
1331.442113  	0.052678 
1332.873771  	0.048989 
1334.305429  	0.046961 
1335.737087  	0.045777 
1337.168746  	0.045655 
1338.600404  	0.045881 
1340.032062  	0.046140 
1341.463720  	0.046361 
1342.895378  	0.046027 
1344.327037  	0.045951 
1345.758695  	0.046234 
1347.190353  	0.046754 
1348.622011  	0.048348 
1350.053669  	0.050746 
1351.485327  	0.053911 
1352.916986  	0.057595 
1354.348644  	0.061047 
1355.780302  	0.064674 
1357.211960  	0.067783 
1358.643618  	0.070171 
1360.075277  	0.072483 
1361.506935  	0.074154 
1362.938593  	0.075616 
1364.370251  	0.077120 
1365.801909  	0.078019 
1367.233568  	0.078522 
1368.665226  	0.078166 
1370.096884  	0.077117 
1371.528542  	0.075845 
1372.960200  	0.073954 
1374.391858  	0.071473 
1375.823517  	0.068815 
1377.255175  	0.066270 
1378.686833  	0.063646 
1380.118491  	0.060714 
1381.550149  	0.057941 
1382.981808  	0.056026 
1384.413466  	0.055138 
1385.845124  	0.054877 
1387.276782  	0.055077 
1388.708440  	0.054825 
1390.140098  	0.053997 
1391.571757  	0.052992 
1393.003415  	0.052263 
1394.435073  	0.052513 
1395.866731  	0.053951 
1397.298389  	0.056599 
1398.730048  	0.061026 
1400.161706  	0.067084 
1401.593364  	0.074827 
1403.025022  	0.085551 
1404.456680  	0.101522 
1405.888339  	0.126216 
1407.319997  	0.157946 
1408.751655  	0.195341 
1410.183313  	0.239645 
1411.614971  	0.276702 
1413.046629  	0.290608 
1414.478288  	0.280535 
1415.909946  	0.243904 
1417.341604  	0.200112 
1418.773262  	0.153168 
1420.204920  	0.099367 
1421.636579  	0.073284 
1423.068237  	0.059370 
1424.499895  	0.047320 
1425.931553  	0.045321 
1427.363211  	0.046754 
1428.794870  	0.050562 
1430.226528  	0.058633 
1431.658186  	0.065121 
1433.089844  	0.070961 
1434.521502  	0.074951 
1435.953160  	0.075209 
1437.384819  	0.071882 
1438.816477  	0.067415 
1440.248135  	0.063623 
1441.679793  	0.061744 
1443.111451  	0.062544 
1444.543110  	0.066091 
1445.974768  	0.069775 
1447.406426  	0.070572 
1448.838084  	0.069760 
1450.269742  	0.068391 
1451.701400  	0.067136 
1453.133059  	0.067531 
1454.564717  	0.068213 
1455.996375  	0.068881 
1457.428033  	0.068880 
1458.859691  	0.066609 
1460.291350  	0.067382 
1461.723008  	0.070196 
1463.154666  	0.073220 
1464.586324  	0.077874 
1466.017982  	0.082358 
1467.449641  	0.086245 
1468.881299  	0.091018 
1470.312957  	0.094842 
1471.744615  	0.099694 
1473.176273  	0.106331 
1474.607931  	0.111565 
1476.039590  	0.119333 
1477.471248  	0.125539 
1478.902906  	0.125590 
1480.334564  	0.120440 
1481.766222  	0.109325 
1483.197881  	0.100162 
1484.629539  	0.093137 
1486.061197  	0.087360 
1487.492855  	0.085426 
1488.924513  	0.082634 
1490.356172  	0.082785 
1491.787830  	0.086962 
1493.219488  	0.090309 
1494.651146  	0.097897 
1496.082804  	0.107438 
1497.514462  	0.117131 
1498.946121  	0.132706 
1500.377779  	0.146381 
1501.809437  	0.162505 
1503.241095  	0.183351 
1504.672753  	0.199806 
1506.104412  	0.222875 
1507.536070  	0.262805 
1508.967728  	0.288718 
1510.399386  	0.322818 
1511.831044  	0.352839 
1513.262702  	0.375893 
1514.694361  	0.400874 
1516.126019  	0.411450 
1517.557677  	0.427561 
1518.989335  	0.452023 
1520.420993  	0.462964 
1521.852652  	0.494841 
1523.284310  	0.511722 
1524.715968  	0.516953 
1526.147626  	0.531600 
1527.579284  	0.519496 
1529.010943  	0.511179 
1530.442601  	0.502457 
1531.874259  	0.479496 
1533.305917  	0.460876 
1534.737575  	0.422757 
1536.169233  	0.395022 
1537.600892  	0.380018 
1539.032550  	0.342913 
1540.464208  	0.298949 
1541.895866  	0.268204 
1543.327524  	0.235328 
1544.759183  	0.210307 
1546.190841  	0.179547 
1547.622499  	0.156251 
1549.054157  	0.138753 
1550.485815  	0.113214 
1551.917473  	0.095549 
1553.349132  	0.083309 
1554.780790  	0.066441 
1556.212448  	0.056118 
1557.644106  	0.050319 
1559.075764  	0.040211 
1560.507423  	0.031052 
1561.939081  	0.027409 
1563.370739  	0.025122 
1564.802397  	0.022912 
1566.234055  	0.020261 
1567.665714  	0.018609 
1569.097372  	0.016811 
1570.529030  	0.014134 
1571.960688  	0.012558 
1573.392346  	0.011992 
1574.824004  	0.011972 
1576.255663  	0.012771 
1577.687321  	0.014552 
1579.118979  	0.016399 
1580.550637  	0.019813 
1581.982295  	0.025298 
1583.413954  	0.032253 
1584.845612  	0.043057 
1586.277270  	0.057335 
1587.708928  	0.075448 
1589.140586  	0.099704 
1590.572245  	0.125013 
1592.003903  	0.151619 
1593.435561  	0.175142 
1594.867219  	0.187656 
1596.298877  	0.194466 
1597.730535  	0.189762 
1599.162194  	0.177379 
1600.593852  	0.163672 
1602.025510  	0.145246 
1603.457168  	0.129445 
1604.888826  	0.117335 
1606.320485  	0.107062 
1607.752143  	0.101841 
1609.183801  	0.098331 
1610.615459  	0.096563 
1612.047117  	0.096360 
1613.478775  	0.092253 
1614.910434  	0.087876 
1616.342092  	0.079649 
1617.773750  	0.063121 
1619.205408  	0.052940 
1620.637066  	0.043137 
1622.068725  	0.033668 
1623.500383  	0.028271 
1624.932041  	0.022606 
1626.363699  	0.019991 
1627.795357  	0.019879 
1629.227016  	0.018076 
1630.658674  	0.018732 
1632.090332  	0.020241 
1633.521990  	0.020622 
1634.953648  	0.023492 
1636.385306  	0.024473 
1637.816965  	0.022510 
1639.248623  	0.021456 
1640.680281  	0.017984 
1642.111939  	0.016404 
1643.543597  	0.015695 
1644.975256  	0.013577 
1646.406914  	0.014975 
1647.838572  	0.014645 
1649.270230  	0.013820 
1650.701888  	0.015889 
1652.133547  	0.015217 
1653.565205  	0.017138 
1654.996863  	0.020297 
1656.428521  	0.019513 
1657.860179  	0.022791 
1659.291837  	0.025218 
1660.723496  	0.026603 
1662.155154  	0.031489 
1663.586812  	0.033130 
1665.018470  	0.036041 
1666.450128  	0.041041 
1667.881787  	0.042919 
1669.313445  	0.049215 
1670.745103  	0.055258 
1672.176761  	0.059016 
1673.608419  	0.068690 
1675.040077  	0.075852 
1676.471736  	0.087029 
1677.903394  	0.101291 
1679.335052  	0.110278 
1680.766710  	0.128291 
1682.198368  	0.146549 
1683.630027  	0.156820 
1685.061685  	0.195182 
1686.493343  	0.219042 
1687.925001  	0.240339 
1689.356659  	0.278471 
1690.788318  	0.310053 
1692.219976  	0.347416 
1693.651634  	0.389801 
1695.083292  	0.415382 
1696.514950  	0.451490 
1697.946608  	0.474906 
1699.378267  	0.469634 
1700.809925  	0.439868 
1702.241583  	0.409127 
1703.673241  	0.384890 
1705.104899  	0.352040 
1706.536558  	0.313719 
1707.968216  	0.284373 
1709.399874  	0.261511 
1710.831532  	0.239923 
1712.263190  	0.220507 
1713.694849  	0.206590 
1715.126507  	0.191102 
1716.558165  	0.176542 
1717.989823  	0.166428 
1719.421481  	0.153706 
1720.853139  	0.148848 
1722.284798  	0.147726 
1723.716456  	0.145348 
1725.148114  	0.146812 
1726.579772  	0.148950 
1728.011430  	0.148805 
1729.443089  	0.147904 
1730.874747  	0.141224 
1732.306405  	0.133529 
1733.738063  	0.124010 
1735.169721  	0.099163 
1736.601379  	0.086536 
1738.033038  	0.076103 
1739.464696  	0.058904 
1740.896354  	0.045537 
1742.328012  	0.034034 
1743.759670  	0.023194 
1745.191329  	0.016593 
1746.622987  	0.008744 
1748.054645  	0.004238 
1749.486303  	0.001208 
1750.917961  	-0.004464 
1752.349620  	-0.005346 
1753.781278  	-0.007542 
1755.212936  	-0.009751 
1756.644594  	-0.009160 
1758.076252  	-0.011795 
1759.507910  	-0.012484 
1760.939569  	-0.011724 
1762.371227  	-0.014020 
1763.802885  	-0.013450 
1765.234543  	-0.013710 
1766.666201  	-0.015031 
1768.097860  	-0.013824 
1769.529518  	-0.015097 
1770.961176  	-0.015325 
1772.392834  	-0.013436 
1773.824492  	-0.015562 
1775.256150  	-0.014982 
1776.687809  	-0.014577 
1778.119467  	-0.015864 
1779.551125  	-0.014819 
1780.982783  	-0.015398 
1782.414441  	-0.016104 
1783.846100  	-0.015109 
1785.277758  	-0.016101 
1786.709416  	-0.015565 
1788.141074  	-0.014976 
1789.572732  	-0.016135 
1791.004391  	-0.015374 
1792.436049  	-0.015778 
1793.867707  	-0.016384 
1795.299365  	-0.015315 
1796.731023  	-0.016507 
1798.162681  	-0.016425 
1799.594340  	-0.015661 
1801.025998  	-0.017009 
1802.457656  	-0.016502 
1803.889314  	-0.016871 
1805.320972  	-0.017660 
1806.752631  	-0.016609 
1808.184289  	-0.017467 
1809.615947  	-0.017840 
1811.047605  	-0.017196 
1812.479263  	-0.018353 
1813.910922  	-0.017922 
1815.342580  	-0.018135 
1816.774238  	-0.019126 
1818.205896  	-0.018070 
1819.637554  	-0.018934 
1821.069212  	-0.019300 
1822.500871  	-0.018308 
1823.932529  	-0.019684 
1825.364187  	-0.019365 
1826.795845  	-0.019031 
1828.227503  	-0.020412 
1829.659162  	-0.019371 
1831.090820  	-0.019875 
1832.522478  	-0.020803 
1833.954136  	-0.020235 
1835.385794  	-0.021451 
1836.817452  	-0.021303 
1838.249111  	-0.021016 
1839.680769  	-0.022280 
1841.112427  	-0.021189 
1842.544085  	-0.021294 
1843.975743  	-0.022139 
1845.407402  	-0.020696 
1846.839060  	-0.022079 
1848.270718  	-0.022290 
1849.702376  	-0.021695 
1851.134034  	-0.023101 
1852.565693  	-0.022281 
1853.997351  	-0.022198 
1855.429009  	-0.023112 
1856.860667  	-0.021728 
1858.292325  	-0.022458 
1859.723983  	-0.022892 
1861.155642  	-0.021898 
1862.587300  	-0.023105 
1864.018958  	-0.022457 
1865.450616  	-0.021724 
1866.882274  	-0.022525 
1868.313933  	-0.021253 
1869.745591  	-0.022082 
1871.177249  	-0.022533 
1872.608907  	-0.021374 
1874.040565  	-0.022940 
1875.472224  	-0.022764 
1876.903882  	-0.021589 
1878.335540  	-0.022110 
1879.767198  	-0.020895 
1881.198856  	-0.021367 
1882.630514  	-0.022231 
1884.062173  	-0.020669 
1885.493831  	-0.021320 
1886.925489  	-0.021266 
1888.357147  	-0.020245 
1889.788805  	-0.021153 
1891.220464  	-0.020156 
1892.652122  	-0.020196 
1894.083780  	-0.020850 
1895.515438  	-0.019409 
1896.947096  	-0.020237 
1898.378754  	-0.020011 
1899.810413  	-0.018556 
1901.242071  	-0.019645 
1902.673729  	-0.018940 
1904.105387  	-0.018555 
1905.537045  	-0.019422 
1906.968704  	-0.018531 
1908.400362  	-0.019778 
1909.832020  	-0.020079 
1911.263678  	-0.019139 
1912.695336  	-0.021314 
1914.126995  	-0.020841 
1915.558653  	-0.020371 
1916.990311  	-0.022621 
1918.421969  	-0.021905 
1919.853627  	-0.022486 
1921.285285  	-0.023035 
1922.716944  	-0.021277 
1924.148602  	-0.022624 
1925.580260  	-0.022398 
1927.011918  	-0.022035 
1928.443576  	-0.024590 
1929.875235  	-0.023776 
1931.306893  	-0.023552 
1932.738551  	-0.023814 
1934.170209  	-0.021687 
1935.601867  	-0.023137 
1937.033525  	-0.023091 
1938.465184  	-0.022213 
1939.896842  	-0.025382 
1941.328500  	-0.024541 
1942.760158  	-0.023719 
1944.191816  	-0.024810 
1945.623475  	-0.022013 
1947.055133  	-0.023243 
1948.486791  	-0.024647 
1949.918449  	-0.023190 
1951.350107  	-0.024831 
1952.781766  	-0.022929 
1954.213424  	-0.021931 
1955.645082  	-0.024980 
1957.076740  	-0.023301 
1958.508398  	-0.023437 
1959.940056  	-0.023632 
1961.371715  	-0.021619 
1962.803373  	-0.025305 
1964.235031  	-0.024613 
1965.666689  	-0.022580 
1967.098347  	-0.025537 
1968.530006  	-0.022900 
1969.961664  	-0.022603 
1971.393322  	-0.023570 
1972.824980  	-0.021106 
1974.256638  	-0.024626 
1975.688297  	-0.024301 
1977.119955  	-0.022216 
1978.551613  	-0.025170 
1979.983271  	-0.021372 
1981.414929  	-0.021192 
1982.846587  	-0.023873 
1984.278246  	-0.021223 
1985.709904  	-0.022913 
1987.141562  	-0.023506 
1988.573220  	-0.023255 
1990.004878  	-0.027824 
1991.436537  	-0.025549 
1992.868195  	-0.023719 
1994.299853  	-0.026185 
1995.731511  	-0.023594 
1997.163169  	-0.024490 
1998.594827  	-0.025510 
2000.026486  	-0.023262 
2001.458144  	-0.025575 
2002.889802  	-0.023868 
2004.321460  	-0.021178 
2005.753118  	-0.022427 
2007.184777  	-0.019425 
2008.616435  	-0.020963 
2010.048093  	-0.023919 
2011.479751  	-0.021658 
2012.911409  	-0.023214 
2014.343068  	-0.022307 
2015.774726  	-0.021835 
2017.206384  	-0.024631 
2018.638042  	-0.020084 
2020.069700  	-0.020916 
2021.501358  	-0.025066 
2022.933017  	-0.021932 
2024.364675  	-0.023463 
2025.796333  	-0.022559 
2027.227991  	-0.018472 
2028.659649  	-0.021980 
2030.091308  	-0.021475 
2031.522966  	-0.020326 
2032.954624  	-0.022981 
2034.386282  	-0.021419 
2035.817940  	-0.022443 
2037.249599  	-0.022220 
2038.681257  	-0.019564 
2040.112915  	-0.021712 
2041.544573  	-0.021540 
2042.976231  	-0.021544 
2044.407889  	-0.023624 
2045.839548  	-0.021913 
2047.271206  	-0.021907 
2048.702864  	-0.021469 
2050.134522  	-0.020525 
2051.566180  	-0.023045 
2052.997839  	-0.022230 
2054.429497  	-0.021470 
2055.861155  	-0.023256 
2057.292813  	-0.022320 
2058.724471  	-0.023192 
2060.156129  	-0.023648 
2061.587788  	-0.021696 
2063.019446  	-0.022961 
2064.451104  	-0.022462 
2065.882762  	-0.021563 
2067.314420  	-0.023817 
2068.746079  	-0.023109 
2070.177737  	-0.023175 
2071.609395  	-0.024330 
2073.041053  	-0.022680 
2074.472711  	-0.023574 
2075.904370  	-0.024617 
2077.336028  	-0.023802 
2078.767686  	-0.024451 
2080.199344  	-0.023707 
2081.631002  	-0.023302 
2083.062660  	-0.023758 
2084.494319  	-0.022641 
2085.925977  	-0.023223 
2087.357635  	-0.023076 
2088.789293  	-0.021508 
2090.220951  	-0.022747 
2091.652610  	-0.023626 
2093.084268  	-0.023843 
2094.515926  	-0.024159 
2095.947584  	-0.022778 
2097.379242  	-0.023558 
2098.810901  	-0.024585 
2100.242559  	-0.023372 
2101.674217  	-0.023389 
2103.105875  	-0.022914 
2104.537533  	-0.022943 
2105.969191  	-0.024201 
2107.400850  	-0.023256 
2108.832508  	-0.023423 
2110.264166  	-0.024547 
2111.695824  	-0.024168 
2113.127482  	-0.024521 
2114.559141  	-0.023664 
2115.990799  	-0.023190 
2117.422457  	-0.025011 
2118.854115  	-0.024679 
2120.285773  	-0.024033 
2121.717431  	-0.024328 
2123.149090  	-0.023954 
2124.580748  	-0.024834 
2126.012406  	-0.024085 
2127.444064  	-0.022754 
2128.875722  	-0.024256 
2130.307381  	-0.023991 
2131.739039  	-0.023673 
2133.170697  	-0.024330 
2134.602355  	-0.022415 
2136.034013  	-0.023245 
2137.465672  	-0.024441 
2138.897330  	-0.022444 
2140.328988  	-0.023178 
2141.760646  	-0.023855 
2143.192304  	-0.023782 
2144.623962  	-0.024334 
2146.055621  	-0.022681 
2147.487279  	-0.023242 
2148.918937  	-0.023331 
2150.350595  	-0.021128 
2151.782253  	-0.022401 
2153.213912  	-0.021917 
2154.645570  	-0.021739 
2156.077228  	-0.023237 
2157.508886  	-0.019125 
2158.940544  	-0.020712 
2160.372202  	-0.023949 
2161.803861  	-0.019830 
2163.235519  	-0.022276 
2164.667177  	-0.024323 
2166.098835  	-0.022638 
2167.530493  	-0.024108 
2168.962152  	-0.022424 
2170.393810  	-0.021046 
2171.825468  	-0.021766 
2173.257126  	-0.020331 
2174.688784  	-0.020929 
2176.120443  	-0.020148 
2177.552101  	-0.018919 
2178.983759  	-0.021193 
2180.415417  	-0.020124 
2181.847075  	-0.019721 
2183.278733  	-0.021798 
2184.710392  	-0.021773 
2186.142050  	-0.024050 
2187.573708  	-0.023535 
2189.005366  	-0.020810 
2190.437024  	-0.022941 
2191.868683  	-0.021867 
2193.300341  	-0.019680 
2194.731999  	-0.021113 
2196.163657  	-0.020568 
2197.595315  	-0.021865 
2199.026974  	-0.023450 
2200.458632  	-0.021891 
2201.890290  	-0.022825 
2203.321948  	-0.022387 
2204.753606  	-0.020874 
2206.185264  	-0.022567 
2207.616923  	-0.022564 
2209.048581  	-0.022849 
2210.480239  	-0.024289 
2211.911897  	-0.024024 
2213.343555  	-0.024892 
2214.775214  	-0.024074 
2216.206872  	-0.022258 
2217.638530  	-0.023106 
2219.070188  	-0.022983 
2220.501846  	-0.023449 
2221.933504  	-0.024265 
2223.365163  	-0.022777 
2224.796821  	-0.022612 
2226.228479  	-0.021964 
2227.660137  	-0.021507 
2229.091795  	-0.023549 
2230.523454  	-0.023045 
2231.955112  	-0.022795 
2233.386770  	-0.024090 
2234.818428  	-0.022924 
2236.250086  	-0.023556 
2237.681745  	-0.024546 
2239.113403  	-0.023402 
2240.545061  	-0.024239 
2241.976719  	-0.024409 
2243.408377  	-0.024060 
2244.840035  	-0.025046 
2246.271694  	-0.023758 
2247.703352  	-0.022797 
2249.135010  	-0.023153 
2250.566668  	-0.022821 
2251.998326  	-0.023775 
2253.429985  	-0.023913 
2254.861643  	-0.023338 
2256.293301  	-0.024252 
2257.724959  	-0.023784 
2259.156617  	-0.023295 
2260.588276  	-0.023710 
2262.019934  	-0.023430 
2263.451592  	-0.024364 
2264.883250  	-0.024647 
2266.314908  	-0.023223 
2267.746566  	-0.022932 
2269.178225  	-0.023110 
2270.609883  	-0.023600 
2272.041541  	-0.023914 
2273.473199  	-0.023253 
2274.904857  	-0.023322 
2276.336516  	-0.022934 
2277.768174  	-0.022349 
2279.199832  	-0.023122 
2280.631490  	-0.023107 
2282.063148  	-0.022954 
2283.494806  	-0.023122 
2284.926465  	-0.022552 
2286.358123  	-0.023125 
2287.789781  	-0.023598 
2289.221439  	-0.023050 
2290.653097  	-0.023457 
2292.084756  	-0.023403 
2293.516414  	-0.022897 
2294.948072  	-0.022894 
2296.379730  	-0.022312 
2297.811388  	-0.022643 
2299.243047  	-0.023580 
2300.674705  	-0.023320 
2302.106363  	-0.023264 
2303.538021  	-0.023291 
2304.969679  	-0.022982 
2306.401337  	-0.022995 
2307.832996  	-0.022817 
2309.264654  	-0.023066 
2310.696312  	-0.023441 
2312.127970  	-0.023471 
2313.559628  	-0.024111 
2314.991287  	-0.023951 
2316.422945  	-0.023374 
2317.854603  	-0.023670 
2319.286261  	-0.023053 
2320.717919  	-0.022675 
2322.149577  	-0.023228 
2323.581236  	-0.022923 
2325.012894  	-0.023110 
2326.444552  	-0.023287 
2327.876210  	-0.022553 
2329.307868  	-0.022518 
2330.739527  	-0.022342 
2332.171185  	-0.021942 
2333.602843  	-0.022320 
2335.034501  	-0.022177 
2336.466159  	-0.022003 
2337.897818  	-0.022133 
2339.329476  	-0.022030 
2340.761134  	-0.022278 
2342.192792  	-0.022118 
2343.624450  	-0.021989 
2345.056108  	-0.022255 
2346.487767  	-0.022060 
2347.919425  	-0.022710 
2349.351083  	-0.023212 
2350.782741  	-0.022432 
2352.214399  	-0.022135 
2353.646058  	-0.022139 
2355.077716  	-0.021524 
2356.509374  	-0.021423 
2357.941032  	-0.020975 
2359.372690  	-0.020956 
2360.804349  	-0.021551 
2362.236007  	-0.021204 
2363.667665  	-0.021505 
2365.099323  	-0.021678 
2366.530981  	-0.021290 
2367.962639  	-0.021914 
2369.394298  	-0.021869 
2370.825956  	-0.021643 
2372.257614  	-0.021944 
2373.689272  	-0.021838 
2375.120930  	-0.022751 
2376.552589  	-0.023465 
2377.984247  	-0.022989 
2379.415905  	-0.023372 
2380.847563  	-0.023806 
2382.279221  	-0.023898 
2383.710879  	-0.024496 
2385.142538  	-0.024672 
2386.574196  	-0.024786 
2388.005854  	-0.024949 
2389.437512  	-0.024673 
2390.869170  	-0.024974 
2392.300829  	-0.025274 
2393.732487  	-0.025127 
2395.164145  	-0.025036 
2396.595803  	-0.024481 
2398.027461  	-0.024563 
2399.459120  	-0.025141 
2400.890778  	-0.024664 
2402.322436  	-0.024598 
2403.754094  	-0.025078 
2405.185752  	-0.025018 
2406.617410  	-0.025008 
2408.049069  	-0.024752 
2409.480727  	-0.024780 
2410.912385  	-0.025359 
2412.344043  	-0.025308 
2413.775701  	-0.025383 
2415.207360  	-0.025632 
2416.639018  	-0.025447 
2418.070676  	-0.025412 
2419.502334  	-0.025100 
2420.933992  	-0.025051 
2422.365651  	-0.025428 
2423.797309  	-0.025116 
2425.228967  	-0.025263 
2426.660625  	-0.025633 
2428.092283  	-0.025260 
2429.523941  	-0.025289 
2430.955600  	-0.024974 
2432.387258  	-0.024450 
2433.818916  	-0.024918 
2435.250574  	-0.024993 
2436.682232  	-0.024923 
2438.113891  	-0.025261 
2439.545549  	-0.025040 
2440.977207  	-0.024911 
2442.408865  	-0.024872 
2443.840523  	-0.024773 
2445.272181  	-0.024965 
2446.703840  	-0.024729 
2448.135498  	-0.024784 
2449.567156  	-0.025136 
2450.998814  	-0.024860 
2452.430472  	-0.024873 
2453.862131  	-0.024587 
2455.293789  	-0.023976 
2456.725447  	-0.024391 
2458.157105  	-0.024602 
2459.588763  	-0.024466 
2461.020422  	-0.024664 
2462.452080  	-0.024590 
2463.883738  	-0.024862 
2465.315396  	-0.024938 
2466.747054  	-0.024495 
2468.178712  	-0.024712 
2469.610371  	-0.024638 
2471.042029  	-0.024462 
2472.473687  	-0.024752 
2473.905345  	-0.024304 
2475.337003  	-0.024350 
2476.768662  	-0.024938 
2478.200320  	-0.024544 
2479.631978  	-0.024337 
2481.063636  	-0.024258 
2482.495294  	-0.023939 
2483.926953  	-0.024137 
2485.358611  	-0.024158 
2486.790269  	-0.024338 
2488.221927  	-0.024664 
2489.653585  	-0.024297 
2491.085243  	-0.024186 
2492.516902  	-0.024081 
2493.948560  	-0.023949 
2495.380218  	-0.024488 
2496.811876  	-0.024560 
2498.243534  	-0.024690 
2499.675193  	-0.025056 
2501.106851  	-0.024406 
2502.538509  	-0.024198 
2503.970167  	-0.024545 
2505.401825  	-0.024419 
2506.833483  	-0.024707 
2508.265142  	-0.024782 
2509.696800  	-0.024420 
2511.128458  	-0.024357 
2512.560116  	-0.024244 
2513.991774  	-0.024595 
2515.423433  	-0.025091 
2516.855091  	-0.025279 
2518.286749  	-0.025629 
2519.718407  	-0.025166 
2521.150065  	-0.024669 
2522.581724  	-0.025071 
2524.013382  	-0.024950 
2525.445040  	-0.024964 
2526.876698  	-0.025267 
2528.308356  	-0.024880 
2529.740014  	-0.024775 
2531.171673  	-0.024524 
2532.603331  	-0.024178 
2534.034989  	-0.024742 
2535.466647  	-0.024976 
2536.898305  	-0.024999 
2538.329964  	-0.025220 
2539.761622  	-0.024942 
2541.193280  	-0.024897 
2542.624938  	-0.024711 
2544.056596  	-0.024449 
2545.488254  	-0.024892 
2546.919913  	-0.024585 
2548.351571  	-0.024067 
2549.783229  	-0.024345 
2551.214887  	-0.024193 
2552.646545  	-0.024084 
2554.078204  	-0.024031 
2555.509862  	-0.023581 
2556.941520  	-0.023801 
2558.373178  	-0.024308 
2559.804836  	-0.024553 
2561.236495  	-0.024131 
2562.668153  	-0.023127 
2564.099811  	-0.023544 
2565.531469  	-0.024385 
2566.963127  	-0.023978 
2568.394785  	-0.023678 
2569.826444  	-0.023133 
2571.258102  	-0.022623 
2572.689760  	-0.023280 
2574.121418  	-0.023541 
2575.553076  	-0.023335 
2576.984735  	-0.023323 
2578.416393  	-0.023203 
2579.848051  	-0.023455 
2581.279709  	-0.023351 
2582.711367  	-0.023172 
2584.143026  	-0.023580 
2585.574684  	-0.023105 
2587.006342  	-0.022852 
2588.438000  	-0.023467 
2589.869658  	-0.023137 
2591.301316  	-0.022997 
2592.732975  	-0.023278 
2594.164633  	-0.022796 
2595.596291  	-0.022630 
2597.027949  	-0.022671 
2598.459607  	-0.022647 
2599.891266  	-0.022856 
2601.322924  	-0.022515 
2602.754582  	-0.022356 
2604.186240  	-0.022764 
2605.617898  	-0.022999 
2607.049556  	-0.023235 
2608.481215  	-0.022940 
2609.912873  	-0.022622 
2611.344531  	-0.023112 
2612.776189  	-0.023114 
2614.207847  	-0.022849 
2615.639506  	-0.023010 
2617.071164  	-0.023029 
2618.502822  	-0.023225 
2619.934480  	-0.023188 
2621.366138  	-0.022762 
2622.797797  	-0.022831 
2624.229455  	-0.022864 
2625.661113  	-0.022802 
2627.092771  	-0.022877 
2628.524429  	-0.022561 
2629.956087  	-0.022468 
2631.387746  	-0.022626 
2632.819404  	-0.022491 
2634.251062  	-0.022451 
2635.682720  	-0.022332 
2637.114378  	-0.022235 
2638.546037  	-0.022360 
2639.977695  	-0.022229 
2641.409353  	-0.022214 
2642.841011  	-0.022326 
2644.272669  	-0.022204 
2645.704328  	-0.022272 
2647.135986  	-0.022282 
2648.567644  	-0.022099 
2649.999302  	-0.022107 
2651.430960  	-0.022188 
2652.862618  	-0.022314 
2654.294277  	-0.022170 
2655.725935  	-0.021838 
2657.157593  	-0.021875 
2658.589251  	-0.021731 
2660.020909  	-0.021500 
2661.452568  	-0.021633 
2662.884226  	-0.021400 
2664.315884  	-0.021124 
2665.747542  	-0.021226 
2667.179200  	-0.021063 
2668.610858  	-0.020862 
2670.042517  	-0.020742 
2671.474175  	-0.020531 
2672.905833  	-0.020499 
2674.337491  	-0.020419 
2675.769149  	-0.020373 
2677.200808  	-0.020378 
2678.632466  	-0.020027 
2680.064124  	-0.019767 
2681.495782  	-0.019557 
2682.927440  	-0.019202 
2684.359099  	-0.019242 
2685.790757  	-0.019141 
2687.222415  	-0.018699 
2688.654073  	-0.018637 
2690.085731  	-0.018536 
2691.517389  	-0.018114 
2692.949048  	-0.017747 
2694.380706  	-0.017448 
2695.812364  	-0.017211 
2697.244022  	-0.016959 
2698.675680  	-0.016743 
2700.107339  	-0.016591 
2701.538997  	-0.016369 
2702.970655  	-0.016312 
2704.402313  	-0.016188 
2705.833971  	-0.015806 
2707.265630  	-0.015642 
2708.697288  	-0.015504 
2710.128946  	-0.015257 
2711.560604  	-0.015031 
2712.992262  	-0.014618 
2714.423920  	-0.014428 
2715.855579  	-0.014389 
2717.287237  	-0.014049 
2718.718895  	-0.013904 
2720.150553  	-0.013804 
2721.582211  	-0.013497 
2723.013870  	-0.013298 
2724.445528  	-0.012862 
2725.877186  	-0.012440 
2727.308844  	-0.012341 
2728.740502  	-0.011988 
2730.172160  	-0.011610 
2731.603819  	-0.011399 
2733.035477  	-0.011113 
2734.467135  	-0.010885 
2735.898793  	-0.010547 
2737.330451  	-0.010296 
2738.762110  	-0.010149 
2740.193768  	-0.009603 
2741.625426  	-0.009331 
2743.057084  	-0.009469 
2744.488742  	-0.009292 
2745.920401  	-0.009255 
2747.352059  	-0.009430 
2748.783717  	-0.009412 
2750.215375  	-0.009402 
2751.647033  	-0.009293 
2753.078691  	-0.009146 
2754.510350  	-0.009031 
2755.942008  	-0.008797 
2757.373666  	-0.008797 
2758.805324  	-0.008874 
2760.236982  	-0.008681 
2761.668641  	-0.008388 
2763.100299  	-0.008014 
2764.531957  	-0.007870 
2765.963615  	-0.007866 
2767.395273  	-0.007507 
2768.826931  	-0.007187 
2770.258590  	-0.006956 
2771.690248  	-0.006592 
2773.121906  	-0.006307 
2774.553564  	-0.005762 
2775.985222  	-0.005113 
2777.416881  	-0.004745 
2778.848539  	-0.004096 
2780.280197  	-0.003105 
2781.711855  	-0.002067 
2783.143513  	-0.000978 
2784.575172  	0.000178 
2786.006830  	0.001704 
2787.438488  	0.003329 
2788.870146  	0.004666 
2790.301804  	0.006033 
2791.733462  	0.007271 
2793.165121  	0.008349 
2794.596779  	0.009409 
2796.028437  	0.009935 
2797.460095  	0.010071 
2798.891753  	0.010021 
2800.323412  	0.009450 
2801.755070  	0.008782 
2803.186728  	0.008080 
2804.618386  	0.006912 
2806.050044  	0.005656 
2807.481703  	0.004606 
2808.913361  	0.003730 
2810.345019  	0.003047 
2811.776677  	0.002602 
2813.208335  	0.002519 
2814.639993  	0.002550 
2816.071652  	0.002743 
2817.503310  	0.003460 
2818.934968  	0.004454 
2820.366626  	0.005655 
2821.798284  	0.007184 
2823.229943  	0.009077 
2824.661601  	0.011505 
2826.093259  	0.014151 
2827.524917  	0.017015 
2828.956575  	0.020422 
2830.388233  	0.024130 
2831.819892  	0.028288 
2833.251550  	0.032864 
2834.683208  	0.037562 
2836.114866  	0.042770 
2837.546524  	0.048267 
2838.978183  	0.054010 
2840.409841  	0.060554 
2841.841499  	0.067299 
2843.273157  	0.074218 
2844.704815  	0.082096 
2846.136474  	0.090757 
2847.568132  	0.099813 
2848.999790  	0.107540 
2850.431448  	0.111293 
2851.863106  	0.111382 
2853.294764  	0.110085 
2854.726423  	0.108677 
2856.158081  	0.107589 
2857.589739  	0.106446 
2859.021397  	0.104979 
2860.453055  	0.103400 
2861.884714  	0.101365 
2863.316372  	0.098983 
2864.748030  	0.096675 
2866.179688  	0.094088 
2867.611346  	0.091218 
2869.043005  	0.088287 
2870.474663  	0.085110 
2871.906321  	0.081437 
2873.337979  	0.076970 
2874.769637  	0.071948 
2876.201295  	0.066729 
2877.632954  	0.061315 
2879.064612  	0.056274 
2880.496270  	0.052045 
2881.927928  	0.048545 
2883.359586  	0.045799 
2884.791245  	0.043733 
2886.222903  	0.042439 
2887.654561  	0.041866 
2889.086219  	0.041755 
2890.517877  	0.042196 
2891.949535  	0.042897 
2893.381194  	0.043652 
2894.812852  	0.044751 
2896.244510  	0.045935 
2897.676168  	0.047063 
2899.107826  	0.048322 
2900.539485  	0.049541 
2901.971143  	0.050784 
2903.402801  	0.052278 
2904.834459  	0.054081 
2906.266117  	0.056191 
2907.697776  	0.058589 
2909.129434  	0.061491 
2910.561092  	0.064878 
2911.992750  	0.068885 
2913.424408  	0.074151 
2914.856066  	0.079881 
2916.287725  	0.083983 
2917.719383  	0.085460 
2919.151041  	0.084866 
2920.582699  	0.083096 
2922.014357  	0.080604 
2923.446016  	0.077987 
2924.877674  	0.076211 
2926.309332  	0.075444 
2927.740990  	0.075431 
2929.172648  	0.076035 
2930.604306  	0.076781 
2932.035965  	0.077811 
2933.467623  	0.079279 
2934.899281  	0.080576 
2936.330939  	0.081776 
2937.762597  	0.082864 
2939.194256  	0.083236 
2940.625914  	0.082980 
2942.057572  	0.082253 
2943.489230  	0.081170 
2944.920888  	0.079879 
2946.352547  	0.077990 
2947.784205  	0.075712 
2949.215863  	0.073366 
2950.647521  	0.070671 
2952.079179  	0.068030 
2953.510837  	0.065572 
2954.942496  	0.062827 
2956.374154  	0.059703 
2957.805812  	0.056042 
2959.237470  	0.052441 
2960.669128  	0.049244 
2962.100787  	0.045345 
2963.532445  	0.040930 
2964.964103  	0.036765 
2966.395761  	0.032423 
2967.827419  	0.028022 
2969.259078  	0.023795 
2970.690736  	0.019786 
2972.122394  	0.016229 
2973.554052  	0.012740 
2974.985710  	0.009509 
2976.417368  	0.006822 
2977.849027  	0.004091 
2979.280685  	0.001515 
2980.712343  	-0.000594 
2982.144001  	-0.002470 
2983.575659  	-0.004069 
2985.007318  	-0.005541 
2986.438976  	-0.006895 
2987.870634  	-0.008092 
2989.302292  	-0.009233 
2990.733950  	-0.010014 
2992.165608  	-0.010662 
2993.597267  	-0.011384 
2995.028925  	-0.011825 
2996.460583  	-0.012206 
2997.892241  	-0.012458 
2999.323899  	-0.012459 
3000.755558  	-0.012604 
3002.187216  	-0.012619 
3003.618874  	-0.012576 
3005.050532  	-0.012751 
3006.482190  	-0.012688 
3007.913849  	-0.012667 
3009.345507  	-0.012827 
3010.777165  	-0.012730 
3012.208823  	-0.012733 
3013.640481  	-0.012937 
3015.072139  	-0.013081 
3016.503798  	-0.013038 
3017.935456  	-0.012678 
3019.367114  	-0.012543 
3020.798772  	-0.012601 
3022.230430  	-0.012251 
3023.662089  	-0.011731 
3025.093747  	-0.010929 
3026.525405  	-0.009760 
3027.957063  	-0.008804 
3029.388721  	-0.008085 
3030.820380  	-0.007679 
3032.252038  	-0.007501 
3033.683696  	-0.007049 
3035.115354  	-0.006614 
3036.547012  	-0.006306 
3037.978670  	-0.005839 
3039.410329  	-0.005355 
3040.841987  	-0.005026 
3042.273645  	-0.005139 
3043.705303  	-0.005392 
3045.136961  	-0.005224 
3046.568620  	-0.005114 
3048.000278  	-0.005320 
3049.431936  	-0.005760 
3050.863594  	-0.006433 
3052.295252  	-0.006708 
3053.726910  	-0.006621 
3055.158569  	-0.006745 
3056.590227  	-0.007021 
3058.021885  	-0.007355 
3059.453543  	-0.007418 
3060.885201  	-0.007392 
3062.316860  	-0.007825 
3063.748518  	-0.008218 
3065.180176  	-0.008696 
3066.611834  	-0.009455 
3068.043492  	-0.009752 
3069.475151  	-0.010223 
3070.906809  	-0.011118 
3072.338467  	-0.011488 
3073.770125  	-0.011880 
3075.201783  	-0.012670 
3076.633441  	-0.013273 
3078.065100  	-0.013731 
3079.496758  	-0.014130 
3080.928416  	-0.014463 
3082.360074  	-0.014593 
3083.791732  	-0.014718 
3085.223391  	-0.015226 
3086.655049  	-0.015295 
3088.086707  	-0.015102 
3089.518365  	-0.015684 
3090.950023  	-0.016029 
3092.381682  	-0.015797 
3093.813340  	-0.015891 
3095.244998  	-0.015977 
3096.676656  	-0.015821 
3098.108314  	-0.015477 
3099.539972  	-0.015086 
3100.971631  	-0.014987 
3102.403289  	-0.014525 
3103.834947  	-0.013712 
3105.266605  	-0.013271 
3106.698263  	-0.012988 
3108.129922  	-0.012759 
3109.561580  	-0.012171 
3110.993238  	-0.011250 
3112.424896  	-0.011063 
3113.856554  	-0.010966 
3115.288212  	-0.010292 
3116.719871  	-0.009803 
3118.151529  	-0.009461 
3119.583187  	-0.009338 
3121.014845  	-0.009231 
3122.446503  	-0.008587 
3123.878162  	-0.008485 
3125.309820  	-0.009026 
3126.741478  	-0.009234 
3128.173136  	-0.009585 
3129.604794  	-0.010251 
3131.036453  	-0.011024 
3132.468111  	-0.011832 
3133.899769  	-0.012353 
3135.331427  	-0.013062 
3136.763085  	-0.013865 
3138.194743  	-0.014366 
3139.626402  	-0.015267 
3141.058060  	-0.016295 
3142.489718  	-0.016861 
3143.921376  	-0.017199 
3145.353034  	-0.017241 
3146.784693  	-0.017285 
3148.216351  	-0.017367 
3149.648009  	-0.017213 
3151.079667  	-0.017308 
3152.511325  	-0.017538 
3153.942983  	-0.017772 
3155.374642  	-0.018103 
3156.806300  	-0.017919 
3158.237958  	-0.017789 
3159.669616  	-0.018050 
3161.101274  	-0.017650 
3162.532933  	-0.017087 
3163.964591  	-0.016912 
3165.396249  	-0.016481 
3166.827907  	-0.016126 
3168.259565  	-0.016042 
3169.691224  	-0.015605 
3171.122882  	-0.014900 
3172.554540  	-0.014510 
3173.986198  	-0.014252 
3175.417856  	-0.013447 
3176.849514  	-0.012563 
3178.281173  	-0.012058 
3179.712831  	-0.011263 
3181.144489  	-0.010404 
3182.576147  	-0.009721 
3184.007805  	-0.008890 
3185.439464  	-0.008497 
3186.871122  	-0.008250 
3188.302780  	-0.007622 
3189.734438  	-0.007297 
3191.166096  	-0.006960 
3192.597755  	-0.006522 
3194.029413  	-0.006749 
3195.461071  	-0.007105 
3196.892729  	-0.007364 
3198.324387  	-0.007953 
3199.756045  	-0.008591 
3201.187704  	-0.009121 
3202.619362  	-0.009454 
3204.051020  	-0.009700 
3205.482678  	-0.009928 
3206.914336  	-0.009745 
3208.345995  	-0.009572 
3209.777653  	-0.009567 
3211.209311  	-0.009324 
3212.640969  	-0.009226 
3214.072627  	-0.009096 
3215.504285  	-0.008661 
3216.935944  	-0.008227 
3218.367602  	-0.007561 
3219.799260  	-0.007060 
3221.230918  	-0.006932 
3222.662576  	-0.006355 
3224.094235  	-0.005498 
3225.525893  	-0.004713 
3226.957551  	-0.004078 
3228.389209  	-0.003698 
3229.820867  	-0.003000 
3231.252526  	-0.002234 
3232.684184  	-0.001762 
3234.115842  	-0.001069 
3235.547500  	-0.000450 
3236.979158  	0.000285 
3238.410816  	0.001379 
3239.842475  	0.001952 
3241.274133  	0.002541 
3242.705791  	0.003549 
3244.137449  	0.004188 
3245.569107  	0.004947 
3247.000766  	0.006048 
3248.432424  	0.007125 
3249.864082  	0.008226 
3251.295740  	0.008875 
3252.727398  	0.009485 
3254.159057  	0.010542 
3255.590715  	0.011288 
3257.022373  	0.011894 
3258.454031  	0.012731 
3259.885689  	0.013662 
3261.317347  	0.014913 
3262.749006  	0.016096 
3264.180664  	0.017009 
3265.612322  	0.018006 
3267.043980  	0.019155 
3268.475638  	0.020612 
3269.907297  	0.021895 
3271.338955  	0.022933 
3272.770613  	0.024505 
3274.202271  	0.025856 
3275.633929  	0.026618 
3277.065587  	0.027844 
3278.497246  	0.029358 
3279.928904  	0.030974 
3281.360562  	0.032981 
3282.792220  	0.034938 
3284.223878  	0.036639 
3285.655537  	0.038139 
3287.087195  	0.039707 
3288.518853  	0.041465 
3289.950511  	0.042814 
3291.382169  	0.044056 
3292.813828  	0.045827 
3294.245486  	0.047693 
3295.677144  	0.049305 
3297.108802  	0.050717 
3298.540460  	0.052254 
3299.972118  	0.053776 
3301.403777  	0.054582 
3302.835435  	0.055230 
3304.267093  	0.056101 
3305.698751  	0.056710 
3307.130409  	0.057505 
3308.562068  	0.058205 
3309.993726  	0.058329 
3311.425384  	0.058686 
3312.857042  	0.059066 
3314.288700  	0.059203 
3315.720359  	0.059556 
3317.152017  	0.059835 
3318.583675  	0.060173 
3320.015333  	0.060449 
3321.446991  	0.060084 
3322.878649  	0.059806 
3324.310308  	0.059932 
3325.741966  	0.059913 
3327.173624  	0.059631 
3328.605282  	0.058966 
3330.036940  	0.058120 
3331.468599  	0.057209 
3332.900257  	0.056055 
3334.331915  	0.054654 
3335.763573  	0.052712 
3337.195231  	0.050682 
3338.626889  	0.048965 
3340.058548  	0.046851 
3341.490206  	0.044618 
3342.921864  	0.042346 
3344.353522  	0.039625 
3345.785180  	0.037243 
3347.216839  	0.034809 
3348.648497  	0.031922 
3350.080155  	0.029692 
3351.511813  	0.027577 
3352.943471  	0.024984 
3354.375130  	0.022543 
3355.806788  	0.020143 
3357.238446  	0.017936 
3358.670104  	0.015835 
3360.101762  	0.013519 
3361.533420  	0.011618 
3362.965079  	0.009844 
3364.396737  	0.007826 
3365.828395  	0.006130 
3367.260053  	0.004619 
3368.691711  	0.003274 
3370.123370  	0.002053 
3371.555028  	0.000698 
3372.986686  	-0.000272 
3374.418344  	-0.001139 
3375.850002  	-0.002342 
3377.281660  	-0.003253 
3378.713319  	-0.003905 
3380.144977  	-0.004570 
3381.576635  	-0.005183 
3383.008293  	-0.005701 
3384.439951  	-0.005954 
3385.871610  	-0.006428 
3387.303268  	-0.007195 
3388.734926  	-0.007715 
3390.166584  	-0.008309 
3391.598242  	-0.008845 
3393.029901  	-0.009222 
3394.461559  	-0.010021 
3395.893217  	-0.010508 
3397.324875  	-0.010294 
3398.756533  	-0.010305 
3400.188191  	-0.010752 
3401.619850  	-0.011348 
3403.051508  	-0.011750 
3404.483166  	-0.011918 
3405.914824  	-0.012187 
3407.346482  	-0.012480 
3408.778141  	-0.013052 
3410.209799  	-0.013691 
3411.641457  	-0.013726 
3413.073115  	-0.013813 
3414.504773  	-0.013972 
3415.936432  	-0.013882 
3417.368090  	-0.014460 
3418.799748  	-0.015038 
3420.231406  	-0.014793 
3421.663064  	-0.014823 
3423.094722  	-0.015189 
3424.526381  	-0.015473 
3425.958039  	-0.015930 
3427.389697  	-0.016227 
3428.821355  	-0.016301 
3430.253013  	-0.016351 
3431.684672  	-0.016360 
3433.116330  	-0.016483 
3434.547988  	-0.016707 
3435.979646  	-0.016971 
3437.411304  	-0.016986 
3438.842962  	-0.016785 
3440.274621  	-0.016983 
3441.706279  	-0.017206 
3443.137937  	-0.017196 
3444.569595  	-0.017395 
3446.001253  	-0.017413 
3447.432912  	-0.017372 
3448.864570  	-0.017655 
3450.296228  	-0.017840 
3451.727886  	-0.018069 
3453.159544  	-0.018145 
3454.591203  	-0.017976 
3456.022861  	-0.018275 
3457.454519  	-0.018595 
3458.886177  	-0.018754 
3460.317835  	-0.019166 
3461.749493  	-0.019078 
3463.181152  	-0.018697 
3464.612810  	-0.018907 
3466.044468  	-0.019281 
3467.476126  	-0.019262 
3468.907784  	-0.018751 
3470.339443  	-0.018518 
3471.771101  	-0.018957 
3473.202759  	-0.019092 
3474.634417  	-0.018983 
3476.066075  	-0.019005 
3477.497734  	-0.018775 
3478.929392  	-0.018872 
3480.361050  	-0.019183 
3481.792708  	-0.018862 
3483.224366  	-0.018564 
3484.656024  	-0.018790 
3486.087683  	-0.019244 
3487.519341  	-0.019711 
3488.950999  	-0.019925 
3490.382657  	-0.019945 
3491.814315  	-0.019654 
3493.245974  	-0.019243 
3494.677632  	-0.019234 
3496.109290  	-0.019188 
3497.540948  	-0.019113 
3498.972606  	-0.019334 
3500.404264  	-0.019284 
3501.835923  	-0.019110 
3503.267581  	-0.019089 
3504.699239  	-0.018941 
3506.130897  	-0.018961 
3507.562555  	-0.019174 
3508.994214  	-0.019351 
3510.425872  	-0.019445 
3511.857530  	-0.019560 
3513.289188  	-0.019982 
3514.720846  	-0.020092 
3516.152505  	-0.019728 
3517.584163  	-0.019747 
3519.015821  	-0.019771 
3520.447479  	-0.019754 
3521.879137  	-0.020107 
3523.310795  	-0.019996 
3524.742454  	-0.019793 
3526.174112  	-0.020148 
3527.605770  	-0.020267 
3529.037428  	-0.020365 
3530.469086  	-0.020593 
3531.900745  	-0.020720 
3533.332403  	-0.020971 
3534.764061  	-0.020874 
3536.195719  	-0.020661 
3537.627377  	-0.020853 
3539.059035  	-0.020874 
3540.490694  	-0.020950 
3541.922352  	-0.021132 
3543.354010  	-0.021107 
3544.785668  	-0.021351 
3546.217326  	-0.021335 
3547.648985  	-0.020947 
3549.080643  	-0.021226 
3550.512301  	-0.021620 
3551.943959  	-0.021738 
3553.375617  	-0.021670 
3554.807276  	-0.021432 
3556.238934  	-0.021530 
3557.670592  	-0.021683 
3559.102250  	-0.021700 
3560.533908  	-0.021985 
3561.965566  	-0.022007 
3563.397225  	-0.021857 
3564.828883  	-0.021929 
3566.260541  	-0.021777 
3567.692199  	-0.021841 
3569.123857  	-0.022239 
3570.555516  	-0.022472 
3571.987174  	-0.022880 
3573.418832  	-0.022958 
3574.850490  	-0.022679 
3576.282148  	-0.022828 
3577.713807  	-0.023198 
3579.145465  	-0.023438 
3580.577123  	-0.023415 
3582.008781  	-0.023393 
3583.440439  	-0.023691 
3584.872097  	-0.023666 
3586.303756  	-0.023447 
3587.735414  	-0.023523 
3589.167072  	-0.023376 
3590.598730  	-0.023637 
3592.030388  	-0.024152 
3593.462047  	-0.024177 
3594.893705  	-0.024196 
3596.325363  	-0.024238 
3597.757021  	-0.024067 
3599.188679  	-0.024050 
3600.620337  	-0.023886 
3602.051996  	-0.023909 
3603.483654  	-0.024372 
3604.915312  	-0.024738 
3606.346970  	-0.024926 
3607.778628  	-0.024289 
3609.210287  	-0.023426 
3610.641945  	-0.024204 
3612.073603  	-0.024744 
3613.505261  	-0.024234 
3614.936919  	-0.024374 
3616.368578  	-0.024900 
3617.800236  	-0.025033 
3619.231894  	-0.024996 
3620.663552  	-0.025147 
3622.095210  	-0.025291 
3623.526868  	-0.024962 
3624.958527  	-0.024972 
3626.390185  	-0.025480 
3627.821843  	-0.024719 
3629.253501  	-0.022766 
3630.685159  	-0.023677 
3632.116818  	-0.024928 
3633.548476  	-0.025211 
3634.980134  	-0.025336 
3636.411792  	-0.025595 
3637.843450  	-0.025774 
3639.275109  	-0.025806 
3640.706767  	-0.025923 
3642.138425  	-0.025829 
3643.570083  	-0.025717 
3645.001741  	-0.026056 
3646.433399  	-0.025880 
3647.865058  	-0.025209 
3649.296716  	-0.025148 
3650.728374  	-0.024549 
3652.160032  	-0.025368 
3653.591690  	-0.026957 
3655.023349  	-0.026861 
3656.455007  	-0.025930 
3657.886665  	-0.026256 
3659.318323  	-0.026746 
3660.749981  	-0.026991 
3662.181639  	-0.027310 
3663.613298  	-0.027570 
3665.044956  	-0.027513 
3666.476614  	-0.027035 
3667.908272  	-0.026821 
3669.339930  	-0.026624 
3670.771589  	-0.025988 
3672.203247  	-0.026802 
3673.634905  	-0.027340 
3675.066563  	-0.026152 
3676.498221  	-0.025638 
3677.929880  	-0.027216 
3679.361538  	-0.027660 
3680.793196  	-0.027654 
3682.224854  	-0.027775 
3683.656512  	-0.027792 
3685.088170  	-0.027668 
3686.519829  	-0.027583 
3687.951487  	-0.027176 
3689.383145  	-0.026526 
3690.814803  	-0.027156 
3692.246461  	-0.028103 
3693.678120  	-0.028293 
3695.109778  	-0.028344 
3696.541436  	-0.028400 
3697.973094  	-0.028447 
3699.404752  	-0.028645 
3700.836411  	-0.028560 
3702.268069  	-0.028440 
3703.699727  	-0.028619 
3705.131385  	-0.028564 
3706.563043  	-0.028568 
3707.994701  	-0.028603 
3709.426360  	-0.028440 
3710.858018  	-0.028264 
3712.289676  	-0.027421 
3713.721334  	-0.027069 
3715.152992  	-0.028057 
3716.584651  	-0.028570 
3718.016309  	-0.028501 
3719.447967  	-0.028683 
3720.879625  	-0.028531 
3722.311283  	-0.027871 
3723.742941  	-0.027792 
3725.174600  	-0.028183 
3726.606258  	-0.028077 
3728.037916  	-0.028222 
3729.469574  	-0.029061 
3730.901232  	-0.028916 
3732.332891  	-0.027676 
3733.764549  	-0.027937 
3735.196207  	-0.028237 
3736.627865  	-0.027297 
3738.059523  	-0.028144 
3739.491182  	-0.028789 
3740.922840  	-0.028536 
3742.354498  	-0.028681 
3743.786156  	-0.028350 
3745.217814  	-0.027119 
3746.649472  	-0.028074 
3748.081131  	-0.028524 
3749.512789  	-0.027928 
3750.944447  	-0.027628 
3752.376105  	-0.027931 
3753.807763  	-0.028228 
3755.239422  	-0.028520 
3756.671080  	-0.028552 
3758.102738  	-0.028143 
3759.534396  	-0.027831 
3760.966054  	-0.028191 
3762.397712  	-0.028667 
3763.829371  	-0.028692 
3765.261029  	-0.028530 
3766.692687  	-0.028510 
3768.124345  	-0.028429 
3769.556003  	-0.027819 
3770.987662  	-0.027555 
3772.419320  	-0.028523 
3773.850978  	-0.029213 
3775.282636  	-0.029141 
3776.714294  	-0.028985 
3778.145953  	-0.028731 
3779.577611  	-0.028272 
3781.009269  	-0.028395 
3782.440927  	-0.028766 
3783.872585  	-0.028739 
3785.304243  	-0.028612 
3786.735902  	-0.028756 
3788.167560  	-0.028987 
3789.599218  	-0.029047 
3791.030876  	-0.028942 
3792.462534  	-0.029005 
3793.894193  	-0.029194 
3795.325851  	-0.028731 
3796.757509  	-0.027824 
3798.189167  	-0.028289 
3799.620825  	-0.028839 
3801.052484  	-0.027727 
3802.484142  	-0.026963 
3803.915800  	-0.028348 
3805.347458  	-0.028720 
3806.779116  	-0.028205 
3808.210774  	-0.028226 
3809.642433  	-0.028760 
3811.074091  	-0.028768 
3812.505749  	-0.028513 
3813.937407  	-0.028560 
3815.369065  	-0.027836 
3816.800724  	-0.026313 
3818.232382  	-0.027435 
3819.664040  	-0.028435 
3821.095698  	-0.027207 
3822.527356  	-0.027054 
3823.959014  	-0.028828 
3825.390673  	-0.028914 
3826.822331  	-0.027652 
3828.253989  	-0.027377 
3829.685647  	-0.028237 
3831.117305  	-0.028424 
3832.548964  	-0.027677 
3833.980622  	-0.027381 
3835.412280  	-0.027509 
3836.843938  	-0.027509 
3838.275596  	-0.027445 
3839.707255  	-0.027585 
3841.138913  	-0.028101 
3842.570571  	-0.028077 
3844.002229  	-0.027442 
3845.433887  	-0.027685 
3846.865545  	-0.028255 
3848.297204  	-0.028120 
3849.728862  	-0.028111 
3851.160520  	-0.028197 
3852.592178  	-0.026833 
3854.023836  	-0.024508 
3855.455495  	-0.025955 
3856.887153  	-0.027266 
3858.318811  	-0.027704 
3859.750469  	-0.028223 
3861.182127  	-0.028511 
3862.613786  	-0.028007 
3864.045444  	-0.027294 
3865.477102  	-0.026956 
3866.908760  	-0.027525 
3868.340418  	-0.027985 
3869.772076  	-0.027059 
3871.203735  	-0.026690 
3872.635393  	-0.027853 
3874.067051  	-0.027512 
3875.498709  	-0.027032 
3876.930367  	-0.028259 
3878.362026  	-0.028470 
3879.793684  	-0.026982 
3881.225342  	-0.026011 
3882.657000  	-0.027005 
3884.088658  	-0.027722 
3885.520316  	-0.026869 
3886.951975  	-0.026306 
3888.383633  	-0.027507 
3889.815291  	-0.027768 
3891.246949  	-0.027204 
3892.678607  	-0.027412 
3894.110266  	-0.027592 
3895.541924  	-0.027649 
3896.973582  	-0.027942 
3898.405240  	-0.027832 
3899.836898  	-0.027484 
3901.268557  	-0.027227 
3902.700215  	-0.026821 
3904.131873  	-0.026437 
3905.563531  	-0.026291 
3906.995189  	-0.026891 
3908.426847  	-0.027860 
3909.858506  	-0.028064 
3911.290164  	-0.027552 
3912.721822  	-0.027431 
3914.153480  	-0.027833 
3915.585138  	-0.027877 
3917.016797  	-0.027316 
3918.448455  	-0.026973 
3919.880113  	-0.026922 
3921.311771  	-0.027002 
3922.743429  	-0.027429 
3924.175088  	-0.027413 
3925.606746  	-0.026978 
3927.038404  	-0.027235 
3928.470062  	-0.027560 
3929.901720  	-0.027545 
3931.333378  	-0.027506 
3932.765037  	-0.027242 
3934.196695  	-0.027104 
3935.628353  	-0.027223 
3937.060011  	-0.027184 
3938.491669  	-0.027327 
3939.923328  	-0.027501 
3941.354986  	-0.027182 
3942.786644  	-0.026823 
3944.218302  	-0.026959 
3945.649960  	-0.027223 
3947.081618  	-0.027219 
3948.513277  	-0.027147 
3949.944935  	-0.027230 
3951.376593  	-0.027093 
3952.808251  	-0.026922 
3954.239909  	-0.027132 
3955.671568  	-0.027257 
3957.103226  	-0.027137 
3958.534884  	-0.027090 
3959.966542  	-0.026931 
3961.398200  	-0.026550 
3962.829859  	-0.026407 
3964.261517  	-0.026740 
3965.693175  	-0.026847 
3967.124833  	-0.026467 
3968.556491  	-0.026469 
3969.988149  	-0.026797 
3971.419808  	-0.026813 
3972.851466  	-0.026896 
3974.283124  	-0.027030 
3975.714782  	-0.026958 
3977.146440  	-0.027034 
3978.578099  	-0.027115 
3980.009757  	-0.027060 
3981.441415  	-0.026992 
3982.873073  	-0.026734 
3984.304731  	-0.026526 
3985.736389  	-0.026684 
3987.168048  	-0.026933 
3988.599706  	-0.026901 
3990.031364  	-0.026535 
3991.463022  	-0.026206 
3992.894680  	-0.026150 
3994.326339  	-0.026338 
3995.757997  	-0.026681 
3997.189655  	-0.026623 
3998.621313  	-0.026222 
4000.052971  	-0.026264 
4001.484630  	-0.026704 
4002.916288  	-0.026957 
4004.347946  	-0.026773 
4005.779604  	-0.026643 
4007.211262  	-0.027018 
4008.642920  	-0.027069 
4010.074579  	-0.026731 
4011.506237  	-0.026872 
4012.937895  	-0.026888 
4014.369553  	-0.026677 
4015.801211  	-0.026829 
4017.232870  	-0.026803 
4018.664528  	-0.026741 
4020.096186  	-0.026808 
4021.527844  	-0.026508 
4022.959502  	-0.026522 
4024.391161  	-0.026752 
4025.822819  	-0.026502 
4027.254477  	-0.026607 
4028.686135  	-0.026967 
4030.117793  	-0.026758 
4031.549451  	-0.026468 
4032.981110  	-0.026415 
4034.412768  	-0.026601 
4035.844426  	-0.026971 
4037.276084  	-0.026950 
4038.707742  	-0.026615 
4040.139401  	-0.026454 
4041.571059  	-0.026440 
4043.002717  	-0.026512 
4044.434375  	-0.026550 
4045.866033  	-0.026388 
4047.297691  	-0.026214 
4048.729350  	-0.026253 
4050.161008  	-0.026407 
4051.592666  	-0.026524 
4053.024324  	-0.026501 
4054.455982  	-0.026143 
4055.887641  	-0.025920 
4057.319299  	-0.026321 
4058.750957  	-0.026446 
4060.182615  	-0.026157 
4061.614273  	-0.026467 
4063.045932  	-0.026746 
4064.477590  	-0.026291 
4065.909248  	-0.025922 
4067.340906  	-0.026041 
4068.772564  	-0.026397 
4070.204222  	-0.026637 
4071.635881  	-0.026680 
4073.067539  	-0.026780 
4074.499197  	-0.026580 
4075.930855  	-0.026173 
4077.362513  	-0.026290 
4078.794172  	-0.026590 
4080.225830  	-0.026643 
4081.657488  	-0.026529 
4083.089146  	-0.026323 
4084.520804  	-0.026332 
4085.952463  	-0.026302 
4087.384121  	-0.026146 
4088.815779  	-0.026492 
4090.247437  	-0.026967 
4091.679095  	-0.027128 
4093.110753  	-0.027176 
4094.542412  	-0.026903 
4095.974070  	-0.026597 
4097.405728  	-0.026589 
4098.837386  	-0.026519 
4100.269044  	-0.026521 
4101.700703  	-0.026753 
4103.132361  	-0.027021 
4104.564019  	-0.027191 
4105.995677  	-0.027004 
4107.427335  	-0.026626 
4108.858993  	-0.026419 
4110.290652  	-0.026464 
4111.722310  	-0.026871 
4113.153968  	-0.027322 
4114.585626  	-0.027378 
4116.017284  	-0.026987 
4117.448943  	-0.026607 
4118.880601  	-0.026995 
4120.312259  	-0.027497 
4121.743917  	-0.027265 
4123.175575  	-0.027264 
4124.607234  	-0.027611 
4126.038892  	-0.027589 
4127.470550  	-0.027581 
4128.902208  	-0.027437 
4130.333866  	-0.027136 
4131.765524  	-0.027401 
4133.197183  	-0.027697 
4134.628841  	-0.027538 
4136.060499  	-0.027363 
4137.492157  	-0.027216 
4138.923815  	-0.027148 
4140.355474  	-0.027196 
4141.787132  	-0.027229 
4143.218790  	-0.027295 
4144.650448  	-0.027234 
4146.082106  	-0.027099 
4147.513764  	-0.027141 
4148.945423  	-0.027186 
4150.377081  	-0.027108 
4151.808739  	-0.027023 
4153.240397  	-0.027098 
4154.672055  	-0.027394 
4156.103714  	-0.027655 
4157.535372  	-0.027555 
4158.967030  	-0.027088 
4160.398688  	-0.026931 
4161.830346  	-0.027294 
4163.262005  	-0.027316 
4164.693663  	-0.027234 
4166.125321  	-0.027492 
4167.556979  	-0.027298 
4168.988637  	-0.027064 
4170.420295  	-0.027236 
4171.851954  	-0.026924 
4173.283612  	-0.026643 
4174.715270  	-0.026858 
4176.146928  	-0.026660 
4177.578586  	-0.026480 
4179.010245  	-0.027063 
4180.441903  	-0.027619 
4181.873561  	-0.027320 
4183.305219  	-0.026609 
4184.736877  	-0.026574 
4186.168536  	-0.027038 
4187.600194  	-0.027044 
4189.031852  	-0.026733 
4190.463510  	-0.026613 
4191.895168  	-0.026811 
4193.326826  	-0.027074 
4194.758485  	-0.027069 
4196.190143  	-0.027097 
4197.621801  	-0.026992 
4199.053459  	-0.026453 
4200.485117  	-0.026232 
4201.916776  	-0.026318 
4203.348434  	-0.026285 
4204.780092  	-0.026415 
4206.211750  	-0.026507 
4207.643408  	-0.026615 
4209.075066  	-0.026908 
4210.506725  	-0.026892 
4211.938383  	-0.026778 
4213.370041  	-0.026691 
4214.801699  	-0.026538 
4216.233357  	-0.026908 
4217.665016  	-0.027265 
4219.096674  	-0.026973 
4220.528332  	-0.026671 
4221.959990  	-0.026266 
4223.391648  	-0.025835 
4224.823307  	-0.026122 
4226.254965  	-0.026642 
4227.686623  	-0.026802 
4229.118281  	-0.026766 
4230.549939  	-0.026624 
4231.981597  	-0.026604 
4233.413256  	-0.026868 
4234.844914  	-0.027002 
4236.276572  	-0.026564 
4237.708230  	-0.026089 
4239.139888  	-0.026384 
4240.571547  	-0.026841 
4242.003205  	-0.026810 
4243.434863  	-0.026733 
4244.866521  	-0.026688 
4246.298179  	-0.026613 
4247.729838  	-0.026594 
4249.161496  	-0.026513 
4250.593154  	-0.026707 
4252.024812  	-0.027098 
4253.456470  	-0.027070 
4254.888128  	-0.026841 
4256.319787  	-0.026671 
4257.751445  	-0.026485 
4259.183103  	-0.026430 
4260.614761  	-0.026585 
4262.046419  	-0.026960 
4263.478078  	-0.027140 
4264.909736  	-0.026712 
4266.341394  	-0.026341 
4267.773052  	-0.026577 
4269.204710  	-0.027062 
4270.636368  	-0.027474 
4272.068027  	-0.027721 
4273.499685  	-0.027602 
4274.931343  	-0.026968 
4276.363001  	-0.026449 
4277.794659  	-0.026639 
4279.226318  	-0.026841 
4280.657976  	-0.026762 
4282.089634  	-0.026813 
4283.521292  	-0.026721 
4284.952950  	-0.026680 
4286.384609  	-0.026936 
4287.816267  	-0.026775 
4289.247925  	-0.026363 
4290.679583  	-0.026448 
4292.111241  	-0.026905 
4293.542899  	-0.027297 
4294.974558  	-0.027330 
4296.406216  	-0.027147 
4297.837874  	-0.027032 
4299.269532  	-0.026899 
4300.701190  	-0.026735 
4302.132849  	-0.026538 
4303.564507  	-0.026377 
4304.996165  	-0.026434 
4306.427823  	-0.026594 
4307.859481  	-0.026788 
4309.291140  	-0.026780 
4310.722798  	-0.026635 
4312.154456  	-0.027017 
4313.586114  	-0.027254 
4315.017772  	-0.026748 
4316.449430  	-0.026570 
4317.881089  	-0.026648 
4319.312747  	-0.026432 
4320.744405  	-0.026372 
4322.176063  	-0.026282 
4323.607721  	-0.026327 
4325.039380  	-0.026680 
4326.471038  	-0.026401 
4327.902696  	-0.025956 
4329.334354  	-0.026260 
4330.766012  	-0.026526 
4332.197670  	-0.026307 
4333.629329  	-0.026064 
4335.060987  	-0.026157 
4336.492645  	-0.026408 
4337.924303  	-0.026244 
4339.355961  	-0.026031 
4340.787620  	-0.026345 
4342.219278  	-0.026639 
4343.650936  	-0.026421 
4345.082594  	-0.025941 
4346.514252  	-0.025793 
4347.945911  	-0.026108 
4349.377569  	-0.026263 
4350.809227  	-0.026261 
4352.240885  	-0.026612 
4353.672543  	-0.027128 
4355.104201  	-0.027288 
4356.535860  	-0.026911 
4357.967518  	-0.026497 
4359.399176  	-0.026310 
4360.830834  	-0.026098 
4362.262492  	-0.026195 
4363.694151  	-0.026348 
4365.125809  	-0.026020 
4366.557467  	-0.026148 
4367.989125  	-0.026680 
4369.420783  	-0.026466 
4370.852441  	-0.026135 
4372.284100  	-0.026423 
4373.715758  	-0.026798 
4375.147416  	-0.026869 
4376.579074  	-0.026824 
4378.010732  	-0.027041 
4379.442391  	-0.027184 
4380.874049  	-0.027011 
4382.305707  	-0.027106 
4383.737365  	-0.027098 
4385.169023  	-0.026652 
4386.600682  	-0.026650 
4388.032340  	-0.027034 
4389.463998  	-0.027209 
4390.895656  	-0.027288 
4392.327314  	-0.027394 
4393.758972  	-0.027473 
4395.190631  	-0.027243 
4396.622289  	-0.026974 
4398.053947  	-0.027151 
4399.485605  	-0.027007 
4400.917263  	-0.026535 
4402.348922  	-0.026735 
4403.780580  	-0.027060 
4405.212238  	-0.027023 
4406.643896  	-0.027183 
4408.075554  	-0.027294 
4409.507213  	-0.026999 
4410.938871  	-0.026774 
4412.370529  	-0.026994 
4413.802187  	-0.027203 
4415.233845  	-0.026991 
4416.665503  	-0.027019 
4418.097162  	-0.027421 
4419.528820  	-0.027470 
4420.960478  	-0.027429 
4422.392136  	-0.027559 
4423.823794  	-0.027575 
4425.255453  	-0.027706 
4426.687111  	-0.027750 
4428.118769  	-0.027333 
4429.550427  	-0.027051 
4430.982085  	-0.027382 
4432.413743  	-0.027807 
4433.845402  	-0.027494 
4435.277060  	-0.026800 
4436.708718  	-0.026896 
4438.140376  	-0.027506 
4439.572034  	-0.027767 
4441.003693  	-0.027886 
4442.435351  	-0.028026 
4443.867009  	-0.028138 
4445.298667  	-0.028327 
4446.730325  	-0.028364 
4448.161984  	-0.028170 
4449.593642  	-0.028033 
4451.025300  	-0.028048 
4452.456958  	-0.028079 
4453.888616  	-0.028150 
4455.320274  	-0.028534 
4456.751933  	-0.028953 
4458.183591  	-0.028846 
4459.615249  	-0.028541 
4461.046907  	-0.028529 
4462.478565  	-0.028717 
4463.910224  	-0.028896 
4465.341882  	-0.028870 
4466.773540  	-0.028756 
4468.205198  	-0.028875 
4469.636856  	-0.029050 
4471.068515  	-0.028830 
4472.500173  	-0.028218 
4473.931831  	-0.027854 
4475.363489  	-0.028055 
4476.795147  	-0.028240 
4478.226805  	-0.028268 
4479.658464  	-0.028597 
4481.090122  	-0.029037 
4482.521780  	-0.029081 
4483.953438  	-0.028719 
4485.385096  	-0.028595 
4486.816755  	-0.028964 
4488.248413  	-0.028921 
4489.680071  	-0.028474 
4491.111729  	-0.028758 
4492.543387  	-0.029209 
4493.975045  	-0.028809 
4495.406704  	-0.028445 
4496.838362  	-0.028715 
4498.270020  	-0.028806 
4499.701678  	-0.028526 
4501.133336  	-0.028492 
4502.564995  	-0.028656 
4503.996653  	-0.028571 
4505.428311  	-0.028433 
4506.859969  	-0.028522 
4508.291627  	-0.028545 
4509.723286  	-0.028447 
4511.154944  	-0.028607 
4512.586602  	-0.028948 
4514.018260  	-0.029060 
4515.449918  	-0.029051 
4516.881576  	-0.029120 
4518.313235  	-0.029037 
4519.744893  	-0.028768 
4521.176551  	-0.028393 
4522.608209  	-0.028088 
4524.039867  	-0.028479 
4525.471526  	-0.029130 
4526.903184  	-0.028878 
4528.334842  	-0.028342 
4529.766500  	-0.028437 
4531.198158  	-0.028735 
4532.629817  	-0.029044 
4534.061475  	-0.029252 
4535.493133  	-0.029123 
4536.924791  	-0.028898 
4538.356449  	-0.028438 
4539.788107  	-0.028021 
4541.219766  	-0.028448 
4542.651424  	-0.028922 
4544.083082  	-0.028619 
4545.514740  	-0.028474 
4546.946398  	-0.028881 
4548.378057  	-0.029121 
4549.809715  	-0.028893 
4551.241373  	-0.028447 
4552.673031  	-0.028170 
4554.104689  	-0.028200 
4555.536347  	-0.028346 
4556.968006  	-0.028448 
4558.399664  	-0.028415 
4559.831322  	-0.028262 
4561.262980  	-0.028127 
4562.694638  	-0.028117 
4564.126297  	-0.028266 
4565.557955  	-0.028437 
4566.989613  	-0.028435 
4568.421271  	-0.028282 
4569.852929  	-0.028079 
4571.284588  	-0.027901 
4572.716246  	-0.027963 
4574.147904  	-0.028328 
4575.579562  	-0.028517 
4577.011220  	-0.028212 
4578.442878  	-0.027833 
4579.874537  	-0.027667 
4581.306195  	-0.027719 
4582.737853  	-0.028230 
4584.169511  	-0.028790 
4585.601169  	-0.028598 
4587.032828  	-0.028137 
4588.464486  	-0.028137 
4589.896144  	-0.028184 
4591.327802  	-0.028038 
4592.759460  	-0.028014 
4594.191118  	-0.027985 
4595.622777  	-0.027883 
4597.054435  	-0.028081 
4598.486093  	-0.028628 
4599.917751  	-0.029008 
4601.349409  	-0.028623 
4602.781068  	-0.027741 
4604.212726  	-0.027511 
4605.644384  	-0.028133 
4607.076042  	-0.028703 
4608.507700  	-0.028911 
4609.939359  	-0.028891 
4611.371017  	-0.028720 
4612.802675  	-0.028629 
4614.234333  	-0.028542 
4615.665991  	-0.028369 
4617.097649  	-0.028346 
4618.529308  	-0.028418 
4619.960966  	-0.028480 
4621.392624  	-0.028512 
4622.824282  	-0.028289 
4624.255940  	-0.027921 
4625.687599  	-0.027823 
4627.119257  	-0.028191 
4628.550915  	-0.028610 
4629.982573  	-0.028361 
4631.414231  	-0.027780 
4632.845890  	-0.027650 
4634.277548  	-0.027704 
4635.709206  	-0.027665 
4637.140864  	-0.027793 
4638.572522  	-0.028127 
4640.004180  	-0.028382 
4641.435839  	-0.028065 
4642.867497  	-0.027630 
4644.299155  	-0.028071 
4645.730813  	-0.028750 
4647.162471  	-0.028735 
4648.594130  	-0.028539 
4650.025788  	-0.028582 
4651.457446  	-0.028510 
4652.889104  	-0.028187 
4654.320762  	-0.028153 
4655.752420  	-0.028492 
4657.184079  	-0.028322 
4658.615737  	-0.027875 
4660.047395  	-0.028085 
4661.479053  	-0.028590 
4662.910711  	-0.028918 
4664.342370  	-0.028726 
4665.774028  	-0.027942 
4667.205686  	-0.027833 
4668.637344  	-0.028547 
4670.069002  	-0.028847 
4671.500661  	-0.028848 
4672.932319  	-0.028970 
4674.363977  	-0.029056 
4675.795635  	-0.028913 
4677.227293  	-0.028335 
4678.658951  	-0.028089 
4680.090610  	-0.028523 
4681.522268  	-0.028615 
4682.953926  	-0.028476 
4684.385584  	-0.028779 
4685.817242  	-0.029079 
4687.248901  	-0.028878 
4688.680559  	-0.028213 
4690.112217  	-0.027638 
4691.543875  	-0.027492 
4692.975533  	-0.027760 
4694.407192  	-0.028536 
4695.838850  	-0.028816 
4697.270508  	-0.028219 
4698.702166  	-0.028302 
4700.133824  	-0.028809 
4701.565482  	-0.028647 
4702.997141  	-0.028660 
4704.428799  	-0.028875 
4705.860457  	-0.028580 
4707.292115  	-0.028098 
4708.723773  	-0.027816 
4710.155432  	-0.028238 
4711.587090  	-0.029021 
4713.018748  	-0.028954 
4714.450406  	-0.028445 
4715.882064  	-0.028513 
4717.313722  	-0.028915 
4718.745381  	-0.029170 
4720.177039  	-0.029344 
4721.608697  	-0.029517 
4723.040355  	-0.029276 
4724.472013  	-0.028803 
4725.903672  	-0.028638 
4727.335330  	-0.028364 
4728.766988  	-0.028224 
4730.198646  	-0.028558 
4731.630304  	-0.028625 
4733.061963  	-0.029013 
4734.493621  	-0.029723 
4735.925279  	-0.029340 
4737.356937  	-0.028939 
4738.788595  	-0.029224 
4740.220253  	-0.029040 
4741.651912  	-0.029004 
4743.083570  	-0.029132 
4744.515228  	-0.028763 
4745.946886  	-0.028830 
4747.378544  	-0.028917 
4748.810203  	-0.028558 
4750.241861  	-0.028730 
4751.673519  	-0.028904 
4753.105177  	-0.028761 
4754.536835  	-0.028901 
4755.968493  	-0.028832 
4757.400152  	-0.028563 
4758.831810  	-0.028356 
4760.263468  	-0.028107 
4761.695126  	-0.028457 
4763.126784  	-0.029043 
4764.558443  	-0.028796 
4765.990101  	-0.028098 
4767.421759  	-0.027677 
4768.853417  	-0.027875 
4770.285075  	-0.028500 
4771.716734  	-0.028679 
4773.148392  	-0.028511 
4774.580050  	-0.028854 
4776.011708  	-0.029416 
4777.443366  	-0.029408 
4778.875024  	-0.029088 
4780.306683  	-0.029027 
4781.738341  	-0.028912 
4783.169999  	-0.028641 
4784.601657  	-0.028715 
4786.033315  	-0.028925 
4787.464974  	-0.028983 
4788.896632  	-0.028961 
4790.328290  	-0.028568 
4791.759948  	-0.028294 
4793.191606  	-0.028831 
4794.623265  	-0.029259 
4796.054923  	-0.028935 
4797.486581  	-0.028719 
4798.918239  	-0.028784 
4800.349897  	-0.028538 
4801.781555  	-0.028398 
4803.213214  	-0.028731 
4804.644872  	-0.028772 
4806.076530  	-0.028522 
4807.508188  	-0.028564 
4808.939846  	-0.028596 
4810.371505  	-0.028661 
4811.803163  	-0.028785 
4813.234821  	-0.028461 
4814.666479  	-0.028332 
4816.098137  	-0.028594 
4817.529795  	-0.028418 
4818.961454  	-0.028351 
4820.393112  	-0.028596 
4821.824770  	-0.028530 
4823.256428  	-0.028715 
4824.688086  	-0.029131 
4826.119745  	-0.029173 
4827.551403  	-0.029088 
4828.983061  	-0.028691 
4830.414719  	-0.028065 
4831.846377  	-0.027866 
4833.278036  	-0.027807 
4834.709694  	-0.027771 
4836.141352  	-0.028261 
4837.573010  	-0.029132 
4839.004668  	-0.029714 
4840.436326  	-0.029429 
4841.867985  	-0.028634 
4843.299643  	-0.028265 
4844.731301  	-0.028465 
4846.162959  	-0.028693 
4847.594617  	-0.028319 
4849.026276  	-0.027708 
4850.457934  	-0.028034 
4851.889592  	-0.028636 
4853.321250  	-0.028302 
4854.752908  	-0.028051 
4856.184567  	-0.028423 
4857.616225  	-0.028151 
4859.047883  	-0.027296 
4860.479541  	-0.027312 
4861.911199  	-0.028273 
4863.342857  	-0.029060 
4864.774516  	-0.029400 
4866.206174  	-0.029511 
4867.637832  	-0.029084 
4869.069490  	-0.028115 
4870.501148  	-0.027436 
4871.932807  	-0.027935 
4873.364465  	-0.029152 
4874.796123  	-0.029318 
4876.227781  	-0.028499 
4877.659439  	-0.028551 
4879.091097  	-0.029071 
4880.522756  	-0.028599 
4881.954414  	-0.027989 
4883.386072  	-0.028198 
4884.817730  	-0.028539 
4886.249388  	-0.028701 
4887.681047  	-0.028750 
4889.112705  	-0.028237 
4890.544363  	-0.027642 
4891.976021  	-0.027769 
4893.407679  	-0.027890 
4894.839338  	-0.027761 
4896.270996  	-0.027967 
4897.702654  	-0.027985 
4899.134312  	-0.028040 
4900.565970  	-0.028771 
4901.997628  	-0.029089 
4903.429287  	-0.028676 
4904.860945  	-0.028102 
4906.292603  	-0.027551 
4907.724261  	-0.027904 
4909.155919  	-0.028525 
4910.587578  	-0.028261 
4912.019236  	-0.028452 
4913.450894  	-0.028955 
4914.882552  	-0.028333 
4916.314210  	-0.027732 
4917.745869  	-0.028000 
4919.177527  	-0.028422 
4920.609185  	-0.028538 
4922.040843  	-0.028464 
4923.472501  	-0.028958 
4924.904159  	-0.029395 
4926.335818  	-0.028938 
4927.767476  	-0.028980 
4929.199134  	-0.029541 
4930.630792  	-0.029568 
4932.062450  	-0.029372 
4933.494109  	-0.028649 
4934.925767  	-0.028137 
4936.357425  	-0.029002 
4937.789083  	-0.029664 
4939.220741  	-0.029571 
4940.652399  	-0.029441 
4942.084058  	-0.029029 
4943.515716  	-0.029251 
4944.947374  	-0.029718 
4946.379032  	-0.029030 
4947.810690  	-0.028886 
4949.242349  	-0.029660 
4950.674007  	-0.029451 
4952.105665  	-0.028962 
4953.537323  	-0.028954 
4954.968981  	-0.028631 
4956.400640  	-0.028378 
4957.832298  	-0.028630 
4959.263956  	-0.028848 
4960.695614  	-0.028928 
4962.127272  	-0.029099 
4963.558930  	-0.028978 
4964.990589  	-0.028478 
4966.422247  	-0.028434 
4967.853905  	-0.028524 
4969.285563  	-0.028085 
4970.717221  	-0.028286 
4972.148880  	-0.029071 
4973.580538  	-0.029102 
4975.012196  	-0.029146 
4976.443854  	-0.029671 
4977.875512  	-0.029812 
4979.307170  	-0.029836 
4980.738829  	-0.029967 
4982.170487  	-0.029744 
4983.602145  	-0.029271 
4985.033803  	-0.028900 
4986.465461  	-0.028910 
4987.897120  	-0.029119 
4989.328778  	-0.029123 
4990.760436  	-0.029232 
4992.192094  	-0.029612 
4993.623752  	-0.029755 
4995.055411  	-0.029295 
4996.487069  	-0.028577 
4997.918727  	-0.028461 
4999.350385  	-0.028867 
5000.782043  	-0.028964 
5002.213701  	-0.028923 
5003.645360  	-0.029056 
5005.077018  	-0.029149 
5006.508676  	-0.029396 
5007.940334  	-0.029640 
5009.371992  	-0.029472 
5010.803651  	-0.029439 
5012.235309  	-0.029749 
5013.666967  	-0.029682 
5015.098625  	-0.029399 
5016.530283  	-0.029478 
5017.961942  	-0.029595 
5019.393600  	-0.029727 
5020.825258  	-0.029903 
5022.256916  	-0.029274 
5023.688574  	-0.028339 
5025.120232  	-0.028718 
5026.551891  	-0.029967 
5027.983549  	-0.030482 
5029.415207  	-0.029940 
5030.846865  	-0.029243 
5032.278523  	-0.029330 
5033.710182  	-0.029651 
5035.141840  	-0.029217 
5036.573498  	-0.028731 
5038.005156  	-0.028984 
5039.436814  	-0.029475 
5040.868472  	-0.029762 
5042.300131  	-0.029839 
5043.731789  	-0.029664 
5045.163447  	-0.029325 
5046.595105  	-0.029224 
5048.026763  	-0.029277 
5049.458422  	-0.028838 
5050.890080  	-0.028330 
5052.321738  	-0.028329 
5053.753396  	-0.028415 
5055.185054  	-0.028856 
5056.616713  	-0.029456 
5058.048371  	-0.029170 
5059.480029  	-0.028812 
5060.911687  	-0.028931 
5062.343345  	-0.028755 
5063.775003  	-0.028794 
5065.206662  	-0.028976 
5066.638320  	-0.028584 
5068.069978  	-0.028619 
5069.501636  	-0.029172 
5070.933294  	-0.029059 
5072.364953  	-0.028347 
5073.796611  	-0.027792 
5075.228269  	-0.028064 
5076.659927  	-0.029108 
5078.091585  	-0.030042 
5079.523244  	-0.030436 
5080.954902  	-0.029946 
5082.386560  	-0.028777 
5083.818218  	-0.028096 
5085.249876  	-0.028119 
5086.681534  	-0.028538 
5088.113193  	-0.029072 
5089.544851  	-0.029099 
5090.976509  	-0.029243 
5092.408167  	-0.029710 
5093.839825  	-0.029237 
5095.271484  	-0.028773 
5096.703142  	-0.029396 
5098.134800  	-0.029526 
5099.566458  	-0.029403 
5100.998116  	-0.030040 
5102.429774  	-0.029816 
5103.861433  	-0.029073 
5105.293091  	-0.029697 
5106.724749  	-0.030120 
5108.156407  	-0.029270 
5109.588065  	-0.029046 
5111.019724  	-0.029307 
5112.451382  	-0.028565 
5113.883040  	-0.027894 
5115.314698  	-0.028667 
5116.746356  	-0.029683 
5118.178015  	-0.029476 
5119.609673  	-0.029167 
5121.041331  	-0.029856 
5122.472989  	-0.029938 
5123.904647  	-0.029138 
5125.336305  	-0.029133 
5126.767964  	-0.029147 
5128.199622  	-0.028415 
5129.631280  	-0.028393 
5131.062938  	-0.028965 
5132.494596  	-0.029326 
5133.926255  	-0.029661 
5135.357913  	-0.029358 
5136.789571  	-0.028715 
5138.221229  	-0.028984 
5139.652887  	-0.029461 
5141.084546  	-0.029133 
5142.516204  	-0.028595 
5143.947862  	-0.028754 
5145.379520  	-0.029482 
5146.811178  	-0.029572 
5148.242836  	-0.028790 
5149.674495  	-0.028648 
5151.106153  	-0.029249 
5152.537811  	-0.028955 
5153.969469  	-0.028118 
5155.401127  	-0.028524 
5156.832786  	-0.029397 
5158.264444  	-0.028749 
5159.696102  	-0.027524 
5161.127760  	-0.027541 
5162.559418  	-0.028392 
5163.991076  	-0.028947 
5165.422735  	-0.028874 
5166.854393  	-0.028632 
5168.286051  	-0.028637 
5169.717709  	-0.028902 
5171.149367  	-0.029579 
5172.581026  	-0.029906 
5174.012684  	-0.029046 
5175.444342  	-0.028331 
5176.876000  	-0.028592 
5178.307658  	-0.028966 
5179.739317  	-0.029302 
5181.170975  	-0.029308 
5182.602633  	-0.028763 
5184.034291  	-0.028623 
5185.465949  	-0.028787 
5186.897607  	-0.028785 
5188.329266  	-0.029005 
5189.760924  	-0.028902 
5191.192582  	-0.028444 
5192.624240  	-0.028872 
5194.055898  	-0.029610 
5195.487557  	-0.029013 
5196.919215  	-0.027832 
5198.350873  	-0.028087 
5199.782531  	-0.028960 
5201.214189  	-0.028741 
5202.645847  	-0.028687 
5204.077506  	-0.029519 
5205.509164  	-0.029677 
5206.940822  	-0.029061 
5208.372480  	-0.028944 
5209.804138  	-0.029559 
5211.235797  	-0.030512 
5212.667455  	-0.030872 
5214.099113  	-0.030256 
5215.530771  	-0.029446 
5216.962429  	-0.028985 
5218.394088  	-0.028770 
5219.825746  	-0.028452 
5221.257404  	-0.028399 
5222.689062  	-0.029292 
5224.120720  	-0.029785 
5225.552378  	-0.028874 
5226.984037  	-0.028453 
5228.415695  	-0.029133 
5229.847353  	-0.029535 
5231.279011  	-0.029442 
5232.710669  	-0.028793 
5234.142328  	-0.028190 
5235.573986  	-0.028988 
5237.005644  	-0.030417 
5238.437302  	-0.030421 
5239.868960  	-0.029469 
5241.300619  	-0.029456 
5242.732277  	-0.030018 
5244.163935  	-0.029829 
5245.595593  	-0.029428 
5247.027251  	-0.029763 
5248.458909  	-0.030376 
5249.890568  	-0.030540 
5251.322226  	-0.030182 
5252.753884  	-0.029794 
5254.185542  	-0.029502 
5255.617200  	-0.029058 
5257.048859  	-0.028716 
5258.480517  	-0.028958 
5259.912175  	-0.029735 
5261.343833  	-0.030108 
5262.775491  	-0.029247 
5264.207149  	-0.028393 
5265.638808  	-0.028582 
5267.070466  	-0.029133 
5268.502124  	-0.029936 
5269.933782  	-0.030057 
5271.365440  	-0.029253 
5272.797099  	-0.029868 
5274.228757  	-0.030713 
5275.660415  	-0.029458 
5277.092073  	-0.028723 
5278.523731  	-0.029453 
5279.955390  	-0.029590 
5281.387048  	-0.029829 
5282.818706  	-0.030330 
5284.250364  	-0.030192 
5285.682022  	-0.030124 
5287.113680  	-0.029979 
5288.545339  	-0.029852 
5289.976997  	-0.030180 
5291.408655  	-0.029692 
5292.840313  	-0.029080 
5294.271971  	-0.029436 
5295.703630  	-0.029196 
5297.135288  	-0.028954 
5298.566946  	-0.029794 
5299.998604  	-0.029551 
5301.430262  	-0.028245 
5302.861921  	-0.028418 
5304.293579  	-0.029664 
5305.725237  	-0.030036 
5307.156895  	-0.029173 
5308.588553  	-0.028607 
5310.020211  	-0.029285 
5311.451870  	-0.029208 
5312.883528  	-0.028233 
5314.315186  	-0.028472 
5315.746844  	-0.028803 
5317.178502  	-0.028218 
5318.610161  	-0.028785 
5320.041819  	-0.029890 
5321.473477  	-0.029993 
5322.905135  	-0.030079 
5324.336793  	-0.029728 
5325.768451  	-0.028406 
5327.200110  	-0.027629 
5328.631768  	-0.027536 
5330.063426  	-0.027472 
5331.495084  	-0.028044 
5332.926742  	-0.029300 
5334.358401  	-0.030200 
5335.790059  	-0.030095 
5337.221717  	-0.029263 
5338.653375  	-0.028357 
5340.085033  	-0.028071 
5341.516692  	-0.028705 
5342.948350  	-0.029222 
5344.380008  	-0.028533 
5345.811666  	-0.028077 
5347.243324  	-0.029041 
5348.674982  	-0.029562 
5350.106641  	-0.029368 
5351.538299  	-0.029374 
5352.969957  	-0.029290 
5354.401615  	-0.029021 
5355.833273  	-0.029105 
5357.264932  	-0.029029 
5358.696590  	-0.028451 
5360.128248  	-0.028417 
5361.559906  	-0.029199 
5362.991564  	-0.029368 
5364.423222  	-0.028977 
5365.854881  	-0.028976 
5367.286539  	-0.028433 
5368.718197  	-0.027889 
5370.149855  	-0.028901 
5371.581513  	-0.029417 
5373.013172  	-0.028287 
5374.444830  	-0.028556 
5375.876488  	-0.030254 
5377.308146  	-0.029998 
5378.739804  	-0.028866 
5380.171463  	-0.029415 
5381.603121  	-0.030046 
5383.034779  	-0.029881 
5384.466437  	-0.029576 
5385.898095  	-0.029220 
5387.329753  	-0.029683 
5388.761412  	-0.030230 
5390.193070  	-0.029630 
5391.624728  	-0.029635 
5393.056386  	-0.029920 
5394.488044  	-0.029184 
5395.919703  	-0.029942 
5397.351361  	-0.030676 
5398.783019  	-0.029383 
5400.214677  	-0.029525 
5401.646335  	-0.030234 
5403.077994  	-0.029215 
5404.509652  	-0.029239 
5405.941310  	-0.029720 
5407.372968  	-0.029110 
5408.804626  	-0.029173 
5410.236284  	-0.028944 
5411.667943  	-0.028582 
5413.099601  	-0.029823 
5414.531259  	-0.030124 
5415.962917  	-0.029148 
5417.394575  	-0.029455 
5418.826234  	-0.030355 
5420.257892  	-0.030755 
5421.689550  	-0.030164 
5423.121208  	-0.029106 
5424.552866  	-0.028977 
5425.984524  	-0.029091 
5427.416183  	-0.028717 
5428.847841  	-0.028575 
5430.279499  	-0.028663 
5431.711157  	-0.029009 
5433.142815  	-0.029498 
5434.574474  	-0.029294 
5436.006132  	-0.028529 
5437.437790  	-0.028597 
5438.869448  	-0.029505 
5440.301106  	-0.029575 
5441.732765  	-0.028527 
5443.164423  	-0.028464 
5444.596081  	-0.028635 
5446.027739  	-0.027879 
5447.459397  	-0.027983 
5448.891055  	-0.028274 
5450.322714  	-0.027732 
5451.754372  	-0.028365 
5453.186030  	-0.029323 
5454.617688  	-0.029234 
5456.049346  	-0.029915 
5457.481005  	-0.030746 
5458.912663  	-0.029718 
5460.344321  	-0.028707 
5461.775979  	-0.028871 
5463.207637  	-0.028908 
5464.639296  	-0.028928 
5466.070954  	-0.028616 
5467.502612  	-0.027532 
5468.934270  	-0.027736 
5470.365928  	-0.029070 
5471.797586  	-0.029101 
5473.229245  	-0.028359 
5474.660903  	-0.027310 
5476.092561  	-0.026349 
5477.524219  	-0.027922 
5478.955877  	-0.030058 
5480.387536  	-0.030093 
5481.819194  	-0.029637 
5483.250852  	-0.029620 
5484.682510  	-0.028694 
5486.114168  	-0.027464 
5487.545826  	-0.028161 
5488.977485  	-0.030209 
5490.409143  	-0.030206 
5491.840801  	-0.028742 
5493.272459  	-0.028453 
5494.704117  	-0.028226 
5496.135776  	-0.028208 
5497.567434  	-0.029026 
5498.999092  	-0.028550 
5500.430750  	-0.028171 
5501.862408  	-0.029484 
5503.294067  	-0.029949 
5504.725725  	-0.029926 
5506.157383  	-0.030112 
5507.589041  	-0.029095 
5509.020699  	-0.028304 
5510.452357  	-0.028651 
5511.884016  	-0.029228 
5513.315674  	-0.029721 
5514.747332  	-0.029104 
5516.178990  	-0.028470 
5517.610648  	-0.029315 
5519.042307  	-0.030100 
5520.473965  	-0.030310 
5521.905623  	-0.029942 
5523.337281  	-0.028928 
5524.768939  	-0.028993 
5526.200598  	-0.030058 
5527.632256  	-0.030912 
5529.063914  	-0.030807 
5530.495572  	-0.028930 
5531.927230  	-0.027701 
5533.358888  	-0.028564 
5534.790547  	-0.028530 
5536.222205  	-0.027789 
5537.653863  	-0.028397 
5539.085521  	-0.028696 
5540.517179  	-0.028399 
5541.948838  	-0.028872 
5543.380496  	-0.028995 
5544.812154  	-0.028633 
5546.243812  	-0.029424 
5547.675470  	-0.029898 
5549.107128  	-0.028558 
5550.538787  	-0.028026 
5551.970445  	-0.028247 
5553.402103  	-0.026885 
5554.833761  	-0.026637 
5556.265419  	-0.028507 
5557.697078  	-0.029145 
5559.128736  	-0.029307 
5560.560394  	-0.029972 
5561.992052  	-0.029089 
5563.423710  	-0.028283 
5564.855369  	-0.029756 
5566.287027  	-0.031026 
5567.718685  	-0.029533 
5569.150343  	-0.027399 
5570.582001  	-0.028000 
5572.013659  	-0.029887 
5573.445318  	-0.030281 
5574.876976  	-0.030048 
5576.308634  	-0.029304 
5577.740292  	-0.028050 
5579.171950  	-0.028704 
5580.603609  	-0.030402 
5582.035267  	-0.030153 
5583.466925  	-0.029011 
5584.898583  	-0.029054 
5586.330241  	-0.028927 
5587.761899  	-0.027474 
5589.193558  	-0.027407 
5590.625216  	-0.029642 
5592.056874  	-0.030711 
5593.488532  	-0.030091 
5594.920190  	-0.029776 
5596.351849  	-0.029360 
5597.783507  	-0.028392 
5599.215165  	-0.027011 
5600.646823  	-0.026181 
5602.078481  	-0.027434 
5603.510140  	-0.028429 
5604.941798  	-0.027385 
5606.373456  	-0.027061 
5607.805114  	-0.027743 
5609.236772  	-0.027854 
5610.668430  	-0.028329 
5612.100089  	-0.029082 
5613.531747  	-0.029153 
5614.963405  	-0.028806 
5616.395063  	-0.028298 
5617.826721  	-0.028372 
5619.258380  	-0.028930 
5620.690038  	-0.028519 
5622.121696  	-0.028089 
5623.553354  	-0.028971 
5624.985012  	-0.029088 
5626.416671  	-0.027801 
5627.848329  	-0.027752 
5629.279987  	-0.029077 
5630.711645  	-0.029297 
5632.143303  	-0.028274 
5633.574961  	-0.028244 
5635.006620  	-0.029869 
5636.438278  	-0.030646 
5637.869936  	-0.029571 
5639.301594  	-0.029289 
5640.733252  	-0.030172 
5642.164911  	-0.030197 
5643.596569  	-0.029636 
5645.028227  	-0.029120 
5646.459885  	-0.028962 
5647.891543  	-0.029403 
5649.323201  	-0.028990 
5650.754860  	-0.027799 
5652.186518  	-0.027687 
5653.618176  	-0.028349 
5655.049834  	-0.028956 
5656.481492  	-0.029439 
5657.913151  	-0.029252 
5659.344809  	-0.028146 
5660.776467  	-0.027458 
5662.208125  	-0.028850 
5663.639783  	-0.030217 
5665.071442  	-0.029085 
5666.503100  	-0.028229 
5667.934758  	-0.028898 
5669.366416  	-0.028899 
5670.798074  	-0.028710 
5672.229732  	-0.028430 
5673.661391  	-0.027574 
5675.093049  	-0.027383 
5676.524707  	-0.027768 
5677.956365  	-0.028648 
5679.388023  	-0.029650 
5680.819682  	-0.029516 
5682.251340  	-0.029362 
5683.682998  	-0.029409 
5685.114656  	-0.029157 
5686.546314  	-0.029537 
5687.977973  	-0.028958 
5689.409631  	-0.027967 
5690.841289  	-0.029061 
5692.272947  	-0.029686 
5693.704605  	-0.028821 
5695.136263  	-0.027712 
5696.567922  	-0.025842 
5697.999580  	-0.025944 
5699.431238  	-0.028409 
5700.862896  	-0.028847 
5702.294554  	-0.027491 
5703.726213  	-0.026641 
5705.157871  	-0.026702 
5706.589529  	-0.027500 
5708.021187  	-0.027338 
5709.452845  	-0.026070 
5710.884503  	-0.025406 
5712.316162  	-0.026388 
5713.747820  	-0.028189 
5715.179478  	-0.027798 
5716.611136  	-0.026465 
5718.042794  	-0.027744 
5719.474453  	-0.028957 
5720.906111  	-0.028079 
5722.337769  	-0.027537 
5723.769427  	-0.028767 
5725.201085  	-0.031229 
5726.632744  	-0.031282 
5728.064402  	-0.028549 
5729.496060  	-0.027792 
5730.927718  	-0.027934 
5732.359376  	-0.027005 
5733.791034  	-0.027108 
5735.222693  	-0.026790 
5736.654351  	-0.026528 
5738.086009  	-0.028326 
5739.517667  	-0.029292 
5740.949325  	-0.029127 
5742.380984  	-0.028998 
5743.812642  	-0.027605 
5745.244300  	-0.026244 
5746.675958  	-0.026014 
5748.107616  	-0.027026 
5749.539275  	-0.029589 
5750.970933  	-0.030889 
5752.402591  	-0.029477 
5753.834249  	-0.027199 
5755.265907  	-0.025876 
5756.697565  	-0.027081 
5758.129224  	-0.028172 
5759.560882  	-0.026474 
5760.992540  	-0.026152 
5762.424198  	-0.028446 
5763.855856  	-0.028900 
5765.287515  	-0.027390 
5766.719173  	-0.027353 
5768.150831  	-0.029551 
5769.582489  	-0.030709 
5771.014147  	-0.028571 
5772.445805  	-0.026243 
5773.877464  	-0.026208 
5775.309122  	-0.026602 
5776.740780  	-0.026996 
5778.172438  	-0.028578 
5779.604096  	-0.030311 
5781.035755  	-0.030615 
5782.467413  	-0.030066 
5783.899071  	-0.030022 
5785.330729  	-0.030558 
5786.762387  	-0.030475 
5788.194046  	-0.029094 
5789.625704  	-0.027540 
5791.057362  	-0.026687 
5792.489020  	-0.026553 
5793.920678  	-0.027795 
5795.352336  	-0.028445 
5796.783995  	-0.026172 
5798.215653  	-0.024713 
5799.647311  	-0.026075 
5801.078969  	-0.027261 
5802.510627  	-0.028483 
5803.942286  	-0.029038 
5805.373944  	-0.027089 
5806.805602  	-0.026446 
5808.237260  	-0.028271 
5809.668918  	-0.029303 
5811.100576  	-0.028713 
5812.532235  	-0.025891 
5813.963893  	-0.023670 
5815.395551  	-0.026032 
5816.827209  	-0.028888 
5818.258867  	-0.029851 
5819.690526  	-0.030828 
5821.122184  	-0.028455 
5822.553842  	-0.024186 
5823.985500  	-0.025040 
5825.417158  	-0.028455 
5826.848817  	-0.029296 
5828.280475  	-0.028741 
5829.712133  	-0.027621 
5831.143791  	-0.026330 
5832.575449  	-0.026061 
5834.007107  	-0.026012 
5835.438766  	-0.025618 
5836.870424  	-0.025974 
5838.302082  	-0.027421 
5839.733740  	-0.028058 
5841.165398  	-0.027098 
5842.597057  	-0.027223 
5844.028715  	-0.028265 
5845.460373  	-0.028002 
5846.892031  	-0.028373 
5848.323689  	-0.029303 
5849.755348  	-0.028382 
5851.187006  	-0.027805 
5852.618664  	-0.028511 
5854.050322  	-0.028788 
5855.481980  	-0.028909 
5856.913638  	-0.028434 
5858.345297  	-0.028190 
5859.776955  	-0.028513 
5861.208613  	-0.026811 
5862.640271  	-0.025386 
5864.071929  	-0.026223 
5865.503588  	-0.026523 
5866.935246  	-0.027651 
5868.366904  	-0.029173 
5869.798562  	-0.028084 
5871.230220  	-0.027322 
5872.661878  	-0.027032 
5874.093537  	-0.025784 
5875.525195  	-0.026126 
5876.956853  	-0.026054 
5878.388511  	-0.025090 
5879.820169  	-0.026212 
5881.251828  	-0.026728 
5882.683486  	-0.025822 
5884.115144  	-0.025210 
5885.546802  	-0.024242 
5886.978460  	-0.025038 
5888.410119  	-0.027310 
5889.841777  	-0.028591 
5891.273435  	-0.029588 
5892.705093  	-0.028735 
5894.136751  	-0.027268 
5895.568409  	-0.028548 
5897.000068  	-0.028667 
5898.431726  	-0.026877 
5899.863384  	-0.026837 
5901.295042  	-0.027133 
5902.726700  	-0.028193 
5904.158359  	-0.030444 
5905.590017  	-0.030327 
5907.021675  	-0.029027 
5908.453333  	-0.029040 
5909.884991  	-0.028696 
5911.316650  	-0.027577 
5912.748308  	-0.027305 
5914.179966  	-0.027791 
5915.611624  	-0.027187 
5917.043282  	-0.025907 
5918.474940  	-0.026709 
5919.906599  	-0.029113 
5921.338257  	-0.030104 
5922.769915  	-0.028786 
5924.201573  	-0.027698 
5925.633231  	-0.029043 
5927.064890  	-0.029675 
5928.496548  	-0.028331 
5929.928206  	-0.028526 
5931.359864  	-0.029090 
5932.791522  	-0.028484 
5934.223180  	-0.029853 
5935.654839  	-0.031843 
5937.086497  	-0.030992 
5938.518155  	-0.028885 
5939.949813  	-0.028118 
5941.381471  	-0.028197 
5942.813130  	-0.027440 
5944.244788  	-0.027680 
5945.676446  	-0.029772 
5947.108104  	-0.029693 
5948.539762  	-0.028180 
5949.971421  	-0.028907 
5951.403079  	-0.030284 
5952.834737  	-0.031307 
5954.266395  	-0.031266 
5955.698053  	-0.028664 
5957.129711  	-0.026960 
5958.561370  	-0.027878 
5959.993028  	-0.029548 
5961.424686  	-0.031774 
5962.856344  	-0.032302 
5964.288002  	-0.030274 
5965.719661  	-0.028524 
5967.151319  	-0.026740 
5968.582977  	-0.025630 
5970.014635  	-0.027199 
5971.446293  	-0.028493 
5972.877951  	-0.029075 
5974.309610  	-0.030402 
5975.741268  	-0.029657 
5977.172926  	-0.028162 
5978.604584  	-0.028226 
5980.036242  	-0.026847 
5981.467901  	-0.026178 
5982.899559  	-0.028939 
5984.331217  	-0.030479 
5985.762875  	-0.030769 
5987.194533  	-0.032121 
5988.626192  	-0.031441 
5990.057850  	-0.029515 
5991.489508  	-0.028556 
5992.921166  	-0.027824 
5994.352824  	-0.029022 
5995.784482  	-0.030253 
5997.216141  	-0.028704 
5998.647799  	-0.028226 
6000.079457  	-0.029200 
6001.511115  	-0.028871 
6002.942773  	-0.028403 
6004.374432  	-0.028008 
6005.806090  	-0.028243 
6007.237748  	-0.029132 
6008.669406  	-0.028002 
6010.101064  	-0.027422 
6011.532723  	-0.029243 
6012.964381  	-0.028817 
6014.396039  	-0.026768 
6015.827697  	-0.027795 
6017.259355  	-0.030742 
6018.691013  	-0.032109 
6020.122672  	-0.031231 
6021.554330  	-0.029517 
6022.985988  	-0.028450 
6024.417646  	-0.029210 
6025.849304  	-0.030389 
6027.280963  	-0.029016 
6028.712621  	-0.027736 
6030.144279  	-0.028837 
6031.575937  	-0.028622 
6033.007595  	-0.027830 
6034.439253  	-0.028162 
6035.870912  	-0.026859 
6037.302570  	-0.026058 
6038.734228  	-0.028238 
6040.165886  	-0.030279 
6041.597544  	-0.030334 
6043.029203  	-0.029815 
6044.460861  	-0.031542 
6045.892519  	-0.034086 
6047.324177  	-0.032673 
6048.755835  	-0.030375 
6050.187494  	-0.030089 
6051.619152  	-0.028381 
6053.050810  	-0.026623 
6054.482468  	-0.027421 
6055.914126  	-0.029425 
6057.345784  	-0.031992 
6058.777443  	-0.032283 
6060.209101  	-0.029356 
6061.640759  	-0.028825 
6063.072417  	-0.031590 
6064.504075  	-0.032540 
6065.935734  	-0.030812 
6067.367392  	-0.029378 
6068.799050  	-0.029128 
6070.230708  	-0.028275 
6071.662366  	-0.026295 
6073.094025  	-0.026131 
6074.525683  	-0.028965 
6075.957341  	-0.030232 
6077.388999  	-0.027576 
6078.820657  	-0.026232 
6080.252315  	-0.028382 
6081.683974  	-0.030733 
6083.115632  	-0.031760 
6084.547290  	-0.029902 
6085.978948  	-0.025996 
6087.410606  	-0.024249 
6088.842265  	-0.024634 
6090.273923  	-0.026371 
6091.705581  	-0.028503 
6093.137239  	-0.028419 
6094.568897  	-0.028404 
6096.000555  	-0.028533 
6097.432214  	-0.026361 
6098.863872  	-0.027041 
6100.295530  	-0.030437 
6101.727188  	-0.031063 
6103.158846  	-0.031276 
6104.590505  	-0.031027 
6106.022163  	-0.027719 
6107.453821  	-0.024541 
6108.885479  	-0.023743 
6110.317137  	-0.025389 
6111.748796  	-0.027804 
6113.180454  	-0.029018 
6114.612112  	-0.029447 
6116.043770  	-0.028248 
6117.475428  	-0.027495 
6118.907086  	-0.030609 
6120.338745  	-0.032489 
6121.770403  	-0.029744 
6123.202061  	-0.027249 
6124.633719  	-0.027842 
6126.065377  	-0.029887 
6127.497036  	-0.030682 
6128.928694  	-0.030773 
6130.360352  	-0.030285 
6131.792010  	-0.027843 
6133.223668  	-0.027642 
6134.655327  	-0.028973 
6136.086985  	-0.027150 
6137.518643  	-0.027862 
6138.950301  	-0.031205 
6140.381959  	-0.031336 
6141.813617  	-0.031853 
6143.245276  	-0.031786 
6144.676934  	-0.028723 
6146.108592  	-0.029013 
6147.540250  	-0.032155 
6148.971908  	-0.033196 
6150.403567  	-0.031773 
6151.835225  	-0.029952 
6153.266883  	-0.031131 
6154.698541  	-0.032436 
6156.130199  	-0.031375 
6157.561857  	-0.030663 
6158.993516  	-0.028632 
6160.425174  	-0.027837 
6161.856832  	-0.030332 
6163.288490  	-0.029527 
6164.720148  	-0.028927 
6166.151807  	-0.032106 
6167.583465  	-0.031265 
6169.015123  	-0.028307 
6170.446781  	-0.028139 
6171.878439  	-0.029166 
6173.310098  	-0.032508 
6174.741756  	-0.035053 
6176.173414  	-0.032511 
6177.605072  	-0.028771 
6179.036730  	-0.027511 
6180.468388  	-0.029891 
6181.900047  	-0.033983 
6183.331705  	-0.034866 
6184.763363  	-0.032117 
6186.195021  	-0.028920 
6187.626679  	-0.028390 
6189.058338  	-0.030724 
6190.489996  	-0.032461 
6191.921654  	-0.032467 
6193.353312  	-0.030919 
6194.784970  	-0.028892 
6196.216628  	-0.029794 
6197.648287  	-0.032233 
6199.079945  	-0.031867 
6200.511603  	-0.029104 
6201.943261  	-0.026389 
6203.374919  	-0.026230 
6204.806578  	-0.029178 
6206.238236  	-0.030984 
6207.669894  	-0.028977 
6209.101552  	-0.026794 
6210.533210  	-0.026694 
6211.964869  	-0.026285 
6213.396527  	-0.027350 
6214.828185  	-0.031619 
6216.259843  	-0.032076 
6217.691501  	-0.027499 
6219.123159  	-0.025206 
6220.554818  	-0.025473 
6221.986476  	-0.026021 
6223.418134  	-0.026366 
6224.849792  	-0.026410 
6226.281450  	-0.028883 
6227.713109  	-0.030781 
6229.144767  	-0.028229 
6230.576425  	-0.026974 
6232.008083  	-0.028791 
6233.439741  	-0.029722 
6234.871400  	-0.028151 
6236.303058  	-0.024783 
6237.734716  	-0.026204 
6239.166374  	-0.031578 
6240.598032  	-0.030700 
6242.029690  	-0.027547 
6243.461349  	-0.028847 
6244.893007  	-0.028842 
6246.324665  	-0.027842 
6247.756323  	-0.030442 
6249.187981  	-0.032095 
6250.619640  	-0.029953 
6252.051298  	-0.028041 
6253.482956  	-0.026560 
6254.914614  	-0.023760 
6256.346272  	-0.023430 
6257.777930  	-0.025337 
6259.209589  	-0.025233 
6260.641247  	-0.026426 
6262.072905  	-0.028953 
6263.504563  	-0.027384 
6264.936221  	-0.024580 
6266.367880  	-0.024435 
6267.799538  	-0.026761 
6269.231196  	-0.028235 
6270.662854  	-0.024151 
6272.094512  	-0.021933 
6273.526171  	-0.026862 
6274.957829  	-0.028821 
6276.389487  	-0.027990 
6277.821145  	-0.030666 
6279.252803  	-0.031735 
6280.684461  	-0.029628 
6282.116120  	-0.028388 
6283.547778  	-0.029460 
6284.979436  	-0.030330 
6286.411094  	-0.027140 
6287.842752  	-0.024465 
6289.274411  	-0.025348 
6290.706069  	-0.024263 
6292.137727  	-0.023205 
6293.569385  	-0.025528 
6295.001043  	-0.027716 
6296.432702  	-0.028171 
6297.864360  	-0.026623 
6299.296018  	-0.025870 
6300.727676  	-0.029457 
6302.159334  	-0.033328 
6303.590992  	-0.033743 
6305.022651  	-0.033416 
6306.454309  	-0.034561 
6307.885967  	-0.034129 
6309.317625  	-0.029767 
6310.749283  	-0.027944 
6312.180942  	-0.030060 
6313.612600  	-0.029938 
6315.044258  	-0.028180 
6316.475916  	-0.025060 
6317.907574  	-0.021928 
6319.339232  	-0.024791 
6320.770891  	-0.029543 
6322.202549  	-0.031074 
6323.634207  	-0.030961 
6325.065865  	-0.028690 
6326.497523  	-0.027436 
6327.929182  	-0.027129 
6329.360840  	-0.024932 
6330.792498  	-0.025994 
6332.224156  	-0.028201 
6333.655814  	-0.028019 
6335.087473  	-0.028362 
6336.519131  	-0.024957 
6337.950789  	-0.022524 
6339.382447  	-0.029040 
6340.814105  	-0.033430 
6342.245763  	-0.031473 
6343.677422  	-0.029856 
6345.109080  	-0.027711 
6346.540738  	-0.026096 
6347.972396  	-0.025368 
6349.404054  	-0.024996 
6350.835713  	-0.027759 
6352.267371  	-0.031000 
6353.699029  	-0.032782 
6355.130687  	-0.032347 
6356.562345  	-0.026197 
6357.994003  	-0.021705 
6359.425662  	-0.025598 
6360.857320  	-0.030315 
6362.288978  	-0.031246 
6363.720636  	-0.030634 
6365.152294  	-0.028748 
6366.583953  	-0.026371 
6368.015611  	-0.027355 
6369.447269  	-0.029971 
6370.878927  	-0.027731 
6372.310585  	-0.024188 
6373.742244  	-0.023511 
6375.173902  	-0.021783 
6376.605560  	-0.022718 
6378.037218  	-0.027873 
6379.468876  	-0.029659 
6380.900534  	-0.029008 
6382.332193  	-0.028367 
6383.763851  	-0.027952 
6385.195509  	-0.028801 
6386.627167  	-0.026505 
6388.058825  	-0.023611 
6389.490484  	-0.024356 
6390.922142  	-0.024211 
6392.353800  	-0.025781 
6393.785458  	-0.028844 
6395.217116  	-0.028557 
6396.648775  	-0.030743 
6398.080433  	-0.031767 
6399.512091  	-0.027222 
6400.943749  	-0.027752 
6402.375407  	-0.029823 
6403.807065  	-0.026150 
6405.238724  	-0.025534 
6406.670382  	-0.027014 
6408.102040  	-0.024782 
6409.533698  	-0.024109 
6410.965356  	-0.027462 
6412.397015  	-0.031903 
6413.828673  	-0.034681 
6415.260331  	-0.032903 
6416.691989  	-0.028357 
6418.123647  	-0.025537 
6419.555305  	-0.024323 
6420.986964  	-0.023548 
6422.418622  	-0.024996 
6423.850280  	-0.025630 
6425.281938  	-0.023935 
6426.713596  	-0.025372 
6428.145255  	-0.026417 
6429.576913  	-0.024185 
6431.008571  	-0.026477 
6432.440229  	-0.031362 
6433.871887  	-0.033300 
6435.303546  	-0.034618 
6436.735204  	-0.033523 
6438.166862  	-0.029980 
6439.598520  	-0.025938 
6441.030178  	-0.024157 
6442.461836  	-0.029815 
6443.893495  	-0.033501 
6445.325153  	-0.028954 
6446.756811  	-0.027734 
6448.188469  	-0.027561 
6449.620127  	-0.026049 
6451.051786  	-0.029728 
6452.483444  	-0.029161 
6453.915102  	-0.026724 
6455.346760  	-0.033570 
6456.778418  	-0.035675 
6458.210077  	-0.030217 
6459.641735  	-0.031141 
6461.073393  	-0.031620 
6462.505051  	-0.025671 
6463.936709  	-0.023783 
6465.368367  	-0.028027 
6466.800026  	-0.031101 
6468.231684  	-0.030821 
6469.663342  	-0.028220 
6471.095000  	-0.025492 
6472.526658  	-0.027763 
6473.958317  	-0.032051 
6475.389975  	-0.030668 
6476.821633  	-0.028735 
6478.253291  	-0.029754 
6479.684949  	-0.028246 
6481.116607  	-0.028762 
6482.548266  	-0.031341 
6483.979924  	-0.027259 
6485.411582  	-0.021822 
6486.843240  	-0.023211 
6488.274898  	-0.026354 
6489.706557  	-0.025151 
6491.138215  	-0.023077 
6492.569873  	-0.024341 
6494.001531  	-0.024240 
6495.433189  	-0.022720 
6496.864848  	-0.024515 
6498.296506  	-0.024622 
6499.728164  	-0.023684 
6501.159822  	-0.026452 
6502.591480  	-0.026979 
6504.023138  	-0.026376 
6505.454797  	-0.028299 
6506.886455  	-0.027193 
6508.318113  	-0.025192 
6509.749771  	-0.026766 
6511.181429  	-0.029666 
6512.613088  	-0.028131 
6514.044746  	-0.020203 
6515.476404  	-0.017815 
6516.908062  	-0.024750 
6518.339720  	-0.028286 
6519.771379  	-0.027379 
6521.203037  	-0.028760 
6522.634695  	-0.030251 
6524.066353  	-0.027370 
6525.498011  	-0.021337 
6526.929669  	-0.022653 
6528.361328  	-0.029602 
6529.792986  	-0.027928 
6531.224644  	-0.023657 
6532.656302  	-0.025685 
6534.087960  	-0.027828 
6535.519619  	-0.029047 
6536.951277  	-0.030485 
6538.382935  	-0.029737 
6539.814593  	-0.026260 
6541.246251  	-0.022244 
6542.677909  	-0.023630 
6544.109568  	-0.026172 
6545.541226  	-0.024224 
6546.972884  	-0.024897 
6548.404542  	-0.027545 
6549.836200  	-0.028681 
6551.267859  	-0.029829 
6552.699517  	-0.026058 
6554.131175  	-0.024415 
6555.562833  	-0.030072 
6556.994491  	-0.028231 
6558.426150  	-0.021191 
6559.857808  	-0.021588 
6561.289466  	-0.024210 
6562.721124  	-0.025491 
6564.152782  	-0.028761 
6565.584440  	-0.031631 
6567.016099  	-0.029839 
6568.447757  	-0.025877 
6569.879415  	-0.026431 
6571.311073  	-0.026564 
6572.742731  	-0.023010 
6574.174390  	-0.022973 
6575.606048  	-0.023142 
6577.037706  	-0.022099 
6578.469364  	-0.025043 
6579.901022  	-0.026821 
6581.332680  	-0.027811 
6582.764339  	-0.030289 
6584.195997  	-0.029616 
6585.627655  	-0.031198 
6587.059313  	-0.033369 
6588.490971  	-0.029087 
6589.922630  	-0.028465 
6591.354288  	-0.031683 
6592.785946  	-0.028444 
6594.217604  	-0.024032 
6595.649262  	-0.024192 
6597.080921  	-0.023821 
6598.512579  	-0.019967 
6599.944237  	-0.018105 
6601.375895  	-0.022292 
6602.807553  	-0.026689 
6604.239211  	-0.027840 
6605.670870  	-0.029148 
6607.102528  	-0.029027 
6608.534186  	-0.026618 
6609.965844  	-0.024758 
6611.397502  	-0.026047 
6612.829161  	-0.029398 
6614.260819  	-0.029267 
6615.692477  	-0.027005 
6617.124135  	-0.027617 
6618.555793  	-0.029460 
6619.987452  	-0.031303 
6621.419110  	-0.030178 
6622.850768  	-0.024421 
6624.282426  	-0.020242 
6625.714084  	-0.019323 
6627.145742  	-0.020187 
6628.577401  	-0.023548 
6630.009059  	-0.027009 
6631.440717  	-0.026735 
6632.872375  	-0.021798 
6634.304033  	-0.020791 
6635.735692  	-0.027662 
6637.167350  	-0.027895 
6638.599008  	-0.022790 
6640.030666  	-0.025105 
6641.462324  	-0.024809 
6642.893982  	-0.020789 
6644.325641  	-0.024271 
6645.757299  	-0.026261 
6647.188957  	-0.021992 
6648.620615  	-0.020137 
6650.052273  	-0.021687 
6651.483932  	-0.025261 
6652.915590  	-0.030318 
6654.347248  	-0.033297 
6655.778906  	-0.030897 
6657.210564  	-0.024999 
6658.642223  	-0.022731 
6660.073881  	-0.022780 
6661.505539  	-0.022374 
6662.937197  	-0.024573 
6664.368855  	-0.026307 
6665.800513  	-0.025842 
6667.232172  	-0.025385 
6668.663830  	-0.024252 
6670.095488  	-0.025202 
6671.527146  	-0.025610 
6672.958804  	-0.022877 
6674.390463  	-0.025301 
6675.822121  	-0.028412 
6677.253779  	-0.023781 
6678.685437  	-0.021070 
6680.117095  	-0.024858 
6681.548754  	-0.028739 
6682.980412  	-0.028678 
6684.412070  	-0.026172 
6685.843728  	-0.025355 
6687.275386  	-0.024031 
6688.707044  	-0.021135 
6690.138703  	-0.020806 
6691.570361  	-0.021980 
6693.002019  	-0.024260 
6694.433677  	-0.026428 
6695.865335  	-0.024514 
6697.296994  	-0.022868 
6698.728652  	-0.023774 
6700.160310  	-0.024590 
6701.591968  	-0.026256 
6703.023626  	-0.027748 
6704.455284  	-0.027889 
6705.886943  	-0.025390 
6707.318601  	-0.020286 
6708.750259  	-0.019025 
6710.181917  	-0.021846 
6711.613575  	-0.025360 
6713.045234  	-0.028705 
6714.476892  	-0.028184 
6715.908550  	-0.028034 
6717.340208  	-0.030666 
6718.771866  	-0.029904 
6720.203525  	-0.029792 
6721.635183  	-0.028933 
6723.066841  	-0.024184 
6724.498499  	-0.027567 
6725.930157  	-0.033766 
6727.361815  	-0.029855 
6728.793474  	-0.024473 
6730.225132  	-0.023948 
6731.656790  	-0.027858 
6733.088448  	-0.031503 
6734.520106  	-0.028284 
6735.951765  	-0.024617 
6737.383423  	-0.023015 
6738.815081  	-0.020954 
6740.246739  	-0.023656 
6741.678397  	-0.027508 
6743.110056  	-0.028622 
6744.541714  	-0.030692 
6745.973372  	-0.031822 
6747.405030  	-0.032547 
6748.836688  	-0.031491 
6750.268346  	-0.027470 
6751.700005  	-0.028035 
6753.131663  	-0.028796 
6754.563321  	-0.026023 
6755.994979  	-0.029787 
6757.426637  	-0.035066 
6758.858296  	-0.031759 
6760.289954  	-0.024852 
6761.721612  	-0.019751 
6763.153270  	-0.017131 
6764.584928  	-0.015932 
6766.016586  	-0.018376 
6767.448245  	-0.025199 
6768.879903  	-0.028808 
6770.311561  	-0.026538 
6771.743219  	-0.021627 
6773.174877  	-0.017196 
6774.606536  	-0.018896 
6776.038194  	-0.024762 
6777.469852  	-0.028091 
6778.901510  	-0.028744 
6780.333168  	-0.029019 
6781.764827  	-0.031447 
6783.196485  	-0.030998 
6784.628143  	-0.025480 
6786.059801  	-0.027619 
6787.491459  	-0.034677 
6788.923117  	-0.033867 
6790.354776  	-0.030991 
6791.786434  	-0.029504 
6793.218092  	-0.026580 
6794.649750  	-0.025585 
6796.081408  	-0.024959 
6797.513067  	-0.022756 
6798.944725  	-0.022714 
6800.376383  	-0.026857 
6801.808041  	-0.030959 
6803.239699  	-0.029419 
6804.671357  	-0.026137 
6806.103016  	-0.025423 
6807.534674  	-0.024799 
6808.966332  	-0.026207 
6810.397990  	-0.028425 
6811.829648  	-0.028081 
6813.261307  	-0.025737 
6814.692965  	-0.019652 
6816.124623  	-0.016952 
6817.556281  	-0.022018 
6818.987939  	-0.024285 
6820.419598  	-0.023950 
6821.851256  	-0.025527 
6823.282914  	-0.027608 
6824.714572  	-0.032594 
6826.146230  	-0.034659 
6827.577888  	-0.032492 
6829.009547  	-0.032588 
6830.441205  	-0.027729 
6831.872863  	-0.021579 
6833.304521  	-0.023539 
6834.736179  	-0.024372 
6836.167838  	-0.021130 
6837.599496  	-0.019840 
6839.031154  	-0.022862 
6840.462812  	-0.029025 
6841.894470  	-0.027018 
6843.326129  	-0.019747 
6844.757787  	-0.022110 
6846.189445  	-0.027587 
6847.621103  	-0.029507 
6849.052761  	-0.031106 
6850.484419  	-0.028368 
6851.916078  	-0.022799 
6853.347736  	-0.021180 
6854.779394  	-0.025563 
6856.211052  	-0.032135 
6857.642710  	-0.032669 
6859.074369  	-0.027930 
6860.506027  	-0.025005 
6861.937685  	-0.026927 
6863.369343  	-0.031275 
6864.801001  	-0.029739 
6866.232659  	-0.024763 
6867.664318  	-0.025924 
6869.095976  	-0.027580 
6870.527634  	-0.024061 
6871.959292  	-0.018028 
6873.390950  	-0.017433 
6874.822609  	-0.025387 
6876.254267  	-0.027468 
6877.685925  	-0.019486 
6879.117583  	-0.017439 
6880.549241  	-0.023273 
6881.980900  	-0.029088 
6883.412558  	-0.029623 
6884.844216  	-0.025417 
6886.275874  	-0.026000 
6887.707532  	-0.028908 
6889.139190  	-0.027025 
6890.570849  	-0.026376 
6892.002507  	-0.028131 
6893.434165  	-0.029726 
6894.865823  	-0.026966 
6896.297481  	-0.017936 
6897.729140  	-0.017096 
6899.160798  	-0.025177 
6900.592456  	-0.027717 
6902.024114  	-0.026694 
6903.455772  	-0.026283 
6904.887431  	-0.024371 
6906.319089  	-0.020636 
6907.750747  	-0.016821 
6909.182405  	-0.020022 
6910.614063  	-0.025263 
6912.045721  	-0.023806 
6913.477380  	-0.020989 
6914.909038  	-0.018991 
6916.340696  	-0.020228 
6917.772354  	-0.022541 
6919.204012  	-0.019428 
6920.635671  	-0.023057 
6922.067329  	-0.029831 
6923.498987  	-0.023831 
6924.930645  	-0.019864 
6926.362303  	-0.021274 
6927.793961  	-0.019428 
6929.225620  	-0.023614 
6930.657278  	-0.026884 
6932.088936  	-0.024497 
6933.520594  	-0.026100 
6934.952252  	-0.025153 
6936.383911  	-0.022623 
6937.815569  	-0.024859 
6939.247227  	-0.026929 
6940.678885  	-0.029432 
6942.110543  	-0.030497 
6943.542202  	-0.030722 
6944.973860  	-0.031453 
6946.405518  	-0.026984 
6947.837176  	-0.026532 
6949.268834  	-0.031327 
6950.700492  	-0.027702 
6952.132151  	-0.020860 
6953.563809  	-0.017308 
6954.995467  	-0.021790 
6956.427125  	-0.032324 
6957.858783  	-0.030341 
6959.290442  	-0.022585 
6960.722100  	-0.023125 
6962.153758  	-0.022571 
6963.585416  	-0.023787 
6965.017074  	-0.027488 
6966.448732  	-0.028640 
6967.880391  	-0.033530 
6969.312049  	-0.032419 
6970.743707  	-0.026885 
6972.175365  	-0.030717 
6973.607023  	-0.030679 
6975.038682  	-0.026289 
6976.470340  	-0.028430 
6977.901998  	-0.031258 
6979.333656  	-0.032483 
6980.765314  	-0.025960 
6982.196973  	-0.015287 
6983.628631  	-0.017729 
6985.060289  	-0.024769 
6986.491947  	-0.025700 
6987.923605  	-0.022289 
6989.355263  	-0.018283 
6990.786922  	-0.021498 
6992.218580  	-0.022020 
6993.650238  	-0.016808 
6995.081896  	-0.020446 
6996.513554  	-0.023262 
6997.945213  	-0.023539 
6999.376871  	-0.030862 
7000.808529  	-0.031386 
7002.240187  	-0.027683 
7003.671845  	-0.028240 
7005.103504  	-0.025603 
7006.535162  	-0.025947 
7007.966820  	-0.027635 
7009.398478  	-0.025847 
7010.830136  	-0.028944 
7012.261794  	-0.031048 
7013.693453  	-0.029658 
7015.125111  	-0.029369 
7016.556769  	-0.027770 
7017.988427  	-0.030076 
7019.420085  	-0.030354 
7020.851744  	-0.022355 
7022.283402  	-0.018299 
7023.715060  	-0.019086 
7025.146718  	-0.023958 
7026.578376  	-0.032376 
7028.010034  	-0.032455 
7029.441693  	-0.030308 
7030.873351  	-0.032011 
7032.305009  	-0.031066 
7033.736667  	-0.030942 
7035.168325  	-0.028970 
7036.599984  	-0.025666 
7038.031642  	-0.026759 
7039.463300  	-0.024246 
7040.894958  	-0.022706 
7042.326616  	-0.027945 
7043.758275  	-0.029841 
7045.189933  	-0.029934 
7046.621591  	-0.029596 
7048.053249  	-0.025651 
7049.484907  	-0.024610 
7050.916565  	-0.026613 
7052.348224  	-0.028886 
7053.779882  	-0.028661 
7055.211540  	-0.025220 
7056.643198  	-0.027794 
7058.074856  	-0.031527 
7059.506515  	-0.028630 
7060.938173  	-0.026495 
7062.369831  	-0.025615 
7063.801489  	-0.026258 
7065.233147  	-0.027033 
7066.664806  	-0.023078 
7068.096464  	-0.023040 
7069.528122  	-0.024844 
7070.959780  	-0.021509 
7072.391438  	-0.022944 
7073.823096  	-0.025670 
7075.254755  	-0.025854 
7076.686413  	-0.029270 
7078.118071  	-0.028169 
7079.549729  	-0.023605 
7080.981387  	-0.023255 
7082.413046  	-0.025318 
7083.844704  	-0.028293 
7085.276362  	-0.027692 
7086.708020  	-0.028451 
7088.139678  	-0.033995 
7089.571336  	-0.028653 
7091.002995  	-0.023515 
7092.434653  	-0.031123 
7093.866311  	-0.028887 
7095.297969  	-0.019550 
7096.729627  	-0.024238 
7098.161286  	-0.030405 
7099.592944  	-0.026621 
7101.024602  	-0.021223 
7102.456260  	-0.022607 
7103.887918  	-0.026153 
7105.319577  	-0.025619 
7106.751235  	-0.025168 
7108.182893  	-0.018069 
7109.614551  	-0.008518 
7111.046209  	-0.016438 
7112.477867  	-0.025380 
7113.909526  	-0.019236 
7115.341184  	-0.019194 
7116.772842  	-0.023523 
7118.204500  	-0.021109 
7119.636158  	-0.025212 
7121.067817  	-0.029536 
7122.499475  	-0.023473 
7123.931133  	-0.020250 
7125.362791  	-0.025573 
7126.794449  	-0.027377 
7128.226108  	-0.020676 
7129.657766  	-0.016545 
7131.089424  	-0.022747 
7132.521082  	-0.028691 
7133.952740  	-0.023529 
7135.384398  	-0.016940 
7136.816057  	-0.020812 
7138.247715  	-0.025336 
7139.679373  	-0.023227 
7141.111031  	-0.023725 
7142.542689  	-0.023024 
7143.974348  	-0.017579 
7145.406006  	-0.020035 
7146.837664  	-0.025285 
7148.269322  	-0.024640 
7149.700980  	-0.026357 
7151.132638  	-0.026747 
7152.564297  	-0.023625 
7153.995955  	-0.025535 
7155.427613  	-0.030022 
7156.859271  	-0.029651 
7158.290929  	-0.023209 
7159.722588  	-0.021216 
7161.154246  	-0.029456 
7162.585904  	-0.030472 
7164.017562  	-0.024782 
7165.449220  	-0.025857 
7166.880879  	-0.025054 
7168.312537  	-0.023703 
7169.744195  	-0.027488 
7171.175853  	-0.026816 
7172.607511  	-0.024243 
7174.039169  	-0.022297 
7175.470828  	-0.019825 
7176.902486  	-0.024943 
7178.334144  	-0.027601 
7179.765802  	-0.019471 
7181.197460  	-0.017209 
7182.629119  	-0.023300 
7184.060777  	-0.027437 
7185.492435  	-0.031639 
7186.924093  	-0.032215 
7188.355751  	-0.023152 
7189.787409  	-0.015117 
7191.219068  	-0.018665 
7192.650726  	-0.024758 
7194.082384  	-0.025782 
7195.514042  	-0.028620 
7196.945700  	-0.031971 
7198.377359  	-0.030966 
7199.809017  	-0.029733 
7201.240675  	-0.026553 
7202.672333  	-0.021699 
7204.103991  	-0.021091 
7205.535650  	-0.024385 
7206.967308  	-0.029425 
7208.398966  	-0.029994 
7209.830624  	-0.022664 
7211.262282  	-0.016484 
7212.693940  	-0.014786 
7214.125599  	-0.015821 
7215.557257  	-0.019521 
7216.988915  	-0.018218 
7218.420573  	-0.011662 
7219.852231  	-0.008207 
7221.283890  	-0.009437 
7222.715548  	-0.014346 
7224.147206  	-0.020321 
7225.578864  	-0.026064 
7227.010522  	-0.032340 
7228.442181  	-0.032541 
7229.873839  	-0.029351 
7231.305497  	-0.033091 
7232.737155  	-0.036203 
7234.168813  	-0.031317 
7235.600471  	-0.028032 
7237.032130  	-0.031079 
7238.463788  	-0.035703 
7239.895446  	-0.034227 
7241.327104  	-0.030713 
7242.758762  	-0.033018 
7244.190421  	-0.033990 
7245.622079  	-0.033779 
7247.053737  	-0.035997 
7248.485395  	-0.031115 
7249.917053  	-0.025999 
7251.348711  	-0.028668 
7252.780370  	-0.025285 
7254.212028  	-0.018000 
7255.643686  	-0.020612 
7257.075344  	-0.024586 
7258.507002  	-0.025201 
7259.938661  	-0.026145 
7261.370319  	-0.025014 
7262.801977  	-0.022060 
7264.233635  	-0.018665 
7265.665293  	-0.014717 
7267.096952  	-0.014720 
7268.528610  	-0.019348 
7269.960268  	-0.025032 
7271.391926  	-0.027825 
7272.823584  	-0.027228 
7274.255242  	-0.030688 
7275.686901  	-0.033556 
7277.118559  	-0.027563 
7278.550217  	-0.025652 
7279.981875  	-0.030778 
7281.413533  	-0.028296 
7282.845192  	-0.023427 
7284.276850  	-0.022842 
7285.708508  	-0.019995 
7287.140166  	-0.020306 
7288.571824  	-0.031074 
7290.003483  	-0.038973 
7291.435141  	-0.034051 
7292.866799  	-0.031318 
7294.298457  	-0.038136 
7295.730115  	-0.034736 
7297.161773  	-0.023315 
7298.593432  	-0.027691 
7300.025090  	-0.037344 
7301.456748  	-0.038078 
7302.888406  	-0.035734 
7304.320064  	-0.026954 
7305.751723  	-0.020863 
7307.183381  	-0.024931 
7308.615039  	-0.024430 
7310.046697  	-0.023098 
7311.478355  	-0.026100 
7312.910013  	-0.026934 
7314.341672  	-0.031395 
7315.773330  	-0.033402 
7317.204988  	-0.029791 
7318.636646  	-0.031308 
7320.068304  	-0.026836 
7321.499963  	-0.018890 
7322.931621  	-0.022274 
7324.363279  	-0.021663 
7325.794937  	-0.017841 
7327.226595  	-0.022792 
7328.658254  	-0.023469 
7330.089912  	-0.015994 
7331.521570  	-0.011054 
7332.953228  	-0.015145 
7334.384886  	-0.023435 
7335.816544  	-0.023306 
7337.248203  	-0.020512 
7338.679861  	-0.019706 
7340.111519  	-0.011751 
7341.543177  	-0.014667 
7342.974835  	-0.033076 
7344.406494  	-0.037520 
7345.838152  	-0.030043 
7347.269810  	-0.025194 
7348.701468  	-0.022285 
7350.133126  	-0.020618 
7351.564785  	-0.020369 
7352.996443  	-0.023498 
7354.428101  	-0.031386 
7355.859759  	-0.035762 
7357.291417  	-0.028290 
7358.723075  	-0.014725 
7360.154734  	-0.013535 
7361.586392  	-0.022325 
7363.018050  	-0.024910 
7364.449708  	-0.025753 
7365.881366  	-0.024618 
7367.313025  	-0.015837 
7368.744683  	-0.016016 
7370.176341  	-0.024876 
7371.607999  	-0.027072 
7373.039657  	-0.027139 
7374.471315  	-0.027425 
7375.902974  	-0.027524 
7377.334632  	-0.030728 
7378.766290  	-0.033834 
7380.197948  	-0.032530 
7381.629606  	-0.025600 
7383.061265  	-0.026104 
7384.492923  	-0.035095 
7385.924581  	-0.026987 
7387.356239  	-0.015327 
7388.787897  	-0.023772 
7390.219556  	-0.032804 
7391.651214  	-0.035077 
7393.082872  	-0.035001 
7394.514530  	-0.027789 
7395.946188  	-0.024111 
7397.377846  	-0.024069 
7398.809505  	-0.022794 
7400.241163  	-0.026882 
7401.672821  	-0.026184 
7403.104479  	-0.021956 
7404.536137  	-0.021982 
7405.967796  	-0.017827 
7407.399454  	-0.018601 
7408.831112  	-0.025926 
7410.262770  	-0.026456 
7411.694428  	-0.029798 
7413.126086  	-0.034463 
7414.557745  	-0.027859 
7415.989403  	-0.025684 
7417.421061  	-0.033539 
7418.852719  	-0.035814 
7420.284377  	-0.024961 
7421.716036  	-0.014846 
7423.147694  	-0.016868 
7424.579352  	-0.022532 
7426.011010  	-0.028806 
7427.442668  	-0.031606 
7428.874327  	-0.021783 
7430.305985  	-0.020717 
7431.737643  	-0.033542 
7433.169301  	-0.033629 
7434.600959  	-0.028151 
7436.032617  	-0.026018 
7437.464276  	-0.021404 
7438.895934  	-0.024388 
7440.327592  	-0.025284 
7441.759250  	-0.020422 
7443.190908  	-0.026348 
7444.622567  	-0.027775 
7446.054225  	-0.016574 
7447.485883  	-0.014884 
7448.917541  	-0.023887 
7450.349199  	-0.030578 
7451.780858  	-0.027184 
7453.212516  	-0.021198 
7454.644174  	-0.023940 
7456.075832  	-0.021997 
7457.507490  	-0.015062 
7458.939148  	-0.018314 
7460.370807  	-0.021463 
7461.802465  	-0.025257 
7463.234123  	-0.035272 
7464.665781  	-0.029721 
7466.097439  	-0.015370 
7467.529098  	-0.017906 
7468.960756  	-0.025886 
7470.392414  	-0.028916 
7471.824072  	-0.030642 
7473.255730  	-0.033963 
7474.687388  	-0.037649 
7476.119047  	-0.034139 
7477.550705  	-0.030715 
7478.982363  	-0.039042 
7480.414021  	-0.041811 
7481.845679  	-0.027365 
7483.277338  	-0.014573 
7484.708996  	-0.016879 
7486.140654  	-0.024620 
7487.572312  	-0.027162 
7489.003970  	-0.025963 
7490.435629  	-0.025371 
7491.867287  	-0.017357 
7493.298945  	-0.007920 
7494.730603  	-0.017877 
7496.162261  	-0.031870 
7497.593919  	-0.028074 
7499.025578  	-0.024436 
7500.457236  	-0.026469 
7501.888894  	-0.025967 
7503.320552  	-0.035690 
7504.752210  	-0.044313 
7506.183869  	-0.028253 
7507.615527  	-0.011012 
7509.047185  	-0.012142 
7510.478843  	-0.010772 
7511.910501  	-0.002258 
7513.342160  	-0.007420 
7514.773818  	-0.014478 
7516.205476  	-0.005955 
7517.637134  	-0.010019 
7519.068792  	-0.027729 
7520.500450  	-0.021330 
7521.932109  	-0.009482 
7523.363767  	-0.016976 
7524.795425  	-0.021819 
7526.227083  	-0.034199 
7527.658741  	-0.052394 
7529.090400  	-0.042295 
7530.522058  	-0.023600 
7531.953716  	-0.018831 
7533.385374  	-0.016997 
7534.817032  	-0.022342 
7536.248690  	-0.024550 
7537.680349  	-0.019332 
7539.112007  	-0.023086 
7540.543665  	-0.024918 
7541.975323  	-0.025448 
7543.406981  	-0.034695 
7544.838640  	-0.032368 
7546.270298  	-0.026284 
7547.701956  	-0.030065 
7549.133614  	-0.024640 
7550.565272  	-0.016931 
7551.996931  	-0.016613 
7553.428589  	-0.010119 
7554.860247  	-0.009039 
7556.291905  	-0.020786 
7557.723563  	-0.028272 
7559.155221  	-0.025873 
7560.586880  	-0.024589 
7562.018538  	-0.030989 
7563.450196  	-0.035542 
7564.881854  	-0.034191 
7566.313512  	-0.033691 
7567.745171  	-0.027686 
7569.176829  	-0.017871 
7570.608487  	-0.020682 
7572.040145  	-0.032458 
7573.471803  	-0.034372 
7574.903461  	-0.023909 
7576.335120  	-0.018794 
7577.766778  	-0.024103 
7579.198436  	-0.021451 
7580.630094  	-0.017509 
7582.061752  	-0.022948 
7583.493411  	-0.023427 
7584.925069  	-0.028343 
7586.356727  	-0.039406 
7587.788385  	-0.027542 
7589.220043  	-0.013720 
7590.651702  	-0.025348 
7592.083360  	-0.034735 
7593.515018  	-0.031022 
7594.946676  	-0.029419 
7596.378334  	-0.025282 
7597.809992  	-0.021526 
7599.241651  	-0.027870 
7600.673309  	-0.030793 
7602.104967  	-0.022408 
7603.536625  	-0.022410 
7604.968283  	-0.039715 
7606.399942  	-0.050954 
7607.831600  	-0.043619 
7609.263258  	-0.028156 
7610.694916  	-0.012980 
7612.126574  	-0.004515 
7613.558233  	-0.008512 
7614.989891  	-0.017055 
7616.421549  	-0.021377 
7617.853207  	-0.027896 
7619.284865  	-0.037775 
7620.716523  	-0.035750 
7622.148182  	-0.023182 
7623.579840  	-0.022774 
7625.011498  	-0.032015 
7626.443156  	-0.039248 
7627.874814  	-0.046107 
7629.306473  	-0.032090 
7630.738131  	-0.007439 
7632.169789  	-0.010445 
7633.601447  	-0.023360 
7635.033105  	-0.022434 
7636.464763  	-0.023177 
7637.896422  	-0.021921 
7639.328080  	-0.023879 
7640.759738  	-0.036828 
7642.191396  	-0.035619 
7643.623054  	-0.028744 
7645.054713  	-0.032812 
7646.486371  	-0.026842 
7647.918029  	-0.017314 
7649.349687  	-0.017647 
7650.781345  	-0.016661 
7652.213004  	-0.018375 
7653.644662  	-0.022973 
7655.076320  	-0.024269 
7656.507978  	-0.026744 
7657.939636  	-0.020697 
7659.371294  	-0.008555 
7660.802953  	-0.015050 
7662.234611  	-0.031821 
7663.666269  	-0.035886 
7665.097927  	-0.029263 
7666.529585  	-0.020590 
7667.961244  	-0.016058 
7669.392902  	-0.022507 
7670.824560  	-0.026764 
7672.256218  	-0.016299 
7673.687876  	-0.013061 
7675.119535  	-0.026152 
7676.551193  	-0.027073 
7677.982851  	-0.018689 
7679.414509  	-0.026698 
7680.846167  	-0.034498 
7682.277825  	-0.032589 
7683.709484  	-0.025086 
7685.141142  	-0.010977 
7686.572800  	-0.009126 
7688.004458  	-0.022920 
7689.436116  	-0.022352 
7690.867775  	-0.015326 
7692.299433  	-0.020604 
7693.731091  	-0.024331 
7695.162749  	-0.023898 
7696.594407  	-0.027358 
7698.026065  	-0.030526 
7699.457724  	-0.029001 
7700.889382  	-0.029613 
7702.321040  	-0.039635 
7703.752698  	-0.045539 
7705.184356  	-0.035005 
7706.616015  	-0.025130 
7708.047673  	-0.026821 
7709.479331  	-0.031089 
7710.910989  	-0.024377 
7712.342647  	-0.006857 
7713.774306  	-0.005716 
7715.205964  	-0.024983 
7716.637622  	-0.029640 
7718.069280  	-0.027397 
7719.500938  	-0.039756 
7720.932596  	-0.046029 
7722.364255  	-0.036346 
7723.795913  	-0.028446 
7725.227571  	-0.030793 
7726.659229  	-0.029498 
7728.090887  	-0.021903 
7729.522546  	-0.029483 
7730.954204  	-0.042315 
7732.385862  	-0.036667 
7733.817520  	-0.033256 
7735.249178  	-0.032853 
7736.680837  	-0.025154 
7738.112495  	-0.023004 
7739.544153  	-0.020895 
7740.975811  	-0.013505 
7742.407469  	-0.013429 
7743.839127  	-0.008983 
7745.270786  	-0.009911 
7746.702444  	-0.022473 
7748.134102  	-0.019398 
7749.565760  	-0.020205 
7750.997418  	-0.041336 
7752.429077  	-0.042241 
7753.860735  	-0.029831 
7755.292393  	-0.026959 
7756.724051  	-0.025717 
7758.155709  	-0.028259 
7759.587367  	-0.034783 
7761.019026  	-0.031780 
7762.450684  	-0.029080 
7763.882342  	-0.030957 
7765.314000  	-0.021877 
7766.745658  	-0.013638 
7768.177317  	-0.022354 
7769.608975  	-0.023193 
7771.040633  	-0.006740 
7772.472291  	-0.007744 
7773.903949  	-0.029657 
7775.335608  	-0.034816 
7776.767266  	-0.034945 
7778.198924  	-0.042453 
7779.630582  	-0.045708 
7781.062240  	-0.051341 
7782.493898  	-0.051476 
7783.925557  	-0.036667 
7785.357215  	-0.031462 
7786.788873  	-0.024963 
7788.220531  	-0.006667 
7789.652189  	-0.014616 
7791.083848  	-0.035837 
7792.515506  	-0.024651 
7793.947164  	-0.017495 
7795.378822  	-0.040338 
7796.810480  	-0.043302 
7798.242138  	-0.024511 
7799.673797  	-0.021620 
7801.105455  	-0.023027 
7802.537113  	-0.030343 
7803.968771  	-0.048206 
7805.400429  	-0.040741 
7806.832088  	-0.015474 
7808.263746  	-0.014096 
7809.695404  	-0.035319 
7811.127062  	-0.054035 
7812.558720  	-0.040980 
7813.990379  	-0.019212 
7815.422037  	-0.033900 
7816.853695  	-0.051715 
7818.285353  	-0.045338 
7819.717011  	-0.043285 
7821.148669  	-0.033102 
7822.580328  	-0.007152 
7824.011986  	-0.004407 
7825.443644  	-0.025485 
7826.875302  	-0.039167 
7828.306960  	-0.037435 
7829.738619  	-0.031558 
7831.170277  	-0.032807 
7832.601935  	-0.034373 
7834.033593  	-0.029639 
7835.465251  	-0.023575 
7836.896910  	-0.022580 
7838.328568  	-0.038635 
7839.760226  	-0.052532 
7841.191884  	-0.037037 
7842.623542  	-0.028603 
7844.055200  	-0.035114 
7845.486859  	-0.020154 
7846.918517  	-0.006799 
7848.350175  	-0.018318 
7849.781833  	-0.020643 
7851.213491  	-0.014963 
7852.645150  	-0.024930 
7854.076808  	-0.031352 
7855.508466  	-0.020170 
7856.940124  	-0.015099 
7858.371782  	-0.018083 
7859.803440  	-0.023002 
7861.235099  	-0.045213 
7862.666757  	-0.057158 
7864.098415  	-0.035482 
7865.530073  	-0.016956 
7866.961731  	-0.017511 
7868.393390  	-0.022638 
7869.825048  	-0.032954 
7871.256706  	-0.036260 
7872.688364  	-0.035696 
7874.120022  	-0.039128 
7875.551681  	-0.023126 
7876.983339  	-0.004290 
7878.414997  	-0.013867 
7879.846655  	-0.017398 
7881.278313  	0.001383 
7882.709971  	0.002352 
7884.141630  	-0.018465 
7885.573288  	-0.036850 
7887.004946  	-0.042913 
7888.436604  	-0.042383 
7889.868262  	-0.037503 
7891.299921  	-0.018860 
7892.731579  	-0.004925 
7894.163237  	-0.015235 
7895.594895  	-0.034740 
7897.026553  	-0.043388 
7898.458212  	-0.029767 
7899.889870  	-0.005262 