##TITLE=No Description
##DATA TYPE=INFRARED SPECTRUM
##XUNITS=1/CM
##YUNITS=%T
349.324597  	119.284175 
350.756256  	220.504035 
352.187914  	242.343931 
353.619572  	153.187765 
355.051230  	78.054464 
356.482888  	57.510757 
357.914546  	109.709831 
359.346205  	139.715467 
360.777863  	130.265610 
362.209521  	114.622143 
363.641179  	92.146798 
365.072837  	75.761596 
366.504496  	80.799420 
367.936154  	99.529091 
369.367812  	102.914406 
370.799470  	86.888274 
372.231128  	87.010667 
373.662787  	97.887863 
375.094445  	100.281229 
376.526103  	86.382546 
377.957761  	78.600725 
379.389419  	78.179354 
380.821077  	86.971751 
382.252736  	92.242889 
383.684394  	83.991318 
385.116052  	80.160304 
386.547710  	82.573158 
387.979368  	79.865835 
389.411027  	76.205647 
390.842685  	77.241156 
392.274343  	81.442335 
393.706001  	88.127777 
395.137659  	88.786383 
396.569317  	78.858341 
398.000976  	74.235144 
399.432634  	79.704497 
400.864292  	78.869617 
402.295950  	77.617068 
403.727608  	81.984150 
405.159267  	86.689342 
406.590925  	87.187905 
408.022583  	85.434241 
409.454241  	82.303159 
410.885899  	81.121071 
412.317558  	82.750755 
413.749216  	83.203587 
415.180874  	83.481733 
416.612532  	84.089893 
418.044190  	84.544805 
419.475848  	90.334530 
420.907507  	91.891595 
422.339165  	87.829753 
423.770823  	87.264140 
425.202481  	90.539222 
426.634139  	91.825150 
428.065798  	92.958486 
429.497456  	94.152916 
430.929114  	93.443922 
432.360772  	92.667049 
433.792430  	92.698137 
435.224089  	91.724720 
436.655747  	89.369718 
438.087405  	88.986330 
439.519063  	91.042292 
440.950721  	92.033592 
442.382379  	90.967868 
443.814038  	90.258579 
445.245696  	90.999070 
446.677354  	92.504235 
448.109012  	91.910388 
449.540670  	90.024229 
450.972329  	91.083536 
452.403987  	93.407913 
453.835645  	92.777310 
455.267303  	91.213609 
456.698961  	90.414870 
458.130619  	90.026208 
459.562278  	89.689563 
460.993936  	88.401869 
462.425594  	86.755314 
463.857252  	86.446278 
465.288910  	87.365845 
466.720569  	87.798351 
468.152227  	86.728723 
469.583885  	86.429912 
471.015543  	87.371253 
472.447201  	87.600184 
473.878860  	87.515185 
475.310518  	86.938327 
476.742176  	85.794744 
478.173834  	86.634054 
479.605492  	87.774374 
481.037150  	86.486147 
482.468809  	85.239062 
483.900467  	85.218687 
485.332125  	84.982326 
486.763783  	84.455698 
488.195441  	83.362479 
489.627100  	82.245322 
491.058758  	82.653667 
492.490416  	83.898820 
493.922074  	83.998894 
495.353732  	82.937538 
496.785391  	82.331060 
498.217049  	82.428741 
499.648707  	82.079576 
501.080365  	81.769320 
502.512023  	82.603596 
503.943681  	83.802853 
505.375340  	84.199566 
506.806998  	83.567152 
508.238656  	83.250296 
509.670314  	84.018719 
511.101972  	84.505258 
512.533631  	84.407483 
513.965289  	83.947663 
515.396947  	83.050388 
516.828605  	82.870429 
518.260263  	82.919478 
519.691921  	81.902624 
521.123580  	81.310388 
522.555238  	81.021174 
523.986896  	79.822425 
525.418554  	78.840707 
526.850212  	78.141588 
528.281871  	76.539995 
529.713529  	74.920326 
531.145187  	73.819770 
532.576845  	72.537292 
534.008503  	71.042420 
535.440162  	69.940810 
536.871820  	68.775642 
538.303478  	66.587985 
539.735136  	63.956696 
541.166794  	61.629526 
542.598452  	59.243916 
544.030111  	56.940951 
545.461769  	54.792244 
546.893427  	52.242763 
548.325085  	49.624993 
549.756743  	47.456877 
551.188402  	45.746003 
552.620060  	44.505286 
554.051718  	44.003072 
555.483376  	44.757373 
556.915034  	46.362278 
558.346692  	48.330346 
559.778351  	50.871138 
561.210009  	53.397980 
562.641667  	55.774654 
564.073325  	59.147540 
565.504983  	64.231173 
566.936642  	70.862051 
568.368300  	77.638319 
569.799958  	82.734060 
571.231616  	85.327970 
572.663274  	85.392495 
574.094933  	84.310989 
575.526591  	83.690340 
576.958249  	83.856669 
578.389907  	84.259908 
579.821565  	84.626975 
581.253223  	85.250697 
582.684882  	86.371184 
584.116540  	87.579614 
585.548198  	88.398556 
586.979856  	88.915891 
588.411514  	89.444872 
589.843173  	90.024801 
591.274831  	90.616994 
592.706489  	91.182133 
594.138147  	91.638708 
595.569805  	92.067250 
597.001464  	92.422863 
598.433122  	92.426795 
599.864780  	92.277457 
601.296438  	92.514084 
602.728096  	93.029721 
604.159754  	93.303693 
605.591413  	93.329460 
607.023071  	93.466635 
608.454729  	93.606446 
609.886387  	93.442482 
611.318045  	93.258988 
612.749704  	93.312693 
614.181362  	93.337270 
615.613020  	93.244923 
617.044678  	93.236337 
618.476336  	93.369127 
619.907994  	93.506438 
621.339653  	93.397436 
622.771311  	92.985557 
624.202969  	92.546423 
625.634627  	92.278706 
627.066285  	92.024714 
628.497944  	91.505817 
629.929602  	90.750001 
631.361260  	90.015311 
632.792918  	89.596873 
634.224576  	89.682196 
635.656235  	90.044119 
637.087893  	90.534686 
638.519551  	91.331400 
639.951209  	92.105109 
641.382867  	92.336761 
642.814525  	92.422270 
644.246184  	92.624671 
645.677842  	92.488527 
647.109500  	92.164412 
648.541158  	92.229611 
649.972816  	92.458532 
651.404475  	92.291786 
652.836133  	91.992678 
654.267791  	91.926181 
655.699449  	91.723697 
657.131107  	91.482362 
658.562766  	91.633307 
659.994424  	91.659145 
661.426082  	91.283324 
662.857740  	91.069555 
664.289398  	90.978350 
665.721056  	90.546540 
667.152715  	89.648515 
668.584373  	89.310593 
670.016031  	90.050477 
671.447689  	90.208321 
672.879347  	89.941699 
674.311006  	89.640165 
675.742664  	89.277245 
677.174322  	88.895470 
678.605980  	88.579151 
680.037638  	88.070654 
681.469296  	87.371564 
682.900955  	86.540910 
684.332613  	85.509582 
685.764271  	84.495543 
687.195929  	83.787662 
688.627587  	83.719102 
690.059246  	84.034888 
691.490904  	84.074598 
692.922562  	83.951230 
694.354220  	83.689214 
695.785878  	83.101232 
697.217537  	82.310711 
698.649195  	81.172821 
700.080853  	79.697445 
701.512511  	78.211468 
702.944169  	76.825156 
704.375827  	75.772178 
705.807486  	75.058574 
707.239144  	74.773103 
708.670802  	75.294153 
710.102460  	76.105470 
711.534118  	76.924703 
712.965777  	77.960226 
714.397435  	78.855333 
715.829093  	79.765752 
717.260751  	80.725442 
718.692409  	81.129912 
720.124067  	81.188205 
721.555726  	80.963649 
722.987384  	80.172273 
724.419042  	79.373500 
725.850700  	78.793448 
727.282358  	78.315942 
728.714017  	78.096584 
730.145675  	77.846133 
731.577333  	77.617049 
733.008991  	77.862254 
734.440649  	78.403283 
735.872308  	78.912488 
737.303966  	79.098163 
738.735624  	78.825577 
740.167282  	78.390240 
741.598940  	77.807894 
743.030598  	76.947089 
744.462257  	75.867951 
745.893915  	74.572065 
747.325573  	73.227547 
748.757231  	71.811346 
750.188889  	70.152110 
751.620548  	68.441934 
753.052206  	66.729962 
754.483864  	65.066999 
755.915522  	63.682356 
757.347180  	62.559010 
758.778839  	61.678175 
760.210497  	60.993903 
761.642155  	60.412593 
763.073813  	59.848175 
764.505471  	59.168422 
765.937129  	58.616055 
767.368788  	58.441275 
768.800446  	58.703026 
770.232104  	59.755856 
771.663762  	61.641915 
773.095420  	64.084903 
774.527079  	66.864531 
775.958737  	69.532825 
777.390395  	71.867625 
778.822053  	73.926970 
780.253711  	75.595382 
781.685369  	76.887695 
783.117028  	77.937641 
784.548686  	78.763157 
785.980344  	79.409841 
787.412002  	79.836083 
788.843660  	80.070386 
790.275319  	80.256161 
791.706977  	80.327389 
793.138635  	80.275867 
794.570293  	80.021904 
796.001951  	79.276405 
797.433610  	78.088769 
798.865268  	76.454412 
800.296926  	74.183233 
801.728584  	71.439985 
803.160242  	68.309239 
804.591900  	64.924510 
806.023559  	61.608794 
807.455217  	58.385858 
808.886875  	55.285316 
810.318533  	52.383279 
811.750191  	49.963301 
813.181850  	48.441148 
814.613508  	47.760591 
816.045166  	47.893767 
817.476824  	48.511155 
818.908482  	48.801396 
820.340141  	48.507535 
821.771799  	47.453110 
823.203457  	45.418077 
824.635115  	42.882352 
826.066773  	40.484738 
827.498431  	38.883634 
828.930090  	38.613210 
830.361748  	39.669004 
831.793406  	41.867796 
833.225064  	44.760794 
834.656722  	48.076021 
836.088381  	51.735873 
837.520039  	55.155466 
838.951697  	58.003645 
840.383355  	60.462052 
841.815013  	62.542753 
843.246671  	64.326271 
844.678330  	66.051700 
846.109988  	67.904774 
847.541646  	70.062592 
848.973304  	72.555890 
850.404962  	75.331084 
851.836621  	78.227449 
853.268279  	81.003165 
854.699937  	83.570352 
856.131595  	85.797007 
857.563253  	87.566412 
858.994912  	88.979647 
860.426570  	89.993079 
861.858228  	90.599438 
863.289886  	91.027407 
864.721544  	91.116075 
866.153202  	90.741287 
867.584861  	90.185663 
869.016519  	89.360978 
870.448177  	88.223537 
871.879835  	86.983139 
873.311493  	85.452534 
874.743152  	83.588506 
876.174810  	81.577565 
877.606468  	79.387909 
879.038126  	77.027061 
880.469784  	74.549007 
881.901443  	72.050273 
883.333101  	69.640526 
884.764759  	67.565966 
886.196417  	66.294995 
887.628075  	66.037002 
889.059733  	67.099079 
890.491392  	69.859288 
891.923050  	74.021193 
893.354708  	78.871899 
894.786366  	83.544178 
896.218024  	87.216186 
897.649683  	89.651096 
899.081341  	91.121047 
900.512999  	91.892432 
901.944657  	92.249908 
903.376315  	92.343194 
904.807973  	92.207103 
906.239632  	91.980624 
907.671290  	91.654548 
909.102948  	91.237003 
910.534606  	90.774357 
911.966264  	90.139964 
913.397923  	89.382053 
914.829581  	88.602748 
916.261239  	87.830294 
917.692897  	87.267512 
919.124555  	87.098706 
920.556214  	87.391743 
921.987872  	87.985373 
923.419530  	88.569935 
924.851188  	89.038839 
926.282846  	89.260398 
927.714504  	89.104631 
929.146163  	88.674908 
930.577821  	87.952425 
932.009479  	87.020546 
933.441137  	86.193673 
934.872795  	85.604071 
936.304454  	85.357891 
937.736112  	85.326710 
939.167770  	85.141560 
940.599428  	84.805421 
942.031086  	84.487065 
943.462744  	84.328089 
944.894403  	84.473546 
946.326061  	84.796384 
947.757719  	85.160184 
949.189377  	85.491542 
950.621035  	85.608374 
952.052694  	85.497628 
953.484352  	85.145391 
954.916010  	84.480958 
956.347668  	83.709706 
957.779326  	83.036779 
959.210985  	82.573727 
960.642643  	82.361668 
962.074301  	82.269495 
963.505959  	82.288813 
964.937617  	82.447811 
966.369275  	82.565193 
967.800934  	82.503602 
969.232592  	82.303918 
970.664250  	82.056346 
972.095908  	81.767952 
973.527566  	81.399015 
974.959225  	80.941956 
976.390883  	80.337878 
977.822541  	79.626536 
979.254199  	78.869206 
980.685857  	77.962825 
982.117516  	76.956465 
983.549174  	75.832034 
984.980832  	74.406210 
986.412490  	72.740641 
987.844148  	70.784537 
989.275806  	68.537155 
990.707465  	66.346891 
992.139123  	64.372715 
993.570781  	62.824602 
995.002439  	61.737038 
996.434097  	60.571971 
997.865756  	58.841456 
999.297414  	55.974993 
1000.729072  	51.622380 
1002.160730  	46.417942 
1003.592388  	41.513285 
1005.024046  	38.209419 
1006.455705  	36.770281 
1007.887363  	36.068066 
1009.319021  	34.902101 
1010.750679  	31.622454 
1012.182337  	25.965078 
1013.613996  	22.063269 
1015.045654  	24.834500 
1016.477312  	34.553362 
1017.908970  	47.075965 
1019.340628  	58.611773 
1020.772287  	67.790070 
1022.203945  	74.719620 
1023.635603  	80.175743 
1025.067261  	84.391748 
1026.498919  	87.175653 
1027.930577  	88.624967 
1029.362236  	89.106850 
1030.793894  	89.061555 
1032.225552  	88.804344 
1033.657210  	88.445554 
1035.088868  	87.932945 
1036.520527  	87.298090 
1037.952185  	86.641701 
1039.383843  	85.984116 
1040.815501  	85.366856 
1042.247159  	84.751908 
1043.678818  	84.059054 
1045.110476  	83.338479 
1046.542134  	82.656369 
1047.973792  	82.035552 
1049.405450  	81.422810 
1050.837108  	80.773615 
1052.268767  	80.078871 
1053.700425  	79.282528 
1055.132083  	78.488863 
1056.563741  	77.739309 
1057.995399  	76.864100 
1059.427058  	75.916676 
1060.858716  	74.955269 
1062.290374  	73.919503 
1063.722032  	72.767319 
1065.153690  	71.357816 
1066.585348  	69.775353 
1068.017007  	67.957813 
1069.448665  	65.570735 
1070.880323  	62.735298 
1072.311981  	59.309134 
1073.743639  	54.847618 
1075.175298  	49.046960 
1076.606956  	41.431563 
1078.038614  	33.757435 
1079.470272  	29.766149 
1080.901930  	31.007847 
1082.333589  	36.869281 
1083.765247  	45.261438 
1085.196905  	53.915680 
1086.628563  	61.381337 
1088.060221  	66.450042 
1089.491879  	68.793186 
1090.923538  	69.100146 
1092.355196  	68.082562 
1093.786854  	66.220837 
1095.218512  	63.688506 
1096.650170  	60.413048 
1098.081829  	56.788864 
1099.513487  	53.321137 
1100.945145  	50.828142 
1102.376803  	50.085556 
1103.808461  	50.459839 
1105.240120  	51.135352 
1106.671778  	51.525925 
1108.103436  	51.364551 
1109.535094  	51.441552 
1110.966752  	52.107690 
1112.398410  	53.079985 
1113.830069  	54.231054 
1115.261727  	55.053847 
1116.693385  	55.435223 
1118.125043  	55.570572 
1119.556701  	55.264606 
1120.988360  	54.666118 
1122.420018  	53.791916 
1123.851676  	52.527750 
1125.283334  	51.204875 
1126.714992  	49.642737 
1128.146650  	47.798568 
1129.578309  	46.028729 
1131.009967  	44.083227 
1132.441625  	42.014829 
1133.873283  	39.930568 
1135.304941  	37.654487 
1136.736600  	35.388729 
1138.168258  	32.924214 
1139.599916  	30.293634 
1141.031574  	27.812006 
1142.463232  	25.131150 
1143.894891  	22.512301 
1145.326549  	20.067625 
1146.758207  	17.489390 
1148.189865  	15.260333 
1149.621523  	13.155655 
1151.053181  	11.063824 
1152.484840  	9.442193 
1153.916498  	7.804579 
1155.348156  	6.389354 
1156.779814  	5.491735 
1158.211472  	4.797746 
1159.643131  	5.006594 
1161.074789  	6.117194 
1162.506447  	8.006200 
1163.938105  	11.248256 
1165.369763  	15.344097 
1166.801421  	20.095945 
1168.233080  	25.226231 
1169.664738  	29.498372 
1171.096396  	32.088478 
1172.528054  	32.104111 
1173.959712  	29.299224 
1175.391371  	25.074499 
1176.823029  	20.702832 
1178.254687  	17.042250 
1179.686345  	14.308239 
1181.118003  	11.627087 
1182.549662  	9.183905 
1183.981320  	7.308700 
1185.412978  	5.982904 
1186.844636  	5.828794 
1188.276294  	6.439003 
1189.707952  	7.584351 
1191.139611  	9.547405 
1192.571269  	11.724902 
1194.002927  	14.292687 
1195.434585  	17.312905 
1196.866243  	20.328473 
1198.297902  	23.712919 
1199.729560  	27.228156 
1201.161218  	30.589601 
1202.592876  	33.925173 
1204.024534  	36.515974 
1205.456193  	37.798268 
1206.887851  	37.277139 
1208.319509  	34.420049 
1209.751167  	29.986831 
1211.182825  	24.968043 
1212.614483  	20.249282 
1214.046142  	16.922371 
1215.477800  	14.711132 
1216.909458  	13.500218 
1218.341116  	13.351715 
1219.772774  	13.539739 
1221.204433  	14.277052 
1222.636091  	15.388786 
1224.067749  	16.434500 
1225.499407  	17.890179 
1226.931065  	19.384369 
1228.362723  	20.804455 
1229.794382  	22.465606 
1231.226040  	23.924232 
1232.657698  	25.462613 
1234.089356  	27.123078 
1235.521014  	28.501095 
1236.952673  	30.039793 
1238.384331  	31.583872 
1239.815989  	32.989606 
1241.247647  	34.578274 
1242.679305  	36.054003 
1244.110964  	37.668506 
1245.542622  	39.586966 
1246.974280  	41.490776 
1248.405938  	43.802206 
1249.837596  	46.458034 
1251.269254  	49.232009 
1252.700913  	52.420401 
1254.132571  	55.773759 
1255.564229  	59.276804 
1256.995887  	63.053082 
1258.427545  	66.804524 
1259.859204  	70.607214 
1261.290862  	74.387771 
1262.722520  	77.798464 
1264.154178  	80.849533 
1265.585836  	83.524829 
1267.017495  	85.728407 
1268.449153  	87.527101 
1269.880811  	88.934562 
1271.312469  	89.947195 
1272.744127  	90.667531 
1274.175785  	91.120998 
1275.607444  	91.329457 
1277.039102  	91.297432 
1278.470760  	90.977934 
1279.902418  	90.491693 
1281.334076  	89.885024 
1282.765735  	89.135891 
1284.197393  	88.344491 
1285.629051  	87.502984 
1287.060709  	86.701607 
1288.492367  	86.085699 
1289.924025  	85.653802 
1291.355684  	85.532563 
1292.787342  	85.826946 
1294.219000  	86.529039 
1295.650658  	87.626342 
1297.082316  	88.973091 
1298.513975  	90.364380 
1299.945633  	91.716694 
1301.377291  	92.900471 
1302.808949  	93.815214 
1304.240607  	94.431452 
1305.672266  	94.548000 
1307.103924  	94.208635 
1308.535582  	93.760092 
1309.967240  	93.658998 
1311.398898  	94.283179 
1312.830556  	95.513452 
1314.262215  	96.915886 
1315.693873  	98.180830 
1317.125531  	99.093507 
1318.557189  	99.692136 
1319.988847  	100.172211 
1321.420506  	100.460435 
1322.852164  	100.670208 
1324.283822  	100.847017 
1325.715480  	100.928015 
1327.147138  	101.088309 
1328.578796  	101.198026 
1330.010455  	101.219033 
1331.442113  	101.331685 
1332.873771  	101.356037 
1334.305429  	101.363482 
1335.737087  	101.441404 
1337.168746  	101.423107 
1338.600404  	101.463541 
1340.032062  	101.507757 
1341.463720  	101.509078 
1342.895378  	101.621873 
1344.327037  	101.586469 
1345.758695  	101.499615 
1347.190353  	101.512510 
1348.622011  	101.394098 
1350.053669  	101.346445 
1351.485327  	101.304429 
1352.916986  	101.089042 
1354.348644  	100.943331 
1355.780302  	100.628833 
1357.211960  	100.082977 
1358.643618  	99.123711 
1360.075277  	96.936658 
1361.506935  	93.478863 
1362.938593  	89.376920 
1364.370251  	87.290377 
1365.801909  	88.430066 
1367.233568  	91.409221 
1368.665226  	94.824519 
1370.096884  	97.414170 
1371.528542  	98.866292 
1372.960200  	99.552658 
1374.391858  	99.982703 
1375.823517  	100.142272 
1377.255175  	100.143624 
1378.686833  	100.007302 
1380.118491  	99.492372 
1381.550149  	98.583482 
1382.981808  	96.912904 
1384.413466  	94.960424 
1385.845124  	93.574361 
1387.276782  	93.315357 
1388.708440  	94.447220 
1390.140098  	95.899537 
1391.571757  	97.351121 
1393.003415  	98.350793 
1394.435073  	98.673827 
1395.866731  	98.717716 
1397.298389  	98.558313 
1398.730048  	97.991982 
1400.161706  	97.165694 
1401.593364  	96.147373 
1403.025022  	94.768922 
1404.456680  	92.986801 
1405.888339  	90.735519 
1407.319997  	88.746289 
1408.751655  	87.747268 
1410.183313  	87.649910 
1411.614971  	88.812425 
1413.046629  	91.016984 
1414.478288  	93.376326 
1415.909946  	95.739511 
1417.341604  	97.498791 
1418.773262  	98.573425 
1420.204920  	99.812232 
1421.636579  	100.472970 
1423.068237  	100.720173 
1424.499895  	101.005348 
1425.931553  	101.109685 
1427.363211  	101.233332 
1428.794870  	101.343937 
1430.226528  	101.265279 
1431.658186  	101.350492 
1433.089844  	101.323164 
1434.521502  	101.176868 
1435.953160  	101.087843 
1437.384819  	100.609735 
1438.816477  	100.344516 
1440.248135  	100.046267 
1441.679793  	99.323109 
1443.111451  	98.764123 
1444.543110  	98.181305 
1445.974768  	97.548053 
1447.406426  	97.162191 
1448.838084  	96.501898 
1450.269742  	96.073596 
1451.701400  	95.999366 
1453.133059  	95.840470 
1454.564717  	95.869690 
1455.996375  	95.667644 
1457.428033  	94.350651 
1458.859691  	93.345514 
1460.291350  	92.080787 
1461.723008  	90.778351 
1463.154666  	89.843643 
1464.586324  	89.114031 
1466.017982  	89.466842 
1467.449641  	89.979956 
1468.881299  	90.450295 
1470.312957  	91.143149 
1471.744615  	91.376241 
1473.176273  	91.777222 
1474.607931  	92.317563 
1476.039590  	92.158196 
1477.471248  	92.223100 
1478.902906  	92.054655 
1480.334564  	91.317179 
1481.766222  	90.617970 
1483.197881  	89.377973 
1484.629539  	87.708126 
1486.061197  	85.954687 
1487.492855  	83.139191 
1488.924513  	80.035356 
1490.356172  	76.626057 
1491.787830  	71.666107 
1493.219488  	67.570673 
1494.651146  	63.523142 
1496.082804  	58.102813 
1497.514462  	53.215997 
1498.946121  	48.580084 
1500.377779  	44.349943 
1501.809437  	42.360354 
1503.241095  	41.181090 
1504.672753  	41.067388 
1506.104412  	44.033856 
1507.536070  	50.671210 
1508.967728  	57.527836 
1510.399386  	64.231229 
1511.831044  	71.051412 
1513.262702  	77.940161 
1514.694361  	83.247430 
1516.126019  	86.983226 
1517.557677  	90.981425 
1518.989335  	93.588888 
1520.420993  	94.607921 
1521.852652  	96.397383 
1523.284310  	97.889369 
1524.715968  	98.406056 
1526.147626  	99.305113 
1527.579284  	99.937301 
1529.010943  	100.338761 
1530.442601  	100.873824 
1531.874259  	101.017328 
1533.305917  	101.185971 
1534.737575  	101.630668 
1536.169233  	101.775687 
1537.600892  	101.977538 
1539.032550  	101.985235 
1540.464208  	101.827578 
1541.895866  	102.437495 
1543.327524  	102.638122 
1544.759183  	102.703827 
1546.190841  	102.961564 
1547.622499  	103.032090 
1549.054157  	103.108402 
1550.485815  	103.204988 
1551.917473  	103.225934 
1553.349132  	103.296944 
1554.780790  	103.304294 
1556.212448  	103.355898 
1557.644106  	103.330132 
1559.075764  	102.705159 
1560.507423  	103.275011 
1561.939081  	103.670658 
1563.370739  	103.657195 
1564.802397  	103.679236 
1566.234055  	103.700620 
1567.665714  	103.607673 
1569.097372  	103.481187 
1570.529030  	103.390242 
1571.960688  	103.449415 
1573.392346  	103.437329 
1574.824004  	103.257390 
1576.255663  	103.047803 
1577.687321  	102.964635 
1579.118979  	102.918197 
1580.550637  	102.761948 
1581.982295  	102.405984 
1583.413954  	101.955816 
1584.845612  	101.308328 
1586.277270  	100.443539 
1587.708928  	99.461014 
1589.140586  	98.277851 
1590.572245  	97.237119 
1592.003903  	96.501184 
1593.435561  	96.136691 
1594.867219  	96.270481 
1596.298877  	96.504120 
1597.730535  	96.604086 
1599.162194  	96.471138 
1600.593852  	96.191887 
1602.025510  	96.104342 
1603.457168  	96.201561 
1604.888826  	96.621778 
1606.320485  	97.394400 
1607.752143  	98.315244 
1609.183801  	99.355375 
1610.615459  	100.239892 
1612.047117  	100.966304 
1613.478775  	101.568679 
1614.910434  	101.931093 
1616.342092  	102.165777 
1617.773750  	102.443705 
1619.205408  	102.719246 
1620.637066  	102.909937 
1622.068725  	102.945242 
1623.500383  	102.973315 
1624.932041  	103.181867 
1626.363699  	103.304733 
1627.795357  	103.281553 
1629.227016  	103.242088 
1630.658674  	103.286972 
1632.090332  	103.325266 
1633.521990  	103.228127 
1634.953648  	103.007243 
1636.385306  	102.898915 
1637.816965  	102.990889 
1639.248623  	103.013354 
1640.680281  	102.942770 
1642.111939  	102.831098 
1643.543597  	102.743550 
1644.975256  	102.579468 
1646.406914  	102.292294 
1647.838572  	102.232545 
1649.270230  	102.389491 
1650.701888  	102.395080 
1652.133547  	102.206189 
1653.565205  	101.990317 
1654.996863  	102.310877 
1656.428521  	102.430325 
1657.860179  	102.495525 
1659.291837  	102.561477 
1660.723496  	102.532367 
1662.155154  	102.481901 
1663.586812  	102.560821 
1665.018470  	102.680462 
1666.450128  	102.744368 
1667.881787  	102.708965 
1669.313445  	102.677156 
1670.745103  	102.845152 
1672.176761  	102.963373 
1673.608419  	103.044942 
1675.040077  	103.133999 
1676.471736  	103.121237 
1677.903394  	103.197776 
1679.335052  	103.211020 
1680.766710  	103.120660 
1682.198368  	103.174885 
1683.630027  	102.972198 
1685.061685  	102.743332 
1686.493343  	103.109407 
1687.925001  	103.059038 
1689.356659  	102.940634 
1690.788318  	102.966884 
1692.219976  	102.752241 
1693.651634  	102.555439 
1695.083292  	102.280574 
1696.514950  	101.846094 
1697.946608  	101.959425 
1699.378267  	101.735081 
1700.809925  	101.197801 
1702.241583  	101.385585 
1703.673241  	101.150162 
1705.104899  	100.814899 
1706.536558  	100.600866 
1707.968216  	100.278878 
1709.399874  	100.112678 
1710.831532  	99.763913 
1712.263190  	99.295327 
1713.694849  	99.034967 
1715.126507  	98.488602 
1716.558165  	98.057235 
1717.989823  	97.849905 
1719.421481  	97.229055 
1720.853139  	97.034299 
1722.284798  	96.622394 
1723.716456  	95.827305 
1725.148114  	95.414741 
1726.579772  	94.783441 
1728.011430  	94.081432 
1729.443089  	93.652328 
1730.874747  	92.859156 
1732.306405  	92.361155 
1733.738063  	91.981324 
1735.169721  	91.181011 
1736.601379  	90.997065 
1738.033038  	90.277448 
1739.464696  	89.291090 
1740.896354  	88.877275 
1742.328012  	87.847918 
1743.759670  	86.820888 
1745.191329  	85.863428 
1746.622987  	84.167514 
1748.054645  	82.603694 
1749.486303  	80.583329 
1750.917961  	77.886638 
1752.349620  	75.288730 
1753.781278  	71.730979 
1755.212936  	67.990323 
1756.644594  	63.735832 
1758.076252  	57.768446 
1759.507910  	52.468073 
1760.939569  	47.265453 
1762.371227  	40.778980 
1763.802885  	35.985025 
1765.234543  	32.592546 
1766.666201  	29.670802 
1768.097860  	28.807343 
1769.529518  	28.632591 
1770.961176  	28.640565 
1772.392834  	31.088368 
1773.824492  	33.406337 
1775.256150  	35.253808 
1776.687809  	38.403617 
1778.119467  	41.119934 
1779.551125  	44.047189 
1780.982783  	48.125427 
1782.414441  	51.382256 
1783.846100  	54.834219 
1785.277758  	58.976147 
1786.709416  	62.512424 
1788.141074  	66.437639 
1789.572732  	70.147694 
1791.004391  	73.353878 
1792.436049  	77.928582 
1793.867707  	81.631938 
1795.299365  	84.321213 
1796.731023  	87.394136 
1798.162681  	89.450478 
1799.594340  	91.492843 
1801.025998  	93.664570 
1802.457656  	94.824368 
1803.889314  	96.353455 
1805.320972  	97.388289 
1806.752631  	97.941702 
1808.184289  	99.009638 
1809.615947  	99.388771 
1811.047605  	99.860630 
1812.479263  	100.659578 
1813.910922  	100.715409 
1815.342580  	101.241600 
1816.774238  	101.640022 
1818.205896  	101.550358 
1819.637554  	102.084089 
1821.069212  	102.147811 
1822.500871  	102.188497 
1823.932529  	102.632576 
1825.364187  	102.395326 
1826.795845  	102.671413 
1828.227503  	103.010582 
1829.659162  	102.765372 
1831.090820  	103.167775 
1832.522478  	103.193198 
1833.954136  	103.144428 
1835.385794  	103.580926 
1836.817452  	103.464913 
1838.249111  	103.590579 
1839.680769  	103.833062 
1841.112427  	103.539937 
1842.544085  	103.730721 
1843.975743  	103.756439 
1845.407402  	103.651449 
1846.839060  	104.095129 
1848.270718  	103.872026 
1849.702376  	103.862446 
1851.134034  	104.159415 
1852.565693  	103.926108 
1853.997351  	104.198656 
1855.429009  	104.324956 
1856.860667  	103.986240 
1858.292325  	104.215677 
1859.723983  	104.134696 
1861.155642  	104.059221 
1862.587300  	104.371839 
1864.018958  	104.171677 
1865.450616  	104.263239 
1866.882274  	104.376734 
1868.313933  	103.991320 
1869.745591  	104.256106 
1871.177249  	104.283352 
1872.608907  	104.184287 
1874.040565  	104.494919 
1875.472224  	104.319339 
1876.903882  	104.191291 
1878.335540  	104.193161 
1879.767198  	103.988481 
1881.198856  	104.225623 
1882.630514  	104.141872 
1884.062173  	103.845706 
1885.493831  	103.973572 
1886.925489  	103.723635 
1888.357147  	103.614585 
1889.788805  	103.606668 
1891.220464  	103.164349 
1892.652122  	103.248240 
1894.083780  	103.153203 
1895.515438  	102.845827 
1896.947096  	103.166579 
1898.378754  	103.100045 
1899.810413  	102.996648 
1901.242071  	103.193782 
1902.673729  	103.033972 
1904.105387  	103.213543 
1905.537045  	103.412682 
1906.968704  	103.475130 
1908.400362  	103.983800 
1909.832020  	103.988305 
1911.263678  	104.057481 
1912.695336  	104.594627 
1914.126995  	104.519285 
1915.558653  	104.646884 
1916.990311  	104.850001 
1918.421969  	104.636839 
1919.853627  	105.006017 
1921.285285  	104.985316 
1922.716944  	104.818191 
1924.148602  	105.242675 
1925.580260  	105.029363 
1927.011918  	105.037388 
1928.443576  	105.392252 
1929.875235  	105.171291 
1931.306893  	105.331603 
1932.738551  	105.285241 
1934.170209  	104.997747 
1935.601867  	105.374943 
1937.033525  	105.247962 
1938.465184  	105.194004 
1939.896842  	105.540714 
1941.328500  	105.272895 
1942.760158  	105.359783 
1944.191816  	105.219475 
1945.623475  	104.809270 
1947.055133  	105.326042 
1948.486791  	105.245952 
1949.918449  	104.933788 
1951.350107  	105.227164 
1952.781766  	105.152519 
1954.213424  	105.568084 
1955.645082  	105.676717 
1957.076740  	105.097748 
1958.508398  	105.569319 
1959.940056  	105.496324 
1961.371715  	105.071925 
1962.803373  	105.410061 
1964.235031  	104.978482 
1965.666689  	105.093114 
1967.098347  	105.316022 
1968.530006  	104.705932 
1969.961664  	105.363766 
1971.393322  	105.451798 
1972.824980  	105.052407 
1974.256638  	105.678096 
1975.688297  	105.046539 
1977.119955  	104.861312 
1978.551613  	105.389270 
1979.983271  	104.768862 
1981.414929  	105.325751 
1982.846587  	105.716730 
1984.278246  	105.046267 
1985.709904  	105.101372 
1987.141562  	104.914637 
1988.573220  	105.349603 
1990.004878  	106.234075 
1991.436537  	105.597247 
1992.868195  	105.480310 
1994.299853  	105.713922 
1995.731511  	105.396937 
1997.163169  	105.836731 
1998.594827  	105.733375 
2000.026486  	105.492043 
2001.458144  	105.746325 
2002.889802  	105.011880 
2004.321460  	105.046854 
2005.753118  	105.551778 
2007.184777  	104.935034 
2008.616435  	105.025324 
2010.048093  	104.983768 
2011.479751  	104.876904 
2012.911409  	105.557766 
2014.343068  	105.290834 
2015.774726  	105.353302 
2017.206384  	105.547304 
2018.638042  	104.820826 
2020.069700  	105.481858 
2021.501358  	105.791818 
2022.933017  	105.135464 
2024.364675  	105.535213 
2025.796333  	105.241621 
2027.227991  	105.050793 
2028.659649  	105.471164 
2030.091308  	104.727622 
2031.522966  	104.824404 
2032.954624  	105.471201 
2034.386282  	105.485073 
2035.817940  	105.807421 
2037.249599  	105.323306 
2038.681257  	104.989964 
2040.112915  	105.202582 
2041.544573  	104.742142 
2042.976231  	105.065781 
2044.407889  	105.394073 
2045.839548  	104.794061 
2047.271206  	104.702707 
2048.702864  	104.473352 
2050.134522  	104.419967 
2051.566180  	104.718780 
2052.997839  	104.418561 
2054.429497  	104.532754 
2055.861155  	104.726808 
2057.292813  	104.486410 
2058.724471  	104.869094 
2060.156129  	105.029410 
2061.587788  	104.982525 
2063.019446  	105.288284 
2064.451104  	104.872968 
2065.882762  	104.662571 
2067.314420  	105.070650 
2068.746079  	105.051682 
2070.177737  	105.098859 
2071.609395  	105.012314 
2073.041053  	104.840630 
2074.472711  	105.197821 
2075.904370  	105.341662 
2077.336028  	105.363905 
2078.767686  	105.335447 
2080.199344  	105.024369 
2081.631002  	105.104417 
2083.062660  	104.981075 
2084.494319  	104.687402 
2085.925977  	105.024231 
2087.357635  	105.099911 
2088.789293  	105.049728 
2090.220951  	105.277865 
2091.652610  	105.212144 
2093.084268  	105.480545 
2094.515926  	105.721375 
2095.947584  	105.399915 
2097.379242  	105.634599 
2098.810901  	105.915470 
2100.242559  	105.718796 
2101.674217  	105.633877 
2103.105875  	105.510940 
2104.537533  	105.657947 
2105.969191  	105.851874 
2107.400850  	105.633578 
2108.832508  	105.623622 
2110.264166  	105.608375 
2111.695824  	105.594760 
2113.127482  	105.816914 
2114.559141  	105.662348 
2115.990799  	105.645907 
2117.422457  	105.911257 
2118.854115  	105.832015 
2120.285773  	105.844349 
2121.717431  	105.781732 
2123.149090  	105.653054 
2124.580748  	105.885510 
2126.012406  	105.805191 
2127.444064  	105.775218 
2128.875722  	106.001382 
2130.307381  	105.733012 
2131.739039  	105.673367 
2133.170697  	105.635640 
2134.602355  	105.319614 
2136.034013  	105.764550 
2137.465672  	105.859428 
2138.897330  	105.352698 
2140.328988  	105.518997 
2141.760646  	105.676638 
2143.192304  	105.828061 
2144.623962  	106.006292 
2146.055621  	105.720090 
2147.487279  	105.606839 
2148.918937  	105.146600 
2150.350595  	104.728463 
2151.782253  	105.087786 
2153.213912  	104.972237 
2154.645570  	104.780316 
2156.077228  	104.495370 
2157.508886  	103.790107 
2158.940544  	104.614774 
2160.372202  	105.172970 
2161.803861  	104.621497 
2163.235519  	105.036232 
2164.667177  	104.878215 
2166.098835  	104.479383 
2167.530493  	104.812101 
2168.962152  	104.886230 
2170.393810  	105.092345 
2171.825468  	105.128305 
2173.257126  	105.002085 
2174.688784  	105.298281 
2176.120443  	104.881676 
2177.552101  	104.594114 
2178.983759  	105.066115 
2180.415417  	104.954149 
2181.847075  	104.823454 
2183.278733  	104.944123 
2184.710392  	105.052525 
2186.142050  	105.190659 
2187.573708  	104.537442 
2189.005366  	104.187580 
2190.437024  	104.478957 
2191.868683  	104.157986 
2193.300341  	104.153951 
2194.731999  	104.406194 
2196.163657  	104.330068 
2197.595315  	104.614784 
2199.026974  	104.547346 
2200.458632  	104.482604 
2201.890290  	104.961247 
2203.321948  	104.784928 
2204.753606  	104.605330 
2206.185264  	104.677246 
2207.616923  	104.344412 
2209.048581  	104.446531 
2210.480239  	104.679746 
2211.911897  	104.801002 
2213.343555  	105.014394 
2214.775214  	104.528436 
2216.206872  	104.221981 
2217.638530  	104.435621 
2219.070188  	104.314575 
2220.501846  	104.400931 
2221.933504  	104.316959 
2223.365163  	103.962080 
2224.796821  	104.152045 
2226.228479  	104.094353 
2227.660137  	103.859789 
2229.091795  	103.869287 
2230.523454  	103.655553 
2231.955112  	103.780437 
2233.386770  	103.965361 
2234.818428  	103.762500 
2236.250086  	103.839682 
2237.681745  	103.862800 
2239.113403  	103.865244 
2240.545061  	104.040735 
2241.976719  	103.916974 
2243.408377  	104.046214 
2244.840035  	104.282082 
2246.271694  	104.191905 
2247.703352  	104.348385 
2249.135010  	104.315682 
2250.566668  	104.167547 
2251.998326  	104.420557 
2253.429985  	104.450990 
2254.861643  	104.541225 
2256.293301  	104.757080 
2257.724959  	104.578369 
2259.156617  	104.681184 
2260.588276  	104.933282 
2262.019934  	104.941922 
2263.451592  	105.131310 
2264.883250  	105.213050 
2266.314908  	105.139720 
2267.746566  	105.121273 
2269.178225  	105.181827 
2270.609883  	105.540426 
2272.041541  	105.628580 
2273.473199  	105.440815 
2274.904857  	105.495914 
2276.336516  	105.271534 
2277.768174  	105.136923 
2279.199832  	105.471119 
2280.631490  	105.528615 
2282.063148  	105.509836 
2283.494806  	105.566200 
2284.926465  	105.506296 
2286.358123  	105.669150 
2287.789781  	105.763238 
2289.221439  	105.732631 
2290.653097  	105.807617 
2292.084756  	105.632448 
2293.516414  	105.493956 
2294.948072  	105.563031 
2296.379730  	105.503421 
2297.811388  	105.530190 
2299.243047  	105.517785 
2300.674705  	105.380187 
2302.106363  	105.463023 
2303.538021  	105.491435 
2304.969679  	105.374274 
2306.401337  	105.267403 
2307.832996  	105.087589 
2309.264654  	105.041112 
2310.696312  	105.024479 
2312.127970  	104.952954 
2313.559628  	105.061585 
2314.991287  	105.034783 
2316.422945  	104.884720 
2317.854603  	104.852068 
2319.286261  	104.681932 
2320.717919  	104.516096 
2322.149577  	104.460138 
2323.581236  	104.427729 
2325.012894  	104.499766 
2326.444552  	104.386389 
2327.876210  	104.185062 
2329.307868  	104.143991 
2330.739527  	103.999976 
2332.171185  	104.003591 
2333.602843  	104.214875 
2335.034501  	104.197269 
2336.466159  	104.202852 
2337.897818  	104.262176 
2339.329476  	104.155799 
2340.761134  	104.095409 
2342.192792  	104.069336 
2343.624450  	104.083492 
2345.056108  	104.138372 
2346.487767  	104.278248 
2347.919425  	104.647864 
2349.351083  	104.763972 
2350.782741  	104.437394 
2352.214399  	104.100635 
2353.646058  	103.892990 
2355.077716  	103.707576 
2356.509374  	103.476331 
2357.941032  	103.157880 
2359.372690  	103.258766 
2360.804349  	103.506981 
2362.236007  	103.316806 
2363.667665  	103.261567 
2365.099323  	103.410929 
2366.530981  	103.528058 
2367.962639  	103.715163 
2369.394298  	103.760965 
2370.825956  	103.844749 
2372.257614  	104.003018 
2373.689272  	104.081917 
2375.120930  	104.379448 
2376.552589  	104.634515 
2377.984247  	104.672374 
2379.415905  	104.865197 
2380.847563  	105.046799 
2382.279221  	105.135118 
2383.710879  	105.302560 
2385.142538  	105.373837 
2386.574196  	105.335551 
2388.005854  	105.310210 
2389.437512  	105.340103 
2390.869170  	105.425784 
2392.300829  	105.400938 
2393.732487  	105.340549 
2395.164145  	105.328391 
2396.595803  	105.233144 
2398.027461  	105.202097 
2399.459120  	105.212293 
2400.890778  	105.130600 
2402.322436  	105.141589 
2403.754094  	105.196925 
2405.185752  	105.220026 
2406.617410  	105.229701 
2408.049069  	105.138989 
2409.480727  	105.153451 
2410.912385  	105.268786 
2412.344043  	105.250566 
2413.775701  	105.249216 
2415.207360  	105.288381 
2416.639018  	105.285921 
2418.070676  	105.247800 
2419.502334  	105.134276 
2420.933992  	105.168361 
2422.365651  	105.318603 
2423.797309  	105.334903 
2425.228967  	105.366154 
2426.660625  	105.376879 
2428.092283  	105.318999 
2429.523941  	105.346312 
2430.955600  	105.329202 
2432.387258  	105.334544 
2433.818916  	105.430507 
2435.250574  	105.436166 
2436.682232  	105.455788 
2438.113891  	105.464546 
2439.545549  	105.421404 
2440.977207  	105.456619 
2442.408865  	105.402437 
2443.840523  	105.344250 
2445.272181  	105.415724 
2446.703840  	105.420106 
2448.135498  	105.460502 
2449.567156  	105.511400 
2450.998814  	105.481587 
2452.430472  	105.556195 
2453.862131  	105.515507 
2455.293789  	105.339120 
2456.725447  	105.362237 
2458.157105  	105.433678 
2459.588763  	105.419647 
2461.020422  	105.403761 
2462.452080  	105.449978 
2463.883738  	105.548501 
2465.315396  	105.472075 
2466.747054  	105.387761 
2468.178712  	105.483788 
2469.610371  	105.454247 
2471.042029  	105.400640 
2472.473687  	105.410663 
2473.905345  	105.341640 
2475.337003  	105.432341 
2476.768662  	105.521105 
2478.200320  	105.454150 
2479.631978  	105.549188 
2481.063636  	105.596560 
2482.495294  	105.514633 
2483.926953  	105.553921 
2485.358611  	105.535472 
2486.790269  	105.488841 
2488.221927  	105.543192 
2489.653585  	105.578953 
2491.085243  	105.584094 
2492.516902  	105.542700 
2493.948560  	105.616995 
2495.380218  	105.799207 
2496.811876  	105.774989 
2498.243534  	105.773938 
2499.675193  	105.880015 
2501.106851  	105.766817 
2502.538509  	105.646347 
2503.970167  	105.693298 
2505.401825  	105.775777 
2506.833483  	105.865729 
2508.265142  	105.883664 
2509.696800  	105.856018 
2511.128458  	105.799093 
2512.560116  	105.740284 
2513.991774  	105.811970 
2515.423433  	105.841196 
2516.855091  	105.846083 
2518.286749  	105.975108 
2519.718407  	105.958378 
2521.150065  	105.865604 
2522.581724  	105.887498 
2524.013382  	105.910441 
2525.445040  	105.990747 
2526.876698  	105.980803 
2528.308356  	105.840192 
2529.740014  	105.844019 
2531.171673  	105.836624 
2532.603331  	105.817895 
2534.034989  	105.913253 
2535.466647  	105.875424 
2536.898305  	105.847461 
2538.329964  	105.964689 
2539.761622  	105.997656 
2541.193280  	105.976921 
2542.624938  	105.945360 
2544.056596  	105.971605 
2545.488254  	106.058772 
2546.919913  	105.970249 
2548.351571  	105.885156 
2549.783229  	105.964792 
2551.214887  	106.005396 
2552.646545  	106.035451 
2554.078204  	106.056480 
2555.509862  	106.043886 
2556.941520  	106.088738 
2558.373178  	106.134894 
2559.804836  	106.164331 
2561.236495  	106.073515 
2562.668153  	105.922354 
2564.099811  	106.037040 
2565.531469  	106.186735 
2566.963127  	106.149099 
2568.394785  	106.104785 
2569.826444  	105.951052 
2571.258102  	105.807670 
2572.689760  	105.860476 
2574.121418  	105.894007 
2575.553076  	105.916238 
2576.984735  	105.931711 
2578.416393  	105.892058 
2579.848051  	105.933341 
2581.279709  	105.946104 
2582.711367  	105.947553 
2584.143026  	106.005955 
2585.574684  	105.920838 
2587.006342  	105.845758 
2588.438000  	105.878705 
2589.869658  	105.863378 
2591.301316  	105.913611 
2592.732975  	105.958647 
2594.164633  	105.890008 
2595.596291  	105.840004 
2597.027949  	105.800511 
2598.459607  	105.833963 
2599.891266  	105.894635 
2601.322924  	105.824134 
2602.754582  	105.804052 
2604.186240  	105.881536 
2605.617898  	105.951780 
2607.049556  	105.992218 
2608.481215  	105.904847 
2609.912873  	105.879777 
2611.344531  	105.996979 
2612.776189  	105.969120 
2614.207847  	105.876049 
2615.639506  	105.845456 
2617.071164  	105.852527 
2618.502822  	105.964915 
2619.934480  	106.000420 
2621.366138  	105.970127 
2622.797797  	106.074357 
2624.229455  	106.080352 
2625.661113  	105.997335 
2627.092771  	106.054142 
2628.524429  	106.071371 
2629.956087  	106.023911 
2631.387746  	106.050098 
2632.819404  	106.058085 
2634.251062  	106.044745 
2635.682720  	106.078647 
2637.114378  	106.118414 
2638.546037  	106.129953 
2639.977695  	106.121290 
2641.409353  	106.119046 
2642.841011  	106.119205 
2644.272669  	106.096353 
2645.704328  	106.078555 
2647.135986  	106.108470 
2648.567644  	106.137364 
2649.999302  	106.102208 
2651.430960  	106.091562 
2652.862618  	106.135082 
2654.294277  	106.126592 
2655.725935  	106.104337 
2657.157593  	106.077372 
2658.589251  	106.007122 
2660.020909  	106.016329 
2661.452568  	106.041984 
2662.884226  	105.975562 
2664.315884  	105.953596 
2665.747542  	105.955745 
2667.179200  	105.940176 
2668.610858  	105.989048 
2670.042517  	106.004681 
2671.474175  	105.989145 
2672.905833  	106.026895 
2674.337491  	106.023307 
2675.769149  	106.002525 
2677.200808  	106.022842 
2678.632466  	106.035506 
2680.064124  	106.036092 
2681.495782  	105.992634 
2682.927440  	105.964947 
2684.359099  	106.025313 
2685.790757  	106.048665 
2687.222415  	106.021838 
2688.654073  	106.021325 
2690.085731  	106.010830 
2691.517389  	105.995457 
2692.949048  	105.973780 
2694.380706  	105.932756 
2695.812364  	105.914778 
2697.244022  	105.928260 
2698.675680  	105.958829 
2700.107339  	105.959305 
2701.538997  	105.941190 
2702.970655  	105.980249 
2704.402313  	106.006274 
2705.833971  	105.968068 
2707.265630  	105.912503 
2708.697288  	105.840454 
2710.128946  	105.799477 
2711.560604  	105.784892 
2712.992262  	105.760890 
2714.423920  	105.778746 
2715.855579  	105.779980 
2717.287237  	105.751056 
2718.718895  	105.767101 
2720.150553  	105.773392 
2721.582211  	105.797092 
2723.013870  	105.848796 
2724.445528  	105.829612 
2725.877186  	105.807879 
2727.308844  	105.810137 
2728.740502  	105.802286 
2730.172160  	105.820355 
2731.603819  	105.795685 
2733.035477  	105.779635 
2734.467135  	105.842259 
2735.898793  	105.836746 
2737.330451  	105.791323 
2738.762110  	105.780303 
2740.193768  	105.755047 
2741.625426  	105.782259 
2743.057084  	105.822253 
2744.488742  	105.805572 
2745.920401  	105.817685 
2747.352059  	105.844235 
2748.783717  	105.861221 
2750.215375  	105.868322 
2751.647033  	105.844911 
2753.078691  	105.854953 
2754.510350  	105.837262 
2755.942008  	105.756564 
2757.373666  	105.748252 
2758.805324  	105.756416 
2760.236982  	105.709097 
2761.668641  	105.681084 
2763.100299  	105.658945 
2764.531957  	105.630645 
2765.963615  	105.608485 
2767.395273  	105.598158 
2768.826931  	105.594616 
2770.258590  	105.525114 
2771.690248  	105.455273 
2773.121906  	105.453673 
2774.553564  	105.420215 
2775.985222  	105.397753 
2777.416881  	105.434923 
2778.848539  	105.441264 
2780.280197  	105.430998 
2781.711855  	105.434359 
2783.143513  	105.447885 
2784.575172  	105.456289 
2786.006830  	105.426665 
2787.438488  	105.433414 
2788.870146  	105.485943 
2790.301804  	105.526633 
2791.733462  	105.572727 
2793.165121  	105.566618 
2794.596779  	105.552901 
2796.028437  	105.616503 
2797.460095  	105.619745 
2798.891753  	105.570786 
2800.323412  	105.553522 
2801.755070  	105.492039 
2803.186728  	105.443792 
2804.618386  	105.441883 
2806.050044  	105.423923 
2807.481703  	105.428316 
2808.913361  	105.432107 
2810.345019  	105.436063 
2811.776677  	105.465608 
2813.208335  	105.447617 
2814.639993  	105.438512 
2816.071652  	105.474894 
2817.503310  	105.466691 
2818.934968  	105.448657 
2820.366626  	105.456169 
2821.798284  	105.453258 
2823.229943  	105.434962 
2824.661601  	105.432909 
2826.093259  	105.465144 
2827.524917  	105.426388 
2828.956575  	105.353416 
2830.388233  	105.407033 
2831.819892  	105.447294 
2833.251550  	105.393175 
2834.683208  	105.360876 
2836.114866  	105.300406 
2837.546524  	105.236236 
2838.978183  	105.210188 
2840.409841  	105.144142 
2841.841499  	105.094173 
2843.273157  	105.032932 
2844.704815  	104.914051 
2846.136474  	104.848991 
2847.568132  	104.778557 
2848.999790  	104.653568 
2850.431448  	104.530751 
2851.863106  	104.370039 
2853.294764  	104.254042 
2854.726423  	104.220380 
2856.158081  	104.132098 
2857.589739  	103.979833 
2859.021397  	103.781080 
2860.453055  	103.543576 
2861.884714  	103.275923 
2863.316372  	102.876412 
2864.748030  	102.359888 
2866.179688  	101.811287 
2867.611346  	101.214965 
2869.043005  	100.603569 
2870.474663  	100.067706 
2871.906321  	99.731015 
2873.337979  	99.640302 
2874.769637  	99.687073 
2876.201295  	99.841713 
2877.632954  	100.132462 
2879.064612  	100.488025 
2880.496270  	100.853940 
2881.927928  	101.200640 
2883.359586  	101.482911 
2884.791245  	101.652488 
2886.222903  	101.680369 
2887.654561  	101.636851 
2889.086219  	101.568162 
2890.517877  	101.500175 
2891.949535  	101.508815 
2893.381194  	101.556345 
2894.812852  	101.627257 
2896.244510  	101.745936 
2897.676168  	101.810300 
2899.107826  	101.841612 
2900.539485  	101.886377 
2901.971143  	101.850653 
2903.402801  	101.772692 
2904.834459  	101.653761 
2906.266117  	101.421275 
2907.697776  	101.190419 
2909.129434  	101.014337 
2910.561092  	100.849423 
2911.992750  	100.741091 
2913.424408  	100.708426 
2914.856066  	100.731407 
2916.287725  	100.783279 
2917.719383  	100.805246 
2919.151041  	100.720976 
2920.582699  	100.530158 
2922.014357  	100.342536 
2923.446016  	100.097861 
2924.877674  	99.704769 
2926.309332  	99.311003 
2927.740990  	98.896089 
2929.172648  	98.427155 
2930.604306  	98.110290 
2932.035965  	97.890232 
2933.467623  	97.676527 
2934.899281  	97.592686 
2936.330939  	97.582288 
2937.762597  	97.622649 
2939.194256  	97.793617 
2940.625914  	97.977248 
2942.057572  	98.076859 
2943.489230  	98.128823 
2944.920888  	98.186898 
2946.352547  	98.229601 
2947.784205  	98.160754 
2949.215863  	98.043980 
2950.647521  	97.897345 
2952.079179  	97.551110 
2953.510837  	97.001641 
2954.942496  	96.283890 
2956.374154  	95.378098 
2957.805812  	94.306765 
2959.237470  	93.003750 
2960.669128  	91.568045 
2962.100787  	90.220974 
2963.532445  	88.987947 
2964.964103  	87.928994 
2966.395761  	87.177857 
2967.827419  	86.787380 
2969.259078  	86.771590 
2970.690736  	87.088822 
2972.122394  	87.688304 
2973.554052  	88.531701 
2974.985710  	89.494062 
2976.417368  	90.505215 
2977.849027  	91.600549 
2979.280685  	92.709758 
2980.712343  	93.766999 
2982.144001  	94.809048 
2983.575659  	95.821834 
2985.007318  	96.761942 
2986.438976  	97.634384 
2987.870634  	98.464090 
2989.302292  	99.192529 
2990.733950  	99.777693 
2992.165608  	100.351090 
2993.597267  	100.957269 
2995.028925  	101.510209 
2996.460583  	101.972762 
2997.892241  	102.302603 
2999.323899  	102.594231 
3000.755558  	102.953006 
3002.187216  	103.273519 
3003.618874  	103.548932 
3005.050532  	103.797154 
3006.482190  	103.953593 
3007.913849  	104.114665 
3009.345507  	104.311416 
3010.777165  	104.465486 
3012.208823  	104.589128 
3013.640481  	104.695222 
3015.072139  	104.806829 
3016.503798  	104.878573 
3017.935456  	104.864670 
3019.367114  	104.868043 
3020.798772  	104.870643 
3022.230430  	104.832586 
3023.662089  	104.811053 
3025.093747  	104.747589 
3026.525405  	104.638956 
3027.957063  	104.498727 
3029.388721  	104.309736 
3030.820380  	104.148408 
3032.252038  	103.877235 
3033.683696  	103.431542 
3035.115354  	103.061962 
3036.547012  	102.753580 
3037.978670  	102.429717 
3039.410329  	102.207572 
3040.841987  	102.090929 
3042.273645  	102.106623 
3043.705303  	102.256794 
3045.136961  	102.400330 
3046.568620  	102.517371 
3048.000278  	102.653074 
3049.431936  	102.804721 
3050.863594  	102.912670 
3052.295252  	102.881755 
3053.726910  	102.763992 
3055.158569  	102.636616 
3056.590227  	102.535135 
3058.021885  	102.490851 
3059.453543  	102.442673 
3060.885201  	102.472361 
3062.316860  	102.612299 
3063.748518  	102.688463 
3065.180176  	102.815702 
3066.611834  	103.054344 
3068.043492  	103.199055 
3069.475151  	103.325189 
3070.906809  	103.454170 
3072.338467  	103.496519 
3073.770125  	103.587474 
3075.201783  	103.713072 
3076.633441  	103.821025 
3078.065100  	103.959096 
3079.496758  	104.066881 
3080.928416  	104.174882 
3082.360074  	104.260826 
3083.791732  	104.297482 
3085.223391  	104.419211 
3086.655049  	104.500484 
3088.086707  	104.515944 
3089.518365  	104.687977 
3090.950023  	104.845424 
3092.381682  	104.863447 
3093.813340  	104.906196 
3095.244998  	104.956786 
3096.676656  	105.002932 
3098.108314  	105.053930 
3099.539972  	105.075748 
3100.971631  	105.121554 
3102.403289  	105.130571 
3103.834947  	105.054956 
3105.266605  	104.999838 
3106.698263  	105.021508 
3108.129922  	105.060342 
3109.561580  	104.996559 
3110.993238  	104.957508 
3112.424896  	105.089071 
3113.856554  	105.145410 
3115.288212  	105.085475 
3116.719871  	105.089085 
3118.151529  	105.096930 
3119.583187  	105.148987 
3121.014845  	105.231868 
3122.446503  	105.230544 
3123.878162  	105.282930 
3125.309820  	105.365090 
3126.741478  	105.395831 
3128.173136  	105.495020 
3129.604794  	105.570617 
3131.036453  	105.578664 
3132.468111  	105.624443 
3133.899769  	105.652877 
3135.331427  	105.659151 
3136.763085  	105.653626 
3138.194743  	105.657854 
3139.626402  	105.749902 
3141.058060  	105.812181 
3142.489718  	105.817088 
3143.921376  	105.859038 
3145.353034  	105.858433 
3146.784693  	105.833101 
3148.216351  	105.835946 
3149.648009  	105.846216 
3151.079667  	105.905903 
3152.511325  	105.938673 
3153.942983  	105.944794 
3155.374642  	106.016245 
3156.806300  	106.020468 
3158.237958  	105.965056 
3159.669616  	105.982253 
3161.101274  	105.990916 
3162.532933  	105.972826 
3163.964591  	105.982720 
3165.396249  	106.004854 
3166.827907  	106.035570 
3168.259565  	106.045553 
3169.691224  	106.034037 
3171.122882  	106.038131 
3172.554540  	106.057916 
3173.986198  	106.034096 
3175.417856  	105.916530 
3176.849514  	105.843437 
3178.281173  	105.860543 
3179.712831  	105.830280 
3181.144489  	105.839765 
3182.576147  	105.904807 
3184.007805  	105.909792 
3185.439464  	105.978996 
3186.871122  	106.053459 
3188.302780  	105.994397 
3189.734438  	105.967510 
3191.166096  	105.966473 
3192.597755  	105.905132 
3194.029413  	105.867847 
3195.461071  	105.845192 
3196.892729  	105.856940 
3198.324387  	105.930013 
3199.756045  	105.966070 
3201.187704  	105.943164 
3202.619362  	105.933282 
3204.051020  	106.024291 
3205.482678  	106.122551 
3206.914336  	106.067471 
3208.345995  	106.029424 
3209.777653  	106.091610 
3211.209311  	106.079150 
3212.640969  	106.024318 
3214.072627  	105.996106 
3215.504285  	106.005146 
3216.935944  	106.051409 
3218.367602  	106.015952 
3219.799260  	105.985538 
3221.230918  	106.068981 
3222.662576  	106.070614 
3224.094235  	105.988435 
3225.525893  	106.000396 
3226.957551  	106.079502 
3228.389209  	106.117757 
3229.820867  	106.081991 
3231.252526  	106.057010 
3232.684184  	106.072615 
3234.115842  	106.065960 
3235.547500  	106.089267 
3236.979158  	106.128087 
3238.410816  	106.113086 
3239.842475  	106.122131 
3241.274133  	106.162881 
3242.705791  	106.185127 
3244.137449  	106.188915 
3245.569107  	106.164480 
3247.000766  	106.150189 
3248.432424  	106.135135 
3249.864082  	106.109771 
3251.295740  	106.127879 
3252.727398  	106.124682 
3254.159057  	106.098151 
3255.590715  	106.109766 
3257.022373  	106.107019 
3258.454031  	106.143321 
3259.885689  	106.213821 
3261.317347  	106.177804 
3262.749006  	106.113185 
3264.180664  	106.138220 
3265.612322  	106.213442 
3267.043980  	106.236971 
3268.475638  	106.156389 
3269.907297  	106.104350 
3271.338955  	106.104973 
3272.770613  	106.060575 
3274.202271  	106.089203 
3275.633929  	106.176031 
3277.065587  	106.161134 
3278.497246  	106.116690 
3279.928904  	106.079531 
3281.360562  	106.036517 
3282.792220  	106.046016 
3284.223878  	106.065443 
3285.655537  	106.068741 
3287.087195  	106.056607 
3288.518853  	106.037703 
3289.950511  	106.114300 
3291.382169  	106.227152 
3292.813828  	106.241992 
3294.245486  	106.231187 
3295.677144  	106.251256 
3297.108802  	106.258647 
3298.540460  	106.231182 
3299.972118  	106.171121 
3301.403777  	106.141506 
3302.835435  	106.191733 
3304.267093  	106.235483 
3305.698751  	106.170916 
3307.130409  	106.093952 
3308.562068  	106.130921 
3309.993726  	106.164561 
3311.425384  	106.112726 
3312.857042  	106.086627 
3314.288700  	106.113148 
3315.720359  	106.155302 
3317.152017  	106.164472 
3318.583675  	106.138098 
3320.015333  	106.197939 
3321.446991  	106.282856 
3322.878649  	106.272530 
3324.310308  	106.280355 
3325.741966  	106.311095 
3327.173624  	106.286001 
3328.605282  	106.246903 
3330.036940  	106.196623 
3331.468599  	106.179058 
3332.900257  	106.214959 
3334.331915  	106.214693 
3335.763573  	106.184846 
3337.195231  	106.166365 
3338.626889  	106.186500 
3340.058548  	106.235249 
3341.490206  	106.228612 
3342.921864  	106.228468 
3344.353522  	106.273505 
3345.785180  	106.275395 
3347.216839  	106.284368 
3348.648497  	106.284951 
3350.080155  	106.236142 
3351.511813  	106.245897 
3352.943471  	106.266966 
3354.375130  	106.266102 
3355.806788  	106.302902 
3357.238446  	106.284731 
3358.670104  	106.260815 
3360.101762  	106.316478 
3361.533420  	106.318184 
3362.965079  	106.254405 
3364.396737  	106.217268 
3365.828395  	106.239043 
3367.260053  	106.308740 
3368.691711  	106.315268 
3370.123370  	106.251635 
3371.555028  	106.210566 
3372.986686  	106.188265 
3374.418344  	106.168671 
3375.850002  	106.160232 
3377.281660  	106.203097 
3378.713319  	106.257906 
3380.144977  	106.224784 
3381.576635  	106.214353 
3383.008293  	106.242587 
3384.439951  	106.187146 
3385.871610  	106.185131 
3387.303268  	106.242373 
3388.734926  	106.228202 
3390.166584  	106.223279 
3391.598242  	106.183810 
3393.029901  	106.151032 
3394.461559  	106.286826 
3395.893217  	106.351579 
3397.324875  	106.253408 
3398.756533  	106.207118 
3400.188191  	106.176807 
3401.619850  	106.164202 
3403.051508  	106.238892 
3404.483166  	106.259162 
3405.914824  	106.222884 
3407.346482  	106.231918 
3408.778141  	106.239075 
3410.209799  	106.234763 
3411.641457  	106.269658 
3413.073115  	106.278855 
3414.504773  	106.179162 
3415.936432  	106.112545 
3417.368090  	106.204058 
3418.799748  	106.256940 
3420.231406  	106.196373 
3421.663064  	106.213945 
3423.094722  	106.278462 
3424.526381  	106.292762 
3425.958039  	106.324760 
3427.389697  	106.315449 
3428.821355  	106.216024 
3430.253013  	106.170404 
3431.684672  	106.190689 
3433.116330  	106.192188 
3434.547988  	106.237176 
3435.979646  	106.286671 
3437.411304  	106.247826 
3438.842962  	106.245929 
3440.274621  	106.274067 
3441.706279  	106.209236 
3443.137937  	106.181352 
3444.569595  	106.218965 
3446.001253  	106.183957 
3447.432912  	106.131170 
3448.864570  	106.139829 
3450.296228  	106.188153 
3451.727886  	106.201301 
3453.159544  	106.157994 
3454.591203  	106.204773 
3456.022861  	106.247520 
3457.454519  	106.131770 
3458.886177  	106.112674 
3460.317835  	106.213930 
3461.749493  	106.190873 
3463.181152  	106.129130 
3464.612810  	106.131931 
3466.044468  	106.167882 
3467.476126  	106.191705 
3468.907784  	106.131748 
3470.339443  	106.105835 
3471.771101  	106.162197 
3473.202759  	106.182535 
3474.634417  	106.181693 
3476.066075  	106.139301 
3477.497734  	106.094620 
3478.929392  	106.149018 
3480.361050  	106.147138 
3481.792708  	106.053503 
3483.224366  	106.020439 
3484.656024  	106.037940 
3486.087683  	106.112676 
3487.519341  	106.192134 
3488.950999  	106.173106 
3490.382657  	106.135125 
3491.814315  	106.110370 
3493.245974  	106.106472 
3494.677632  	106.118848 
3496.109290  	106.041752 
3497.540948  	105.956776 
3498.972606  	105.983596 
3500.404264  	106.054502 
3501.835923  	106.071455 
3503.267581  	105.953211 
3504.699239  	105.862871 
3506.130897  	105.935628 
3507.562555  	105.955045 
3508.994214  	105.871898 
3510.425872  	105.821622 
3511.857530  	105.873510 
3513.289188  	105.983270 
3514.720846  	105.925585 
3516.152505  	105.761462 
3517.584163  	105.744171 
3519.015821  	105.701126 
3520.447479  	105.625565 
3521.879137  	105.698313 
3523.310795  	105.701404 
3524.742454  	105.610679 
3526.174112  	105.571317 
3527.605770  	105.452074 
3529.037428  	105.395657 
3530.469086  	105.523698 
3531.900745  	105.597443 
3533.332403  	105.584361 
3534.764061  	105.581618 
3536.195719  	105.615762 
3537.627377  	105.682697 
3539.059035  	105.695265 
3540.490694  	105.650042 
3541.922352  	105.638895 
3543.354010  	105.686558 
3544.785668  	105.705604 
3546.217326  	105.634343 
3547.648985  	105.624211 
3549.080643  	105.720186 
3550.512301  	105.745472 
3551.943959  	105.688958 
3553.375617  	105.652606 
3554.807276  	105.669244 
3556.238934  	105.705238 
3557.670592  	105.733932 
3559.102250  	105.763412 
3560.533908  	105.767276 
3561.965566  	105.726169 
3563.397225  	105.660993 
3564.828883  	105.535561 
3566.260541  	105.434469 
3567.692199  	105.538911 
3569.123857  	105.723729 
3570.555516  	105.833336 
3571.987174  	105.854072 
3573.418832  	105.792224 
3574.850490  	105.810771 
3576.282148  	105.853133 
3577.713807  	105.797780 
3579.145465  	105.782578 
3580.577123  	105.802281 
3582.008781  	105.799197 
3583.440439  	105.813050 
3584.872097  	105.817812 
3586.303756  	105.859515 
3587.735414  	105.881302 
3589.167072  	105.790551 
3590.598730  	105.839012 
3592.030388  	105.938635 
3593.462047  	105.932840 
3594.893705  	105.918181 
3596.325363  	105.930250 
3597.757021  	105.942757 
3599.188679  	105.971683 
3600.620337  	105.978315 
3602.051996  	106.007085 
3603.483654  	106.052204 
3604.915312  	106.062273 
3606.346970  	106.045035 
3607.778628  	105.961251 
3609.210287  	105.938945 
3610.641945  	106.068964 
3612.073603  	106.082173 
3613.505261  	105.987008 
3614.936919  	106.008908 
3616.368578  	106.068649 
3617.800236  	106.028677 
3619.231894  	105.948181 
3620.663552  	105.974639 
3622.095210  	105.981711 
3623.526868  	105.909331 
3624.958527  	105.933250 
3626.390185  	105.976158 
3627.821843  	105.771188 
3629.253501  	105.440230 
3630.685159  	105.666471 
3632.116818  	105.928030 
3633.548476  	105.993187 
3634.980134  	106.026527 
3636.411792  	106.096201 
3637.843450  	106.100849 
3639.275109  	106.085648 
3640.706767  	106.127283 
3642.138425  	106.075851 
3643.570083  	105.977607 
3645.001741  	105.937050 
3646.433399  	105.773136 
3647.865058  	105.569496 
3649.296716  	105.582203 
3650.728374  	105.572319 
3652.160032  	105.738607 
3653.591690  	105.972639 
3655.023349  	105.986799 
3656.455007  	105.784173 
3657.886665  	105.655876 
3659.318323  	105.717115 
3660.749981  	105.747815 
3662.181639  	105.725639 
3663.613298  	105.792670 
3665.044956  	105.793247 
3666.476614  	105.608567 
3667.908272  	105.449614 
3669.339930  	105.301486 
3670.771589  	105.232956 
3672.203247  	105.530755 
3673.634905  	105.614462 
3675.066563  	105.315723 
3676.498221  	105.247006 
3677.929880  	105.650805 
3679.361538  	105.807641 
3680.793196  	105.831673 
3682.224854  	105.824109 
3683.656512  	105.754587 
3685.088170  	105.665520 
3686.519829  	105.645483 
3687.951487  	105.560186 
3689.383145  	105.495570 
3690.814803  	105.708205 
3692.246461  	105.889169 
3693.678120  	105.997028 
3695.109778  	106.087517 
3696.541436  	106.074503 
3697.973094  	106.082078 
3699.404752  	106.130207 
3700.836411  	106.045785 
3702.268069  	105.983783 
3703.699727  	106.039354 
3705.131385  	106.038146 
3706.563043  	106.018711 
3707.994701  	105.969868 
3709.426360  	105.926043 
3710.858018  	105.915425 
3712.289676  	105.809068 
3713.721334  	105.852545 
3715.152992  	106.040540 
3716.584651  	106.127746 
3718.016309  	106.160255 
3719.447967  	106.104824 
3720.879625  	105.974163 
3722.311283  	105.915753 
3723.742941  	105.912026 
3725.174600  	105.946205 
3726.606258  	105.990592 
3728.037916  	106.023546 
3729.469574  	106.064442 
3730.901232  	105.933602 
3732.332891  	105.727802 
3733.764549  	105.853474 
3735.196207  	105.809553 
3736.627865  	105.628651 
3738.059523  	105.955097 
3739.491182  	106.100917 
3740.922840  	106.085259 
3742.354498  	106.150329 
3743.786156  	105.979696 
3745.217814  	105.617610 
3746.649472  	105.894884 
3748.081131  	106.000443 
3749.512789  	105.841098 
3750.944447  	105.729597 
3752.376105  	105.849070 
3753.807763  	106.062059 
3755.239422  	106.108088 
3756.671080  	106.034513 
3758.102738  	105.997516 
3759.534396  	106.019528 
3760.966054  	106.062645 
3762.397712  	106.126020 
3763.829371  	106.129483 
3765.261029  	106.084977 
3766.692687  	106.125679 
3768.124345  	106.168795 
3769.556003  	106.055893 
3770.987662  	105.997432 
3772.419320  	106.170290 
3773.850978  	106.273266 
3775.282636  	106.250621 
3776.714294  	106.206027 
3778.145953  	106.140387 
3779.577611  	106.099436 
3781.009269  	106.175042 
3782.440927  	106.263775 
3783.872585  	106.299957 
3785.304243  	106.299754 
3786.735902  	106.338699 
3788.167560  	106.402908 
3789.599218  	106.349246 
3791.030876  	106.240288 
3792.462534  	106.266597 
3793.894193  	106.341698 
3795.325851  	106.233300 
3796.757509  	106.040815 
3798.189167  	106.147546 
3799.620825  	106.231060 
3801.052484  	105.923492 
3802.484142  	105.744057 
3803.915800  	106.125263 
3805.347458  	106.213050 
3806.779116  	106.012140 
3808.210774  	105.995600 
3809.642433  	106.186659 
3811.074091  	106.207502 
3812.505749  	106.153097 
3813.937407  	106.135422 
3815.369065  	105.899590 
3816.800724  	105.635685 
3818.232382  	105.999788 
3819.664040  	106.139350 
3821.095698  	105.746975 
3822.527356  	105.779858 
3823.959014  	106.205907 
3825.390673  	106.202311 
3826.822331  	105.990588 
3828.253989  	106.023877 
3829.685647  	106.173933 
3831.117305  	106.126701 
3832.548964  	105.964222 
3833.980622  	105.919727 
3835.412280  	105.876084 
3836.843938  	105.782800 
3838.275596  	105.694970 
3839.707255  	105.681486 
3841.138913  	105.882098 
3842.570571  	106.048503 
3844.002229  	105.994328 
3845.433887  	105.989663 
3846.865545  	106.071263 
3848.297204  	106.041449 
3849.728862  	105.995848 
3851.160520  	105.988265 
3852.592178  	105.764635 
3854.023836  	105.339189 
3855.455495  	105.645631 
3856.887153  	105.979523 
3858.318811  	106.096763 
3859.750469  	106.130922 
3861.182127  	106.095637 
3862.613786  	106.015713 
3864.045444  	105.982522 
3865.477102  	105.888389 
3866.908760  	105.876517 
3868.340418  	105.945803 
3869.772076  	105.763339 
3871.203735  	105.743853 
3872.635393  	106.085950 
3874.067051  	106.051111 
3875.498709  	105.862775 
3876.930367  	106.077221 
3878.362026  	106.145814 
3879.793684  	105.820130 
3881.225342  	105.590244 
3882.657000  	105.804450 
3884.088658  	105.916068 
3885.520316  	105.694139 
3886.951975  	105.644278 
3888.383633  	105.961688 
3889.815291  	106.031981 
3891.246949  	105.930588 
3892.678607  	105.997011 
3894.110266  	106.040794 
3895.541924  	106.028683 
3896.973582  	106.067002 
3898.405240  	106.041605 
3899.836898  	105.953154 
3901.268557  	105.888283 
3902.700215  	105.783969 
3904.131873  	105.630959 
3905.563531  	105.609700 
3906.995189  	105.839068 
3908.426847  	106.072082 
3909.858506  	106.066520 
3911.290164  	105.943694 
3912.721822  	105.959085 
3914.153480  	106.037907 
3915.585138  	106.000050 
3917.016797  	105.894745 
3918.448455  	105.840822 
3919.880113  	105.806338 
3921.311771  	105.850036 
3922.743429  	105.969896 
3924.175088  	105.961868 
3925.606746  	105.880209 
3927.038404  	105.926150 
3928.470062  	105.986031 
3929.901720  	106.022223 
3931.333378  	106.061229 
3932.765037  	106.018564 
3934.196695  	105.955710 
3935.628353  	105.973137 
3937.060011  	106.020928 
3938.491669  	106.065028 
3939.923328  	106.078593 
3941.354986  	106.041686 
3942.786644  	105.972344 
3944.218302  	105.954417 
3945.649960  	106.005292 
3947.081618  	106.039952 
3948.513277  	106.072645 
3949.944935  	106.084898 
3951.376593  	106.004578 
3952.808251  	105.959465 
3954.239909  	105.994032 
3955.671568  	105.986950 
3957.103226  	105.973581 
3958.534884  	105.989313 
3959.966542  	105.968436 
3961.398200  	105.923473 
3962.829859  	105.919316 
3964.261517  	105.995292 
3965.693175  	106.034209 
3967.124833  	105.943714 
3968.556491  	105.885308 
3969.988149  	105.947587 
3971.419808  	106.030982 
3972.851466  	106.042336 
3974.283124  	105.954250 
3975.714782  	105.941828 
3977.146440  	106.054325 
3978.578099  	106.067181 
3980.009757  	106.035436 
3981.441415  	106.072269 
3982.873073  	106.056640 
3984.304731  	106.025186 
3985.736389  	106.022214 
3987.168048  	105.972503 
3988.599706  	105.933003 
3990.031364  	105.923383 
3991.463022  	105.908962 
3992.894680  	105.927268 
3994.326339  	105.967800 
3995.757997  	106.003961 
3997.189655  	106.011160 
3998.621313  	105.954566 
4000.052971  	105.889553 
4001.484630  	105.915133 
4002.916288  	105.994692 
4004.347946  	105.990028 
4005.779604  	105.949466 
4007.211262  	105.979164 
4008.642920  	105.970039 
4010.074579  	105.944492 
4011.506237  	106.002219 
4012.937895  	105.980111 
4014.369553  	105.890823 
4015.801211  	105.893357 
4017.232870  	105.898012 
4018.664528  	105.878902 
4020.096186  	105.893902 
4021.527844  	105.933184 
4022.959502  	106.012819 
4024.391161  	106.038049 
4025.822819  	105.984966 
4027.254477  	106.001910 
4028.686135  	106.036498 
4030.117793  	105.984313 
4031.549451  	105.905870 
4032.981110  	105.870172 
4034.412768  	105.919649 
4035.844426  	106.010618 
4037.276084  	106.037369 
4038.707742  	105.966173 
4040.139401  	105.885271 
4041.571059  	105.925294 
4043.002717  	105.977270 
4044.434375  	105.897897 
4045.866033  	105.834774 
4047.297691  	105.797622 
4048.729350  	105.688752 
4050.161008  	105.682811 
4051.592666  	105.817442 
4053.024324  	105.879714 
4054.455982  	105.799047 
4055.887641  	105.693901 
4057.319299  	105.682652 
4058.750957  	105.703866 
4060.182615  	105.700285 
4061.614273  	105.742350 
4063.045932  	105.762568 
4064.477590  	105.687769 
4065.909248  	105.577206 
4067.340906  	105.483340 
4068.772564  	105.491209 
4070.204222  	105.559059 
4071.635881  	105.574508 
4073.067539  	105.587112 
4074.499197  	105.572908 
4075.930855  	105.534440 
4077.362513  	105.568823 
4078.794172  	105.570783 
4080.225830  	105.547922 
4081.657488  	105.607680 
4083.089146  	105.619116 
4084.520804  	105.597970 
4085.952463  	105.629919 
4087.384121  	105.611479 
4088.815779  	105.605808 
4090.247437  	105.680518 
4091.679095  	105.715790 
4093.110753  	105.716567 
4094.542412  	105.751446 
4095.974070  	105.829297 
4097.405728  	105.906789 
4098.837386  	105.893111 
4100.269044  	105.852603 
4101.700703  	105.912433 
4103.132361  	106.006522 
4104.564019  	106.013210 
4105.995677  	105.944200 
4107.427335  	105.916169 
4108.858993  	105.961739 
4110.290652  	105.983059 
4111.722310  	105.977315 
4113.153968  	106.000394 
4114.585626  	105.997306 
4116.017284  	105.952801 
4117.448943  	105.954755 
4118.880601  	105.998331 
4120.312259  	105.996467 
4121.743917  	105.980445 
4123.175575  	106.037910 
4124.607234  	106.111281 
4126.038892  	106.103713 
4127.470550  	106.037279 
4128.902208  	105.986960 
4130.333866  	106.002141 
4131.765524  	106.061904 
4133.197183  	106.091273 
4134.628841  	106.074865 
4136.060499  	106.061146 
4137.492157  	106.034607 
4138.923815  	105.960269 
4140.355474  	105.946643 
4141.787132  	106.044873 
4143.218790  	106.080143 
4144.650448  	106.028439 
4146.082106  	106.014845 
4147.513764  	106.010131 
4148.945423  	106.035340 
4150.377081  	106.077512 
4151.808739  	105.980276 
4153.240397  	105.882193 
4154.672055  	105.961134 
4156.103714  	106.033476 
4157.535372  	105.999956 
4158.967030  	105.971890 
4160.398688  	105.981051 
4161.830346  	105.975071 
4163.262005  	105.947999 
4164.693663  	105.987672 
4166.125321  	106.058368 
4167.556979  	106.032431 
4168.988637  	105.955372 
4170.420295  	105.871323 
4171.851954  	105.810751 
4173.283612  	105.866916 
4174.715270  	105.953425 
4176.146928  	105.961914 
4177.578586  	105.895292 
4179.010245  	105.813640 
4180.441903  	105.888453 
4181.873561  	106.007704 
4183.305219  	105.915126 
4184.736877  	105.821535 
4186.168536  	105.887080 
4187.600194  	105.932882 
4189.031852  	105.933059 
4190.463510  	105.926957 
4191.895168  	105.917241 
4193.326826  	105.920195 
4194.758485  	105.899175 
4196.190143  	105.907302 
4197.621801  	105.930144 
4199.053459  	105.881030 
4200.485117  	105.877905 
4201.916776  	105.937356 
4203.348434  	105.947259 
4204.780092  	105.940503 
4206.211750  	105.910759 
4207.643408  	105.896013 
4209.075066  	105.959886 
4210.506725  	105.947059 
4211.938383  	105.871165 
4213.370041  	105.912850 
4214.801699  	105.975137 
4216.233357  	105.995732 
4217.665016  	106.083079 
4219.096674  	106.131284 
4220.528332  	106.015507 
4221.959990  	105.849384 
4223.391648  	105.731321 
4224.823307  	105.711972 
4226.254965  	105.822935 
4227.686623  	105.917062 
4229.118281  	105.942318 
4230.549939  	106.014351 
4231.981597  	106.028442 
4233.413256  	105.974229 
4234.844914  	106.020544 
4236.276572  	106.002941 
4237.708230  	105.897059 
4239.139888  	105.965553 
4240.571547  	106.040643 
4242.003205  	105.972053 
4243.434863  	105.969305 
4244.866521  	105.983021 
4246.298179  	105.912646 
4247.729838  	105.886152 
4249.161496  	105.918815 
4250.593154  	105.960657 
4252.024812  	106.001201 
4253.456470  	105.987683 
4254.888128  	105.902564 
4256.319787  	105.844226 
4257.751445  	105.914181 
4259.183103  	105.982019 
4260.614761  	105.926180 
4262.046419  	105.920111 
4263.478078  	105.992796 
4264.909736  	105.959232 
4266.341394  	105.865062 
4267.773052  	105.864317 
4269.204710  	105.973919 
4270.636368  	106.087279 
4272.068027  	106.086442 
4273.499685  	106.007036 
4274.931343  	105.928884 
4276.363001  	105.874928 
4277.794659  	105.877505 
4279.226318  	105.896464 
4280.657976  	105.875220 
4282.089634  	105.858539 
4283.521292  	105.901988 
4284.952950  	105.953247 
4286.384609  	105.906037 
4287.816267  	105.839117 
4289.247925  	105.875099 
4290.679583  	105.909592 
4292.111241  	105.915446 
4293.542899  	105.959380 
4294.974558  	105.957858 
4296.406216  	105.908600 
4297.837874  	105.870456 
4299.269532  	105.840358 
4300.701190  	105.843604 
4302.132849  	105.832127 
4303.564507  	105.807307 
4304.996165  	105.810836 
4306.427823  	105.768782 
4307.859481  	105.747214 
4309.291140  	105.743653 
4310.722798  	105.667410 
4312.154456  	105.771407 
4313.586114  	106.004193 
4315.017772  	105.974036 
4316.449430  	105.872870 
4317.881089  	105.909600 
4319.312747  	105.895776 
4320.744405  	105.864209 
4322.176063  	105.887164 
4323.607721  	105.916190 
4325.039380  	105.921890 
4326.471038  	105.814902 
4327.902696  	105.731009 
4329.334354  	105.823128 
4330.766012  	105.877664 
4332.197670  	105.807114 
4333.629329  	105.760332 
4335.060987  	105.796871 
4336.492645  	105.898287 
4337.924303  	105.935729 
4339.355961  	105.874463 
4340.787620  	105.879651 
4342.219278  	105.933477 
4343.650936  	105.910903 
4345.082594  	105.850062 
4346.514252  	105.829849 
4347.945911  	105.869819 
4349.377569  	105.877679 
4350.809227  	105.783981 
4352.240885  	105.747046 
4353.672543  	105.877267 
4355.104201  	106.019425 
4356.535860  	106.018516 
4357.967518  	105.918864 
4359.399176  	105.855898 
4360.830834  	105.854620 
4362.262492  	105.866274 
4363.694151  	105.903938 
4365.125809  	105.932952 
4366.557467  	105.906648 
4367.989125  	105.916646 
4369.420783  	105.953145 
4370.852441  	105.880188 
4372.284100  	105.794050 
4373.715758  	105.854742 
4375.147416  	105.958704 
4376.579074  	105.984658 
4378.010732  	105.969950 
4379.442391  	105.941461 
4380.874049  	105.921630 
4382.305707  	105.971889 
4383.737365  	106.042889 
4385.169023  	106.022910 
4386.600682  	105.970916 
4388.032340  	106.011468 
4389.463998  	106.070728 
4390.895656  	106.046383 
4392.327314  	106.031951 
4393.758972  	106.056966 
4395.190631  	105.999980 
4396.622289  	105.922218 
4398.053947  	105.948012 
4399.485605  	105.950056 
4400.917263  	105.888345 
4402.348922  	105.940255 
4403.780580  	106.004257 
4405.212238  	105.926206 
4406.643896  	105.938238 
4408.075554  	106.031522 
4409.507213  	105.915020 
4410.938871  	105.804586 
4412.370529  	105.900558 
4413.802187  	105.917379 
4415.233845  	105.880781 
4416.665503  	105.986859 
4418.097162  	106.056812 
4419.528820  	106.031743 
4420.960478  	106.013218 
4422.392136  	105.957361 
4423.823794  	105.926830 
4425.255453  	106.001999 
4426.687111  	106.066510 
4428.118769  	106.014160 
4429.550427  	105.912936 
4430.982085  	105.926398 
4432.413743  	106.012728 
4433.845402  	105.968850 
4435.277060  	105.868728 
4436.708718  	105.876132 
4438.140376  	105.922987 
4439.572034  	105.968946 
4441.003693  	106.051448 
4442.435351  	106.112523 
4443.867009  	106.108260 
4445.298667  	106.119018 
4446.730325  	106.186918 
4448.161984  	106.186173 
4449.593642  	106.102439 
4451.025300  	106.093492 
4452.456958  	106.084060 
4453.888616  	105.983182 
4455.320274  	106.001644 
4456.751933  	106.132222 
4458.183591  	106.140446 
4459.615249  	106.105684 
4461.046907  	106.140439 
4462.478565  	106.128428 
4463.910224  	106.076768 
4465.341882  	106.058461 
4466.773540  	106.028012 
4468.205198  	106.035168 
4469.636856  	106.123234 
4471.068515  	106.136350 
4472.500173  	106.033008 
4473.931831  	105.965587 
4475.363489  	106.002294 
4476.795147  	106.093010 
4478.226805  	106.140607 
4479.658464  	106.147328 
4481.090122  	106.209851 
4482.521780  	106.227093 
4483.953438  	106.130896 
4485.385096  	106.124374 
4486.816755  	106.182162 
4488.248413  	106.111121 
4489.680071  	106.047293 
4491.111729  	106.140423 
4492.543387  	106.225239 
4493.975045  	106.154558 
4495.406704  	106.086570 
4496.838362  	106.162905 
4498.270020  	106.180565 
4499.701678  	106.084817 
4501.133336  	106.112464 
4502.564995  	106.148010 
4503.996653  	106.061513 
4505.428311  	106.115400 
4506.859969  	106.268952 
4508.291627  	106.272350 
4509.723286  	106.208884 
4511.154944  	106.137902 
4512.586602  	106.070300 
4514.018260  	106.131963 
4515.449918  	106.249762 
4516.881576  	106.293947 
4518.313235  	106.273600 
4519.744893  	106.158003 
4521.176551  	106.054742 
4522.608209  	106.132719 
4524.039867  	106.235433 
4525.471526  	106.216873 
4526.903184  	106.202566 
4528.334842  	106.221971 
4529.766500  	106.235211 
4531.198158  	106.255525 
4532.629817  	106.202039 
4534.061475  	106.124962 
4535.493133  	106.164990 
4536.924791  	106.170329 
4538.356449  	106.043852 
4539.788107  	105.993994 
4541.219766  	106.093661 
4542.651424  	106.209333 
4544.083082  	106.234705 
4545.514740  	106.194533 
4546.946398  	106.234283 
4548.378057  	106.333934 
4549.809715  	106.322992 
4551.241373  	106.234622 
4552.673031  	106.158948 
4554.104689  	106.081417 
4555.536347  	106.072581 
4556.968006  	106.169702 
4558.399664  	106.226617 
4559.831322  	106.161749 
4561.262980  	106.068072 
4562.694638  	106.026133 
4564.126297  	106.049399 
4565.557955  	106.120064 
4566.989613  	106.155900 
4568.421271  	106.113174 
4569.852929  	106.067517 
4571.284588  	106.076206 
4572.716246  	106.128778 
4574.147904  	106.164979 
4575.579562  	106.123947 
4577.011220  	106.070973 
4578.442878  	106.056541 
4579.874537  	106.011837 
4581.306195  	105.967136 
4582.737853  	106.018928 
4584.169511  	106.114954 
4585.601169  	106.094332 
4587.032828  	105.958185 
4588.464486  	105.949667 
4589.896144  	106.093269 
4591.327802  	106.103835 
4592.759460  	105.989068 
4594.191118  	105.993730 
4595.622777  	106.129580 
4597.054435  	106.267923 
4598.486093  	106.319665 
4599.917751  	106.281671 
4601.349409  	106.197975 
4602.781068  	106.080938 
4604.212726  	106.018981 
4605.644384  	106.074056 
4607.076042  	106.169227 
4608.507700  	106.277844 
4609.939359  	106.340809 
4611.371017  	106.258426 
4612.802675  	106.143168 
4614.234333  	106.125607 
4615.665991  	106.140453 
4617.097649  	106.143409 
4618.529308  	106.191841 
4619.960966  	106.262018 
4621.392624  	106.254390 
4622.824282  	106.163053 
4624.255940  	106.030613 
4625.687599  	105.962816 
4627.119257  	106.095029 
4628.550915  	106.174926 
4629.982573  	105.959851 
4631.414231  	105.805127 
4632.845890  	105.876997 
4634.277548  	105.898635 
4635.709206  	105.846965 
4637.140864  	105.845721 
4638.572522  	105.969603 
4640.004180  	106.138911 
4641.435839  	106.110657 
4642.867497  	106.056471 
4644.299155  	106.160830 
4645.730813  	106.148817 
4647.162471  	106.034853 
4648.594130  	105.985600 
4650.025788  	105.962798 
4651.457446  	106.056029 
4652.889104  	106.156840 
4654.320762  	106.130325 
4655.752420  	106.133637 
4657.184079  	106.093401 
4658.615737  	106.022527 
4660.047395  	106.085385 
4661.479053  	106.061124 
4662.910711  	105.973968 
4664.342370  	106.063481 
4665.774028  	106.120561 
4667.205686  	106.080023 
4668.637344  	106.117560 
4670.069002  	106.128437 
4671.500661  	106.060045 
4672.932319  	106.089652 
4674.363977  	106.220597 
4675.795635  	106.189778 
4677.227293  	105.992560 
4678.658951  	105.966625 
4680.090610  	106.069267 
4681.522268  	106.059104 
4682.953926  	106.080008 
4684.385584  	106.189707 
4685.817242  	106.239056 
4687.248901  	106.225820 
4688.680559  	106.189233 
4690.112217  	106.154498 
4691.543875  	106.090698 
4692.975533  	106.020881 
4694.407192  	106.094515 
4695.838850  	106.158726 
4697.270508  	106.033098 
4698.702166  	105.951999 
4700.133824  	106.046104 
4701.565482  	106.180567 
4702.997141  	106.216351 
4704.428799  	106.132681 
4705.860457  	106.078599 
4707.292115  	106.038713 
4708.723773  	105.982092 
4710.155432  	106.113105 
4711.587090  	106.264322 
4713.018748  	106.157879 
4714.450406  	106.043308 
4715.882064  	106.115265 
4717.313722  	106.239316 
4718.745381  	106.271313 
4720.177039  	106.196778 
4721.608697  	106.150810 
4723.040355  	106.127585 
4724.472013  	106.093874 
4725.903672  	106.146560 
4727.335330  	106.154281 
4728.766988  	106.078400 
4730.198646  	106.064963 
4731.630304  	106.025004 
4733.061963  	106.046027 
4734.493621  	106.221484 
4735.925279  	106.299420 
4737.356937  	106.311119 
4738.788595  	106.290765 
4740.220253  	106.119535 
4741.651912  	106.108326 
4743.083570  	106.245000 
4744.515228  	106.171344 
4745.946886  	106.116354 
4747.378544  	106.180712 
4748.810203  	106.125584 
4750.241861  	106.084364 
4751.673519  	106.093495 
4753.105177  	106.028510 
4754.536835  	106.056979 
4755.968493  	106.193933 
4757.400152  	106.218674 
4758.831810  	106.138242 
4760.263468  	106.113236 
4761.695126  	106.154356 
4763.126784  	106.173792 
4764.558443  	106.165644 
4765.990101  	106.120706 
4767.421759  	106.023516 
4768.853417  	105.956325 
4770.285075  	105.955369 
4771.716734  	106.033034 
4773.148392  	106.152307 
4774.580050  	106.177440 
4776.011708  	106.203798 
4777.443366  	106.267880 
4778.875024  	106.138073 
4780.306683  	105.997717 
4781.738341  	106.058084 
4783.169999  	106.057805 
4784.601657  	106.027454 
4786.033315  	106.148463 
4787.464974  	106.274370 
4788.896632  	106.322000 
4790.328290  	106.231866 
4791.759948  	106.056908 
4793.191606  	106.054781 
4794.623265  	106.139894 
4796.054923  	106.151014 
4797.486581  	106.162118 
4798.918239  	106.109440 
4800.349897  	106.035371 
4801.781555  	106.075600 
4803.213214  	106.130434 
4804.644872  	106.198503 
4806.076530  	106.283455 
4807.508188  	106.261860 
4808.939846  	106.228559 
4810.371505  	106.205944 
4811.803163  	106.099148 
4813.234821  	106.088402 
4814.666479  	106.190894 
4816.098137  	106.166831 
4817.529795  	106.117682 
4818.961454  	106.209692 
4820.393112  	106.243354 
4821.824770  	106.127730 
4823.256428  	106.065806 
4824.688086  	106.111240 
4826.119745  	106.139028 
4827.551403  	106.087433 
4828.983061  	106.003564 
4830.414719  	106.026001 
4831.846377  	106.151240 
4833.278036  	106.172332 
4834.709694  	106.088745 
4836.141352  	106.115253 
4837.573010  	106.271836 
4839.004668  	106.358643 
4840.436326  	106.254150 
4841.867985  	106.093722 
4843.299643  	106.038005 
4844.731301  	106.107681 
4846.162959  	106.262900 
4847.594617  	106.287940 
4849.026276  	106.133211 
4850.457934  	106.160658 
4851.889592  	106.307018 
4853.321250  	106.191577 
4854.752908  	106.023802 
4856.184567  	106.049852 
4857.616225  	106.096934 
4859.047883  	106.106867 
4860.479541  	106.137043 
4861.911199  	106.185098 
4863.342857  	106.233510 
4864.774516  	106.275217 
4866.206174  	106.353878 
4867.637832  	106.398604 
4869.069490  	106.299038 
4870.501148  	106.182241 
4871.932807  	106.226899 
4873.364465  	106.368495 
4874.796123  	106.330077 
4876.227781  	106.151977 
4877.659439  	106.227004 
4879.091097  	106.405283 
4880.522756  	106.297271 
4881.954414  	106.096453 
4883.386072  	105.985429 
4884.817730  	105.993903 
4886.249388  	106.211532 
4887.681047  	106.348636 
4889.112705  	106.248949 
4890.544363  	106.185311 
4891.976021  	106.135667 
4893.407679  	106.011151 
4894.839338  	106.002787 
4896.270996  	106.127713 
4897.702654  	106.173994 
4899.134312  	106.073088 
4900.565970  	106.040268 
4901.997628  	106.167839 
4903.429287  	106.245262 
4904.860945  	106.193325 
4906.292603  	106.077949 
4907.724261  	106.013981 
4909.155919  	106.106651 
4910.587578  	106.198198 
4912.019236  	106.229193 
4913.450894  	106.253908 
4914.882552  	106.133001 
4916.314210  	106.071779 
4917.745869  	106.251351 
4919.177527  	106.274544 
4920.609185  	106.110495 
4922.040843  	106.096144 
4923.472501  	106.239179 
4924.904159  	106.440346 
4926.335818  	106.524535 
4927.767476  	106.417543 
4929.199134  	106.341280 
4930.630792  	106.331483 
4932.062450  	106.215741 
4933.494109  	105.999906 
4934.925767  	105.954576 
4936.357425  	106.181832 
4937.789083  	106.272601 
4939.220741  	106.147071 
4940.652399  	106.131453 
4942.084058  	106.104263 
4943.515716  	106.104677 
4944.947374  	106.326248 
4946.379032  	106.405344 
4947.810690  	106.282774 
4949.242349  	106.212845 
4950.674007  	106.145250 
4952.105665  	106.193620 
4953.537323  	106.305777 
4954.968981  	106.233648 
4956.400640  	106.221956 
4957.832298  	106.314215 
4959.263956  	106.246830 
4960.695614  	106.167440 
4962.127272  	106.145792 
4963.558930  	106.057794 
4964.990589  	106.049599 
4966.422247  	106.142255 
4967.853905  	106.116586 
4969.285563  	106.062970 
4970.717221  	106.177130 
4972.148880  	106.218573 
4973.580538  	106.061910 
4975.012196  	106.043758 
4976.443854  	106.140287 
4977.875512  	106.159762 
4979.307170  	106.298059 
4980.738829  	106.435004 
4982.170487  	106.322521 
4983.602145  	106.196420 
4985.033803  	106.115603 
4986.465461  	106.010756 
4987.897120  	106.078641 
4989.328778  	106.234961 
4990.760436  	106.254852 
4992.192094  	106.237442 
4993.623752  	106.272644 
4995.055411  	106.299118 
4996.487069  	106.272933 
4997.918727  	106.175897 
4999.350385  	106.087140 
5000.782043  	106.116691 
5002.213701  	106.156924 
5003.645360  	106.099843 
5005.077018  	106.163631 
5006.508676  	106.407236 
5007.940334  	106.498540 
5009.371992  	106.385807 
5010.803651  	106.303761 
5012.235309  	106.274403 
5013.666967  	106.247374 
5015.098625  	106.235956 
5016.530283  	106.203689 
5017.961942  	106.148556 
5019.393600  	106.202423 
5020.825258  	106.359977 
5022.256916  	106.305278 
5023.688574  	106.079482 
5025.120232  	106.123807 
5026.551891  	106.323000 
5027.983549  	106.352726 
5029.415207  	106.333599 
5030.846865  	106.341411 
5032.278523  	106.411094 
5033.710182  	106.506976 
5035.141840  	106.348960 
5036.573498  	106.098118 
5038.005156  	106.068150 
5039.436814  	106.124583 
5040.868472  	106.254154 
5042.300131  	106.379918 
5043.731789  	106.237756 
5045.163447  	106.096712 
5046.595105  	106.202766 
5048.026763  	106.260739 
5049.458422  	106.206091 
5050.890080  	106.176355 
5052.321738  	106.067182 
5053.753396  	105.986806 
5055.185054  	106.180421 
5056.616713  	106.362419 
5058.048371  	106.241365 
5059.480029  	106.101191 
5060.911687  	106.080010 
5062.343345  	106.121944 
5063.775003  	106.310287 
5065.206662  	106.362534 
5066.638320  	106.125131 
5068.069978  	106.047544 
5069.501636  	106.174237 
5070.933294  	106.188062 
5072.364953  	106.093392 
5073.796611  	106.021061 
5075.228269  	106.128939 
5076.659927  	106.355643 
5078.091585  	106.393808 
5079.523244  	106.278027 
5080.954902  	106.169472 
5082.386560  	106.102692 
5083.818218  	106.188281 
5085.249876  	106.329185 
5086.681534  	106.324876 
5088.113193  	106.232413 
5089.544851  	106.172782 
5090.976509  	106.217535 
5092.408167  	106.326646 
5093.839825  	106.312706 
5095.271484  	106.122020 
5096.703142  	105.981657 
5098.134800  	106.102193 
5099.566458  	106.308445 
5100.998116  	106.335040 
5102.429774  	106.236260 
5103.861433  	106.135501 
5105.293091  	106.127397 
5106.724749  	106.165602 
5108.156407  	106.000704 
5109.588065  	105.871731 
5111.019724  	106.095148 
5112.451382  	106.236049 
5113.883040  	106.148433 
5115.314698  	106.279394 
5116.746356  	106.471172 
5118.178015  	106.299612 
5119.609673  	106.073022 
5121.041331  	106.203878 
5122.472989  	106.333288 
5123.904647  	106.143857 
5125.336305  	106.025418 
5126.767964  	106.072515 
5128.199622  	106.043898 
5129.631280  	106.053785 
5131.062938  	106.069471 
5132.494596  	106.110841 
5133.926255  	106.369588 
5135.357913  	106.431055 
5136.789571  	106.226550 
5138.221229  	106.283633 
5139.652887  	106.379621 
5141.084546  	106.300512 
5142.516204  	106.358138 
5143.947862  	106.365101 
5145.379520  	106.214934 
5146.811178  	106.246959 
5148.242836  	106.375739 
5149.674495  	106.387866 
5151.106153  	106.330065 
5152.537811  	106.192876 
5153.969469  	106.099673 
5155.401127  	106.236864 
5156.832786  	106.345252 
5158.264444  	106.151189 
5159.696102  	105.973546 
5161.127760  	106.032813 
5162.559418  	106.131321 
5163.991076  	106.188934 
5165.422735  	106.125374 
5166.854393  	105.908521 
5168.286051  	105.812047 
5169.717709  	105.956626 
5171.149367  	106.240091 
5172.581026  	106.444536 
5174.012684  	106.335458 
5175.444342  	106.128618 
5176.876000  	106.074063 
5178.307658  	106.097746 
5179.739317  	106.222710 
5181.170975  	106.304454 
5182.602633  	106.235941 
5184.034291  	106.293851 
5185.465949  	106.342440 
5186.897607  	106.247546 
5188.329266  	106.301456 
5189.760924  	106.241184 
5191.192582  	105.964158 
5192.624240  	106.069210 
5194.055898  	106.448169 
5195.487557  	106.423397 
5196.919215  	106.064344 
5198.350873  	105.985901 
5199.782531  	106.182532 
5201.214189  	106.176411 
5202.645847  	106.116468 
5204.077506  	106.193714 
5205.509164  	106.126345 
5206.940822  	106.084195 
5208.372480  	106.277379 
5209.804138  	106.331595 
5211.235797  	106.363646 
5212.667455  	106.522453 
5214.099113  	106.506988 
5215.530771  	106.387888 
5216.962429  	106.371553 
5218.394088  	106.294438 
5219.825746  	106.129739 
5221.257404  	106.086632 
5222.689062  	106.187910 
5224.120720  	106.261275 
5225.552378  	106.240861 
5226.984037  	106.210506 
5228.415695  	106.211275 
5229.847353  	106.271892 
5231.279011  	106.328233 
5232.710669  	106.176621 
5234.142328  	105.951428 
5235.573986  	105.975279 
5237.005644  	106.193091 
5238.437302  	106.300921 
5239.868960  	106.241716 
5241.300619  	106.186933 
5242.732277  	106.133824 
5244.163935  	106.101532 
5245.595593  	106.312164 
5247.027251  	106.514198 
5248.458909  	106.359476 
5249.890568  	106.194834 
5251.322226  	106.289870 
5252.753884  	106.311795 
5254.185542  	106.220555 
5255.617200  	106.241098 
5257.048859  	106.224733 
5258.480517  	106.093991 
5259.912175  	106.173007 
5261.343833  	106.328535 
5262.775491  	106.118796 
5264.207149  	105.874252 
5265.638808  	105.990426 
5267.070466  	106.256904 
5268.502124  	106.511573 
5269.933782  	106.423378 
5271.365440  	106.128790 
5272.797099  	106.295846 
5274.228757  	106.419425 
5275.660415  	106.089251 
5277.092073  	106.098587 
5278.523731  	106.334027 
5279.955390  	106.272277 
5281.387048  	106.312298 
5282.818706  	106.420926 
5284.250364  	106.385841 
5285.682022  	106.414182 
5287.113680  	106.275963 
5288.545339  	106.010470 
5289.976997  	106.067755 
5291.408655  	106.262957 
5292.840313  	106.197085 
5294.271971  	106.032693 
5295.703630  	106.029884 
5297.135288  	106.215887 
5298.566946  	106.344784 
5299.998604  	106.203652 
5301.430262  	105.955821 
5302.861921  	106.018668 
5304.293579  	106.411810 
5305.725237  	106.550145 
5307.156895  	106.286912 
5308.588553  	106.217710 
5310.020211  	106.452510 
5311.451870  	106.458667 
5312.883528  	106.171963 
5314.315186  	106.002230 
5315.746844  	106.040948 
5317.178502  	105.987401 
5318.610161  	105.923746 
5320.041819  	106.069132 
5321.473477  	106.157258 
5322.905135  	106.117908 
5324.336793  	106.123022 
5325.768451  	105.998209 
5327.200110  	105.814990 
5328.631768  	105.905479 
5330.063426  	106.060590 
5331.495084  	106.114014 
5332.926742  	106.250507 
5334.358401  	106.404687 
5335.790059  	106.409608 
5337.221717  	106.290692 
5338.653375  	106.185427 
5340.085033  	106.179161 
5341.516692  	106.163147 
5342.948350  	106.146052 
5344.380008  	106.101375 
5345.811666  	105.890911 
5347.243324  	105.814786 
5348.674982  	105.982812 
5350.106641  	106.043141 
5351.538299  	105.976623 
5352.969957  	105.945765 
5354.401615  	105.801289 
5355.833273  	105.737479 
5357.264932  	105.943410 
5358.696590  	106.091435 
5360.128248  	106.062322 
5361.559906  	106.055730 
5362.991564  	106.115960 
5364.423222  	106.158589 
5365.854881  	106.105176 
5367.286539  	106.040970 
5368.718197  	106.100265 
5370.149855  	106.193696 
5371.581513  	106.214839 
5373.013172  	106.201024 
5374.444830  	106.253991 
5375.876488  	106.370522 
5377.308146  	106.305298 
5378.739804  	106.179901 
5380.171463  	106.352686 
5381.603121  	106.503875 
5383.034779  	106.402654 
5384.466437  	106.316728 
5385.898095  	106.328075 
5387.329753  	106.463653 
5388.761412  	106.583402 
5390.193070  	106.420995 
5391.624728  	106.241631 
5393.056386  	106.295215 
5394.488044  	106.413759 
5395.919703  	106.488416 
5397.351361  	106.405308 
5398.783019  	106.310234 
5400.214677  	106.401512 
5401.646335  	106.365771 
5403.077994  	106.176960 
5404.509652  	106.126539 
5405.941310  	106.164447 
5407.372968  	106.238634 
5408.804626  	106.161860 
5410.236284  	106.006359 
5411.667943  	106.291896 
5413.099601  	106.529050 
5414.531259  	106.219762 
5415.962917  	106.032351 
5417.394575  	106.160611 
5418.826234  	106.443684 
5420.257892  	106.868885 
5421.689550  	106.846541 
5423.121208  	106.374524 
5424.552866  	106.229791 
5425.984524  	106.311072 
5427.416183  	106.093418 
5428.847841  	105.923721 
5430.279499  	106.278490 
5431.711157  	106.536676 
5433.142815  	106.357729 
5434.574474  	106.275898 
5436.006132  	106.349492 
5437.437790  	106.285055 
5438.869448  	106.269666 
5440.301106  	106.272745 
5441.732765  	106.265933 
5443.164423  	106.359842 
5444.596081  	106.244455 
5446.027739  	106.000579 
5447.459397  	105.988191 
5448.891055  	105.990124 
5450.322714  	105.974117 
5451.754372  	106.032319 
5453.186030  	106.032012 
5454.617688  	106.140845 
5456.049346  	106.325233 
5457.481005  	106.269333 
5458.912663  	106.136966 
5460.344321  	106.110507 
5461.775979  	106.067678 
5463.207637  	106.085933 
5464.639296  	106.195637 
5466.070954  	106.083734 
5467.502612  	105.825756 
5468.934270  	105.928195 
5470.365928  	106.222932 
5471.797586  	106.229991 
5473.229245  	106.135580 
5474.660903  	106.150491 
5476.092561  	106.211502 
5477.524219  	106.120417 
5478.955877  	105.930627 
5480.387536  	106.158766 
5481.819194  	106.534080 
5483.250852  	106.320044 
5484.682510  	106.113302 
5486.114168  	106.267985 
5487.545826  	106.285321 
5488.977485  	106.377161 
5490.409143  	106.542438 
5491.840801  	106.421696 
5493.272459  	106.222531 
5494.704117  	106.050568 
5496.135776  	106.056852 
5497.567434  	106.125906 
5498.999092  	105.863780 
5500.430750  	105.821036 
5501.862408  	106.229059 
5503.294067  	106.427859 
5504.725725  	106.508325 
5506.157383  	106.574106 
5507.589041  	106.447565 
5509.020699  	106.356907 
5510.452357  	106.306559 
5511.884016  	106.353454 
5513.315674  	106.393135 
5514.747332  	106.066188 
5516.178990  	106.007400 
5517.610648  	106.421764 
5519.042307  	106.462918 
5520.473965  	106.371018 
5521.905623  	106.442147 
5523.337281  	106.321954 
5524.768939  	106.318080 
5526.200598  	106.474831 
5527.632256  	106.446439 
5529.063914  	106.406972 
5530.495572  	106.290183 
5531.927230  	105.981806 
5533.358888  	105.885464 
5534.790547  	106.100771 
5536.222205  	106.339027 
5537.653863  	106.500131 
5539.085521  	106.530935 
5540.517179  	106.382887 
5541.948838  	106.243406 
5543.380496  	106.229310 
5544.812154  	106.225326 
5546.243812  	106.310184 
5547.675470  	106.419042 
5549.107128  	106.315651 
5550.538787  	106.253959 
5551.970445  	106.110378 
5553.402103  	105.612368 
5554.833761  	105.648357 
5556.265419  	106.393924 
5557.697078  	106.606645 
5559.128736  	106.280286 
5560.560394  	106.260027 
5561.992052  	106.358614 
5563.423710  	106.300211 
5564.855369  	106.383732 
5566.287027  	106.582941 
5567.718685  	106.499906 
5569.150343  	106.265616 
5570.582001  	106.346715 
5572.013659  	106.615186 
5573.445318  	106.671186 
5574.876976  	106.575522 
5576.308634  	106.497169 
5577.740292  	106.376110 
5579.171950  	106.246713 
5580.603609  	106.379176 
5582.035267  	106.549432 
5583.466925  	106.288110 
5584.898583  	106.072468 
5586.330241  	106.195169 
5587.761899  	106.172134 
5589.193558  	106.340159 
5590.625216  	106.788371 
5592.056874  	106.682700 
5593.488532  	106.313198 
5594.920190  	106.270938 
5596.351849  	106.282410 
5597.783507  	106.271365 
5599.215165  	106.174252 
5600.646823  	106.091282 
5602.078481  	106.342300 
5603.510140  	106.355158 
5604.941798  	105.925947 
5606.373456  	105.867929 
5607.805114  	106.085957 
5609.236772  	106.022813 
5610.668430  	106.005321 
5612.100089  	106.250430 
5613.531747  	106.310504 
5614.963405  	106.107987 
5616.395063  	106.070756 
5617.826721  	106.223427 
5619.258380  	106.350153 
5620.690038  	106.428410 
5622.121696  	106.275723 
5623.553354  	105.983934 
5624.985012  	105.924062 
5626.416671  	105.951028 
5627.848329  	105.997881 
5629.279987  	106.116265 
5630.711645  	105.935732 
5632.143303  	105.699039 
5633.574961  	105.969922 
5635.006620  	106.392996 
5636.438278  	106.540024 
5637.869936  	106.579232 
5639.301594  	106.652322 
5640.733252  	106.536244 
5642.164911  	106.104471 
5643.596569  	105.877870 
5645.028227  	106.094574 
5646.459885  	106.215185 
5647.891543  	106.217837 
5649.323201  	106.336722 
5650.754860  	106.186362 
5652.186518  	106.022345 
5653.618176  	106.451531 
5655.049834  	106.832766 
5656.481492  	106.609443 
5657.913151  	106.384267 
5659.344809  	106.269275 
5660.776467  	106.142716 
5662.208125  	106.422933 
5663.639783  	106.561162 
5665.071442  	106.018341 
5666.503100  	105.826268 
5667.934758  	106.277944 
5669.366416  	106.438453 
5670.798074  	106.228152 
5672.229732  	106.035663 
5673.661391  	106.042561 
5675.093049  	106.182490 
5676.524707  	106.151599 
5677.956365  	106.244893 
5679.388023  	106.556602 
5680.819682  	106.483815 
5682.251340  	106.290023 
5683.682998  	106.404173 
5685.114656  	106.450320 
5686.546314  	106.337768 
5687.977973  	106.224995 
5689.409631  	106.297480 
5690.841289  	106.691780 
5692.272947  	106.873204 
5693.704605  	106.576091 
5695.136263  	106.221402 
5696.567922  	105.934181 
5697.999580  	105.838581 
5699.431238  	106.057013 
5700.862896  	106.239964 
5702.294554  	106.295584 
5703.726213  	106.428757 
5705.157871  	106.517504 
5706.589529  	106.522851 
5708.021187  	106.519340 
5709.452845  	106.168562 
5710.884503  	105.711081 
5712.316162  	106.142923 
5713.747820  	106.811894 
5715.179478  	106.307256 
5716.611136  	105.611617 
5718.042794  	105.969897 
5719.474453  	106.626830 
5720.906111  	106.808627 
5722.337769  	106.578157 
5723.769427  	106.432286 
5725.201085  	106.683598 
5726.632744  	106.709098 
5728.064402  	106.418997 
5729.496060  	106.369509 
5730.927718  	106.306038 
5732.359376  	106.144050 
5733.791034  	106.065756 
5735.222693  	105.943081 
5736.654351  	106.068622 
5738.086009  	106.447947 
5739.517667  	106.731594 
5740.949325  	106.856782 
5742.380984  	106.606748 
5743.812642  	106.345705 
5745.244300  	106.427577 
5746.675958  	106.331938 
5748.107616  	106.338688 
5749.539275  	106.692253 
5750.970933  	106.760069 
5752.402591  	106.665377 
5753.834249  	106.334528 
5755.265907  	105.622866 
5756.697565  	105.584992 
5758.129224  	106.147966 
5759.560882  	106.196798 
5760.992540  	105.853561 
5762.424198  	105.723575 
5763.855856  	105.992035 
5765.287515  	106.169609 
5766.719173  	105.856033 
5768.150831  	105.892328 
5769.582489  	106.266196 
5771.014147  	106.043387 
5772.445805  	105.885875 
5773.877464  	106.126485 
5775.309122  	105.865420 
5776.740780  	105.712856 
5778.172438  	106.409837 
5779.604096  	106.975908 
5781.035755  	106.884313 
5782.467413  	106.713054 
5783.899071  	106.599505 
5785.330729  	106.421755 
5786.762387  	106.163036 
5788.194046  	105.746911 
5789.625704  	105.624832 
5791.057362  	106.167357 
5792.489020  	106.650998 
5793.920678  	106.569007 
5795.352336  	106.158097 
5796.783995  	105.591135 
5798.215653  	105.451121 
5799.647311  	105.929022 
5801.078969  	106.227315 
5802.510627  	106.341300 
5803.942286  	106.521768 
5805.373944  	106.350880 
5806.805602  	106.186237 
5808.237260  	106.467875 
5809.668918  	106.708709 
5811.100576  	106.510958 
5812.532235  	105.929407 
5813.963893  	105.649646 
5815.395551  	106.039479 
5816.827209  	106.308018 
5818.258867  	106.489370 
5819.690526  	106.959354 
5821.122184  	106.646056 
5822.553842  	105.771338 
5823.985500  	105.960202 
5825.417158  	106.774279 
5826.848817  	106.964151 
5828.280475  	106.810491 
5829.712133  	106.628749 
5831.143791  	106.141665 
5832.575449  	105.878787 
5834.007107  	106.382636 
5835.438766  	106.625775 
5836.870424  	106.084517 
5838.302082  	105.949431 
5839.733740  	106.173607 
5841.165398  	105.891268 
5842.597057  	105.808977 
5844.028715  	106.159903 
5845.460373  	106.236941 
5846.892031  	106.108396 
5848.323689  	105.908898 
5849.755348  	105.965334 
5851.187006  	106.355938 
5852.618664  	106.151325 
5854.050322  	105.837591 
5855.481980  	106.329422 
5856.913638  	106.497523 
5858.345297  	106.115438 
5859.776955  	106.019054 
5861.208613  	105.834747 
5862.640271  	105.729812 
5864.071929  	106.037726 
5865.503588  	106.193518 
5866.935246  	106.285752 
5868.366904  	106.268210 
5869.798562  	105.994750 
5871.230220  	106.176937 
5872.661878  	106.483134 
5874.093537  	106.330479 
5875.525195  	106.249451 
5876.956853  	106.132279 
5878.388511  	106.007645 
5879.820169  	106.385611 
5881.251828  	106.521374 
5882.683486  	105.972583 
5884.115144  	105.581567 
5885.546802  	105.723977 
5886.978460  	106.164406 
5888.410119  	106.305829 
5889.841777  	105.893709 
5891.273435  	105.763488 
5892.705093  	106.043889 
5894.136751  	106.030373 
5895.568409  	106.018139 
5897.000068  	106.290401 
5898.431726  	106.246066 
5899.863384  	105.953282 
5901.295042  	106.007184 
5902.726700  	106.286518 
5904.158359  	106.211199 
5905.590017  	105.904345 
5907.021675  	106.029214 
5908.453333  	106.319059 
5909.884991  	106.014543 
5911.316650  	105.786599 
5912.748308  	106.314685 
5914.179966  	106.588709 
5915.611624  	106.239100 
5917.043282  	106.048874 
5918.474940  	105.906861 
5919.906599  	105.739653 
5921.338257  	105.748284 
5922.769915  	105.363926 
5924.201573  	105.025711 
5925.633231  	105.652444 
5927.064890  	106.324431 
5928.496548  	106.314239 
5929.928206  	106.275597 
5931.359864  	106.318984 
5932.791522  	106.202989 
5934.223180  	106.138625 
5935.654839  	106.259827 
5937.086497  	106.335848 
5938.518155  	106.004206 
5939.949813  	105.482836 
5941.381471  	105.398693 
5942.813130  	105.834605 
5944.244788  	106.326769 
5945.676446  	106.277920 
5947.108104  	105.709996 
5948.539762  	105.319225 
5949.971421  	105.293674 
5951.403079  	105.688757 
5952.834737  	106.457237 
5954.266395  	106.601217 
5955.698053  	105.920520 
5957.129711  	105.649202 
5958.561370  	105.823712 
5959.993028  	105.693620 
5961.424686  	105.624305 
5962.856344  	106.118894 
5964.288002  	106.599399 
5965.719661  	106.195420 
5967.151319  	105.290719 
5968.582977  	105.275812 
5970.014635  	106.080543 
5971.446293  	106.403511 
5972.877951  	106.343471 
5974.309610  	106.466256 
5975.741268  	106.391735 
5977.172926  	106.285376 
5978.604584  	106.192092 
5980.036242  	105.507512 
5981.467901  	105.099878 
5982.899559  	105.779620 
5984.331217  	106.585607 
5985.762875  	106.898597 
5987.194533  	106.422564 
5988.626192  	105.402091 
5990.057850  	105.404995 
5991.489508  	106.073735 
5992.921166  	105.975990 
5994.352824  	105.882478 
5995.784482  	106.124917 
5997.216141  	106.349045 
5998.647799  	106.797158 
6000.079457  	106.544282 
6001.511115  	105.883023 
6002.942773  	106.257678 
6004.374432  	106.388702 
6005.806090  	105.733668 
6007.237748  	106.008118 
6008.669406  	106.576560 
6010.101064  	106.244861 
6011.532723  	105.943073 
6012.964381  	106.014852 
6014.396039  	105.865632 
6015.827697  	105.809490 
6017.259355  	106.302161 
6018.691013  	106.675784 
6020.122672  	106.485855 
6021.554330  	106.587764 
6022.985988  	106.955954 
6024.417646  	106.580086 
6025.849304  	105.853597 
6027.280963  	105.679956 
6028.712621  	106.133867 
6030.144279  	106.761530 
6031.575937  	106.856524 
6033.007595  	106.696341 
6034.439253  	106.848150 
6035.870912  	106.517613 
6037.302570  	105.545700 
6038.734228  	105.322726 
6040.165886  	106.053254 
6041.597544  	106.318472 
6043.029203  	105.954406 
6044.460861  	106.334203 
6045.892519  	107.322262 
6047.324177  	107.497658 
6048.755835  	107.077806 
6050.187494  	106.858804 
6051.619152  	106.600800 
6053.050810  	106.130610 
6054.482468  	105.781536 
6055.914126  	106.054934 
6057.345784  	106.863967 
6058.777443  	107.012108 
6060.209101  	106.255052 
6061.640759  	105.861652 
6063.072417  	106.019699 
6064.504075  	106.033652 
6065.935734  	106.034019 
6067.367392  	106.097256 
6068.799050  	106.043367 
6070.230708  	106.065778 
6071.662366  	105.851631 
6073.094025  	105.380136 
6074.525683  	105.567478 
6075.957341  	106.020099 
6077.388999  	105.943951 
6078.820657  	106.086530 
6080.252315  	106.236636 
6081.683974  	106.026744 
6083.115632  	106.579929 
6084.547290  	107.078133 
6085.978948  	106.185460 
6087.410606  	105.357821 
6088.842265  	105.520273 
6090.273923  	105.812940 
6091.705581  	105.677452 
6093.137239  	105.507201 
6094.568897  	106.060058 
6096.000555  	106.673788 
6097.432214  	106.502498 
6098.863872  	106.608712 
6100.295530  	106.946711 
6101.727188  	106.591372 
6103.158846  	106.362409 
6104.590505  	106.430163 
6106.022163  	106.136828 
6107.453821  	105.765580 
6108.885479  	105.694252 
6110.317137  	105.984821 
6111.748796  	106.283921 
6113.180454  	106.362078 
6114.612112  	106.314945 
6116.043770  	105.741893 
6117.475428  	105.744272 
6118.907086  	107.345021 
6120.338745  	107.783396 
6121.770403  	105.934843 
6123.202061  	105.193149 
6124.633719  	106.258800 
6126.065377  	106.664521 
6127.497036  	105.991927 
6128.928694  	105.548458 
6130.360352  	105.510031 
6131.792010  	105.458159 
6133.223668  	105.586715 
6134.655327  	105.627100 
6136.086985  	105.441473 
6137.518643  	106.001852 
6138.950301  	106.614005 
6140.381959  	106.183480 
6141.813617  	106.290070 
6143.245276  	106.947225 
6144.676934  	106.324288 
6146.108592  	105.682760 
6147.540250  	106.445576 
6148.971908  	107.215604 
6150.403567  	107.234672 
6151.835225  	107.259755 
6153.266883  	107.193213 
6154.698541  	106.626231 
6156.130199  	106.513959 
6157.561857  	106.953692 
6158.993516  	106.369851 
6160.425174  	105.643487 
6161.856832  	106.196686 
6163.288490  	106.352629 
6164.720148  	106.014890 
6166.151807  	106.566938 
6167.583465  	106.490973 
6169.015123  	105.686036 
6170.446781  	106.250389 
6171.878439  	107.295828 
6173.310098  	107.288950 
6174.741756  	106.876873 
6176.173414  	106.687352 
6177.605072  	106.671074 
6179.036730  	106.411079 
6180.468388  	106.124295 
6181.900047  	106.655166 
6183.331705  	106.997924 
6184.763363  	106.288861 
6186.195021  	105.964294 
6187.626679  	106.151836 
6189.058338  	106.067353 
6190.489996  	106.318387 
6191.921654  	106.487415 
6193.353312  	105.879550 
6194.784970  	105.721220 
6196.216628  	106.564688 
6197.648287  	107.502313 
6199.079945  	107.420864 
6200.511603  	106.185829 
6201.943261  	105.223184 
6203.374919  	105.205482 
6204.806578  	105.764770 
6206.238236  	106.790683 
6207.669894  	106.944474 
6209.101552  	105.854957 
6210.533210  	105.616755 
6211.964869  	106.368188 
6213.396527  	106.810191 
6214.828185  	106.814483 
6216.259843  	106.087646 
6217.691501  	105.392918 
6219.123159  	105.713431 
6220.554818  	105.879465 
6221.986476  	105.473668 
6223.418134  	105.394312 
6224.849792  	105.697034 
6226.281450  	106.202403 
6227.713109  	106.535441 
6229.144767  	106.447771 
6230.576425  	106.383523 
6232.008083  	106.410235 
6233.439741  	106.415383 
6234.871400  	106.243970 
6236.303058  	106.041053 
6237.734716  	106.786722 
6239.166374  	107.973676 
6240.598032  	107.977729 
6242.029690  	107.345910 
6243.461349  	106.935301 
6244.893007  	106.414055 
6246.324665  	105.848921 
6247.756323  	105.672024 
6249.187981  	106.046517 
6250.619640  	106.604189 
6252.051298  	106.745359 
6253.482956  	106.463357 
6254.914614  	106.082986 
6256.346272  	105.742778 
6257.777930  	105.474748 
6259.209589  	105.557417 
6260.641247  	106.378649 
6262.072905  	106.924682 
6263.504563  	105.850705 
6264.936221  	104.409709 
6266.367880  	104.678603 
6267.799538  	105.955264 
6269.231196  	105.855844 
6270.662854  	104.879032 
6272.094512  	105.205562 
6273.526171  	105.803862 
6274.957829  	105.520114 
6276.389487  	106.015124 
6277.821145  	106.945454 
6279.252803  	106.808286 
6280.684461  	106.450794 
6282.116120  	106.051648 
6283.547778  	105.628754 
6284.979436  	106.186132 
6286.411094  	106.961896 
6287.842752  	106.725565 
6289.274411  	105.796744 
6290.706069  	104.908060 
6292.137727  	104.776175 
6293.569385  	105.377866 
6295.001043  	106.064834 
6296.432702  	106.274624 
6297.864360  	105.673332 
6299.296018  	105.165712 
6300.727676  	105.784794 
6302.159334  	106.492521 
6303.590992  	106.387049 
6305.022651  	106.629694 
6306.454309  	107.397721 
6307.885967  	107.149883 
6309.317625  	106.245553 
6310.749283  	106.462536 
6312.180942  	107.034104 
6313.612600  	106.815550 
6315.044258  	106.362270 
6316.475916  	105.380233 
6317.907574  	104.569392 
6319.339232  	105.719968 
6320.770891  	106.985773 
6322.202549  	106.382016 
6323.634207  	105.846740 
6325.065865  	106.098623 
6326.497523  	106.012704 
6327.929182  	105.985507 
6329.360840  	106.142421 
6330.792498  	105.666008 
6332.224156  	105.301362 
6333.655814  	105.874922 
6335.087473  	105.974324 
6336.519131  	105.149873 
6337.950789  	105.217447 
6339.382447  	106.039488 
6340.814105  	105.958150 
6342.245763  	105.398622 
6343.677422  	105.383705 
6345.109080  	105.718525 
6346.540738  	105.843567 
6347.972396  	105.427425 
6349.404054  	104.959499 
6350.835713  	105.363224 
6352.267371  	106.764845 
6353.699029  	107.852375 
6355.130687  	107.427933 
6356.562345  	106.219047 
6357.994003  	105.658661 
6359.425662  	106.137895 
6360.857320  	106.899717 
6362.288978  	106.877254 
6363.720636  	106.365350 
6365.152294  	106.071123 
6366.583953  	105.758980 
6368.015611  	106.063196 
6369.447269  	106.613012 
6370.878927  	105.919706 
6372.310585  	105.317042 
6373.742244  	105.599538 
6375.173902  	105.608589 
6376.605560  	105.904665 
6378.037218  	106.096115 
6379.468876  	105.516525 
6380.900534  	105.881852 
6382.332193  	106.529225 
6383.763851  	106.032489 
6385.195509  	105.713934 
6386.627167  	105.741914 
6388.058825  	105.610057 
6389.490484  	105.730746 
6390.922142  	105.782446 
6392.353800  	105.809926 
6393.785458  	106.150107 
6395.217116  	106.465921 
6396.648775  	106.557118 
6398.080433  	106.012520 
6399.512091  	105.308337 
6400.943749  	105.714521 
6402.375407  	106.699217 
6403.807065  	106.945559 
6405.238724  	106.668471 
6406.670382  	106.338021 
6408.102040  	105.877237 
6409.533698  	105.763141 
6410.965356  	106.153219 
6412.397015  	106.117101 
6413.828673  	105.905830 
6415.260331  	106.036109 
6416.691989  	105.351705 
6418.123647  	104.445897 
6419.555305  	104.849686 
6420.986964  	105.506591 
6422.418622  	105.649880 
6423.850280  	105.416605 
6425.281938  	104.749231 
6426.713596  	104.797570 
6428.145255  	105.449276 
6429.576913  	105.607732 
6431.008571  	106.071395 
6432.440229  	107.149111 
6433.871887  	107.703935 
6435.303546  	107.316517 
6436.735204  	106.629904 
6438.166862  	106.277000 
6439.598520  	105.605311 
6441.030178  	105.372052 
6442.461836  	107.061731 
6443.893495  	108.117141 
6445.325153  	106.806750 
6446.756811  	105.681392 
6448.188469  	105.350835 
6449.620127  	105.400504 
6451.051786  	105.747738 
6452.483444  	105.812919 
6453.915102  	106.735463 
6455.346760  	108.071869 
6456.778418  	107.396433 
6458.210077  	106.104275 
6459.641735  	105.831133 
6461.073393  	105.627732 
6462.505051  	105.626663 
6463.936709  	106.164855 
6465.368367  	106.571291 
6466.800026  	106.588057 
6468.231684  	106.423945 
6469.663342  	106.309363 
6471.095000  	106.038186 
6472.526658  	105.736080 
6473.958317  	105.697244 
6475.389975  	105.665344 
6476.821633  	106.143751 
6478.253291  	106.720895 
6479.684949  	105.875309 
6481.116607  	105.195525 
6482.548266  	106.131033 
6483.979924  	106.432415 
6485.411582  	105.565594 
6486.843240  	105.662105 
6488.274898  	106.171948 
6489.706557  	105.939317 
6491.138215  	106.204474 
6492.569873  	106.548154 
6494.001531  	105.618558 
6495.433189  	105.031155 
6496.864848  	105.169509 
6498.296506  	104.965313 
6499.728164  	105.787860 
6501.159822  	106.986815 
6502.591480  	106.476516 
6504.023138  	105.858903 
6505.454797  	106.086432 
6506.886455  	106.450729 
6508.318113  	107.053973 
6509.749771  	106.961760 
6511.181429  	106.458305 
6512.613088  	106.147737 
6514.044746  	105.125550 
6515.476404  	104.916419 
6516.908062  	106.085199 
6518.339720  	106.176535 
6519.771379  	105.616449 
6521.203037  	106.101380 
6522.634695  	106.828614 
6524.066353  	106.718495 
6525.498011  	106.021611 
6526.929669  	106.334102 
6528.361328  	107.269295 
6529.792986  	106.752250 
6531.224644  	106.106036 
6532.656302  	106.480798 
6534.087960  	106.448372 
6535.519619  	106.206710 
6536.951277  	106.294065 
6538.382935  	106.043559 
6539.814593  	105.659141 
6541.246251  	105.772355 
6542.677909  	106.256073 
6544.109568  	106.167366 
6545.541226  	105.629883 
6546.972884  	105.851622 
6548.404542  	106.393221 
6549.836200  	106.539429 
6551.267859  	106.728990 
6552.699517  	106.790005 
6554.131175  	106.420362 
6555.562833  	105.732244 
6556.994491  	105.112441 
6558.426150  	105.438761 
6559.857808  	106.818959 
6561.289466  	108.238059 
6562.721124  	108.256448 
6564.152782  	107.036086 
6565.584440  	106.466556 
6567.016099  	106.015964 
6568.447757  	104.944296 
6569.879415  	105.104033 
6571.311073  	106.162736 
6572.742731  	106.366779 
6574.174390  	106.010111 
6575.606048  	105.413667 
6577.037706  	105.253754 
6578.469364  	105.830324 
6579.901022  	106.182696 
6581.332680  	106.503773 
6582.764339  	106.936007 
6584.195997  	106.843471 
6585.627655  	106.671478 
6587.059313  	106.461966 
6588.490971  	105.638950 
6589.922630  	104.652235 
6591.354288  	104.397776 
6592.785946  	104.650020 
6594.217604  	104.441581 
6595.649262  	105.131864 
6597.080921  	106.515369 
6598.512579  	105.381207 
6599.944237  	103.944555 
6601.375895  	105.240561 
6602.807553  	106.002418 
6604.239211  	105.625431 
6605.670870  	106.072088 
6607.102528  	105.755119 
6608.534186  	105.324351 
6609.965844  	106.176747 
6611.397502  	106.582312 
6612.829161  	106.438888 
6614.260819  	106.719109 
6615.692477  	106.885984 
6617.124135  	106.690284 
6618.555793  	106.700563 
6619.987452  	107.193849 
6621.419110  	107.071188 
6622.850768  	105.897796 
6624.282426  	104.672648 
6625.714084  	103.725823 
6627.145742  	103.626781 
6628.577401  	104.371256 
6630.009059  	104.748739 
6631.440717  	104.746336 
6632.872375  	104.661965 
6634.304033  	104.744547 
6635.735692  	105.420792 
6637.167350  	105.575911 
6638.599008  	105.524562 
6640.030666  	106.341123 
6641.462324  	106.154147 
6642.893982  	105.016304 
6644.325641  	104.994125 
6645.757299  	105.639829 
6647.188957  	106.183434 
6648.620615  	106.185756 
6650.052273  	105.461440 
6651.483932  	105.449130 
6652.915590  	106.200203 
6654.347248  	106.401181 
6655.778906  	105.988885 
6657.210564  	105.556912 
6658.642223  	106.047346 
6660.073881  	107.010428 
6661.505539  	106.692068 
6662.937197  	105.605787 
6664.368855  	105.812688 
6665.800513  	107.167226 
6667.232172  	107.039767 
6668.663830  	105.665486 
6670.095488  	106.261993 
6671.527146  	107.675186 
6672.958804  	106.947422 
6674.390463  	106.108615 
6675.822121  	106.691638 
6677.253779  	106.904833 
6678.685437  	106.603070 
6680.117095  	106.768837 
6681.548754  	106.907451 
6682.980412  	105.768408 
6684.412070  	104.686516 
6685.843728  	105.437662 
6687.275386  	105.798480 
6688.707044  	104.794586 
6690.138703  	104.932555 
6691.570361  	105.606496 
6693.002019  	105.383949 
6694.433677  	105.468970 
6695.865335  	105.613019 
6697.296994  	105.418572 
6698.728652  	105.904772 
6700.160310  	106.154242 
6701.591968  	105.656407 
6703.023626  	106.223456 
6704.455284  	107.184140 
6705.886943  	106.373526 
6707.318601  	105.200168 
6708.750259  	105.308254 
6710.181917  	106.002186 
6711.613575  	106.983345 
6713.045234  	107.261898 
6714.476892  	106.654622 
6715.908550  	107.283913 
6717.340208  	107.777960 
6718.771866  	106.464344 
6720.203525  	106.120098 
6721.635183  	106.428586 
6723.066841  	106.060926 
6724.498499  	106.874088 
6725.930157  	107.651198 
6727.361815  	106.538612 
6728.793474  	105.417305 
6730.225132  	105.501886 
6731.656790  	106.420930 
6733.088448  	106.582391 
6734.520106  	105.743556 
6735.951765  	105.948706 
6737.383423  	106.275727 
6738.815081  	105.426466 
6740.246739  	104.985585 
6741.678397  	105.046412 
6743.110056  	105.278686 
6744.541714  	106.280012 
6745.973372  	107.460686 
6747.405030  	107.818580 
6748.836688  	107.095207 
6750.268346  	106.589647 
6751.700005  	106.848454 
6753.131663  	106.090571 
6754.563321  	105.214640 
6755.994979  	106.050469 
6757.426637  	107.105776 
6758.858296  	106.912021 
6760.289954  	106.037903 
6761.721612  	105.451082 
6763.153270  	105.019864 
6764.584928  	104.400020 
6766.016586  	105.297942 
6767.448245  	106.835861 
6768.879903  	106.428740 
6770.311561  	105.941401 
6771.743219  	105.555263 
6773.174877  	104.116077 
6774.606536  	104.550473 
6776.038194  	106.143975 
6777.469852  	106.072539 
6778.901510  	106.038342 
6780.333168  	106.411119 
6781.764827  	106.177130 
6783.196485  	105.542306 
6784.628143  	104.768554 
6786.059801  	105.439302 
6787.491459  	106.959084 
6788.923117  	107.222484 
6790.354776  	106.962448 
6791.786434  	105.910356 
6793.218092  	104.803175 
6794.649750  	106.121436 
6796.081408  	107.500790 
6797.513067  	106.687739 
6798.944725  	105.911162 
6800.376383  	106.228359 
6801.808041  	106.868283 
6803.239699  	106.830277 
6804.671357  	105.954932 
6806.103016  	105.759759 
6807.534674  	106.122998 
6808.966332  	105.761852 
6810.397990  	105.246075 
6811.829648  	105.466493 
6813.261307  	105.792659 
6814.692965  	105.019425 
6816.124623  	103.556434 
6817.556281  	103.381419 
6818.987939  	104.683935 
6820.419598  	104.822764 
6821.851256  	104.056189 
6823.282914  	105.898713 
6824.714572  	108.311256 
6826.146230  	106.902700 
6827.577888  	105.543735 
6829.009547  	106.839754 
6830.441205  	106.334248 
6831.872863  	104.955450 
6833.304521  	105.789365 
6834.736179  	106.466130 
6836.167838  	105.892170 
6837.599496  	105.228419 
6839.031154  	104.731600 
6840.462812  	104.602764 
6841.894470  	104.662645 
6843.326129  	105.254426 
6844.757787  	106.046001 
6846.189445  	106.433721 
6847.621103  	107.517544 
6849.052761  	108.372871 
6850.484419  	107.715546 
6851.916078  	107.024567 
6853.347736  	106.351124 
6854.779394  	106.370884 
6856.211052  	107.308613 
6857.642710  	106.691637 
6859.074369  	105.930662 
6860.506027  	105.994223 
6861.937685  	105.427633 
6863.369343  	106.341740 
6864.801001  	107.261045 
6866.232659  	104.900782 
6867.664318  	103.432028 
6869.095976  	104.582228 
6870.527634  	105.347798 
6871.959292  	105.167728 
6873.390950  	104.948843 
6874.822609  	105.672680 
6876.254267  	106.150357 
6877.685925  	104.759639 
6879.117583  	104.788926 
6880.549241  	106.797184 
6881.980900  	107.242635 
6883.412558  	106.468426 
6884.844216  	105.661459 
6886.275874  	105.259046 
6887.707532  	106.469168 
6889.139190  	107.411154 
6890.570849  	106.777199 
6892.002507  	107.175667 
6893.434165  	108.260174 
6894.865823  	106.981538 
6896.297481  	105.162206 
6897.729140  	106.230064 
6899.160798  	107.942711 
6900.592456  	107.530185 
6902.024114  	106.812409 
6903.455772  	106.572532 
6904.887431  	105.958827 
6906.319089  	105.350784 
6907.750747  	104.791007 
6909.182405  	104.929514 
6910.614063  	105.942734 
6912.045721  	106.314337 
6913.477380  	106.282486 
6914.909038  	106.697593 
6916.340696  	106.444867 
6917.772354  	105.004042 
6919.204012  	103.778185 
6920.635671  	104.303509 
6922.067329  	105.593985 
6923.498987  	105.566764 
6924.930645  	104.642665 
6926.362303  	104.265348 
6927.793961  	104.929336 
6929.225620  	106.048316 
6930.657278  	106.269225 
6932.088936  	106.499304 
6933.520594  	107.413443 
6934.952252  	107.229414 
6936.383911  	106.496387 
6937.815569  	106.375663 
6939.247227  	106.141672 
6940.678885  	105.846238 
6942.110543  	105.522477 
6943.542202  	105.460900 
6944.973860  	105.761317 
6946.405518  	105.619215 
6947.837176  	105.851342 
6949.268834  	105.894618 
6950.700492  	104.108585 
6952.132151  	103.081920 
6953.563809  	104.170565 
6954.995467  	105.261594 
6956.427125  	105.339344 
6957.858783  	104.862559 
6959.290442  	105.203193 
6960.722100  	106.323206 
6962.153758  	106.394645 
6963.585416  	106.342320 
6965.017074  	106.802731 
6966.448732  	106.746127 
6967.880391  	107.230541 
6969.312049  	107.490546 
6970.743707  	107.364035 
6972.175365  	108.972085 
6973.607023  	109.452127 
6975.038682  	107.162599 
6976.470340  	106.019607 
6977.901998  	106.293386 
6979.333656  	106.340865 
6980.765314  	106.396364 
6982.196973  	105.330731 
6983.628631  	103.706805 
6985.060289  	104.121840 
6986.491947  	105.789236 
6987.923605  	105.870521 
6989.355263  	104.567901 
6990.786922  	103.909483 
6992.218580  	104.108785 
6993.650238  	104.902328 
6995.081896  	106.055541 
6996.513554  	106.561490 
6997.945213  	106.485729 
6999.376871  	106.532740 
7000.808529  	106.413787 
7002.240187  	105.924084 
7003.671845  	105.396270 
7005.103504  	105.565764 
7006.535162  	106.210208 
7007.966820  	105.960378 
7009.398478  	105.838982 
7010.830136  	106.722133 
7012.261794  	106.531548 
7013.693453  	105.883548 
7015.125111  	106.579643 
7016.556769  	107.297842 
7017.988427  	106.942476 
7019.420085  	106.068529 
7020.851744  	105.427557 
7022.283402  	104.830042 
7023.715060  	104.187067 
7025.146718  	105.299006 
7026.578376  	107.028282 
7028.010034  	106.016603 
7029.441693  	105.185442 
7030.873351  	107.444510 
7032.305009  	108.878843 
7033.736667  	107.879388 
7035.168325  	106.992435 
7036.599984  	106.752759 
7038.031642  	106.862188 
7039.463300  	106.872007 
7040.894958  	105.504034 
7042.326616  	103.936340 
7043.758275  	104.450647 
7045.189933  	105.578588 
7046.621591  	105.188147 
7048.053249  	104.400495 
7049.484907  	103.956174 
7050.916565  	103.448577 
7052.348224  	103.954171 
7053.779882  	105.403480 
7055.211540  	105.808434 
7056.643198  	105.618235 
7058.074856  	106.212637 
7059.506515  	106.171342 
7060.938173  	105.409045 
7062.369831  	106.216728 
7063.801489  	107.060794 
7065.233147  	105.144452 
7066.664806  	103.392811 
7068.096464  	104.048070 
7069.528122  	104.591544 
7070.959780  	104.640394 
7072.391438  	105.136713 
7073.823096  	105.138837 
7075.254755  	105.527718 
7076.686413  	106.391293 
7078.118071  	105.514708 
7079.549729  	103.569287 
7080.981387  	103.068082 
7082.413046  	104.526176 
7083.844704  	105.779490 
7085.276362  	105.877317 
7086.708020  	106.564966 
7088.139678  	107.306173 
7089.571336  	105.766987 
7091.002995  	104.589644 
7092.434653  	105.752253 
7093.866311  	106.177687 
7095.297969  	105.255421 
7096.729627  	105.828909 
7098.161286  	106.510583 
7099.592944  	105.697146 
7101.024602  	105.605545 
7102.456260  	105.933083 
7103.887918  	104.804191 
7105.319577  	104.662405 
7106.751235  	106.055978 
7108.182893  	105.309442 
7109.614551  	104.040415 
7111.046209  	104.882395 
7112.477867  	105.523420 
7113.909526  	105.285398 
7115.341184  	106.040259 
7116.772842  	106.041031 
7118.204500  	104.624976 
7119.636158  	105.851856 
7121.067817  	108.289693 
7122.499475  	107.254501 
7123.931133  	105.717123 
7125.362791  	106.369529 
7126.794449  	106.205086 
7128.226108  	105.741843 
7129.657766  	106.217898 
7131.089424  	106.640210 
7132.521082  	107.159182 
7133.952740  	105.433860 
7135.384398  	102.692661 
7136.816057  	104.459275 
7138.247715  	107.053212 
7139.679373  	107.082159 
7141.111031  	107.606542 
7142.542689  	106.812759 
7143.974348  	104.975822 
7145.406006  	105.366851 
7146.837664  	106.074714 
7148.269322  	106.442088 
7149.700980  	105.970084 
7151.132638  	104.242775 
7152.564297  	104.989344 
7153.995955  	106.147357 
7155.427613  	105.094782 
7156.859271  	104.756398 
7158.290929  	104.310309 
7159.722588  	104.845273 
7161.154246  	107.707686 
7162.585904  	106.936674 
7164.017562  	104.431625 
7165.449220  	105.170546 
7166.880879  	105.702622 
7168.312537  	105.315774 
7169.744195  	105.171590 
7171.175853  	104.956264 
7172.607511  	105.686403 
7174.039169  	105.324481 
7175.470828  	104.001795 
7176.902486  	104.813607 
7178.334144  	105.286752 
7179.765802  	104.626499 
7181.197460  	105.774006 
7182.629119  	107.171726 
7184.060777  	107.129271 
7185.492435  	106.977311 
7186.924093  	106.510748 
7188.355751  	105.032927 
7189.787409  	103.875267 
7191.219068  	104.449702 
7192.650726  	104.814560 
7194.082384  	104.673100 
7195.514042  	106.145536 
7196.945700  	106.555156 
7198.377359  	105.594777 
7199.809017  	106.367392 
7201.240675  	106.494956 
7202.672333  	105.381247 
7204.103991  	104.895147 
7205.535650  	103.842635 
7206.967308  	104.165336 
7208.398966  	106.110472 
7209.830624  	106.392053 
7211.262282  	106.352833 
7212.693940  	105.645831 
7214.125599  	103.338366 
7215.557257  	102.934774 
7216.988915  	103.091992 
7218.420573  	101.925812 
7219.852231  	102.570800 
7221.283890  	103.788742 
7222.715548  	104.142492 
7224.147206  	105.666934 
7225.578864  	106.398079 
7227.010522  	105.473924 
7228.442181  	105.171763 
7229.873839  	104.957888 
7231.305497  	105.047715 
7232.737155  	106.696283 
7234.168813  	107.656504 
7235.600471  	105.834068 
7237.032130  	103.991248 
7238.463788  	105.283456 
7239.895446  	107.488224 
7241.327104  	106.669052 
7242.758762  	105.506442 
7244.190421  	106.906537 
7245.622079  	107.977574 
7247.053737  	107.198784 
7248.485395  	105.503819 
7249.917053  	105.651137 
7251.348711  	108.083270 
7252.780370  	107.668384 
7254.212028  	104.511622 
7255.643686  	104.735673 
7257.075344  	106.200822 
7258.507002  	105.775507 
7259.938661  	106.115731 
7261.370319  	106.510934 
7262.801977  	105.307836 
7264.233635  	104.276920 
7265.665293  	104.212002 
7267.096952  	106.060152 
7268.528610  	108.541020 
7269.960268  	107.955221 
7271.391926  	106.109787 
7272.823584  	106.397313 
7274.255242  	107.689797 
7275.686901  	107.072430 
7277.118559  	105.872334 
7278.550217  	108.101325 
7279.981875  	110.206535 
7281.413533  	107.015065 
7282.845192  	104.630289 
7284.276850  	105.902366 
7285.708508  	105.467942 
7287.140166  	104.780522 
7288.571824  	106.172622 
7290.003483  	106.775852 
7291.435141  	107.006210 
7292.866799  	107.213317 
7294.298457  	106.627153 
7295.730115  	106.498611 
7297.161773  	106.594218 
7298.593432  	106.606533 
7300.025090  	106.630297 
7301.456748  	106.850831 
7302.888406  	107.937744 
7304.320064  	107.174261 
7305.751723  	104.413756 
7307.183381  	103.470381 
7308.615039  	104.044455 
7310.046697  	105.095131 
7311.478355  	105.964743 
7312.910013  	104.650818 
7314.341672  	104.189594 
7315.773330  	106.216737 
7317.204988  	106.595241 
7318.636646  	106.476702 
7320.068304  	107.340125 
7321.499963  	106.775589 
7322.931621  	106.138320 
7324.363279  	106.180498 
7325.794937  	106.127372 
7327.226595  	106.808148 
7328.658254  	106.786104 
7330.089912  	104.545109 
7331.521570  	103.082453 
7332.953228  	104.022493 
7334.384886  	105.099636 
7335.816544  	104.775651 
7337.248203  	104.158485 
7338.679861  	103.061949 
7340.111519  	101.350068 
7341.543177  	102.688552 
7342.974835  	106.377087 
7344.406494  	107.651554 
7345.838152  	107.242869 
7347.269810  	106.481028 
7348.701468  	104.862254 
7350.133126  	103.603865 
7351.564785  	104.597769 
7352.996443  	107.126192 
7354.428101  	108.876057 
7355.859759  	108.319912 
7357.291417  	106.320188 
7358.723075  	104.694039 
7360.154734  	105.538918 
7361.586392  	106.528452 
7363.018050  	104.554273 
7364.449708  	104.002849 
7365.881366  	105.068716 
7367.313025  	103.596227 
7368.744683  	103.721639 
7370.176341  	106.090819 
7371.607999  	105.741847 
7373.039657  	105.770959 
7374.471315  	106.932251 
7375.902974  	105.548654 
7377.334632  	105.070550 
7378.766290  	106.984467 
7380.197948  	107.571525 
7381.629606  	107.030338 
7383.061265  	106.620256 
7384.492923  	106.413181 
7385.924581  	105.590611 
7387.356239  	104.818815 
7388.787897  	106.532232 
7390.219556  	108.488433 
7391.651214  	107.039568 
7393.082872  	104.946613 
7394.514530  	104.688822 
7395.946188  	104.599508 
7397.377846  	104.543467 
7398.809505  	105.334591 
7400.241163  	106.030682 
7401.672821  	105.608165 
7403.104479  	104.942373 
7404.536137  	105.247402 
7405.967796  	106.399949 
7407.399454  	107.115163 
7408.831112  	106.754358 
7410.262770  	107.397751 
7411.694428  	109.815767 
7413.126086  	109.834377 
7414.557745  	106.249284 
7415.989403  	104.643063 
7417.421061  	106.285977 
7418.852719  	107.005929 
7420.284377  	105.863264 
7421.716036  	105.750942 
7423.147694  	107.007876 
7424.579352  	108.674152 
7426.011010  	109.647635 
7427.442668  	107.300518 
7428.874327  	103.182701 
7430.305985  	103.371201 
7431.737643  	106.421681 
7433.169301  	106.205495 
7434.600959  	105.034830 
7436.032617  	105.690894 
7437.464276  	105.185844 
7438.895934  	103.970102 
7440.327592  	104.003419 
7441.759250  	103.714295 
7443.190908  	102.674653 
7444.622567  	102.572650 
7446.054225  	103.516889 
7447.485883  	104.997171 
7448.917541  	107.144121 
7450.349199  	108.088414 
7451.780858  	105.774245 
7453.212516  	103.102987 
7454.644174  	103.087469 
7456.075832  	103.717414 
7457.507490  	103.334421 
7458.939148  	103.057487 
7460.370807  	103.083249 
7461.802465  	104.056518 
7463.234123  	106.875025 
7464.665781  	107.167701 
7466.097439  	103.706672 
7467.529098  	103.246663 
7468.960756  	105.760602 
7470.392414  	106.254188 
7471.824072  	106.696383 
7473.255730  	108.655983 
7474.687388  	107.927922 
7476.119047  	105.698817 
7477.550705  	106.376344 
7478.982363  	108.582400 
7480.414021  	108.885205 
7481.845679  	106.352349 
7483.277338  	102.768956 
7484.708996  	101.870281 
7486.140654  	104.801291 
7487.572312  	107.522115 
7489.003970  	106.199544 
7490.435629  	103.152902 
7491.867287  	102.368279 
7493.298945  	103.653398 
7494.730603  	105.521728 
7496.162261  	106.968619 
7497.593919  	108.189519 
7499.025578  	108.595730 
7500.457236  	106.456920 
7501.888894  	105.659352 
7503.320552  	109.122987 
7504.752210  	110.343618 
7506.183869  	107.160552 
7507.615527  	105.644078 
7509.047185  	105.716021 
7510.478843  	104.418124 
7511.910501  	102.744506 
7513.342160  	104.029749 
7514.773818  	107.298611 
7516.205476  	106.036216 
7517.637134  	102.316884 
7519.068792  	103.213887 
7520.500450  	105.194165 
7521.932109  	104.682527 
7523.363767  	105.182513 
7524.795425  	106.395501 
7526.227083  	107.772422 
7527.658741  	109.105566 
7529.090400  	107.880034 
7530.522058  	105.806387 
7531.953716  	105.530482 
7533.385374  	106.950691 
7534.817032  	108.237700 
7536.248690  	106.424179 
7537.680349  	104.844449 
7539.112007  	106.212009 
7540.543665  	106.539162 
7541.975323  	106.038157 
7543.406981  	106.743183 
7544.838640  	107.188824 
7546.270298  	107.419100 
7547.701956  	106.516008 
7549.133614  	104.472082 
7550.565272  	104.125263 
7551.996931  	104.440459 
7553.428589  	104.008159 
7554.860247  	105.347309 
7556.291905  	108.339580 
7557.723563  	110.240589 
7559.155221  	108.777795 
7560.586880  	106.646075 
7562.018538  	108.218595 
7563.450196  	109.481444 
7564.881854  	107.230605 
7566.313512  	106.268059 
7567.745171  	106.995560 
7569.176829  	107.099039 
7570.608487  	107.596177 
7572.040145  	107.720895 
7573.471803  	104.982043 
7574.903461  	102.809158 
7576.335120  	105.230758 
7577.766778  	107.505736 
7579.198436  	105.787211 
7580.630094  	105.672117 
7582.061752  	106.294593 
7583.493411  	103.419248 
7584.925069  	102.849260 
7586.356727  	105.550235 
7587.788385  	105.194723 
7589.220043  	104.293972 
7590.651702  	105.486288 
7592.083360  	106.347831 
7593.515018  	107.172694 
7594.946676  	107.203699 
7596.378334  	105.240253 
7597.809992  	104.470598 
7599.241651  	106.128851 
7600.673309  	107.167368 
7602.104967  	106.185903 
7603.536625  	106.046607 
7604.968283  	108.526954 
7606.399942  	111.607522 
7607.831600  	113.926958 
7609.263258  	112.920423 
7610.694916  	108.106738 
7612.126574  	104.159843 
7613.558233  	103.471110 
7614.989891  	103.861189 
7616.421549  	103.552413 
7617.853207  	102.705660 
7619.284865  	103.678751 
7620.716523  	105.840535 
7622.148182  	105.282433 
7623.579840  	103.385690 
7625.011498  	103.384709 
7626.443156  	106.266374 
7627.874814  	110.956215 
7629.306473  	110.303301 
7630.738131  	104.095632 
7632.169789  	101.303341 
7633.601447  	102.585505 
7635.033105  	104.330644 
7636.464763  	107.840638 
7637.896422  	109.616983 
7639.328080  	108.129692 
7640.759738  	107.672188 
7642.191396  	107.596387 
7643.623054  	106.831372 
7645.054713  	106.566115 
7646.486371  	105.966524 
7647.918029  	105.534955 
7649.349687  	104.786593 
7650.781345  	103.122739 
7652.213004  	102.556453 
7653.644662  	103.108687 
7655.076320  	104.759730 
7656.507978  	105.907652 
7657.939636  	104.152511 
7659.371294  	102.957289 
7660.802953  	103.626553 
7662.234611  	103.612848 
7663.666269  	105.046424 
7665.097927  	108.362724 
7666.529585  	109.148965 
7667.961244  	107.881507 
7669.392902  	106.188148 
7670.824560  	104.803003 
7672.256218  	105.375183 
7673.687876  	106.825215 
7675.119535  	109.128793 
7676.551193  	110.002295 
7677.982851  	106.334913 
7679.414509  	103.268247 
7680.846167  	103.985054 
7682.277825  	105.138371 
7683.709484  	103.580532 
7685.141142  	101.916110 
7686.572800  	104.989796 
7688.004458  	110.554382 
7689.436116  	110.644477 
7690.867775  	107.569088 
7692.299433  	106.495264 
7693.731091  	107.374811 
7695.162749  	109.893001 
7696.594407  	110.602004 
7698.026065  	107.250403 
7699.457724  	103.690358 
7700.889382  	102.538609 
7702.321040  	105.202350 
7703.752698  	109.157635 
7705.184356  	108.322035 
7706.616015  	106.049368 
7708.047673  	107.022002 
7709.479331  	107.484192 
7710.910989  	105.981919 
7712.342647  	104.420185 
7713.774306  	105.483304 
7715.205964  	108.073620 
7716.637622  	106.745578 
7718.069280  	104.443509 
7719.500938  	106.105692 
7720.932596  	109.678231 
7722.364255  	112.630856 
7723.795913  	111.898071 
7725.227571  	108.643936 
7726.659229  	108.022924 
7728.090887  	106.756863 
7729.522546  	104.602549 
7730.954204  	107.318611 
7732.385862  	110.933824 
7733.817520  	110.695059 
7735.249178  	108.536529 
7736.680837  	106.035288 
7738.112495  	104.400414 
7739.544153  	103.084060 
7740.975811  	102.008297 
7742.407469  	104.307720 
7743.839127  	106.889668 
7745.270786  	105.782735 
7746.702444  	103.587594 
7748.134102  	103.534255 
7749.565760  	107.866524 
7750.997418  	112.013589 
7752.429077  	109.743636 
7753.860735  	106.536244 
7755.292393  	105.198174 
7756.724051  	104.868750 
7758.155709  	107.104596 
7759.587367  	108.526301 
7761.019026  	107.294884 
7762.450684  	107.985659 
7763.882342  	107.515945 
7765.314000  	104.044068 
7766.745658  	105.140287 
7768.177317  	110.597661 
7769.608975  	109.194584 
7771.040633  	102.267442 
7772.472291  	100.744709 
7773.903949  	104.720692 
7775.335608  	105.149139 
7776.767266  	105.902680 
7778.198924  	109.988742 
7779.630582  	111.416126 
7781.062240  	112.178329 
7782.493898  	113.330491 
7783.925557  	109.625932 
7785.357215  	105.017520 
7786.788873  	103.791399 
7788.220531  	104.112180 
7789.652189  	105.097953 
7791.083848  	105.934017 
7792.515506  	106.771690 
7793.947164  	108.413827 
7795.378822  	110.191324 
7796.810480  	110.286595 
7798.242138  	109.238767 
7799.673797  	109.647835 
7801.105455  	110.494429 
7802.537113  	109.533139 
7803.968771  	107.201633 
7805.400429  	103.205246 
7806.832088  	101.062375 
7808.263746  	104.215078 
7809.695404  	110.875992 
7811.127062  	113.646764 
7812.558720  	109.903602 
7813.990379  	105.228735 
7815.422037  	105.052337 
7816.853695  	108.322650 
7818.285353  	111.200704 
7819.717011  	110.573143 
7821.148669  	104.879576 
7822.580328  	101.608706 
7824.011986  	105.460003 
7825.443644  	108.922675 
7826.875302  	108.998169 
7828.306960  	108.756532 
7829.738619  	107.011676 
7831.170277  	106.042760 
7832.601935  	108.077018 
7834.033593  	110.213726 
7835.465251  	108.683275 
7836.896910  	104.228287 
7838.328568  	104.781480 
7839.760226  	111.139704 
7841.191884  	110.571491 
7842.623542  	106.391722 
7844.055200  	106.738900 
7845.486859  	104.298955 
7846.918517  	101.959888 
7848.350175  	106.536353 
7849.781833  	107.593338 
7851.213491  	104.123108 
7852.645150  	105.467767 
7854.076808  	107.196787 
7855.508466  	105.280076 
7856.940124  	105.159869 
7858.371782  	105.740067 
7859.803440  	106.041683 
7861.235099  	109.335133 
7862.666757  	112.257549 
7864.098415  	110.394529 
7865.530073  	105.894997 
7866.961731  	104.689911 
7868.393390  	106.937435 
7869.825048  	105.903294 
7871.256706  	103.481313 
7872.688364  	107.322415 
7874.120022  	110.057826 
7875.551681  	105.645304 
7876.983339  	102.439272 
7878.414997  	103.509596 
7879.846655  	104.116256 
7881.278313  	104.293376 
7882.709971  	106.037911 
7884.141630  	108.049407 
7885.573288  	110.670617 
7887.004946  	112.685003 
7888.436604  	112.286930 
7889.868262  	112.522489 
7891.299921  	112.190879 
7892.731579  	107.771553 
7894.163237  	104.959915 
7895.594895  	108.176704 
7897.026553  	111.348248 
7898.458212  	109.561835 
7899.889870  	105.402250 