##TITLE=No Description
##DATA TYPE=INFRARED SPECTRUM
##XUNITS=1/CM
##YUNITS=%T
349.324597  	142.252373 
350.756256  	222.240248 
352.187914  	69.536197 
353.619572  	123.915697 
355.051230  	165.621771 
356.482888  	126.832176 
357.914546  	118.951653 
359.346205  	129.573860 
360.777863  	130.859019 
362.209521  	107.707482 
363.641179  	96.310987 
365.072837  	85.118132 
366.504496  	78.083662 
367.936154  	86.805538 
369.367812  	85.609232 
370.799470  	67.704780 
372.231128  	78.882825 
373.662787  	100.985622 
375.094445  	97.442732 
376.526103  	81.770430 
377.957761  	85.585604 
379.389419  	90.161473 
380.821077  	87.886262 
382.252736  	93.374806 
383.684394  	99.849284 
385.116052  	91.766977 
386.547710  	89.135878 
387.979368  	88.791786 
389.411027  	81.681222 
390.842685  	79.727819 
392.274343  	79.930586 
393.706001  	79.011637 
395.137659  	83.124170 
396.569317  	81.710427 
398.000976  	77.101013 
399.432634  	82.350050 
400.864292  	82.131396 
402.295950  	81.533780 
403.727608  	87.273060 
405.159267  	90.667073 
406.590925  	90.295046 
408.022583  	90.623917 
409.454241  	90.640273 
410.885899  	90.358036 
412.317558  	87.805052 
413.749216  	83.572558 
415.180874  	83.732927 
416.612532  	86.678321 
418.044190  	89.097995 
419.475848  	90.870961 
420.907507  	89.062664 
422.339165  	86.497042 
423.770823  	86.363937 
425.202481  	87.734761 
426.634139  	89.840148 
428.065798  	93.620004 
429.497456  	94.182586 
430.929114  	90.762244 
432.360772  	89.746976 
433.792430  	89.938740 
435.224089  	88.210039 
436.655747  	88.746436 
438.087405  	91.088498 
439.519063  	90.905073 
440.950721  	89.970090 
442.382379  	90.170450 
443.814038  	89.941063 
445.245696  	88.916300 
446.677354  	88.688980 
448.109012  	89.746387 
449.540670  	90.255193 
450.972329  	89.944236 
452.403987  	90.398544 
453.835645  	90.529730 
455.267303  	89.685774 
456.698961  	89.554822 
458.130619  	89.352550 
459.562278  	88.504933 
460.993936  	88.198908 
462.425594  	87.578023 
463.857252  	87.350413 
465.288910  	88.311239 
466.720569  	88.506560 
468.152227  	87.980266 
469.583885  	88.244096 
471.015543  	87.920270 
472.447201  	87.316623 
473.878860  	87.429425 
475.310518  	86.800273 
476.742176  	86.260191 
478.173834  	86.809526 
479.605492  	86.962403 
481.037150  	86.798713 
482.468809  	86.595324 
483.900467  	85.876731 
485.332125  	86.046646 
486.763783  	86.606696 
488.195441  	86.145022 
489.627100  	86.369871 
491.058758  	87.063713 
492.490416  	86.560697 
493.922074  	86.495835 
495.353732  	86.991054 
496.785391  	86.284790 
498.217049  	85.342285 
499.648707  	85.522274 
501.080365  	86.071443 
502.512023  	86.155879 
503.943681  	86.115193 
505.375340  	86.121105 
506.806998  	85.712777 
508.238656  	85.921112 
509.670314  	87.066039 
511.101972  	87.233566 
512.533631  	86.565194 
513.965289  	86.127205 
515.396947  	85.391794 
516.828605  	85.263634 
518.260263  	85.773604 
519.691921  	85.130708 
521.123580  	84.389359 
522.555238  	84.081692 
523.986896  	83.371625 
525.418554  	82.999842 
526.850212  	82.631415 
528.281871  	81.609492 
529.713529  	80.967128 
531.145187  	80.564829 
532.576845  	79.988992 
534.008503  	79.462001 
535.440162  	78.765218 
536.871820  	78.116246 
538.303478  	77.345440 
539.735136  	76.084964 
541.166794  	75.023616 
542.598452  	74.087770 
544.030111  	73.041630 
545.461769  	72.339221 
546.893427  	71.481402 
548.325085  	70.284908 
549.756743  	69.336546 
551.188402  	68.590496 
552.620060  	68.264812 
554.051718  	68.608024 
555.483376  	69.287606 
556.915034  	70.197404 
558.346692  	71.576070 
559.778351  	73.477894 
561.210009  	75.305768 
562.641667  	76.622391 
564.073325  	78.253361 
565.504983  	80.969658 
566.936642  	84.309343 
568.368300  	87.485547 
569.799958  	89.823270 
571.231616  	90.753115 
572.663274  	90.469083 
574.094933  	89.815177 
575.526591  	89.357263 
576.958249  	89.303907 
578.389907  	89.422691 
579.821565  	89.509663 
581.253223  	89.777026 
582.684882  	90.298013 
584.116540  	90.783204 
585.548198  	90.980273 
586.979856  	91.079182 
588.411514  	91.396789 
589.843173  	91.659892 
591.274831  	91.662706 
592.706489  	91.894337 
594.138147  	92.399637 
595.569805  	92.626492 
597.001464  	92.678236 
598.433122  	92.889394 
599.864780  	92.856096 
601.296438  	92.528218 
602.728096  	92.590617 
604.159754  	92.791293 
605.591413  	92.598381 
607.023071  	92.458794 
608.454729  	92.537381 
609.886387  	92.518678 
611.318045  	92.448276 
612.749704  	92.335509 
614.181362  	92.254427 
615.613020  	92.287886 
617.044678  	92.292725 
618.476336  	92.474366 
619.907994  	92.714033 
621.339653  	92.492416 
622.771311  	92.152540 
624.202969  	91.967446 
625.634627  	91.610247 
627.066285  	91.302223 
628.497944  	91.119534 
629.929602  	90.762849 
631.361260  	90.562067 
632.792918  	90.728648 
634.224576  	90.771035 
635.656235  	90.613796 
637.087893  	90.789961 
638.519551  	91.332846 
639.951209  	91.797522 
641.382867  	91.977841 
642.814525  	91.941647 
644.246184  	91.824346 
645.677842  	91.660018 
647.109500  	91.381453 
648.541158  	91.360130 
649.972816  	91.758909 
651.404475  	91.855690 
652.836133  	91.548631 
654.267791  	91.263874 
655.699449  	90.947903 
657.131107  	91.009261 
658.562766  	91.463684 
659.994424  	91.401674 
661.426082  	90.993489 
662.857740  	90.789618 
664.289398  	90.581299 
665.721056  	90.400632 
667.152715  	90.156863 
668.584373  	89.914029 
670.016031  	90.158700 
671.447689  	90.172719 
672.879347  	90.072018 
674.311006  	90.250606 
675.742664  	90.264335 
677.174322  	89.916597 
678.605980  	89.592738 
680.037638  	89.225007 
681.469296  	88.778249 
682.900955  	88.475874 
684.332613  	88.262819 
685.764271  	87.994354 
687.195929  	87.721516 
688.627587  	87.693724 
690.059246  	87.809386 
691.490904  	87.784889 
692.922562  	87.713668 
694.354220  	87.589594 
695.785878  	87.349964 
697.217537  	86.994006 
698.649195  	86.396000 
700.080853  	85.707311 
701.512511  	85.100289 
702.944169  	84.577377 
704.375827  	84.266945 
705.807486  	84.019480 
707.239144  	83.934375 
708.670802  	84.324376 
710.102460  	84.718905 
711.534118  	85.017339 
712.965777  	85.500960 
714.397435  	85.866672 
715.829093  	86.241905 
717.260751  	86.645416 
718.692409  	86.582468 
720.124067  	86.379086 
721.555726  	86.262401 
722.987384  	85.923964 
724.419042  	85.654942 
725.850700  	85.549984 
727.282358  	85.354669 
728.714017  	85.127164 
730.145675  	84.884694 
731.577333  	84.830938 
733.008991  	85.067604 
734.440649  	85.229702 
735.872308  	85.314791 
737.303966  	85.407551 
738.735624  	85.287750 
740.167282  	85.037538 
741.598940  	84.760372 
743.030598  	84.348586 
744.462257  	83.834347 
745.893915  	83.281687 
747.325573  	82.696286 
748.757231  	82.042419 
750.188889  	81.328509 
751.620548  	80.632771 
753.052206  	79.944923 
754.483864  	79.291200 
755.915522  	78.729070 
757.347180  	78.334742 
758.778839  	78.189201 
760.210497  	78.122975 
761.642155  	78.059363 
763.073813  	78.042423 
764.505471  	77.934418 
765.937129  	77.861674 
767.368788  	78.006777 
768.800446  	78.291516 
770.232104  	78.858040 
771.663762  	79.807403 
773.095420  	80.999102 
774.527079  	82.290962 
775.958737  	83.452538 
777.390395  	84.382541 
778.822053  	85.120843 
780.253711  	85.646452 
781.685369  	86.078699 
783.117028  	86.448932 
784.548686  	86.625180 
785.980344  	86.711558 
787.412002  	86.787011 
788.843660  	86.819200 
790.275319  	86.865075 
791.706977  	86.858683 
793.138635  	86.731235 
794.570293  	86.454028 
796.001951  	85.959690 
797.433610  	85.322827 
798.865268  	84.489620 
800.296926  	83.363786 
801.728584  	82.099605 
803.160242  	80.716712 
804.591900  	79.265921 
806.023559  	77.869836 
807.455217  	76.420272 
808.886875  	75.008436 
810.318533  	73.827629 
811.750191  	72.959729 
813.181850  	72.510980 
814.613508  	72.374021 
816.045166  	72.503091 
817.476824  	72.853080 
818.908482  	73.024764 
820.340141  	72.840400 
821.771799  	72.373953 
823.203457  	71.505954 
824.635115  	70.325970 
826.066773  	69.327433 
827.498431  	68.895179 
828.930090  	69.000292 
830.361748  	69.618295 
831.793406  	70.850199 
833.225064  	72.453270 
834.656722  	74.248914 
836.088381  	76.179825 
837.520039  	77.899182 
838.951697  	79.322558 
840.383355  	80.574050 
841.815013  	81.588226 
843.246671  	82.507338 
844.678330  	83.441503 
846.109988  	84.287801 
847.541646  	85.236764 
848.973304  	86.461817 
850.404962  	87.830911 
851.836621  	89.188020 
853.268279  	90.380777 
854.699937  	91.373087 
856.131595  	92.190830 
857.563253  	92.749084 
858.994912  	93.113591 
860.426570  	93.324171 
861.858228  	93.282381 
863.289886  	93.191923 
864.721544  	93.150548 
866.153202  	92.963268 
867.584861  	92.679336 
869.016519  	92.300042 
870.448177  	91.701172 
871.879835  	91.005167 
873.311493  	90.259030 
874.743152  	89.392315 
876.174810  	88.505940 
877.606468  	87.685755 
879.038126  	86.826007 
880.469784  	85.854465 
881.901443  	84.874691 
883.333101  	83.980559 
884.764759  	83.344157 
886.196417  	83.142130 
887.628075  	83.291140 
889.059733  	83.921958 
890.491392  	85.260520 
891.923050  	87.081034 
893.354708  	89.077793 
894.786366  	90.923969 
896.218024  	92.230380 
897.649683  	93.018350 
899.081341  	93.462880 
900.512999  	93.568968 
901.944657  	93.532075 
903.376315  	93.503915 
904.807973  	93.435534 
906.239632  	93.328999 
907.671290  	93.128869 
909.102948  	92.875248 
910.534606  	92.647873 
911.966264  	92.305371 
913.397923  	91.870481 
914.829581  	91.511796 
916.261239  	91.215573 
917.692897  	90.955286 
919.124555  	90.817545 
920.556214  	90.912710 
921.987872  	91.120107 
923.419530  	91.242073 
924.851188  	91.391494 
926.282846  	91.560820 
927.714504  	91.510447 
929.146163  	91.291402 
930.577821  	90.989349 
932.009479  	90.577483 
933.441137  	90.181949 
934.872795  	89.904661 
936.304454  	89.780903 
937.736112  	89.748630 
939.167770  	89.647450 
940.599428  	89.478404 
942.031086  	89.321034 
943.462744  	89.261805 
944.894403  	89.358257 
946.326061  	89.460109 
947.757719  	89.529042 
949.189377  	89.650899 
950.621035  	89.685262 
952.052694  	89.585656 
953.484352  	89.410744 
954.916010  	89.083884 
956.347668  	88.702638 
957.779326  	88.412686 
959.210985  	88.214960 
960.642643  	88.146896 
962.074301  	88.136373 
963.505959  	88.087008 
964.937617  	88.074833 
966.369275  	88.060690 
967.800934  	87.953780 
969.232592  	87.824649 
970.664250  	87.680502 
972.095908  	87.505137 
973.527566  	87.341375 
974.959225  	87.091796 
976.390883  	86.719427 
977.822541  	86.379319 
979.254199  	86.044096 
980.685857  	85.595849 
982.117516  	85.106337 
983.549174  	84.567128 
984.980832  	83.891704 
986.412490  	83.103599 
987.844148  	82.204743 
989.275806  	81.267724 
990.707465  	80.379906 
992.139123  	79.554239 
993.570781  	78.962879 
995.002439  	78.564972 
996.434097  	78.041143 
997.865756  	77.273442 
999.297414  	76.075313 
1000.729072  	74.286106 
1002.160730  	72.209889 
1003.592388  	70.300063 
1005.024046  	69.023413 
1006.455705  	68.515638 
1007.887363  	68.307230 
1009.319021  	67.754058 
1010.750679  	66.107043 
1012.182337  	63.414434 
1013.613996  	61.752401 
1015.045654  	63.566259 
1016.477312  	68.875540 
1017.908970  	75.313168 
1019.340628  	80.898581 
1020.772287  	85.058145 
1022.203945  	87.977569 
1023.635603  	90.181473 
1025.067261  	91.802280 
1026.498919  	92.725834 
1027.930577  	93.085247 
1029.362236  	93.058265 
1030.793894  	92.800987 
1032.225552  	92.479577 
1033.657210  	92.128284 
1035.088868  	91.733719 
1036.520527  	91.328984 
1037.952185  	90.909343 
1039.383843  	90.499529 
1040.815501  	90.124247 
1042.247159  	89.730132 
1043.678818  	89.332831 
1045.110476  	88.975018 
1046.542134  	88.652414 
1047.973792  	88.343844 
1049.405450  	87.995136 
1050.837108  	87.643814 
1052.268767  	87.292861 
1053.700425  	86.865456 
1055.132083  	86.466241 
1056.563741  	86.100732 
1057.995399  	85.655851 
1059.427058  	85.200944 
1060.858716  	84.685613 
1062.290374  	84.115432 
1063.722032  	83.622592 
1065.153690  	83.020318 
1066.585348  	82.245031 
1068.017007  	81.373775 
1069.448665  	80.266579 
1070.880323  	78.971031 
1072.311981  	77.464042 
1073.743639  	75.545992 
1075.175298  	73.115762 
1076.606956  	70.029802 
1078.038614  	67.083718 
1079.470272  	65.834351 
1080.901930  	66.868542 
1082.333589  	69.877020 
1083.765247  	73.804498 
1085.196905  	77.552183 
1086.628563  	80.610732 
1088.060221  	82.553683 
1089.491879  	83.214567 
1090.923538  	83.001537 
1092.355196  	82.330729 
1093.786854  	81.366305 
1095.218512  	80.138878 
1096.650170  	78.650294 
1098.081829  	77.142261 
1099.513487  	75.810575 
1100.945145  	74.862242 
1102.376803  	74.570558 
1103.808461  	74.742216 
1105.240120  	75.028990 
1106.671778  	75.168435 
1108.103436  	75.126062 
1109.535094  	75.188771 
1110.966752  	75.429701 
1112.398410  	75.803532 
1113.830069  	76.200265 
1115.261727  	76.347569 
1116.693385  	76.362109 
1118.125043  	76.329151 
1119.556701  	76.074402 
1120.988360  	75.722710 
1122.420018  	75.203654 
1123.851676  	74.424874 
1125.283334  	73.692163 
1126.714992  	72.922636 
1128.146650  	72.022519 
1129.578309  	71.166352 
1131.009967  	70.233816 
1132.441625  	69.277971 
1133.873283  	68.340196 
1135.304941  	67.249757 
1136.736600  	66.125154 
1138.168258  	64.991830 
1139.599916  	63.851328 
1141.031574  	62.724335 
1142.463232  	61.461041 
1143.894891  	60.267465 
1145.326549  	59.151793 
1146.758207  	57.941559 
1148.189865  	56.885923 
1149.621523  	55.857112 
1151.053181  	54.814329 
1152.484840  	53.993212 
1153.916498  	53.178356 
1155.348156  	52.546489 
1156.779814  	52.256381 
1158.211472  	52.142567 
1159.643131  	52.537544 
1161.074789  	53.462842 
1162.506447  	54.893865 
1163.938105  	57.012606 
1165.369763  	59.500227 
1166.801421  	62.269046 
1168.233080  	65.087281 
1169.664738  	67.302336 
1171.096396  	68.534655 
1172.528054  	68.340624 
1173.959712  	66.670753 
1175.391371  	64.337070 
1176.823029  	61.989644 
1178.254687  	59.995824 
1179.686345  	58.440342 
1181.118003  	56.917827 
1182.549662  	55.514732 
1183.981320  	54.387899 
1185.412978  	53.610363 
1186.844636  	53.573618 
1188.276294  	54.060559 
1189.707952  	54.885413 
1191.139611  	56.102005 
1192.571269  	57.403203 
1194.002927  	58.896158 
1195.434585  	60.596702 
1196.866243  	62.322588 
1198.297902  	64.256927 
1199.729560  	66.222792 
1201.161218  	68.106322 
1202.592876  	69.967023 
1204.024534  	71.407790 
1205.456193  	72.161382 
1206.887851  	71.971131 
1208.319509  	70.547171 
1209.751167  	68.274766 
1211.182825  	65.676321 
1212.614483  	63.214251 
1214.046142  	61.429336 
1215.477800  	60.199833 
1216.909458  	59.505926 
1218.341116  	59.397136 
1219.772774  	59.498577 
1221.204433  	59.870867 
1222.636091  	60.411299 
1224.067749  	60.949981 
1225.499407  	61.725869 
1226.931065  	62.509238 
1228.362723  	63.255002 
1229.794382  	64.130637 
1231.226040  	64.890660 
1232.657698  	65.684979 
1234.089356  	66.564073 
1235.521014  	67.303470 
1236.952673  	68.086653 
1238.384331  	68.861381 
1239.815989  	69.579708 
1241.247647  	70.386781 
1242.679305  	71.134126 
1244.110964  	71.938471 
1245.542622  	72.883127 
1246.974280  	73.829235 
1248.405938  	74.954594 
1249.837596  	76.216409 
1251.269254  	77.560181 
1252.700913  	79.145406 
1254.132571  	80.825148 
1255.564229  	82.612153 
1256.995887  	84.562348 
1258.427545  	86.474734 
1259.859204  	88.389473 
1261.290862  	90.316152 
1262.722520  	92.069771 
1264.154178  	93.635445 
1265.585836  	95.032134 
1267.017495  	96.196957 
1268.449153  	97.126438 
1269.880811  	97.834638 
1271.312469  	98.323895 
1272.744127  	98.664894 
1274.175785  	98.901762 
1275.607444  	99.037329 
1277.039102  	99.053090 
1278.470760  	98.904283 
1279.902418  	98.650330 
1281.334076  	98.340870 
1282.765735  	97.970226 
1284.197393  	97.579787 
1285.629051  	97.155996 
1287.060709  	96.759754 
1288.492367  	96.479042 
1289.924025  	96.246329 
1291.355684  	96.114539 
1292.787342  	96.202946 
1294.219000  	96.475695 
1295.650658  	96.919183 
1297.082316  	97.518978 
1298.513975  	98.141246 
1299.945633  	98.723426 
1301.377291  	99.241326 
1302.808949  	99.647751 
1304.240607  	99.919954 
1305.672266  	99.962591 
1307.103924  	99.803200 
1308.535582  	99.595569 
1309.967240  	99.520441 
1311.398898  	99.778927 
1312.830556  	100.329968 
1314.262215  	100.943668 
1315.693873  	101.503198 
1317.125531  	101.915414 
1318.557189  	102.178358 
1319.988847  	102.397029 
1321.420506  	102.518174 
1322.852164  	102.593035 
1324.283822  	102.660194 
1325.715480  	102.662346 
1327.147138  	102.694088 
1328.578796  	102.714444 
1330.010455  	102.682531 
1331.442113  	102.699097 
1332.873771  	102.684675 
1334.305429  	102.647392 
1335.737087  	102.648206 
1337.168746  	102.613395 
1338.600404  	102.588178 
1340.032062  	102.574633 
1341.463720  	102.570799 
1342.895378  	102.592333 
1344.327037  	102.511409 
1345.758695  	102.419221 
1347.190353  	102.384008 
1348.622011  	102.293889 
1350.053669  	102.266559 
1351.485327  	102.230637 
1352.916986  	102.085846 
1354.348644  	101.979201 
1355.780302  	101.778959 
1357.211960  	101.457685 
1358.643618  	100.958097 
1360.075277  	99.908330 
1361.506935  	98.373031 
1362.938593  	96.722130 
1364.370251  	95.992435 
1365.801909  	96.583203 
1367.233568  	97.900633 
1368.665226  	99.365006 
1370.096884  	100.497952 
1371.528542  	101.113814 
1372.960200  	101.340348 
1374.391858  	101.479059 
1375.823517  	101.527919 
1377.255175  	101.489385 
1378.686833  	101.382600 
1380.118491  	101.110237 
1381.550149  	100.674018 
1382.981808  	99.924503 
1384.413466  	99.098669 
1385.845124  	98.559765 
1387.276782  	98.490589 
1388.708440  	98.969441 
1390.140098  	99.579374 
1391.571757  	100.177149 
1393.003415  	100.566562 
1394.435073  	100.653166 
1395.866731  	100.618673 
1397.298389  	100.508816 
1398.730048  	100.203551 
1400.161706  	99.813637 
1401.593364  	99.383884 
1403.025022  	98.775118 
1404.456680  	98.000885 
1405.888339  	97.078083 
1407.319997  	96.288303 
1408.751655  	95.917926 
1410.183313  	95.898056 
1411.614971  	96.388376 
1413.046629  	97.315527 
1414.478288  	98.293197 
1415.909946  	99.294968 
1417.341604  	100.051512 
1418.773262  	100.510878 
1420.204920  	101.102527 
1421.636579  	101.384997 
1423.068237  	101.417650 
1424.499895  	101.508944 
1425.931553  	101.566187 
1427.363211  	101.578396 
1428.794870  	101.553554 
1430.226528  	101.486758 
1431.658186  	101.529609 
1433.089844  	101.489750 
1434.521502  	101.363525 
1435.953160  	101.261621 
1437.384819  	100.996142 
1438.816477  	100.861616 
1440.248135  	100.729256 
1441.679793  	100.387742 
1443.111451  	100.103682 
1444.543110  	99.830911 
1445.974768  	99.537581 
1447.406426  	99.357766 
1448.838084  	99.091577 
1450.269742  	98.898342 
1451.701400  	98.819715 
1453.133059  	98.716322 
1454.564717  	98.701466 
1455.996375  	98.534788 
1457.428033  	97.880254 
1458.859691  	97.478084 
1460.291350  	96.981286 
1461.723008  	96.495942 
1463.154666  	96.151971 
1464.586324  	95.838700 
1466.017982  	96.000384 
1467.449641  	96.247720 
1468.881299  	96.417316 
1470.312957  	96.646682 
1471.744615  	96.674314 
1473.176273  	96.793776 
1474.607931  	97.041599 
1476.039590  	96.967483 
1477.471248  	96.957218 
1478.902906  	96.856776 
1480.334564  	96.494392 
1481.766222  	96.145645 
1483.197881  	95.589178 
1484.629539  	94.811644 
1486.061197  	93.977797 
1487.492855  	92.728613 
1488.924513  	91.362237 
1490.356172  	89.871203 
1491.787830  	87.768785 
1493.219488  	86.046681 
1494.651146  	84.325620 
1496.082804  	81.951832 
1497.514462  	79.793991 
1498.946121  	77.847363 
1500.377779  	76.122335 
1501.809437  	75.428065 
1503.241095  	75.184967 
1504.672753  	75.429284 
1506.104412  	76.901370 
1507.536070  	79.807955 
1508.967728  	83.067475 
1510.399386  	86.290284 
1511.831044  	89.429729 
1513.262702  	92.501557 
1514.694361  	94.887280 
1516.126019  	96.519457 
1517.557677  	98.205639 
1518.989335  	99.361045 
1520.420993  	99.784769 
1521.852652  	100.468401 
1523.284310  	101.099171 
1524.715968  	101.286820 
1526.147626  	101.592871 
1527.579284  	101.806557 
1529.010943  	101.927740 
1530.442601  	102.111064 
1531.874259  	102.140540 
1533.305917  	102.159269 
1534.737575  	102.332590 
1536.169233  	102.411204 
1537.600892  	102.458929 
1539.032550  	102.340180 
1540.464208  	102.219464 
1541.895866  	102.523563 
1543.327524  	102.596993 
1544.759183  	102.620354 
1546.190841  	102.731008 
1547.622499  	102.720090 
1549.054157  	102.687675 
1550.485815  	102.678741 
1551.917473  	102.671230 
1553.349132  	102.678985 
1554.780790  	102.656471 
1556.212448  	102.608041 
1557.644106  	102.427239 
1559.075764  	102.089728 
1560.507423  	102.684718 
1561.939081  	102.821905 
1563.370739  	102.728219 
1564.802397  	102.702783 
1566.234055  	102.721675 
1567.665714  	102.671171 
1569.097372  	102.590377 
1570.529030  	102.549267 
1571.960688  	102.569732 
1573.392346  	102.529848 
1574.824004  	102.406485 
1576.255663  	102.288062 
1577.687321  	102.272977 
1579.118979  	102.261621 
1580.550637  	102.157448 
1581.982295  	101.947354 
1583.413954  	101.729729 
1584.845612  	101.447926 
1586.277270  	101.078467 
1587.708928  	100.666426 
1589.140586  	100.179302 
1590.572245  	99.772081 
1592.003903  	99.503622 
1593.435561  	99.378115 
1594.867219  	99.445271 
1596.298877  	99.551531 
1597.730535  	99.580422 
1599.162194  	99.491806 
1600.593852  	99.380297 
1602.025510  	99.388198 
1603.457168  	99.450588 
1604.888826  	99.625661 
1606.320485  	99.944170 
1607.752143  	100.333078 
1609.183801  	100.807423 
1610.615459  	101.206268 
1612.047117  	101.484330 
1613.478775  	101.701667 
1614.910434  	101.831900 
1616.342092  	101.898929 
1617.773750  	102.016064 
1619.205408  	102.155011 
1620.637066  	102.226262 
1622.068725  	102.193439 
1623.500383  	102.144971 
1624.932041  	102.213935 
1626.363699  	102.245910 
1627.795357  	102.193840 
1629.227016  	102.166293 
1630.658674  	102.191374 
1632.090332  	102.175952 
1633.521990  	102.065274 
1634.953648  	101.878578 
1636.385306  	101.820485 
1637.816965  	101.951833 
1639.248623  	102.003319 
1640.680281  	101.964362 
1642.111939  	101.877399 
1643.543597  	101.833706 
1644.975256  	101.775614 
1646.406914  	101.605913 
1647.838572  	101.558687 
1649.270230  	101.659869 
1650.701888  	101.626047 
1652.133547  	101.455289 
1653.565205  	101.401274 
1654.996863  	101.669333 
1656.428521  	101.715283 
1657.860179  	101.729645 
1659.291837  	101.765810 
1660.723496  	101.727423 
1662.155154  	101.637491 
1663.586812  	101.678809 
1665.018470  	101.745257 
1666.450128  	101.704407 
1667.881787  	101.622038 
1669.313445  	101.593234 
1670.745103  	101.675024 
1672.176761  	101.740893 
1673.608419  	101.754742 
1675.040077  	101.741701 
1676.471736  	101.701236 
1677.903394  	101.708667 
1679.335052  	101.701680 
1680.766710  	101.650012 
1682.198368  	101.602009 
1683.630027  	101.408011 
1685.061685  	101.353941 
1686.493343  	101.580136 
1687.925001  	101.535973 
1689.356659  	101.444401 
1690.788318  	101.469642 
1692.219976  	101.377919 
1693.651634  	101.214473 
1695.083292  	101.016313 
1696.514950  	100.832065 
1697.946608  	100.835091 
1699.378267  	100.649726 
1700.809925  	100.521051 
1702.241583  	100.746923 
1703.673241  	100.609521 
1705.104899  	100.388711 
1706.536558  	100.255359 
1707.968216  	100.090351 
1709.399874  	99.977780 
1710.831532  	99.817572 
1712.263190  	99.583542 
1713.694849  	99.387426 
1715.126507  	99.104980 
1716.558165  	98.917097 
1717.989823  	98.870919 
1719.421481  	98.689492 
1720.853139  	98.609317 
1722.284798  	98.401192 
1723.716456  	98.045131 
1725.148114  	97.900791 
1726.579772  	97.672321 
1728.011430  	97.350559 
1729.443089  	97.154754 
1730.874747  	96.870910 
1732.306405  	96.625615 
1733.738063  	96.380708 
1735.169721  	96.090873 
1736.601379  	95.982625 
1738.033038  	95.580924 
1739.464696  	95.058151 
1740.896354  	94.829804 
1742.328012  	94.377139 
1743.759670  	93.901164 
1745.191329  	93.431059 
1746.622987  	92.620091 
1748.054645  	91.818123 
1749.486303  	90.901658 
1750.917961  	89.751905 
1752.349620  	88.559983 
1753.781278  	86.990724 
1755.212936  	85.395268 
1756.644594  	83.580114 
1758.076252  	81.047532 
1759.507910  	78.847782 
1760.939569  	76.753283 
1762.371227  	74.125654 
1763.802885  	72.300324 
1765.234543  	71.218093 
1766.666201  	70.289264 
1768.097860  	70.106192 
1769.529518  	70.289842 
1770.961176  	70.533164 
1772.392834  	71.625373 
1773.824492  	72.727283 
1775.256150  	73.739476 
1776.687809  	75.276995 
1778.119467  	76.594894 
1779.551125  	77.972769 
1780.982783  	79.849579 
1782.414441  	81.370933 
1783.846100  	82.925414 
1785.277758  	84.718776 
1786.709416  	86.245195 
1788.141074  	87.990494 
1789.572732  	89.647278 
1791.004391  	91.032584 
1792.436049  	92.964715 
1793.867707  	94.552862 
1795.299365  	95.762345 
1796.731023  	97.113346 
1798.162681  	97.967227 
1799.594340  	98.860589 
1801.025998  	99.819475 
1802.457656  	100.260942 
1803.889314  	100.883417 
1805.320972  	101.303734 
1806.752631  	101.507103 
1808.184289  	101.958439 
1809.615947  	102.075458 
1811.047605  	102.218341 
1812.479263  	102.559534 
1813.910922  	102.605671 
1815.342580  	102.859279 
1816.774238  	102.985739 
1818.205896  	102.847476 
1819.637554  	103.069754 
1821.069212  	103.087777 
1822.500871  	103.046259 
1823.932529  	103.195225 
1825.364187  	103.034721 
1826.795845  	103.184007 
1828.227503  	103.385838 
1829.659162  	103.190178 
1831.090820  	103.343208 
1832.522478  	103.444473 
1833.954136  	103.377769 
1835.385794  	103.481517 
1836.817452  	103.414642 
1838.249111  	103.453900 
1839.680769  	103.556469 
1841.112427  	103.421199 
1842.544085  	103.468662 
1843.975743  	103.423394 
1845.407402  	103.306826 
1846.839060  	103.505549 
1848.270718  	103.460933 
1849.702376  	103.472967 
1851.134034  	103.594916 
1852.565693  	103.478307 
1853.997351  	103.575833 
1855.429009  	103.591516 
1856.860667  	103.367912 
1858.292325  	103.457993 
1859.723983  	103.483399 
1861.155642  	103.446980 
1862.587300  	103.541985 
1864.018958  	103.416764 
1865.450616  	103.393144 
1866.882274  	103.406238 
1868.313933  	103.258760 
1869.745591  	103.379568 
1871.177249  	103.335500 
1872.608907  	103.266364 
1874.040565  	103.461638 
1875.472224  	103.416110 
1876.903882  	103.313414 
1878.335540  	103.277326 
1879.767198  	103.181340 
1881.198856  	103.328253 
1882.630514  	103.291070 
1884.062173  	103.041230 
1885.493831  	103.082381 
1886.925489  	103.070386 
1888.357147  	103.024937 
1889.788805  	103.030232 
1891.220464  	102.866932 
1892.652122  	102.881065 
1894.083780  	102.867183 
1895.515438  	102.744793 
1896.947096  	102.868883 
1898.378754  	102.906003 
1899.810413  	102.874498 
1901.242071  	102.908268 
1902.673729  	102.885120 
1904.105387  	103.048983 
1905.537045  	103.120163 
1906.968704  	103.024356 
1908.400362  	103.124448 
1909.832020  	103.091456 
1911.263678  	103.147786 
1912.695336  	103.387251 
1914.126995  	103.282895 
1915.558653  	103.289337 
1916.990311  	103.487243 
1918.421969  	103.509770 
1919.853627  	103.628965 
1921.285285  	103.594889 
1922.716944  	103.511443 
1924.148602  	103.602036 
1925.580260  	103.443653 
1927.011918  	103.523410 
1928.443576  	103.813594 
1929.875235  	103.689769 
1931.306893  	103.623177 
1932.738551  	103.560476 
1934.170209  	103.453470 
1935.601867  	103.610634 
1937.033525  	103.516592 
1938.465184  	103.513421 
1939.896842  	103.802241 
1941.328500  	103.695706 
1942.760158  	103.634143 
1944.191816  	103.622726 
1945.623475  	103.388976 
1947.055133  	103.531134 
1948.486791  	103.648771 
1949.918449  	103.530893 
1951.350107  	103.478248 
1952.781766  	103.294171 
1954.213424  	103.333087 
1955.645082  	103.501534 
1957.076740  	103.531353 
1958.508398  	103.681452 
1959.940056  	103.459563 
1961.371715  	103.250247 
1962.803373  	103.455210 
1964.235031  	103.311556 
1965.666689  	103.313119 
1967.098347  	103.461983 
1968.530006  	103.163758 
1969.961664  	103.103029 
1971.393322  	103.152918 
1972.824980  	103.340255 
1974.256638  	103.691958 
1975.688297  	103.489852 
1977.119955  	103.396779 
1978.551613  	103.247049 
1979.983271  	102.805429 
1981.414929  	103.118703 
1982.846587  	103.401059 
1984.278246  	103.351564 
1985.709904  	103.549334 
1987.141562  	103.573483 
1988.573220  	103.795665 
1990.004878  	103.936197 
1991.436537  	103.453855 
1992.868195  	103.463967 
1994.299853  	103.415416 
1995.731511  	103.116577 
1997.163169  	103.616911 
1998.594827  	103.833764 
2000.026486  	103.486547 
2001.458144  	103.477640 
2002.889802  	103.231132 
2004.321460  	102.884913 
2005.753118  	102.742008 
2007.184777  	102.703337 
2008.616435  	102.842801 
2010.048093  	102.719525 
2011.479751  	102.873543 
2012.911409  	103.237617 
2014.343068  	103.004629 
2015.774726  	103.194200 
2017.206384  	103.218042 
2018.638042  	102.551075 
2020.069700  	103.067513 
2021.501358  	103.625164 
2022.933017  	103.203052 
2024.364675  	103.214130 
2025.796333  	103.141873 
2027.227991  	103.157602 
2028.659649  	103.657701 
2030.091308  	103.548179 
2031.522966  	103.603055 
2032.954624  	104.014002 
2034.386282  	103.828397 
2035.817940  	103.418340 
2037.249599  	102.912759 
2038.681257  	102.773757 
2040.112915  	103.049834 
2041.544573  	103.147926 
2042.976231  	103.398151 
2044.407889  	103.512688 
2045.839548  	103.102361 
2047.271206  	102.793295 
2048.702864  	102.701057 
2050.134522  	102.963746 
2051.566180  	103.356456 
2052.997839  	103.413919 
2054.429497  	103.396615 
2055.861155  	103.178740 
2057.292813  	102.898228 
2058.724471  	103.097571 
2060.156129  	103.362456 
2061.587788  	103.435663 
2063.019446  	103.264826 
2064.451104  	102.856446 
2065.882762  	103.022802 
2067.314420  	103.355506 
2068.746079  	103.146167 
2070.177737  	103.094240 
2071.609395  	103.173949 
2073.041053  	103.205721 
2074.472711  	103.527841 
2075.904370  	103.655463 
2077.336028  	103.491947 
2078.767686  	103.442354 
2080.199344  	103.454952 
2081.631002  	103.476998 
2083.062660  	103.354228 
2084.494319  	103.276661 
2085.925977  	103.427861 
2087.357635  	103.409061 
2088.789293  	103.415721 
2090.220951  	103.582784 
2091.652610  	103.567024 
2093.084268  	103.625766 
2094.515926  	103.622289 
2095.947584  	103.366595 
2097.379242  	103.426590 
2098.810901  	103.596117 
2100.242559  	103.524184 
2101.674217  	103.515710 
2103.105875  	103.597161 
2104.537533  	103.696444 
2105.969191  	103.668224 
2107.400850  	103.444152 
2108.832508  	103.299808 
2110.264166  	103.344371 
2111.695824  	103.598122 
2113.127482  	103.714623 
2114.559141  	103.471168 
2115.990799  	103.460453 
2117.422457  	103.638923 
2118.854115  	103.607446 
2120.285773  	103.654024 
2121.717431  	103.753116 
2123.149090  	103.828508 
2124.580748  	103.849691 
2126.012406  	103.603223 
2127.444064  	103.594602 
2128.875722  	103.756956 
2130.307381  	103.591080 
2131.739039  	103.613929 
2133.170697  	103.575659 
2134.602355  	103.255908 
2136.034013  	103.527607 
2137.465672  	103.707689 
2138.897330  	103.314429 
2140.328988  	103.364412 
2141.760646  	103.716135 
2143.192304  	103.807781 
2144.623962  	103.611785 
2146.055621  	103.386469 
2147.487279  	103.402271 
2148.918937  	103.243951 
2150.350595  	103.170365 
2151.782253  	103.369069 
2153.213912  	103.163875 
2154.645570  	103.015994 
2156.077228  	102.797971 
2157.508886  	102.246780 
2158.940544  	102.661243 
2160.372202  	103.029228 
2161.803861  	102.693407 
2163.235519  	103.025993 
2164.667177  	103.165721 
2166.098835  	102.899089 
2167.530493  	102.845293 
2168.962152  	102.841560 
2170.393810  	103.270265 
2171.825468  	103.674837 
2173.257126  	103.396834 
2174.688784  	103.026892 
2176.120443  	102.752955 
2177.552101  	102.961475 
2178.983759  	103.573258 
2180.415417  	103.591023 
2181.847075  	103.144412 
2183.278733  	102.829300 
2184.710392  	103.003113 
2186.142050  	103.477553 
2187.573708  	103.328365 
2189.005366  	103.053017 
2190.437024  	103.106415 
2191.868683  	102.740283 
2193.300341  	102.552554 
2194.731999  	102.805604 
2196.163657  	102.789427 
2197.595315  	102.816560 
2199.026974  	102.884548 
2200.458632  	102.783797 
2201.890290  	102.895684 
2203.321948  	103.017793 
2204.753606  	103.005330 
2206.185264  	102.943622 
2207.616923  	102.800524 
2209.048581  	102.932701 
2210.480239  	103.315698 
2211.911897  	103.502514 
2213.343555  	103.369209 
2214.775214  	103.112747 
2216.206872  	103.070681 
2217.638530  	103.050706 
2219.070188  	103.043042 
2220.501846  	103.232448 
2221.933504  	103.062794 
2223.365163  	102.816410 
2224.796821  	103.054441 
2226.228479  	103.145214 
2227.660137  	103.163355 
2229.091795  	103.307273 
2230.523454  	103.022830 
2231.955112  	102.756954 
2233.386770  	102.804034 
2234.818428  	102.803920 
2236.250086  	102.926040 
2237.681745  	103.087831 
2239.113403  	103.130695 
2240.545061  	103.187724 
2241.976719  	103.154816 
2243.408377  	103.140414 
2244.840035  	103.170506 
2246.271694  	103.095548 
2247.703352  	103.072580 
2249.135010  	103.046855 
2250.566668  	102.986569 
2251.998326  	102.991296 
2253.429985  	103.006482 
2254.861643  	103.190767 
2256.293301  	103.449926 
2257.724959  	103.452641 
2259.156617  	103.337567 
2260.588276  	103.268467 
2262.019934  	103.339430 
2263.451592  	103.534604 
2264.883250  	103.583369 
2266.314908  	103.499307 
2267.746566  	103.422167 
2269.178225  	103.427243 
2270.609883  	103.528541 
2272.041541  	103.538309 
2273.473199  	103.576120 
2274.904857  	103.624414 
2276.336516  	103.425376 
2277.768174  	103.396642 
2279.199832  	103.645796 
2280.631490  	103.741782 
2282.063148  	103.731142 
2283.494806  	103.628025 
2284.926465  	103.541590 
2286.358123  	103.693785 
2287.789781  	103.763027 
2289.221439  	103.739419 
2290.653097  	103.790282 
2292.084756  	103.664369 
2293.516414  	103.501114 
2294.948072  	103.457157 
2296.379730  	103.415953 
2297.811388  	103.512788 
2299.243047  	103.634296 
2300.674705  	103.593437 
2302.106363  	103.580160 
2303.538021  	103.608249 
2304.969679  	103.573907 
2306.401337  	103.491670 
2307.832996  	103.406586 
2309.264654  	103.355418 
2310.696312  	103.272016 
2312.127970  	103.271863 
2313.559628  	103.401493 
2314.991287  	103.362340 
2316.422945  	103.220955 
2317.854603  	103.173057 
2319.286261  	103.104441 
2320.717919  	103.024768 
2322.149577  	102.944663 
2323.581236  	102.893595 
2325.012894  	102.911350 
2326.444552  	102.822574 
2327.876210  	102.720575 
2329.307868  	102.720285 
2330.739527  	102.663215 
2332.171185  	102.667471 
2333.602843  	102.742820 
2335.034501  	102.694992 
2336.466159  	102.648447 
2337.897818  	102.638161 
2339.329476  	102.634238 
2340.761134  	102.681461 
2342.192792  	102.697761 
2343.624450  	102.717380 
2345.056108  	102.718953 
2346.487767  	102.778621 
2347.919425  	103.031708 
2349.351083  	103.116352 
2350.782741  	102.897081 
2352.214399  	102.673660 
2353.646058  	102.532119 
2355.077716  	102.378651 
2356.509374  	102.216356 
2357.941032  	102.043001 
2359.372690  	102.123518 
2360.804349  	102.346072 
2362.236007  	102.319921 
2363.667665  	102.261322 
2365.099323  	102.300888 
2366.530981  	102.390039 
2367.962639  	102.523060 
2369.394298  	102.556971 
2370.825956  	102.590559 
2372.257614  	102.641834 
2373.689272  	102.676298 
2375.120930  	102.899575 
2376.552589  	103.138556 
2377.984247  	103.211888 
2379.415905  	103.310388 
2380.847563  	103.431737 
2382.279221  	103.545724 
2383.710879  	103.677456 
2385.142538  	103.737399 
2386.574196  	103.747816 
2388.005854  	103.724188 
2389.437512  	103.664449 
2390.869170  	103.640981 
2392.300829  	103.627787 
2393.732487  	103.639120 
2395.164145  	103.660482 
2396.595803  	103.629809 
2398.027461  	103.643452 
2399.459120  	103.628185 
2400.890778  	103.538932 
2402.322436  	103.586657 
2403.754094  	103.672931 
2405.185752  	103.648076 
2406.617410  	103.604847 
2408.049069  	103.543040 
2409.480727  	103.527906 
2410.912385  	103.569804 
2412.344043  	103.559869 
2413.775701  	103.573775 
2415.207360  	103.605792 
2416.639018  	103.616780 
2418.070676  	103.642779 
2419.502334  	103.584975 
2420.933992  	103.549918 
2422.365651  	103.653494 
2423.797309  	103.701107 
2425.228967  	103.695382 
2426.660625  	103.704674 
2428.092283  	103.642631 
2429.523941  	103.574348 
2430.955600  	103.553421 
2432.387258  	103.575228 
2433.818916  	103.668539 
2435.250574  	103.750988 
2436.682232  	103.764207 
2438.113891  	103.760704 
2439.545549  	103.766160 
2440.977207  	103.723172 
2442.408865  	103.638728 
2443.840523  	103.637803 
2445.272181  	103.648134 
2446.703840  	103.603024 
2448.135498  	103.657674 
2449.567156  	103.718101 
2450.998814  	103.683517 
2452.430472  	103.686277 
2453.862131  	103.642017 
2455.293789  	103.536235 
2456.725447  	103.523966 
2458.157105  	103.564113 
2459.588763  	103.605907 
2461.020422  	103.645445 
2462.452080  	103.711703 
2463.883738  	103.779854 
2465.315396  	103.672486 
2466.747054  	103.568717 
2468.178712  	103.684092 
2469.610371  	103.760877 
2471.042029  	103.752124 
2472.473687  	103.761839 
2473.905345  	103.714303 
2475.337003  	103.698131 
2476.768662  	103.695702 
2478.200320  	103.665745 
2479.631978  	103.745966 
2481.063636  	103.812525 
2482.495294  	103.782471 
2483.926953  	103.769428 
2485.358611  	103.751826 
2486.790269  	103.761853 
2488.221927  	103.768297 
2489.653585  	103.714050 
2491.085243  	103.726908 
2492.516902  	103.775542 
2493.948560  	103.829218 
2495.380218  	103.918243 
2496.811876  	103.904778 
2498.243534  	103.872607 
2499.675193  	103.897666 
2501.106851  	103.831960 
2502.538509  	103.798354 
2503.970167  	103.864672 
2505.401825  	103.871348 
2506.833483  	103.874470 
2508.265142  	103.928488 
2509.696800  	103.932280 
2511.128458  	103.856392 
2512.560116  	103.795225 
2513.991774  	103.828600 
2515.423433  	103.900443 
2516.855091  	104.004689 
2518.286749  	104.093353 
2519.718407  	104.002679 
2521.150065  	103.897605 
2522.581724  	103.943607 
2524.013382  	103.949203 
2525.445040  	103.889040 
2526.876698  	103.872800 
2528.308356  	103.891139 
2529.740014  	103.912894 
2531.171673  	103.878650 
2532.603331  	103.860848 
2534.034989  	103.904400 
2535.466647  	103.866586 
2536.898305  	103.807861 
2538.329964  	103.850302 
2539.761622  	103.925583 
2541.193280  	103.985740 
2542.624938  	104.009093 
2544.056596  	104.026134 
2545.488254  	104.049136 
2546.919913  	103.978303 
2548.351571  	103.882252 
2549.783229  	103.903423 
2551.214887  	104.007864 
2552.646545  	104.093512 
2554.078204  	104.087027 
2555.509862  	104.032116 
2556.941520  	104.022960 
2558.373178  	104.088287 
2559.804836  	104.162483 
2561.236495  	104.082893 
2562.668153  	103.954224 
2564.099811  	103.997557 
2565.531469  	104.078133 
2566.963127  	104.137509 
2568.394785  	104.184080 
2569.826444  	104.056603 
2571.258102  	103.927438 
2572.689760  	103.934310 
2574.121418  	103.917865 
2575.553076  	103.937824 
2576.984735  	103.978960 
2578.416393  	103.947539 
2579.848051  	103.940562 
2581.279709  	103.920175 
2582.711367  	103.925957 
2584.143026  	104.010621 
2585.574684  	103.997327 
2587.006342  	103.987107 
2588.438000  	104.066770 
2589.869658  	104.040110 
2591.301316  	104.002581 
2592.732975  	104.057288 
2594.164633  	104.053309 
2595.596291  	103.980453 
2597.027949  	103.935463 
2598.459607  	103.966542 
2599.891266  	103.996876 
2601.322924  	103.946277 
2602.754582  	103.937314 
2604.186240  	104.027961 
2605.617898  	104.100558 
2607.049556  	104.055095 
2608.481215  	103.934547 
2609.912873  	103.929778 
2611.344531  	104.009372 
2612.776189  	104.008261 
2614.207847  	104.010384 
2615.639506  	104.037298 
2617.071164  	104.052457 
2618.502822  	104.103183 
2619.934480  	104.072030 
2621.366138  	103.997325 
2622.797797  	104.036016 
2624.229455  	104.058004 
2625.661113  	104.047749 
2627.092771  	104.093274 
2628.524429  	104.093323 
2629.956087  	104.071299 
2631.387746  	104.092648 
2632.819404  	104.101091 
2634.251062  	104.093222 
2635.682720  	104.081731 
2637.114378  	104.104901 
2638.546037  	104.154392 
2639.977695  	104.142391 
2641.409353  	104.140206 
2642.841011  	104.186061 
2644.272669  	104.164334 
2645.704328  	104.131130 
2647.135986  	104.157255 
2648.567644  	104.150593 
2649.999302  	104.128186 
2651.430960  	104.151649 
2652.862618  	104.149347 
2654.294277  	104.114781 
2655.725935  	104.123640 
2657.157593  	104.126840 
2658.589251  	104.090985 
2660.020909  	104.104459 
2661.452568  	104.136052 
2662.884226  	104.109953 
2664.315884  	104.090569 
2665.747542  	104.095017 
2667.179200  	104.089583 
2668.610858  	104.092556 
2670.042517  	104.094295 
2671.474175  	104.106025 
2672.905833  	104.126708 
2674.337491  	104.119133 
2675.769149  	104.136756 
2677.200808  	104.168783 
2678.632466  	104.137031 
2680.064124  	104.105446 
2681.495782  	104.109296 
2682.927440  	104.113602 
2684.359099  	104.140991 
2685.790757  	104.157729 
2687.222415  	104.139159 
2688.654073  	104.138339 
2690.085731  	104.140859 
2691.517389  	104.121182 
2692.949048  	104.101240 
2694.380706  	104.084290 
2695.812364  	104.090387 
2697.244022  	104.132581 
2698.675680  	104.150501 
2700.107339  	104.113174 
2701.538997  	104.097335 
2702.970655  	104.137250 
2704.402313  	104.158285 
2705.833971  	104.137461 
2707.265630  	104.109320 
2708.697288  	104.083288 
2710.128946  	104.061452 
2711.560604  	104.018577 
2712.992262  	103.983927 
2714.423920  	104.017506 
2715.855579  	104.035398 
2717.287237  	104.008383 
2718.718895  	104.042124 
2720.150553  	104.098326 
2721.582211  	104.097050 
2723.013870  	104.077487 
2724.445528  	104.069122 
2725.877186  	104.067333 
2727.308844  	104.060806 
2728.740502  	104.056575 
2730.172160  	104.053454 
2731.603819  	104.022866 
2733.035477  	104.028849 
2734.467135  	104.084791 
2735.898793  	104.084039 
2737.330451  	104.072309 
2738.762110  	104.090853 
2740.193768  	104.058497 
2741.625426  	104.049858 
2743.057084  	104.105289 
2744.488742  	104.100283 
2745.920401  	104.055134 
2747.352059  	104.060285 
2748.783717  	104.094272 
2750.215375  	104.115323 
2751.647033  	104.110010 
2753.078691  	104.099296 
2754.510350  	104.087580 
2755.942008  	104.049022 
2757.373666  	104.027915 
2758.805324  	104.065516 
2760.236982  	104.094106 
2761.668641  	104.062440 
2763.100299  	104.014414 
2764.531957  	103.981787 
2765.963615  	103.965179 
2767.395273  	103.984870 
2768.826931  	104.001168 
2770.258590  	103.961721 
2771.690248  	103.927120 
2773.121906  	103.923583 
2774.553564  	103.905318 
2775.985222  	103.893998 
2777.416881  	103.907064 
2778.848539  	103.926243 
2780.280197  	103.944771 
2781.711855  	103.948912 
2783.143513  	103.948892 
2784.575172  	103.934150 
2786.006830  	103.898067 
2787.438488  	103.905796 
2788.870146  	103.943908 
2790.301804  	103.963884 
2791.733462  	103.991885 
2793.165121  	103.998526 
2794.596779  	103.980406 
2796.028437  	103.997447 
2797.460095  	104.008641 
2798.891753  	103.987729 
2800.323412  	103.988215 
2801.755070  	104.007559 
2803.186728  	104.005005 
2804.618386  	103.969740 
2806.050044  	103.932476 
2807.481703  	103.915974 
2808.913361  	103.921907 
2810.345019  	103.946764 
2811.776677  	103.928547 
2813.208335  	103.880764 
2814.639993  	103.904411 
2816.071652  	103.941756 
2817.503310  	103.931843 
2818.934968  	103.936137 
2820.366626  	103.939465 
2821.798284  	103.929068 
2823.229943  	103.928952 
2824.661601  	103.926074 
2826.093259  	103.931572 
2827.524917  	103.911296 
2828.956575  	103.879807 
2830.388233  	103.923475 
2831.819892  	103.950920 
2833.251550  	103.897964 
2834.683208  	103.861598 
2836.114866  	103.836085 
2837.546524  	103.795919 
2838.978183  	103.765193 
2840.409841  	103.741278 
2841.841499  	103.739486 
2843.273157  	103.714318 
2844.704815  	103.636222 
2846.136474  	103.565419 
2847.568132  	103.476132 
2848.999790  	103.356076 
2850.431448  	103.283534 
2851.863106  	103.271763 
2853.294764  	103.289887 
2854.726423  	103.301079 
2856.158081  	103.283736 
2857.589739  	103.244625 
2859.021397  	103.168679 
2860.453055  	103.082103 
2861.884714  	103.003869 
2863.316372  	102.881858 
2864.748030  	102.705387 
2866.179688  	102.492312 
2867.611346  	102.280528 
2869.043005  	102.098385 
2870.474663  	101.909204 
2871.906321  	101.774082 
2873.337979  	101.760516 
2874.769637  	101.788564 
2876.201295  	101.847205 
2877.632954  	101.974410 
2879.064612  	102.122156 
2880.496270  	102.254698 
2881.927928  	102.367095 
2883.359586  	102.486591 
2884.791245  	102.576373 
2886.222903  	102.540053 
2887.654561  	102.489059 
2889.086219  	102.515856 
2890.517877  	102.501862 
2891.949535  	102.476377 
2893.381194  	102.512406 
2894.812852  	102.532006 
2896.244510  	102.533567 
2897.676168  	102.547500 
2899.107826  	102.556623 
2900.539485  	102.558908 
2901.971143  	102.542648 
2903.402801  	102.532653 
2904.834459  	102.516755 
2906.266117  	102.426050 
2907.697776  	102.304839 
2909.129434  	102.220811 
2910.561092  	102.161488 
2911.992750  	102.093827 
2913.424408  	101.996703 
2914.856066  	101.926306 
2916.287725  	101.922677 
2917.719383  	101.909636 
2919.151041  	101.852067 
2920.582699  	101.799139 
2922.014357  	101.765133 
2923.446016  	101.704996 
2924.877674  	101.603495 
2926.309332  	101.489035 
2927.740990  	101.331763 
2929.172648  	101.172542 
2930.604306  	101.127112 
2932.035965  	101.097460 
2933.467623  	100.997340 
2934.899281  	100.960102 
2936.330939  	100.993604 
2937.762597  	101.037136 
2939.194256  	101.138176 
2940.625914  	101.239830 
2942.057572  	101.271807 
2943.489230  	101.292130 
2944.920888  	101.311497 
2946.352547  	101.299394 
2947.784205  	101.279588 
2949.215863  	101.256207 
2950.647521  	101.188780 
2952.079179  	101.083155 
2953.510837  	100.932896 
2954.942496  	100.639993 
2956.374154  	100.242543 
2957.805812  	99.870223 
2959.237470  	99.441571 
2960.669128  	98.913843 
2962.100787  	98.430056 
2963.532445  	98.034157 
2964.964103  	97.710795 
2966.395761  	97.474406 
2967.827419  	97.326857 
2969.259078  	97.319277 
2970.690736  	97.436590 
2972.122394  	97.599608 
2973.554052  	97.882340 
2974.985710  	98.293626 
2976.417368  	98.660442 
2977.849027  	98.987041 
2979.280685  	99.386972 
2980.712343  	99.830979 
2982.144001  	100.257725 
2983.575659  	100.642022 
2985.007318  	100.988248 
2986.438976  	101.322365 
2987.870634  	101.635427 
2989.302292  	101.920375 
2990.733950  	102.189104 
2992.165608  	102.433054 
2993.597267  	102.652047 
2995.028925  	102.851927 
2996.460583  	103.011412 
2997.892241  	103.142594 
2999.323899  	103.298135 
3000.755558  	103.449469 
3002.187216  	103.543287 
3003.618874  	103.622306 
3005.050532  	103.709385 
3006.482190  	103.782508 
3007.913849  	103.854725 
3009.345507  	103.914261 
3010.777165  	103.951526 
3012.208823  	104.002074 
3013.640481  	104.075191 
3015.072139  	104.128976 
3016.503798  	104.116109 
3017.935456  	104.083221 
3019.367114  	104.091891 
3020.798772  	104.089712 
3022.230430  	104.075508 
3023.662089  	104.082669 
3025.093747  	104.058123 
3026.525405  	104.006143 
3027.957063  	103.932287 
3029.388721  	103.827934 
3030.820380  	103.771224 
3032.252038  	103.703902 
3033.683696  	103.537119 
3035.115354  	103.395797 
3036.547012  	103.316933 
3037.978670  	103.215594 
3039.410329  	103.116659 
3040.841987  	103.062210 
3042.273645  	103.071096 
3043.705303  	103.152279 
3045.136961  	103.221980 
3046.568620  	103.221034 
3048.000278  	103.225867 
3049.431936  	103.275134 
3050.863594  	103.305724 
3052.295252  	103.315883 
3053.726910  	103.308947 
3055.158569  	103.240808 
3056.590227  	103.183937 
3058.021885  	103.177760 
3059.453543  	103.167783 
3060.885201  	103.224347 
3062.316860  	103.291191 
3063.748518  	103.246068 
3065.180176  	103.273532 
3066.611834  	103.416625 
3068.043492  	103.481277 
3069.475151  	103.517171 
3070.906809  	103.572598 
3072.338467  	103.588509 
3073.770125  	103.614583 
3075.201783  	103.646147 
3076.633441  	103.668916 
3078.065100  	103.724711 
3079.496758  	103.791652 
3080.928416  	103.856634 
3082.360074  	103.889864 
3083.791732  	103.888593 
3085.223391  	103.933648 
3086.655049  	103.994390 
3088.086707  	104.024966 
3089.518365  	104.067059 
3090.950023  	104.102251 
3092.381682  	104.120823 
3093.813340  	104.135154 
3095.244998  	104.137751 
3096.676656  	104.161833 
3098.108314  	104.203807 
3099.539972  	104.227037 
3100.971631  	104.209547 
3102.403289  	104.161385 
3103.834947  	104.144154 
3105.266605  	104.137353 
3106.698263  	104.123436 
3108.129922  	104.134666 
3109.561580  	104.101633 
3110.993238  	104.094561 
3112.424896  	104.216096 
3113.856554  	104.269684 
3115.288212  	104.194681 
3116.719871  	104.146836 
3118.151529  	104.147536 
3119.583187  	104.184701 
3121.014845  	104.196717 
3122.446503  	104.173636 
3123.878162  	104.232034 
3125.309820  	104.283127 
3126.741478  	104.278523 
3128.173136  	104.338163 
3129.604794  	104.388096 
3131.036453  	104.419820 
3132.468111  	104.483093 
3133.899769  	104.422769 
3135.331427  	104.288364 
3136.763085  	104.261942 
3138.194743  	104.317749 
3139.626402  	104.419514 
3141.058060  	104.507375 
3142.489718  	104.523843 
3143.921376  	104.552396 
3145.353034  	104.576088 
3146.784693  	104.512475 
3148.216351  	104.448834 
3149.648009  	104.455674 
3151.079667  	104.464859 
3152.511325  	104.470787 
3153.942983  	104.537516 
3155.374642  	104.612798 
3156.806300  	104.629475 
3158.237958  	104.633497 
3159.669616  	104.615211 
3161.101274  	104.559985 
3162.532933  	104.545964 
3163.964591  	104.551309 
3165.396249  	104.521246 
3166.827907  	104.511371 
3168.259565  	104.542616 
3169.691224  	104.574780 
3171.122882  	104.595431 
3172.554540  	104.603970 
3173.986198  	104.584007 
3175.417856  	104.542952 
3176.849514  	104.519447 
3178.281173  	104.492362 
3179.712831  	104.460796 
3181.144489  	104.482333 
3182.576147  	104.512977 
3184.007805  	104.541028 
3185.439464  	104.607733 
3186.871122  	104.614504 
3188.302780  	104.560970 
3189.734438  	104.551055 
3191.166096  	104.540756 
3192.597755  	104.522826 
3194.029413  	104.516284 
3195.461071  	104.481899 
3196.892729  	104.494756 
3198.324387  	104.577852 
3199.756045  	104.605576 
3201.187704  	104.547283 
3202.619362  	104.515864 
3204.051020  	104.601244 
3205.482678  	104.678042 
3206.914336  	104.614974 
3208.345995  	104.535405 
3209.777653  	104.522402 
3211.209311  	104.554390 
3212.640969  	104.609064 
3214.072627  	104.575118 
3215.504285  	104.517105 
3216.935944  	104.579573 
3218.367602  	104.601163 
3219.799260  	104.526620 
3221.230918  	104.543056 
3222.662576  	104.617195 
3224.094235  	104.609181 
3225.525893  	104.571109 
3226.957551  	104.601139 
3228.389209  	104.636755 
3229.820867  	104.605142 
3231.252526  	104.603520 
3232.684184  	104.645993 
3234.115842  	104.650956 
3235.547500  	104.669083 
3236.979158  	104.681161 
3238.410816  	104.636493 
3239.842475  	104.641634 
3241.274133  	104.688171 
3242.705791  	104.673647 
3244.137449  	104.637562 
3245.569107  	104.616505 
3247.000766  	104.577003 
3248.432424  	104.552733 
3249.864082  	104.614642 
3251.295740  	104.699188 
3252.727398  	104.707127 
3254.159057  	104.699028 
3255.590715  	104.699229 
3257.022373  	104.683895 
3258.454031  	104.725295 
3259.885689  	104.761791 
3261.317347  	104.720695 
3262.749006  	104.704175 
3264.180664  	104.710880 
3265.612322  	104.705222 
3267.043980  	104.691836 
3268.475638  	104.634042 
3269.907297  	104.621074 
3271.338955  	104.640809 
3272.770613  	104.581176 
3274.202271  	104.609182 
3275.633929  	104.737238 
3277.065587  	104.731811 
3278.497246  	104.667763 
3279.928904  	104.639473 
3281.360562  	104.586589 
3282.792220  	104.584242 
3284.223878  	104.624036 
3285.655537  	104.604342 
3287.087195  	104.582869 
3288.518853  	104.610984 
3289.950511  	104.653787 
3291.382169  	104.676243 
3292.813828  	104.647373 
3294.245486  	104.616440 
3295.677144  	104.656746 
3297.108802  	104.709272 
3298.540460  	104.691081 
3299.972118  	104.647677 
3301.403777  	104.648865 
3302.835435  	104.678741 
3304.267093  	104.685072 
3305.698751  	104.660537 
3307.130409  	104.656708 
3308.562068  	104.675804 
3309.993726  	104.672530 
3311.425384  	104.678273 
3312.857042  	104.694633 
3314.288700  	104.673749 
3315.720359  	104.656412 
3317.152017  	104.651513 
3318.583675  	104.653428 
3320.015333  	104.715641 
3321.446991  	104.772048 
3322.878649  	104.756882 
3324.310308  	104.718926 
3325.741966  	104.678709 
3327.173624  	104.674179 
3328.605282  	104.678038 
3330.036940  	104.633581 
3331.468599  	104.654326 
3332.900257  	104.728227 
3334.331915  	104.734699 
3335.763573  	104.743415 
3337.195231  	104.744346 
3338.626889  	104.683891 
3340.058548  	104.665303 
3341.490206  	104.695922 
3342.921864  	104.747228 
3344.353522  	104.821497 
3345.785180  	104.829929 
3347.216839  	104.781416 
3348.648497  	104.755496 
3350.080155  	104.737919 
3351.511813  	104.722530 
3352.943471  	104.726893 
3354.375130  	104.751945 
3355.806788  	104.766224 
3357.238446  	104.750854 
3358.670104  	104.765377 
3360.101762  	104.790383 
3361.533420  	104.754341 
3362.965079  	104.716190 
3364.396737  	104.738716 
3365.828395  	104.785204 
3367.260053  	104.786935 
3368.691711  	104.733477 
3370.123370  	104.673970 
3371.555028  	104.610232 
3372.986686  	104.595984 
3374.418344  	104.660614 
3375.850002  	104.660252 
3377.281660  	104.636071 
3378.713319  	104.721722 
3380.144977  	104.797703 
3381.576635  	104.827748 
3383.008293  	104.838464 
3384.439951  	104.765094 
3385.871610  	104.729694 
3387.303268  	104.787464 
3388.734926  	104.810447 
3390.166584  	104.817023 
3391.598242  	104.829957 
3393.029901  	104.847736 
3394.461559  	104.908018 
3395.893217  	104.923124 
3397.324875  	104.856115 
3398.756533  	104.797459 
3400.188191  	104.798995 
3401.619850  	104.841916 
3403.051508  	104.831103 
3404.483166  	104.769488 
3405.914824  	104.755275 
3407.346482  	104.736049 
3408.778141  	104.704897 
3410.209799  	104.751924 
3411.641457  	104.799924 
3413.073115  	104.753597 
3414.504773  	104.683109 
3415.936432  	104.709272 
3417.368090  	104.800771 
3418.799748  	104.799556 
3420.231406  	104.735753 
3421.663064  	104.729557 
3423.094722  	104.743654 
3424.526381  	104.788866 
3425.958039  	104.855508 
3427.389697  	104.819720 
3428.821355  	104.732882 
3430.253013  	104.693366 
3431.684672  	104.674776 
3433.116330  	104.714857 
3434.547988  	104.795461 
3435.979646  	104.794820 
3437.411304  	104.767284 
3438.842962  	104.800853 
3440.274621  	104.789359 
3441.706279  	104.721908 
3443.137937  	104.728145 
3444.569595  	104.769020 
3446.001253  	104.774178 
3447.432912  	104.787680 
3448.864570  	104.800309 
3450.296228  	104.814550 
3451.727886  	104.809211 
3453.159544  	104.721488 
3454.591203  	104.673938 
3456.022861  	104.719049 
3457.454519  	104.721925 
3458.886177  	104.715767 
3460.317835  	104.737291 
3461.749493  	104.709778 
3463.181152  	104.688645 
3464.612810  	104.729788 
3466.044468  	104.797918 
3467.476126  	104.824788 
3468.907784  	104.758045 
3470.339443  	104.719770 
3471.771101  	104.757984 
3473.202759  	104.751931 
3474.634417  	104.720266 
3476.066075  	104.695207 
3477.497734  	104.648362 
3478.929392  	104.642929 
3480.361050  	104.665230 
3481.792708  	104.647305 
3483.224366  	104.634470 
3484.656024  	104.685512 
3486.087683  	104.793356 
3487.519341  	104.893277 
3488.950999  	104.918727 
3490.382657  	104.873382 
3491.814315  	104.822756 
3493.245974  	104.838616 
3494.677632  	104.822329 
3496.109290  	104.672808 
3497.540948  	104.562642 
3498.972606  	104.589117 
3500.404264  	104.639720 
3501.835923  	104.639528 
3503.267581  	104.571397 
3504.699239  	104.560525 
3506.130897  	104.645368 
3507.562555  	104.675204 
3508.994214  	104.662241 
3510.425872  	104.645572 
3511.857530  	104.632130 
3513.289188  	104.695367 
3514.720846  	104.718051 
3516.152505  	104.657253 
3517.584163  	104.652531 
3519.015821  	104.629253 
3520.447479  	104.593000 
3521.879137  	104.618950 
3523.310795  	104.560726 
3524.742454  	104.506480 
3526.174112  	104.578317 
3527.605770  	104.584477 
3529.037428  	104.551034 
3530.469086  	104.578637 
3531.900745  	104.591333 
3533.332403  	104.600554 
3534.764061  	104.604512 
3536.195719  	104.599426 
3537.627377  	104.609234 
3539.059035  	104.564498 
3540.490694  	104.515123 
3541.922352  	104.559897 
3543.354010  	104.611225 
3544.785668  	104.588663 
3546.217326  	104.544430 
3547.648985  	104.542728 
3549.080643  	104.559662 
3550.512301  	104.569184 
3551.943959  	104.609116 
3553.375617  	104.646849 
3554.807276  	104.634509 
3556.238934  	104.609107 
3557.670592  	104.561123 
3559.102250  	104.547263 
3560.533908  	104.611273 
3561.965566  	104.591210 
3563.397225  	104.471041 
3564.828883  	104.411134 
3566.260541  	104.418672 
3567.692199  	104.497985 
3569.123857  	104.644165 
3570.555516  	104.704256 
3571.987174  	104.672917 
3573.418832  	104.639270 
3574.850490  	104.665426 
3576.282148  	104.685078 
3577.713807  	104.619509 
3579.145465  	104.528059 
3580.577123  	104.519245 
3582.008781  	104.620770 
3583.440439  	104.715125 
3584.872097  	104.673768 
3586.303756  	104.551495 
3587.735414  	104.491904 
3589.167072  	104.557990 
3590.598730  	104.645778 
3592.030388  	104.674944 
3593.462047  	104.617297 
3594.893705  	104.552704 
3596.325363  	104.642271 
3597.757021  	104.768935 
3599.188679  	104.713010 
3600.620337  	104.627299 
3602.051996  	104.697763 
3603.483654  	104.734386 
3604.915312  	104.716214 
3606.346970  	104.720678 
3607.778628  	104.621754 
3609.210287  	104.567339 
3610.641945  	104.699881 
3612.073603  	104.682169 
3613.505261  	104.568048 
3614.936919  	104.640609 
3616.368578  	104.704347 
3617.800236  	104.634201 
3619.231894  	104.587513 
3620.663552  	104.642388 
3622.095210  	104.644607 
3623.526868  	104.604687 
3624.958527  	104.634988 
3626.390185  	104.646687 
3627.821843  	104.470580 
3629.253501  	104.247979 
3630.685159  	104.462419 
3632.116818  	104.630076 
3633.548476  	104.655400 
3634.980134  	104.715932 
3636.411792  	104.778112 
3637.843450  	104.795599 
3639.275109  	104.869324 
3640.706767  	104.875288 
3642.138425  	104.706314 
3643.570083  	104.653132 
3645.001741  	104.701857 
3646.433399  	104.554393 
3647.865058  	104.442797 
3649.296716  	104.521358 
3650.728374  	104.391062 
3652.160032  	104.511292 
3653.591690  	104.718331 
3655.023349  	104.643580 
3656.455007  	104.518791 
3657.886665  	104.642671 
3659.318323  	104.722296 
3660.749981  	104.688519 
3662.181639  	104.708637 
3663.613298  	104.796094 
3665.044956  	104.730898 
3666.476614  	104.571100 
3667.908272  	104.555553 
3669.339930  	104.489598 
3670.771589  	104.316327 
3672.203247  	104.474693 
3673.634905  	104.481666 
3675.066563  	104.173442 
3676.498221  	104.284051 
3677.929880  	104.665877 
3679.361538  	104.721365 
3680.793196  	104.739626 
3682.224854  	104.734180 
3683.656512  	104.653986 
3685.088170  	104.576884 
3686.519829  	104.514412 
3687.951487  	104.409139 
3689.383145  	104.407866 
3690.814803  	104.576943 
3692.246461  	104.683557 
3693.678120  	104.750657 
3695.109778  	104.837812 
3696.541436  	104.877410 
3697.973094  	104.852009 
3699.404752  	104.852284 
3700.836411  	104.880654 
3702.268069  	104.884928 
3703.699727  	104.846205 
3705.131385  	104.803440 
3706.563043  	104.755638 
3707.994701  	104.693657 
3709.426360  	104.687208 
3710.858018  	104.668194 
3712.289676  	104.551474 
3713.721334  	104.666709 
3715.152992  	104.872704 
3716.584651  	104.864315 
3718.016309  	104.822374 
3719.447967  	104.882211 
3720.879625  	104.835815 
3722.311283  	104.688621 
3723.742941  	104.668118 
3725.174600  	104.711569 
3726.606258  	104.690202 
3728.037916  	104.724771 
3729.469574  	104.770445 
3730.901232  	104.663681 
3732.332891  	104.521932 
3733.764549  	104.566239 
3735.196207  	104.536493 
3736.627865  	104.495275 
3738.059523  	104.720807 
3739.491182  	104.857299 
3740.922840  	104.838377 
3742.354498  	104.736286 
3743.786156  	104.572380 
3745.217814  	104.488717 
3746.649472  	104.649455 
3748.081131  	104.638253 
3749.512789  	104.442529 
3750.944447  	104.351739 
3752.376105  	104.632090 
3753.807763  	104.895061 
3755.239422  	104.852777 
3756.671080  	104.730538 
3758.102738  	104.678427 
3759.534396  	104.749328 
3760.966054  	104.867099 
3762.397712  	104.879319 
3763.829371  	104.788403 
3765.261029  	104.702271 
3766.692687  	104.778391 
3768.124345  	104.863899 
3769.556003  	104.757732 
3770.987662  	104.684714 
3772.419320  	104.832166 
3773.850978  	104.932927 
3775.282636  	105.004091 
3776.714294  	105.050005 
3778.145953  	104.927724 
3779.577611  	104.804719 
3781.009269  	104.883356 
3782.440927  	104.924861 
3783.872585  	104.895770 
3785.304243  	104.904962 
3786.735902  	104.920926 
3788.167560  	104.949316 
3789.599218  	105.005838 
3791.030876  	105.004494 
3792.462534  	104.970647 
3793.894193  	104.993667 
3795.325851  	104.951942 
3796.757509  	104.819887 
3798.189167  	104.891961 
3799.620825  	104.926443 
3801.052484  	104.612337 
3802.484142  	104.457385 
3803.915800  	104.798344 
3805.347458  	104.908301 
3806.779116  	104.893801 
3808.210774  	104.966960 
3809.642433  	105.025388 
3811.074091  	104.996536 
3812.505749  	104.929254 
3813.937407  	104.903480 
3815.369065  	104.757004 
3816.800724  	104.531016 
3818.232382  	104.758273 
3819.664040  	104.887346 
3821.095698  	104.647622 
3822.527356  	104.730735 
3823.959014  	105.017666 
3825.390673  	104.965910 
3826.822331  	104.820753 
3828.253989  	104.838261 
3829.685647  	104.895645 
3831.117305  	104.875949 
3832.548964  	104.794288 
3833.980622  	104.699602 
3835.412280  	104.620403 
3836.843938  	104.661941 
3838.275596  	104.759797 
3839.707255  	104.747663 
3841.138913  	104.840444 
3842.570571  	104.925463 
3844.002229  	104.825117 
3845.433887  	104.847578 
3846.865545  	104.961793 
3848.297204  	104.922500 
3849.728862  	104.868954 
3851.160520  	104.810419 
3852.592178  	104.523046 
3854.023836  	104.213692 
3855.455495  	104.533641 
3856.887153  	104.779005 
3858.318811  	104.867395 
3859.750469  	104.889813 
3861.182127  	104.906365 
3862.613786  	104.887518 
3864.045444  	104.836748 
3865.477102  	104.803536 
3866.908760  	104.748399 
3868.340418  	104.676151 
3869.772076  	104.570493 
3871.203735  	104.637600 
3872.635393  	104.837928 
3874.067051  	104.848158 
3875.498709  	104.742332 
3876.930367  	104.858950 
3878.362026  	104.931001 
3879.793684  	104.728241 
3881.225342  	104.586287 
3882.657000  	104.749058 
3884.088658  	104.783725 
3885.520316  	104.648683 
3886.951975  	104.720839 
3888.383633  	104.924670 
3889.815291  	104.922653 
3891.246949  	104.827178 
3892.678607  	104.876155 
3894.110266  	104.926933 
3895.541924  	104.876538 
3896.973582  	104.781960 
3898.405240  	104.712690 
3899.836898  	104.781923 
3901.268557  	104.814085 
3902.700215  	104.648752 
3904.131873  	104.553235 
3905.563531  	104.637492 
3906.995189  	104.789051 
3908.426847  	104.954846 
3909.858506  	105.007420 
3911.290164  	104.962178 
3912.721822  	104.966707 
3914.153480  	104.938016 
3915.585138  	104.812299 
3917.016797  	104.727285 
3918.448455  	104.767264 
3919.880113  	104.826067 
3921.311771  	104.857068 
3922.743429  	104.854176 
3924.175088  	104.814194 
3925.606746  	104.827424 
3927.038404  	104.900834 
3928.470062  	104.887883 
3929.901720  	104.843425 
3931.333378  	104.892900 
3932.765037  	104.930054 
3934.196695  	104.878751 
3935.628353  	104.823011 
3937.060011  	104.779434 
3938.491669  	104.793658 
3939.923328  	104.860576 
3941.354986  	104.859010 
3942.786644  	104.823569 
3944.218302  	104.877196 
3945.649960  	104.945059 
3947.081618  	104.977269 
3948.513277  	105.023667 
3949.944935  	105.009117 
3951.376593  	104.901391 
3952.808251  	104.850678 
3954.239909  	104.878961 
3955.671568  	104.892839 
3957.103226  	104.906391 
3958.534884  	104.924525 
3959.966542  	104.909408 
3961.398200  	104.867677 
3962.829859  	104.835962 
3964.261517  	104.865311 
3965.693175  	104.859528 
3967.124833  	104.736164 
3968.556491  	104.693868 
3969.988149  	104.804151 
3971.419808  	104.884413 
3972.851466  	104.907728 
3974.283124  	104.904653 
3975.714782  	104.903935 
3977.146440  	104.970961 
3978.578099  	105.024999 
3980.009757  	105.049607 
3981.441415  	105.078866 
3982.873073  	104.998795 
3984.304731  	104.890781 
3985.736389  	104.910899 
3987.168048  	104.941338 
3988.599706  	104.908516 
3990.031364  	104.863739 
3991.463022  	104.817099 
3992.894680  	104.806997 
3994.326339  	104.849778 
3995.757997  	104.906949 
3997.189655  	104.907671 
3998.621313  	104.852607 
4000.052971  	104.892354 
4001.484630  	104.984941 
4002.916288  	104.902185 
4004.347946  	104.771102 
4005.779604  	104.837019 
4007.211262  	104.942699 
4008.642920  	104.904423 
4010.074579  	104.862852 
4011.506237  	104.909448 
4012.937895  	104.933789 
4014.369553  	104.935723 
4015.801211  	104.968356 
4017.232870  	104.965861 
4018.664528  	104.934391 
4020.096186  	104.930539 
4021.527844  	104.934303 
4022.959502  	104.949353 
4024.391161  	104.935258 
4025.822819  	104.874348 
4027.254477  	104.889619 
4028.686135  	104.935631 
4030.117793  	104.887324 
4031.549451  	104.858670 
4032.981110  	104.911491 
4034.412768  	104.942292 
4035.844426  	104.931160 
4037.276084  	104.894409 
4038.707742  	104.844203 
4040.139401  	104.835882 
4041.571059  	104.886868 
4043.002717  	104.945229 
4044.434375  	104.919392 
4045.866033  	104.795865 
4047.297691  	104.717201 
4048.729350  	104.746531 
4050.161008  	104.801645 
4051.592666  	104.846727 
4053.024324  	104.857428 
4054.455982  	104.806796 
4055.887641  	104.773519 
4057.319299  	104.774545 
4058.750957  	104.760133 
4060.182615  	104.815422 
4061.614273  	104.933122 
4063.045932  	104.950888 
4064.477590  	104.869672 
4065.909248  	104.762191 
4067.340906  	104.659928 
4068.772564  	104.628609 
4070.204222  	104.663923 
4071.635881  	104.745579 
4073.067539  	104.825105 
4074.499197  	104.776076 
4075.930855  	104.691177 
4077.362513  	104.725293 
4078.794172  	104.788581 
4080.225830  	104.816740 
4081.657488  	104.800655 
4083.089146  	104.744704 
4084.520804  	104.743630 
4085.952463  	104.748527 
4087.384121  	104.730388 
4088.815779  	104.805083 
4090.247437  	104.886822 
4091.679095  	104.904479 
4093.110753  	104.915364 
4094.542412  	104.867209 
4095.974070  	104.828929 
4097.405728  	104.848427 
4098.837386  	104.811037 
4100.269044  	104.827482 
4101.700703  	104.950256 
4103.132361  	104.988326 
4104.564019  	104.941355 
4105.995677  	104.879301 
4107.427335  	104.838067 
4108.858993  	104.906073 
4110.290652  	104.970687 
4111.722310  	104.935533 
4113.153968  	104.950354 
4114.585626  	105.013447 
4116.017284  	104.995421 
4117.448943  	104.955869 
4118.880601  	104.947924 
4120.312259  	104.919476 
4121.743917  	104.922096 
4123.175575  	104.982833 
4124.607234  	104.990725 
4126.038892  	104.988330 
4127.470550  	105.056396 
4128.902208  	105.040613 
4130.333866  	104.937196 
4131.765524  	104.933882 
4133.197183  	104.961965 
4134.628841  	104.918404 
4136.060499  	104.910343 
4137.492157  	104.961200 
4138.923815  	104.983234 
4140.355474  	104.962442 
4141.787132  	104.943542 
4143.218790  	104.941813 
4144.650448  	104.933293 
4146.082106  	104.913508 
4147.513764  	104.904429 
4148.945423  	104.932316 
4150.377081  	104.978282 
4151.808739  	104.987064 
4153.240397  	104.996919 
4154.672055  	105.032950 
4156.103714  	105.021843 
4157.535372  	104.994150 
4158.967030  	105.002754 
4160.398688  	105.014323 
4161.830346  	105.018652 
4163.262005  	104.990875 
4164.693663  	104.981271 
4166.125321  	105.051759 
4167.556979  	105.064279 
4168.988637  	104.993922 
4170.420295  	104.950355 
4171.851954  	104.884364 
4173.283612  	104.824042 
4174.715270  	104.846707 
4176.146928  	104.876209 
4177.578586  	104.903563 
4179.010245  	104.967944 
4180.441903  	105.010097 
4181.873561  	104.960940 
4183.305219  	104.871243 
4184.736877  	104.881295 
4186.168536  	104.926349 
4187.600194  	104.904248 
4189.031852  	104.943368 
4190.463510  	104.998303 
4191.895168  	104.978803 
4193.326826  	105.035057 
4194.758485  	105.104135 
4196.190143  	105.061049 
4197.621801  	104.984621 
4199.053459  	104.884369 
4200.485117  	104.834538 
4201.916776  	104.878751 
4203.348434  	104.898738 
4204.780092  	104.919076 
4206.211750  	104.907934 
4207.643408  	104.855733 
4209.075066  	104.957727 
4210.506725  	105.053393 
4211.938383  	104.955515 
4213.370041  	104.913837 
4214.801699  	104.968193 
4216.233357  	105.008800 
4217.665016  	105.090932 
4219.096674  	105.113631 
4220.528332  	105.022908 
4221.959990  	104.932521 
4223.391648  	104.853458 
4224.823307  	104.819579 
4226.254965  	104.881592 
4227.686623  	104.959134 
4229.118281  	104.977480 
4230.549939  	104.979893 
4231.981597  	105.024835 
4233.413256  	105.036566 
4234.844914  	104.973063 
4236.276572  	104.951659 
4237.708230  	104.990333 
4239.139888  	105.031737 
4240.571547  	105.067037 
4242.003205  	105.073794 
4243.434863  	105.074084 
4244.866521  	105.020038 
4246.298179  	104.876789 
4247.729838  	104.823350 
4249.161496  	104.886859 
4250.593154  	104.965760 
4252.024812  	105.071143 
4253.456470  	105.071777 
4254.888128  	104.965021 
4256.319787  	104.954519 
4257.751445  	104.975644 
4259.183103  	104.992529 
4260.614761  	105.056753 
4262.046419  	105.040687 
4263.478078  	105.011147 
4264.909736  	105.023856 
4266.341394  	104.956328 
4267.773052  	104.958456 
4269.204710  	105.062668 
4270.636368  	105.107490 
4272.068027  	105.187663 
4273.499685  	105.203993 
4274.931343  	105.015462 
4276.363001  	104.909286 
4277.794659  	104.937201 
4279.226318  	104.911005 
4280.657976  	104.919303 
4282.089634  	104.987866 
4283.521292  	105.017737 
4284.952950  	105.015822 
4286.384609  	105.002548 
4287.816267  	105.006734 
4289.247925  	105.010160 
4290.679583  	104.999597 
4292.111241  	105.044044 
4293.542899  	105.082047 
4294.974558  	105.079209 
4296.406216  	105.121903 
4297.837874  	105.121894 
4299.269532  	105.032044 
4300.701190  	104.949141 
4302.132849  	104.868657 
4303.564507  	104.847121 
4304.996165  	104.907365 
4306.427823  	104.926159 
4307.859481  	104.920372 
4309.291140  	104.880115 
4310.722798  	104.821572 
4312.154456  	104.963748 
4313.586114  	105.146220 
4315.017772  	105.094108 
4316.449430  	105.049715 
4317.881089  	105.075837 
4319.312747  	104.982914 
4320.744405  	104.917207 
4322.176063  	104.929014 
4323.607721  	104.932699 
4325.039380  	104.990518 
4326.471038  	104.963445 
4327.902696  	104.826518 
4329.334354  	104.864738 
4330.766012  	104.974948 
4332.197670  	104.910045 
4333.629329  	104.836870 
4335.060987  	104.882789 
4336.492645  	104.959913 
4337.924303  	105.010975 
4339.355961  	104.994667 
4340.787620  	104.981258 
4342.219278  	105.051869 
4343.650936  	105.056637 
4345.082594  	104.946023 
4346.514252  	104.921099 
4347.945911  	104.999740 
4349.377569  	105.020585 
4350.809227  	104.992882 
4352.240885  	105.027878 
4353.672543  	105.125801 
4355.104201  	105.175407 
4356.535860  	105.126243 
4357.967518  	105.074831 
4359.399176  	105.047956 
4360.830834  	104.982807 
4362.262492  	104.934509 
4363.694151  	104.929937 
4365.125809  	104.928727 
4366.557467  	105.003261 
4367.989125  	105.110162 
4369.420783  	105.071350 
4370.852441  	104.933923 
4372.284100  	104.868879 
4373.715758  	104.941104 
4375.147416  	105.099868 
4376.579074  	105.175344 
4378.010732  	105.105835 
4379.442391  	105.049432 
4380.874049  	105.096805 
4382.305707  	105.174236 
4383.737365  	105.166638 
4385.169023  	105.056677 
4386.600682  	104.999429 
4388.032340  	105.075226 
4389.463998  	105.136524 
4390.895656  	105.089606 
4392.327314  	105.034626 
4393.758972  	105.027007 
4395.190631  	105.005951 
4396.622289  	105.012878 
4398.053947  	105.090866 
4399.485605  	105.078199 
4400.917263  	104.967523 
4402.348922  	104.961663 
4403.780580  	104.999966 
4405.212238  	104.996103 
4406.643896  	105.075953 
4408.075554  	105.129789 
4409.507213  	105.004345 
4410.938871  	104.894830 
4412.370529  	104.922787 
4413.802187  	104.976608 
4415.233845  	105.027909 
4416.665503  	105.096222 
4418.097162  	105.107608 
4419.528820  	105.021827 
4420.960478  	104.939382 
4422.392136  	104.920770 
4423.823794  	104.910253 
4425.255453  	104.950980 
4426.687111  	105.057441 
4428.118769  	105.059666 
4429.550427  	104.972198 
4430.982085  	104.975539 
4432.413743  	105.024834 
4433.845402  	104.994461 
4435.277060  	104.923353 
4436.708718  	104.941616 
4438.140376  	105.082012 
4439.572034  	105.180730 
4441.003693  	105.165959 
4442.435351  	105.159641 
4443.867009  	105.147324 
4445.298667  	105.107690 
4446.730325  	105.140606 
4448.161984  	105.160816 
4449.593642  	105.128325 
4451.025300  	105.182091 
4452.456958  	105.186214 
4453.888616  	105.063426 
4455.320274  	105.126602 
4456.751933  	105.329563 
4458.183591  	105.315941 
4459.615249  	105.182321 
4461.046907  	105.117227 
4462.478565  	105.060729 
4463.910224  	105.058635 
4465.341882  	105.123845 
4466.773540  	105.139511 
4468.205198  	105.120748 
4469.636856  	105.114664 
4471.068515  	105.130916 
4472.500173  	105.147279 
4473.931831  	105.094362 
4475.363489  	105.066186 
4476.795147  	105.117796 
4478.226805  	105.127386 
4479.658464  	105.172758 
4481.090122  	105.265403 
4482.521780  	105.223184 
4483.953438  	105.181283 
4485.385096  	105.239167 
4486.816755  	105.197185 
4488.248413  	105.079223 
4489.680071  	105.040653 
4491.111729  	105.142480 
4492.543387  	105.319360 
4493.975045  	105.311150 
4495.406704  	105.164689 
4496.838362  	105.163600 
4498.270020  	105.220961 
4499.701678  	105.227639 
4501.133336  	105.204045 
4502.564995  	105.086645 
4503.996653  	105.019894 
4505.428311  	105.095552 
4506.859969  	105.147043 
4508.291627  	105.176228 
4509.723286  	105.196720 
4511.154944  	105.179589 
4512.586602  	105.257534 
4514.018260  	105.381640 
4515.449918  	105.412716 
4516.881576  	105.390103 
4518.313235  	105.309724 
4519.744893  	105.202917 
4521.176551  	105.166556 
4522.608209  	105.162544 
4524.039867  	105.187817 
4525.471526  	105.280018 
4526.903184  	105.342366 
4528.334842  	105.285316 
4529.766500  	105.204053 
4531.198158  	105.244802 
4532.629817  	105.287439 
4534.061475  	105.180698 
4535.493133  	105.150166 
4536.924791  	105.274123 
4538.356449  	105.252620 
4539.788107  	105.098464 
4541.219766  	105.083424 
4542.651424  	105.188921 
4544.083082  	105.239555 
4545.514740  	105.214250 
4546.946398  	105.248692 
4548.378057  	105.371753 
4549.809715  	105.387002 
4551.241373  	105.243701 
4552.673031  	105.150781 
4554.104689  	105.194150 
4555.536347  	105.273239 
4556.968006  	105.295252 
4558.399664  	105.217817 
4559.831322  	105.108045 
4561.262980  	105.080981 
4562.694638  	105.097171 
4564.126297  	105.101012 
4565.557955  	105.191881 
4566.989613  	105.364381 
4568.421271  	105.428402 
4569.852929  	105.281043 
4571.284588  	105.041093 
4572.716246  	104.969723 
4574.147904  	105.111001 
4575.579562  	105.196908 
4577.011220  	105.153663 
4578.442878  	105.102366 
4579.874537  	105.050040 
4581.306195  	105.067694 
4582.737853  	105.179606 
4584.169511  	105.233910 
4585.601169  	105.196835 
4587.032828  	105.138453 
4588.464486  	105.146949 
4589.896144  	105.253163 
4591.327802  	105.291160 
4592.759460  	105.245961 
4594.191118  	105.228690 
4595.622777  	105.165730 
4597.054435  	105.128448 
4598.486093  	105.214067 
4599.917751  	105.238233 
4601.349409  	105.156334 
4602.781068  	105.079599 
4604.212726  	105.079011 
4605.644384  	105.205839 
4607.076042  	105.320957 
4608.507700  	105.356315 
4609.939359  	105.435845 
4611.371017  	105.460407 
4612.802675  	105.327182 
4614.234333  	105.185348 
4615.665991  	105.176015 
4617.097649  	105.286508 
4618.529308  	105.292521 
4619.960966  	105.150494 
4621.392624  	105.168301 
4622.824282  	105.269801 
4624.255940  	105.163188 
4625.687599  	105.080163 
4627.119257  	105.219536 
4628.550915  	105.298385 
4629.982573  	105.198207 
4631.414231  	105.121661 
4632.845890  	105.087695 
4634.277548  	104.998121 
4635.709206  	104.950124 
4637.140864  	104.988786 
4638.572522  	105.081573 
4640.004180  	105.254327 
4641.435839  	105.289028 
4642.867497  	105.129541 
4644.299155  	105.151840 
4645.730813  	105.272229 
4647.162471  	105.189809 
4648.594130  	105.126522 
4650.025788  	105.183477 
4651.457446  	105.222089 
4652.889104  	105.250990 
4654.320762  	105.230345 
4655.752420  	105.198352 
4657.184079  	105.186192 
4658.615737  	105.083014 
4660.047395  	105.011407 
4661.479053  	105.056217 
4662.910711  	105.106388 
4664.342370  	105.173895 
4665.774028  	105.163796 
4667.205686  	105.071197 
4668.637344  	105.134444 
4670.069002  	105.237541 
4671.500661  	105.202334 
4672.932319  	105.199145 
4674.363977  	105.286420 
4675.795635  	105.340598 
4677.227293  	105.275375 
4678.658951  	105.202240 
4680.090610  	105.294666 
4681.522268  	105.314605 
4682.953926  	105.142013 
4684.385584  	105.157325 
4685.817242  	105.305771 
4687.248901  	105.247245 
4688.680559  	105.127950 
4690.112217  	105.074884 
4691.543875  	105.064512 
4692.975533  	105.198132 
4694.407192  	105.291904 
4695.838850  	105.124209 
4697.270508  	104.985441 
4698.702166  	105.125444 
4700.133824  	105.333110 
4701.565482  	105.364791 
4702.997141  	105.272033 
4704.428799  	105.279106 
4705.860457  	105.389730 
4707.292115  	105.349848 
4708.723773  	105.199207 
4710.155432  	105.209461 
4711.587090  	105.291390 
4713.018748  	105.263320 
4714.450406  	105.233533 
4715.882064  	105.284492 
4717.313722  	105.370572 
4718.745381  	105.441827 
4720.177039  	105.451639 
4721.608697  	105.392465 
4723.040355  	105.261241 
4724.472013  	105.151907 
4725.903672  	105.184013 
4727.335330  	105.253957 
4728.766988  	105.302890 
4730.198646  	105.356572 
4731.630304  	105.316758 
4733.061963  	105.289548 
4734.493621  	105.382644 
4735.925279  	105.407371 
4737.356937  	105.387200 
4738.788595  	105.385419 
4740.220253  	105.289911 
4741.651912  	105.301818 
4743.083570  	105.476828 
4744.515228  	105.455541 
4745.946886  	105.257511 
4747.378544  	105.152903 
4748.810203  	105.163333 
4750.241861  	105.243173 
4751.673519  	105.272364 
4753.105177  	105.152685 
4754.536835  	105.084339 
4755.968493  	105.179282 
4757.400152  	105.197710 
4758.831810  	105.078394 
4760.263468  	105.090391 
4761.695126  	105.275845 
4763.126784  	105.429542 
4764.558443  	105.450507 
4765.990101  	105.324957 
4767.421759  	105.178315 
4768.853417  	105.140646 
4770.285075  	105.082913 
4771.716734  	105.012891 
4773.148392  	105.109060 
4774.580050  	105.261001 
4776.011708  	105.317239 
4777.443366  	105.301967 
4778.875024  	105.261898 
4780.306683  	105.254155 
4781.738341  	105.207702 
4783.169999  	105.095507 
4784.601657  	105.103934 
4786.033315  	105.230177 
4787.464974  	105.319599 
4788.896632  	105.340146 
4790.328290  	105.284059 
4791.759948  	105.236717 
4793.191606  	105.310860 
4794.623265  	105.439802 
4796.054923  	105.460653 
4797.486581  	105.311386 
4798.918239  	105.214703 
4800.349897  	105.303314 
4801.781555  	105.297323 
4803.213214  	105.171063 
4804.644872  	105.205827 
4806.076530  	105.316286 
4807.508188  	105.336611 
4808.939846  	105.338497 
4810.371505  	105.329726 
4811.803163  	105.284898 
4813.234821  	105.294180 
4814.666479  	105.381919 
4816.098137  	105.398074 
4817.529795  	105.305343 
4818.961454  	105.262208 
4820.393112  	105.255089 
4821.824770  	105.228092 
4823.256428  	105.264109 
4824.688086  	105.298206 
4826.119745  	105.297393 
4827.551403  	105.308021 
4828.983061  	105.234305 
4830.414719  	105.175044 
4831.846377  	105.251329 
4833.278036  	105.279335 
4834.709694  	105.233714 
4836.141352  	105.232637 
4837.573010  	105.274541 
4839.004668  	105.363945 
4840.436326  	105.432033 
4841.867985  	105.424130 
4843.299643  	105.368377 
4844.731301  	105.302465 
4846.162959  	105.343014 
4847.594617  	105.384874 
4849.026276  	105.261297 
4850.457934  	105.215559 
4851.889592  	105.287108 
4853.321250  	105.235844 
4854.752908  	105.160040 
4856.184567  	105.139308 
4857.616225  	105.163831 
4859.047883  	105.309126 
4860.479541  	105.361318 
4861.911199  	105.250417 
4863.342857  	105.291531 
4864.774516  	105.445772 
4866.206174  	105.488475 
4867.637832  	105.469016 
4869.069490  	105.375081 
4870.501148  	105.241310 
4871.932807  	105.318227 
4873.364465  	105.490596 
4874.796123  	105.381769 
4876.227781  	105.156192 
4877.659439  	105.176175 
4879.091097  	105.295112 
4880.522756  	105.306760 
4881.954414  	105.283632 
4883.386072  	105.236330 
4884.817730  	105.230876 
4886.249388  	105.399887 
4887.681047  	105.511924 
4889.112705  	105.340746 
4890.544363  	105.206951 
4891.976021  	105.296023 
4893.407679  	105.278498 
4894.839338  	105.168147 
4896.270996  	105.239615 
4897.702654  	105.315744 
4899.134312  	105.291931 
4900.565970  	105.311260 
4901.997628  	105.293895 
4903.429287  	105.258561 
4904.860945  	105.257390 
4906.292603  	105.211862 
4907.724261  	105.266176 
4909.155919  	105.350723 
4910.587578  	105.290372 
4912.019236  	105.334991 
4913.450894  	105.412377 
4914.882552  	105.291689 
4916.314210  	105.269448 
4917.745869  	105.408563 
4919.177527  	105.438418 
4920.609185  	105.337615 
4922.040843  	105.237984 
4923.472501  	105.317043 
4924.904159  	105.509176 
4926.335818  	105.588560 
4927.767476  	105.591565 
4929.199134  	105.530771 
4930.630792  	105.432262 
4932.062450  	105.369324 
4933.494109  	105.235062 
4934.925767  	105.195290 
4936.357425  	105.335458 
4937.789083  	105.333632 
4939.220741  	105.305196 
4940.652399  	105.405936 
4942.084058  	105.432137 
4943.515716  	105.452495 
4944.947374  	105.428429 
4946.379032  	105.288733 
4947.810690  	105.297943 
4949.242349  	105.345763 
4950.674007  	105.314359 
4952.105665  	105.424330 
4953.537323  	105.454709 
4954.968981  	105.255806 
4956.400640  	105.181619 
4957.832298  	105.252535 
4959.263956  	105.260443 
4960.695614  	105.283664 
4962.127272  	105.353834 
4963.558930  	105.310951 
4964.990589  	105.241951 
4966.422247  	105.335573 
4967.853905  	105.354022 
4969.285563  	105.183542 
4970.717221  	105.184364 
4972.148880  	105.348928 
4973.580538  	105.399376 
4975.012196  	105.379379 
4976.443854  	105.332371 
4977.875512  	105.290869 
4979.307170  	105.352475 
4980.738829  	105.402449 
4982.170487  	105.369551 
4983.602145  	105.361533 
4985.033803  	105.339226 
4986.465461  	105.252945 
4987.897120  	105.298104 
4989.328778  	105.473728 
4990.760436  	105.453563 
4992.192094  	105.390289 
4993.623752  	105.561406 
4995.055411  	105.547492 
4996.487069  	105.327296 
4997.918727  	105.412043 
4999.350385  	105.558252 
5000.782043  	105.485743 
5002.213701  	105.435893 
5003.645360  	105.420707 
5005.077018  	105.492121 
5006.508676  	105.667932 
5007.940334  	105.629727 
5009.371992  	105.439080 
5010.803651  	105.380058 
5012.235309  	105.399840 
5013.666967  	105.382238 
5015.098625  	105.348919 
5016.530283  	105.379101 
5017.961942  	105.440556 
5019.393600  	105.495987 
5020.825258  	105.565782 
5022.256916  	105.492651 
5023.688574  	105.367854 
5025.120232  	105.440429 
5026.551891  	105.516991 
5027.983549  	105.554731 
5029.415207  	105.628165 
5030.846865  	105.507754 
5032.278523  	105.390826 
5033.710182  	105.462427 
5035.141840  	105.380912 
5036.573498  	105.212412 
5038.005156  	105.225393 
5039.436814  	105.326733 
5040.868472  	105.404174 
5042.300131  	105.388270 
5043.731789  	105.328779 
5045.163447  	105.344936 
5046.595105  	105.462577 
5048.026763  	105.601131 
5049.458422  	105.472486 
5050.890080  	105.182842 
5052.321738  	105.171170 
5053.753396  	105.281876 
5055.185054  	105.358941 
5056.616713  	105.462741 
5058.048371  	105.350761 
5059.480029  	105.205299 
5060.911687  	105.284660 
5062.343345  	105.396889 
5063.775003  	105.600468 
5065.206662  	105.696198 
5066.638320  	105.448676 
5068.069978  	105.367571 
5069.501636  	105.449003 
5070.933294  	105.342078 
5072.364953  	105.315313 
5073.796611  	105.346885 
5075.228269  	105.331937 
5076.659927  	105.476679 
5078.091585  	105.544220 
5079.523244  	105.429648 
5080.954902  	105.352727 
5082.386560  	105.268289 
5083.818218  	105.259623 
5085.249876  	105.355656 
5086.681534  	105.370777 
5088.113193  	105.423733 
5089.544851  	105.511115 
5090.976509  	105.502915 
5092.408167  	105.569891 
5093.839825  	105.585660 
5095.271484  	105.398013 
5096.703142  	105.364046 
5098.134800  	105.464682 
5099.566458  	105.421875 
5100.998116  	105.409813 
5102.429774  	105.390276 
5103.861433  	105.273380 
5105.293091  	105.423666 
5106.724749  	105.627499 
5108.156407  	105.377744 
5109.588065  	105.136127 
5111.019724  	105.253748 
5112.451382  	105.282134 
5113.883040  	105.246547 
5115.314698  	105.503483 
5116.746356  	105.666498 
5118.178015  	105.297288 
5119.609673  	104.941760 
5121.041331  	105.186309 
5122.472989  	105.479087 
5123.904647  	105.300593 
5125.336305  	105.163757 
5126.767964  	105.311565 
5128.199622  	105.332813 
5129.631280  	105.229965 
5131.062938  	105.302656 
5132.494596  	105.521460 
5133.926255  	105.632457 
5135.357913  	105.544506 
5136.789571  	105.434866 
5138.221229  	105.410391 
5139.652887  	105.409247 
5141.084546  	105.339313 
5142.516204  	105.206989 
5143.947862  	105.236659 
5145.379520  	105.433109 
5146.811178  	105.499102 
5148.242836  	105.444048 
5149.674495  	105.446594 
5151.106153  	105.525628 
5152.537811  	105.554478 
5153.969469  	105.396003 
5155.401127  	105.334099 
5156.832786  	105.486826 
5158.264444  	105.363461 
5159.696102  	105.081079 
5161.127760  	105.098567 
5162.559418  	105.253364 
5163.991076  	105.383285 
5165.422735  	105.362897 
5166.854393  	105.190188 
5168.286051  	105.249002 
5169.717709  	105.405507 
5171.149367  	105.453244 
5172.581026  	105.652128 
5174.012684  	105.686502 
5175.444342  	105.353477 
5176.876000  	105.169577 
5178.307658  	105.192229 
5179.739317  	105.259194 
5181.170975  	105.413936 
5182.602633  	105.438952 
5184.034291  	105.349754 
5185.465949  	105.341307 
5186.897607  	105.325862 
5188.329266  	105.336808 
5189.760924  	105.372161 
5191.192582  	105.253505 
5192.624240  	105.248327 
5194.055898  	105.586399 
5195.487557  	105.736653 
5196.919215  	105.428294 
5198.350873  	105.333539 
5199.782531  	105.621441 
5201.214189  	105.620063 
5202.645847  	105.368468 
5204.077506  	105.332006 
5205.509164  	105.397100 
5206.940822  	105.415841 
5208.372480  	105.468414 
5209.804138  	105.497198 
5211.235797  	105.515164 
5212.667455  	105.618575 
5214.099113  	105.745962 
5215.530771  	105.717208 
5216.962429  	105.561040 
5218.394088  	105.505973 
5219.825746  	105.448516 
5221.257404  	105.253035 
5222.689062  	105.243902 
5224.120720  	105.442772 
5225.552378  	105.433506 
5226.984037  	105.264581 
5228.415695  	105.347913 
5229.847353  	105.587296 
5231.279011  	105.635342 
5232.710669  	105.490583 
5234.142328  	105.426504 
5235.573986  	105.445017 
5237.005644  	105.473230 
5238.437302  	105.481309 
5239.868960  	105.353896 
5241.300619  	105.247862 
5242.732277  	105.316670 
5244.163935  	105.382965 
5245.595593  	105.474442 
5247.027251  	105.584396 
5248.458909  	105.423032 
5249.890568  	105.266057 
5251.322226  	105.529389 
5252.753884  	105.761316 
5254.185542  	105.647956 
5255.617200  	105.497799 
5257.048859  	105.442521 
5258.480517  	105.431336 
5259.912175  	105.640111 
5261.343833  	105.773302 
5262.775491  	105.441774 
5264.207149  	105.250323 
5265.638808  	105.543406 
5267.070466  	105.711298 
5268.502124  	105.708078 
5269.933782  	105.682093 
5271.365440  	105.568308 
5272.797099  	105.566115 
5274.228757  	105.538726 
5275.660415  	105.335560 
5277.092073  	105.346613 
5278.523731  	105.475181 
5279.955390  	105.456463 
5281.387048  	105.581451 
5282.818706  	105.757706 
5284.250364  	105.745139 
5285.682022  	105.679471 
5287.113680  	105.470817 
5288.545339  	105.208659 
5289.976997  	105.243378 
5291.408655  	105.409181 
5292.840313  	105.383948 
5294.271971  	105.369878 
5295.703630  	105.500788 
5297.135288  	105.586452 
5298.566946  	105.542428 
5299.998604  	105.481600 
5301.430262  	105.385254 
5302.861921  	105.286023 
5304.293579  	105.435085 
5305.725237  	105.656477 
5307.156895  	105.575323 
5308.588553  	105.470021 
5310.020211  	105.603862 
5311.451870  	105.646798 
5312.883528  	105.563903 
5314.315186  	105.547805 
5315.746844  	105.476318 
5317.178502  	105.321894 
5318.610161  	105.331113 
5320.041819  	105.475399 
5321.473477  	105.522430 
5322.905135  	105.550826 
5324.336793  	105.621609 
5325.768451  	105.455492 
5327.200110  	105.144374 
5328.631768  	105.130781 
5330.063426  	105.215801 
5331.495084  	105.164863 
5332.926742  	105.256442 
5334.358401  	105.352613 
5335.790059  	105.242607 
5337.221717  	105.191933 
5338.653375  	105.213705 
5340.085033  	105.159106 
5341.516692  	105.148416 
5342.948350  	105.179127 
5344.380008  	105.167004 
5345.811666  	105.114633 
5347.243324  	105.192819 
5348.674982  	105.437478 
5350.106641  	105.549259 
5351.538299  	105.527229 
5352.969957  	105.546995 
5354.401615  	105.373690 
5355.833273  	105.342710 
5357.264932  	105.625283 
5358.696590  	105.523117 
5360.128248  	105.211299 
5361.559906  	105.280037 
5362.991564  	105.388762 
5364.423222  	105.442742 
5365.854881  	105.511084 
5367.286539  	105.353709 
5368.718197  	105.297167 
5370.149855  	105.453112 
5371.581513  	105.466425 
5373.013172  	105.479673 
5374.444830  	105.547633 
5375.876488  	105.500206 
5377.308146  	105.539703 
5378.739804  	105.723100 
5380.171463  	105.775701 
5381.603121  	105.630205 
5383.034779  	105.471729 
5384.466437  	105.409565 
5385.898095  	105.370223 
5387.329753  	105.554995 
5388.761412  	105.763046 
5390.193070  	105.579527 
5391.624728  	105.484189 
5393.056386  	105.654234 
5394.488044  	105.631629 
5395.919703  	105.662745 
5397.351361  	105.683157 
5398.783019  	105.502476 
5400.214677  	105.672516 
5401.646335  	105.829291 
5403.077994  	105.532785 
5404.509652  	105.429271 
5405.941310  	105.528067 
5407.372968  	105.590524 
5408.804626  	105.740218 
5410.236284  	105.592482 
5411.667943  	105.333380 
5413.099601  	105.566225 
5414.531259  	105.833702 
5415.962917  	105.700958 
5417.394575  	105.572856 
5418.826234  	105.846899 
5420.257892  	106.205400 
5421.689550  	105.976937 
5423.121208  	105.640485 
5424.552866  	105.727714 
5425.984524  	105.561941 
5427.416183  	105.129304 
5428.847841  	105.097444 
5430.279499  	105.397810 
5431.711157  	105.650246 
5433.142815  	105.736463 
5434.574474  	105.782351 
5436.006132  	105.926296 
5437.437790  	105.868857 
5438.869448  	105.605835 
5440.301106  	105.422248 
5441.732765  	105.441585 
5443.164423  	105.684290 
5444.596081  	105.660470 
5446.027739  	105.243862 
5447.459397  	105.207754 
5448.891055  	105.451279 
5450.322714  	105.423289 
5451.754372  	105.411513 
5453.186030  	105.457725 
5454.617688  	105.490831 
5456.049346  	105.711778 
5457.481005  	105.838199 
5458.912663  	105.755785 
5460.344321  	105.683037 
5461.775979  	105.438884 
5463.207637  	105.208803 
5464.639296  	105.325071 
5466.070954  	105.428904 
5467.502612  	105.386890 
5468.934270  	105.485283 
5470.365928  	105.582061 
5471.797586  	105.480418 
5473.229245  	105.386094 
5474.660903  	105.409489 
5476.092561  	105.505439 
5477.524219  	105.629745 
5478.955877  	105.716766 
5480.387536  	105.819486 
5481.819194  	105.872085 
5483.250852  	105.677895 
5484.682510  	105.444192 
5486.114168  	105.463429 
5487.545826  	105.645692 
5488.977485  	105.813955 
5490.409143  	105.836987 
5491.840801  	105.770324 
5493.272459  	105.762040 
5494.704117  	105.693291 
5496.135776  	105.580601 
5497.567434  	105.447037 
5498.999092  	105.160426 
5500.430750  	105.099547 
5501.862408  	105.409957 
5503.294067  	105.610118 
5504.725725  	105.727541 
5506.157383  	105.775241 
5507.589041  	105.495361 
5509.020699  	105.338173 
5510.452357  	105.606498 
5511.884016  	105.862222 
5513.315674  	105.800519 
5514.747332  	105.545874 
5516.178990  	105.635887 
5517.610648  	105.948763 
5519.042307  	105.732653 
5520.473965  	105.373339 
5521.905623  	105.299127 
5523.337281  	105.105898 
5524.768939  	105.097440 
5526.200598  	105.540497 
5527.632256  	105.888426 
5529.063914  	105.916278 
5530.495572  	105.625992 
5531.927230  	105.334718 
5533.358888  	105.492353 
5534.790547  	105.623736 
5536.222205  	105.462081 
5537.653863  	105.456136 
5539.085521  	105.459026 
5540.517179  	105.383908 
5541.948838  	105.488935 
5543.380496  	105.516141 
5544.812154  	105.431603 
5546.243812  	105.479455 
5547.675470  	105.500496 
5549.107128  	105.553536 
5550.538787  	105.759238 
5551.970445  	105.657906 
5553.402103  	105.211933 
5554.833761  	105.155513 
5556.265419  	105.510613 
5557.697078  	105.600875 
5559.128736  	105.503945 
5560.560394  	105.520846 
5561.992052  	105.408120 
5563.423710  	105.381616 
5564.855369  	105.685553 
5566.287027  	105.752523 
5567.718685  	105.491280 
5569.150343  	105.429307 
5570.582001  	105.600764 
5572.013659  	105.872751 
5573.445318  	106.041450 
5574.876976  	105.905779 
5576.308634  	105.810356 
5577.740292  	105.831592 
5579.171950  	105.675173 
5580.603609  	105.643973 
5582.035267  	105.744709 
5583.466925  	105.510318 
5584.898583  	105.351089 
5586.330241  	105.610898 
5587.761899  	105.786063 
5589.193558  	105.783518 
5590.625216  	105.822365 
5592.056874  	105.890573 
5593.488532  	105.997043 
5594.920190  	105.864523 
5596.351849  	105.421862 
5597.783507  	105.142157 
5599.215165  	105.040290 
5600.646823  	105.096705 
5602.078481  	105.486957 
5603.510140  	105.509132 
5604.941798  	104.935417 
5606.373456  	104.784307 
5607.805114  	105.134471 
5609.236772  	105.221684 
5610.668430  	105.163881 
5612.100089  	105.378529 
5613.531747  	105.632331 
5614.963405  	105.592167 
5616.395063  	105.513265 
5617.826721  	105.683868 
5619.258380  	105.745729 
5620.690038  	105.583703 
5622.121696  	105.517041 
5623.553354  	105.449236 
5624.985012  	105.377426 
5626.416671  	105.539178 
5627.848329  	105.702165 
5629.279987  	105.670395 
5630.711645  	105.468020 
5632.143303  	105.155440 
5633.574961  	105.180526 
5635.006620  	105.686077 
5636.438278  	106.064167 
5637.869936  	105.995859 
5639.301594  	105.802562 
5640.733252  	105.772567 
5642.164911  	105.765414 
5643.596569  	105.622180 
5645.028227  	105.515663 
5646.459885  	105.487803 
5647.891543  	105.442405 
5649.323201  	105.475168 
5650.754860  	105.440920 
5652.186518  	105.325006 
5653.618176  	105.431669 
5655.049834  	105.597753 
5656.481492  	105.674562 
5657.913151  	105.827555 
5659.344809  	105.848141 
5660.776467  	105.738702 
5662.208125  	105.728345 
5663.639783  	105.533098 
5665.071442  	105.260660 
5666.503100  	105.398692 
5667.934758  	105.737644 
5669.366416  	105.874380 
5670.798074  	105.776261 
5672.229732  	105.563536 
5673.661391  	105.464777 
5675.093049  	105.471410 
5676.524707  	105.446212 
5677.956365  	105.585066 
5679.388023  	105.818509 
5680.819682  	105.702425 
5682.251340  	105.431710 
5683.682998  	105.559702 
5685.114656  	105.857006 
5686.546314  	105.792064 
5687.977973  	105.594793 
5689.409631  	105.693564 
5690.841289  	105.861157 
5692.272947  	105.742334 
5693.704605  	105.482342 
5695.136263  	105.379597 
5696.567922  	105.406046 
5697.999580  	105.474098 
5699.431238  	105.596955 
5700.862896  	105.565225 
5702.294554  	105.385643 
5703.726213  	105.413406 
5705.157871  	105.549082 
5706.589529  	105.703264 
5708.021187  	105.931328 
5709.452845  	105.704354 
5710.884503  	105.234114 
5712.316162  	105.377750 
5713.747820  	105.579936 
5715.179478  	105.319237 
5716.611136  	105.126713 
5718.042794  	105.116268 
5719.474453  	105.583857 
5720.906111  	106.304183 
5722.337769  	106.143047 
5723.769427  	105.915949 
5725.201085  	106.481828 
5726.632744  	106.418960 
5728.064402  	105.833381 
5729.496060  	105.872044 
5730.927718  	105.917252 
5732.359376  	105.832469 
5733.791034  	105.859056 
5735.222693  	105.502454 
5736.654351  	105.344414 
5738.086009  	105.783088 
5739.517667  	106.039833 
5740.949325  	105.852485 
5742.380984  	105.449044 
5743.812642  	105.372144 
5745.244300  	105.717499 
5746.675958  	105.625808 
5748.107616  	105.466751 
5749.539275  	105.958256 
5750.970933  	106.300450 
5752.402591  	106.202264 
5753.834249  	105.884760 
5755.265907  	105.374281 
5756.697565  	105.363840 
5758.129224  	105.629405 
5759.560882  	105.387137 
5760.992540  	105.253307 
5762.424198  	105.490571 
5763.855856  	105.620375 
5765.287515  	105.656337 
5766.719173  	105.741873 
5768.150831  	106.125709 
5769.582489  	106.351750 
5771.014147  	105.836657 
5772.445805  	105.639406 
5773.877464  	106.061090 
5775.309122  	105.991595 
5776.740780  	105.812833 
5778.172438  	106.040734 
5779.604096  	106.209627 
5781.035755  	106.237235 
5782.467413  	105.977992 
5783.899071  	105.609673 
5785.330729  	105.629758 
5786.762387  	105.478593 
5788.194046  	105.126503 
5789.625704  	105.381972 
5791.057362  	105.844283 
5792.489020  	106.018070 
5793.920678  	106.153757 
5795.352336  	106.109056 
5796.783995  	105.823460 
5798.215653  	105.587350 
5799.647311  	105.343913 
5801.078969  	105.159110 
5802.510627  	105.436666 
5803.942286  	105.904680 
5805.373944  	105.727701 
5806.805602  	105.220699 
5808.237260  	105.414905 
5809.668918  	105.913357 
5811.100576  	105.661033 
5812.532235  	104.947664 
5813.963893  	104.704637 
5815.395551  	105.058851 
5816.827209  	105.496689 
5818.258867  	105.839519 
5819.690526  	106.164163 
5821.122184  	106.048046 
5822.553842  	105.560149 
5823.985500  	105.533563 
5825.417158  	105.997765 
5826.848817  	106.294245 
5828.280475  	106.191044 
5829.712133  	105.824336 
5831.143791  	105.516745 
5832.575449  	105.404645 
5834.007107  	105.322148 
5835.438766  	105.368371 
5836.870424  	105.664916 
5838.302082  	105.822707 
5839.733740  	105.573546 
5841.165398  	105.352403 
5842.597057  	105.330457 
5844.028715  	105.130866 
5845.460373  	105.138167 
5846.892031  	105.635345 
5848.323689  	105.808774 
5849.755348  	105.596502 
5851.187006  	105.543737 
5852.618664  	105.593562 
5854.050322  	105.734446 
5855.481980  	105.604335 
5856.913638  	105.191399 
5858.345297  	105.423424 
5859.776955  	105.575747 
5861.208613  	104.934368 
5862.640271  	104.893008 
5864.071929  	105.459539 
5865.503588  	105.786590 
5866.935246  	106.276096 
5868.366904  	106.374513 
5869.798562  	105.886456 
5871.230220  	105.917770 
5872.661878  	106.094951 
5874.093537  	105.996480 
5875.525195  	106.093303 
5876.956853  	106.010106 
5878.388511  	105.700362 
5879.820169  	105.517901 
5881.251828  	105.374187 
5882.683486  	105.529423 
5884.115144  	105.767215 
5885.546802  	105.646043 
5886.978460  	105.723154 
5888.410119  	105.986093 
5889.841777  	105.971444 
5891.273435  	106.091561 
5892.705093  	106.220779 
5894.136751  	105.939849 
5895.568409  	105.820943 
5897.000068  	105.786953 
5898.431726  	105.208318 
5899.863384  	104.825203 
5901.295042  	105.042190 
5902.726700  	105.070058 
5904.158359  	105.093464 
5905.590017  	105.424323 
5907.021675  	105.381004 
5908.453333  	105.205533 
5909.884991  	105.299431 
5911.316650  	105.207883 
5912.748308  	105.258696 
5914.179966  	105.561354 
5915.611624  	105.431360 
5917.043282  	105.156624 
5918.474940  	105.140647 
5919.906599  	105.170558 
5921.338257  	105.132709 
5922.769915  	104.917818 
5924.201573  	105.034718 
5925.633231  	105.708921 
5927.064890  	105.873899 
5928.496548  	105.697669 
5929.928206  	106.108643 
5931.359864  	106.221062 
5932.791522  	105.666507 
5934.223180  	105.751759 
5935.654839  	106.484229 
5937.086497  	106.574857 
5938.518155  	106.075621 
5939.949813  	105.899389 
5941.381471  	105.796261 
5942.813130  	105.495691 
5944.244788  	105.650092 
5945.676446  	105.740027 
5947.108104  	105.292382 
5948.539762  	105.305013 
5949.971421  	105.504262 
5951.403079  	105.343988 
5952.834737  	105.644977 
5954.266395  	105.744307 
5955.698053  	105.084600 
5957.129711  	105.174290 
5958.561370  	105.817865 
5959.993028  	105.909253 
5961.424686  	105.980569 
5962.856344  	105.945189 
5964.288002  	105.615873 
5965.719661  	105.653736 
5967.151319  	105.528868 
5968.582977  	105.126604 
5970.014635  	105.381199 
5971.446293  	105.917076 
5972.877951  	106.469365 
5974.309610  	107.211271 
5975.741268  	107.016900 
5977.172926  	105.903294 
5978.604584  	105.257439 
5980.036242  	105.153778 
5981.467901  	105.437544 
5982.899559  	106.017374 
5984.331217  	106.198134 
5985.762875  	106.119861 
5987.194533  	105.968098 
5988.626192  	105.564171 
5990.057850  	105.548605 
5991.489508  	105.896136 
5992.921166  	105.973858 
5994.352824  	106.029973 
5995.784482  	106.017534 
5997.216141  	106.010828 
5998.647799  	106.239329 
6000.079457  	105.870319 
6001.511115  	105.060034 
6002.942773  	104.834144 
6004.374432  	104.899798 
6005.806090  	105.088540 
6007.237748  	105.721624 
6008.669406  	106.316680 
6010.101064  	106.441738 
6011.532723  	106.153104 
6012.964381  	105.883475 
6014.396039  	106.020822 
6015.827697  	106.242595 
6017.259355  	106.416612 
6018.691013  	106.548404 
6020.122672  	106.082316 
6021.554330  	105.407553 
6022.985988  	105.453124 
6024.417646  	105.787810 
6025.849304  	105.723276 
6027.280963  	105.710779 
6028.712621  	106.180436 
6030.144279  	106.461712 
6031.575937  	106.169223 
6033.007595  	105.937975 
6034.439253  	105.812788 
6035.870912  	105.478574 
6037.302570  	105.205582 
6038.734228  	105.126221 
6040.165886  	105.375280 
6041.597544  	105.742378 
6043.029203  	105.608486 
6044.460861  	105.676824 
6045.892519  	106.233983 
6047.324177  	106.014173 
6048.755835  	105.510060 
6050.187494  	105.667220 
6051.619152  	105.457540 
6053.050810  	104.737654 
6054.482468  	104.705415 
6055.914126  	105.622387 
6057.345784  	106.707927 
6058.777443  	106.691069 
6060.209101  	105.783575 
6061.640759  	105.734100 
6063.072417  	106.142599 
6064.504075  	105.762078 
6065.935734  	105.704896 
6067.367392  	106.437232 
6068.799050  	106.483237 
6070.230708  	105.714422 
6071.662366  	105.345301 
6073.094025  	105.846546 
6074.525683  	106.399979 
6075.957341  	105.860595 
6077.388999  	105.013116 
6078.820657  	105.157209 
6080.252315  	105.338220 
6081.683974  	105.202098 
6083.115632  	105.711844 
6084.547290  	105.942577 
6085.978948  	105.307171 
6087.410606  	104.977593 
6088.842265  	105.047761 
6090.273923  	105.006906 
6091.705581  	104.866621 
6093.137239  	104.793563 
6094.568897  	105.258232 
6096.000555  	105.693874 
6097.432214  	105.126297 
6098.863872  	104.841239 
6100.295530  	105.758487 
6101.727188  	106.444089 
6103.158846  	106.204100 
6104.590505  	105.832510 
6106.022163  	105.610220 
6107.453821  	105.459739 
6108.885479  	105.387953 
6110.317137  	105.102808 
6111.748796  	104.915723 
6113.180454  	105.567690 
6114.612112  	105.982264 
6116.043770  	105.239666 
6117.475428  	105.299289 
6118.907086  	106.677896 
6120.338745  	106.694230 
6121.770403  	105.149733 
6123.202061  	104.625781 
6124.633719  	105.358532 
6126.065377  	105.653312 
6127.497036  	105.400913 
6128.928694  	105.589964 
6130.360352  	105.594069 
6131.792010  	104.933976 
6133.223668  	105.003722 
6134.655327  	105.613977 
6136.086985  	105.371128 
6137.518643  	105.056390 
6138.950301  	105.211389 
6140.381959  	105.266322 
6141.813617  	105.678616 
6143.245276  	106.140027 
6144.676934  	105.574553 
6146.108592  	105.107744 
6147.540250  	105.845382 
6148.971908  	106.427586 
6150.403567  	106.264059 
6151.835225  	106.647144 
6153.266883  	107.115065 
6154.698541  	106.488854 
6156.130199  	105.957732 
6157.561857  	105.739795 
6158.993516  	104.805912 
6160.425174  	104.575144 
6161.856832  	105.540916 
6163.288490  	106.005676 
6164.720148  	106.120524 
6166.151807  	106.247351 
6167.583465  	105.672207 
6169.015123  	105.082393 
6170.446781  	105.176277 
6171.878439  	105.907638 
6173.310098  	106.936323 
6174.741756  	106.920696 
6176.173414  	106.014592 
6177.605072  	105.987948 
6179.036730  	106.470278 
6180.468388  	106.381370 
6181.900047  	106.310252 
6183.331705  	106.366934 
6184.763363  	105.964906 
6186.195021  	105.585055 
6187.626679  	105.564280 
6189.058338  	105.435319 
6190.489996  	105.537740 
6191.921654  	106.145867 
6193.353312  	106.026696 
6194.784970  	105.127651 
6196.216628  	105.387640 
6197.648287  	106.763699 
6199.079945  	107.004486 
6200.511603  	106.028109 
6201.943261  	105.753073 
6203.374919  	106.198729 
6204.806578  	106.287111 
6206.238236  	106.155723 
6207.669894  	105.975262 
6209.101552  	105.729776 
6210.533210  	105.944842 
6211.964869  	106.488460 
6213.396527  	106.817512 
6214.828185  	106.581770 
6216.259843  	105.570033 
6217.691501  	104.911736 
6219.123159  	105.249987 
6220.554818  	105.371455 
6221.986476  	105.194293 
6223.418134  	105.297140 
6224.849792  	105.311938 
6226.281450  	105.716284 
6227.713109  	106.587142 
6229.144767  	106.601668 
6230.576425  	105.991987 
6232.008083  	105.946179 
6233.439741  	106.294922 
6234.871400  	106.244911 
6236.303058  	105.842275 
6237.734716  	105.940534 
6239.166374  	106.378538 
6240.598032  	106.316727 
6242.029690  	106.385414 
6243.461349  	106.723553 
6244.893007  	106.275161 
6246.324665  	105.658173 
6247.756323  	105.708387 
6249.187981  	105.537930 
6250.619640  	105.283775 
6252.051298  	105.692038 
6253.482956  	105.873289 
6254.914614  	105.544487 
6256.346272  	105.493864 
6257.777930  	105.379871 
6259.209589  	105.077935 
6260.641247  	105.434270 
6262.072905  	105.960875 
6263.504563  	105.597487 
6264.936221  	104.602575 
6266.367880  	104.133505 
6267.799538  	105.143715 
6269.231196  	106.357958 
6270.662854  	105.716036 
6272.094512  	104.429298 
6273.526171  	104.677149 
6274.957829  	105.777979 
6276.389487  	106.229436 
6277.821145  	106.028068 
6279.252803  	105.850366 
6280.684461  	105.865354 
6282.116120  	105.774135 
6283.547778  	105.656482 
6284.979436  	105.758528 
6286.411094  	105.972779 
6287.842752  	106.075105 
6289.274411  	105.782822 
6290.706069  	105.177968 
6292.137727  	104.898115 
6293.569385  	105.349489 
6295.001043  	105.995894 
6296.432702  	105.601742 
6297.864360  	104.768828 
6299.296018  	105.188072 
6300.727676  	105.870174 
6302.159334  	105.701271 
6303.590992  	105.920733 
6305.022651  	106.574519 
6306.454309  	106.369164 
6307.885967  	105.355647 
6309.317625  	104.530235 
6310.749283  	104.832581 
6312.180942  	105.604671 
6313.612600  	105.843688 
6315.044258  	105.981850 
6316.475916  	105.739374 
6317.907574  	104.915330 
6319.339232  	104.928844 
6320.770891  	105.750547 
6322.202549  	106.299508 
6323.634207  	106.407215 
6325.065865  	105.853235 
6326.497523  	105.185180 
6327.929182  	105.515871 
6329.360840  	106.317120 
6330.792498  	106.328003 
6332.224156  	105.965052 
6333.655814  	106.250028 
6335.087473  	105.949631 
6336.519131  	104.463118 
6337.950789  	104.414780 
6339.382447  	105.933691 
6340.814105  	106.347534 
6342.245763  	105.831185 
6343.677422  	105.264114 
6345.109080  	104.688751 
6346.540738  	104.998060 
6347.972396  	105.424668 
6349.404054  	104.971089 
6350.835713  	104.990387 
6352.267371  	105.928201 
6353.699029  	106.718704 
6355.130687  	106.706495 
6356.562345  	105.792542 
6357.994003  	105.053130 
6359.425662  	105.700015 
6360.857320  	106.796154 
6362.288978  	106.512165 
6363.720636  	105.217042 
6365.152294  	104.908497 
6366.583953  	105.382600 
6368.015611  	105.393807 
6369.447269  	105.465961 
6370.878927  	105.924141 
6372.310585  	105.633978 
6373.742244  	104.690887 
6375.173902  	104.787567 
6376.605560  	106.267478 
6378.037218  	106.843112 
6379.468876  	105.708350 
6380.900534  	105.290116 
6382.332193  	105.933830 
6383.763851  	106.202029 
6385.195509  	106.106624 
6386.627167  	105.632747 
6388.058825  	105.057495 
6389.490484  	105.020340 
6390.922142  	105.225695 
6392.353800  	105.553450 
6393.785458  	105.651786 
6395.217116  	105.591908 
6396.648775  	106.349919 
6398.080433  	106.456597 
6399.512091  	105.424746 
6400.943749  	105.669020 
6402.375407  	105.782003 
6403.807065  	104.311175 
6405.238724  	104.266914 
6406.670382  	105.198797 
6408.102040  	105.237481 
6409.533698  	106.016052 
6410.965356  	106.497093 
6412.397015  	105.517400 
6413.828673  	105.649966 
6415.260331  	106.289001 
6416.691989  	105.341230 
6418.123647  	104.385683 
6419.555305  	104.227852 
6420.986964  	104.318711 
6422.418622  	104.824171 
6423.850280  	105.070211 
6425.281938  	105.182156 
6426.713596  	105.855046 
6428.145255  	106.257516 
6429.576913  	106.038297 
6431.008571  	105.574774 
6432.440229  	105.407290 
6433.871887  	105.966226 
6435.303546  	105.918229 
6436.735204  	105.360217 
6438.166862  	105.989494 
6439.598520  	106.455599 
6441.030178  	106.222403 
6442.461836  	106.626602 
6443.893495  	106.273967 
6445.325153  	105.326473 
6446.756811  	105.521287 
6448.188469  	105.393655 
6449.620127  	105.170420 
6451.051786  	106.025218 
6452.483444  	105.985624 
6453.915102  	105.286858 
6455.346760  	105.586249 
6456.778418  	105.921183 
6458.210077  	106.059576 
6459.641735  	106.274052 
6461.073393  	105.693730 
6462.505051  	105.128185 
6463.936709  	105.558260 
6465.368367  	105.952161 
6466.800026  	106.187901 
6468.231684  	106.978855 
6469.663342  	107.053567 
6471.095000  	105.884566 
6472.526658  	105.454467 
6473.958317  	105.957124 
6475.389975  	106.165598 
6476.821633  	106.470081 
6478.253291  	106.267254 
6479.684949  	105.020766 
6481.116607  	104.785028 
6482.548266  	105.471205 
6483.979924  	105.202030 
6485.411582  	104.619383 
6486.843240  	104.695726 
6488.274898  	104.918935 
6489.706557  	104.938214 
6491.138215  	104.875386 
6492.569873  	104.901994 
6494.001531  	105.268930 
6495.433189  	105.713171 
6496.864848  	105.217257 
6498.296506  	104.484163 
6499.728164  	105.503945 
6501.159822  	106.766019 
6502.591480  	106.454876 
6504.023138  	106.127786 
6505.454797  	105.746508 
6506.886455  	104.941162 
6508.318113  	105.201109 
6509.749771  	105.617525 
6511.181429  	105.814257 
6512.613088  	106.091619 
6514.044746  	104.717019 
6515.476404  	103.448367 
6516.908062  	104.397093 
6518.339720  	105.069920 
6519.771379  	105.339005 
6521.203037  	106.776463 
6522.634695  	107.224988 
6524.066353  	106.118633 
6525.498011  	105.212772 
6526.929669  	105.004450 
6528.361328  	105.533885 
6529.792986  	106.150326 
6531.224644  	106.223221 
6532.656302  	106.528151 
6534.087960  	106.877987 
6535.519619  	106.369147 
6536.951277  	105.872706 
6538.382935  	105.853813 
6539.814593  	105.462907 
6541.246251  	105.210139 
6542.677909  	105.570628 
6544.109568  	105.160390 
6545.541226  	104.263868 
6546.972884  	104.347277 
6548.404542  	105.281856 
6549.836200  	106.707537 
6551.267859  	107.627832 
6552.699517  	106.878823 
6554.131175  	106.275175 
6555.562833  	106.688151 
6556.994491  	106.457989 
6558.426150  	106.125127 
6559.857808  	106.781301 
6561.289466  	107.267165 
6562.721124  	106.935591 
6564.152782  	106.860092 
6565.584440  	107.218487 
6567.016099  	106.666066 
6568.447757  	105.737521 
6569.879415  	105.688012 
6571.311073  	105.370368 
6572.742731  	105.059420 
6574.174390  	105.538129 
6575.606048  	104.957601 
6577.037706  	104.398599 
6578.469364  	105.765213 
6579.901022  	106.611130 
6581.332680  	106.010906 
6582.764339  	105.856599 
6584.195997  	106.300076 
6585.627655  	106.795504 
6587.059313  	106.768957 
6588.490971  	106.084153 
6589.922630  	105.649150 
6591.354288  	105.461134 
6592.785946  	105.237964 
6594.217604  	105.051597 
6595.649262  	105.205610 
6597.080921  	105.514636 
6598.512579  	104.979195 
6599.944237  	105.008951 
6601.375895  	106.837340 
6602.807553  	107.420339 
6604.239211  	106.394607 
6605.670870  	106.704894 
6607.102528  	107.243435 
6608.534186  	106.807298 
6609.965844  	106.575939 
6611.397502  	106.572331 
6612.829161  	106.770172 
6614.260819  	106.990110 
6615.692477  	106.508986 
6617.124135  	106.095156 
6618.555793  	106.175444 
6619.987452  	105.920625 
6621.419110  	105.431738 
6622.850768  	105.568096 
6624.282426  	105.624843 
6625.714084  	104.685341 
6627.145742  	104.061077 
6628.577401  	104.879176 
6630.009059  	105.913682 
6631.440717  	105.762267 
6632.872375  	104.593624 
6634.304033  	104.049321 
6635.735692  	104.831613 
6637.167350  	105.177837 
6638.599008  	104.730736 
6640.030666  	104.483234 
6641.462324  	104.278526 
6642.893982  	105.121826 
6644.325641  	106.739914 
6645.757299  	106.514271 
6647.188957  	105.519148 
6648.620615  	105.676600 
6650.052273  	105.781874 
6651.483932  	105.827571 
6652.915590  	106.423988 
6654.347248  	106.694290 
6655.778906  	106.519288 
6657.210564  	106.063571 
6658.642223  	105.303066 
6660.073881  	104.685026 
6661.505539  	104.830506 
6662.937197  	105.692943 
6664.368855  	106.544896 
6665.800513  	106.734085 
6667.232172  	105.915161 
6668.663830  	105.026611 
6670.095488  	105.581493 
6671.527146  	106.080329 
6672.958804  	105.158003 
6674.390463  	104.933468 
6675.822121  	105.534941 
6677.253779  	105.419451 
6678.685437  	105.200646 
6680.117095  	105.122598 
6681.548754  	105.415773 
6682.980412  	106.102291 
6684.412070  	106.075100 
6685.843728  	106.054072 
6687.275386  	106.672694 
6688.707044  	106.297282 
6690.138703  	105.048882 
6691.570361  	104.651668 
6693.002019  	105.500492 
6694.433677  	106.104714 
6695.865335  	105.394254 
6697.296994  	104.901086 
6698.728652  	105.085937 
6700.160310  	104.859180 
6701.591968  	105.456306 
6703.023626  	106.904671 
6704.455284  	106.757386 
6705.886943  	105.417124 
6707.318601  	104.638063 
6708.750259  	104.906570 
6710.181917  	106.214778 
6711.613575  	106.970128 
6713.045234  	106.016291 
6714.476892  	104.991523 
6715.908550  	105.236863 
6717.340208  	105.928535 
6718.771866  	106.462690 
6720.203525  	107.237095 
6721.635183  	107.193692 
6723.066841  	105.632706 
6724.498499  	105.250775 
6725.930157  	106.626271 
6727.361815  	106.542096 
6728.793474  	105.002409 
6730.225132  	104.703531 
6731.656790  	106.045012 
6733.088448  	107.298639 
6734.520106  	106.746297 
6735.951765  	105.334756 
6737.383423  	105.109764 
6738.815081  	105.412670 
6740.246739  	105.258234 
6741.678397  	105.418451 
6743.110056  	105.417610 
6744.541714  	104.866063 
6745.973372  	105.572105 
6747.405030  	107.021562 
6748.836688  	106.598861 
6750.268346  	105.560869 
6751.700005  	105.956526 
6753.131663  	106.007863 
6754.563321  	105.218664 
6755.994979  	105.520458 
6757.426637  	106.147780 
6758.858296  	105.764761 
6760.289954  	105.189024 
6761.721612  	104.419441 
6763.153270  	103.306588 
6764.584928  	103.297669 
6766.016586  	104.740527 
6767.448245  	105.968155 
6768.879903  	106.177650 
6770.311561  	105.931384 
6771.743219  	105.252433 
6773.174877  	104.211873 
6774.606536  	103.894603 
6776.038194  	104.702081 
6777.469852  	105.680907 
6778.901510  	106.085962 
6780.333168  	106.255480 
6781.764827  	106.689389 
6783.196485  	106.875900 
6784.628143  	106.350855 
6786.059801  	105.998855 
6787.491459  	106.233873 
6788.923117  	106.460216 
6790.354776  	106.316723 
6791.786434  	105.818431 
6793.218092  	105.679280 
6794.649750  	106.006572 
6796.081408  	105.598156 
6797.513067  	104.800006 
6798.944725  	104.996250 
6800.376383  	105.488087 
6801.808041  	105.152717 
6803.239699  	104.916011 
6804.671357  	105.536625 
6806.103016  	105.954475 
6807.534674  	105.627834 
6808.966332  	105.636655 
6810.397990  	106.301513 
6811.829648  	106.578040 
6813.261307  	105.720565 
6814.692965  	104.265341 
6816.124623  	103.558827 
6817.556281  	104.079704 
6818.987939  	104.922880 
6820.419598  	104.974302 
6821.851256  	105.102293 
6823.282914  	106.560316 
6824.714572  	107.655963 
6826.146230  	107.136839 
6827.577888  	106.786633 
6829.009547  	106.489186 
6830.441205  	105.332484 
6831.872863  	104.935586 
6833.304521  	104.881605 
6834.736179  	104.378825 
6836.167838  	104.616453 
6837.599496  	104.772125 
6839.031154  	104.332555 
6840.462812  	104.662011 
6841.894470  	105.290107 
6843.326129  	105.719893 
6844.757787  	106.245619 
6846.189445  	106.366216 
6847.621103  	106.272081 
6849.052761  	106.009065 
6850.484419  	105.724080 
6851.916078  	106.096147 
6853.347736  	105.857078 
6854.779394  	105.014725 
6856.211052  	105.682170 
6857.642710  	106.664565 
6859.074369  	106.199691 
6860.506027  	105.797182 
6861.937685  	106.395221 
6863.369343  	106.842379 
6864.801001  	106.381303 
6866.232659  	105.698285 
6867.664318  	105.273588 
6869.095976  	104.846328 
6870.527634  	105.111481 
6871.959292  	105.625350 
6873.390950  	105.560496 
6874.822609  	105.585035 
6876.254267  	105.363494 
6877.685925  	104.429432 
6879.117583  	104.618582 
6880.549241  	106.196814 
6881.980900  	107.102839 
6883.412558  	106.730434 
6884.844216  	105.785005 
6886.275874  	105.303341 
6887.707532  	106.174092 
6889.139190  	107.167331 
6890.570849  	106.417660 
6892.002507  	105.534982 
6893.434165  	105.997534 
6894.865823  	105.321619 
6896.297481  	103.618242 
6897.729140  	104.240812 
6899.160798  	106.347771 
6900.592456  	107.094037 
6902.024114  	106.019413 
6903.455772  	104.589138 
6904.887431  	104.591022 
6906.319089  	104.476573 
6907.750747  	103.422524 
6909.182405  	104.249777 
6910.614063  	105.300266 
6912.045721  	103.959303 
6913.477380  	103.458903 
6914.909038  	104.814441 
6916.340696  	105.414620 
6917.772354  	104.414507 
6919.204012  	103.226281 
6920.635671  	104.046125 
6922.067329  	105.623709 
6923.498987  	105.287885 
6924.930645  	104.240566 
6926.362303  	103.734672 
6927.793961  	104.411793 
6929.225620  	106.510009 
6930.657278  	107.305142 
6932.088936  	106.605171 
6933.520594  	106.579619 
6934.952252  	106.540936 
6936.383911  	106.478691 
6937.815569  	106.538323 
6939.247227  	106.065930 
6940.678885  	105.715643 
6942.110543  	105.035371 
6943.542202  	104.718279 
6944.973860  	105.637185 
6946.405518  	106.013629 
6947.837176  	106.551681 
6949.268834  	107.077197 
6950.700492  	104.937208 
6952.132151  	103.572689 
6953.563809  	105.332676 
6954.995467  	106.149638 
6956.427125  	104.848086 
6957.858783  	104.014221 
6959.290442  	104.555990 
6960.722100  	105.599522 
6962.153758  	105.576628 
6963.585416  	104.934473 
6965.017074  	105.754879 
6966.448732  	107.836365 
6967.880391  	108.359919 
6969.312049  	106.418588 
6970.743707  	105.733122 
6972.175365  	107.531180 
6973.607023  	108.224372 
6975.038682  	106.817034 
6976.470340  	104.843850 
6977.901998  	104.350093 
6979.333656  	106.389629 
6980.765314  	107.345363 
6982.196973  	105.806006 
6983.628631  	105.194182 
6985.060289  	105.307946 
6986.491947  	105.352562 
6987.923605  	105.855905 
6989.355263  	105.713292 
6990.786922  	105.076704 
6992.218580  	104.158713 
6993.650238  	103.349338 
6995.081896  	104.374263 
6996.513554  	106.003599 
6997.945213  	106.495278 
6999.376871  	106.383341 
7000.808529  	105.621164 
7002.240187  	105.051883 
7003.671845  	105.295689 
7005.103504  	105.893918 
7006.535162  	107.218317 
7007.966820  	107.526559 
7009.398478  	106.035843 
7010.830136  	105.338503 
7012.261794  	105.400501 
7013.693453  	105.586702 
7015.125111  	106.507604 
7016.556769  	106.792785 
7017.988427  	105.685148 
7019.420085  	104.262460 
7020.851744  	103.752890 
7022.283402  	104.518877 
7023.715060  	105.488554 
7025.146718  	106.574676 
7026.578376  	107.632352 
7028.010034  	107.248851 
7029.441693  	106.673075 
7030.873351  	107.540143 
7032.305009  	108.532978 
7033.736667  	108.152955 
7035.168325  	106.289365 
7036.599984  	105.004926 
7038.031642  	105.036262 
7039.463300  	104.732754 
7040.894958  	104.282523 
7042.326616  	103.986876 
7043.758275  	104.264040 
7045.189933  	106.338791 
7046.621591  	107.033322 
7048.053249  	105.056994 
7049.484907  	104.701112 
7050.916565  	105.555338 
7052.348224  	105.873998 
7053.779882  	106.479734 
7055.211540  	105.578137 
7056.643198  	104.561569 
7058.074856  	106.252227 
7059.506515  	107.068237 
7060.938173  	105.600791 
7062.369831  	105.180686 
7063.801489  	105.199349 
7065.233147  	103.969231 
7066.664806  	103.935325 
7068.096464  	105.774608 
7069.528122  	106.104745 
7070.959780  	105.021721 
7072.391438  	105.671922 
7073.823096  	106.318847 
7075.254755  	105.642881 
7076.686413  	106.185406 
7078.118071  	106.728558 
7079.549729  	105.458481 
7080.981387  	104.828070 
7082.413046  	106.198813 
7083.844704  	107.148506 
7085.276362  	106.208324 
7086.708020  	105.889924 
7088.139678  	107.206782 
7089.571336  	106.605995 
7091.002995  	104.899571 
7092.434653  	105.633235 
7093.866311  	106.430880 
7095.297969  	105.006861 
7096.729627  	103.765145 
7098.161286  	103.674587 
7099.592944  	104.133531 
7101.024602  	104.799369 
7102.456260  	105.037126 
7103.887918  	105.588296 
7105.319577  	107.188255 
7106.751235  	107.685676 
7108.182893  	104.568240 
7109.614551  	101.403541 
7111.046209  	102.323875 
7112.477867  	104.290068 
7113.909526  	103.773203 
7115.341184  	103.603939 
7116.772842  	104.159052 
7118.204500  	103.771941 
7119.636158  	104.704732 
7121.067817  	106.293621 
7122.499475  	106.019516 
7123.931133  	105.589726 
7125.362791  	105.968018 
7126.794449  	105.711319 
7128.226108  	104.922670 
7129.657766  	105.151161 
7131.089424  	107.189705 
7132.521082  	108.545942 
7133.952740  	106.267129 
7135.384398  	103.569523 
7136.816057  	103.616406 
7138.247715  	103.606825 
7139.679373  	103.321451 
7141.111031  	105.010517 
7142.542689  	105.671333 
7143.974348  	104.345882 
7145.406006  	105.036021 
7146.837664  	106.991911 
7148.269322  	106.620485 
7149.700980  	105.657705 
7151.132638  	105.879583 
7152.564297  	105.689748 
7153.995955  	104.309881 
7155.427613  	103.708124 
7156.859271  	104.473625 
7158.290929  	105.248264 
7159.722588  	106.453827 
7161.154246  	108.179760 
7162.585904  	107.818000 
7164.017562  	106.288004 
7165.449220  	105.674982 
7166.880879  	105.557147 
7168.312537  	106.594288 
7169.744195  	107.857462 
7171.175853  	107.073916 
7172.607511  	106.004448 
7174.039169  	105.502212 
7175.470828  	104.894539 
7176.902486  	105.323082 
7178.334144  	105.923777 
7179.765802  	105.122166 
7181.197460  	104.735083 
7182.629119  	105.672521 
7184.060777  	106.091866 
7185.492435  	105.490427 
7186.924093  	105.015793 
7188.355751  	104.423772 
7189.787409  	103.301730 
7191.219068  	103.409337 
7192.650726  	104.743491 
7194.082384  	105.129861 
7195.514042  	105.064522 
7196.945700  	105.294730 
7198.377359  	105.423573 
7199.809017  	106.449092 
7201.240675  	107.416453 
7202.672333  	106.853614 
7204.103991  	106.158353 
7205.535650  	105.624574 
7206.967308  	105.300101 
7208.398966  	105.673828 
7209.830624  	105.335727 
7211.262282  	104.423938 
7212.693940  	104.416981 
7214.125599  	104.819012 
7215.557257  	105.385436 
7216.988915  	105.783883 
7218.420573  	104.818798 
7219.852231  	103.027186 
7221.283890  	101.973966 
7222.715548  	102.510549 
7224.147206  	104.474619 
7225.578864  	106.605834 
7227.010522  	107.058356 
7228.442181  	105.189396 
7229.873839  	103.536076 
7231.305497  	104.761223 
7232.737155  	107.530705 
7234.168813  	108.117068 
7235.600471  	106.110570 
7237.032130  	104.536439 
7238.463788  	105.538080 
7239.895446  	107.044023 
7241.327104  	106.322290 
7242.758762  	105.511041 
7244.190421  	106.249272 
7245.622079  	107.282041 
7247.053737  	107.474145 
7248.485395  	105.449308 
7249.917053  	103.852579 
7251.348711  	104.792133 
7252.780370  	104.213988 
7254.212028  	102.962117 
7255.643686  	104.525383 
7257.075344  	105.061694 
7258.507002  	104.065954 
7259.938661  	105.058725 
7261.370319  	106.262484 
7262.801977  	105.829636 
7264.233635  	104.729970 
7265.665293  	103.823000 
7267.096952  	103.962478 
7268.528610  	104.420484 
7269.960268  	104.862184 
7271.391926  	105.493978 
7272.823584  	105.650781 
7274.255242  	106.892176 
7275.686901  	107.504184 
7277.118559  	105.291300 
7278.550217  	105.792554 
7279.981875  	108.490020 
7281.413533  	106.823670 
7282.845192  	104.365398 
7284.276850  	104.245483 
7285.708508  	103.749358 
7287.140166  	104.404816 
7288.571824  	106.152252 
7290.003483  	106.182553 
7291.435141  	105.923583 
7292.866799  	106.774348 
7294.298457  	108.114512 
7295.730115  	107.797233 
7297.161773  	106.389469 
7298.593432  	107.395101 
7300.025090  	108.121518 
7301.456748  	106.600772 
7302.888406  	106.686510 
7304.320064  	105.899446 
7305.751723  	103.787320 
7307.183381  	104.870667 
7308.615039  	106.092184 
7310.046697  	104.948431 
7311.478355  	104.355058 
7312.910013  	104.044429 
7314.341672  	105.443441 
7315.773330  	107.590543 
7317.204988  	106.909178 
7318.636646  	106.659074 
7320.068304  	106.061046 
7321.499963  	102.644051 
7322.931621  	102.719334 
7324.363279  	105.638790 
7325.794937  	104.991584 
7327.226595  	104.826837 
7328.658254  	107.153984 
7330.089912  	106.713940 
7331.521570  	105.094174 
7332.953228  	105.603453 
7334.384886  	105.618836 
7335.816544  	103.780446 
7337.248203  	102.769152 
7338.679861  	104.020057 
7340.111519  	105.622712 
7341.543177  	106.110422 
7342.974835  	106.516493 
7344.406494  	107.757906 
7345.838152  	108.663734 
7347.269810  	108.365576 
7348.701468  	107.584849 
7350.133126  	106.080771 
7351.564785  	104.709426 
7352.996443  	106.431095 
7354.428101  	109.063670 
7355.859759  	107.529890 
7357.291417  	104.607760 
7358.723075  	104.534712 
7360.154734  	105.937721 
7361.586392  	106.371278 
7363.018050  	105.230934 
7364.449708  	104.028710 
7365.881366  	103.134487 
7367.313025  	102.446398 
7368.744683  	103.661433 
7370.176341  	105.343375 
7371.607999  	105.168390 
7373.039657  	105.467971 
7374.471315  	106.045741 
7375.902974  	105.434932 
7377.334632  	105.291923 
7378.766290  	105.782462 
7380.197948  	106.692317 
7381.629606  	108.259503 
7383.061265  	108.084975 
7384.492923  	105.767932 
7385.924581  	103.628796 
7387.356239  	102.675082 
7388.787897  	103.169274 
7390.219556  	104.377703 
7391.651214  	105.307512 
7393.082872  	105.428950 
7394.514530  	105.218758 
7395.946188  	104.779280 
7397.377846  	103.336702 
7398.809505  	102.838254 
7400.241163  	104.340131 
7401.672821  	103.713018 
7403.104479  	101.494437 
7404.536137  	102.037314 
7405.967796  	103.347235 
7407.399454  	103.178377 
7408.831112  	104.465269 
7410.262770  	108.220473 
7411.694428  	111.818851 
7413.126086  	111.421346 
7414.557745  	107.934589 
7415.989403  	106.820938 
7417.421061  	107.548353 
7418.852719  	106.487647 
7420.284377  	104.689666 
7421.716036  	104.705913 
7423.147694  	106.316690 
7424.579352  	108.535192 
7426.011010  	109.823004 
7427.442668  	107.760520 
7428.874327  	103.630567 
7430.305985  	104.008554 
7431.737643  	107.418739 
7433.169301  	106.592183 
7434.600959  	105.865944 
7436.032617  	107.950914 
7437.464276  	106.072574 
7438.895934  	103.627078 
7440.327592  	104.678386 
7441.759250  	104.515201 
7443.190908  	104.516888 
7444.622567  	106.399803 
7446.054225  	106.068811 
7447.485883  	105.176753 
7448.917541  	106.262570 
7450.349199  	107.316384 
7451.780858  	107.512233 
7453.212516  	106.930301 
7454.644174  	106.401324 
7456.075832  	106.589439 
7457.507490  	106.715611 
7458.939148  	106.526186 
7460.370807  	105.454532 
7461.802465  	105.250555 
7463.234123  	106.836105 
7464.665781  	105.515067 
7466.097439  	102.623248 
7467.529098  	104.049217 
7468.960756  	106.410127 
7470.392414  	107.291942 
7471.824072  	108.763166 
7473.255730  	109.307367 
7474.687388  	108.473487 
7476.119047  	107.192476 
7477.550705  	105.749824 
7478.982363  	106.771282 
7480.414021  	108.701089 
7481.845679  	107.853952 
7483.277338  	105.673447 
7484.708996  	103.765478 
7486.140654  	104.178542 
7487.572312  	106.832154 
7489.003970  	106.223974 
7490.435629  	103.446433 
7491.867287  	103.474717 
7493.298945  	103.621724 
7494.730603  	103.718639 
7496.162261  	105.670075 
7497.593919  	106.599919 
7499.025578  	105.950147 
7500.457236  	104.825087 
7501.888894  	104.682425 
7503.320552  	107.449799 
7504.752210  	108.363479 
7506.183869  	104.734620 
7507.615527  	103.767742 
7509.047185  	106.174979 
7510.478843  	105.669340 
7511.910501  	103.386468 
7513.342160  	103.789115 
7514.773818  	104.245090 
7516.205476  	102.797883 
7517.637134  	103.414394 
7519.068792  	104.917343 
7520.500450  	104.456392 
7521.932109  	105.684108 
7523.363767  	107.233073 
7524.795425  	105.377261 
7526.227083  	106.180200 
7527.658741  	109.495786 
7529.090400  	107.840070 
7530.522058  	105.135656 
7531.953716  	105.226391 
7533.385374  	104.736702 
7534.817032  	104.808074 
7536.248690  	105.348253 
7537.680349  	104.709223 
7539.112007  	105.044305 
7540.543665  	106.359888 
7541.975323  	107.069503 
7543.406981  	107.634159 
7544.838640  	107.756958 
7546.270298  	107.448751 
7547.701956  	107.215386 
7549.133614  	106.289412 
7550.565272  	104.788478 
7551.996931  	103.537598 
7553.428589  	102.869911 
7554.860247  	104.013210 
7556.291905  	105.863685 
7557.723563  	106.109861 
7559.155221  	106.325953 
7560.586880  	107.815468 
7562.018538  	108.043972 
7563.450196  	107.695930 
7564.881854  	108.242635 
7566.313512  	106.870753 
7567.745171  	105.403690 
7569.176829  	107.205472 
7570.608487  	108.132901 
7572.040145  	107.296198 
7573.471803  	106.045158 
7574.903461  	102.794351 
7576.335120  	102.849129 
7577.766778  	107.421799 
7579.198436  	108.189742 
7580.630094  	106.795324 
7582.061752  	106.701218 
7583.493411  	105.097420 
7584.925069  	106.217499 
7586.356727  	109.600777 
7587.788385  	107.250680 
7589.220043  	103.803141 
7590.651702  	104.559336 
7592.083360  	106.810992 
7593.515018  	108.840932 
7594.946676  	108.920780 
7596.378334  	106.205774 
7597.809992  	104.035577 
7599.241651  	104.365058 
7600.673309  	106.039692 
7602.104967  	105.335618 
7603.536625  	104.100639 
7604.968283  	107.950916 
7606.399942  	112.085865 
7607.831600  	110.969631 
7609.263258  	108.900030 
7610.694916  	106.460631 
7612.126574  	104.408813 
7613.558233  	106.513842 
7614.989891  	107.767016 
7616.421549  	104.374199 
7617.853207  	103.439849 
7619.284865  	106.896646 
7620.716523  	108.485101 
7622.148182  	106.778778 
7623.579840  	105.683263 
7625.011498  	104.692287 
7626.443156  	103.529327 
7627.874814  	105.680890 
7629.306473  	106.602708 
7630.738131  	102.745529 
7632.169789  	101.316932 
7633.601447  	103.813761 
7635.033105  	104.950822 
7636.464763  	105.192643 
7637.896422  	104.926007 
7639.328080  	105.067452 
7640.759738  	107.969070 
7642.191396  	108.830213 
7643.623054  	106.896985 
7645.054713  	107.925454 
7646.486371  	109.172562 
7647.918029  	105.786062 
7649.349687  	101.557059 
7650.781345  	102.122826 
7652.213004  	105.725198 
7653.644662  	107.025548 
7655.076320  	107.049021 
7656.507978  	108.044359 
7657.939636  	107.046811 
7659.371294  	104.239688 
7660.802953  	102.817213 
7662.234611  	104.136235 
7663.666269  	107.960619 
7665.097927  	109.894344 
7666.529585  	107.445727 
7667.961244  	105.874457 
7669.392902  	106.913378 
7670.824560  	106.959579 
7672.256218  	104.997739 
7673.687876  	104.827784 
7675.119535  	108.317858 
7676.551193  	109.603667 
7677.982851  	106.333423 
7679.414509  	105.085610 
7680.846167  	103.960491 
7682.277825  	101.689219 
7683.709484  	102.986207 
7685.141142  	103.818262 
7686.572800  	102.131363 
7688.004458  	102.816140 
7689.436116  	104.148627 
7690.867775  	104.181882 
7692.299433  	105.433031 
7693.731091  	105.456118 
7695.162749  	104.878788 
7696.594407  	107.328238 
7698.026065  	108.275428 
7699.457724  	105.569607 
7700.889382  	106.033392 
7702.321040  	109.647061 
7703.752698  	109.695076 
7705.184356  	107.411658 
7706.616015  	106.829651 
7708.047673  	106.740393 
7709.479331  	107.523614 
7710.910989  	108.130107 
7712.342647  	107.034818 
7713.774306  	107.388648 
7715.205964  	108.518223 
7716.637622  	105.251203 
7718.069280  	101.975890 
7719.500938  	102.778502 
7720.932596  	105.305187 
7722.364255  	106.605766 
7723.795913  	104.795790 
7725.227571  	103.732440 
7726.659229  	106.513855 
7728.090887  	107.551149 
7729.522546  	106.706202 
7730.954204  	107.956113 
7732.385862  	110.010848 
7733.817520  	112.057503 
7735.249178  	112.130383 
7736.680837  	109.102967 
7738.112495  	105.637506 
7739.544153  	102.788200 
7740.975811  	101.143789 
7742.407469  	102.270848 
7743.839127  	103.114521 
7745.270786  	101.256022 
7746.702444  	100.219202 
7748.134102  	101.613347 
7749.565760  	104.161321 
7750.997418  	106.010561 
7752.429077  	106.709539 
7753.860735  	106.681674 
7755.292393  	105.601578 
7756.724051  	105.331488 
7758.155709  	105.802773 
7759.587367  	104.894372 
7761.019026  	104.711325 
7762.450684  	107.089915 
7763.882342  	108.013753 
7765.314000  	105.320430 
7766.745658  	106.126217 
7768.177317  	110.891056 
7769.608975  	106.866310 
7771.040633  	98.346842 
7772.472291  	99.905717 
7773.903949  	106.404681 
7775.335608  	106.808884 
7776.767266  	108.094045 
7778.198924  	110.186295 
7779.630582  	109.447264 
7781.062240  	110.328311 
7782.493898  	109.228420 
7783.925557  	103.785896 
7785.357215  	101.013302 
7786.788873  	101.027639 
7788.220531  	103.155388 
7789.652189  	107.791693 
7791.083848  	110.355273 
7792.515506  	108.923877 
7793.947164  	106.565020 
7795.378822  	106.267437 
7796.810480  	107.652496 
7798.242138  	106.102520 
7799.673797  	103.391362 
7801.105455  	103.007305 
7802.537113  	104.605168 
7803.968771  	107.647214 
7805.400429  	108.140971 
7806.832088  	104.948069 
7808.263746  	104.718176 
7809.695404  	107.588767 
7811.127062  	106.664988 
7812.558720  	102.438551 
7813.990379  	101.133818 
7815.422037  	105.021289 
7816.853695  	110.577426 
7818.285353  	113.052204 
7819.717011  	111.432791 
7821.148669  	105.780267 
7822.580328  	101.461556 
7824.011986  	101.482832 
7825.443644  	102.428586 
7826.875302  	104.643355 
7828.306960  	107.229758 
7829.738619  	106.376324 
7831.170277  	106.249363 
7832.601935  	108.683875 
7834.033593  	109.497359 
7835.465251  	109.861637 
7836.896910  	109.479364 
7838.328568  	107.866273 
7839.760226  	109.265735 
7841.191884  	110.057136 
7842.623542  	107.939411 
7844.055200  	107.248453 
7845.486859  	105.728364 
7846.918517  	103.690285 
7848.350175  	104.409148 
7849.781833  	103.687045 
7851.213491  	102.807402 
7852.645150  	105.980408 
7854.076808  	106.948105 
7855.508466  	105.639046 
7856.940124  	107.372521 
7858.371782  	106.634582 
7859.803440  	105.174242 
7861.235099  	108.777319 
7862.666757  	110.089590 
7864.098415  	108.099866 
7865.530073  	107.666215 
7866.961731  	105.875095 
7868.393390  	106.147690 
7869.825048  	109.969933 
7871.256706  	109.243811 
7872.688364  	108.221180 
7874.120022  	108.907765 
7875.551681  	103.949415 
7876.983339  	99.935347 
7878.414997  	103.956314 
7879.846655  	105.925012 
7881.278313  	103.399504 
7882.709971  	104.143432 
7884.141630  	105.902226 
7885.573288  	107.178547 
7887.004946  	110.866007 
7888.436604  	113.583350 
7889.868262  	111.158535 
7891.299921  	104.694869 
7892.731579  	101.238942 
7894.163237  	106.576803 
7895.594895  	112.517813 
7897.026553  	109.435808 
7898.458212  	106.011757 
7899.889870  	106.180793 