##TITLE=No Description
##DATA TYPE=INFRARED SPECTRUM
##XUNITS=1/CM
##YUNITS=Abs
349.324597  	0.212782 
350.756256  	0.837745 
352.187914  	0.762604 
353.619572  	0.196253 
355.051230  	0.621113 
356.482888  	0.010117 
357.914546  	-0.160774 
359.346205  	0.021959 
360.777863  	0.018023 
362.209521  	0.044614 
363.641179  	0.239257 
365.072837  	0.317458 
366.504496  	0.107304 
367.936154  	0.103321 
369.367812  	0.416540 
370.799470  	0.537040 
372.231128  	0.346866 
373.662787  	0.262998 
375.094445  	0.604612 
376.526103  	0.512267 
377.957761  	0.392068 
379.389419  	0.481797 
380.821077  	0.510344 
382.252736  	0.311586 
383.684394  	0.234688 
385.116052  	0.389491 
386.547710  	0.503347 
387.979368  	0.413708 
389.411027  	0.338028 
390.842685  	0.364495 
392.274343  	0.414893 
393.706001  	0.346224 
395.137659  	0.273215 
396.569317  	0.297881 
398.000976  	0.334088 
399.432634  	0.327881 
400.864292  	0.358066 
402.295950  	0.346321 
403.727608  	0.306127 
405.159267  	0.319804 
406.590925  	0.372971 
408.022583  	0.378514 
409.454241  	0.334933 
410.885899  	0.314714 
412.317558  	0.343549 
413.749216  	0.378744 
415.180874  	0.399447 
416.612532  	0.420073 
418.044190  	0.419401 
419.475848  	0.362667 
420.907507  	0.336406 
422.339165  	0.351504 
423.770823  	0.366188 
425.202481  	0.367064 
426.634139  	0.362593 
428.065798  	0.343658 
429.497456  	0.318695 
430.929114  	0.314940 
432.360772  	0.322827 
433.792430  	0.322928 
435.224089  	0.317947 
436.655747  	0.303729 
438.087405  	0.293768 
439.519063  	0.304659 
440.950721  	0.307422 
442.382379  	0.296539 
443.814038  	0.311032 
445.245696  	0.329531 
446.677354  	0.309789 
448.109012  	0.288602 
449.540670  	0.291344 
450.972329  	0.285517 
452.403987  	0.271148 
453.835645  	0.274539 
455.267303  	0.286673 
456.698961  	0.292043 
458.130619  	0.286204 
459.562278  	0.290429 
460.993936  	0.315064 
462.425594  	0.334361 
463.857252  	0.325718 
465.288910  	0.319833 
466.720569  	0.322551 
468.152227  	0.314586 
469.583885  	0.316158 
471.015543  	0.336840 
472.447201  	0.341179 
473.878860  	0.332189 
475.310518  	0.351435 
476.742176  	0.383628 
478.173834  	0.380814 
479.605492  	0.357566 
481.037150  	0.358647 
482.468809  	0.368527 
483.900467  	0.359030 
485.332125  	0.354584 
486.763783  	0.374096 
488.195441  	0.385836 
489.627100  	0.375273 
491.058758  	0.368731 
492.490416  	0.376248 
493.922074  	0.388090 
495.353732  	0.397213 
496.785391  	0.402936 
498.217049  	0.415532 
499.648707  	0.436539 
501.080365  	0.443800 
502.512023  	0.437783 
503.943681  	0.443464 
505.375340  	0.449390 
506.806998  	0.443711 
508.238656  	0.441363 
509.670314  	0.444767 
511.101972  	0.440033 
512.533631  	0.422828 
513.965289  	0.407804 
515.396947  	0.404084 
516.828605  	0.399616 
518.260263  	0.389273 
519.691921  	0.383416 
521.123580  	0.381174 
522.555238  	0.380487 
523.986896  	0.382062 
525.418554  	0.382128 
526.850212  	0.383498 
528.281871  	0.388663 
529.713529  	0.392289 
531.145187  	0.394079 
532.576845  	0.395686 
534.008503  	0.397818 
535.440162  	0.400006 
536.871820  	0.398740 
538.303478  	0.396222 
539.735136  	0.396748 
541.166794  	0.397309 
542.598452  	0.396776 
544.030111  	0.396662 
545.461769  	0.394911 
546.893427  	0.391196 
548.325085  	0.388470 
549.756743  	0.388650 
551.188402  	0.389676 
552.620060  	0.387189 
554.051718  	0.383836 
555.483376  	0.383970 
556.915034  	0.385056 
558.346692  	0.384214 
559.778351  	0.381168 
561.210009  	0.377880 
562.641667  	0.377436 
564.073325  	0.377046 
565.504983  	0.375138 
566.936642  	0.375969 
568.368300  	0.377284 
569.799958  	0.375826 
571.231616  	0.374666 
572.663274  	0.374030 
574.094933  	0.373778 
575.526591  	0.373409 
576.958249  	0.370794 
578.389907  	0.370310 
579.821565  	0.371723 
581.253223  	0.369174 
582.684882  	0.366388 
584.116540  	0.365143 
585.548198  	0.362797 
586.979856  	0.364291 
588.411514  	0.368170 
589.843173  	0.368301 
591.274831  	0.368146 
592.706489  	0.367452 
594.138147  	0.362856 
595.569805  	0.360662 
597.001464  	0.363531 
598.433122  	0.366352 
599.864780  	0.367341 
601.296438  	0.367286 
602.728096  	0.366583 
604.159754  	0.366782 
605.591413  	0.367666 
607.023071  	0.367277 
608.454729  	0.365842 
609.886387  	0.364268 
611.318045  	0.361772 
612.749704  	0.358775 
614.181362  	0.356880 
615.613020  	0.355058 
617.044678  	0.352494 
618.476336  	0.350224 
619.907994  	0.347927 
621.339653  	0.346210 
622.771311  	0.345746 
624.202969  	0.345231 
625.634627  	0.345327 
627.066285  	0.345514 
628.497944  	0.343693 
629.929602  	0.342523 
631.361260  	0.343561 
632.792918  	0.343238 
634.224576  	0.341141 
635.656235  	0.339042 
637.087893  	0.336120 
638.519551  	0.333506 
639.951209  	0.332899 
641.382867  	0.332021 
642.814525  	0.329003 
644.246184  	0.326435 
645.677842  	0.326256 
647.109500  	0.325281 
648.541158  	0.322109 
649.972816  	0.320680 
651.404475  	0.320689 
652.836133  	0.318572 
654.267791  	0.316561 
655.699449  	0.315367 
657.131107  	0.311090 
658.562766  	0.306736 
659.994424  	0.307504 
661.426082  	0.308667 
662.857740  	0.303777 
664.289398  	0.296665 
665.721056  	0.294291 
667.152715  	0.295030 
668.584373  	0.292272 
670.016031  	0.287351 
671.447689  	0.284366 
672.879347  	0.281246 
674.311006  	0.278161 
675.742664  	0.275393 
677.174322  	0.272869 
678.605980  	0.270390 
680.037638  	0.267092 
681.469296  	0.264750 
682.900955  	0.263869 
684.332613  	0.260357 
685.764271  	0.254562 
687.195929  	0.251209 
688.627587  	0.249903 
690.059246  	0.248170 
691.490904  	0.246002 
692.922562  	0.243296 
694.354220  	0.239789 
695.785878  	0.236574 
697.217537  	0.234335 
698.649195  	0.232098 
700.080853  	0.229062 
701.512511  	0.226014 
702.944169  	0.223754 
704.375827  	0.221999 
705.807486  	0.219830 
707.239144  	0.216869 
708.670802  	0.214418 
710.102460  	0.212612 
711.534118  	0.209282 
712.965777  	0.205385 
714.397435  	0.203208 
715.829093  	0.200919 
717.260751  	0.197777 
718.692409  	0.195781 
720.124067  	0.194090 
721.555726  	0.191542 
722.987384  	0.189078 
724.419042  	0.186199 
725.850700  	0.182302 
727.282358  	0.178499 
728.714017  	0.175729 
730.145675  	0.173792 
731.577333  	0.171442 
733.008991  	0.168262 
734.440649  	0.165046 
735.872308  	0.161858 
737.303966  	0.159208 
738.735624  	0.157537 
740.167282  	0.155492 
741.598940  	0.153262 
743.030598  	0.152176 
744.462257  	0.151493 
745.893915  	0.150578 
747.325573  	0.149408 
748.757231  	0.148057 
750.188889  	0.147899 
751.620548  	0.149031 
753.052206  	0.149752 
754.483864  	0.149648 
755.915522  	0.149552 
757.347180  	0.150928 
758.778839  	0.154768 
760.210497  	0.160531 
761.642155  	0.168057 
763.073813  	0.177181 
764.505471  	0.185919 
765.937129  	0.191956 
767.368788  	0.194469 
768.800446  	0.193142 
770.232104  	0.187515 
771.663762  	0.179075 
773.095420  	0.170148 
774.527079  	0.161126 
775.958737  	0.151894 
777.390395  	0.143812 
778.822053  	0.137270 
780.253711  	0.130600 
781.685369  	0.123213 
783.117028  	0.115707 
784.548686  	0.108221 
785.980344  	0.101272 
787.412002  	0.095618 
788.843660  	0.091299 
790.275319  	0.087855 
791.706977  	0.085272 
793.138635  	0.084112 
794.570293  	0.084307 
796.001951  	0.085509 
797.433610  	0.087786 
798.865268  	0.091270 
800.296926  	0.096099 
801.728584  	0.101614 
803.160242  	0.107040 
804.591900  	0.112892 
806.023559  	0.119626 
807.455217  	0.126963 
808.886875  	0.134746 
810.318533  	0.142199 
811.750191  	0.148000 
813.181850  	0.151928 
814.613508  	0.153681 
816.045166  	0.152111 
817.476824  	0.148026 
818.908482  	0.142519 
820.340141  	0.135571 
821.771799  	0.128311 
823.203457  	0.121328 
824.635115  	0.114763 
826.066773  	0.109471 
827.498431  	0.104873 
828.930090  	0.100568 
830.361748  	0.097238 
831.793406  	0.094179 
833.225064  	0.091149 
834.656722  	0.088640 
836.088381  	0.086084 
837.520039  	0.084262 
838.951697  	0.084055 
840.383355  	0.084252 
841.815013  	0.084855 
843.246671  	0.086426 
844.678330  	0.088130 
846.109988  	0.089837 
847.541646  	0.091308 
848.973304  	0.091659 
850.404962  	0.091021 
851.836621  	0.089658 
853.268279  	0.087383 
854.699937  	0.084571 
856.131595  	0.082330 
857.563253  	0.080759 
858.994912  	0.078659 
860.426570  	0.076233 
861.858228  	0.074005 
863.289886  	0.070865 
864.721544  	0.066857 
866.153202  	0.062557 
867.584861  	0.057342 
869.016519  	0.051705 
870.448177  	0.046400 
871.879835  	0.041415 
873.311493  	0.037535 
874.743152  	0.034748 
876.174810  	0.032351 
877.606468  	0.030820 
879.038126  	0.030120 
880.469784  	0.029827 
881.901443  	0.030024 
883.333101  	0.030371 
884.764759  	0.030593 
886.196417  	0.030668 
887.628075  	0.031045 
889.059733  	0.032025 
890.491392  	0.032693 
891.923050  	0.033069 
893.354708  	0.033828 
894.786366  	0.034607 
896.218024  	0.035511 
897.649683  	0.036494 
899.081341  	0.037419 
900.512999  	0.038907 
901.944657  	0.040270 
903.376315  	0.041276 
904.807973  	0.043210 
906.239632  	0.045892 
907.671290  	0.048941 
909.102948  	0.052708 
910.534606  	0.056903 
911.966264  	0.061242 
913.397923  	0.065010 
914.829581  	0.067114 
916.261239  	0.066852 
917.692897  	0.064162 
919.124555  	0.060300 
920.556214  	0.056764 
921.987872  	0.054351 
923.419530  	0.053176 
924.851188  	0.052386 
926.282846  	0.051847 
927.714504  	0.052210 
929.146163  	0.053237 
930.577821  	0.055019 
932.009479  	0.057216 
933.441137  	0.058852 
934.872795  	0.060672 
936.304454  	0.063058 
937.736112  	0.065432 
939.167770  	0.067886 
940.599428  	0.069901 
942.031086  	0.071705 
943.462744  	0.074181 
944.894403  	0.076520 
946.326061  	0.078366 
947.757719  	0.080055 
949.189377  	0.081332 
950.621035  	0.082651 
952.052694  	0.084324 
953.484352  	0.086076 
954.916010  	0.087886 
956.347668  	0.089626 
957.779326  	0.091265 
959.210985  	0.092326 
960.642643  	0.092524 
962.074301  	0.092711 
963.505959  	0.092603 
964.937617  	0.091585 
966.369275  	0.090681 
967.800934  	0.090120 
969.232592  	0.089429 
970.664250  	0.089223 
972.095908  	0.089704 
973.527566  	0.090486 
974.959225  	0.091666 
976.390883  	0.093101 
977.822541  	0.094187 
979.254199  	0.094942 
980.685857  	0.095862 
982.117516  	0.096594 
983.549174  	0.096705 
984.980832  	0.096548 
986.412490  	0.096384 
987.844148  	0.096433 
989.275806  	0.096761 
990.707465  	0.097362 
992.139123  	0.098663 
993.570781  	0.100335 
995.002439  	0.102183 
996.434097  	0.104956 
997.865756  	0.108164 
999.297414  	0.111467 
1000.729072  	0.115365 
1002.160730  	0.119194 
1003.592388  	0.123129 
1005.024046  	0.127841 
1006.455705  	0.132877 
1007.887363  	0.138681 
1009.319021  	0.145744 
1010.750679  	0.154060 
1012.182337  	0.164493 
1013.613996  	0.178425 
1015.045654  	0.195848 
1016.477312  	0.209765 
1017.908970  	0.210161 
1019.340628  	0.196925 
1020.772287  	0.177839 
1022.203945  	0.161252 
1023.635603  	0.152222 
1025.067261  	0.150983 
1026.498919  	0.155151 
1027.930577  	0.162107 
1029.362236  	0.170068 
1030.793894  	0.178960 
1032.225552  	0.188026 
1033.657210  	0.196806 
1035.088868  	0.206157 
1036.520527  	0.215462 
1037.952185  	0.224933 
1039.383843  	0.234458 
1040.815501  	0.242653 
1042.247159  	0.251367 
1043.678818  	0.261327 
1045.110476  	0.271268 
1046.542134  	0.281827 
1047.973792  	0.292452 
1049.405450  	0.303185 
1050.837108  	0.314423 
1052.268767  	0.325185 
1053.700425  	0.336025 
1055.132083  	0.345233 
1056.563741  	0.351828 
1057.995399  	0.356876 
1059.427058  	0.357926 
1060.858716  	0.356226 
1062.290374  	0.352989 
1063.722032  	0.346368 
1065.153690  	0.339246 
1066.585348  	0.331180 
1068.017007  	0.320689 
1069.448665  	0.310970 
1070.880323  	0.301110 
1072.311981  	0.290474 
1073.743639  	0.280528 
1075.175298  	0.269666 
1076.606956  	0.257843 
1078.038614  	0.245560 
1079.470272  	0.232821 
1080.901930  	0.220679 
1082.333589  	0.208353 
1083.765247  	0.196157 
1085.196905  	0.185892 
1086.628563  	0.177573 
1088.060221  	0.171800 
1089.491879  	0.168892 
1090.923538  	0.167611 
1092.355196  	0.167916 
1093.786854  	0.168934 
1095.218512  	0.169502 
1096.650170  	0.170643 
1098.081829  	0.172059 
1099.513487  	0.173539 
1100.945145  	0.175876 
1102.376803  	0.177860 
1103.808461  	0.178942 
1105.240120  	0.179207 
1106.671778  	0.178432 
1108.103436  	0.177346 
1109.535094  	0.175588 
1110.966752  	0.172826 
1112.398410  	0.169081 
1113.830069  	0.163592 
1115.261727  	0.157046 
1116.693385  	0.150005 
1118.125043  	0.142734 
1119.556701  	0.136554 
1120.988360  	0.130981 
1122.420018  	0.124882 
1123.851676  	0.118297 
1125.283334  	0.110525 
1126.714992  	0.102026 
1128.146650  	0.094351 
1129.578309  	0.087259 
1131.009967  	0.080920 
1132.441625  	0.076276 
1133.873283  	0.072504 
1135.304941  	0.069247 
1136.736600  	0.067143 
1138.168258  	0.065955 
1139.599916  	0.065393 
1141.031574  	0.065048 
1142.463232  	0.064897 
1143.894891  	0.065237 
1145.326549  	0.065666 
1146.758207  	0.066389 
1148.189865  	0.067217 
1149.621523  	0.067606 
1151.053181  	0.068543 
1152.484840  	0.070150 
1153.916498  	0.071908 
1155.348156  	0.074146 
1156.779814  	0.076504 
1158.211472  	0.079103 
1159.643131  	0.082127 
1161.074789  	0.085105 
1162.506447  	0.088563 
1163.938105  	0.092405 
1165.369763  	0.096403 
1166.801421  	0.101206 
1168.233080  	0.106611 
1169.664738  	0.112888 
1171.096396  	0.120236 
1172.528054  	0.128403 
1173.959712  	0.138182 
1175.391371  	0.149108 
1176.823029  	0.161214 
1178.254687  	0.175076 
1179.686345  	0.188060 
1181.118003  	0.198289 
1182.549662  	0.205431 
1183.981320  	0.210616 
1185.412978  	0.217290 
1186.844636  	0.226193 
1188.276294  	0.236812 
1189.707952  	0.249096 
1191.139611  	0.262226 
1192.571269  	0.277298 
1194.002927  	0.293626 
1195.434585  	0.310216 
1196.866243  	0.329081 
1198.297902  	0.348234 
1199.729560  	0.365970 
1201.161218  	0.380971 
1202.592876  	0.389026 
1204.024534  	0.392192 
1205.456193  	0.391413 
1206.887851  	0.387031 
1208.319509  	0.384652 
1209.751167  	0.385414 
1211.182825  	0.390172 
1212.614483  	0.398881 
1214.046142  	0.406156 
1215.477800  	0.412010 
1216.909458  	0.415374 
1218.341116  	0.413305 
1219.772774  	0.408927 
1221.204433  	0.401131 
1222.636091  	0.390377 
1224.067749  	0.379667 
1225.499407  	0.367204 
1226.931065  	0.354714 
1228.362723  	0.342651 
1229.794382  	0.329244 
1231.226040  	0.316539 
1232.657698  	0.303528 
1234.089356  	0.289948 
1235.521014  	0.277445 
1236.952673  	0.264073 
1238.384331  	0.250547 
1239.815989  	0.237964 
1241.247647  	0.224857 
1242.679305  	0.212253 
1244.110964  	0.200357 
1245.542622  	0.188644 
1246.974280  	0.178402 
1248.405938  	0.169185 
1249.837596  	0.160385 
1251.269254  	0.152483 
1252.700913  	0.144589 
1254.132571  	0.136171 
1255.564229  	0.127436 
1256.995887  	0.118199 
1258.427545  	0.108766 
1259.859204  	0.099271 
1261.290862  	0.089946 
1262.722520  	0.081864 
1264.154178  	0.075321 
1265.585836  	0.070214 
1267.017495  	0.067124 
1268.449153  	0.065712 
1269.880811  	0.065466 
1271.312469  	0.066334 
1272.744127  	0.067328 
1274.175785  	0.068006 
1275.607444  	0.068229 
1277.039102  	0.067601 
1278.470760  	0.066609 
1279.902418  	0.065484 
1281.334076  	0.064567 
1282.765735  	0.064393 
1284.197393  	0.064653 
1285.629051  	0.065987 
1287.060709  	0.068823 
1288.492367  	0.072519 
1289.924025  	0.077554 
1291.355684  	0.084067 
1292.787342  	0.092081 
1294.219000  	0.101909 
1295.650658  	0.113153 
1297.082316  	0.126285 
1298.513975  	0.140895 
1299.945633  	0.156454 
1301.377291  	0.172959 
1302.808949  	0.188566 
1304.240607  	0.202992 
1305.672266  	0.214938 
1307.103924  	0.222384 
1308.535582  	0.225734 
1309.967240  	0.223846 
1311.398898  	0.218484 
1312.830556  	0.212114 
1314.262215  	0.205364 
1315.693873  	0.200017 
1317.125531  	0.193938 
1318.557189  	0.183525 
1319.988847  	0.168403 
1321.420506  	0.149795 
1322.852164  	0.130949 
1324.283822  	0.113926 
1325.715480  	0.099414 
1327.147138  	0.087524 
1328.578796  	0.078153 
1330.010455  	0.071366 
1331.442113  	0.066620 
1332.873771  	0.063840 
1334.305429  	0.062259 
1335.737087  	0.061267 
1337.168746  	0.061041 
1338.600404  	0.060892 
1340.032062  	0.060919 
1341.463720  	0.060777 
1342.895378  	0.059812 
1344.327037  	0.059129 
1345.758695  	0.058673 
1347.190353  	0.057943 
1348.622011  	0.057648 
1350.053669  	0.057521 
1351.485327  	0.057620 
1352.916986  	0.058113 
1354.348644  	0.058288 
1355.780302  	0.058587 
1357.211960  	0.058878 
1358.643618  	0.058799 
1360.075277  	0.059022 
1361.506935  	0.059079 
1362.938593  	0.059054 
1364.370251  	0.059365 
1365.801909  	0.059086 
1367.233568  	0.058758 
1368.665226  	0.058424 
1370.096884  	0.057483 
1371.528542  	0.056752 
1372.960200  	0.056058 
1374.391858  	0.055175 
1375.823517  	0.054691 
1377.255175  	0.053919 
1378.686833  	0.053311 
1380.118491  	0.053227 
1381.550149  	0.052980 
1382.981808  	0.053430 
1384.413466  	0.054204 
1385.845124  	0.054933 
1387.276782  	0.057316 
1388.708440  	0.060028 
1390.140098  	0.062546 
1391.571757  	0.065816 
1393.003415  	0.068683 
1394.435073  	0.072645 
1395.866731  	0.077887 
1397.298389  	0.082149 
1398.730048  	0.088021 
1400.161706  	0.095525 
1401.593364  	0.103117 
1403.025022  	0.112598 
1404.456680  	0.125971 
1405.888339  	0.146117 
1407.319997  	0.170426 
1408.751655  	0.196631 
1410.183313  	0.225381 
1411.614971  	0.244970 
1413.046629  	0.246507 
1414.478288  	0.233105 
1415.909946  	0.203234 
1417.341604  	0.169746 
1418.773262  	0.135653 
1420.204920  	0.097715 
1421.636579  	0.078554 
1423.068237  	0.067780 
1424.499895  	0.059568 
1425.931553  	0.059279 
1427.363211  	0.060926 
1428.794870  	0.064769 
1430.226528  	0.071476 
1431.658186  	0.076029 
1433.089844  	0.079171 
1434.521502  	0.079872 
1435.953160  	0.078321 
1437.384819  	0.076586 
1438.816477  	0.074089 
1440.248135  	0.072360 
1441.679793  	0.072650 
1443.111451  	0.074122 
1444.543110  	0.077453 
1445.974768  	0.080551 
1447.406426  	0.081963 
1448.838084  	0.084111 
1450.269742  	0.084807 
1451.701400  	0.085420 
1453.133059  	0.087681 
1454.564717  	0.088062 
1455.996375  	0.087940 
1457.428033  	0.088020 
1458.859691  	0.086318 
1460.291350  	0.087070 
1461.723008  	0.088360 
1463.154666  	0.089793 
1464.586324  	0.093321 
1466.017982  	0.096346 
1467.449641  	0.099001 
1468.881299  	0.101913 
1470.312957  	0.103311 
1471.744615  	0.105742 
1473.176273  	0.107906 
1474.607931  	0.107619 
1476.039590  	0.107954 
1477.471248  	0.106446 
1478.902906  	0.105429 
1480.334564  	0.104535 
1481.766222  	0.102445 
1483.197881  	0.102842 
1484.629539  	0.103225 
1486.061197  	0.103955 
1487.492855  	0.107859 
1488.924513  	0.110318 
1490.356172  	0.115356 
1491.787830  	0.123837 
1493.219488  	0.129127 
1494.651146  	0.137005 
1496.082804  	0.147640 
1497.514462  	0.158413 
1498.946121  	0.172849 
1500.377779  	0.185536 
1501.809437  	0.199533 
1503.241095  	0.216280 
1504.672753  	0.228494 
1506.104412  	0.246546 
1507.536070  	0.284008 
1508.967728  	0.304312 
1510.399386  	0.324571 
1511.831044  	0.340722 
1513.262702  	0.349661 
1514.694361  	0.356297 
1516.126019  	0.353730 
1517.557677  	0.354542 
1518.989335  	0.356228 
1520.420993  	0.349342 
1521.852652  	0.354932 
1523.284310  	0.353688 
1524.715968  	0.345345 
1526.147626  	0.343843 
1527.579284  	0.335310 
1529.010943  	0.328694 
1530.442601  	0.323044 
1531.874259  	0.311169 
1533.305917  	0.304361 
1534.737575  	0.293887 
1536.169233  	0.280587 
1537.600892  	0.270997 
1539.032550  	0.253006 
1540.464208  	0.236916 
1541.895866  	0.223042 
1543.327524  	0.201661 
1544.759183  	0.186374 
1546.190841  	0.166397 
1547.622499  	0.148078 
1549.054157  	0.133456 
1550.485815  	0.112320 
1551.917473  	0.096248 
1553.349132  	0.083797 
1554.780790  	0.067075 
1556.212448  	0.056316 
1557.644106  	0.048610 
1559.075764  	0.037358 
1560.507423  	0.030562 
1561.939081  	0.025536 
1563.370739  	0.021815 
1564.802397  	0.019116 
1566.234055  	0.016457 
1567.665714  	0.015016 
1569.097372  	0.014275 
1570.529030  	0.013947 
1571.960688  	0.013943 
1573.392346  	0.013985 
1574.824004  	0.014705 
1576.255663  	0.017554 
1577.687321  	0.021300 
1579.118979  	0.024107 
1580.550637  	0.028900 
1581.982295  	0.036165 
1583.413954  	0.044645 
1584.845612  	0.056440 
1586.277270  	0.070483 
1587.708928  	0.086505 
1589.140586  	0.105999 
1590.572245  	0.124288 
1592.003903  	0.142726 
1593.435561  	0.158628 
1594.867219  	0.167518 
1596.298877  	0.174615 
1597.730535  	0.174625 
1599.162194  	0.169594 
1600.593852  	0.163146 
1602.025510  	0.151316 
1603.457168  	0.140281 
1604.888826  	0.130124 
1606.320485  	0.120194 
1607.752143  	0.114484 
1609.183801  	0.109598 
1610.615459  	0.106567 
1612.047117  	0.105071 
1613.478775  	0.099854 
1614.910434  	0.094533 
1616.342092  	0.085748 
1617.773750  	0.070540 
1619.205408  	0.060300 
1620.637066  	0.049512 
1622.068725  	0.039956 
1623.500383  	0.034415 
1624.932041  	0.028158 
1626.363699  	0.025009 
1627.795357  	0.023875 
1629.227016  	0.021697 
1630.658674  	0.021547 
1632.090332  	0.020932 
1633.521990  	0.019770 
1634.953648  	0.021178 
1636.385306  	0.021299 
1637.816965  	0.021293 
1639.248623  	0.022155 
1640.680281  	0.021766 
1642.111939  	0.023216 
1643.543597  	0.024400 
1644.975256  	0.024252 
1646.406914  	0.026999 
1647.838572  	0.028913 
1649.270230  	0.030128 
1650.701888  	0.032281 
1652.133547  	0.032260 
1653.565205  	0.037496 
1654.996863  	0.041447 
1656.428521  	0.041242 
1657.860179  	0.044781 
1659.291837  	0.047961 
1660.723496  	0.050716 
1662.155154  	0.056506 
1663.586812  	0.061239 
1665.018470  	0.067126 
1666.450128  	0.073818 
1667.881787  	0.078582 
1669.313445  	0.086663 
1670.745103  	0.095047 
1672.176761  	0.101506 
1673.608419  	0.110092 
1675.040077  	0.117898 
1676.471736  	0.130448 
1677.903394  	0.141695 
1679.335052  	0.148912 
1680.766710  	0.161702 
1682.198368  	0.172318 
1683.630027  	0.177670 
1685.061685  	0.199486 
1686.493343  	0.208943 
1687.925001  	0.214667 
1689.356659  	0.228331 
1690.788318  	0.238952 
1692.219976  	0.249293 
1693.651634  	0.259421 
1695.083292  	0.263305 
1696.514950  	0.276813 
1697.946608  	0.283927 
1699.378267  	0.278183 
1700.809925  	0.281284 
1702.241583  	0.279942 
1703.673241  	0.270614 
1705.104899  	0.264620 
1706.536558  	0.256643 
1707.968216  	0.246930 
1709.399874  	0.239503 
1710.831532  	0.229552 
1712.263190  	0.220187 
1713.694849  	0.212679 
1715.126507  	0.202245 
1716.558165  	0.194114 
1717.989823  	0.187855 
1719.421481  	0.179669 
1720.853139  	0.175421 
1722.284798  	0.171255 
1723.716456  	0.167505 
1725.148114  	0.166211 
1726.579772  	0.163202 
1728.011430  	0.159607 
1729.443089  	0.155324 
1730.874747  	0.147182 
1732.306405  	0.139629 
1733.738063  	0.129674 
1735.169721  	0.111107 
1736.601379  	0.100208 
1738.033038  	0.088661 
1739.464696  	0.073212 
1740.896354  	0.060374 
1742.328012  	0.047737 
1743.759670  	0.036527 
1745.191329  	0.028158 
1746.622987  	0.018812 
1748.054645  	0.013033 
1749.486303  	0.008122 
1750.917961  	0.002002 
1752.349620  	0.000544 
1753.781278  	-0.002514 
1755.212936  	-0.004980 
1756.644594  	-0.004955 
1758.076252  	-0.007539 
1759.507910  	-0.008174 
1760.939569  	-0.008080 
1762.371227  	-0.010034 
1763.802885  	-0.009292 
1765.234543  	-0.010037 
1766.666201  	-0.011201 
1768.097860  	-0.010009 
1769.529518  	-0.011369 
1770.961176  	-0.011489 
1772.392834  	-0.009846 
1773.824492  	-0.011387 
1775.256150  	-0.010574 
1776.687809  	-0.010427 
1778.119467  	-0.011654 
1779.551125  	-0.011008 
1780.982783  	-0.011678 
1782.414441  	-0.011890 
1783.846100  	-0.011174 
1785.277758  	-0.012167 
1786.709416  	-0.011464 
1788.141074  	-0.011292 
1789.572732  	-0.012517 
1791.004391  	-0.011750 
1792.436049  	-0.012071 
1793.867707  	-0.012541 
1795.299365  	-0.011896 
1796.731023  	-0.012832 
1798.162681  	-0.012423 
1799.594340  	-0.012153 
1801.025998  	-0.013430 
1802.457656  	-0.012752 
1803.889314  	-0.013059 
1805.320972  	-0.013475 
1806.752631  	-0.012810 
1808.184289  	-0.013872 
1809.615947  	-0.013865 
1811.047605  	-0.013447 
1812.479263  	-0.014510 
1813.910922  	-0.013888 
1815.342580  	-0.014314 
1816.774238  	-0.015198 
1818.205896  	-0.014328 
1819.637554  	-0.015246 
1821.069212  	-0.015286 
1822.500871  	-0.014586 
1823.932529  	-0.015772 
1825.364187  	-0.014879 
1826.795845  	-0.014889 
1828.227503  	-0.016366 
1829.659162  	-0.015295 
1831.090820  	-0.015602 
1832.522478  	-0.016055 
1833.954136  	-0.015653 
1835.385794  	-0.016935 
1836.817452  	-0.016734 
1838.249111  	-0.016815 
1839.680769  	-0.017902 
1841.112427  	-0.016796 
1842.544085  	-0.017230 
1843.975743  	-0.017684 
1845.407402  	-0.016262 
1846.839060  	-0.017759 
1848.270718  	-0.017473 
1849.702376  	-0.016706 
1851.134034  	-0.017969 
1852.565693  	-0.017011 
1853.997351  	-0.017086 
1855.429009  	-0.018058 
1856.860667  	-0.016771 
1858.292325  	-0.017273 
1859.723983  	-0.017500 
1861.155642  	-0.016873 
1862.587300  	-0.017905 
1864.018958  	-0.017005 
1865.450616  	-0.016648 
1866.882274  	-0.017572 
1868.313933  	-0.016198 
1869.745591  	-0.016621 
1871.177249  	-0.016965 
1872.608907  	-0.016174 
1874.040565  	-0.017102 
1875.472224  	-0.016357 
1876.903882  	-0.015721 
1878.335540  	-0.016235 
1879.767198  	-0.014939 
1881.198856  	-0.015573 
1882.630514  	-0.016055 
1884.062173  	-0.014473 
1885.493831  	-0.015168 
1886.925489  	-0.015007 
1888.357147  	-0.014403 
1889.788805  	-0.015317 
1891.220464  	-0.013904 
1892.652122  	-0.013668 
1894.083780  	-0.013946 
1895.515438  	-0.012556 
1896.947096  	-0.013447 
1898.378754  	-0.013407 
1899.810413  	-0.012586 
1901.242071  	-0.013567 
1902.673729  	-0.012573 
1904.105387  	-0.012457 
1905.537045  	-0.013438 
1906.968704  	-0.012485 
1908.400362  	-0.013245 
1909.832020  	-0.013385 
1911.263678  	-0.012920 
1912.695336  	-0.014579 
1914.126995  	-0.013718 
1915.558653  	-0.013493 
1916.990311  	-0.015297 
1918.421969  	-0.014648 
1919.853627  	-0.015351 
1921.285285  	-0.015418 
1922.716944  	-0.014106 
1924.148602  	-0.015570 
1925.580260  	-0.014996 
1927.011918  	-0.015034 
1928.443576  	-0.017376 
1929.875235  	-0.016324 
1931.306893  	-0.016425 
1932.738551  	-0.016660 
1934.170209  	-0.014925 
1935.601867  	-0.016618 
1937.033525  	-0.016067 
1938.465184  	-0.014643 
1939.896842  	-0.017060 
1941.328500  	-0.015832 
1942.760158  	-0.014763 
1944.191816  	-0.015975 
1945.623475  	-0.014145 
1947.055133  	-0.014929 
1948.486791  	-0.015787 
1949.918449  	-0.015244 
1951.350107  	-0.016611 
1952.781766  	-0.014664 
1954.213424  	-0.013937 
1955.645082  	-0.015567 
1957.076740  	-0.014168 
1958.508398  	-0.015336 
1959.940056  	-0.015338 
1961.371715  	-0.013379 
1962.803373  	-0.014982 
1964.235031  	-0.012896 
1965.666689  	-0.012225 
1967.098347  	-0.013964 
1968.530006  	-0.010630 
1969.961664  	-0.011953 
1971.393322  	-0.012756 
1972.824980  	-0.010489 
1974.256638  	-0.014313 
1975.688297  	-0.013303 
1977.119955  	-0.011392 
1978.551613  	-0.013904 
1979.983271  	-0.010399 
1981.414929  	-0.011437 
1982.846587  	-0.014789 
1984.278246  	-0.013172 
1985.709904  	-0.014219 
1987.141562  	-0.013686 
1988.573220  	-0.014168 
1990.004878  	-0.017725 
1991.436537  	-0.014821 
1992.868195  	-0.014976 
1994.299853  	-0.017202 
1995.731511  	-0.013480 
1997.163169  	-0.014862 
1998.594827  	-0.016558 
2000.026486  	-0.014423 
2001.458144  	-0.015785 
2002.889802  	-0.013841 
2004.321460  	-0.011500 
2005.753118  	-0.011599 
2007.184777  	-0.008562 
2008.616435  	-0.009863 
2010.048093  	-0.011350 
2011.479751  	-0.010308 
2012.911409  	-0.012304 
2014.343068  	-0.009679 
2015.774726  	-0.009333 
2017.206384  	-0.013183 
2018.638042  	-0.010343 
2020.069700  	-0.011327 
2021.501358  	-0.012826 
2022.933017  	-0.009508 
2024.364675  	-0.011568 
2025.796333  	-0.009705 
2027.227991  	-0.007164 
2028.659649  	-0.012160 
2030.091308  	-0.011170 
2031.522966  	-0.009784 
2032.954624  	-0.011694 
2034.386282  	-0.009852 
2035.817940  	-0.011015 
2037.249599  	-0.011012 
2038.681257  	-0.009790 
2040.112915  	-0.012182 
2041.544573  	-0.011268 
2042.976231  	-0.011878 
2044.407889  	-0.014139 
2045.839548  	-0.011845 
2047.271206  	-0.011703 
2048.702864  	-0.011301 
2050.134522  	-0.010082 
2051.566180  	-0.012295 
2052.997839  	-0.012432 
2054.429497  	-0.012282 
2055.861155  	-0.012637 
2057.292813  	-0.011255 
2058.724471  	-0.013093 
2060.156129  	-0.014017 
2061.587788  	-0.012267 
2063.019446  	-0.012808 
2064.451104  	-0.011232 
2065.882762  	-0.010329 
2067.314420  	-0.012724 
2068.746079  	-0.012207 
2070.177737  	-0.012076 
2071.609395  	-0.012804 
2073.041053  	-0.012053 
2074.472711  	-0.013433 
2075.904370  	-0.013821 
2077.336028  	-0.012654 
2078.767686  	-0.012615 
2080.199344  	-0.011966 
2081.631002  	-0.012619 
2083.062660  	-0.012941 
2084.494319  	-0.011736 
2085.925977  	-0.012774 
2087.357635  	-0.012668 
2088.789293  	-0.011638 
2090.220951  	-0.012673 
2091.652610  	-0.012337 
2093.084268  	-0.012712 
2094.515926  	-0.013300 
2095.947584  	-0.011142 
2097.379242  	-0.011844 
2098.810901  	-0.013364 
2100.242559  	-0.012334 
2101.674217  	-0.012342 
2103.105875  	-0.011852 
2104.537533  	-0.011908 
2105.969191  	-0.013155 
2107.400850  	-0.012033 
2108.832508  	-0.011286 
2110.264166  	-0.011251 
2111.695824  	-0.010889 
2113.127482  	-0.011729 
2114.559141  	-0.011066 
2115.990799  	-0.010812 
2117.422457  	-0.012531 
2118.854115  	-0.012096 
2120.285773  	-0.011626 
2121.717431  	-0.011923 
2123.149090  	-0.011642 
2124.580748  	-0.012748 
2126.012406  	-0.012440 
2127.444064  	-0.011434 
2128.875722  	-0.012063 
2130.307381  	-0.011006 
2131.739039  	-0.010627 
2133.170697  	-0.010465 
2134.602355  	-0.008465 
2136.034013  	-0.010268 
2137.465672  	-0.011102 
2138.897330  	-0.008560 
2140.328988  	-0.009302 
2141.760646  	-0.009475 
2143.192304  	-0.009398 
2144.623962  	-0.010476 
2146.055621  	-0.008540 
2147.487279  	-0.008364 
2148.918937  	-0.008282 
2150.350595  	-0.006008 
2151.782253  	-0.006820 
2153.213912  	-0.006539 
2154.645570  	-0.005910 
2156.077228  	-0.005788 
2157.508886  	-0.002970 
2158.940544  	-0.006765 
2160.372202  	-0.009131 
2161.803861  	-0.005098 
2163.235519  	-0.007863 
2164.667177  	-0.008585 
2166.098835  	-0.006438 
2167.530493  	-0.007834 
2168.962152  	-0.006117 
2170.393810  	-0.005723 
2171.825468  	-0.007076 
2173.257126  	-0.005499 
2174.688784  	-0.006722 
2176.120443  	-0.007180 
2177.552101  	-0.006418 
2178.983759  	-0.008933 
2180.415417  	-0.008574 
2181.847075  	-0.007970 
2183.278733  	-0.008681 
2184.710392  	-0.007174 
2186.142050  	-0.008513 
2187.573708  	-0.008895 
2189.005366  	-0.007481 
2190.437024  	-0.009311 
2191.868683  	-0.008247 
2193.300341  	-0.006460 
2194.731999  	-0.007722 
2196.163657  	-0.007612 
2197.595315  	-0.008964 
2199.026974  	-0.009969 
2200.458632  	-0.008186 
2201.890290  	-0.008532 
2203.321948  	-0.008420 
2204.753606  	-0.008043 
2206.185264  	-0.009218 
2207.616923  	-0.008006 
2209.048581  	-0.007457 
2210.480239  	-0.008504 
2211.911897  	-0.008679 
2213.343555  	-0.009776 
2214.775214  	-0.009785 
2216.206872  	-0.009093 
2217.638530  	-0.009235 
2219.070188  	-0.008908 
2220.501846  	-0.010398 
2221.933504  	-0.010576 
2223.365163  	-0.007882 
2224.796821  	-0.007802 
2226.228479  	-0.008221 
2227.660137  	-0.008612 
2229.091795  	-0.009717 
2230.523454  	-0.007777 
2231.955112  	-0.007405 
2233.386770  	-0.009463 
2234.818428  	-0.009043 
2236.250086  	-0.009306 
2237.681745  	-0.009914 
2239.113403  	-0.009418 
2240.545061  	-0.010029 
2241.976719  	-0.009675 
2243.408377  	-0.009314 
2244.840035  	-0.009641 
2246.271694  	-0.008673 
2247.703352  	-0.008761 
2249.135010  	-0.008597 
2250.566668  	-0.007436 
2251.998326  	-0.007995 
2253.429985  	-0.008074 
2254.861643  	-0.008189 
2256.293301  	-0.008921 
2257.724959  	-0.007609 
2259.156617  	-0.007248 
2260.588276  	-0.008111 
2262.019934  	-0.008050 
2263.451592  	-0.008756 
2264.883250  	-0.008913 
2266.314908  	-0.008379 
2267.746566  	-0.008450 
2269.178225  	-0.008031 
2270.609883  	-0.008376 
2272.041541  	-0.008705 
2273.473199  	-0.008264 
2274.904857  	-0.008752 
2276.336516  	-0.008106 
2277.768174  	-0.007220 
2279.199832  	-0.008015 
2280.631490  	-0.008135 
2282.063148  	-0.008467 
2283.494806  	-0.008721 
2284.926465  	-0.007898 
2286.358123  	-0.008672 
2287.789781  	-0.009065 
2289.221439  	-0.008041 
2290.653097  	-0.008269 
2292.084756  	-0.008063 
2293.516414  	-0.007392 
2294.948072  	-0.007510 
2296.379730  	-0.007120 
2297.811388  	-0.007352 
2299.243047  	-0.008027 
2300.674705  	-0.008031 
2302.106363  	-0.008536 
2303.538021  	-0.008483 
2304.969679  	-0.007914 
2306.401337  	-0.007974 
2307.832996  	-0.007497 
2309.264654  	-0.007213 
2310.696312  	-0.007268 
2312.127970  	-0.006986 
2313.559628  	-0.007577 
2314.991287  	-0.007714 
2316.422945  	-0.007138 
2317.854603  	-0.007294 
2319.286261  	-0.006815 
2320.717919  	-0.006266 
2322.149577  	-0.006169 
2323.581236  	-0.005493 
2325.012894  	-0.005780 
2326.444552  	-0.006162 
2327.876210  	-0.005504 
2329.307868  	-0.005361 
2330.739527  	-0.005087 
2332.171185  	-0.004708 
2333.602843  	-0.005090 
2335.034501  	-0.004861 
2336.466159  	-0.004556 
2337.897818  	-0.004528 
2339.329476  	-0.004026 
2340.761134  	-0.003867 
2342.192792  	-0.004006 
2343.624450  	-0.004392 
2345.056108  	-0.004620 
2346.487767  	-0.004423 
2347.919425  	-0.005367 
2349.351083  	-0.006022 
2350.782741  	-0.005150 
2352.214399  	-0.004507 
2353.646058  	-0.004243 
2355.077716  	-0.003574 
2356.509374  	-0.003042 
2357.941032  	-0.001994 
2359.372690  	-0.001856 
2360.804349  	-0.002633 
2362.236007  	-0.002548 
2363.667665  	-0.003159 
2365.099323  	-0.003459 
2366.530981  	-0.002958 
2367.962639  	-0.003457 
2369.394298  	-0.003423 
2370.825956  	-0.003453 
2372.257614  	-0.004421 
2373.689272  	-0.004792 
2375.120930  	-0.005415 
2376.552589  	-0.005961 
2377.984247  	-0.005874 
2379.415905  	-0.006385 
2380.847563  	-0.006814 
2382.279221  	-0.007323 
2383.710879  	-0.008297 
2385.142538  	-0.008372 
2386.574196  	-0.008189 
2388.005854  	-0.008248 
2389.437512  	-0.007987 
2390.869170  	-0.008126 
2392.300829  	-0.008226 
2393.732487  	-0.008041 
2395.164145  	-0.008075 
2396.595803  	-0.007800 
2398.027461  	-0.007887 
2399.459120  	-0.008113 
2400.890778  	-0.007636 
2402.322436  	-0.007887 
2403.754094  	-0.008405 
2405.185752  	-0.008144 
2406.617410  	-0.007880 
2408.049069  	-0.007363 
2409.480727  	-0.007267 
2410.912385  	-0.007877 
2412.344043  	-0.007859 
2413.775701  	-0.007924 
2415.207360  	-0.008176 
2416.639018  	-0.007909 
2418.070676  	-0.007695 
2419.502334  	-0.007239 
2420.933992  	-0.007141 
2422.365651  	-0.007715 
2423.797309  	-0.007517 
2425.228967  	-0.007319 
2426.660625  	-0.007656 
2428.092283  	-0.007597 
2429.523941  	-0.007407 
2430.955600  	-0.006969 
2432.387258  	-0.006756 
2433.818916  	-0.007161 
2435.250574  	-0.007117 
2436.682232  	-0.007097 
2438.113891  	-0.007212 
2439.545549  	-0.006891 
2440.977207  	-0.006953 
2442.408865  	-0.007049 
2443.840523  	-0.007010 
2445.272181  	-0.007153 
2446.703840  	-0.006882 
2448.135498  	-0.007009 
2449.567156  	-0.007335 
2450.998814  	-0.007066 
2452.430472  	-0.007166 
2453.862131  	-0.006750 
2455.293789  	-0.005879 
2456.725447  	-0.006251 
2458.157105  	-0.006525 
2459.588763  	-0.006231 
2461.020422  	-0.006252 
2462.452080  	-0.006173 
2463.883738  	-0.006316 
2465.315396  	-0.006209 
2466.747054  	-0.005754 
2468.178712  	-0.006099 
2469.610371  	-0.006238 
2471.042029  	-0.005911 
2472.473687  	-0.005793 
2473.905345  	-0.005391 
2475.337003  	-0.005439 
2476.768662  	-0.005740 
2478.200320  	-0.005554 
2479.631978  	-0.005722 
2481.063636  	-0.005784 
2482.495294  	-0.005731 
2483.926953  	-0.005873 
2485.358611  	-0.005394 
2486.790269  	-0.005429 
2488.221927  	-0.005966 
2489.653585  	-0.005683 
2491.085243  	-0.005459 
2492.516902  	-0.005255 
2493.948560  	-0.005276 
2495.380218  	-0.005933 
2496.811876  	-0.005589 
2498.243534  	-0.005194 
2499.675193  	-0.005645 
2501.106851  	-0.005369 
2502.538509  	-0.005248 
2503.970167  	-0.005617 
2505.401825  	-0.005650 
2506.833483  	-0.005928 
2508.265142  	-0.005776 
2509.696800  	-0.005370 
2511.128458  	-0.005433 
2512.560116  	-0.005119 
2513.991774  	-0.005270 
2515.423433  	-0.005973 
2516.855091  	-0.005985 
2518.286749  	-0.005945 
2519.718407  	-0.005763 
2521.150065  	-0.005388 
2522.581724  	-0.005543 
2524.013382  	-0.005647 
2525.445040  	-0.005717 
2526.876698  	-0.005614 
2528.308356  	-0.005158 
2529.740014  	-0.005322 
2531.171673  	-0.005337 
2532.603331  	-0.004844 
2534.034989  	-0.004830 
2535.466647  	-0.004787 
2536.898305  	-0.004813 
2538.329964  	-0.004983 
2539.761622  	-0.004759 
2541.193280  	-0.004938 
2542.624938  	-0.005320 
2544.056596  	-0.005533 
2545.488254  	-0.005710 
2546.919913  	-0.004915 
2548.351571  	-0.004037 
2549.783229  	-0.004132 
2551.214887  	-0.004374 
2552.646545  	-0.004669 
2554.078204  	-0.004485 
2555.509862  	-0.003860 
2556.941520  	-0.004011 
2558.373178  	-0.004391 
2559.804836  	-0.004584 
2561.236495  	-0.004375 
2562.668153  	-0.003662 
2564.099811  	-0.003990 
2565.531469  	-0.004663 
2566.963127  	-0.004509 
2568.394785  	-0.004498 
2569.826444  	-0.003954 
2571.258102  	-0.003315 
2572.689760  	-0.003881 
2574.121418  	-0.004128 
2575.553076  	-0.004038 
2576.984735  	-0.004287 
2578.416393  	-0.004033 
2579.848051  	-0.003797 
2581.279709  	-0.003738 
2582.711367  	-0.003670 
2584.143026  	-0.003812 
2585.574684  	-0.003438 
2587.006342  	-0.003211 
2588.438000  	-0.003583 
2589.869658  	-0.003604 
2591.301316  	-0.003799 
2592.732975  	-0.003918 
2594.164633  	-0.003444 
2595.596291  	-0.003451 
2597.027949  	-0.003533 
2598.459607  	-0.003249 
2599.891266  	-0.003161 
2601.322924  	-0.002966 
2602.754582  	-0.002811 
2604.186240  	-0.002987 
2605.617898  	-0.003397 
2607.049556  	-0.003669 
2608.481215  	-0.003163 
2609.912873  	-0.003017 
2611.344531  	-0.003619 
2612.776189  	-0.003409 
2614.207847  	-0.003037 
2615.639506  	-0.003207 
2617.071164  	-0.003190 
2618.502822  	-0.003243 
2619.934480  	-0.003109 
2621.366138  	-0.002848 
2622.797797  	-0.003101 
2624.229455  	-0.003067 
2625.661113  	-0.002852 
2627.092771  	-0.002920 
2628.524429  	-0.002678 
2629.956087  	-0.002557 
2631.387746  	-0.002635 
2632.819404  	-0.002481 
2634.251062  	-0.002521 
2635.682720  	-0.002527 
2637.114378  	-0.002447 
2638.546037  	-0.002584 
2639.977695  	-0.002509 
2641.409353  	-0.002405 
2642.841011  	-0.002423 
2644.272669  	-0.002298 
2645.704328  	-0.002379 
2647.135986  	-0.002486 
2648.567644  	-0.002336 
2649.999302  	-0.002318 
2651.430960  	-0.002420 
2652.862618  	-0.002444 
2654.294277  	-0.002347 
2655.725935  	-0.002239 
2657.157593  	-0.002185 
2658.589251  	-0.001940 
2660.020909  	-0.001830 
2661.452568  	-0.001972 
2662.884226  	-0.001774 
2664.315884  	-0.001529 
2665.747542  	-0.001551 
2667.179200  	-0.001510 
2668.610858  	-0.001490 
2670.042517  	-0.001409 
2671.474175  	-0.001267 
2672.905833  	-0.001302 
2674.337491  	-0.001249 
2675.769149  	-0.001144 
2677.200808  	-0.001027 
2678.632466  	-0.000674 
2680.064124  	-0.000473 
2681.495782  	-0.000439 
2682.927440  	-0.000300 
2684.359099  	-0.000257 
2685.790757  	-0.000156 
2687.222415  	0.000064 
2688.654073  	0.000178 
2690.085731  	0.000268 
2691.517389  	0.000387 
2692.949048  	0.000672 
2694.380706  	0.001036 
2695.812364  	0.001165 
2697.244022  	0.001256 
2698.675680  	0.001411 
2700.107339  	0.001610 
2701.538997  	0.001885 
2702.970655  	0.001942 
2704.402313  	0.001980 
2705.833971  	0.002246 
2707.265630  	0.002433 
2708.697288  	0.002590 
2710.128946  	0.002788 
2711.560604  	0.003048 
2712.992262  	0.003420 
2714.423920  	0.003539 
2715.855579  	0.003633 
2717.287237  	0.003927 
2718.718895  	0.003958 
2720.150553  	0.003950 
2721.582211  	0.004076 
2723.013870  	0.004198 
2724.445528  	0.004590 
2725.877186  	0.004931 
2727.308844  	0.005061 
2728.740502  	0.005338 
2730.172160  	0.005560 
2731.603819  	0.005788 
2733.035477  	0.006054 
2734.467135  	0.006177 
2735.898793  	0.006503 
2737.330451  	0.006756 
2738.762110  	0.006717 
2740.193768  	0.006928 
2741.625426  	0.007127 
2743.057084  	0.007094 
2744.488742  	0.007193 
2745.920401  	0.007350 
2747.352059  	0.007487 
2748.783717  	0.007520 
2750.215375  	0.007478 
2751.647033  	0.007522 
2753.078691  	0.007503 
2754.510350  	0.007707 
2755.942008  	0.008078 
2757.373666  	0.007989 
2758.805324  	0.007830 
2760.236982  	0.007926 
2761.668641  	0.008100 
2763.100299  	0.008470 
2764.531957  	0.008690 
2765.963615  	0.008720 
2767.395273  	0.008803 
2768.826931  	0.008773 
2770.258590  	0.009064 
2771.690248  	0.009526 
2773.121906  	0.009534 
2774.553564  	0.009666 
2775.985222  	0.009929 
2777.416881  	0.009980 
2778.848539  	0.010323 
2780.280197  	0.010790 
2781.711855  	0.011110 
2783.143513  	0.011484 
2784.575172  	0.011966 
2786.006830  	0.012695 
2787.438488  	0.013305 
2788.870146  	0.013671 
2790.301804  	0.014255 
2791.733462  	0.014737 
2793.165121  	0.015171 
2794.596779  	0.015807 
2796.028437  	0.016037 
2797.460095  	0.016122 
2798.891753  	0.016334 
2800.323412  	0.016177 
2801.755070  	0.016053 
2803.186728  	0.016083 
2804.618386  	0.015791 
2806.050044  	0.015524 
2807.481703  	0.015413 
2808.913361  	0.015082 
2810.345019  	0.014652 
2811.776677  	0.014604 
2813.208335  	0.014902 
2814.639993  	0.014996 
2816.071652  	0.015126 
2817.503310  	0.015710 
2818.934968  	0.016345 
2820.366626  	0.017030 
2821.798284  	0.017896 
2823.229943  	0.018797 
2824.661601  	0.019901 
2826.093259  	0.021150 
2827.524917  	0.022693 
2828.956575  	0.024601 
2830.388233  	0.026279 
2831.819892  	0.028033 
2833.251550  	0.030263 
2834.683208  	0.032522 
2836.114866  	0.034925 
2837.546524  	0.037411 
2838.978183  	0.039706 
2840.409841  	0.042185 
2841.841499  	0.044754 
2843.273157  	0.047222 
2844.704815  	0.049712 
2846.136474  	0.052104 
2847.568132  	0.054550 
2848.999790  	0.056997 
2850.431448  	0.059003 
2851.863106  	0.060566 
2853.294764  	0.061812 
2854.726423  	0.062797 
2856.158081  	0.063428 
2857.589739  	0.063638 
2859.021397  	0.063782 
2860.453055  	0.063699 
2861.884714  	0.063180 
2863.316372  	0.062732 
2864.748030  	0.062150 
2866.179688  	0.061081 
2867.611346  	0.059919 
2869.043005  	0.058585 
2870.474663  	0.056943 
2871.906321  	0.055146 
2873.337979  	0.053140 
2874.769637  	0.051108 
2876.201295  	0.049058 
2877.632954  	0.046912 
2879.064612  	0.045033 
2880.496270  	0.043510 
2881.927928  	0.042283 
2883.359586  	0.041344 
2884.791245  	0.040779 
2886.222903  	0.040851 
2887.654561  	0.041169 
2889.086219  	0.041538 
2890.517877  	0.042243 
2891.949535  	0.042807 
2893.381194  	0.043233 
2894.812852  	0.043984 
2896.244510  	0.044833 
2897.676168  	0.045823 
2899.107826  	0.046741 
2900.539485  	0.047257 
2901.971143  	0.047852 
2903.402801  	0.048466 
2904.834459  	0.049062 
2906.266117  	0.050079 
2907.697776  	0.051126 
2909.129434  	0.051994 
2910.561092  	0.052821 
2911.992750  	0.053528 
2913.424408  	0.054351 
2914.856066  	0.055051 
2916.287725  	0.055433 
2917.719383  	0.055848 
2919.151041  	0.056084 
2920.582699  	0.056281 
2922.014357  	0.056713 
2923.446016  	0.056921 
2924.877674  	0.057137 
2926.309332  	0.057753 
2927.740990  	0.058596 
2929.172648  	0.059459 
2930.604306  	0.059946 
2932.035965  	0.060478 
2933.467623  	0.061538 
2934.899281  	0.062483 
2936.330939  	0.063346 
2937.762597  	0.064205 
2939.194256  	0.064421 
2940.625914  	0.064375 
2942.057572  	0.064479 
2943.489230  	0.064424 
2944.920888  	0.064095 
2946.352547  	0.063350 
2947.784205  	0.062428 
2949.215863  	0.061515 
2950.647521  	0.060223 
2952.079179  	0.058660 
2953.510837  	0.056919 
2954.942496  	0.054894 
2956.374154  	0.052730 
2957.805812  	0.050225 
2959.237470  	0.047586 
2960.669128  	0.044987 
2962.100787  	0.041865 
2963.532445  	0.038639 
2964.964103  	0.035839 
2966.395761  	0.033150 
2967.827419  	0.030610 
2969.259078  	0.028107 
2970.690736  	0.025741 
2972.122394  	0.023845 
2973.554052  	0.021900 
2974.985710  	0.019947 
2976.417368  	0.018357 
2977.849027  	0.016812 
2979.280685  	0.015470 
2980.712343  	0.014417 
2982.144001  	0.013344 
2983.575659  	0.012341 
2985.007318  	0.011482 
2986.438976  	0.010778 
2987.870634  	0.010028 
2989.302292  	0.009247 
2990.733950  	0.008881 
2992.165608  	0.008520 
2993.597267  	0.007969 
2995.028925  	0.007702 
2996.460583  	0.007431 
2997.892241  	0.007254 
2999.323899  	0.007410 
3000.755558  	0.007311 
3002.187216  	0.007092 
3003.618874  	0.007155 
3005.050532  	0.007411 
3006.482190  	0.007627 
3007.913849  	0.007370 
3009.345507  	0.007111 
3010.777165  	0.007361 
3012.208823  	0.007465 
3013.640481  	0.007380 
3015.072139  	0.007512 
3016.503798  	0.007837 
3017.935456  	0.008341 
3019.367114  	0.008734 
3020.798772  	0.009064 
3022.230430  	0.009540 
3023.662089  	0.010079 
3025.093747  	0.011116 
3026.525405  	0.012443 
3027.957063  	0.013362 
3029.388721  	0.014023 
3030.820380  	0.014331 
3032.252038  	0.014387 
3033.683696  	0.014585 
3035.115354  	0.014588 
3036.547012  	0.014657 
3037.978670  	0.014985 
3039.410329  	0.015084 
3040.841987  	0.015208 
3042.273645  	0.015187 
3043.705303  	0.014722 
3045.136961  	0.014580 
3046.568620  	0.014773 
3048.000278  	0.014791 
3049.431936  	0.014646 
3050.863594  	0.014438 
3052.295252  	0.014421 
3053.726910  	0.014471 
3055.158569  	0.014461 
3056.590227  	0.014571 
3058.021885  	0.014432 
3059.453543  	0.014052 
3060.885201  	0.013776 
3062.316860  	0.013564 
3063.748518  	0.013433 
3065.180176  	0.012926 
3066.611834  	0.012193 
3068.043492  	0.012020 
3069.475151  	0.011718 
3070.906809  	0.011162 
3072.338467  	0.011021 
3073.770125  	0.010544 
3075.201783  	0.009727 
3076.633441  	0.009303 
3078.065100  	0.008931 
3079.496758  	0.008492 
3080.928416  	0.008158 
3082.360074  	0.008072 
3083.791732  	0.008105 
3085.223391  	0.007745 
3086.655049  	0.007537 
3088.086707  	0.007611 
3089.518365  	0.007271 
3090.950023  	0.007282 
3092.381682  	0.007836 
3093.813340  	0.008000 
3095.244998  	0.008008 
3096.676656  	0.008149 
3098.108314  	0.008439 
3099.539972  	0.008958 
3100.971631  	0.009322 
3102.403289  	0.009637 
3103.834947  	0.010157 
3105.266605  	0.010748 
3106.698263  	0.011332 
3108.129922  	0.011801 
3109.561580  	0.012469 
3110.993238  	0.013107 
3112.424896  	0.013222 
3113.856554  	0.013689 
3115.288212  	0.014480 
3116.719871  	0.014780 
3118.151529  	0.015021 
3119.583187  	0.015135 
3121.014845  	0.015262 
3122.446503  	0.015802 
3123.878162  	0.015696 
3125.309820  	0.015189 
3126.741478  	0.015193 
3128.173136  	0.014920 
3129.604794  	0.014284 
3131.036453  	0.013608 
3132.468111  	0.012804 
3133.899769  	0.012252 
3135.331427  	0.011757 
3136.763085  	0.011320 
3138.194743  	0.010911 
3139.626402  	0.009721 
3141.058060  	0.008523 
3142.489718  	0.008194 
3143.921376  	0.007936 
3145.353034  	0.007610 
3146.784693  	0.007470 
3148.216351  	0.007409 
3149.648009  	0.007454 
3151.079667  	0.007434 
3152.511325  	0.007405 
3153.942983  	0.007373 
3155.374642  	0.007326 
3156.806300  	0.007522 
3158.237958  	0.007680 
3159.669616  	0.007997 
3161.101274  	0.008748 
3162.532933  	0.009068 
3163.964591  	0.009132 
3165.396249  	0.009581 
3166.827907  	0.009931 
3168.259565  	0.010267 
3169.691224  	0.010826 
3171.122882  	0.011364 
3172.554540  	0.011896 
3173.986198  	0.012419 
3175.417856  	0.013141 
3176.849514  	0.014011 
3178.281173  	0.014794 
3179.712831  	0.015766 
3181.144489  	0.016487 
3182.576147  	0.016850 
3184.007805  	0.017668 
3185.439464  	0.018467 
3186.871122  	0.018900 
3188.302780  	0.019501 
3189.734438  	0.019958 
3191.166096  	0.020203 
3192.597755  	0.020429 
3194.029413  	0.020329 
3195.461071  	0.019990 
3196.892729  	0.019553 
3198.324387  	0.019173 
3199.756045  	0.018890 
3201.187704  	0.018425 
3202.619362  	0.018083 
3204.051020  	0.017820 
3205.482678  	0.017415 
3206.914336  	0.017415 
3208.345995  	0.017540 
3209.777653  	0.017474 
3211.209311  	0.017606 
3212.640969  	0.017749 
3214.072627  	0.018133 
3215.504285  	0.018821 
3216.935944  	0.019275 
3218.367602  	0.019884 
3219.799260  	0.020476 
3221.230918  	0.020680 
3222.662576  	0.021298 
3224.094235  	0.022245 
3225.525893  	0.022962 
3226.957551  	0.023542 
3228.389209  	0.024180 
3229.820867  	0.025135 
3231.252526  	0.025862 
3232.684184  	0.026231 
3234.115842  	0.027146 
3235.547500  	0.028159 
3236.979158  	0.028908 
3238.410816  	0.029888 
3239.842475  	0.030593 
3241.274133  	0.031127 
3242.705791  	0.032070 
3244.137449  	0.033037 
3245.569107  	0.034005 
3247.000766  	0.035039 
3248.432424  	0.036015 
3249.864082  	0.036960 
3251.295740  	0.037604 
3252.727398  	0.038185 
3254.159057  	0.038951 
3255.590715  	0.039743 
3257.022373  	0.040762 
3258.454031  	0.041713 
3259.885689  	0.042483 
3261.317347  	0.043556 
3262.749006  	0.044555 
3264.180664  	0.045334 
3265.612322  	0.046057 
3267.043980  	0.046675 
3268.475638  	0.047776 
3269.907297  	0.048975 
3271.338955  	0.049608 
3272.770613  	0.050421 
3274.202271  	0.051287 
3275.633929  	0.051792 
3277.065587  	0.052573 
3278.497246  	0.053542 
3279.928904  	0.054445 
3281.360562  	0.055313 
3282.792220  	0.055994 
3284.223878  	0.056575 
3285.655537  	0.056953 
3287.087195  	0.057344 
3288.518853  	0.057845 
3289.950511  	0.057865 
3291.382169  	0.058035 
3292.813828  	0.058721 
3294.245486  	0.058887 
3295.677144  	0.058767 
3297.108802  	0.058778 
3298.540460  	0.058754 
3299.972118  	0.059057 
3301.403777  	0.059148 
3302.835435  	0.058680 
3304.267093  	0.058503 
3305.698751  	0.058567 
3307.130409  	0.058414 
3308.562068  	0.058073 
3309.993726  	0.057662 
3311.425384  	0.057401 
3312.857042  	0.057055 
3314.288700  	0.056563 
3315.720359  	0.056252 
3317.152017  	0.055876 
3318.583675  	0.055270 
3320.015333  	0.054531 
3321.446991  	0.053676 
3322.878649  	0.052805 
3324.310308  	0.051850 
3325.741966  	0.051003 
3327.173624  	0.050416 
3328.605282  	0.049853 
3330.036940  	0.049241 
3331.468599  	0.048157 
3332.900257  	0.046743 
3334.331915  	0.045757 
3335.763573  	0.044582 
3337.195231  	0.043116 
3338.626889  	0.042266 
3340.058548  	0.041441 
3341.490206  	0.040163 
3342.921864  	0.038808 
3344.353522  	0.037415 
3345.785180  	0.036127 
3347.216839  	0.034837 
3348.648497  	0.033603 
3350.080155  	0.032588 
3351.511813  	0.031278 
3352.943471  	0.029989 
3354.375130  	0.028980 
3355.806788  	0.027716 
3357.238446  	0.026757 
3358.670104  	0.026052 
3360.101762  	0.024853 
3361.533420  	0.023866 
3362.965079  	0.023309 
3364.396737  	0.022633 
3365.828395  	0.021867 
3367.260053  	0.021048 
3368.691711  	0.020540 
3370.123370  	0.020439 
3371.555028  	0.020280 
3372.986686  	0.020035 
3374.418344  	0.019677 
3375.850002  	0.019314 
3377.281660  	0.018992 
3378.713319  	0.018441 
3380.144977  	0.018036 
3381.576635  	0.017785 
3383.008293  	0.017587 
3384.439951  	0.017921 
3385.871610  	0.017983 
3387.303268  	0.017442 
3388.734926  	0.017223 
3390.166584  	0.016897 
3391.598242  	0.016326 
3393.029901  	0.015921 
3394.461559  	0.015233 
3395.893217  	0.014745 
3397.324875  	0.014699 
3398.756533  	0.014243 
3400.188191  	0.013530 
3401.619850  	0.012946 
3403.051508  	0.012494 
3404.483166  	0.012180 
3405.914824  	0.011837 
3407.346482  	0.011525 
3408.778141  	0.010965 
3410.209799  	0.010146 
3411.641457  	0.009760 
3413.073115  	0.009520 
3414.504773  	0.009121 
3415.936432  	0.008775 
3417.368090  	0.008246 
3418.799748  	0.007912 
3420.231406  	0.007907 
3421.663064  	0.007653 
3423.094722  	0.007294 
3424.526381  	0.006720 
3425.958039  	0.006065 
3427.389697  	0.006024 
3428.821355  	0.006011 
3430.253013  	0.005622 
3431.684672  	0.005274 
3433.116330  	0.004812 
3434.547988  	0.004376 
3435.979646  	0.004178 
3437.411304  	0.003925 
3438.842962  	0.003632 
3440.274621  	0.003487 
3441.706279  	0.003546 
3443.137937  	0.003510 
3444.569595  	0.003253 
3446.001253  	0.003106 
3447.432912  	0.002803 
3448.864570  	0.002345 
3450.296228  	0.002061 
3451.727886  	0.001627 
3453.159544  	0.001349 
3454.591203  	0.001248 
3456.022861  	0.000912 
3457.454519  	0.001033 
3458.886177  	0.001215 
3460.317835  	0.000702 
3461.749493  	0.000530 
3463.181152  	0.000821 
3464.612810  	0.000842 
3466.044468  	0.000725 
3467.476126  	0.000701 
3468.907784  	0.001019 
3470.339443  	0.001145 
3471.771101  	0.000704 
3473.202759  	0.000576 
3474.634417  	0.000679 
3476.066075  	0.000789 
3477.497734  	0.001148 
3478.929392  	0.001010 
3480.361050  	0.000813 
3481.792708  	0.001340 
3483.224366  	0.001491 
3484.656024  	0.001028 
3486.087683  	0.000632 
3487.519341  	0.000536 
3488.950999  	0.000782 
3490.382657  	0.000713 
3491.814315  	0.000555 
3493.245974  	0.000863 
3494.677632  	0.000962 
3496.109290  	0.000952 
3497.540948  	0.001174 
3498.972606  	0.001176 
3500.404264  	0.001023 
3501.835923  	0.000677 
3503.267581  	0.000448 
3504.699239  	0.000738 
3506.130897  	0.000653 
3507.562555  	0.000348 
3508.994214  	0.000610 
3510.425872  	0.001005 
3511.857530  	0.000906 
3513.289188  	0.000262 
3514.720846  	-0.000084 
3516.152505  	0.000355 
3517.584163  	0.000446 
3519.015821  	0.000189 
3520.447479  	0.000165 
3521.879137  	-0.000235 
3523.310795  	-0.000526 
3524.742454  	-0.000197 
3526.174112  	-0.000050 
3527.605770  	-0.000002 
3529.037428  	0.000096 
3530.469086  	0.000038 
3531.900745  	-0.000122 
3533.332403  	-0.000368 
3534.764061  	-0.000329 
3536.195719  	-0.000283 
3537.627377  	-0.000587 
3539.059035  	-0.000521 
3540.490694  	-0.000471 
3541.922352  	-0.000904 
3543.354010  	-0.001042 
3544.785668  	-0.001006 
3546.217326  	-0.001211 
3547.648985  	-0.001352 
3549.080643  	-0.001445 
3550.512301  	-0.001401 
3551.943959  	-0.001229 
3553.375617  	-0.001133 
3554.807276  	-0.001125 
3556.238934  	-0.001285 
3557.670592  	-0.001425 
3559.102250  	-0.001567 
3560.533908  	-0.001919 
3561.965566  	-0.001868 
3563.397225  	-0.001514 
3564.828883  	-0.001719 
3566.260541  	-0.002374 
3567.692199  	-0.002782 
3569.123857  	-0.002586 
3570.555516  	-0.002609 
3571.987174  	-0.002972 
3573.418832  	-0.002952 
3574.850490  	-0.002749 
3576.282148  	-0.002762 
3577.713807  	-0.002653 
3579.145465  	-0.002685 
3580.577123  	-0.002857 
3582.008781  	-0.002843 
3583.440439  	-0.002946 
3584.872097  	-0.003155 
3586.303756  	-0.003544 
3587.735414  	-0.003850 
3589.167072  	-0.003199 
3590.598730  	-0.003058 
3592.030388  	-0.003701 
3593.462047  	-0.004139 
3594.893705  	-0.004325 
3596.325363  	-0.004184 
3597.757021  	-0.003800 
3599.188679  	-0.003812 
3600.620337  	-0.004004 
3602.051996  	-0.004274 
3603.483654  	-0.004568 
3604.915312  	-0.004600 
3606.346970  	-0.004682 
3607.778628  	-0.004508 
3609.210287  	-0.004021 
3610.641945  	-0.004376 
3612.073603  	-0.004709 
3613.505261  	-0.004472 
3614.936919  	-0.004517 
3616.368578  	-0.004612 
3617.800236  	-0.004609 
3619.231894  	-0.004618 
3620.663552  	-0.004393 
3622.095210  	-0.004537 
3623.526868  	-0.004737 
3624.958527  	-0.004634 
3626.390185  	-0.004826 
3627.821843  	-0.004950 
3629.253501  	-0.004099 
3630.685159  	-0.003918 
3632.116818  	-0.004500 
3633.548476  	-0.004798 
3634.980134  	-0.005145 
3636.411792  	-0.005399 
3637.843450  	-0.005393 
3639.275109  	-0.005549 
3640.706767  	-0.005644 
3642.138425  	-0.005339 
3643.570083  	-0.005596 
3645.001741  	-0.006302 
3646.433399  	-0.006283 
3647.865058  	-0.006076 
3649.296716  	-0.006038 
3650.728374  	-0.005171 
3652.160032  	-0.005636 
3653.591690  	-0.006784 
3655.023349  	-0.007059 
3656.455007  	-0.006683 
3657.886665  	-0.006077 
3659.318323  	-0.006045 
3660.749981  	-0.006519 
3662.181639  	-0.006751 
3663.613298  	-0.007067 
3665.044956  	-0.007327 
3666.476614  	-0.006748 
3667.908272  	-0.006541 
3669.339930  	-0.006974 
3670.771589  	-0.006809 
3672.203247  	-0.007390 
3673.634905  	-0.008046 
3675.066563  	-0.007408 
3676.498221  	-0.006718 
3677.929880  	-0.007663 
3679.361538  	-0.008163 
3680.793196  	-0.008317 
3682.224854  	-0.008248 
3683.656512  	-0.007947 
3685.088170  	-0.007866 
3686.519829  	-0.008221 
3687.951487  	-0.008148 
3689.383145  	-0.007508 
3690.814803  	-0.007883 
3692.246461  	-0.008233 
3693.678120  	-0.008073 
3695.109778  	-0.008424 
3696.541436  	-0.008911 
3697.973094  	-0.008942 
3699.404752  	-0.008686 
3700.836411  	-0.008245 
3702.268069  	-0.008207 
3703.699727  	-0.008480 
3705.131385  	-0.008405 
3706.563043  	-0.008451 
3707.994701  	-0.008542 
3709.426360  	-0.008667 
3710.858018  	-0.008883 
3712.289676  	-0.007967 
3713.721334  	-0.007255 
3715.152992  	-0.007894 
3716.584651  	-0.008139 
3718.016309  	-0.007876 
3719.447967  	-0.007829 
3720.879625  	-0.007941 
3722.311283  	-0.008042 
3723.742941  	-0.008032 
3725.174600  	-0.008168 
3726.606258  	-0.008200 
3728.037916  	-0.007827 
3729.469574  	-0.007982 
3730.901232  	-0.008044 
3732.332891  	-0.007438 
3733.764549  	-0.007681 
3735.196207  	-0.007620 
3736.627865  	-0.006517 
3738.059523  	-0.007426 
3739.491182  	-0.008107 
3740.922840  	-0.007885 
3742.354498  	-0.008252 
3743.786156  	-0.008343 
3745.217814  	-0.007188 
3746.649472  	-0.007619 
3748.081131  	-0.008106 
3749.512789  	-0.007743 
3750.944447  	-0.007258 
3752.376105  	-0.007333 
3753.807763  	-0.007666 
3755.239422  	-0.007867 
3756.671080  	-0.008011 
3758.102738  	-0.008333 
3759.534396  	-0.008556 
3760.966054  	-0.008427 
3762.397712  	-0.008250 
3763.829371  	-0.008343 
3765.261029  	-0.008415 
3766.692687  	-0.008116 
3768.124345  	-0.007904 
3769.556003  	-0.007716 
3770.987662  	-0.007502 
3772.419320  	-0.007928 
3773.850978  	-0.008511 
3775.282636  	-0.008564 
3776.714294  	-0.008273 
3778.145953  	-0.008091 
3779.577611  	-0.008008 
3781.009269  	-0.008069 
3782.440927  	-0.008305 
3783.872585  	-0.008511 
3785.304243  	-0.008540 
3786.735902  	-0.008455 
3788.167560  	-0.008333 
3789.599218  	-0.008305 
3791.030876  	-0.008372 
3792.462534  	-0.008245 
3793.894193  	-0.008326 
3795.325851  	-0.008665 
3796.757509  	-0.008337 
3798.189167  	-0.007846 
3799.620825  	-0.007849 
3801.052484  	-0.007252 
3802.484142  	-0.006715 
3803.915800  	-0.007478 
3805.347458  	-0.007707 
3806.779116  	-0.007307 
3808.210774  	-0.007113 
3809.642433  	-0.007571 
3811.074091  	-0.007827 
3812.505749  	-0.007544 
3813.937407  	-0.007505 
3815.369065  	-0.007585 
3816.800724  	-0.006883 
3818.232382  	-0.006989 
3819.664040  	-0.007484 
3821.095698  	-0.007013 
3822.527356  	-0.006739 
3823.959014  	-0.007405 
3825.390673  	-0.007680 
3826.822331  	-0.007619 
3828.253989  	-0.007341 
3829.685647  	-0.007143 
3831.117305  	-0.007021 
3832.548964  	-0.006814 
3833.980622  	-0.006691 
3835.412280  	-0.006685 
3836.843938  	-0.006943 
3838.275596  	-0.007123 
3839.707255  	-0.006679 
3841.138913  	-0.006885 
3842.570571  	-0.007389 
3844.002229  	-0.006978 
3845.433887  	-0.006692 
3846.865545  	-0.006948 
3848.297204  	-0.006895 
3849.728862  	-0.007000 
3851.160520  	-0.007293 
3852.592178  	-0.006498 
3854.023836  	-0.004486 
3855.455495  	-0.005096 
3856.887153  	-0.006345 
3858.318811  	-0.006997 
3859.750469  	-0.007159 
3861.182127  	-0.007141 
3862.613786  	-0.007323 
3864.045444  	-0.007427 
3865.477102  	-0.006637 
3866.908760  	-0.006077 
3868.340418  	-0.006525 
3869.772076  	-0.006315 
3871.203735  	-0.005510 
3872.635393  	-0.006261 
3874.067051  	-0.006868 
3875.498709  	-0.006576 
3876.930367  	-0.006597 
3878.362026  	-0.006979 
3879.793684  	-0.007101 
3881.225342  	-0.006564 
3882.657000  	-0.006258 
3884.088658  	-0.006530 
3885.520316  	-0.006213 
3886.951975  	-0.005771 
3888.383633  	-0.006497 
3889.815291  	-0.006864 
3891.246949  	-0.006606 
3892.678607  	-0.006424 
3894.110266  	-0.006349 
3895.541924  	-0.006571 
3896.973582  	-0.006861 
3898.405240  	-0.006765 
3899.836898  	-0.006733 
3901.268557  	-0.006668 
3902.700215  	-0.006378 
3904.131873  	-0.006252 
3905.563531  	-0.005999 
3906.995189  	-0.006130 
3908.426847  	-0.006659 
3909.858506  	-0.006635 
3911.290164  	-0.006246 
3912.721822  	-0.006307 
3914.153480  	-0.006743 
3915.585138  	-0.006907 
3917.016797  	-0.006405 
3918.448455  	-0.005918 
3919.880113  	-0.005877 
3921.311771  	-0.005889 
3922.743429  	-0.006120 
3924.175088  	-0.006194 
3925.606746  	-0.005902 
3927.038404  	-0.006054 
3928.470062  	-0.006272 
3929.901720  	-0.006237 
3931.333378  	-0.006367 
3932.765037  	-0.006114 
3934.196695  	-0.005472 
3935.628353  	-0.005402 
3937.060011  	-0.005712 
3938.491669  	-0.006120 
3939.923328  	-0.006379 
3941.354986  	-0.006157 
3942.786644  	-0.005789 
3944.218302  	-0.005800 
3945.649960  	-0.006040 
3947.081618  	-0.006251 
3948.513277  	-0.006359 
3949.944935  	-0.006198 
3951.376593  	-0.005815 
3952.808251  	-0.005615 
3954.239909  	-0.005601 
3955.671568  	-0.005328 
3957.103226  	-0.005070 
3958.534884  	-0.005353 
3959.966542  	-0.005655 
3961.398200  	-0.005393 
3962.829859  	-0.005232 
3964.261517  	-0.005735 
3965.693175  	-0.005863 
3967.124833  	-0.005205 
3968.556491  	-0.004894 
3969.988149  	-0.005095 
3971.419808  	-0.005213 
3972.851466  	-0.005406 
3974.283124  	-0.005560 
3975.714782  	-0.005549 
3977.146440  	-0.005640 
3978.578099  	-0.005733 
3980.009757  	-0.005774 
3981.441415  	-0.005760 
3982.873073  	-0.005619 
3984.304731  	-0.005453 
3985.736389  	-0.005221 
3987.168048  	-0.005194 
3988.599706  	-0.005314 
3990.031364  	-0.004924 
3991.463022  	-0.004649 
3992.894680  	-0.005123 
3994.326339  	-0.005514 
3995.757997  	-0.005529 
3997.189655  	-0.005356 
3998.621313  	-0.005112 
4000.052971  	-0.005174 
4001.484630  	-0.005324 
4002.916288  	-0.005203 
4004.347946  	-0.005064 
4005.779604  	-0.005203 
4007.211262  	-0.005406 
4008.642920  	-0.005074 
4010.074579  	-0.004768 
4011.506237  	-0.005194 
4012.937895  	-0.005233 
4014.369553  	-0.004797 
4015.801211  	-0.004901 
4017.232870  	-0.005045 
4018.664528  	-0.005102 
4020.096186  	-0.005310 
4021.527844  	-0.005184 
4022.959502  	-0.005117 
4024.391161  	-0.005108 
4025.822819  	-0.004738 
4027.254477  	-0.004791 
4028.686135  	-0.005127 
4030.117793  	-0.005003 
4031.549451  	-0.004811 
4032.981110  	-0.004618 
4034.412768  	-0.004360 
4035.844426  	-0.004507 
4037.276084  	-0.004915 
4038.707742  	-0.004976 
4040.139401  	-0.004649 
4041.571059  	-0.004569 
4043.002717  	-0.004811 
4044.434375  	-0.004779 
4045.866033  	-0.004591 
4047.297691  	-0.004509 
4048.729350  	-0.004463 
4050.161008  	-0.004581 
4051.592666  	-0.004528 
4053.024324  	-0.004147 
4054.455982  	-0.003888 
4055.887641  	-0.003820 
4057.319299  	-0.003982 
4058.750957  	-0.004198 
4060.182615  	-0.004158 
4061.614273  	-0.004297 
4063.045932  	-0.004504 
4064.477590  	-0.004175 
4065.909248  	-0.003775 
4067.340906  	-0.003837 
4068.772564  	-0.004077 
4070.204222  	-0.004174 
4071.635881  	-0.004415 
4073.067539  	-0.004867 
4074.499197  	-0.004750 
4075.930855  	-0.004368 
4077.362513  	-0.004617 
4078.794172  	-0.004796 
4080.225830  	-0.004680 
4081.657488  	-0.004832 
4083.089146  	-0.004716 
4084.520804  	-0.004326 
4085.952463  	-0.004320 
4087.384121  	-0.004645 
4088.815779  	-0.005102 
4090.247437  	-0.005335 
4091.679095  	-0.005196 
4093.110753  	-0.004975 
4094.542412  	-0.004828 
4095.974070  	-0.005063 
4097.405728  	-0.005349 
4098.837386  	-0.005066 
4100.269044  	-0.004828 
4101.700703  	-0.005016 
4103.132361  	-0.005255 
4104.564019  	-0.005329 
4105.995677  	-0.004979 
4107.427335  	-0.004716 
4108.858993  	-0.004919 
4110.290652  	-0.004857 
4111.722310  	-0.004851 
4113.153968  	-0.005368 
4114.585626  	-0.005486 
4116.017284  	-0.005068 
4117.448943  	-0.004921 
4118.880601  	-0.005118 
4120.312259  	-0.005181 
4121.743917  	-0.005090 
4123.175575  	-0.005316 
4124.607234  	-0.005606 
4126.038892  	-0.005470 
4127.470550  	-0.005195 
4128.902208  	-0.004837 
4130.333866  	-0.004613 
4131.765524  	-0.005069 
4133.197183  	-0.005548 
4134.628841  	-0.005325 
4136.060499  	-0.004941 
4137.492157  	-0.004983 
4138.923815  	-0.005201 
4140.355474  	-0.005090 
4141.787132  	-0.004885 
4143.218790  	-0.004907 
4144.650448  	-0.004845 
4146.082106  	-0.004836 
4147.513764  	-0.005084 
4148.945423  	-0.005214 
4150.377081  	-0.005007 
4151.808739  	-0.004505 
4153.240397  	-0.004369 
4154.672055  	-0.004876 
4156.103714  	-0.005001 
4157.535372  	-0.004748 
4158.967030  	-0.004809 
4160.398688  	-0.004798 
4161.830346  	-0.004699 
4163.262005  	-0.004646 
4164.693663  	-0.004576 
4166.125321  	-0.004831 
4167.556979  	-0.004860 
4168.988637  	-0.004366 
4170.420295  	-0.004199 
4171.851954  	-0.004323 
4173.283612  	-0.004512 
4174.715270  	-0.004708 
4176.146928  	-0.004313 
4177.578586  	-0.003839 
4179.010245  	-0.004112 
4180.441903  	-0.004585 
4181.873561  	-0.004625 
4183.305219  	-0.004273 
4184.736877  	-0.004107 
4186.168536  	-0.004307 
4187.600194  	-0.004234 
4189.031852  	-0.004087 
4190.463510  	-0.004345 
4191.895168  	-0.004509 
4193.326826  	-0.004541 
4194.758485  	-0.004784 
4196.190143  	-0.004866 
4197.621801  	-0.004516 
4199.053459  	-0.004060 
4200.485117  	-0.003813 
4201.916776  	-0.003774 
4203.348434  	-0.003886 
4204.780092  	-0.004018 
4206.211750  	-0.003943 
4207.643408  	-0.003884 
4209.075066  	-0.004014 
4210.506725  	-0.004004 
4211.938383  	-0.003865 
4213.370041  	-0.003753 
4214.801699  	-0.003742 
4216.233357  	-0.003994 
4217.665016  	-0.004229 
4219.096674  	-0.004315 
4220.528332  	-0.004337 
4221.959990  	-0.003953 
4223.391648  	-0.003402 
4224.823307  	-0.003334 
4226.254965  	-0.003740 
4227.686623  	-0.004261 
4229.118281  	-0.004295 
4230.549939  	-0.003806 
4231.981597  	-0.003648 
4233.413256  	-0.003944 
4234.844914  	-0.004090 
4236.276572  	-0.003952 
4237.708230  	-0.003858 
4239.139888  	-0.003998 
4240.571547  	-0.004085 
4242.003205  	-0.004121 
4243.434863  	-0.004281 
4244.866521  	-0.004129 
4246.298179  	-0.003790 
4247.729838  	-0.003737 
4249.161496  	-0.003679 
4250.593154  	-0.003656 
4252.024812  	-0.003869 
4253.456470  	-0.004019 
4254.888128  	-0.004022 
4256.319787  	-0.003904 
4257.751445  	-0.003836 
4259.183103  	-0.003918 
4260.614761  	-0.003915 
4262.046419  	-0.004091 
4263.478078  	-0.004347 
4264.909736  	-0.004086 
4266.341394  	-0.003777 
4267.773052  	-0.003717 
4269.204710  	-0.003589 
4270.636368  	-0.003820 
4272.068027  	-0.004367 
4273.499685  	-0.004428 
4274.931343  	-0.003980 
4276.363001  	-0.003659 
4277.794659  	-0.003777 
4279.226318  	-0.003920 
4280.657976  	-0.003919 
4282.089634  	-0.004137 
4283.521292  	-0.004291 
4284.952950  	-0.004186 
4286.384609  	-0.004240 
4287.816267  	-0.004258 
4289.247925  	-0.003913 
4290.679583  	-0.003539 
4292.111241  	-0.003608 
4293.542899  	-0.004080 
4294.974558  	-0.004280 
4296.406216  	-0.003938 
4297.837874  	-0.003491 
4299.269532  	-0.003288 
4300.701190  	-0.003446 
4302.132849  	-0.003572 
4303.564507  	-0.003386 
4304.996165  	-0.003263 
4306.427823  	-0.003164 
4307.859481  	-0.003014 
4309.291140  	-0.003065 
4310.722798  	-0.003144 
4312.154456  	-0.003358 
4313.586114  	-0.003677 
4315.017772  	-0.003654 
4316.449430  	-0.003702 
4317.881089  	-0.003950 
4319.312747  	-0.003894 
4320.744405  	-0.003809 
4322.176063  	-0.003788 
4323.607721  	-0.003692 
4325.039380  	-0.003756 
4326.471038  	-0.003714 
4327.902696  	-0.003448 
4329.334354  	-0.003462 
4330.766012  	-0.003766 
4332.197670  	-0.003701 
4333.629329  	-0.003095 
4335.060987  	-0.002908 
4336.492645  	-0.003245 
4337.924303  	-0.003001 
4339.355961  	-0.002698 
4340.787620  	-0.003191 
4342.219278  	-0.003580 
4343.650936  	-0.003365 
4345.082594  	-0.002819 
4346.514252  	-0.002421 
4347.945911  	-0.002795 
4349.377569  	-0.003292 
4350.809227  	-0.003267 
4352.240885  	-0.003284 
4353.672543  	-0.003316 
4355.104201  	-0.003200 
4356.535860  	-0.003228 
4357.967518  	-0.003200 
4359.399176  	-0.003157 
4360.830834  	-0.003317 
4362.262492  	-0.003420 
4363.694151  	-0.003372 
4365.125809  	-0.003293 
4366.557467  	-0.003300 
4367.989125  	-0.003356 
4369.420783  	-0.003180 
4370.852441  	-0.002805 
4372.284100  	-0.002607 
4373.715758  	-0.002912 
4375.147416  	-0.003584 
4376.579074  	-0.003978 
4378.010732  	-0.003902 
4379.442391  	-0.003700 
4380.874049  	-0.003650 
4382.305707  	-0.003905 
4383.737365  	-0.004068 
4385.169023  	-0.003853 
4386.600682  	-0.003752 
4388.032340  	-0.003858 
4389.463998  	-0.003839 
4390.895656  	-0.003726 
4392.327314  	-0.003698 
4393.758972  	-0.003763 
4395.190631  	-0.003552 
4396.622289  	-0.003227 
4398.053947  	-0.003468 
4399.485605  	-0.003736 
4400.917263  	-0.003487 
4402.348922  	-0.003367 
4403.780580  	-0.003466 
4405.212238  	-0.003702 
4406.643896  	-0.004253 
4408.075554  	-0.004310 
4409.507213  	-0.003552 
4410.938871  	-0.003126 
4412.370529  	-0.003367 
4413.802187  	-0.003312 
4415.233845  	-0.002957 
4416.665503  	-0.003293 
4418.097162  	-0.003830 
4419.528820  	-0.003582 
4420.960478  	-0.003293 
4422.392136  	-0.003338 
4423.823794  	-0.003327 
4425.255453  	-0.003741 
4426.687111  	-0.004043 
4428.118769  	-0.003327 
4429.550427  	-0.002770 
4430.982085  	-0.003119 
4432.413743  	-0.003551 
4433.845402  	-0.003600 
4435.277060  	-0.003253 
4436.708718  	-0.003025 
4438.140376  	-0.003357 
4439.572034  	-0.003632 
4441.003693  	-0.003759 
4442.435351  	-0.004161 
4443.867009  	-0.004229 
4445.298667  	-0.003834 
4446.730325  	-0.003848 
4448.161984  	-0.004131 
4449.593642  	-0.004179 
4451.025300  	-0.004371 
4452.456958  	-0.004486 
4453.888616  	-0.004141 
4455.320274  	-0.004350 
4456.751933  	-0.004962 
4458.183591  	-0.004463 
4459.615249  	-0.003824 
4461.046907  	-0.004190 
4462.478565  	-0.004108 
4463.910224  	-0.003589 
4465.341882  	-0.003812 
4466.773540  	-0.003944 
4468.205198  	-0.003799 
4469.636856  	-0.003987 
4471.068515  	-0.003865 
4472.500173  	-0.003687 
4473.931831  	-0.003952 
4475.363489  	-0.003906 
4476.795147  	-0.003914 
4478.226805  	-0.004486 
4479.658464  	-0.004858 
4481.090122  	-0.005012 
4482.521780  	-0.004924 
4483.953438  	-0.004211 
4485.385096  	-0.003784 
4486.816755  	-0.003969 
4488.248413  	-0.003911 
4489.680071  	-0.003868 
4491.111729  	-0.004335 
4492.543387  	-0.004723 
4493.975045  	-0.004499 
4495.406704  	-0.004084 
4496.838362  	-0.004108 
4498.270020  	-0.004293 
4499.701678  	-0.004256 
4501.133336  	-0.004125 
4502.564995  	-0.003701 
4503.996653  	-0.003372 
4505.428311  	-0.003796 
4506.859969  	-0.004119 
4508.291627  	-0.003875 
4509.723286  	-0.003803 
4511.154944  	-0.003892 
4512.586602  	-0.003952 
4514.018260  	-0.004035 
4515.449918  	-0.004077 
4516.881576  	-0.004393 
4518.313235  	-0.004651 
4519.744893  	-0.004313 
4521.176551  	-0.004127 
4522.608209  	-0.004336 
4524.039867  	-0.004355 
4525.471526  	-0.004386 
4526.903184  	-0.004464 
4528.334842  	-0.004149 
4529.766500  	-0.003841 
4531.198158  	-0.004051 
4532.629817  	-0.004183 
4534.061475  	-0.003774 
4535.493133  	-0.003574 
4536.924791  	-0.003769 
4538.356449  	-0.003603 
4539.788107  	-0.003364 
4541.219766  	-0.003656 
4542.651424  	-0.004019 
4544.083082  	-0.003959 
4545.514740  	-0.003664 
4546.946398  	-0.003791 
4548.378057  	-0.004285 
4549.809715  	-0.004159 
4551.241373  	-0.003620 
4552.673031  	-0.003478 
4554.104689  	-0.003427 
4555.536347  	-0.003460 
4556.968006  	-0.003826 
4558.399664  	-0.003992 
4559.831322  	-0.003668 
4561.262980  	-0.003095 
4562.694638  	-0.002752 
4564.126297  	-0.002955 
4565.557955  	-0.003296 
4566.989613  	-0.003437 
4568.421271  	-0.003324 
4569.852929  	-0.003046 
4571.284588  	-0.003128 
4572.716246  	-0.003493 
4574.147904  	-0.003602 
4575.579562  	-0.003445 
4577.011220  	-0.003082 
4578.442878  	-0.002900 
4579.874537  	-0.003132 
4581.306195  	-0.003190 
4582.737853  	-0.003297 
4584.169511  	-0.003737 
4585.601169  	-0.003576 
4587.032828  	-0.002960 
4588.464486  	-0.002948 
4589.896144  	-0.003317 
4591.327802  	-0.003415 
4592.759460  	-0.003323 
4594.191118  	-0.003263 
4595.622777  	-0.003128 
4597.054435  	-0.003127 
4598.486093  	-0.003719 
4599.917751  	-0.004105 
4601.349409  	-0.003397 
4602.781068  	-0.002540 
4604.212726  	-0.002486 
4605.644384  	-0.003056 
4607.076042  	-0.003795 
4608.507700  	-0.004062 
4609.939359  	-0.003878 
4611.371017  	-0.003789 
4612.802675  	-0.003513 
4614.234333  	-0.003077 
4615.665991  	-0.003104 
4617.097649  	-0.003238 
4618.529308  	-0.003169 
4619.960966  	-0.003439 
4621.392624  	-0.003773 
4622.824282  	-0.003412 
4624.255940  	-0.002719 
4625.687599  	-0.002473 
4627.119257  	-0.002856 
4628.550915  	-0.003372 
4629.982573  	-0.003129 
4631.414231  	-0.002368 
4632.845890  	-0.002323 
4634.277548  	-0.002700 
4635.709206  	-0.002498 
4637.140864  	-0.002171 
4638.572522  	-0.002348 
4640.004180  	-0.002920 
4641.435839  	-0.003353 
4642.867497  	-0.003034 
4644.299155  	-0.002573 
4645.730813  	-0.002735 
4647.162471  	-0.002801 
4648.594130  	-0.002510 
4650.025788  	-0.002600 
4651.457446  	-0.003070 
4652.889104  	-0.003387 
4654.320762  	-0.003301 
4655.752420  	-0.003109 
4657.184079  	-0.003123 
4658.615737  	-0.003038 
4660.047395  	-0.002960 
4661.479053  	-0.003344 
4662.910711  	-0.003790 
4664.342370  	-0.003765 
4665.774028  	-0.003160 
4667.205686  	-0.002531 
4668.637344  	-0.002846 
4670.069002  	-0.003412 
4671.500661  	-0.003061 
4672.932319  	-0.002887 
4674.363977  	-0.003577 
4675.795635  	-0.003702 
4677.227293  	-0.002958 
4678.658951  	-0.002618 
4680.090610  	-0.002983 
4681.522268  	-0.003351 
4682.953926  	-0.003545 
4684.385584  	-0.003843 
4685.817242  	-0.003873 
4687.248901  	-0.003287 
4688.680559  	-0.002857 
4690.112217  	-0.002951 
4691.543875  	-0.002942 
4692.975533  	-0.003081 
4694.407192  	-0.003746 
4695.838850  	-0.003814 
4697.270508  	-0.002941 
4698.702166  	-0.002661 
4700.133824  	-0.003333 
4701.565482  	-0.003593 
4702.997141  	-0.003261 
4704.428799  	-0.003248 
4705.860457  	-0.003122 
4707.292115  	-0.002384 
4708.723773  	-0.002384 
4710.155432  	-0.003483 
4711.587090  	-0.003826 
4713.018748  	-0.003048 
4714.450406  	-0.002585 
4715.882064  	-0.002877 
4717.313722  	-0.003562 
4718.745381  	-0.004151 
4720.177039  	-0.004176 
4721.608697  	-0.003772 
4723.040355  	-0.003209 
4724.472013  	-0.002863 
4725.903672  	-0.003018 
4727.335330  	-0.003213 
4728.766988  	-0.003345 
4730.198646  	-0.003454 
4731.630304  	-0.003175 
4733.061963  	-0.003079 
4734.493621  	-0.003371 
4735.925279  	-0.003293 
4737.356937  	-0.003185 
4738.788595  	-0.003158 
4740.220253  	-0.002841 
4741.651912  	-0.002980 
4743.083570  	-0.003413 
4744.515228  	-0.003395 
4745.946886  	-0.003489 
4747.378544  	-0.003740 
4748.810203  	-0.003775 
4750.241861  	-0.003804 
4751.673519  	-0.003580 
4753.105177  	-0.003124 
4754.536835  	-0.002968 
4755.968493  	-0.003085 
4757.400152  	-0.003048 
4758.831810  	-0.002534 
4760.263468  	-0.002100 
4761.695126  	-0.002447 
4763.126784  	-0.002955 
4764.558443  	-0.003051 
4765.990101  	-0.002949 
4767.421759  	-0.002682 
4768.853417  	-0.002355 
4770.285075  	-0.002120 
4771.716734  	-0.002206 
4773.148392  	-0.002822 
4774.580050  	-0.003442 
4776.011708  	-0.003586 
4777.443366  	-0.003278 
4778.875024  	-0.002768 
4780.306683  	-0.002623 
4781.738341  	-0.002651 
4783.169999  	-0.002524 
4784.601657  	-0.002715 
4786.033315  	-0.002908 
4787.464974  	-0.002835 
4788.896632  	-0.003007 
4790.328290  	-0.003048 
4791.759948  	-0.002987 
4793.191606  	-0.003359 
4794.623265  	-0.003455 
4796.054923  	-0.003043 
4797.486581  	-0.002752 
4798.918239  	-0.002741 
4800.349897  	-0.002891 
4801.781555  	-0.002748 
4803.213214  	-0.002512 
4804.644872  	-0.002890 
4806.076530  	-0.003303 
4807.508188  	-0.003312 
4808.939846  	-0.003287 
4810.371505  	-0.003161 
4811.803163  	-0.003116 
4813.234821  	-0.003165 
4814.666479  	-0.002938 
4816.098137  	-0.002714 
4817.529795  	-0.002542 
4818.961454  	-0.002461 
4820.393112  	-0.002716 
4821.824770  	-0.002667 
4823.256428  	-0.002367 
4824.688086  	-0.002618 
4826.119745  	-0.002964 
4827.551403  	-0.002976 
4828.983061  	-0.002963 
4830.414719  	-0.002840 
4831.846377  	-0.002473 
4833.278036  	-0.002022 
4834.709694  	-0.001960 
4836.141352  	-0.002567 
4837.573010  	-0.003133 
4839.004668  	-0.002966 
4840.436326  	-0.002421 
4841.867985  	-0.002224 
4843.299643  	-0.002349 
4844.731301  	-0.002385 
4846.162959  	-0.002472 
4847.594617  	-0.002260 
4849.026276  	-0.001677 
4850.457934  	-0.002202 
4851.889592  	-0.003076 
4853.321250  	-0.002234 
4854.752908  	-0.001569 
4856.184567  	-0.002486 
4857.616225  	-0.002800 
4859.047883  	-0.002346 
4860.479541  	-0.002365 
4861.911199  	-0.002395 
4863.342857  	-0.002436 
4864.774516  	-0.002761 
4866.206174  	-0.003033 
4867.637832  	-0.003325 
4869.069490  	-0.003261 
4870.501148  	-0.002508 
4871.932807  	-0.002194 
4873.364465  	-0.002789 
4874.796123  	-0.002983 
4876.227781  	-0.002349 
4877.659439  	-0.002055 
4879.091097  	-0.002303 
4880.522756  	-0.002226 
4881.954414  	-0.001932 
4883.386072  	-0.001931 
4884.817730  	-0.002280 
4886.249388  	-0.002997 
4887.681047  	-0.003345 
4889.112705  	-0.002703 
4890.544363  	-0.002148 
4891.976021  	-0.002219 
4893.407679  	-0.001910 
4894.839338  	-0.001486 
4896.270996  	-0.001919 
4897.702654  	-0.002351 
4899.134312  	-0.002084 
4900.565970  	-0.002181 
4901.997628  	-0.002677 
4903.429287  	-0.002476 
4904.860945  	-0.002105 
4906.292603  	-0.002402 
4907.724261  	-0.002632 
4909.155919  	-0.002410 
4910.587578  	-0.002298 
4912.019236  	-0.002294 
4913.450894  	-0.002208 
4914.882552  	-0.002149 
4916.314210  	-0.001953 
4917.745869  	-0.001767 
4919.177527  	-0.001975 
4920.609185  	-0.002110 
4922.040843  	-0.001978 
4923.472501  	-0.002248 
4924.904159  	-0.002772 
4926.335818  	-0.003051 
4927.767476  	-0.003107 
4929.199134  	-0.002817 
4930.630792  	-0.002458 
4932.062450  	-0.002126 
4933.494109  	-0.001550 
4934.925767  	-0.001678 
4936.357425  	-0.002401 
4937.789083  	-0.002210 
4939.220741  	-0.001760 
4940.652399  	-0.001766 
4942.084058  	-0.001782 
4943.515716  	-0.002343 
4944.947374  	-0.002819 
4946.379032  	-0.002525 
4947.810690  	-0.002649 
4949.242349  	-0.002775 
4950.674007  	-0.002576 
4952.105665  	-0.003052 
4953.537323  	-0.003003 
4954.968981  	-0.002306 
4956.400640  	-0.002767 
4957.832298  	-0.003266 
4959.263956  	-0.002599 
4960.695614  	-0.002029 
4962.127272  	-0.002117 
4963.558930  	-0.002407 
4964.990589  	-0.002721 
4966.422247  	-0.003303 
4967.853905  	-0.003649 
4969.285563  	-0.002786 
4970.717221  	-0.001998 
4972.148880  	-0.002255 
4973.580538  	-0.002085 
4975.012196  	-0.001827 
4976.443854  	-0.002369 
4977.875512  	-0.002669 
4979.307170  	-0.002846 
4980.738829  	-0.003001 
4982.170487  	-0.002428 
4983.602145  	-0.002323 
4985.033803  	-0.002962 
4986.465461  	-0.002829 
4987.897120  	-0.002480 
4989.328778  	-0.002875 
4990.760436  	-0.002979 
4992.192094  	-0.002567 
4993.623752  	-0.002803 
4995.055411  	-0.003216 
4996.487069  	-0.002606 
4997.918727  	-0.001979 
4999.350385  	-0.002238 
5000.782043  	-0.002347 
5002.213701  	-0.002164 
5003.645360  	-0.002365 
5005.077018  	-0.002786 
5006.508676  	-0.003187 
5007.940334  	-0.003120 
5009.371992  	-0.002440 
5010.803651  	-0.002031 
5012.235309  	-0.002276 
5013.666967  	-0.002816 
5015.098625  	-0.003111 
5016.530283  	-0.002677 
5017.961942  	-0.002313 
5019.393600  	-0.002749 
5020.825258  	-0.002811 
5022.256916  	-0.001888 
5023.688574  	-0.001356 
5025.120232  	-0.001987 
5026.551891  	-0.002849 
5027.983549  	-0.003286 
5029.415207  	-0.003533 
5030.846865  	-0.003487 
5032.278523  	-0.003135 
5033.710182  	-0.002792 
5035.141840  	-0.002185 
5036.573498  	-0.001540 
5038.005156  	-0.001621 
5039.436814  	-0.002086 
5040.868472  	-0.002529 
5042.300131  	-0.002880 
5043.731789  	-0.002601 
5045.163447  	-0.002144 
5046.595105  	-0.002474 
5048.026763  	-0.002865 
5049.458422  	-0.002609 
5050.890080  	-0.002405 
5052.321738  	-0.002223 
5053.753396  	-0.001657 
5055.185054  	-0.001640 
5056.616713  	-0.002197 
5058.048371  	-0.002175 
5059.480029  	-0.002067 
5060.911687  	-0.002429 
5062.343345  	-0.002885 
5063.775003  	-0.003591 
5065.206662  	-0.003511 
5066.638320  	-0.002173 
5068.069978  	-0.001811 
5069.501636  	-0.002393 
5070.933294  	-0.002310 
5072.364953  	-0.002280 
5073.796611  	-0.002370 
5075.228269  	-0.002356 
5076.659927  	-0.003038 
5078.091585  	-0.003650 
5079.523244  	-0.003716 
5080.954902  	-0.003476 
5082.386560  	-0.002606 
5083.818218  	-0.002312 
5085.249876  	-0.002662 
5086.681534  	-0.002106 
5088.113193  	-0.001740 
5089.544851  	-0.002134 
5090.976509  	-0.002254 
5092.408167  	-0.002564 
5093.839825  	-0.002674 
5095.271484  	-0.002336 
5096.703142  	-0.002587 
5098.134800  	-0.002563 
5099.566458  	-0.002296 
5100.998116  	-0.002706 
5102.429774  	-0.002237 
5103.861433  	-0.001647 
5105.293091  	-0.002943 
5106.724749  	-0.003772 
5108.156407  	-0.002535 
5109.588065  	-0.001287 
5111.019724  	-0.001303 
5112.451382  	-0.002010 
5113.883040  	-0.002282 
5115.314698  	-0.002412 
5116.746356  	-0.003257 
5118.178015  	-0.003362 
5119.609673  	-0.002509 
5121.041331  	-0.002705 
5122.472989  	-0.002911 
5123.904647  	-0.001781 
5125.336305  	-0.001140 
5126.767964  	-0.001474 
5128.199622  	-0.001691 
5129.631280  	-0.001999 
5131.062938  	-0.002508 
5132.494596  	-0.002976 
5133.926255  	-0.003279 
5135.357913  	-0.002834 
5136.789571  	-0.001909 
5138.221229  	-0.001563 
5139.652887  	-0.001816 
5141.084546  	-0.002080 
5142.516204  	-0.002030 
5143.947862  	-0.001758 
5145.379520  	-0.001584 
5146.811178  	-0.001289 
5148.242836  	-0.001054 
5149.674495  	-0.001761 
5151.106153  	-0.002584 
5152.537811  	-0.002286 
5153.969469  	-0.002191 
5155.401127  	-0.002993 
5156.832786  	-0.002984 
5158.264444  	-0.002187 
5159.696102  	-0.002153 
5161.127760  	-0.002495 
5162.559418  	-0.002500 
5163.991076  	-0.002378 
5165.422735  	-0.001976 
5166.854393  	-0.001677 
5168.286051  	-0.002041 
5169.717709  	-0.002492 
5171.149367  	-0.002946 
5172.581026  	-0.003486 
5174.012684  	-0.003058 
5175.444342  	-0.002134 
5176.876000  	-0.002128 
5178.307658  	-0.002328 
5179.739317  	-0.002050 
5181.170975  	-0.001925 
5182.602633  	-0.002086 
5184.034291  	-0.002599 
5185.465949  	-0.002874 
5186.897607  	-0.002015 
5188.329266  	-0.001526 
5189.760924  	-0.002011 
5191.192582  	-0.001934 
5192.624240  	-0.001920 
5194.055898  	-0.002674 
5195.487557  	-0.002410 
5196.919215  	-0.001468 
5198.350873  	-0.001635 
5199.782531  	-0.001905 
5201.214189  	-0.001589 
5202.645847  	-0.001936 
5204.077506  	-0.002908 
5205.509164  	-0.003423 
5206.940822  	-0.003107 
5208.372480  	-0.002586 
5209.804138  	-0.002763 
5211.235797  	-0.003311 
5212.667455  	-0.003426 
5214.099113  	-0.003130 
5215.530771  	-0.002749 
5216.962429  	-0.002522 
5218.394088  	-0.002472 
5219.825746  	-0.002165 
5221.257404  	-0.001991 
5222.689062  	-0.002750 
5224.120720  	-0.003298 
5225.552378  	-0.002649 
5226.984037  	-0.002310 
5228.415695  	-0.002600 
5229.847353  	-0.002370 
5231.279011  	-0.002275 
5232.710669  	-0.002182 
5234.142328  	-0.001172 
5235.573986  	-0.001186 
5237.005644  	-0.002891 
5238.437302  	-0.003301 
5239.868960  	-0.002148 
5241.300619  	-0.002147 
5242.732277  	-0.002949 
5244.163935  	-0.002468 
5245.595593  	-0.001673 
5247.027251  	-0.002499 
5248.458909  	-0.003535 
5249.890568  	-0.003246 
5251.322226  	-0.002963 
5252.753884  	-0.003194 
5254.185542  	-0.003308 
5255.617200  	-0.003277 
5257.048859  	-0.002686 
5258.480517  	-0.002316 
5259.912175  	-0.003143 
5261.343833  	-0.003361 
5262.775491  	-0.002317 
5264.207149  	-0.002063 
5265.638808  	-0.002285 
5267.070466  	-0.002469 
5268.502124  	-0.003531 
5269.933782  	-0.004145 
5271.365440  	-0.003678 
5272.797099  	-0.003722 
5274.228757  	-0.003637 
5275.660415  	-0.002580 
5277.092073  	-0.002126 
5278.523731  	-0.002822 
5279.955390  	-0.003491 
5281.387048  	-0.003702 
5282.818706  	-0.003593 
5284.250364  	-0.003115 
5285.682022  	-0.002467 
5287.113680  	-0.002002 
5288.545339  	-0.001974 
5289.976997  	-0.002521 
5291.408655  	-0.002883 
5292.840313  	-0.002426 
5294.271971  	-0.002067 
5295.703630  	-0.001968 
5297.135288  	-0.001991 
5298.566946  	-0.002730 
5299.998604  	-0.003153 
5301.430262  	-0.002292 
5302.861921  	-0.002028 
5304.293579  	-0.003154 
5305.725237  	-0.003782 
5307.156895  	-0.002749 
5308.588553  	-0.001479 
5310.020211  	-0.002026 
5311.451870  	-0.002773 
5312.883528  	-0.001950 
5314.315186  	-0.001436 
5315.746844  	-0.001948 
5317.178502  	-0.001903 
5318.610161  	-0.001664 
5320.041819  	-0.001817 
5321.473477  	-0.002092 
5322.905135  	-0.002545 
5324.336793  	-0.002522 
5325.768451  	-0.002200 
5327.200110  	-0.002475 
5328.631768  	-0.002555 
5330.063426  	-0.002026 
5331.495084  	-0.001969 
5332.926742  	-0.002767 
5334.358401  	-0.003434 
5335.790059  	-0.002650 
5337.221717  	-0.001221 
5338.653375  	-0.001305 
5340.085033  	-0.002327 
5341.516692  	-0.002244 
5342.948350  	-0.001866 
5344.380008  	-0.002107 
5345.811666  	-0.002312 
5347.243324  	-0.002329 
5348.674982  	-0.002885 
5350.106641  	-0.003365 
5351.538299  	-0.003220 
5352.969957  	-0.003088 
5354.401615  	-0.002650 
5355.833273  	-0.002357 
5357.264932  	-0.002953 
5358.696590  	-0.002694 
5360.128248  	-0.001714 
5361.559906  	-0.002278 
5362.991564  	-0.003248 
5364.423222  	-0.002980 
5365.854881  	-0.002256 
5367.286539  	-0.001415 
5368.718197  	-0.001289 
5370.149855  	-0.002384 
5371.581513  	-0.002643 
5373.013172  	-0.001875 
5374.444830  	-0.002512 
5375.876488  	-0.003940 
5377.308146  	-0.003425 
5378.739804  	-0.002227 
5380.171463  	-0.002771 
5381.603121  	-0.003301 
5383.034779  	-0.002741 
5384.466437  	-0.002332 
5385.898095  	-0.002222 
5387.329753  	-0.002491 
5388.761412  	-0.003042 
5390.193070  	-0.003208 
5391.624728  	-0.003635 
5393.056386  	-0.003851 
5394.488044  	-0.003048 
5395.919703  	-0.002891 
5397.351361  	-0.003043 
5398.783019  	-0.002533 
5400.214677  	-0.002189 
5401.646335  	-0.001513 
5403.077994  	-0.001321 
5404.509652  	-0.002489 
5405.941310  	-0.002693 
5407.372968  	-0.002190 
5408.804626  	-0.002313 
5410.236284  	-0.002104 
5411.667943  	-0.002264 
5413.099601  	-0.002898 
5414.531259  	-0.002788 
5415.962917  	-0.002222 
5417.394575  	-0.001572 
5418.826234  	-0.002314 
5420.257892  	-0.004207 
5421.689550  	-0.003657 
5423.121208  	-0.001887 
5424.552866  	-0.001720 
5425.984524  	-0.001388 
5427.416183  	-0.000766 
5428.847841  	-0.001060 
5430.279499  	-0.001685 
5431.711157  	-0.002565 
5433.142815  	-0.003334 
5434.574474  	-0.003508 
5436.006132  	-0.003132 
5437.437790  	-0.002811 
5438.869448  	-0.003396 
5440.301106  	-0.003297 
5441.732765  	-0.001530 
5443.164423  	-0.001422 
5444.596081  	-0.002449 
5446.027739  	-0.001619 
5447.459397  	-0.000591 
5448.891055  	-0.001158 
5450.322714  	-0.002269 
5451.754372  	-0.002593 
5453.186030  	-0.001504 
5454.617688  	-0.000774 
5456.049346  	-0.001953 
5457.481005  	-0.003570 
5458.912663  	-0.003639 
5460.344321  	-0.002228 
5461.775979  	-0.001380 
5463.207637  	-0.002469 
5464.639296  	-0.003612 
5466.070954  	-0.003059 
5467.502612  	-0.001378 
5468.934270  	-0.000687 
5470.365928  	-0.001781 
5471.797586  	-0.002619 
5473.229245  	-0.002393 
5474.660903  	-0.001894 
5476.092561  	-0.001416 
5477.524219  	-0.001972 
5478.955877  	-0.002809 
5480.387536  	-0.002654 
5481.819194  	-0.002770 
5483.250852  	-0.002863 
5484.682510  	-0.001648 
5486.114168  	-0.001110 
5487.545826  	-0.001969 
5488.977485  	-0.002829 
5490.409143  	-0.003960 
5491.840801  	-0.004201 
5493.272459  	-0.002036 
5494.704117  	-0.000793 
5496.135776  	-0.002278 
5497.567434  	-0.002443 
5498.999092  	-0.000623 
5500.430750  	-0.000220 
5501.862408  	-0.001155 
5503.294067  	-0.001994 
5504.725725  	-0.002675 
5506.157383  	-0.002156 
5507.589041  	-0.001459 
5509.020699  	-0.002312 
5510.452357  	-0.003013 
5511.884016  	-0.002935 
5513.315674  	-0.002669 
5514.747332  	-0.002057 
5516.178990  	-0.002303 
5517.610648  	-0.003120 
5519.042307  	-0.003270 
5520.473965  	-0.003416 
5521.905623  	-0.002646 
5523.337281  	-0.001117 
5524.768939  	-0.001252 
5526.200598  	-0.002203 
5527.632256  	-0.002919 
5529.063914  	-0.003529 
5530.495572  	-0.002446 
5531.927230  	-0.000409 
5533.358888  	0.000255 
5534.790547  	-0.000302 
5536.222205  	-0.001278 
5537.653863  	-0.001771 
5539.085521  	-0.001519 
5540.517179  	-0.002012 
5541.948838  	-0.003158 
5543.380496  	-0.003258 
5544.812154  	-0.002419 
5546.243812  	-0.001948 
5547.675470  	-0.001897 
5549.107128  	-0.001851 
5550.538787  	-0.002215 
5551.970445  	-0.001701 
5553.402103  	0.000658 
5554.833761  	0.000975 
5556.265419  	-0.001991 
5557.697078  	-0.003444 
5559.128736  	-0.002746 
5560.560394  	-0.002575 
5561.992052  	-0.001769 
5563.423710  	-0.000536 
5564.855369  	-0.001151 
5566.287027  	-0.001816 
5567.718685  	-0.000936 
5569.150343  	-0.000532 
5570.582001  	-0.000936 
5572.013659  	-0.001832 
5573.445318  	-0.003730 
5574.876976  	-0.004507 
5576.308634  	-0.003302 
5577.740292  	-0.002348 
5579.171950  	-0.001920 
5580.603609  	-0.002297 
5582.035267  	-0.002989 
5583.466925  	-0.001265 
5584.898583  	0.000403 
5586.330241  	-0.001060 
5587.761899  	-0.002417 
5589.193558  	-0.002570 
5590.625216  	-0.002875 
5592.056874  	-0.002730 
5593.488532  	-0.002287 
5594.920190  	-0.001313 
5596.351849  	-0.000529 
5597.783507  	-0.001022 
5599.215165  	-0.000247 
5600.646823  	0.000823 
5602.078481  	-0.001060 
5603.510140  	-0.002675 
5604.941798  	-0.001673 
5606.373456  	-0.000157 
5607.805114  	0.000491 
5609.236772  	-0.000220 
5610.668430  	-0.001088 
5612.100089  	-0.001627 
5613.531747  	-0.002167 
5614.963405  	-0.000798 
5616.395063  	0.000413 
5617.826721  	-0.001294 
5619.258380  	-0.001990 
5620.690038  	-0.000925 
5622.121696  	-0.001472 
5623.553354  	-0.002832 
5624.985012  	-0.003441 
5626.416671  	-0.002875 
5627.848329  	-0.002195 
5629.279987  	-0.003220 
5630.711645  	-0.003225 
5632.143303  	-0.000963 
5633.574961  	-0.000753 
5635.006620  	-0.002722 
5636.438278  	-0.003428 
5637.869936  	-0.002878 
5639.301594  	-0.002051 
5640.733252  	-0.001067 
5642.164911  	-0.000458 
5643.596569  	-0.000675 
5645.028227  	-0.001272 
5646.459885  	-0.001185 
5647.891543  	-0.000481 
5649.323201  	-0.000550 
5650.754860  	-0.001365 
5652.186518  	-0.001819 
5653.618176  	-0.001882 
5655.049834  	-0.001641 
5656.481492  	-0.001174 
5657.913151  	-0.001787 
5659.344809  	-0.002581 
5660.776467  	-0.001275 
5662.208125  	-0.000007 
5663.639783  	-0.000645 
5665.071442  	-0.001253 
5666.503100  	-0.002053 
5667.934758  	-0.003322 
5669.366416  	-0.002576 
5670.798074  	-0.000466 
5672.229732  	-0.000013 
5673.661391  	-0.001706 
5675.093049  	-0.002942 
5676.524707  	-0.002153 
5677.956365  	-0.002197 
5679.388023  	-0.003583 
5680.819682  	-0.003197 
5682.251340  	-0.002357 
5683.682998  	-0.002466 
5685.114656  	-0.001775 
5686.546314  	-0.001065 
5687.977973  	-0.001013 
5689.409631  	-0.000829 
5690.841289  	-0.000830 
5692.272947  	-0.001174 
5693.704605  	-0.001699 
5695.136263  	-0.000914 
5696.567922  	0.001175 
5697.999580  	0.000736 
5699.431238  	-0.000979 
5700.862896  	-0.000432 
5702.294554  	-0.000569 
5703.726213  	-0.001732 
5705.157871  	-0.000833 
5706.589529  	-0.000202 
5708.021187  	-0.001088 
5709.452845  	-0.000560 
5710.884503  	0.000629 
5712.316162  	-0.000406 
5713.747820  	-0.001951 
5715.179478  	-0.001415 
5716.611136  	-0.001000 
5718.042794  	-0.002228 
5719.474453  	-0.003293 
5720.906111  	-0.003678 
5722.337769  	-0.002962 
5723.769427  	-0.002046 
5725.201085  	-0.003566 
5726.632744  	-0.004623 
5728.064402  	-0.002693 
5729.496060  	-0.001734 
5730.927718  	-0.002430 
5732.359376  	-0.002039 
5733.791034  	-0.001061 
5735.222693  	-0.000630 
5736.654351  	-0.000724 
5738.086009  	-0.001239 
5739.517667  	-0.002504 
5740.949325  	-0.002963 
5742.380984  	-0.000732 
5743.812642  	-0.000169 
5745.244300  	-0.003055 
5746.675958  	-0.003178 
5748.107616  	-0.001270 
5749.539275  	-0.001891 
5750.970933  	-0.002620 
5752.402591  	-0.002186 
5753.834249  	-0.001318 
5755.265907  	0.000406 
5756.697565  	0.001163 
5758.129224  	0.000910 
5759.560882  	0.000549 
5760.992540  	-0.000971 
5762.424198  	-0.001840 
5763.855856  	-0.000966 
5765.287515  	-0.000902 
5766.719173  	-0.002286 
5768.150831  	-0.003914 
5769.582489  	-0.004113 
5771.014147  	-0.002689 
5772.445805  	-0.002781 
5773.877464  	-0.003726 
5775.309122  	-0.001170 
5776.740780  	0.001595 
5778.172438  	-0.000940 
5779.604096  	-0.004620 
5781.035755  	-0.004387 
5782.467413  	-0.002633 
5783.899071  	-0.001675 
5785.330729  	-0.001835 
5786.762387  	-0.002496 
5788.194046  	-0.001183 
5789.625704  	-0.000173 
5791.057362  	-0.002021 
5792.489020  	-0.002484 
5793.920678  	-0.001683 
5795.352336  	-0.002213 
5796.783995  	-0.001581 
5798.215653  	-0.001268 
5799.647311  	-0.002049 
5801.078969  	-0.000649 
5802.510627  	0.000063 
5803.942286  	0.000262 
5805.373944  	0.002729 
5806.805602  	0.001736 
5808.237260  	-0.002202 
5809.668918  	-0.002503 
5811.100576  	-0.001409 
5812.532235  	-0.000268 
5813.963893  	0.002452 
5815.395551  	0.003410 
5816.827209  	0.000773 
5818.258867  	-0.003469 
5819.690526  	-0.005275 
5821.122184  	-0.001772 
5822.553842  	0.002060 
5823.985500  	0.001398 
5825.417158  	-0.001192 
5826.848817  	-0.002730 
5828.280475  	-0.002230 
5829.712133  	-0.000714 
5831.143791  	-0.000798 
5832.575449  	-0.001853 
5834.007107  	-0.001853 
5835.438766  	-0.000836 
5836.870424  	0.000390 
5838.302082  	0.000086 
5839.733740  	-0.001894 
5841.165398  	-0.002144 
5842.597057  	0.000640 
5844.028715  	0.002800 
5845.460373  	0.001418 
5846.892031  	-0.000975 
5848.323689  	-0.001242 
5849.755348  	-0.000880 
5851.187006  	-0.001547 
5852.618664  	-0.001702 
5854.050322  	-0.000359 
5855.481980  	0.001201 
5856.913638  	0.000961 
5858.345297  	-0.001285 
5859.776955  	-0.002352 
5861.208613  	-0.000548 
5862.640271  	0.000902 
5864.071929  	-0.000327 
5865.503588  	-0.002267 
5866.935246  	-0.002541 
5868.366904  	-0.001341 
5869.798562  	-0.000886 
5871.230220  	-0.001501 
5872.661878  	-0.001424 
5874.093537  	-0.001709 
5875.525195  	-0.003024 
5876.956853  	-0.002408 
5878.388511  	-0.001015 
5879.820169  	-0.001970 
5881.251828  	-0.002199 
5882.683486  	0.000085 
5884.115144  	0.001132 
5885.546802  	-0.000426 
5886.978460  	-0.002650 
5888.410119  	-0.004042 
5889.841777  	-0.004051 
5891.273435  	-0.002959 
5892.705093  	-0.001337 
5894.136751  	-0.000452 
5895.568409  	-0.000935 
5897.000068  	-0.001006 
5898.431726  	0.000352 
5899.863384  	0.001465 
5901.295042  	0.000970 
5902.726700  	-0.000579 
5904.158359  	-0.001768 
5905.590017  	-0.002466 
5907.021675  	-0.002777 
5908.453333  	-0.001993 
5909.884991  	-0.001383 
5911.316650  	-0.002690 
5912.748308  	-0.004286 
5914.179966  	-0.003553 
5915.611624  	-0.001230 
5917.043282  	-0.000137 
5918.474940  	-0.000058 
5919.906599  	0.000185 
5921.338257  	-0.000376 
5922.769915  	0.000487 
5924.201573  	0.003270 
5925.633231  	0.001866 
5927.064890  	-0.002158 
5928.496548  	-0.002526 
5929.928206  	-0.002523 
5931.359864  	-0.003694 
5932.791522  	-0.003124 
5934.223180  	-0.003660 
5935.654839  	-0.004905 
5937.086497  	-0.002989 
5938.518155  	-0.001161 
5939.949813  	-0.001981 
5941.381471  	-0.002392 
5942.813130  	-0.000959 
5944.244788  	0.000191 
5945.676446  	-0.000264 
5947.108104  	0.000675 
5948.539762  	0.003368 
5949.971421  	0.002410 
5951.403079  	-0.000996 
5952.834737  	-0.002090 
5954.266395  	-0.002362 
5955.698053  	-0.000901 
5957.129711  	0.002285 
5958.561370  	0.000798 
5959.993028  	-0.002990 
5961.424686  	-0.002464 
5962.856344  	-0.001475 
5964.288002  	-0.002151 
5965.719661  	-0.000741 
5967.151319  	0.001688 
5968.582977  	0.002245 
5970.014635  	0.000268 
5971.446293  	-0.003054 
5972.877951  	-0.004711 
5974.309610  	-0.004040 
5975.741268  	-0.003406 
5977.172926  	-0.003819 
5978.604584  	-0.003386 
5980.036242  	-0.000801 
5981.467901  	0.000310 
5982.899559  	-0.001582 
5984.331217  	-0.003015 
5985.762875  	-0.003769 
5987.194533  	-0.002953 
5988.626192  	0.000503 
5990.057850  	0.000949 
5991.489508  	-0.001100 
5992.921166  	-0.000548 
5994.352824  	-0.000311 
5995.784482  	-0.000095 
5997.216141  	0.000962 
5998.647799  	-0.001717 
6000.079457  	-0.003896 
6001.511115  	-0.001540 
6002.942773  	-0.000246 
6004.374432  	-0.000710 
6005.806090  	-0.000263 
6007.237748  	0.001102 
6008.669406  	0.003152 
6010.101064  	0.003084 
6011.532723  	0.001273 
6012.964381  	0.000893 
6014.396039  	0.000945 
6015.827697  	-0.000160 
6017.259355  	-0.002715 
6018.691013  	-0.004068 
6020.122672  	-0.001141 
6021.554330  	0.001591 
6022.985988  	0.001652 
6024.417646  	0.001832 
6025.849304  	0.001421 
6027.280963  	0.000652 
6028.712621  	-0.001192 
6030.144279  	-0.004650 
6031.575937  	-0.003896 
6033.007595  	-0.000886 
6034.439253  	-0.001125 
6035.870912  	0.000171 
6037.302570  	0.002457 
6038.734228  	0.001276 
6040.165886  	0.000058 
6041.597544  	-0.000791 
6043.029203  	-0.002359 
6044.460861  	-0.002622 
6045.892519  	-0.003469 
6047.324177  	-0.005660 
6048.755835  	-0.005727 
6050.187494  	-0.002202 
6051.619152  	0.001640 
6053.050810  	0.002255 
6054.482468  	0.001879 
6055.914126  	0.001102 
6057.345784  	-0.001975 
6058.777443  	-0.002313 
6060.209101  	0.000658 
6061.640759  	0.000187 
6063.072417  	-0.001997 
6064.504075  	-0.002289 
6065.935734  	-0.001679 
6067.367392  	-0.000433 
6068.799050  	-0.000700 
6070.230708  	-0.001712 
6071.662366  	0.000452 
6073.094025  	0.001931 
6074.525683  	-0.000869 
6075.957341  	-0.003009 
6077.388999  	-0.001647 
6078.820657  	-0.000671 
6080.252315  	-0.002512 
6081.683974  	-0.004176 
6083.115632  	-0.003533 
6084.547290  	-0.001544 
6085.978948  	0.001568 
6087.410606  	0.004244 
6088.842265  	0.003476 
6090.273923  	0.000501 
6091.705581  	-0.000674 
6093.137239  	-0.000174 
6094.568897  	-0.001295 
6096.000555  	-0.002621 
6097.432214  	-0.000191 
6098.863872  	0.000513 
6100.295530  	-0.004290 
6101.727188  	-0.005563 
6103.158846  	-0.000982 
6104.590505  	0.001777 
6106.022163  	0.001694 
6107.453821  	0.000436 
6108.885479  	-0.001655 
6110.317137  	-0.001908 
6111.748796  	-0.001636 
6113.180454  	-0.003237 
6114.612112  	-0.003143 
6116.043770  	0.000168 
6117.475428  	0.002141 
6118.907086  	-0.000328 
6120.338745  	-0.002673 
6121.770403  	0.001725 
6123.202061  	0.006704 
6124.633719  	0.003498 
6126.065377  	0.000341 
6127.497036  	0.002475 
6128.928694  	0.000407 
6130.360352  	-0.002955 
6131.792010  	0.000655 
6133.223668  	0.003590 
6134.655327  	0.002696 
6136.086985  	0.003801 
6137.518643  	0.003388 
6138.950301  	0.000309 
6140.381959  	-0.000288 
6141.813617  	-0.000659 
6143.245276  	-0.001653 
6144.676934  	0.001019 
6146.108592  	0.003271 
6147.540250  	-0.000277 
6148.971908  	-0.003816 
6150.403567  	-0.003136 
6151.835225  	-0.003010 
6153.266883  	-0.002593 
6154.698541  	0.000886 
6156.130199  	0.000352 
6157.561857  	-0.003422 
6158.993516  	-0.001428 
6160.425174  	0.000935 
6161.856832  	-0.002041 
6163.288490  	-0.002838 
6164.720148  	0.000005 
6166.151807  	0.000604 
6167.583465  	-0.000486 
6169.015123  	0.000067 
6170.446781  	0.000751 
6171.878439  	-0.002027 
6173.310098  	-0.005288 
6174.741756  	-0.003747 
6176.173414  	-0.000574 
6177.605072  	-0.000540 
6179.036730  	-0.001550 
6180.468388  	-0.001203 
6181.900047  	-0.000662 
6183.331705  	-0.000762 
6184.763363  	-0.000198 
6186.195021  	0.000323 
6187.626679  	-0.000279 
6189.058338  	0.000504 
6190.489996  	0.001288 
6191.921654  	-0.001108 
6193.353312  	-0.001921 
6194.784970  	0.000249 
6196.216628  	-0.000717 
6197.648287  	-0.003620 
6199.079945  	-0.001435 
6200.511603  	0.004479 
6201.943261  	0.006410 
6203.374919  	0.004411 
6204.806578  	0.002636 
6206.238236  	-0.000174 
6207.669894  	-0.001922 
6209.101552  	-0.000529 
6210.533210  	-0.000847 
6211.964869  	-0.000240 
6213.396527  	0.003512 
6214.828185  	0.002973 
6216.259843  	0.001323 
6217.691501  	0.003530 
6219.123159  	0.003090 
6220.554818  	0.000410 
6221.986476  	0.000554 
6223.418134  	0.002405 
6224.849792  	0.003252 
6226.281450  	0.001317 
6227.713109  	0.000696 
6229.144767  	0.003999 
6230.576425  	0.004347 
6232.008083  	0.001129 
6233.439741  	0.000129 
6234.871400  	0.001738 
6236.303058  	0.002536 
6237.734716  	-0.001303 
6239.166374  	-0.005494 
6240.598032  	-0.003386 
6242.029690  	-0.001539 
6243.461349  	-0.003353 
6244.893007  	-0.001894 
6246.324665  	0.001172 
6247.756323  	0.001111 
6249.187981  	0.000779 
6250.619640  	0.001859 
6252.051298  	0.001480 
6253.482956  	-0.001202 
6254.914614  	-0.002872 
6256.346272  	-0.000325 
6257.777930  	0.004852 
6259.209589  	0.006362 
6260.641247  	0.001023 
6262.072905  	-0.002679 
6263.504563  	0.001339 
6264.936221  	0.005204 
6266.367880  	0.004063 
6267.799538  	0.001820 
6269.231196  	0.001586 
6270.662854  	0.003658 
6272.094512  	0.004437 
6273.526171  	0.002221 
6274.957829  	0.000005 
6276.389487  	-0.001393 
6277.821145  	-0.000486 
6279.252803  	0.001898 
6280.684461  	0.001500 
6282.116120  	0.000896 
6283.547778  	0.001355 
6284.979436  	0.001515 
6286.411094  	0.004434 
6287.842752  	0.006020 
6289.274411  	0.002887 
6290.706069  	0.002868 
6292.137727  	0.005322 
6293.569385  	0.003663 
6295.001043  	0.001731 
6296.432702  	0.003875 
6297.864360  	0.005373 
6299.296018  	0.001941 
6300.727676  	-0.001430 
6302.159334  	-0.000482 
6303.590992  	0.000992 
6305.022651  	0.000887 
6306.454309  	-0.000171 
6307.885967  	-0.002058 
6309.317625  	-0.001631 
6310.749283  	-0.000784 
6312.180942  	-0.002156 
6313.612600  	-0.001668 
6315.044258  	0.001339 
6316.475916  	0.005455 
6317.907574  	0.008462 
6319.339232  	0.006247 
6320.770891  	0.003258 
6322.202549  	0.003271 
6323.634207  	0.002261 
6325.065865  	0.002255 
6326.497523  	0.003990 
6327.929182  	0.002912 
6329.360840  	0.001033 
6330.792498  	0.001163 
6332.224156  	0.000988 
6333.655814  	-0.001133 
6335.087473  	-0.001385 
6336.519131  	0.002702 
6337.950789  	0.003391 
6339.382447  	-0.000540 
6340.814105  	0.000916 
6342.245763  	0.004595 
6343.677422  	0.002629 
6345.109080  	-0.000039 
6346.540738  	-0.000370 
6347.972396  	-0.000237 
6349.404054  	0.000278 
6350.835713  	-0.000701 
6352.267371  	-0.003653 
6353.699029  	-0.005444 
6355.130687  	-0.004727 
6356.562345  	-0.002696 
6357.994003  	-0.000259 
6359.425662  	0.001570 
6360.857320  	0.001163 
6362.288978  	0.000289 
6363.720636  	0.001868 
6365.152294  	0.004744 
6366.583953  	0.006525 
6368.015611  	0.003974 
6369.447269  	-0.001441 
6370.878927  	-0.002382 
6372.310585  	0.000247 
6373.742244  	0.001358 
6375.173902  	0.001964 
6376.605560  	0.001230 
6378.037218  	0.000007 
6379.468876  	0.002277 
6380.900534  	0.005716 
6382.332193  	0.006672 
6383.763851  	0.004345 
6385.195509  	0.001966 
6386.627167  	0.001785 
6388.058825  	-0.000444 
6389.490484  	-0.001867 
6390.922142  	0.001497 
6392.353800  	0.002563 
6393.785458  	0.002769 
6395.217116  	0.004674 
6396.648775  	0.001412 
6398.080433  	-0.000032 
6399.512091  	0.004957 
6400.943749  	0.004186 
6402.375407  	-0.000276 
6403.807065  	0.000132 
6405.238724  	0.000501 
6406.670382  	-0.000665 
6408.102040  	0.000143 
6409.533698  	0.001388 
6410.965356  	0.000545 
6412.397015  	-0.001719 
6413.828673  	-0.002350 
6415.260331  	-0.000049 
6416.691989  	0.002974 
6418.123647  	0.004887 
6419.555305  	0.005826 
6420.986964  	0.005263 
6422.418622  	0.003307 
6423.850280  	0.003567 
6425.281938  	0.004609 
6426.713596  	0.003148 
6428.145255  	0.003890 
6429.576913  	0.005251 
6431.008571  	0.001685 
6432.440229  	-0.001845 
6433.871887  	-0.003025 
6435.303546  	-0.002213 
6436.735204  	0.000560 
6438.166862  	-0.000825 
6439.598520  	-0.000216 
6441.030178  	0.006244 
6442.461836  	0.004036 
6443.893495  	-0.001230 
6445.325153  	0.002699 
6446.756811  	0.005320 
6448.188469  	0.003749 
6449.620127  	0.000110 
6451.051786  	-0.003737 
6452.483444  	0.002315 
6453.915102  	0.007420 
6455.346760  	0.000042 
6456.778418  	-0.002777 
6458.210077  	0.001670 
6459.641735  	0.001826 
6461.073393  	0.001751 
6462.505051  	0.002432 
6463.936709  	-0.000542 
6465.368367  	-0.003515 
6466.800026  	-0.003849 
6468.231684  	-0.002457 
6469.663342  	0.000482 
6471.095000  	0.004420 
6472.526658  	0.006344 
6473.958317  	0.005538 
6475.389975  	0.003141 
6476.821633  	-0.001950 
6478.253291  	-0.004477 
6479.684949  	0.000847 
6481.116607  	0.004850 
6482.548266  	0.003145 
6483.979924  	0.001933 
6485.411582  	0.003176 
6486.843240  	0.006189 
6488.274898  	0.008291 
6489.706557  	0.007508 
6491.138215  	0.006566 
6492.569873  	0.004893 
6494.001531  	0.003032 
6495.433189  	0.003689 
6496.864848  	0.003709 
6498.296506  	0.002737 
6499.728164  	0.001935 
6501.159822  	-0.000034 
6502.591480  	-0.000576 
6504.023138  	0.001201 
6505.454797  	0.002109 
6506.886455  	0.000410 
6508.318113  	-0.001983 
6509.749771  	-0.000667 
6511.181429  	0.000877 
6512.613088  	-0.000344 
6514.044746  	0.002303 
6515.476404  	0.006986 
6516.908062  	0.007797 
6518.339720  	0.006006 
6519.771379  	0.003026 
6521.203037  	0.001391 
6522.634695  	0.002108 
6524.066353  	0.002812 
6525.498011  	0.004503 
6526.929669  	0.003694 
6528.361328  	0.000063 
6529.792986  	0.001445 
6531.224644  	0.004304 
6532.656302  	0.003219 
6534.087960  	0.002332 
6535.519619  	0.003686 
6536.951277  	0.005394 
6538.382935  	0.005102 
6539.814593  	0.004120 
6541.246251  	0.004351 
6542.677909  	0.003672 
6544.109568  	0.004810 
6545.541226  	0.006463 
6546.972884  	0.004229 
6548.404542  	0.003270 
6549.836200  	0.000713 
6551.267859  	-0.003100 
6552.699517  	0.003291 
6554.131175  	0.007155 
6555.562833  	0.000340 
6556.994491  	-0.000335 
6558.426150  	0.002049 
6559.857808  	-0.000587 
6561.289466  	-0.000975 
6562.721124  	0.000031 
6564.152782  	0.000482 
6565.584440  	-0.000517 
6567.016099  	-0.003185 
6568.447757  	0.000302 
6569.879415  	0.006648 
6571.311073  	0.008194 
6572.742731  	0.006345 
6574.174390  	0.001667 
6575.606048  	0.001121 
6577.037706  	0.007752 
6578.469364  	0.010167 
6579.901022  	0.007083 
6581.332680  	0.003478 
6582.764339  	-0.000441 
6584.195997  	-0.000802 
6585.627655  	0.001586 
6587.059313  	0.004534 
6588.490971  	0.009592 
6589.922630  	0.010513 
6591.354288  	0.005192 
6592.785946  	0.002709 
6594.217604  	0.005661 
6595.649262  	0.006798 
6597.080921  	0.005456 
6598.512579  	0.009307 
6599.944237  	0.012594 
6601.375895  	0.005635 
6602.807553  	-0.001097 
6604.239211  	-0.001094 
6605.670870  	-0.002151 
6607.102528  	-0.001482 
6608.534186  	0.003008 
6609.965844  	0.004083 
6611.397502  	0.001970 
6612.829161  	0.001737 
6614.260819  	0.002221 
6615.692477  	0.000249 
6617.124135  	-0.001210 
6618.555793  	-0.000111 
6619.987452  	0.000227 
6621.419110  	0.002038 
6622.850768  	0.006215 
6624.282426  	0.008870 
6625.714084  	0.011008 
6627.145742  	0.009827 
6628.577401  	0.004011 
6630.009059  	0.000622 
6631.440717  	0.001722 
6632.872375  	0.007228 
6634.304033  	0.010715 
6635.735692  	0.002742 
6637.167350  	-0.002544 
6638.599008  	0.002569 
6640.030666  	0.003015 
6641.462324  	0.000397 
6642.893982  	-0.000071 
6644.325641  	-0.001190 
6645.757299  	0.002992 
6647.188957  	0.006705 
6648.620615  	0.003572 
6650.052273  	0.002867 
6651.483932  	0.002808 
6652.915590  	0.000231 
6654.347248  	0.000358 
6655.778906  	0.000480 
6657.210564  	0.001379 
6658.642223  	0.005232 
6660.073881  	0.006229 
6661.505539  	0.003728 
6662.937197  	0.001627 
6664.368855  	0.001083 
6665.800513  	0.002605 
6667.232172  	0.006322 
6668.663830  	0.009275 
6670.095488  	0.005466 
6671.527146  	-0.000767 
6672.958804  	0.000643 
6674.390463  	0.004067 
6675.822121  	0.003825 
6677.253779  	0.004151 
6678.685437  	0.002550 
6680.117095  	-0.002118 
6681.548754  	-0.003254 
6682.980412  	0.000336 
6684.412070  	0.004640 
6685.843728  	0.006042 
6687.275386  	0.005817 
6688.707044  	0.007253 
6690.138703  	0.008551 
6691.570361  	0.007726 
6693.002019  	0.005164 
6694.433677  	0.002438 
6695.865335  	0.003878 
6697.296994  	0.007696 
6698.728652  	0.007687 
6700.160310  	0.005276 
6701.591968  	0.004920 
6703.023626  	0.005900 
6704.455284  	0.006670 
6705.886943  	0.007596 
6707.318601  	0.008850 
6708.750259  	0.009525 
6710.181917  	0.006765 
6711.613575  	0.001753 
6713.045234  	0.003059 
6714.476892  	0.009735 
6715.908550  	0.007956 
6717.340208  	-0.000786 
6718.771866  	-0.004330 
6720.203525  	-0.003803 
6721.635183  	-0.002869 
6723.066841  	-0.001679 
6724.498499  	-0.002451 
6725.930157  	-0.001731 
6727.361815  	0.002567 
6728.793474  	0.006630 
6730.225132  	0.008129 
6731.656790  	0.003985 
6733.088448  	-0.000276 
6734.520106  	0.002628 
6735.951765  	0.005351 
6737.383423  	0.004397 
6738.815081  	0.004796 
6740.246739  	0.004149 
6741.678397  	0.001227 
6743.110056  	0.000276 
6744.541714  	0.000861 
6745.973372  	-0.001282 
6747.405030  	-0.003920 
6748.836688  	-0.000521 
6750.268346  	0.003456 
6751.700005  	0.002131 
6753.131663  	0.003384 
6754.563321  	0.006039 
6755.994979  	0.003145 
6757.426637  	0.000221 
6758.858296  	0.001374 
6760.289954  	0.005097 
6761.721612  	0.009387 
6763.153270  	0.010507 
6764.584928  	0.009356 
6766.016586  	0.006280 
6767.448245  	0.001624 
6768.879903  	0.000372 
6770.311561  	0.003650 
6771.743219  	0.009691 
6773.174877  	0.013723 
6774.606536  	0.010746 
6776.038194  	0.006252 
6777.469852  	0.003881 
6778.901510  	0.001740 
6780.333168  	0.000885 
6781.764827  	0.000274 
6783.196485  	0.003725 
6784.628143  	0.010611 
6786.059801  	0.008206 
6787.491459  	0.002552 
6788.923117  	0.003028 
6790.354776  	0.002111 
6791.786434  	0.002198 
6793.218092  	0.003396 
6794.649750  	-0.000892 
6796.081408  	-0.000849 
6797.513067  	0.004386 
6798.944725  	0.005722 
6800.376383  	0.006170 
6801.808041  	0.005747 
6803.239699  	0.005032 
6804.671357  	0.008885 
6806.103016  	0.011762 
6807.534674  	0.010801 
6808.966332  	0.008414 
6810.397990  	0.003186 
6811.829648  	0.000632 
6813.261307  	0.005473 
6814.692965  	0.010047 
6816.124623  	0.008654 
6817.556281  	0.005520 
6818.987939  	0.004476 
6820.419598  	0.005537 
6821.851256  	0.006046 
6823.282914  	0.002248 
6824.714572  	-0.002924 
6826.146230  	-0.003947 
6827.577888  	-0.003826 
6829.009547  	-0.001851 
6830.441205  	0.004641 
6831.872863  	0.005882 
6833.304521  	0.003679 
6834.736179  	0.007987 
6836.167838  	0.011489 
6837.599496  	0.008789 
6839.031154  	0.004701 
6840.462812  	0.001952 
6841.894470  	0.002577 
6843.326129  	0.002225 
6844.757787  	-0.001143 
6846.189445  	-0.000057 
6847.621103  	0.002893 
6849.052761  	0.002218 
6850.484419  	0.001869 
6851.916078  	0.003806 
6853.347736  	0.004994 
6854.779394  	0.002210 
6856.211052  	0.000988 
6857.642710  	0.006116 
6859.074369  	0.008882 
6860.506027  	0.009036 
6861.937685  	0.009169 
6863.369343  	0.003516 
6864.801001  	-0.000162 
6866.232659  	0.004150 
6867.664318  	0.005917 
6869.095976  	0.003830 
6870.527634  	0.000753 
6871.959292  	0.000814 
6873.390950  	0.005013 
6874.822609  	0.002911 
6876.254267  	0.000482 
6877.685925  	0.007267 
6879.117583  	0.009176 
6880.549241  	0.005308 
6881.980900  	0.005521 
6883.412558  	0.005789 
6884.844216  	0.004707 
6886.275874  	0.002607 
6887.707532  	0.000528 
6889.139190  	0.005261 
6890.570849  	0.008876 
6892.002507  	0.001655 
6893.434165  	-0.003259 
6894.865823  	0.005070 
6896.297481  	0.011745 
6897.729140  	0.004809 
6899.160798  	-0.000771 
6900.592456  	0.004084 
6902.024114  	0.006045 
6903.455772  	0.001471 
6904.887431  	-0.001002 
6906.319089  	0.002424 
6907.750747  	0.008398 
6909.182405  	0.008864 
6910.614063  	0.008330 
6912.045721  	0.012624 
6913.477380  	0.011645 
6914.909038  	0.004573 
6916.340696  	0.001111 
6917.772354  	0.004413 
6919.204012  	0.011859 
6920.635671  	0.012034 
6922.067329  	0.006056 
6923.498987  	0.009375 
6924.930645  	0.015515 
6926.362303  	0.013851 
6927.793961  	0.010539 
6929.225620  	0.007355 
6930.657278  	0.003823 
6932.088936  	0.001657 
6933.520594  	0.000067 
6934.952252  	-0.000056 
6936.383911  	-0.000120 
6937.815569  	-0.001179 
6939.247227  	-0.002029 
6940.678885  	-0.001565 
6942.110543  	0.003386 
6943.542202  	0.006494 
6944.973860  	0.004243 
6946.405518  	0.004280 
6947.837176  	0.003943 
6949.268834  	0.003211 
6950.700492  	0.009157 
6952.132151  	0.012831 
6953.563809  	0.008604 
6954.995467  	0.003977 
6956.427125  	0.004847 
6957.858783  	0.009004 
6959.290442  	0.006351 
6960.722100  	0.001929 
6962.153758  	0.005847 
6963.585416  	0.007268 
6965.017074  	0.003736 
6966.448732  	0.001446 
6967.880391  	-0.003237 
6969.312049  	-0.002887 
6970.743707  	0.000983 
6972.175365  	-0.002841 
6973.607023  	-0.001539 
6975.038682  	0.006396 
6976.470340  	0.006347 
6977.901998  	0.001180 
6979.333656  	-0.003791 
6980.765314  	-0.002146 
6982.196973  	0.010067 
6983.628631  	0.015869 
6985.060289  	0.007819 
6986.491947  	-0.000007 
6987.923605  	0.002258 
6989.355263  	0.009643 
6990.786922  	0.010877 
6992.218580  	0.009656 
6993.650238  	0.011706 
6995.081896  	0.009477 
6996.513554  	0.003890 
6997.945213  	0.001788 
6999.376871  	0.001090 
7000.808529  	0.000765 
7002.240187  	-0.000349 
7003.671845  	-0.001823 
7005.103504  	0.000310 
7006.535162  	0.003206 
7007.966820  	0.003471 
7009.398478  	0.002006 
7010.830136  	0.003668 
7012.261794  	0.011055 
7013.693453  	0.013756 
7015.125111  	0.008404 
7016.556769  	0.003431 
7017.988427  	0.000563 
7019.420085  	-0.000162 
7020.851744  	0.000687 
7022.283402  	0.000765 
7023.715060  	0.001047 
7025.146718  	-0.004138 
7026.578376  	-0.010103 
7028.010034  	-0.001430 
7029.441693  	0.007706 
7030.873351  	0.000320 
7032.305009  	-0.006745 
7033.736667  	-0.002355 
7035.168325  	0.002518 
7036.599984  	0.002296 
7038.031642  	0.002121 
7039.463300  	0.003648 
7040.894958  	0.005262 
7042.326616  	0.008598 
7043.758275  	0.009432 
7045.189933  	0.004155 
7046.621591  	0.003001 
7048.053249  	0.007871 
7049.484907  	0.008345 
7050.916565  	0.006715 
7052.348224  	0.006841 
7053.779882  	0.005517 
7055.211540  	0.005885 
7056.643198  	0.007436 
7058.074856  	0.003487 
7059.506515  	0.001284 
7060.938173  	0.007616 
7062.369831  	0.010344 
7063.801489  	0.007500 
7065.233147  	0.010331 
7066.664806  	0.009997 
7068.096464  	0.003901 
7069.528122  	0.007330 
7070.959780  	0.010855 
7072.391438  	0.003801 
7073.823096  	-0.001392 
7075.254755  	-0.002631 
7076.686413  	-0.000305 
7078.118071  	0.004384 
7079.549729  	0.001598 
7080.981387  	0.001263 
7082.413046  	0.005803 
7083.844704  	0.000667 
7085.276362  	-0.002807 
7086.708020  	-0.000374 
7088.139678  	-0.003673 
7089.571336  	-0.000227 
7091.002995  	0.010151 
7092.434653  	0.010609 
7093.866311  	0.006890 
7095.297969  	0.007221 
7096.729627  	0.005884 
7098.161286  	0.004182 
7099.592944  	0.006660 
7101.024602  	0.009800 
7102.456260  	0.006465 
7103.887918  	0.000435 
7105.319577  	-0.000592 
7106.751235  	0.002057 
7108.182893  	0.008383 
7109.614551  	0.012116 
7111.046209  	0.007131 
7112.477867  	0.003918 
7113.909526  	0.006211 
7115.341184  	0.003046 
7116.772842  	-0.001792 
7118.204500  	-0.000085 
7119.636158  	0.002899 
7121.067817  	0.002671 
7122.499475  	0.002873 
7123.931133  	0.003875 
7125.362791  	0.003550 
7126.794449  	0.007139 
7128.226108  	0.015295 
7129.657766  	0.016471 
7131.089424  	0.007990 
7132.521082  	-0.000761 
7133.952740  	0.000838 
7135.384398  	0.012420 
7136.816057  	0.016143 
7138.247715  	0.007889 
7139.679373  	0.004240 
7141.111031  	0.005300 
7142.542689  	0.003427 
7143.974348  	0.003421 
7145.406006  	0.004397 
7146.837664  	0.003178 
7148.269322  	0.003615 
7149.700980  	0.009123 
7151.132638  	0.014345 
7152.564297  	0.010066 
7153.995955  	0.003168 
7155.427613  	0.002287 
7156.859271  	0.002512 
7158.290929  	0.004450 
7159.722588  	0.005759 
7161.154246  	-0.000109 
7162.585904  	-0.001813 
7164.017562  	0.005074 
7165.449220  	0.010225 
7166.880879  	0.011067 
7168.312537  	0.008178 
7169.744195  	0.009476 
7171.175853  	0.015173 
7172.607511  	0.014408 
7174.039169  	0.011916 
7175.470828  	0.010770 
7176.902486  	0.007294 
7178.334144  	0.008897 
7179.765802  	0.010178 
7181.197460  	0.005916 
7182.629119  	0.009293 
7184.060777  	0.012189 
7185.492435  	0.007440 
7186.924093  	0.008884 
7188.355751  	0.010070 
7189.787409  	0.005403 
7191.219068  	0.005768 
7192.650726  	0.007424 
7194.082384  	0.005423 
7195.514042  	0.002882 
7196.945700  	0.000273 
7198.377359  	0.001825 
7199.809017  	0.004353 
7201.240675  	0.001019 
7202.672333  	0.000487 
7204.103991  	0.005963 
7205.535650  	0.008222 
7206.967308  	0.005177 
7208.398966  	0.001234 
7209.830624  	0.000066 
7211.262282  	0.002925 
7212.693940  	0.006814 
7214.125599  	0.009551 
7215.557257  	0.011361 
7216.988915  	0.010888 
7218.420573  	0.010396 
7219.852231  	0.013205 
7221.283890  	0.016889 
7222.715548  	0.013986 
7224.147206  	0.004108 
7225.578864  	-0.002376 
7227.010522  	-0.000607 
7228.442181  	0.003515 
7229.873839  	0.006495 
7231.305497  	0.005832 
7232.737155  	0.000345 
7234.168813  	-0.003794 
7235.600471  	-0.001915 
7237.032130  	0.004256 
7238.463788  	0.009265 
7239.895446  	0.008644 
7241.327104  	0.008743 
7242.758762  	0.009197 
7244.190421  	0.002770 
7245.622079  	-0.001864 
7247.053737  	-0.003173 
7248.485395  	-0.003931 
7249.917053  	-0.001840 
7251.348711  	-0.003003 
7252.780370  	-0.003542 
7254.212028  	0.004965 
7255.643686  	0.008183 
7257.075344  	0.006617 
7258.507002  	0.012526 
7259.938661  	0.016040 
7261.370319  	0.014098 
7262.801977  	0.012406 
7264.233635  	0.009337 
7265.665293  	0.008831 
7267.096952  	0.008317 
7268.528610  	0.005420 
7269.960268  	0.002858 
7271.391926  	-0.003666 
7272.823584  	-0.010235 
7274.255242  	-0.013483 
7275.686901  	-0.013722 
7277.118559  	-0.004718 
7278.550217  	0.001440 
7279.981875  	-0.001485 
7281.413533  	0.004099 
7282.845192  	0.008125 
7284.276850  	0.004182 
7285.708508  	0.005828 
7287.140166  	0.002903 
7288.571824  	-0.004008 
7290.003483  	-0.000710 
7291.435141  	0.001615 
7292.866799  	-0.001497 
7294.298457  	-0.007483 
7295.730115  	-0.011530 
7297.161773  	-0.005250 
7298.593432  	-0.001781 
7300.025090  	-0.001336 
7301.456748  	0.004206 
7302.888406  	0.001539 
7304.320064  	-0.000286 
7305.751723  	0.004622 
7307.183381  	0.001691 
7308.615039  	0.002965 
7310.046697  	0.009087 
7311.478355  	0.006412 
7312.910013  	0.006183 
7314.341672  	0.007153 
7315.773330  	0.002683 
7317.204988  	0.003647 
7318.636646  	0.007533 
7320.068304  	0.009267 
7321.499963  	0.003682 
7322.931621  	-0.007041 
7324.363279  	-0.004725 
7325.794937  	0.003655 
7327.226595  	0.002013 
7328.658254  	0.003017 
7330.089912  	0.005110 
7331.521570  	0.001232 
7332.953228  	0.000747 
7334.384886  	0.006320 
7335.816544  	0.011178 
7337.248203  	0.008918 
7338.679861  	0.007798 
7340.111519  	0.016105 
7341.543177  	0.015192 
7342.974835  	0.002174 
7344.406494  	-0.006233 
7345.838152  	-0.008749 
7347.269810  	-0.001967 
7348.701468  	0.007419 
7350.133126  	0.009538 
7351.564785  	0.011580 
7352.996443  	0.006202 
7354.428101  	-0.004498 
7355.859759  	-0.002286 
7357.291417  	0.002368 
7358.723075  	0.003198 
7360.154734  	0.004762 
7361.586392  	-0.001606 
7363.018050  	-0.007477 
7364.449708  	-0.004829 
7365.881366  	-0.001436 
7367.313025  	0.001506 
7368.744683  	0.001173 
7370.176341  	-0.000598 
7371.607999  	-0.001994 
7373.039657  	-0.007805 
7374.471315  	-0.009657 
7375.902974  	-0.007104 
7377.334632  	-0.009265 
7378.766290  	-0.005070 
7380.197948  	0.001764 
7381.629606  	0.002672 
7383.061265  	0.007859 
7384.492923  	0.014141 
7385.924581  	0.014416 
7387.356239  	0.011263 
7388.787897  	0.003891 
7390.219556  	-0.003452 
7391.651214  	-0.003789 
7393.082872  	0.006492 
7394.514530  	0.017677 
7395.946188  	0.011028 
7397.377846  	-0.005150 
7398.809505  	-0.011230 
7400.241163  	-0.005124 
7401.672821  	0.010167 
7403.104479  	0.019813 
7404.536137  	0.016011 
7405.967796  	0.009779 
7407.399454  	0.002705 
7408.831112  	-0.001744 
7410.262770  	-0.000648 
7411.694428  	-0.003533 
7413.126086  	-0.002294 
7414.557745  	0.008272 
7415.989403  	0.007619 
7417.421061  	0.000440 
7418.852719  	0.004255 
7420.284377  	0.009348 
7421.716036  	0.001342 
7423.147694  	-0.010841 
7424.579352  	-0.013587 
7426.011010  	-0.009677 
7427.442668  	-0.004863 
7428.874327  	0.003073 
7430.305985  	0.003112 
7431.737643  	-0.003325 
7433.169301  	0.000432 
7434.600959  	0.002404 
7436.032617  	-0.001987 
7437.464276  	0.004375 
7438.895934  	0.012486 
7440.327592  	0.011904 
7441.759250  	0.009445 
7443.190908  	0.003690 
7444.622567  	-0.000854 
7446.054225  	0.004687 
7447.485883  	0.010888 
7448.917541  	0.005700 
7450.349199  	-0.001860 
7451.780858  	0.001430 
7453.212516  	0.005015 
7454.644174  	-0.001409 
7456.075832  	-0.001992 
7457.507490  	0.008823 
7458.939148  	0.013550 
7460.370807  	0.010479 
7461.802465  	0.010488 
7463.234123  	0.012119 
7464.665781  	0.011944 
7466.097439  	0.012022 
7467.529098  	0.009454 
7468.960756  	0.001156 
7470.392414  	-0.007579 
7471.824072  	-0.009781 
7473.255730  	-0.008559 
7474.687388  	-0.004791 
7476.119047  	0.004124 
7477.550705  	0.005965 
7478.982363  	-0.011168 
7480.414021  	-0.024337 
7481.845679  	-0.013887 
7483.277338  	0.002929 
7484.708996  	0.010616 
7486.140654  	0.010704 
7487.572312  	0.003995 
7489.003970  	0.004316 
7490.435629  	0.015390 
7491.867287  	0.020335 
7493.298945  	0.019064 
7494.730603  	0.010418 
7496.162261  	-0.003571 
7497.593919  	-0.000788 
7499.025578  	0.005794 
7500.457236  	-0.000605 
7501.888894  	-0.001091 
7503.320552  	-0.003271 
7504.752210  	-0.011411 
7506.183869  	-0.001883 
7507.615527  	0.007748 
7509.047185  	0.003466 
7510.478843  	0.006525 
7511.910501  	0.015618 
7513.342160  	0.017255 
7514.773818  	0.014970 
7516.205476  	0.014818 
7517.637134  	0.013930 
7519.068792  	0.008495 
7520.500450  	0.009763 
7521.932109  	0.014380 
7523.363767  	0.007660 
7524.795425  	0.002705 
7526.227083  	0.000372 
7527.658741  	-0.008770 
7529.090400  	-0.004820 
7530.522058  	0.005447 
7531.953716  	0.003560 
7533.385374  	0.003034 
7534.817032  	0.003531 
7536.248690  	0.001311 
7537.680349  	0.001241 
7539.112007  	-0.005521 
7540.543665  	-0.005611 
7541.975323  	0.007211 
7543.406981  	0.003792 
7544.838640  	-0.012787 
7546.270298  	-0.019764 
7547.701956  	-0.014100 
7549.133614  	0.004045 
7550.565272  	0.016870 
7551.996931  	0.013380 
7553.428589  	0.008297 
7554.860247  	-0.000129 
7556.291905  	-0.008045 
7557.723563  	-0.002809 
7559.155221  	0.003409 
7560.586880  	0.000067 
7562.018538  	-0.007189 
7563.450196  	-0.011745 
7564.881854  	-0.003584 
7566.313512  	0.009229 
7567.745171  	0.006690 
7569.176829  	-0.003202 
7570.608487  	-0.003645 
7572.040145  	-0.000096 
7573.471803  	0.006551 
7574.903461  	0.016238 
7576.335120  	0.010954 
7577.766778  	-0.005921 
7579.198436  	-0.015042 
7580.630094  	-0.018387 
7582.061752  	-0.011903 
7583.493411  	0.005863 
7584.925069  	0.007694 
7586.356727  	0.006186 
7587.788385  	0.025201 
7589.220043  	0.024989 
7590.651702  	-0.000127 
7592.083360  	-0.006115 
7593.515018  	0.002317 
7594.946676  	0.006022 
7596.378334  	0.013607 
7597.809992  	0.015366 
7599.241651  	0.000873 
7600.673309  	-0.009338 
7602.104967  	-0.002079 
7603.536625  	0.004524 
7604.968283  	-0.008079 
7606.399942  	-0.022422 
7607.831600  	-0.016556 
7609.263258  	0.000011 
7610.694916  	0.011815 
7612.126574  	0.011725 
7613.558233  	0.003080 
7614.989891  	0.003542 
7616.421549  	0.016075 
7617.853207  	0.016912 
7619.284865  	0.003281 
7620.716523  	-0.005203 
7622.148182  	-0.001636 
7623.579840  	0.002709 
7625.011498  	-0.002879 
7626.443156  	-0.012499 
7627.874814  	-0.011974 
7629.306473  	-0.000184 
7630.738131  	0.008560 
7632.169789  	0.013970 
7633.601447  	0.014784 
7635.033105  	0.006873 
7636.464763  	0.005192 
7637.896422  	0.011414 
7639.328080  	0.001209 
7640.759738  	-0.015645 
7642.191396  	-0.011749 
7643.623054  	-0.005193 
7645.054713  	-0.008323 
7646.486371  	-0.002557 
7647.918029  	0.010216 
7649.349687  	0.017659 
7650.781345  	0.013863 
7652.213004  	0.004221 
7653.644662  	0.006373 
7655.076320  	0.008320 
7656.507978  	-0.000972 
7657.939636  	0.008453 
7659.371294  	0.023815 
7660.802953  	0.010732 
7662.234611  	-0.001340 
7663.666269  	0.004151 
7665.097927  	0.003165 
7666.529585  	0.002792 
7667.961244  	0.013608 
7669.392902  	0.018773 
7670.824560  	0.014169 
7672.256218  	0.007199 
7673.687876  	0.004809 
7675.119535  	0.003449 
7676.551193  	-0.004274 
7677.982851  	-0.006229 
7679.414509  	0.004722 
7680.846167  	0.014761 
7682.277825  	0.013357 
7683.709484  	0.008674 
7685.141142  	0.004054 
7686.572800  	-0.008745 
7688.004458  	-0.023208 
7689.436116  	-0.020632 
7690.867775  	-0.008430 
7692.299433  	-0.001853 
7693.731091  	0.001713 
7695.162749  	0.008401 
7696.594407  	0.012091 
7698.026065  	0.002130 
7699.457724  	-0.008721 
7700.889382  	-0.001240 
7702.321040  	0.001103 
7703.752698  	-0.012247 
7705.184356  	-0.010666 
7706.616015  	-0.000499 
7708.047673  	-0.002065 
7709.479331  	-0.001960 
7710.910989  	-0.000412 
7712.342647  	0.000213 
7713.774306  	0.002050 
7715.205964  	-0.005874 
7716.637622  	-0.011887 
7718.069280  	-0.008706 
7719.500938  	-0.013373 
7720.932596  	-0.022769 
7722.364255  	-0.023100 
7723.795913  	-0.014896 
7725.227571  	-0.003379 
7726.659229  	0.005986 
7728.090887  	0.006123 
7729.522546  	-0.003532 
7730.954204  	-0.012514 
7732.385862  	-0.012882 
7733.817520  	-0.014992 
7735.249178  	-0.011845 
7736.680837  	-0.001444 
7738.112495  	0.000772 
7739.544153  	0.002815 
7740.975811  	0.010222 
7742.407469  	0.004309 
7743.839127  	0.000071 
7745.270786  	0.004126 
7746.702444  	0.002158 
7748.134102  	0.005638 
7749.565760  	0.004402 
7750.997418  	-0.011879 
7752.429077  	-0.016265 
7753.860735  	-0.013422 
7755.292393  	-0.008587 
7756.724051  	0.007230 
7758.155709  	0.008063 
7759.587367  	-0.010705 
7761.019026  	-0.018534 
7762.450684  	-0.020054 
7763.882342  	-0.019817 
7765.314000  	-0.005712 
7766.745658  	0.003600 
7768.177317  	-0.004139 
7769.608975  	0.001345 
7771.040633  	0.024410 
7772.472291  	0.029293 
7773.903949  	0.010390 
7775.335608  	0.000510 
7776.767266  	-0.002114 
7778.198924  	-0.011814 
7779.630582  	-0.023593 
7781.062240  	-0.026325 
7782.493898  	-0.015694 
7783.925557  	-0.005702 
7785.357215  	-0.006227 
7786.788873  	0.002013 
7788.220531  	0.015420 
7789.652189  	0.015458 
7791.083848  	0.006219 
7792.515506  	-0.004145 
7793.947164  	-0.011351 
7795.378822  	-0.010812 
7796.810480  	-0.003440 
7798.242138  	0.011258 
7799.673797  	0.029248 
7801.105455  	0.031208 
7802.537113  	0.015109 
7803.968771  	0.006534 
7805.400429  	0.018559 
7806.832088  	0.028474 
7808.263746  	0.017340 
7809.695404  	-0.008939 
7811.127062  	-0.023467 
7812.558720  	-0.006214 
7813.990379  	0.010007 
7815.422037  	-0.010539 
7816.853695  	-0.030383 
7818.285353  	-0.021971 
7819.717011  	-0.004208 
7821.148669  	0.014821 
7822.580328  	0.019200 
7824.011986  	0.004771 
7825.443644  	0.005796 
7826.875302  	0.016692 
7828.306960  	0.010700 
7829.738619  	-0.001238 
7831.170277  	-0.002636 
7832.601935  	0.007440 
7834.033593  	0.006764 
7835.465251  	-0.011535 
7836.896910  	-0.014406 
7838.328568  	-0.011126 
7839.760226  	-0.021733 
7841.191884  	-0.014392 
7842.623542  	-0.002422 
7844.055200  	-0.015601 
7845.486859  	-0.016692 
7846.918517  	0.003310 
7848.350175  	0.009429 
7849.781833  	0.003367 
7851.213491  	0.005825 
7852.645150  	0.013181 
7854.076808  	0.013047 
7855.508466  	0.005660 
7856.940124  	0.007365 
7858.371782  	0.017299 
7859.803440  	0.011674 
7861.235099  	-0.012757 
7862.666757  	-0.025919 
7864.098415  	-0.022933 
7865.530073  	-0.012369 
7866.961731  	-0.000296 
7868.393390  	0.000909 
7869.825048  	0.000320 
7871.256706  	0.005216 
7872.688364  	-0.010498 
7874.120022  	-0.026286 
7875.551681  	-0.009932 
7876.983339  	0.000370 
7878.414997  	-0.005647 
7879.846655  	0.007429 
7881.278313  	0.019286 
7882.709971  	-0.001005 
7884.141630  	-0.023818 
7885.573288  	-0.032286 
7887.004946  	-0.032897 
7888.436604  	-0.029780 
7889.868262  	-0.018617 
7891.299921  	-0.004269 
7892.731579  	-0.002875 
7894.163237  	-0.009739 
7895.594895  	-0.017511 
7897.026553  	-0.019284 
7898.458212  	-0.005478 
7899.889870  	0.006809 