##TITLE=No Description
##DATA TYPE=INFRARED SPECTRUM
##XUNITS=1/CM
##YUNITS=Abs
349.324597  	0.001501 
350.756256  	-0.209633 
352.187914  	0.219297 
353.619572  	0.290933 
355.051230  	0.558497 
356.482888  	0.311699 
357.914546  	0.255653 
359.346205  	0.182511 
360.777863  	0.321910 
362.209521  	0.393393 
363.641179  	0.291309 
365.072837  	0.278303 
366.504496  	0.313461 
367.936154  	0.365997 
369.367812  	0.431076 
370.799470  	0.404637 
372.231128  	0.264806 
373.662787  	0.284382 
375.094445  	0.510872 
376.526103  	0.405140 
377.957761  	0.290735 
379.389419  	0.285037 
380.821077  	0.287394 
382.252736  	0.313543 
383.684394  	0.445097 
385.116052  	0.506744 
386.547710  	0.424485 
387.979368  	0.435176 
389.411027  	0.464335 
390.842685  	0.457292 
392.274343  	0.450096 
393.706001  	0.434538 
395.137659  	0.395085 
396.569317  	0.394774 
398.000976  	0.366931 
399.432634  	0.345272 
400.864292  	0.384424 
402.295950  	0.369809 
403.727608  	0.319481 
405.159267  	0.333539 
406.590925  	0.401479 
408.022583  	0.417469 
409.454241  	0.393457 
410.885899  	0.378504 
412.317558  	0.361764 
413.749216  	0.365788 
415.180874  	0.372922 
416.612532  	0.353295 
418.044190  	0.351903 
419.475848  	0.376118 
420.907507  	0.362336 
422.339165  	0.365772 
423.770823  	0.358879 
425.202481  	0.332439 
426.634139  	0.328402 
428.065798  	0.326544 
429.497456  	0.319499 
430.929114  	0.316810 
432.360772  	0.298868 
433.792430  	0.280243 
435.224089  	0.279691 
436.655747  	0.286030 
438.087405  	0.278658 
439.519063  	0.266939 
440.950721  	0.270291 
442.382379  	0.280100 
443.814038  	0.274576 
445.245696  	0.268317 
446.677354  	0.269077 
448.109012  	0.275634 
449.540670  	0.280205 
450.972329  	0.270027 
452.403987  	0.264828 
453.835645  	0.272664 
455.267303  	0.269042 
456.698961  	0.273831 
458.130619  	0.289523 
459.562278  	0.280493 
460.993936  	0.282712 
462.425594  	0.298798 
463.857252  	0.295432 
465.288910  	0.293713 
466.720569  	0.298136 
468.152227  	0.289180 
469.583885  	0.286900 
471.015543  	0.300022 
472.447201  	0.310551 
473.878860  	0.312665 
475.310518  	0.315018 
476.742176  	0.323400 
478.173834  	0.332141 
479.605492  	0.332533 
481.037150  	0.329636 
482.468809  	0.332787 
483.900467  	0.340660 
485.332125  	0.339873 
486.763783  	0.335339 
488.195441  	0.342880 
489.627100  	0.351232 
491.058758  	0.349615 
492.490416  	0.351195 
493.922074  	0.357694 
495.353732  	0.360906 
496.785391  	0.363163 
498.217049  	0.367249 
499.648707  	0.373228 
501.080365  	0.378961 
502.512023  	0.383459 
503.943681  	0.388212 
505.375340  	0.392518 
506.806998  	0.396285 
508.238656  	0.398191 
509.670314  	0.400027 
511.101972  	0.405071 
512.533631  	0.407121 
513.965289  	0.407155 
515.396947  	0.412070 
516.828605  	0.413258 
518.260263  	0.412349 
519.691921  	0.416690 
521.123580  	0.416321 
522.555238  	0.415717 
523.986896  	0.421419 
525.418554  	0.423608 
526.850212  	0.423281 
528.281871  	0.425390 
529.713529  	0.426332 
531.145187  	0.428837 
532.576845  	0.431852 
534.008503  	0.430959 
535.440162  	0.426983 
536.871820  	0.422563 
538.303478  	0.423583 
539.735136  	0.427833 
541.166794  	0.427880 
542.598452  	0.426825 
544.030111  	0.426580 
545.461769  	0.425831 
546.893427  	0.426938 
548.325085  	0.426716 
549.756743  	0.424121 
551.188402  	0.421490 
552.620060  	0.414362 
554.051718  	0.402700 
555.483376  	0.391571 
556.915034  	0.381006 
558.346692  	0.369660 
559.778351  	0.357512 
561.210009  	0.345480 
562.641667  	0.335499 
564.073325  	0.326563 
565.504983  	0.314701 
566.936642  	0.300799 
568.368300  	0.291754 
569.799958  	0.290510 
571.231616  	0.293482 
572.663274  	0.297969 
574.094933  	0.302181 
575.526591  	0.302877 
576.958249  	0.300857 
578.389907  	0.300801 
579.821565  	0.302696 
581.253223  	0.303634 
582.684882  	0.302351 
584.116540  	0.300088 
585.548198  	0.298556 
586.979856  	0.297812 
588.411514  	0.298169 
589.843173  	0.299411 
591.274831  	0.298862 
592.706489  	0.297276 
594.138147  	0.296745 
595.569805  	0.295437 
597.001464  	0.294451 
598.433122  	0.295649 
599.864780  	0.296992 
601.296438  	0.297981 
602.728096  	0.297836 
604.159754  	0.296207 
605.591413  	0.296327 
607.023071  	0.297164 
608.454729  	0.296382 
609.886387  	0.296805 
611.318045  	0.297400 
612.749704  	0.295798 
614.181362  	0.295530 
615.613020  	0.296617 
617.044678  	0.295221 
618.476336  	0.292532 
619.907994  	0.291456 
621.339653  	0.292184 
622.771311  	0.292919 
624.202969  	0.291805 
625.634627  	0.290491 
627.066285  	0.290653 
628.497944  	0.290481 
629.929602  	0.290095 
631.361260  	0.290535 
632.792918  	0.289582 
634.224576  	0.286958 
635.656235  	0.284559 
637.087893  	0.282154 
638.519551  	0.280533 
639.951209  	0.280384 
641.382867  	0.279515 
642.814525  	0.277517 
644.246184  	0.275649 
645.677842  	0.274349 
647.109500  	0.274091 
648.541158  	0.273063 
649.972816  	0.269821 
651.404475  	0.267513 
652.836133  	0.267015 
654.267791  	0.265556 
655.699449  	0.263153 
657.131107  	0.260819 
658.562766  	0.257988 
659.994424  	0.255320 
661.426082  	0.253520 
662.857740  	0.250411 
664.289398  	0.246408 
665.721056  	0.246012 
667.152715  	0.249782 
668.584373  	0.247556 
670.016031  	0.238964 
671.447689  	0.235464 
672.879347  	0.233222 
674.311006  	0.229838 
675.742664  	0.226715 
677.174322  	0.224097 
678.605980  	0.221324 
680.037638  	0.218873 
681.469296  	0.217120 
682.900955  	0.215142 
684.332613  	0.212280 
685.764271  	0.209200 
687.195929  	0.206247 
688.627587  	0.203128 
690.059246  	0.200338 
691.490904  	0.197910 
692.922562  	0.195174 
694.354220  	0.192369 
695.785878  	0.189984 
697.217537  	0.187906 
698.649195  	0.186324 
700.080853  	0.185591 
701.512511  	0.184669 
702.944169  	0.182411 
704.375827  	0.179957 
705.807486  	0.178241 
707.239144  	0.175476 
708.670802  	0.171211 
710.102460  	0.167538 
711.534118  	0.164309 
712.965777  	0.160251 
714.397435  	0.156118 
715.829093  	0.152353 
717.260751  	0.149004 
718.692409  	0.146564 
720.124067  	0.143998 
721.555726  	0.140804 
722.987384  	0.138410 
724.419042  	0.136696 
725.850700  	0.134789 
727.282358  	0.132379 
728.714017  	0.129077 
730.145675  	0.126115 
731.577333  	0.123941 
733.008991  	0.120840 
734.440649  	0.117336 
735.872308  	0.114200 
737.303966  	0.110810 
738.735624  	0.108413 
740.167282  	0.107026 
741.598940  	0.105360 
743.030598  	0.104373 
744.462257  	0.103941 
745.893915  	0.103414 
747.325573  	0.103657 
748.757231  	0.104430 
750.188889  	0.105928 
751.620548  	0.108510 
753.052206  	0.110930 
754.483864  	0.113550 
755.915522  	0.116474 
757.347180  	0.117791 
758.778839  	0.118162 
760.210497  	0.119177 
761.642155  	0.119855 
763.073813  	0.119860 
764.505471  	0.120302 
765.937129  	0.121346 
767.368788  	0.121895 
768.800446  	0.120618 
770.232104  	0.117159 
771.663762  	0.111848 
773.095420  	0.105091 
774.527079  	0.097654 
775.958737  	0.090047 
777.390395  	0.083233 
778.822053  	0.078169 
780.253711  	0.074169 
781.685369  	0.070924 
783.117028  	0.068501 
784.548686  	0.066201 
785.980344  	0.064463 
787.412002  	0.063852 
788.843660  	0.063494 
790.275319  	0.062870 
791.706977  	0.062150 
793.138635  	0.061814 
794.570293  	0.062742 
796.001951  	0.064840 
797.433610  	0.067406 
798.865268  	0.071158 
800.296926  	0.077009 
801.728584  	0.084282 
803.160242  	0.092587 
804.591900  	0.102029 
806.023559  	0.111814 
807.455217  	0.121888 
808.886875  	0.132765 
810.318533  	0.143117 
811.750191  	0.151067 
813.181850  	0.156569 
814.613508  	0.159464 
816.045166  	0.159019 
817.476824  	0.157330 
818.908482  	0.156651 
820.340141  	0.157521 
821.771799  	0.161752 
823.203457  	0.170130 
824.635115  	0.180870 
826.066773  	0.191535 
827.498431  	0.198558 
828.930090  	0.199838 
830.361748  	0.195653 
831.793406  	0.186274 
833.225064  	0.173863 
834.656722  	0.160048 
836.088381  	0.145231 
837.520039  	0.131798 
838.951697  	0.121277 
840.383355  	0.112878 
841.815013  	0.105834 
843.246671  	0.099548 
844.678330  	0.093554 
846.109988  	0.087709 
847.541646  	0.081483 
848.973304  	0.074434 
850.404962  	0.066957 
851.836621  	0.059606 
853.268279  	0.052606 
854.699937  	0.046508 
856.131595  	0.041730 
857.563253  	0.038004 
858.994912  	0.035144 
860.426570  	0.033033 
861.858228  	0.031518 
863.289886  	0.030806 
864.721544  	0.031116 
866.153202  	0.032291 
867.584861  	0.034041 
869.016519  	0.036275 
870.448177  	0.039041 
871.879835  	0.042365 
873.311493  	0.046292 
874.743152  	0.050866 
876.174810  	0.055974 
877.606468  	0.061463 
879.038126  	0.067649 
880.469784  	0.074505 
881.901443  	0.081312 
883.333101  	0.087868 
884.764759  	0.093048 
886.196417  	0.095424 
887.628075  	0.095373 
889.059733  	0.091718 
890.491392  	0.083170 
891.923050  	0.071621 
893.354708  	0.059061 
894.786366  	0.047572 
896.218024  	0.039418 
897.649683  	0.034463 
899.081341  	0.031725 
900.512999  	0.030812 
901.944657  	0.030576 
903.376315  	0.030649 
904.807973  	0.031399 
906.239632  	0.032376 
907.671290  	0.033679 
909.102948  	0.035318 
910.534606  	0.036717 
911.966264  	0.038252 
913.397923  	0.040267 
914.829581  	0.042522 
916.261239  	0.044556 
917.692897  	0.045635 
919.124555  	0.045816 
920.556214  	0.045539 
921.987872  	0.044916 
923.419530  	0.044156 
924.851188  	0.043395 
926.282846  	0.043169 
927.714504  	0.043981 
929.146163  	0.045431 
930.577821  	0.047476 
932.009479  	0.049937 
933.441137  	0.051914 
934.872795  	0.053316 
936.304454  	0.054147 
937.736112  	0.054481 
939.167770  	0.055255 
940.599428  	0.056460 
942.031086  	0.057249 
943.462744  	0.057527 
944.894403  	0.057526 
946.326061  	0.057438 
947.757719  	0.057213 
949.189377  	0.056779 
950.621035  	0.056745 
952.052694  	0.057570 
953.484352  	0.059051 
954.916010  	0.061009 
956.347668  	0.063177 
957.779326  	0.065047 
959.210985  	0.066262 
960.642643  	0.067024 
962.074301  	0.067617 
963.505959  	0.067899 
964.937617  	0.068013 
966.369275  	0.068460 
967.800934  	0.069318 
969.232592  	0.070289 
970.664250  	0.071338 
972.095908  	0.072701 
973.527566  	0.074324 
974.959225  	0.076226 
976.390883  	0.078688 
977.822541  	0.081201 
979.254199  	0.083562 
980.685857  	0.086539 
982.117516  	0.090027 
983.549174  	0.093965 
984.980832  	0.098822 
986.412490  	0.104266 
987.844148  	0.110389 
989.275806  	0.117053 
990.707465  	0.123417 
992.139123  	0.129610 
993.570781  	0.134912 
995.002439  	0.138723 
996.434097  	0.142818 
997.865756  	0.149155 
999.297414  	0.159582 
1000.729072  	0.174936 
1002.160730  	0.193467 
1003.592388  	0.211544 
1005.024046  	0.223465 
1006.455705  	0.228128 
1007.887363  	0.231041 
1009.319021  	0.237255 
1010.750679  	0.254803 
1012.182337  	0.286170 
1013.613996  	0.306924 
1015.045654  	0.285321 
1016.477312  	0.228458 
1017.908970  	0.168615 
1019.340628  	0.122898 
1020.772287  	0.092549 
1022.203945  	0.073082 
1023.635603  	0.059367 
1025.067261  	0.050059 
1026.498919  	0.045155 
1027.930577  	0.043548 
1029.362236  	0.044118 
1030.793894  	0.045800 
1032.225552  	0.047909 
1033.657210  	0.050463 
1035.088868  	0.053341 
1036.520527  	0.056168 
1037.952185  	0.058974 
1039.383843  	0.061699 
1040.815501  	0.064159 
1042.247159  	0.066699 
1043.678818  	0.069394 
1045.110476  	0.071966 
1046.542134  	0.074432 
1047.973792  	0.076859 
1049.405450  	0.079393 
1050.837108  	0.081887 
1052.268767  	0.084356 
1053.700425  	0.087359 
1055.132083  	0.090447 
1056.563741  	0.093259 
1057.995399  	0.096473 
1059.427058  	0.099965 
1060.858716  	0.103574 
1062.290374  	0.107370 
1063.722032  	0.111435 
1065.153690  	0.116608 
1066.585348  	0.122552 
1068.017007  	0.129032 
1069.448665  	0.137071 
1070.880323  	0.146333 
1072.311981  	0.157870 
1073.743639  	0.173803 
1075.175298  	0.195037 
1076.606956  	0.223523 
1078.038614  	0.252388 
1079.470272  	0.263786 
1080.901930  	0.250109 
1082.333589  	0.218393 
1083.765247  	0.181991 
1085.196905  	0.150527 
1086.628563  	0.127812 
1088.060221  	0.115291 
1089.491879  	0.111656 
1090.923538  	0.113926 
1092.355196  	0.119890 
1093.786854  	0.127930 
1095.218512  	0.137675 
1096.650170  	0.149515 
1098.081829  	0.161537 
1099.513487  	0.172081 
1100.945145  	0.179412 
1102.376803  	0.181108 
1103.808461  	0.179153 
1105.240120  	0.176903 
1106.671778  	0.176113 
1108.103436  	0.176673 
1109.535094  	0.176479 
1110.966752  	0.174922 
1112.398410  	0.172239 
1113.830069  	0.169423 
1115.261727  	0.168641 
1116.693385  	0.169047 
1118.125043  	0.170100 
1119.556701  	0.173301 
1120.988360  	0.177558 
1122.420018  	0.182499 
1123.851676  	0.188737 
1125.283334  	0.195204 
1126.714992  	0.202637 
1128.146650  	0.210926 
1129.578309  	0.219105 
1131.009967  	0.228225 
1132.441625  	0.237425 
1133.873283  	0.247178 
1135.304941  	0.258700 
1136.736600  	0.270147 
1138.168258  	0.282528 
1139.599916  	0.295880 
1141.031574  	0.308889 
1142.463232  	0.323896 
1143.894891  	0.339310 
1145.326549  	0.354419 
1146.758207  	0.370851 
1148.189865  	0.385891 
1149.621523  	0.401835 
1151.053181  	0.418764 
1152.484840  	0.432723 
1153.916498  	0.447145 
1155.348156  	0.459144 
1156.779814  	0.465737 
1158.211472  	0.468506 
1159.643131  	0.460864 
1161.074789  	0.443820 
1162.506447  	0.419389 
1163.938105  	0.385841 
1165.369763  	0.348656 
1166.801421  	0.309396 
1168.233080  	0.272360 
1169.664738  	0.245639 
1171.096396  	0.232128 
1172.528054  	0.234792 
1173.959712  	0.253831 
1175.391371  	0.281505 
1176.823029  	0.310574 
1178.254687  	0.336348 
1179.686345  	0.357851 
1181.118003  	0.380839 
1182.549662  	0.404277 
1183.981320  	0.424786 
1185.412978  	0.439501 
1186.844636  	0.441339 
1188.276294  	0.434310 
1189.707952  	0.421485 
1191.139611  	0.402469 
1192.571269  	0.383305 
1194.002927  	0.362300 
1195.434585  	0.338635 
1196.866243  	0.315655 
1198.297902  	0.291733 
1199.729560  	0.268228 
1201.161218  	0.246052 
1202.592876  	0.224851 
1204.024534  	0.208662 
1205.456193  	0.200198 
1206.887851  	0.201560 
1208.319509  	0.215032 
1209.751167  	0.237850 
1211.182825  	0.265913 
1212.614483  	0.294818 
1214.046142  	0.317797 
1215.477800  	0.334594 
1216.909458  	0.344868 
1218.341116  	0.347944 
1219.772774  	0.348117 
1221.204433  	0.344311 
1222.636091  	0.337740 
1224.067749  	0.330974 
1225.499407  	0.322051 
1226.931065  	0.313590 
1228.362723  	0.305376 
1229.794382  	0.295621 
1231.226040  	0.287158 
1232.657698  	0.278372 
1234.089356  	0.269177 
1235.521014  	0.261648 
1236.952673  	0.253515 
1238.384331  	0.245652 
1239.815989  	0.238575 
1241.247647  	0.230843 
1242.679305  	0.223951 
1244.110964  	0.216513 
1245.542622  	0.207882 
1246.974280  	0.199632 
1248.405938  	0.189839 
1249.837596  	0.178750 
1251.269254  	0.167233 
1252.700913  	0.154123 
1254.132571  	0.140553 
1255.564229  	0.126611 
1256.995887  	0.111942 
1258.427545  	0.097760 
1259.859204  	0.083946 
1261.290862  	0.070737 
1262.722520  	0.059134 
1264.154178  	0.049160 
1265.585836  	0.040644 
1267.017495  	0.033543 
1268.449153  	0.027820 
1269.880811  	0.023487 
1271.312469  	0.020295 
1272.744127  	0.017900 
1274.175785  	0.016330 
1275.607444  	0.015445 
1277.039102  	0.015115 
1278.470760  	0.015621 
1279.902418  	0.016697 
1281.334076  	0.018108 
1282.765735  	0.020034 
1284.197393  	0.022110 
1285.629051  	0.024162 
1287.060709  	0.026139 
1288.492367  	0.027725 
1289.924025  	0.028948 
1291.355684  	0.029500 
1292.787342  	0.028894 
1294.219000  	0.027253 
1295.650658  	0.024643 
1297.082316  	0.021198 
1298.513975  	0.017679 
1299.945633  	0.014436 
1301.377291  	0.011510 
1302.808949  	0.009198 
1304.240607  	0.007766 
1305.672266  	0.007619 
1307.103924  	0.008453 
1308.535582  	0.009497 
1309.967240  	0.009877 
1311.398898  	0.008526 
1312.830556  	0.005638 
1314.262215  	0.002395 
1315.693873  	-0.000564 
1317.125531  	-0.002690 
1318.557189  	-0.003936 
1319.988847  	-0.004869 
1321.420506  	-0.005370 
1322.852164  	-0.005781 
1324.283822  	-0.006175 
1325.715480  	-0.006178 
1327.147138  	-0.006288 
1328.578796  	-0.006338 
1330.010455  	-0.006170 
1331.442113  	-0.006191 
1332.873771  	-0.006033 
1334.305429  	-0.005949 
1335.737087  	-0.006044 
1337.168746  	-0.005868 
1338.600404  	-0.005961 
1340.032062  	-0.005962 
1341.463720  	-0.005618 
1342.895378  	-0.005623 
1344.327037  	-0.005265 
1345.758695  	-0.004784 
1347.190353  	-0.004687 
1348.622011  	-0.004233 
1350.053669  	-0.003934 
1351.485327  	-0.003716 
1352.916986  	-0.003064 
1354.348644  	-0.002599 
1355.780302  	-0.001569 
1357.211960  	0.000166 
1358.643618  	0.002746 
1360.075277  	0.008165 
1361.506935  	0.016288 
1362.938593  	0.025286 
1364.370251  	0.029569 
1365.801909  	0.026514 
1367.233568  	0.019188 
1368.665226  	0.011088 
1370.096884  	0.005122 
1371.528542  	0.001925 
1372.960200  	0.000538 
1374.391858  	-0.000195 
1375.823517  	-0.000092 
1377.255175  	0.000233 
1378.686833  	0.000795 
1380.118491  	0.002360 
1381.550149  	0.004722 
1382.981808  	0.008706 
1384.413466  	0.013160 
1385.845124  	0.016042 
1387.276782  	0.016398 
1388.708440  	0.013773 
1390.140098  	0.010421 
1391.571757  	0.007187 
1393.003415  	0.004939 
1394.435073  	0.004234 
1395.866731  	0.004533 
1397.298389  	0.005278 
1398.730048  	0.006893 
1400.161706  	0.009130 
1401.593364  	0.011722 
1403.025022  	0.015140 
1404.456680  	0.019287 
1405.888339  	0.024470 
1407.319997  	0.029134 
1408.751655  	0.031135 
1410.183313  	0.030950 
1411.614971  	0.027997 
1413.046629  	0.022621 
1414.478288  	0.017105 
1415.909946  	0.011704 
1417.341604  	0.007565 
1418.773262  	0.004948 
1420.204920  	0.002231 
1421.636579  	0.001181 
1423.068237  	0.001009 
1424.499895  	0.000588 
1425.931553  	0.000666 
1427.363211  	0.000620 
1428.794870  	0.000457 
1430.226528  	0.000869 
1431.658186  	0.000906 
1433.089844  	0.001249 
1434.521502  	0.001934 
1435.953160  	0.002225 
1437.384819  	0.003553 
1438.816477  	0.004749 
1440.248135  	0.005795 
1441.679793  	0.007681 
1443.111451  	0.009100 
1444.543110  	0.010544 
1445.974768  	0.012157 
1447.406426  	0.013150 
1448.838084  	0.014836 
1450.269742  	0.015981 
1451.701400  	0.016173 
1453.133059  	0.016710 
1454.564717  	0.016909 
1455.996375  	0.017562 
1457.428033  	0.020847 
1458.859691  	0.023429 
1460.291350  	0.026747 
1461.723008  	0.029996 
1463.154666  	0.031929 
1464.586324  	0.033180 
1466.017982  	0.032117 
1467.449641  	0.030950 
1468.881299  	0.030141 
1470.312957  	0.028823 
1471.744615  	0.028375 
1473.176273  	0.027613 
1474.607931  	0.026676 
1476.039590  	0.027588 
1477.471248  	0.028315 
1478.902906  	0.029454 
1480.334564  	0.031894 
1481.766222  	0.034303 
1483.197881  	0.038012 
1484.629539  	0.042829 
1486.061197  	0.047689 
1487.492855  	0.055193 
1488.924513  	0.063580 
1490.356172  	0.072387 
1491.787830  	0.085680 
1493.219488  	0.097259 
1494.651146  	0.108764 
1496.082804  	0.124602 
1497.514462  	0.139224 
1498.946121  	0.153067 
1500.377779  	0.165757 
1501.809437  	0.170682 
1503.241095  	0.172523 
1504.672753  	0.170788 
1506.104412  	0.158075 
1507.536070  	0.132660 
1508.967728  	0.109751 
1510.399386  	0.088968 
1511.831044  	0.069168 
1513.262702  	0.050508 
1514.694361  	0.036583 
1516.126019  	0.027083 
1517.557677  	0.017563 
1518.989335  	0.011698 
1520.420993  	0.009635 
1521.852652  	0.005556 
1523.284310  	0.002297 
1524.715968  	0.001539 
1526.147626  	-0.000165 
1527.579284  	-0.001268 
1529.010943  	-0.001599 
1530.442601  	-0.002276 
1531.874259  	-0.002506 
1533.305917  	-0.002966 
1534.737575  	-0.003515 
1536.169233  	-0.003451 
1537.600892  	-0.003792 
1539.032550  	-0.003917 
1540.464208  	-0.003888 
1541.895866  	-0.004937 
1543.327524  	-0.004978 
1544.759183  	-0.004987 
1546.190841  	-0.005110 
1547.622499  	-0.004917 
1549.054157  	-0.005128 
1550.485815  	-0.005193 
1551.917473  	-0.004861 
1553.349132  	-0.004924 
1554.780790  	-0.004995 
1556.212448  	-0.005078 
1557.644106  	-0.005175 
1559.075764  	-0.004592 
1560.507423  	-0.005032 
1561.939081  	-0.005048 
1563.370739  	-0.004726 
1564.802397  	-0.004562 
1566.234055  	-0.004155 
1567.665714  	-0.003798 
1569.097372  	-0.003769 
1570.529030  	-0.003445 
1571.960688  	-0.003048 
1573.392346  	-0.002714 
1574.824004  	-0.002271 
1576.255663  	-0.001843 
1577.687321  	-0.001282 
1579.118979  	-0.000743 
1580.550637  	-0.000028 
1581.982295  	0.001112 
1583.413954  	0.002412 
1584.845612  	0.004168 
1586.277270  	0.006326 
1587.708928  	0.008593 
1589.140586  	0.011144 
1590.572245  	0.013300 
1592.003903  	0.014912 
1593.435561  	0.015613 
1594.867219  	0.015079 
1596.298877  	0.014504 
1597.730535  	0.014262 
1599.162194  	0.014499 
1600.593852  	0.015115 
1602.025510  	0.015196 
1603.457168  	0.014792 
1604.888826  	0.013708 
1606.320485  	0.011861 
1607.752143  	0.009793 
1609.183801  	0.007477 
1610.615459  	0.005454 
1612.047117  	0.004008 
1613.478775  	0.003022 
1614.910434  	0.002428 
1616.342092  	0.001861 
1617.773750  	0.001133 
1619.205408  	0.000716 
1620.637066  	0.000483 
1622.068725  	0.000443 
1623.500383  	0.000586 
1624.932041  	0.000552 
1626.363699  	0.000557 
1627.795357  	0.000908 
1629.227016  	0.001345 
1630.658674  	0.001390 
1632.090332  	0.001312 
1633.521990  	0.001618 
1634.953648  	0.002267 
1636.385306  	0.002390 
1637.816965  	0.002210 
1639.248623  	0.002359 
1640.680281  	0.002695 
1642.111939  	0.003237 
1643.543597  	0.003687 
1644.975256  	0.004102 
1646.406914  	0.004691 
1647.838572  	0.004803 
1649.270230  	0.004768 
1650.701888  	0.005123 
1652.133547  	0.005529 
1653.565205  	0.005305 
1654.996863  	0.005089 
1656.428521  	0.005383 
1657.860179  	0.005615 
1659.291837  	0.005593 
1660.723496  	0.005709 
1662.155154  	0.005927 
1663.586812  	0.005752 
1665.018470  	0.005777 
1666.450128  	0.006046 
1667.881787  	0.006330 
1669.313445  	0.006450 
1670.745103  	0.005902 
1672.176761  	0.005770 
1673.608419  	0.006063 
1675.040077  	0.005974 
1676.471736  	0.006239 
1677.903394  	0.006693 
1679.335052  	0.006856 
1680.766710  	0.007222 
1682.198368  	0.007483 
1683.630027  	0.007650 
1685.061685  	0.007846 
1686.493343  	0.007742 
1687.925001  	0.008161 
1689.356659  	0.008661 
1690.788318  	0.008883 
1692.219976  	0.009775 
1693.651634  	0.010713 
1695.083292  	0.011432 
1696.514950  	0.012290 
1697.946608  	0.012497 
1699.378267  	0.013154 
1700.809925  	0.013786 
1702.241583  	0.013720 
1703.673241  	0.014787 
1705.104899  	0.015642 
1706.536558  	0.016081 
1707.968216  	0.017474 
1709.399874  	0.018635 
1710.831532  	0.019764 
1712.263190  	0.021007 
1713.694849  	0.021698 
1715.126507  	0.023117 
1716.558165  	0.024448 
1717.989823  	0.024555 
1719.421481  	0.025919 
1720.853139  	0.026988 
1722.284798  	0.028251 
1723.716456  	0.030261 
1725.148114  	0.031304 
1726.579772  	0.032748 
1728.011430  	0.034625 
1729.443089  	0.035720 
1730.874747  	0.037585 
1732.306405  	0.039266 
1733.738063  	0.040233 
1735.169721  	0.042053 
1736.601379  	0.043519 
1738.033038  	0.045943 
1739.464696  	0.048972 
1740.896354  	0.050849 
1742.328012  	0.054021 
1743.759670  	0.057219 
1745.191329  	0.060388 
1746.622987  	0.065616 
1748.054645  	0.070304 
1749.486303  	0.075412 
1750.917961  	0.082644 
1752.349620  	0.089917 
1753.781278  	0.099495 
1755.212936  	0.109777 
1756.644594  	0.120964 
1758.076252  	0.136801 
1759.507910  	0.151333 
1760.939569  	0.164947 
1762.371227  	0.182608 
1763.802885  	0.195942 
1765.234543  	0.204746 
1766.666201  	0.212513 
1768.097860  	0.213019 
1769.529518  	0.210746 
1770.961176  	0.208985 
1772.392834  	0.198150 
1773.824492  	0.186987 
1775.256150  	0.179012 
1776.687809  	0.166717 
1778.119467  	0.156068 
1779.551125  	0.145537 
1780.982783  	0.131348 
1782.414441  	0.120412 
1783.846100  	0.109405 
1785.277758  	0.096395 
1786.709416  	0.086141 
1788.141074  	0.075104 
1789.572732  	0.064679 
1791.004391  	0.056196 
1792.436049  	0.044411 
1793.867707  	0.035585 
1795.299365  	0.029589 
1796.731023  	0.022348 
1798.162681  	0.017872 
1799.594340  	0.013476 
1801.025998  	0.008641 
1802.457656  	0.006636 
1803.889314  	0.003728 
1805.320972  	0.001850 
1806.752631  	0.001075 
1808.184289  	-0.001171 
1809.615947  	-0.001847 
1811.047605  	-0.002664 
1812.479263  	-0.004128 
1813.910922  	-0.003717 
1815.342580  	-0.004796 
1816.774238  	-0.005744 
1818.205896  	-0.005202 
1819.637554  	-0.006174 
1821.069212  	-0.005947 
1822.500871  	-0.005594 
1823.932529  	-0.006660 
1825.364187  	-0.006057 
1826.795845  	-0.006348 
1828.227503  	-0.007085 
1829.659162  	-0.006397 
1831.090820  	-0.007079 
1832.522478  	-0.007024 
1833.954136  	-0.006534 
1835.385794  	-0.006976 
1836.817452  	-0.006636 
1838.249111  	-0.007397 
1839.680769  	-0.007937 
1841.112427  	-0.006604 
1842.544085  	-0.007000 
1843.975743  	-0.007572 
1845.407402  	-0.006984 
1846.839060  	-0.007445 
1848.270718  	-0.006775 
1849.702376  	-0.006827 
1851.134034  	-0.007460 
1852.565693  	-0.006479 
1853.997351  	-0.006770 
1855.429009  	-0.006998 
1856.860667  	-0.006179 
1858.292325  	-0.006908 
1859.723983  	-0.006751 
1861.155642  	-0.006337 
1862.587300  	-0.007064 
1864.018958  	-0.006409 
1865.450616  	-0.006168 
1866.882274  	-0.006214 
1868.313933  	-0.005228 
1869.745591  	-0.005935 
1871.177249  	-0.005934 
1872.608907  	-0.005278 
1874.040565  	-0.005878 
1875.472224  	-0.005732 
1876.903882  	-0.005650 
1878.335540  	-0.005461 
1879.767198  	-0.004253 
1881.198856  	-0.004492 
1882.630514  	-0.004519 
1884.062173  	-0.003787 
1885.493831  	-0.004314 
1886.925489  	-0.004072 
1888.357147  	-0.003503 
1889.788805  	-0.003274 
1891.220464  	-0.002320 
1892.652122  	-0.002370 
1894.083780  	-0.002178 
1895.515438  	-0.001596 
1896.947096  	-0.002420 
1898.378754  	-0.002372 
1899.810413  	-0.002086 
1901.242071  	-0.002612 
1902.673729  	-0.002288 
1904.105387  	-0.002306 
1905.537045  	-0.002585 
1906.968704  	-0.003189 
1908.400362  	-0.004636 
1909.832020  	-0.004126 
1911.263678  	-0.003659 
1912.695336  	-0.004704 
1914.126995  	-0.004222 
1915.558653  	-0.004236 
1916.990311  	-0.005162 
1918.421969  	-0.005282 
1919.853627  	-0.005961 
1921.285285  	-0.005629 
1922.716944  	-0.004912 
1924.148602  	-0.005304 
1925.580260  	-0.004911 
1927.011918  	-0.005703 
1928.443576  	-0.006587 
1929.875235  	-0.005351 
1931.306893  	-0.005441 
1932.738551  	-0.005443 
1934.170209  	-0.005045 
1935.601867  	-0.006202 
1937.033525  	-0.005349 
1938.465184  	-0.004721 
1939.896842  	-0.006104 
1941.328500  	-0.005779 
1942.760158  	-0.005853 
1944.191816  	-0.005671 
1945.623475  	-0.004243 
1947.055133  	-0.004930 
1948.486791  	-0.004987 
1949.918449  	-0.004248 
1951.350107  	-0.004221 
1952.781766  	-0.003300 
1954.213424  	-0.004479 
1955.645082  	-0.005678 
1957.076740  	-0.004170 
1958.508398  	-0.004657 
1959.940056  	-0.005257 
1961.371715  	-0.004914 
1962.803373  	-0.004744 
1964.235031  	-0.002558 
1965.666689  	-0.002966 
1967.098347  	-0.003995 
1968.530006  	-0.001740 
1969.961664  	-0.002642 
1971.393322  	-0.003450 
1972.824980  	-0.002277 
1974.256638  	-0.002853 
1975.688297  	-0.002023 
1977.119955  	-0.002890 
1978.551613  	-0.004412 
1979.983271  	-0.002158 
1981.414929  	-0.002804 
1982.846587  	-0.003982 
1984.278246  	-0.003299 
1985.709904  	-0.003844 
1987.141562  	-0.002755 
1988.573220  	-0.003763 
1990.004878  	-0.007277 
1991.436537  	-0.006196 
1992.868195  	-0.004908 
1994.299853  	-0.004523 
1995.731511  	-0.002875 
1997.163169  	-0.004356 
1998.594827  	-0.005511 
2000.026486  	-0.004309 
2001.458144  	-0.004023 
2002.889802  	-0.002550 
2004.321460  	-0.001587 
2005.753118  	-0.001506 
2007.184777  	-0.000261 
2008.616435  	-0.000727 
2010.048093  	-0.001325 
2011.479751  	-0.001914 
2012.911409  	-0.003182 
2014.343068  	-0.001756 
2015.774726  	-0.001400 
2017.206384  	-0.001998 
2018.638042  	-0.000840 
2020.069700  	-0.001726 
2021.501358  	-0.001240 
2022.933017  	-0.000410 
2024.364675  	-0.002971 
2025.796333  	-0.002475 
2027.227991  	-0.002027 
2028.659649  	-0.003392 
2030.091308  	-0.000346 
2031.522966  	0.000080 
2032.954624  	-0.002724 
2034.386282  	-0.002175 
2035.817940  	-0.001857 
2037.249599  	-0.001448 
2038.681257  	-0.000206 
2040.112915  	0.000016 
2041.544573  	0.000464 
2042.976231  	-0.000036 
2044.407889  	-0.000787 
2045.839548  	-0.000645 
2047.271206  	-0.000963 
2048.702864  	-0.000590 
2050.134522  	-0.000590 
2051.566180  	-0.001256 
2052.997839  	-0.001053 
2054.429497  	-0.001410 
2055.861155  	-0.000964 
2057.292813  	0.000183 
2058.724471  	-0.000785 
2060.156129  	-0.001534 
2061.587788  	-0.001651 
2063.019446  	-0.001846 
2064.451104  	-0.000260 
2065.882762  	0.000178 
2067.314420  	-0.000735 
2068.746079  	-0.000084 
2070.177737  	-0.000095 
2071.609395  	-0.000899 
2073.041053  	-0.001436 
2074.472711  	-0.002242 
2075.904370  	-0.001805 
2077.336028  	-0.001053 
2078.767686  	-0.001006 
2080.199344  	-0.000589 
2081.631002  	-0.000545 
2083.062660  	-0.000558 
2084.494319  	-0.000661 
2085.925977  	-0.001225 
2087.357635  	-0.000594 
2088.789293  	-0.000198 
2090.220951  	-0.001045 
2091.652610  	-0.001470 
2093.084268  	-0.002015 
2094.515926  	-0.001804 
2095.947584  	-0.000705 
2097.379242  	-0.001434 
2098.810901  	-0.002463 
2100.242559  	-0.002363 
2101.674217  	-0.002064 
2103.105875  	-0.001446 
2104.537533  	-0.001563 
2105.969191  	-0.001777 
2107.400850  	-0.001206 
2108.832508  	-0.001197 
2110.264166  	-0.000830 
2111.695824  	-0.000372 
2113.127482  	-0.000924 
2114.559141  	-0.000890 
2115.990799  	-0.000846 
2117.422457  	-0.001465 
2118.854115  	-0.001830 
2120.285773  	-0.002330 
2121.717431  	-0.002316 
2123.149090  	-0.001971 
2124.580748  	-0.001714 
2126.012406  	-0.000450 
2127.444064  	-0.000268 
2128.875722  	-0.001156 
2130.307381  	-0.001012 
2131.739039  	-0.001762 
2133.170697  	-0.001812 
2134.602355  	-0.000036 
2136.034013  	-0.000682 
2137.465672  	-0.001121 
2138.897330  	0.000326 
2140.328988  	-0.000269 
2141.760646  	-0.001306 
2143.192304  	-0.001196 
2144.623962  	-0.000552 
2146.055621  	0.000423 
2147.487279  	0.000360 
2148.918937  	0.000820 
2150.350595  	0.001101 
2151.782253  	-0.000568 
2153.213912  	-0.000349 
2154.645570  	0.001973 
2156.077228  	0.004279 
2157.508886  	0.005215 
2158.940544  	0.002287 
2160.372202  	0.001006 
2161.803861  	0.002902 
2163.235519  	0.002335 
2164.667177  	0.001479 
2166.098835  	0.001141 
2167.530493  	0.000483 
2168.962152  	0.000270 
2170.393810  	-0.000237 
2171.825468  	-0.000073 
2173.257126  	-0.000249 
2174.688784  	-0.000412 
2176.120443  	0.002133 
2177.552101  	0.002540 
2178.983759  	0.000888 
2180.415417  	0.001800 
2181.847075  	0.001866 
2183.278733  	0.000966 
2184.710392  	0.000549 
2186.142050  	-0.000629 
2187.573708  	0.000954 
2189.005366  	0.003242 
2190.437024  	0.002522 
2191.868683  	0.002855 
2193.300341  	0.004528 
2194.731999  	0.004932 
2196.163657  	0.004045 
2197.595315  	0.002855 
2199.026974  	0.002635 
2200.458632  	0.002173 
2201.890290  	0.001899 
2203.321948  	0.002812 
2204.753606  	0.001930 
2206.185264  	0.001175 
2207.616923  	0.002212 
2209.048581  	0.001591 
2210.480239  	0.001086 
2211.911897  	0.001135 
2213.343555  	0.000176 
2214.775214  	0.001434 
2216.206872  	0.003352 
2217.638530  	0.003147 
2219.070188  	0.002329 
2220.501846  	0.001249 
2221.933504  	0.001485 
2223.365163  	0.003013 
2224.796821  	0.003624 
2226.228479  	0.004134 
2227.660137  	0.003859 
2229.091795  	0.003127 
2230.523454  	0.003668 
2231.955112  	0.003788 
2233.386770  	0.004158 
2234.818428  	0.004931 
2236.250086  	0.003902 
2237.681745  	0.002941 
2239.113403  	0.002469 
2240.545061  	0.001705 
2241.976719  	0.001873 
2243.408377  	0.001572 
2244.840035  	0.001307 
2246.271694  	0.002110 
2247.703352  	0.001969 
2249.135010  	0.002337 
2250.566668  	0.003151 
2251.998326  	0.002002 
2253.429985  	0.001132 
2254.861643  	0.001370 
2256.293301  	0.001444 
2257.724959  	0.001741 
2259.156617  	0.001610 
2260.588276  	0.001376 
2262.019934  	0.001521 
2263.451592  	0.001376 
2264.883250  	0.001361 
2266.314908  	0.001188 
2267.746566  	0.001157 
2269.178225  	0.001549 
2270.609883  	0.000905 
2272.041541  	0.000412 
2273.473199  	0.000824 
2274.904857  	0.000755 
2276.336516  	0.001158 
2277.768174  	0.001713 
2279.199832  	0.001200 
2280.631490  	0.000623 
2282.063148  	0.000394 
2283.494806  	0.000695 
2284.926465  	0.000858 
2286.358123  	0.000217 
2287.789781  	0.000529 
2289.221439  	0.001174 
2290.653097  	0.000818 
2292.084756  	0.001147 
2293.516414  	0.001944 
2294.948072  	0.002361 
2296.379730  	0.002838 
2297.811388  	0.002655 
2299.243047  	0.002451 
2300.674705  	0.003051 
2302.106363  	0.003282 
2303.538021  	0.003259 
2304.969679  	0.003686 
2306.401337  	0.004505 
2307.832996  	0.005394 
2309.264654  	0.005756 
2310.696312  	0.006119 
2312.127970  	0.006605 
2313.559628  	0.006608 
2314.991287  	0.006932 
2316.422945  	0.007605 
2317.854603  	0.008379 
2319.286261  	0.009763 
2320.717919  	0.010918 
2322.149577  	0.011712 
2323.581236  	0.012331 
2325.012894  	0.012146 
2326.444552  	0.012303 
2327.876210  	0.013169 
2329.307868  	0.013790 
2330.739527  	0.014422 
2332.171185  	0.014585 
2333.602843  	0.014056 
2335.034501  	0.014080 
2336.466159  	0.014464 
2337.897818  	0.014759 
2339.329476  	0.015224 
2340.761134  	0.015689 
2342.192792  	0.015818 
2343.624450  	0.015526 
2345.056108  	0.015286 
2346.487767  	0.013787 
2347.919425  	0.010648 
2349.351083  	0.009672 
2350.782741  	0.012138 
2352.214399  	0.015205 
2353.646058  	0.016946 
2355.077716  	0.018419 
2356.509374  	0.019885 
2357.941032  	0.021257 
2359.372690  	0.021902 
2360.804349  	0.021544 
2362.236007  	0.021300 
2363.667665  	0.020945 
2365.099323  	0.020313 
2366.530981  	0.019645 
2367.962639  	0.018482 
2369.394298  	0.017010 
2370.825956  	0.015299 
2372.257614  	0.013816 
2373.689272  	0.012716 
2375.120930  	0.010790 
2376.552589  	0.008861 
2377.984247  	0.007939 
2379.415905  	0.006786 
2380.847563  	0.005284 
2382.279221  	0.003956 
2383.710879  	0.002697 
2385.142538  	0.002009 
2386.574196  	0.001966 
2388.005854  	0.001961 
2389.437512  	0.001737 
2390.869170  	0.001598 
2392.300829  	0.001878 
2393.732487  	0.002047 
2395.164145  	0.001949 
2396.595803  	0.001976 
2398.027461  	0.001871 
2399.459120  	0.002004 
2400.890778  	0.002440 
2402.322436  	0.002230 
2403.754094  	0.001807 
2405.185752  	0.001754 
2406.617410  	0.001986 
2408.049069  	0.002625 
2409.480727  	0.002765 
2410.912385  	0.002320 
2412.344043  	0.002291 
2413.775701  	0.002178 
2415.207360  	0.001873 
2416.639018  	0.001960 
2418.070676  	0.002137 
2419.502334  	0.002297 
2420.933992  	0.002210 
2422.365651  	0.001971 
2423.797309  	0.002083 
2425.228967  	0.001968 
2426.660625  	0.001760 
2428.092283  	0.001966 
2429.523941  	0.001988 
2430.955600  	0.002143 
2432.387258  	0.002508 
2433.818916  	0.002245 
2435.250574  	0.001855 
2436.682232  	0.001779 
2438.113891  	0.001787 
2439.545549  	0.002043 
2440.977207  	0.002312 
2442.408865  	0.002335 
2443.840523  	0.002160 
2445.272181  	0.001898 
2446.703840  	0.001851 
2448.135498  	0.001893 
2449.567156  	0.001840 
2450.998814  	0.001730 
2452.430472  	0.001631 
2453.862131  	0.001996 
2455.293789  	0.002532 
2456.725447  	0.002501 
2458.157105  	0.002236 
2459.588763  	0.002171 
2461.020422  	0.002325 
2462.452080  	0.002444 
2463.883738  	0.002279 
2465.315396  	0.002386 
2466.747054  	0.002649 
2468.178712  	0.002317 
2469.610371  	0.001831 
2471.042029  	0.001591 
2472.473687  	0.001631 
2473.905345  	0.002024 
2475.337003  	0.002177 
2476.768662  	0.002099 
2478.200320  	0.002168 
2479.631978  	0.002094 
2481.063636  	0.001939 
2482.495294  	0.001829 
2483.926953  	0.001823 
2485.358611  	0.002040 
2486.790269  	0.001997 
2488.221927  	0.001767 
2489.653585  	0.001758 
2491.085243  	0.001811 
2492.516902  	0.001925 
2493.948560  	0.001690 
2495.380218  	0.001243 
2496.811876  	0.001429 
2498.243534  	0.001355 
2499.675193  	0.000903 
2501.106851  	0.001504 
2502.538509  	0.002147 
2503.970167  	0.001699 
2505.401825  	0.001344 
2506.833483  	0.001404 
2508.265142  	0.001373 
2509.696800  	0.001536 
2511.128458  	0.001911 
2512.560116  	0.001995 
2513.991774  	0.001813 
2515.423433  	0.001749 
2516.855091  	0.001611 
2518.286749  	0.001314 
2519.718407  	0.001367 
2521.150065  	0.001759 
2522.581724  	0.001974 
2524.013382  	0.001703 
2525.445040  	0.001393 
2526.876698  	0.001615 
2528.308356  	0.001569 
2529.740014  	0.001107 
2531.171673  	0.001411 
2532.603331  	0.001817 
2534.034989  	0.001566 
2535.466647  	0.001574 
2536.898305  	0.001644 
2538.329964  	0.001391 
2539.761622  	0.001397 
2541.193280  	0.001467 
2542.624938  	0.001272 
2544.056596  	0.001038 
2545.488254  	0.000980 
2546.919913  	0.001128 
2548.351571  	0.001256 
2549.783229  	0.001360 
2551.214887  	0.001355 
2552.646545  	0.001191 
2554.078204  	0.001245 
2555.509862  	0.001202 
2556.941520  	0.000829 
2558.373178  	0.000603 
2559.804836  	0.000545 
2561.236495  	0.000953 
2562.668153  	0.001644 
2564.099811  	0.001549 
2565.531469  	0.001121 
2566.963127  	0.000998 
2568.394785  	0.001021 
2569.826444  	0.001622 
2571.258102  	0.002247 
2572.689760  	0.002176 
2574.121418  	0.002090 
2575.553076  	0.002009 
2576.984735  	0.001654 
2578.416393  	0.001486 
2579.848051  	0.001642 
2581.279709  	0.001879 
2582.711367  	0.001862 
2584.143026  	0.001831 
2585.574684  	0.002051 
2587.006342  	0.001831 
2588.438000  	0.001377 
2589.869658  	0.001433 
2591.301316  	0.001575 
2592.732975  	0.001689 
2594.164633  	0.001942 
2595.596291  	0.002031 
2597.027949  	0.001980 
2598.459607  	0.001944 
2599.891266  	0.002130 
2601.322924  	0.002485 
2602.754582  	0.002519 
2604.186240  	0.002188 
2605.617898  	0.001667 
2607.049556  	0.001534 
2608.481215  	0.002070 
2609.912873  	0.002067 
2611.344531  	0.001590 
2612.776189  	0.001782 
2614.207847  	0.001856 
2615.639506  	0.001521 
2617.071164  	0.001538 
2618.502822  	0.001536 
2619.934480  	0.001561 
2621.366138  	0.001758 
2622.797797  	0.001623 
2624.229455  	0.001546 
2625.661113  	0.001612 
2627.092771  	0.001378 
2628.524429  	0.001341 
2629.956087  	0.001539 
2631.387746  	0.001437 
2632.819404  	0.001375 
2634.251062  	0.001647 
2635.682720  	0.001789 
2637.114378  	0.001566 
2638.546037  	0.001354 
2639.977695  	0.001349 
2641.409353  	0.001369 
2642.841011  	0.001428 
2644.272669  	0.001528 
2645.704328  	0.001514 
2647.135986  	0.001510 
2648.567644  	0.001575 
2649.999302  	0.001467 
2651.430960  	0.001233 
2652.862618  	0.001269 
2654.294277  	0.001510 
2655.725935  	0.001483 
2657.157593  	0.001426 
2658.589251  	0.001681 
2660.020909  	0.001749 
2661.452568  	0.001573 
2662.884226  	0.001593 
2664.315884  	0.001692 
2665.747542  	0.001788 
2667.179200  	0.001836 
2668.610858  	0.001715 
2670.042517  	0.001668 
2671.474175  	0.001647 
2672.905833  	0.001551 
2674.337491  	0.001629 
2675.769149  	0.001684 
2677.200808  	0.001641 
2678.632466  	0.001707 
2680.064124  	0.001680 
2681.495782  	0.001689 
2682.927440  	0.001841 
2684.359099  	0.001764 
2685.790757  	0.001683 
2687.222415  	0.001783 
2688.654073  	0.001708 
2690.085731  	0.001651 
2691.517389  	0.001780 
2692.949048  	0.001785 
2694.380706  	0.001734 
2695.812364  	0.001764 
2697.244022  	0.001729 
2698.675680  	0.001778 
2700.107339  	0.002011 
2701.538997  	0.002060 
2702.970655  	0.001865 
2704.402313  	0.001820 
2705.833971  	0.001959 
2707.265630  	0.002070 
2708.697288  	0.002104 
2710.128946  	0.002156 
2711.560604  	0.002362 
2712.992262  	0.002516 
2714.423920  	0.002448 
2715.855579  	0.002440 
2717.287237  	0.002367 
2718.718895  	0.002104 
2720.150553  	0.002094 
2721.582211  	0.002183 
2723.013870  	0.002045 
2724.445528  	0.002033 
2725.877186  	0.002168 
2727.308844  	0.002219 
2728.740502  	0.002318 
2730.172160  	0.002478 
2731.603819  	0.002483 
2733.035477  	0.002264 
2734.467135  	0.002208 
2735.898793  	0.002494 
2737.330451  	0.002590 
2738.762110  	0.002505 
2740.193768  	0.002657 
2741.625426  	0.002699 
2743.057084  	0.002493 
2744.488742  	0.002399 
2745.920401  	0.002390 
2747.352059  	0.002422 
2748.783717  	0.002494 
2750.215375  	0.002446 
2751.647033  	0.002377 
2753.078691  	0.002451 
2754.510350  	0.002597 
2755.942008  	0.002729 
2757.373666  	0.002757 
2758.805324  	0.002652 
2760.236982  	0.002644 
2761.668641  	0.002846 
2763.100299  	0.002943 
2764.531957  	0.002904 
2765.963615  	0.003024 
2767.395273  	0.003113 
2768.826931  	0.003072 
2770.258590  	0.003149 
2771.690248  	0.003192 
2773.121906  	0.003212 
2774.553564  	0.003399 
2775.985222  	0.003472 
2777.416881  	0.003384 
2778.848539  	0.003317 
2780.280197  	0.003229 
2781.711855  	0.003188 
2783.143513  	0.003161 
2784.575172  	0.003133 
2786.006830  	0.003266 
2787.438488  	0.003359 
2788.870146  	0.003251 
2790.301804  	0.003137 
2791.733462  	0.003090 
2793.165121  	0.003087 
2794.596779  	0.003064 
2796.028437  	0.003008 
2797.460095  	0.003017 
2798.891753  	0.003108 
2800.323412  	0.003305 
2801.755070  	0.003490 
2803.186728  	0.003503 
2804.618386  	0.003484 
2806.050044  	0.003497 
2807.481703  	0.003554 
2808.913361  	0.003644 
2810.345019  	0.003601 
2811.776677  	0.003608 
2813.208335  	0.003676 
2814.639993  	0.003515 
2816.071652  	0.003447 
2817.503310  	0.003545 
2818.934968  	0.003460 
2820.366626  	0.003428 
2821.798284  	0.003574 
2823.229943  	0.003704 
2824.661601  	0.003723 
2826.093259  	0.003620 
2827.524917  	0.003711 
2828.956575  	0.003872 
2830.388233  	0.003719 
2831.819892  	0.003686 
2833.251550  	0.003909 
2834.683208  	0.004035 
2836.114866  	0.004146 
2837.546524  	0.004237 
2838.978183  	0.004383 
2840.409841  	0.004643 
2841.841499  	0.004775 
2843.273157  	0.004966 
2844.704815  	0.005180 
2846.136474  	0.005131 
2847.568132  	0.005254 
2848.999790  	0.005666 
2850.431448  	0.006020 
2851.863106  	0.006286 
2853.294764  	0.006409 
2854.726423  	0.006549 
2856.158081  	0.006881 
2857.589739  	0.007214 
2859.021397  	0.007507 
2860.453055  	0.007762 
2861.884714  	0.008188 
2863.316372  	0.009060 
2864.748030  	0.010029 
2866.179688  	0.010895 
2867.611346  	0.011759 
2869.043005  	0.012488 
2870.474663  	0.013118 
2871.906321  	0.013571 
2873.337979  	0.013638 
2874.769637  	0.013423 
2876.201295  	0.012973 
2877.632954  	0.012317 
2879.064612  	0.011580 
2880.496270  	0.010889 
2881.927928  	0.010394 
2883.359586  	0.009981 
2884.791245  	0.009692 
2886.222903  	0.009761 
2887.654561  	0.009948 
2889.086219  	0.010158 
2890.517877  	0.010337 
2891.949535  	0.010152 
2893.381194  	0.009889 
2894.812852  	0.009851 
2896.244510  	0.009900 
2897.676168  	0.009896 
2899.107826  	0.009632 
2900.539485  	0.009570 
2901.971143  	0.009982 
2903.402801  	0.010028 
2904.834459  	0.009914 
2906.266117  	0.010349 
2907.697776  	0.010859 
2909.129434  	0.011266 
2910.561092  	0.011663 
2911.992750  	0.011878 
2913.424408  	0.012032 
2914.856066  	0.012012 
2916.287725  	0.011830 
2917.719383  	0.011806 
2919.151041  	0.011968 
2920.582699  	0.012425 
2922.014357  	0.012986 
2923.446016  	0.013464 
2924.877674  	0.014156 
2926.309332  	0.014771 
2927.740990  	0.015320 
2929.172648  	0.016168 
2930.604306  	0.016672 
2932.035965  	0.016827 
2933.467623  	0.017163 
2934.899281  	0.017240 
2936.330939  	0.017023 
2937.762597  	0.016779 
2939.194256  	0.016374 
2940.625914  	0.016045 
2942.057572  	0.015909 
2943.489230  	0.015839 
2944.920888  	0.015720 
2946.352547  	0.015468 
2947.784205  	0.015548 
2949.215863  	0.016004 
2950.647521  	0.016382 
2952.079179  	0.017036 
2953.510837  	0.018195 
2954.942496  	0.019661 
2956.374154  	0.021353 
2957.805812  	0.023041 
2959.237470  	0.025044 
2960.669128  	0.027462 
2962.100787  	0.029426 
2963.532445  	0.030943 
2964.964103  	0.032435 
2966.395761  	0.033294 
2967.827419  	0.033251 
2969.259078  	0.032772 
2970.690736  	0.032023 
2972.122394  	0.030886 
2973.554052  	0.029191 
2974.985710  	0.027097 
2976.417368  	0.025030 
2977.849027  	0.023003 
2979.280685  	0.020958 
2980.712343  	0.019034 
2982.144001  	0.017212 
2983.575659  	0.015386 
2985.007318  	0.013609 
2986.438976  	0.011996 
2987.870634  	0.010502 
2989.302292  	0.009279 
2990.733950  	0.008474 
2992.165608  	0.007583 
2993.597267  	0.006505 
2995.028925  	0.005702 
2996.460583  	0.005049 
2997.892241  	0.004438 
2999.323899  	0.003925 
3000.755558  	0.003353 
3002.187216  	0.002921 
3003.618874  	0.002658 
3005.050532  	0.002423 
3006.482190  	0.002382 
3007.913849  	0.002181 
3009.345507  	0.001751 
3010.777165  	0.001814 
3012.208823  	0.002043 
3013.640481  	0.001673 
3015.072139  	0.001252 
3016.503798  	0.001345 
3017.935456  	0.001538 
3019.367114  	0.001631 
3020.798772  	0.001781 
3022.230430  	0.001746 
3023.662089  	0.001639 
3025.093747  	0.001996 
3026.525405  	0.002587 
3027.957063  	0.003045 
3029.388721  	0.003442 
3030.820380  	0.003669 
3032.252038  	0.003994 
3033.683696  	0.004726 
3035.115354  	0.005360 
3036.547012  	0.005650 
3037.978670  	0.005858 
3039.410329  	0.006116 
3040.841987  	0.006448 
3042.273645  	0.006529 
3043.705303  	0.006141 
3045.136961  	0.005785 
3046.568620  	0.005703 
3048.000278  	0.005567 
3049.431936  	0.005387 
3050.863594  	0.005319 
3052.295252  	0.005257 
3053.726910  	0.005393 
3055.158569  	0.005823 
3056.590227  	0.005938 
3058.021885  	0.005718 
3059.453543  	0.005716 
3060.885201  	0.005655 
3062.316860  	0.005447 
3063.748518  	0.005328 
3065.180176  	0.004939 
3066.611834  	0.004518 
3068.043492  	0.004372 
3069.475151  	0.004067 
3070.906809  	0.003861 
3072.338467  	0.003865 
3073.770125  	0.003606 
3075.201783  	0.003336 
3076.633441  	0.003169 
3078.065100  	0.003011 
3079.496758  	0.003035 
3080.928416  	0.002941 
3082.360074  	0.002820 
3083.791732  	0.002889 
3085.223391  	0.002712 
3086.655049  	0.002516 
3088.086707  	0.002523 
3089.518365  	0.002395 
3090.950023  	0.002295 
3092.381682  	0.002169 
3093.813340  	0.001921 
3095.244998  	0.001852 
3096.676656  	0.001727 
3098.108314  	0.001562 
3099.539972  	0.001648 
3100.971631  	0.001631 
3102.403289  	0.001509 
3103.834947  	0.001583 
3105.266605  	0.001688 
3106.698263  	0.001693 
3108.129922  	0.001736 
3109.561580  	0.002030 
3110.993238  	0.002213 
3112.424896  	0.001806 
3113.856554  	0.001408 
3115.288212  	0.001512 
3116.719871  	0.001687 
3118.151529  	0.001568 
3119.583187  	0.001269 
3121.014845  	0.001329 
3122.446503  	0.001631 
3123.878162  	0.001421 
3125.309820  	0.001104 
3126.741478  	0.001113 
3128.173136  	0.000988 
3129.604794  	0.000924 
3131.036453  	0.001022 
3132.468111  	0.000949 
3133.899769  	0.001048 
3135.331427  	0.001343 
3136.763085  	0.001376 
3138.194743  	0.001166 
3139.626402  	0.000896 
3141.058060  	0.000754 
3142.489718  	0.000736 
3143.921376  	0.000598 
3145.353034  	0.000536 
3146.784693  	0.000804 
3148.216351  	0.001015 
3149.648009  	0.000854 
3151.079667  	0.000754 
3152.511325  	0.000952 
3153.942983  	0.000868 
3155.374642  	0.000490 
3156.806300  	0.000438 
3158.237958  	0.000454 
3159.669616  	0.000265 
3161.101274  	0.000375 
3162.532933  	0.000661 
3163.964591  	0.000644 
3165.396249  	0.000639 
3166.827907  	0.000722 
3168.259565  	0.000467 
3169.691224  	0.000326 
3171.122882  	0.000600 
3172.554540  	0.000442 
3173.986198  	0.000116 
3175.417856  	0.000470 
3176.849514  	0.000753 
3178.281173  	0.000751 
3179.712831  	0.001031 
3181.144489  	0.001078 
3182.576147  	0.000948 
3184.007805  	0.000976 
3185.439464  	0.000662 
3186.871122  	0.000430 
3188.302780  	0.000673 
3189.734438  	0.000810 
3191.166096  	0.000932 
3192.597755  	0.001124 
3194.029413  	0.001095 
3195.461071  	0.000973 
3196.892729  	0.000793 
3198.324387  	0.000641 
3199.756045  	0.000584 
3201.187704  	0.000482 
3202.619362  	0.000524 
3204.051020  	0.000623 
3205.482678  	0.000598 
3206.914336  	0.000679 
3208.345995  	0.000698 
3209.777653  	0.000586 
3211.209311  	0.000563 
3212.640969  	0.000507 
3214.072627  	0.000497 
3215.504285  	0.000557 
3216.935944  	0.000616 
3218.367602  	0.000956 
3219.799260  	0.001203 
3221.230918  	0.000932 
3222.662576  	0.000736 
3224.094235  	0.000925 
3225.525893  	0.001036 
3226.957551  	0.000818 
3228.389209  	0.000702 
3229.820867  	0.000924 
3231.252526  	0.000840 
3232.684184  	0.000425 
3234.115842  	0.000358 
3235.547500  	0.000422 
3236.979158  	0.000399 
3238.410816  	0.000530 
3239.842475  	0.000547 
3241.274133  	0.000380 
3242.705791  	0.000415 
3244.137449  	0.000674 
3245.569107  	0.000848 
3247.000766  	0.000829 
3248.432424  	0.000798 
3249.864082  	0.000717 
3251.295740  	0.000619 
3252.727398  	0.000730 
3254.159057  	0.000671 
3255.590715  	0.000267 
3257.022373  	0.000034 
3258.454031  	0.000071 
3259.885689  	0.000276 
3261.317347  	0.000515 
3262.749006  	0.000591 
3264.180664  	0.000715 
3265.612322  	0.000757 
3267.043980  	0.000591 
3268.475638  	0.000636 
3269.907297  	0.000712 
3271.338955  	0.000781 
3272.770613  	0.001133 
3274.202271  	0.001057 
3275.633929  	0.000474 
3277.065587  	0.000381 
3278.497246  	0.000702 
3279.928904  	0.000941 
3281.360562  	0.001197 
3282.792220  	0.001343 
3284.223878  	0.001093 
3285.655537  	0.000778 
3287.087195  	0.000896 
3288.518853  	0.001015 
3289.950511  	0.000600 
3291.382169  	0.000222 
3292.813828  	0.000259 
3294.245486  	0.000291 
3295.677144  	0.000241 
3297.108802  	0.000306 
3298.540460  	0.000460 
3299.972118  	0.000529 
3301.403777  	0.000462 
3302.835435  	0.000394 
3304.267093  	0.000362 
3305.698751  	0.000470 
3307.130409  	0.000705 
3308.562068  	0.000750 
3309.993726  	0.000747 
3311.425384  	0.000857 
3312.857042  	0.000774 
3314.288700  	0.000665 
3315.720359  	0.000758 
3317.152017  	0.000843 
3318.583675  	0.000853 
3320.015333  	0.000734 
3321.446991  	0.000494 
3322.878649  	0.000341 
3324.310308  	0.000362 
3325.741966  	0.000488 
3327.173624  	0.000535 
3328.605282  	0.000524 
3330.036940  	0.000482 
3331.468599  	0.000225 
3332.900257  	0.000191 
3334.331915  	0.000630 
3335.763573  	0.000905 
3337.195231  	0.000888 
3338.626889  	0.000666 
3340.058548  	0.000307 
3341.490206  	0.000324 
3342.921864  	0.000385 
3344.353522  	0.000173 
3345.785180  	0.000324 
3347.216839  	0.000555 
3348.648497  	0.000466 
3350.080155  	0.000485 
3351.511813  	0.000436 
3352.943471  	0.000335 
3354.375130  	0.000561 
3355.806788  	0.000600 
3357.238446  	0.000256 
3358.670104  	0.000107 
3360.101762  	0.000213 
3361.533420  	0.000374 
3362.965079  	0.000655 
3364.396737  	0.000804 
3365.828395  	0.000473 
3367.260053  	0.000167 
3368.691711  	0.000405 
3370.123370  	0.000674 
3371.555028  	0.000677 
3372.986686  	0.000720 
3374.418344  	0.000846 
3375.850002  	0.000924 
3377.281660  	0.000759 
3378.713319  	0.000493 
3380.144977  	0.000517 
3381.576635  	0.000523 
3383.008293  	0.000387 
3384.439951  	0.000508 
3385.871610  	0.000682 
3387.303268  	0.000703 
3388.734926  	0.000690 
3390.166584  	0.000679 
3391.598242  	0.000833 
3393.029901  	0.000878 
3394.461559  	0.000549 
3395.893217  	0.000385 
3397.324875  	0.000560 
3398.756533  	0.000719 
3400.188191  	0.000672 
3401.619850  	0.000427 
3403.051508  	0.000215 
3404.483166  	0.000265 
3405.914824  	0.000611 
3407.346482  	0.000854 
3408.778141  	0.000617 
3410.209799  	0.000447 
3411.641457  	0.000579 
3413.073115  	0.000627 
3414.504773  	0.000852 
3415.936432  	0.000982 
3417.368090  	0.000652 
3418.799748  	0.000697 
3420.231406  	0.000970 
3421.663064  	0.000792 
3423.094722  	0.000734 
3424.526381  	0.000733 
3425.958039  	0.000468 
3427.389697  	0.000510 
3428.821355  	0.000775 
3430.253013  	0.000875 
3431.684672  	0.001015 
3433.116330  	0.001025 
3434.547988  	0.000619 
3435.979646  	0.000373 
3437.411304  	0.000708 
3438.842962  	0.000899 
3440.274621  	0.000683 
3441.706279  	0.000729 
3443.137937  	0.000887 
3444.569595  	0.000876 
3446.001253  	0.000989 
3447.432912  	0.000973 
3448.864570  	0.000810 
3450.296228  	0.000853 
3451.727886  	0.000924 
3453.159544  	0.000968 
3454.591203  	0.000904 
3456.022861  	0.000832 
3457.454519  	0.001086 
3458.886177  	0.001083 
3460.317835  	0.000709 
3461.749493  	0.000721 
3463.181152  	0.000876 
3464.612810  	0.000886 
3466.044468  	0.000929 
3467.476126  	0.000932 
3468.907784  	0.001126 
3470.339443  	0.001282 
3471.771101  	0.001022 
3473.202759  	0.000952 
3474.634417  	0.001238 
3476.066075  	0.001485 
3477.497734  	0.001609 
3478.929392  	0.001447 
3480.361050  	0.001217 
3481.792708  	0.001280 
3483.224366  	0.001349 
3484.656024  	0.001193 
3486.087683  	0.000892 
3487.519341  	0.000705 
3488.950999  	0.000825 
3490.382657  	0.000889 
3491.814315  	0.000794 
3493.245974  	0.000818 
3494.677632  	0.000905 
3496.109290  	0.000978 
3497.540948  	0.001179 
3498.972606  	0.001495 
3500.404264  	0.001560 
3501.835923  	0.001303 
3503.267581  	0.001296 
3504.699239  	0.001545 
3506.130897  	0.001572 
3507.562555  	0.001613 
3508.994214  	0.001829 
3510.425872  	0.001971 
3511.857530  	0.001749 
3513.289188  	0.001154 
3514.720846  	0.000900 
3516.152505  	0.001347 
3517.584163  	0.001791 
3519.015821  	0.001865 
3520.447479  	0.001715 
3521.879137  	0.001498 
3523.310795  	0.001341 
3524.742454  	0.001238 
3526.174112  	0.001300 
3527.605770  	0.001563 
3529.037428  	0.001830 
3530.469086  	0.001894 
3531.900745  	0.001636 
3533.332403  	0.001472 
3534.764061  	0.001651 
3536.195719  	0.001676 
3537.627377  	0.001684 
3539.059035  	0.001853 
3540.490694  	0.001727 
3541.922352  	0.001568 
3543.354010  	0.001440 
3544.785668  	0.001055 
3546.217326  	0.001075 
3547.648985  	0.001419 
3549.080643  	0.001311 
3550.512301  	0.001226 
3551.943959  	0.001543 
3553.375617  	0.001762 
3554.807276  	0.001428 
3556.238934  	0.001165 
3557.670592  	0.001432 
3559.102250  	0.001442 
3560.533908  	0.001060 
3561.965566  	0.001111 
3563.397225  	0.001395 
3564.828883  	0.001671 
3566.260541  	0.001902 
3567.692199  	0.001538 
3569.123857  	0.001030 
3570.555516  	0.000823 
3571.987174  	0.000910 
3573.418832  	0.001358 
3574.850490  	0.001297 
3576.282148  	0.000936 
3577.713807  	0.001188 
3579.145465  	0.001268 
3580.577123  	0.001011 
3582.008781  	0.000991 
3583.440439  	0.000922 
3584.872097  	0.000999 
3586.303756  	0.001103 
3587.735414  	0.000711 
3589.167072  	0.000726 
3590.598730  	0.001017 
3592.030388  	0.001063 
3593.462047  	0.001244 
3594.893705  	0.001047 
3596.325363  	0.000479 
3597.757021  	0.000598 
3599.188679  	0.001051 
3600.620337  	0.001234 
3602.051996  	0.001120 
3603.483654  	0.000674 
3604.915312  	0.000295 
3606.346970  	0.000510 
3607.778628  	0.001175 
3609.210287  	0.001402 
3610.641945  	0.000841 
3612.073603  	0.000459 
3613.505261  	0.000580 
3614.936919  	0.000612 
3616.368578  	0.000544 
3617.800236  	0.000992 
3619.231894  	0.001412 
3620.663552  	0.000903 
3622.095210  	0.000786 
3623.526868  	0.001089 
3624.958527  	0.000879 
3626.390185  	0.000924 
3627.821843  	0.001849 
3629.253501  	0.002457 
3630.685159  	0.001614 
3632.116818  	0.001170 
3633.548476  	0.000972 
3634.980134  	0.000729 
3636.411792  	0.000500 
3637.843450  	0.000458 
3639.275109  	0.000615 
3640.706767  	0.000658 
3642.138425  	0.000724 
3643.570083  	0.000791 
3645.001741  	0.000725 
3646.433399  	0.000864 
3647.865058  	0.000990 
3649.296716  	0.000873 
3650.728374  	0.000812 
3652.160032  	0.000278 
3653.591690  	0.000203 
3655.023349  	0.000879 
3656.455007  	0.001517 
3657.886665  	0.001256 
3659.318323  	0.000927 
3660.749981  	0.000945 
3662.181639  	0.000924 
3663.613298  	0.000490 
3665.044956  	0.000378 
3666.476614  	0.001008 
3667.908272  	0.001578 
3669.339930  	0.001811 
3670.771589  	0.001369 
3672.203247  	0.000629 
3673.634905  	0.000992 
3675.066563  	0.002103 
3676.498221  	0.002146 
3677.929880  	0.001047 
3679.361538  	0.000508 
3680.793196  	0.000328 
3682.224854  	0.000439 
3683.656512  	0.000763 
3685.088170  	0.001327 
3686.519829  	0.001585 
3687.951487  	0.001638 
3689.383145  	0.001618 
3690.814803  	0.000885 
3692.246461  	0.000384 
3693.678120  	0.000540 
3695.109778  	0.000482 
3696.541436  	0.000396 
3697.973094  	0.000611 
3699.404752  	0.000809 
3700.836411  	0.000860 
3702.268069  	0.000424 
3703.699727  	0.000145 
3705.131385  	0.000494 
3706.563043  	0.000598 
3707.994701  	0.000490 
3709.426360  	0.000389 
3710.858018  	0.000041 
3712.289676  	0.000169 
3713.721334  	0.000240 
3715.152992  	-0.000223 
3716.584651  	-0.000158 
3718.016309  	0.000065 
3719.447967  	0.000040 
3720.879625  	0.000551 
3722.311283  	0.001263 
3723.742941  	0.001283 
3725.174600  	0.001024 
3726.606258  	0.000809 
3728.037916  	0.000604 
3729.469574  	0.000809 
3730.901232  	0.001482 
3732.332891  	0.001881 
3733.764549  	0.001292 
3735.196207  	0.001232 
3736.627865  	0.001583 
3738.059523  	0.000904 
3739.491182  	0.000433 
3740.922840  	0.000392 
3742.354498  	0.000554 
3743.786156  	0.000961 
3745.217814  	0.000795 
3746.649472  	0.000144 
3748.081131  	0.000364 
3749.512789  	0.001094 
3750.944447  	0.001546 
3752.376105  	0.000817 
3753.807763  	-0.000214 
3755.239422  	-0.000319 
3756.671080  	-0.000020 
3758.102738  	0.000283 
3759.534396  	0.000294 
3760.966054  	-0.000031 
3762.397712  	-0.000017 
3763.829371  	0.000232 
3765.261029  	0.000119 
3766.692687  	-0.000231 
3768.124345  	-0.000232 
3769.556003  	-0.000090 
3770.987662  	-0.000218 
3772.419320  	-0.000573 
3773.850978  	-0.000941 
3775.282636  	-0.001373 
3776.714294  	-0.001337 
3778.145953  	-0.000675 
3779.577611  	-0.000434 
3781.009269  	-0.000863 
3782.440927  	-0.000912 
3783.872585  	-0.000897 
3785.304243  	-0.001066 
3786.735902  	-0.001033 
3788.167560  	-0.000998 
3789.599218  	-0.001121 
3791.030876  	-0.001104 
3792.462534  	-0.000868 
3793.894193  	-0.000737 
3795.325851  	-0.000664 
3796.757509  	-0.000457 
3798.189167  	-0.000599 
3799.620825  	-0.000439 
3801.052484  	0.000756 
3802.484142  	0.000854 
3803.915800  	-0.000551 
3805.347458  	-0.000583 
3806.779116  	-0.000186 
3808.210774  	-0.000471 
3809.642433  	-0.000731 
3811.074091  	-0.000731 
3812.505749  	-0.000503 
3813.937407  	-0.000043 
3815.369065  	0.000728 
3816.800724  	0.001244 
3818.232382  	0.000358 
3819.664040  	-0.000060 
3821.095698  	0.000363 
3822.527356  	-0.000254 
3823.959014  	-0.000952 
3825.390673  	-0.000656 
3826.822331  	-0.000225 
3828.253989  	-0.000130 
3829.685647  	-0.000085 
3831.117305  	0.000010 
3832.548964  	0.000172 
3833.980622  	0.000349 
3835.412280  	0.000382 
3836.843938  	0.000007 
3838.275596  	-0.000401 
3839.707255  	-0.000311 
3841.138913  	-0.000433 
3842.570571  	-0.000298 
3844.002229  	0.000498 
3845.433887  	0.000611 
3846.865545  	0.000185 
3848.297204  	0.000043 
3849.728862  	-0.000192 
3851.160520  	0.000035 
3852.592178  	0.001471 
3854.023836  	0.002258 
3855.455495  	0.000209 
3856.887153  	-0.000693 
3858.318811  	-0.000479 
3859.750469  	-0.000053 
3861.182127  	-0.000128 
3862.613786  	-0.000120 
3864.045444  	0.000384 
3865.477102  	0.000700 
3866.908760  	0.000804 
3868.340418  	0.000852 
3869.772076  	0.000764 
3871.203735  	0.000562 
3872.635393  	0.000224 
3874.067051  	-0.000002 
3875.498709  	0.000134 
3876.930367  	0.000019 
3878.362026  	0.000105 
3879.793684  	0.000964 
3881.225342  	0.001171 
3882.657000  	0.000238 
3884.088658  	0.000083 
3885.520316  	0.000640 
3886.951975  	0.000667 
3888.383633  	0.000158 
3889.815291  	0.000163 
3891.246949  	0.000680 
3892.678607  	0.000754 
3894.110266  	0.000198 
3895.541924  	-0.000112 
3896.973582  	0.000127 
3898.405240  	0.000407 
3899.836898  	0.000127 
3901.268557  	0.000078 
3902.700215  	0.000766 
3904.131873  	0.001105 
3905.563531  	0.000849 
3906.995189  	0.000530 
3908.426847  	0.000122 
3909.858506  	0.000034 
3911.290164  	0.000434 
3912.721822  	0.000483 
3914.153480  	0.000004 
3915.585138  	-0.000233 
3917.016797  	-0.000008 
3918.448455  	0.000266 
3919.880113  	0.000233 
3921.311771  	0.000028 
3922.743429  	0.000059 
3924.175088  	0.000288 
3925.606746  	0.000252 
3927.038404  	0.000102 
3928.470062  	0.000171 
3929.901720  	0.000175 
3931.333378  	0.000028 
3932.765037  	-0.000122 
3934.196695  	-0.000158 
3935.628353  	0.000072 
3937.060011  	0.000165 
3938.491669  	-0.000172 
3939.923328  	-0.000359 
3941.354986  	-0.000129 
3942.786644  	0.000139 
3944.218302  	0.000106 
3945.649960  	-0.000163 
3947.081618  	-0.000366 
3948.513277  	-0.000422 
3949.944935  	-0.000195 
3951.376593  	0.000290 
3952.808251  	0.000413 
3954.239909  	0.000226 
3955.671568  	0.000348 
3957.103226  	0.000475 
3958.534884  	0.000284 
3959.966542  	0.000116 
3961.398200  	0.000177 
3962.829859  	0.000312 
3964.261517  	0.000078 
3965.693175  	-0.000161 
3967.124833  	0.000169 
3968.556491  	0.000347 
3969.988149  	0.000148 
3971.419808  	0.000179 
3972.851466  	0.000094 
3974.283124  	-0.000108 
3975.714782  	-0.000085 
3977.146440  	-0.000208 
3978.578099  	-0.000369 
3980.009757  	-0.000375 
3981.441415  	-0.000285 
3982.873073  	0.000087 
3984.304731  	0.000308 
3985.736389  	0.000188 
3987.168048  	0.000227 
3988.599706  	0.000355 
3990.031364  	0.000543 
3991.463022  	0.000754 
3992.894680  	0.000475 
3994.326339  	-0.000006 
3995.757997  	-0.000115 
3997.189655  	0.000091 
3998.621313  	0.000389 
4000.052971  	0.000435 
4001.484630  	0.000208 
4002.916288  	0.000231 
4004.347946  	0.000553 
4005.779604  	0.000666 
4007.211262  	0.000465 
4008.642920  	0.000399 
4010.074579  	0.000417 
4011.506237  	0.000118 
4012.937895  	0.000004 
4014.369553  	0.000330 
4015.801211  	0.000425 
4017.232870  	0.000255 
4018.664528  	0.000180 
4020.096186  	0.000204 
4021.527844  	0.000219 
4022.959502  	0.000035 
4024.391161  	-0.000072 
4025.822819  	0.000091 
4027.254477  	0.000011 
4028.686135  	-0.000166 
4030.117793  	0.000008 
4031.549451  	0.000264 
4032.981110  	0.000378 
4034.412768  	0.000255 
4035.844426  	-0.000010 
4037.276084  	-0.000008 
4038.707742  	0.000223 
4040.139401  	0.000463 
4041.571059  	0.000570 
4043.002717  	0.000363 
4044.434375  	0.000121 
4045.866033  	0.000196 
4047.297691  	0.000510 
4048.729350  	0.000728 
4050.161008  	0.000572 
4051.592666  	0.000505 
4053.024324  	0.000885 
4054.455982  	0.001116 
4055.887641  	0.001048 
4057.319299  	0.000983 
4058.750957  	0.000865 
4060.182615  	0.000820 
4061.614273  	0.000868 
4063.045932  	0.000793 
4064.477590  	0.000823 
4065.909248  	0.001092 
4067.340906  	0.001269 
4068.772564  	0.001258 
4070.204222  	0.001277 
4071.635881  	0.001238 
4073.067539  	0.001058 
4074.499197  	0.001076 
4075.930855  	0.001132 
4077.362513  	0.000865 
4078.794172  	0.000828 
4080.225830  	0.001137 
4081.657488  	0.001185 
4083.089146  	0.001135 
4084.520804  	0.001219 
4085.952463  	0.001219 
4087.384121  	0.001125 
4088.815779  	0.000862 
4090.247437  	0.000518 
4091.679095  	0.000482 
4093.110753  	0.000724 
4094.542412  	0.000787 
4095.974070  	0.000439 
4097.405728  	0.000271 
4098.837386  	0.000681 
4100.269044  	0.000847 
4101.700703  	0.000483 
4103.132361  	0.000152 
4104.564019  	-0.000096 
4105.995677  	0.000033 
4107.427335  	0.000618 
4108.858993  	0.000740 
4110.290652  	0.000421 
4111.722310  	0.000207 
4113.153968  	-0.000190 
4114.585626  	-0.000425 
4116.017284  	0.000003 
4117.448943  	0.000278 
4118.880601  	0.000062 
4120.312259  	0.000087 
4121.743917  	0.000309 
4123.175575  	0.000222 
4124.607234  	-0.000071 
4126.038892  	-0.000357 
4127.470550  	-0.000475 
4128.902208  	-0.000340 
4130.333866  	-0.000161 
4131.765524  	-0.000006 
4133.197183  	0.000081 
4134.628841  	0.000004 
4136.060499  	0.000051 
4137.492157  	0.000244 
4138.923815  	0.000278 
4140.355474  	0.000175 
4141.787132  	-0.000032 
4143.218790  	-0.000081 
4144.650448  	0.000210 
4146.082106  	0.000315 
4147.513764  	0.000218 
4148.945423  	0.000206 
4150.377081  	0.000033 
4151.808739  	-0.000043 
4153.240397  	0.000068 
4154.672055  	-0.000086 
4156.103714  	-0.000103 
4157.535372  	0.000284 
4158.967030  	0.000417 
4160.398688  	0.000137 
4161.830346  	0.000146 
4163.262005  	0.000670 
4164.693663  	0.000687 
4166.125321  	0.000054 
4167.556979  	0.000019 
4168.988637  	0.000258 
4170.420295  	0.000185 
4171.851954  	0.000517 
4173.283612  	0.000691 
4174.715270  	0.000293 
4176.146928  	0.000277 
4177.578586  	0.000393 
4179.010245  	0.000256 
4180.441903  	0.000201 
4181.873561  	0.000132 
4183.305219  	0.000277 
4184.736877  	0.000492 
4186.168536  	0.000361 
4187.600194  	0.000407 
4189.031852  	0.000514 
4190.463510  	0.000284 
4191.895168  	0.000136 
4193.326826  	-0.000017 
4194.758485  	-0.000278 
4196.190143  	-0.000389 
4197.621801  	-0.000318 
4199.053459  	0.000118 
4200.485117  	0.000577 
4201.916776  	0.000587 
4203.348434  	0.000412 
4204.780092  	0.000300 
4206.211750  	0.000551 
4207.643408  	0.000788 
4209.075066  	0.000259 
4210.506725  	-0.000066 
4211.938383  	0.000289 
4213.370041  	0.000431 
4214.801699  	0.000576 
4216.233357  	0.000426 
4217.665016  	-0.000466 
4219.096674  	-0.000620 
4220.528332  	0.000216 
4221.959990  	0.000854 
4223.391648  	0.001195 
4224.823307  	0.001072 
4226.254965  	0.000506 
4227.686623  	0.000258 
4229.118281  	0.000268 
4230.549939  	0.000206 
4231.981597  	0.000155 
4233.413256  	0.000149 
4234.844914  	0.000353 
4236.276572  	0.000658 
4237.708230  	0.000650 
4239.139888  	0.000303 
4240.571547  	-0.000061 
4242.003205  	-0.000128 
4243.434863  	0.000070 
4244.866521  	0.000260 
4246.298179  	0.000263 
4247.729838  	0.000019 
4249.161496  	-0.000155 
4250.593154  	-0.000083 
4252.024812  	-0.000229 
4253.456470  	-0.000558 
4254.888128  	-0.000405 
4256.319787  	0.000177 
4257.751445  	0.000436 
4259.183103  	0.000179 
4260.614761  	0.000019 
4262.046419  	0.000024 
4263.478078  	-0.000169 
4264.909736  	-0.000055 
4266.341394  	0.000454 
4267.773052  	0.000399 
4269.204710  	-0.000218 
4270.636368  	-0.000568 
4272.068027  	-0.000410 
4273.499685  	-0.000042 
4274.931343  	0.000200 
4276.363001  	0.000444 
4277.794659  	0.000690 
4279.226318  	0.000476 
4280.657976  	0.000033 
4282.089634  	-0.000196 
4283.521292  	-0.000306 
4284.952950  	-0.000241 
4286.384609  	-0.000116 
4287.816267  	-0.000026 
4289.247925  	0.000291 
4290.679583  	0.000397 
4292.111241  	0.000057 
4293.542899  	-0.000080 
4294.974558  	-0.000024 
4296.406216  	0.000060 
4297.837874  	0.000290 
4299.269532  	0.000268 
4300.701190  	0.000142 
4302.132849  	0.000309 
4303.564507  	0.000381 
4304.996165  	0.000426 
4306.427823  	0.000669 
4307.859481  	0.000764 
4309.291140  	0.000775 
4310.722798  	0.000507 
4312.154456  	-0.000308 
4313.586114  	-0.000622 
4315.017772  	-0.000060 
4316.449430  	0.000248 
4317.881089  	0.000091 
4319.312747  	0.000036 
4320.744405  	0.000099 
4322.176063  	0.000129 
4323.607721  	0.000010 
4325.039380  	-0.000043 
4326.471038  	0.000354 
4327.902696  	0.000688 
4329.334354  	0.000350 
4330.766012  	-0.000038 
4332.197670  	0.000124 
4333.629329  	0.000350 
4335.060987  	0.000267 
4336.492645  	0.000199 
4337.924303  	0.000247 
4339.355961  	0.000208 
4340.787620  	0.000137 
4342.219278  	0.000109 
4343.650936  	0.000164 
4345.082594  	0.000396 
4346.514252  	0.000506 
4347.945911  	0.000297 
4349.377569  	0.000308 
4350.809227  	0.000645 
4352.240885  	0.000588 
4353.672543  	0.000099 
4355.104201  	-0.000193 
4356.535860  	-0.000250 
4357.967518  	-0.000230 
4359.399176  	-0.000001 
4360.830834  	0.000251 
4362.262492  	0.000242 
4363.694151  	0.000087 
4365.125809  	-0.000065 
4366.557467  	-0.000123 
4367.989125  	-0.000022 
4369.420783  	0.000227 
4370.852441  	0.000601 
4372.284100  	0.000700 
4373.715758  	0.000241 
4375.147416  	-0.000203 
4376.579074  	-0.000292 
4378.010732  	-0.000221 
4379.442391  	-0.000066 
4380.874049  	-0.000121 
4382.305707  	-0.000340 
4383.737365  	-0.000160 
4385.169023  	0.000211 
4386.600682  	0.000341 
4388.032340  	0.000288 
4389.463998  	0.000086 
4390.895656  	-0.000025 
4392.327314  	-0.000032 
4393.758972  	-0.000108 
4395.190631  	0.000120 
4396.622289  	0.000295 
4398.053947  	-0.000124 
4399.485605  	-0.000222 
4400.917263  	0.000041 
4402.348922  	-0.000307 
4403.780580  	-0.000537 
4405.212238  	-0.000124 
4406.643896  	-0.000066 
4408.075554  	-0.000154 
4409.507213  	0.000388 
4410.938871  	0.000657 
4412.370529  	0.000138 
4413.802187  	-0.000068 
4415.233845  	0.000090 
4416.665503  	-0.000240 
4418.097162  	-0.000311 
4419.528820  	0.000334 
4420.960478  	0.000455 
4422.392136  	0.000056 
4423.823794  	0.000019 
4425.255453  	-0.000061 
4426.687111  	-0.000183 
4428.118769  	0.000173 
4429.550427  	0.000419 
4430.982085  	0.000226 
4432.413743  	0.000116 
4433.845402  	0.000177 
4435.277060  	0.000180 
4436.708718  	0.000054 
4438.140376  	-0.000046 
4439.572034  	-0.000078 
4441.003693  	-0.000419 
4442.435351  	-0.000844 
4443.867009  	-0.000813 
4445.298667  	-0.000799 
4446.730325  	-0.000932 
4448.161984  	-0.000694 
4449.593642  	-0.000535 
4451.025300  	-0.000593 
4452.456958  	-0.000302 
4453.888616  	-0.000191 
4455.320274  	-0.000527 
4456.751933  	-0.000533 
4458.183591  	-0.000350 
4459.615249  	-0.000401 
4461.046907  	-0.000382 
4462.478565  	-0.000418 
4463.910224  	-0.000809 
4465.341882  	-0.001175 
4466.773540  	-0.001033 
4468.205198  	-0.000608 
4469.636856  	-0.000535 
4471.068515  	-0.000629 
4472.500173  	-0.000388 
4473.931831  	-0.000237 
4475.363489  	-0.000455 
4476.795147  	-0.000635 
4478.226805  	-0.000667 
4479.658464  	-0.000826 
4481.090122  	-0.001305 
4482.521780  	-0.001473 
4483.953438  	-0.000636 
4485.385096  	0.000057 
4486.816755  	-0.000269 
4488.248413  	-0.000341 
4489.680071  	0.000078 
4491.111729  	-0.000266 
4492.543387  	-0.000982 
4493.975045  	-0.000933 
4495.406704  	-0.000510 
4496.838362  	-0.000444 
4498.270020  	-0.000613 
4499.701678  	-0.000945 
4501.133336  	-0.001213 
4502.564995  	-0.000713 
4503.996653  	0.000036 
4505.428311  	-0.000045 
4506.859969  	-0.000389 
4508.291627  	-0.000429 
4509.723286  	-0.000541 
4511.154944  	-0.000661 
4512.586602  	-0.000741 
4514.018260  	-0.000716 
4515.449918  	-0.000614 
4516.881576  	-0.001198 
4518.313235  	-0.001736 
4519.744893  	-0.000915 
4521.176551  	-0.000162 
4522.608209  	-0.000575 
4524.039867  	-0.000888 
4525.471526  	-0.000814 
4526.903184  	-0.000845 
4528.334842  	-0.000690 
4529.766500  	-0.000593 
4531.198158  	-0.000920 
4532.629817  	-0.000974 
4534.061475  	-0.000509 
4535.493133  	-0.000495 
4536.924791  	-0.000924 
4538.356449  	-0.000680 
4539.788107  	-0.000244 
4541.219766  	-0.000611 
4542.651424  	-0.000855 
4544.083082  	-0.000317 
4545.514740  	-0.000027 
4546.946398  	-0.000561 
4548.378057  	-0.001313 
4549.809715  	-0.001534 
4551.241373  	-0.001208 
4552.673031  	-0.000929 
4554.104689  	-0.000951 
4555.536347  	-0.001146 
4556.968006  	-0.001255 
4558.399664  	-0.001049 
4559.831322  	-0.000825 
4561.262980  	-0.000712 
4562.694638  	-0.000432 
4564.126297  	-0.000308 
4565.557955  	-0.000621 
4566.989613  	-0.000932 
4568.421271  	-0.000890 
4569.852929  	-0.000515 
4571.284588  	-0.000197 
4572.716246  	-0.000276 
4574.147904  	-0.000290 
4575.579562  	0.000007 
4577.011220  	0.000082 
4578.442878  	0.000019 
4579.874537  	0.000233 
4581.306195  	0.000059 
4582.737853  	-0.000849 
4584.169511  	-0.001197 
4585.601169  	-0.000404 
4587.032828  	0.000216 
4588.464486  	0.000064 
4589.896144  	-0.000211 
4591.327802  	-0.000313 
4592.759460  	-0.000154 
4594.191118  	0.000027 
4595.622777  	-0.000364 
4597.054435  	-0.000886 
4598.486093  	-0.001009 
4599.917751  	-0.001158 
4601.349409  	-0.001109 
4602.781068  	-0.000471 
4604.212726  	0.000029 
4605.644384  	0.000020 
4607.076042  	-0.000202 
4608.507700  	-0.000486 
4609.939359  	-0.000658 
4611.371017  	-0.000850 
4612.802675  	-0.001111 
4614.234333  	-0.001074 
4615.665991  	-0.001071 
4617.097649  	-0.001210 
4618.529308  	-0.000776 
4619.960966  	-0.000283 
4621.392624  	-0.000566 
4622.824282  	-0.000843 
4624.255940  	-0.000554 
4625.687599  	-0.000288 
4627.119257  	-0.000309 
4628.550915  	-0.000283 
4629.982573  	-0.000171 
4631.414231  	-0.000326 
4632.845890  	-0.000371 
4634.277548  	0.000274 
4635.709206  	0.000846 
4637.140864  	0.000657 
4638.572522  	0.000083 
4640.004180  	-0.000541 
4641.435839  	-0.000590 
4642.867497  	-0.000041 
4644.299155  	-0.000084 
4645.730813  	-0.000589 
4647.162471  	-0.000610 
4648.594130  	-0.000526 
4650.025788  	-0.000645 
4651.457446  	-0.000673 
4652.889104  	-0.000641 
4654.320762  	-0.000625 
4655.752420  	-0.000574 
4657.184079  	-0.000380 
4658.615737  	-0.000249 
4660.047395  	-0.000429 
4661.479053  	-0.000584 
4662.910711  	-0.000523 
4664.342370  	-0.000059 
4665.774028  	0.000716 
4667.205686  	0.000429 
4668.637344  	-0.000716 
4670.069002  	-0.000851 
4671.500661  	-0.000542 
4672.932319  	-0.000880 
4674.363977  	-0.001175 
4675.795635  	-0.001138 
4677.227293  	-0.000730 
4678.658951  	-0.000236 
4680.090610  	-0.000444 
4681.522268  	-0.000568 
4682.953926  	-0.000164 
4684.385584  	-0.000377 
4685.817242  	-0.000761 
4687.248901  	-0.000420 
4688.680559  	-0.000235 
4690.112217  	-0.000487 
4691.543875  	-0.000419 
4692.975533  	-0.000313 
4694.407192  	-0.000677 
4695.838850  	-0.000690 
4697.270508  	-0.000081 
4698.702166  	-0.000122 
4700.133824  	-0.000813 
4701.565482  	-0.001018 
4702.997141  	-0.000871 
4704.428799  	-0.000602 
4705.860457  	-0.000123 
4707.292115  	0.000119 
4708.723773  	0.000019 
4710.155432  	-0.000557 
4711.587090  	-0.001319 
4713.018748  	-0.000982 
4714.450406  	-0.000175 
4715.882064  	-0.000526 
4717.313722  	-0.001084 
4718.745381  	-0.000911 
4720.177039  	-0.001012 
4721.608697  	-0.001323 
4723.040355  	-0.000967 
4724.472013  	-0.000654 
4725.903672  	-0.000947 
4727.335330  	-0.000947 
4728.766988  	-0.000581 
4730.198646  	-0.000546 
4731.630304  	-0.000753 
4733.061963  	-0.001262 
4734.493621  	-0.001765 
4735.925279  	-0.001413 
4737.356937  	-0.001010 
4738.788595  	-0.001238 
4740.220253  	-0.001235 
4741.651912  	-0.001141 
4743.083570  	-0.001287 
4744.515228  	-0.001257 
4745.946886  	-0.001185 
4747.378544  	-0.000921 
4748.810203  	-0.000613 
4750.241861  	-0.000905 
4751.673519  	-0.001055 
4753.105177  	-0.000728 
4754.536835  	-0.000716 
4755.968493  	-0.000935 
4757.400152  	-0.001120 
4758.831810  	-0.000982 
4760.263468  	-0.000482 
4761.695126  	-0.000660 
4763.126784  	-0.001185 
4764.558443  	-0.000813 
4765.990101  	-0.000262 
4767.421759  	-0.000391 
4768.853417  	-0.000752 
4770.285075  	-0.000876 
4771.716734  	-0.000752 
4773.148392  	-0.000806 
4774.580050  	-0.001004 
4776.011708  	-0.000959 
4777.443366  	-0.000927 
4778.875024  	-0.000935 
4780.306683  	-0.000873 
4781.738341  	-0.001041 
4783.169999  	-0.001178 
4784.601657  	-0.001025 
4786.033315  	-0.000969 
4787.464974  	-0.001197 
4788.896632  	-0.001498 
4790.328290  	-0.001547 
4791.759948  	-0.001464 
4793.191606  	-0.001530 
4794.623265  	-0.001360 
4796.054923  	-0.000974 
4797.486581  	-0.000956 
4798.918239  	-0.001176 
4800.349897  	-0.001127 
4801.781555  	-0.000697 
4803.213214  	-0.000560 
4804.644872  	-0.001094 
4806.076530  	-0.001166 
4807.508188  	-0.000726 
4808.939846  	-0.001078 
4810.371505  	-0.001552 
4811.803163  	-0.001318 
4813.234821  	-0.001237 
4814.666479  	-0.001273 
4816.098137  	-0.001045 
4817.529795  	-0.001090 
4818.961454  	-0.001249 
4820.393112  	-0.001160 
4821.824770  	-0.001217 
4823.256428  	-0.001462 
4824.688086  	-0.001552 
4826.119745  	-0.001474 
4827.551403  	-0.001421 
4828.983061  	-0.001505 
4830.414719  	-0.001509 
4831.846377  	-0.001206 
4833.278036  	-0.000962 
4834.709694  	-0.000975 
4836.141352  	-0.000912 
4837.573010  	-0.001114 
4839.004668  	-0.001702 
4840.436326  	-0.001598 
4841.867985  	-0.000937 
4843.299643  	-0.000975 
4844.731301  	-0.001505 
4846.162959  	-0.001638 
4847.594617  	-0.001088 
4849.026276  	-0.000483 
4850.457934  	-0.000903 
4851.889592  	-0.001501 
4853.321250  	-0.001019 
4854.752908  	-0.000600 
4856.184567  	-0.000877 
4857.616225  	-0.001102 
4859.047883  	-0.001335 
4860.479541  	-0.001521 
4861.911199  	-0.001557 
4863.342857  	-0.001592 
4864.774516  	-0.001295 
4866.206174  	-0.001313 
4867.637832  	-0.002036 
4869.069490  	-0.001834 
4870.501148  	-0.000784 
4871.932807  	-0.000842 
4873.364465  	-0.001639 
4874.796123  	-0.001619 
4876.227781  	-0.001064 
4877.659439  	-0.001146 
4879.091097  	-0.001920 
4880.522756  	-0.002248 
4881.954414  	-0.001679 
4883.386072  	-0.001262 
4884.817730  	-0.001579 
4886.249388  	-0.001800 
4887.681047  	-0.001470 
4889.112705  	-0.001151 
4890.544363  	-0.001094 
4891.976021  	-0.001151 
4893.407679  	-0.001255 
4894.839338  	-0.001287 
4896.270996  	-0.001356 
4897.702654  	-0.001485 
4899.134312  	-0.001374 
4900.565970  	-0.001393 
4901.997628  	-0.001960 
4903.429287  	-0.002322 
4904.860945  	-0.001776 
4906.292603  	-0.001013 
4907.724261  	-0.001163 
4909.155919  	-0.001705 
4910.587578  	-0.001337 
4912.019236  	-0.000722 
4913.450894  	-0.000937 
4914.882552  	-0.001250 
4916.314210  	-0.001133 
4917.745869  	-0.001069 
4919.177527  	-0.001232 
4920.609185  	-0.001404 
4922.040843  	-0.001387 
4923.472501  	-0.001568 
4924.904159  	-0.002170 
4926.335818  	-0.002420 
4927.767476  	-0.002262 
4929.199134  	-0.002313 
4930.630792  	-0.002122 
4932.062450  	-0.001215 
4933.494109  	-0.000453 
4934.925767  	-0.000772 
4936.357425  	-0.001481 
4937.789083  	-0.001564 
4939.220741  	-0.001472 
4940.652399  	-0.001326 
4942.084058  	-0.000918 
4943.515716  	-0.001114 
4944.947374  	-0.001500 
4946.379032  	-0.001365 
4947.810690  	-0.001646 
4949.242349  	-0.001827 
4950.674007  	-0.001359 
4952.105665  	-0.001449 
4953.537323  	-0.001385 
4954.968981  	-0.000647 
4956.400640  	-0.000939 
4957.832298  	-0.001649 
4959.263956  	-0.001309 
4960.695614  	-0.000988 
4962.127272  	-0.001204 
4963.558930  	-0.001146 
4964.990589  	-0.001102 
4966.422247  	-0.001488 
4967.853905  	-0.001576 
4969.285563  	-0.001399 
4970.717221  	-0.001883 
4972.148880  	-0.002206 
4973.580538  	-0.001440 
4975.012196  	-0.001022 
4976.443854  	-0.001519 
4977.875512  	-0.001787 
4979.307170  	-0.001888 
4980.738829  	-0.002171 
4982.170487  	-0.002170 
4983.602145  	-0.002073 
4985.033803  	-0.002197 
4986.465461  	-0.002025 
4987.897120  	-0.001642 
4989.328778  	-0.001939 
4990.760436  	-0.002440 
4992.192094  	-0.002263 
4993.623752  	-0.002152 
4995.055411  	-0.002198 
4996.487069  	-0.001755 
4997.918727  	-0.001494 
4999.350385  	-0.001373 
5000.782043  	-0.001036 
5002.213701  	-0.001225 
5003.645360  	-0.001367 
5005.077018  	-0.001162 
5006.508676  	-0.001784 
5007.940334  	-0.002416 
5009.371992  	-0.001978 
5010.803651  	-0.001537 
5012.235309  	-0.001593 
5013.666967  	-0.001493 
5015.098625  	-0.001075 
5016.530283  	-0.000833 
5017.961942  	-0.000976 
5019.393600  	-0.001356 
5020.825258  	-0.002080 
5022.256916  	-0.002096 
5023.688574  	-0.000672 
5025.120232  	-0.000225 
5026.551891  	-0.001663 
5027.983549  	-0.002587 
5029.415207  	-0.002600 
5030.846865  	-0.002467 
5032.278523  	-0.002109 
5033.710182  	-0.002138 
5035.141840  	-0.002367 
5036.573498  	-0.001972 
5038.005156  	-0.001468 
5039.436814  	-0.001370 
5040.868472  	-0.001630 
5042.300131  	-0.001950 
5043.731789  	-0.001874 
5045.163447  	-0.001848 
5046.595105  	-0.002116 
5048.026763  	-0.001769 
5049.458422  	-0.001026 
5050.890080  	-0.001061 
5052.321738  	-0.001333 
5053.753396  	-0.001206 
5055.185054  	-0.001689 
5056.616713  	-0.002253 
5058.048371  	-0.001691 
5059.480029  	-0.001315 
5060.911687  	-0.001366 
5062.343345  	-0.001160 
5063.775003  	-0.001950 
5065.206662  	-0.002594 
5066.638320  	-0.001668 
5068.069978  	-0.001480 
5069.501636  	-0.001785 
5070.933294  	-0.001236 
5072.364953  	-0.001557 
5073.796611  	-0.001969 
5075.228269  	-0.001395 
5076.659927  	-0.001822 
5078.091585  	-0.002685 
5079.523244  	-0.002606 
5080.954902  	-0.002258 
5082.386560  	-0.001638 
5083.818218  	-0.001254 
5085.249876  	-0.001445 
5086.681534  	-0.001384 
5088.113193  	-0.001670 
5089.544851  	-0.002148 
5090.976509  	-0.001671 
5092.408167  	-0.001456 
5093.839825  	-0.002031 
5095.271484  	-0.001895 
5096.703142  	-0.001474 
5098.134800  	-0.002097 
5099.566458  	-0.002897 
5100.998116  	-0.002509 
5102.429774  	-0.001794 
5103.861433  	-0.002120 
5105.293091  	-0.002850 
5106.724749  	-0.002947 
5108.156407  	-0.002224 
5109.588065  	-0.001313 
5111.019724  	-0.001497 
5112.451382  	-0.002184 
5113.883040  	-0.002110 
5115.314698  	-0.002427 
5116.746356  	-0.002844 
5118.178015  	-0.001534 
5119.609673  	-0.000513 
5121.041331  	-0.001616 
5122.472989  	-0.002272 
5123.904647  	-0.001247 
5125.336305  	-0.000469 
5126.767964  	-0.000880 
5128.199622  	-0.001741 
5129.631280  	-0.002075 
5131.062938  	-0.001559 
5132.494596  	-0.001103 
5133.926255  	-0.001385 
5135.357913  	-0.001734 
5136.789571  	-0.001887 
5138.221229  	-0.002568 
5139.652887  	-0.003373 
5141.084546  	-0.003129 
5142.516204  	-0.002344 
5143.947862  	-0.002236 
5145.379520  	-0.002636 
5146.811178  	-0.002869 
5148.242836  	-0.002640 
5149.674495  	-0.002085 
5151.106153  	-0.001574 
5152.537811  	-0.001189 
5153.969469  	-0.001301 
5155.401127  	-0.001969 
5156.832786  	-0.001917 
5158.264444  	-0.001159 
5159.696102  	-0.001006 
5161.127760  	-0.001125 
5162.559418  	-0.001422 
5163.991076  	-0.002105 
5165.422735  	-0.001993 
5166.854393  	-0.001702 
5168.286051  	-0.002143 
5169.717709  	-0.002123 
5171.149367  	-0.002303 
5172.581026  	-0.003164 
5174.012684  	-0.002584 
5175.444342  	-0.001037 
5176.876000  	-0.000629 
5178.307658  	-0.001582 
5179.739317  	-0.002759 
5181.170975  	-0.002274 
5182.602633  	-0.001042 
5184.034291  	-0.001608 
5185.465949  	-0.002418 
5186.897607  	-0.002255 
5188.329266  	-0.002691 
5189.760924  	-0.002640 
5191.192582  	-0.001722 
5192.624240  	-0.002282 
5194.055898  	-0.003500 
5195.487557  	-0.003044 
5196.919215  	-0.001812 
5198.350873  	-0.001859 
5199.782531  	-0.002554 
5201.214189  	-0.002255 
5202.645847  	-0.001634 
5204.077506  	-0.001650 
5205.509164  	-0.001881 
5206.940822  	-0.002233 
5208.372480  	-0.002616 
5209.804138  	-0.003250 
5211.235797  	-0.004179 
5212.667455  	-0.003961 
5214.099113  	-0.002857 
5215.530771  	-0.002353 
5216.962429  	-0.001935 
5218.394088  	-0.001607 
5219.825746  	-0.001844 
5221.257404  	-0.001869 
5222.689062  	-0.001964 
5224.120720  	-0.001927 
5225.552378  	-0.001202 
5226.984037  	-0.001449 
5228.415695  	-0.002457 
5229.847353  	-0.002705 
5231.279011  	-0.002814 
5232.710669  	-0.002501 
5234.142328  	-0.001699 
5235.573986  	-0.002126 
5237.005644  	-0.002909 
5238.437302  	-0.002334 
5239.868960  	-0.002006 
5241.300619  	-0.002708 
5242.732277  	-0.002701 
5244.163935  	-0.002340 
5245.595593  	-0.003017 
5247.027251  	-0.003468 
5248.458909  	-0.003026 
5249.890568  	-0.002740 
5251.322226  	-0.002615 
5252.753884  	-0.002533 
5254.185542  	-0.002787 
5255.617200  	-0.003073 
5257.048859  	-0.003163 
5258.480517  	-0.002897 
5259.912175  	-0.002589 
5261.343833  	-0.002816 
5262.775491  	-0.002691 
5264.207149  	-0.002117 
5265.638808  	-0.002397 
5267.070466  	-0.003027 
5268.502124  	-0.003383 
5269.933782  	-0.003137 
5271.365440  	-0.002344 
5272.797099  	-0.002617 
5274.228757  	-0.003118 
5275.660415  	-0.002271 
5277.092073  	-0.002011 
5278.523731  	-0.002411 
5279.955390  	-0.002000 
5281.387048  	-0.002384 
5282.818706  	-0.003596 
5284.250364  	-0.004078 
5285.682022  	-0.003991 
5287.113680  	-0.002953 
5288.545339  	-0.001816 
5289.976997  	-0.002253 
5291.408655  	-0.002938 
5292.840313  	-0.002819 
5294.271971  	-0.003036 
5295.703630  	-0.002886 
5297.135288  	-0.002160 
5298.566946  	-0.002552 
5299.998604  	-0.003270 
5301.430262  	-0.002574 
5302.861921  	-0.002113 
5304.293579  	-0.003076 
5305.725237  	-0.003518 
5307.156895  	-0.002815 
5308.588553  	-0.002573 
5310.020211  	-0.003142 
5311.451870  	-0.003326 
5312.883528  	-0.002928 
5314.315186  	-0.002921 
5315.746844  	-0.003034 
5317.178502  	-0.002169 
5318.610161  	-0.001590 
5320.041819  	-0.002058 
5321.473477  	-0.002255 
5322.905135  	-0.002631 
5324.336793  	-0.003260 
5325.768451  	-0.002710 
5327.200110  	-0.002194 
5328.631768  	-0.002688 
5330.063426  	-0.002542 
5331.495084  	-0.002324 
5332.926742  	-0.003207 
5334.358401  	-0.003640 
5335.790059  	-0.002617 
5337.221717  	-0.001661 
5338.653375  	-0.001945 
5340.085033  	-0.002177 
5341.516692  	-0.001722 
5342.948350  	-0.001649 
5344.380008  	-0.001521 
5345.811666  	-0.000995 
5347.243324  	-0.001353 
5348.674982  	-0.002571 
5350.106641  	-0.003782 
5351.538299  	-0.003983 
5352.969957  	-0.002918 
5354.401615  	-0.001638 
5355.833273  	-0.001472 
5357.264932  	-0.002186 
5358.696590  	-0.002769 
5360.128248  	-0.002461 
5361.559906  	-0.002214 
5362.991564  	-0.002764 
5364.423222  	-0.003053 
5365.854881  	-0.002793 
5367.286539  	-0.002348 
5368.718197  	-0.001913 
5370.149855  	-0.002370 
5371.581513  	-0.003302 
5373.013172  	-0.003322 
5374.444830  	-0.002808 
5375.876488  	-0.002846 
5377.308146  	-0.003399 
5378.739804  	-0.003935 
5380.171463  	-0.004496 
5381.603121  	-0.004557 
5383.034779  	-0.003051 
5384.466437  	-0.001649 
5385.898095  	-0.002271 
5387.329753  	-0.003122 
5388.761412  	-0.003009 
5390.193070  	-0.003257 
5391.624728  	-0.003576 
5393.056386  	-0.003508 
5394.488044  	-0.003754 
5395.919703  	-0.004007 
5397.351361  	-0.003502 
5398.783019  	-0.002737 
5400.214677  	-0.002721 
5401.646335  	-0.003423 
5403.077994  	-0.003844 
5404.509652  	-0.003351 
5405.941310  	-0.002573 
5407.372968  	-0.002502 
5408.804626  	-0.002676 
5410.236284  	-0.002527 
5411.667943  	-0.002838 
5413.099601  	-0.003109 
5414.531259  	-0.002930 
5415.962917  	-0.003555 
5417.394575  	-0.003974 
5418.826234  	-0.003914 
5420.257892  	-0.004847 
5421.689550  	-0.005157 
5423.121208  	-0.003979 
5424.552866  	-0.003427 
5425.984524  	-0.002913 
5427.416183  	-0.001637 
5428.847841  	-0.001064 
5430.279499  	-0.001634 
5431.711157  	-0.002749 
5433.142815  	-0.003536 
5434.574474  	-0.003400 
5436.006132  	-0.002908 
5437.437790  	-0.002464 
5438.869448  	-0.002183 
5440.301106  	-0.002318 
5441.732765  	-0.002577 
5443.164423  	-0.002963 
5444.596081  	-0.002743 
5446.027739  	-0.001615 
5447.459397  	-0.001779 
5448.891055  	-0.002604 
5450.322714  	-0.002289 
5451.754372  	-0.002590 
5453.186030  	-0.003118 
5454.617688  	-0.002439 
5456.049346  	-0.002575 
5457.481005  	-0.003230 
5458.912663  	-0.002222 
5460.344321  	-0.001334 
5461.775979  	-0.001904 
5463.207637  	-0.002730 
5464.639296  	-0.003136 
5466.070954  	-0.002097 
5467.502612  	-0.000169 
5468.934270  	-0.000579 
5470.365928  	-0.002836 
5471.797586  	-0.003388 
5473.229245  	-0.002714 
5474.660903  	-0.002638 
5476.092561  	-0.002609 
5477.524219  	-0.002164 
5478.955877  	-0.002090 
5480.387536  	-0.002754 
5481.819194  	-0.003663 
5483.250852  	-0.003857 
5484.682510  	-0.003258 
5486.114168  	-0.002613 
5487.545826  	-0.003014 
5488.977485  	-0.003951 
5490.409143  	-0.003383 
5491.840801  	-0.002669 
5493.272459  	-0.003432 
5494.704117  	-0.003151 
5496.135776  	-0.002499 
5497.567434  	-0.003240 
5498.999092  	-0.002510 
5500.430750  	-0.001177 
5501.862408  	-0.002567 
5503.294067  	-0.003879 
5504.725725  	-0.003501 
5506.157383  	-0.003099 
5507.589041  	-0.002267 
5509.020699  	-0.001771 
5510.452357  	-0.002806 
5511.884016  	-0.003606 
5513.315674  	-0.003218 
5514.747332  	-0.002831 
5516.178990  	-0.003608 
5517.610648  	-0.004370 
5519.042307  	-0.003806 
5520.473965  	-0.003682 
5521.905623  	-0.003943 
5523.337281  	-0.002853 
5524.768939  	-0.002439 
5526.200598  	-0.003401 
5527.632256  	-0.003665 
5529.063914  	-0.003665 
5530.495572  	-0.003310 
5531.927230  	-0.001643 
5533.358888  	-0.000933 
5534.790547  	-0.002562 
5536.222205  	-0.004089 
5537.653863  	-0.003954 
5539.085521  	-0.003491 
5540.517179  	-0.003817 
5541.948838  	-0.003701 
5543.380496  	-0.002344 
5544.812154  	-0.001995 
5546.243812  	-0.003944 
5547.675470  	-0.005177 
5549.107128  	-0.003992 
5550.538787  	-0.003175 
5551.970445  	-0.003093 
5553.402103  	-0.001742 
5554.833761  	-0.000967 
5556.265419  	-0.001971 
5557.697078  	-0.002813 
5559.128736  	-0.003432 
5560.560394  	-0.003548 
5561.992052  	-0.002289 
5563.423710  	-0.001644 
5564.855369  	-0.002424 
5566.287027  	-0.003242 
5567.718685  	-0.003316 
5569.150343  	-0.002222 
5570.582001  	-0.001595 
5572.013659  	-0.002926 
5573.445318  	-0.003919 
5574.876976  	-0.004016 
5576.308634  	-0.004672 
5577.740292  	-0.004226 
5579.171950  	-0.002619 
5580.603609  	-0.002910 
5582.035267  	-0.003941 
5583.466925  	-0.002802 
5584.898583  	-0.001291 
5586.330241  	-0.001124 
5587.761899  	-0.001190 
5589.193558  	-0.002066 
5590.625216  	-0.003697 
5592.056874  	-0.004094 
5593.488532  	-0.004053 
5594.920190  	-0.004372 
5596.351849  	-0.003744 
5597.783507  	-0.002632 
5599.215165  	-0.001653 
5600.646823  	-0.000971 
5602.078481  	-0.001507 
5603.510140  	-0.001938 
5604.941798  	-0.001510 
5606.373456  	-0.002043 
5607.805114  	-0.002974 
5609.236772  	-0.002975 
5610.668430  	-0.002922 
5612.100089  	-0.002991 
5613.531747  	-0.002716 
5614.963405  	-0.002515 
5616.395063  	-0.002902 
5617.826721  	-0.003754 
5619.258380  	-0.004260 
5620.690038  	-0.003936 
5622.121696  	-0.002935 
5623.553354  	-0.002055 
5624.985012  	-0.002290 
5626.416671  	-0.002885 
5627.848329  	-0.003117 
5629.279987  	-0.003860 
5630.711645  	-0.004168 
5632.143303  	-0.002897 
5633.574961  	-0.002135 
5635.006620  	-0.003370 
5636.438278  	-0.004818 
5637.869936  	-0.004766 
5639.301594  	-0.004247 
5640.733252  	-0.004487 
5642.164911  	-0.004079 
5643.596569  	-0.002723 
5645.028227  	-0.002639 
5646.459885  	-0.003620 
5647.891543  	-0.003395 
5649.323201  	-0.001942 
5650.754860  	-0.000962 
5652.186518  	-0.001804 
5653.618176  	-0.003641 
5655.049834  	-0.004498 
5656.481492  	-0.004823 
5657.913151  	-0.005552 
5659.344809  	-0.004734 
5660.776467  	-0.002343 
5662.208125  	-0.001864 
5663.639783  	-0.003102 
5665.071442  	-0.003073 
5666.503100  	-0.002444 
5667.934758  	-0.002633 
5669.366416  	-0.002758 
5670.798074  	-0.002497 
5672.229732  	-0.002429 
5673.661391  	-0.003187 
5675.093049  	-0.004093 
5676.524707  	-0.003722 
5677.956365  	-0.003531 
5679.388023  	-0.004009 
5680.819682  	-0.002771 
5682.251340  	-0.001395 
5683.682998  	-0.002093 
5685.114656  	-0.002857 
5686.546314  	-0.002798 
5687.977973  	-0.002130 
5689.409631  	-0.001545 
5690.841289  	-0.003175 
5692.272947  	-0.005053 
5693.704605  	-0.004341 
5695.136263  	-0.003177 
5696.567922  	-0.002772 
5697.999580  	-0.002709 
5699.431238  	-0.003759 
5700.862896  	-0.004529 
5702.294554  	-0.003815 
5703.726213  	-0.003220 
5705.157871  	-0.003471 
5706.589529  	-0.004153 
5708.021187  	-0.004475 
5709.452845  	-0.002982 
5710.884503  	-0.001032 
5712.316162  	-0.001637 
5713.747820  	-0.003322 
5715.179478  	-0.003282 
5716.611136  	-0.002894 
5718.042794  	-0.003237 
5719.474453  	-0.003358 
5720.906111  	-0.003408 
5722.337769  	-0.003591 
5723.769427  	-0.004602 
5725.201085  	-0.006094 
5726.632744  	-0.004682 
5728.064402  	-0.001913 
5729.496060  	-0.002180 
5730.927718  	-0.003186 
5732.359376  	-0.003325 
5733.791034  	-0.004257 
5735.222693  	-0.004074 
5736.654351  	-0.002497 
5738.086009  	-0.001902 
5739.517667  	-0.002452 
5740.949325  	-0.003479 
5742.380984  	-0.003479 
5743.812642  	-0.002804 
5745.244300  	-0.003597 
5746.675958  	-0.004017 
5748.107616  	-0.003441 
5749.539275  	-0.003757 
5750.970933  	-0.004117 
5752.402591  	-0.004542 
5753.834249  	-0.004578 
5755.265907  	-0.002952 
5756.697565  	-0.002438 
5758.129224  	-0.002895 
5759.560882  	-0.002279 
5760.992540  	-0.002910 
5762.424198  	-0.003803 
5763.855856  	-0.003202 
5765.287515  	-0.003170 
5766.719173  	-0.003327 
5768.150831  	-0.004256 
5769.582489  	-0.005916 
5771.014147  	-0.004333 
5772.445805  	-0.001914 
5773.877464  	-0.002188 
5775.309122  	-0.002333 
5776.740780  	-0.003259 
5778.172438  	-0.005480 
5779.604096  	-0.005707 
5781.035755  	-0.005667 
5782.467413  	-0.006355 
5783.899071  	-0.005893 
5785.330729  	-0.006186 
5786.762387  	-0.006561 
5788.194046  	-0.004307 
5789.625704  	-0.002042 
5791.057362  	-0.002051 
5792.489020  	-0.003279 
5793.920678  	-0.004538 
5795.352336  	-0.004547 
5796.783995  	-0.003407 
5798.215653  	-0.002564 
5799.647311  	-0.002288 
5801.078969  	-0.002494 
5802.510627  	-0.003604 
5803.942286  	-0.004764 
5805.373944  	-0.004181 
5806.805602  	-0.003245 
5808.237260  	-0.004701 
5809.668918  	-0.005950 
5811.100576  	-0.004072 
5812.532235  	-0.002143 
5813.963893  	-0.002286 
5815.395551  	-0.002968 
5816.827209  	-0.003447 
5818.258867  	-0.003906 
5819.690526  	-0.004732 
5821.122184  	-0.004136 
5822.553842  	-0.001518 
5823.985500  	-0.002032 
5825.417158  	-0.005487 
5826.848817  	-0.004971 
5828.280475  	-0.002490 
5829.712133  	-0.003192 
5831.143791  	-0.004387 
5832.575449  	-0.004149 
5834.007107  	-0.003470 
5835.438766  	-0.002255 
5836.870424  	-0.001466 
5838.302082  	-0.001922 
5839.733740  	-0.003100 
5841.165398  	-0.004011 
5842.597057  	-0.003469 
5844.028715  	-0.002093 
5845.460373  	-0.001326 
5846.892031  	-0.001332 
5848.323689  	-0.002527 
5849.755348  	-0.003880 
5851.187006  	-0.003538 
5852.618664  	-0.003262 
5854.050322  	-0.004711 
5855.481980  	-0.005522 
5856.913638  	-0.004602 
5858.345297  	-0.004037 
5859.776955  	-0.004019 
5861.208613  	-0.003552 
5862.640271  	-0.003386 
5864.071929  	-0.003170 
5865.503588  	-0.003135 
5866.935246  	-0.004989 
5868.366904  	-0.005491 
5869.798562  	-0.003039 
5871.230220  	-0.003048 
5872.661878  	-0.005617 
5874.093537  	-0.006688 
5875.525195  	-0.006050 
5876.956853  	-0.002933 
5878.388511  	-0.000133 
5879.820169  	-0.002036 
5881.251828  	-0.004132 
5882.683486  	-0.002581 
5884.115144  	-0.000515 
5885.546802  	-0.000003 
5886.978460  	-0.002294 
5888.410119  	-0.005372 
5889.841777  	-0.004784 
5891.273435  	-0.002563 
5892.705093  	-0.001689 
5894.136751  	-0.001499 
5895.568409  	-0.002564 
5897.000068  	-0.003760 
5898.431726  	-0.002894 
5899.863384  	-0.001607 
5901.295042  	-0.001587 
5902.726700  	-0.002810 
5904.158359  	-0.003675 
5905.590017  	-0.003003 
5907.021675  	-0.003193 
5908.453333  	-0.004310 
5909.884991  	-0.002983 
5911.316650  	-0.001774 
5912.748308  	-0.003603 
5914.179966  	-0.003087 
5915.611624  	0.000415 
5917.043282  	-0.000125 
5918.474940  	-0.003224 
5919.906599  	-0.003474 
5921.338257  	-0.002132 
5922.769915  	-0.000012 
5924.201573  	-0.000039 
5925.633231  	-0.006073 
5927.064890  	-0.009063 
5928.496548  	-0.004261 
5929.928206  	-0.002598 
5931.359864  	-0.004606 
5932.791522  	-0.003592 
5934.223180  	-0.004675 
5935.654839  	-0.008612 
5937.086497  	-0.008468 
5938.518155  	-0.005048 
5939.949813  	-0.002505 
5941.381471  	-0.002054 
5942.813130  	-0.002901 
5944.244788  	-0.003065 
5945.676446  	-0.002429 
5947.108104  	-0.001596 
5948.539762  	-0.000714 
5949.971421  	-0.001032 
5951.403079  	-0.002504 
5952.834737  	-0.003824 
5954.266395  	-0.004030 
5955.698053  	-0.002576 
5957.129711  	-0.001121 
5958.561370  	-0.001184 
5959.993028  	-0.002600 
5961.424686  	-0.005132 
5962.856344  	-0.006586 
5964.288002  	-0.005388 
5965.719661  	-0.003017 
5967.151319  	-0.000950 
5968.582977  	-0.001861 
5970.014635  	-0.005691 
5971.446293  	-0.006483 
5972.877951  	-0.004656 
5974.309610  	-0.004754 
5975.741268  	-0.004168 
5977.172926  	-0.002498 
5978.604584  	-0.002183 
5980.036242  	-0.000822 
5981.467901  	-0.000769 
5982.899559  	-0.004596 
5984.331217  	-0.006151 
5985.762875  	-0.004493 
5987.194533  	-0.003495 
5988.626192  	-0.002054 
5990.057850  	-0.001947 
5991.489508  	-0.004639 
5992.921166  	-0.005725 
5994.352824  	-0.004555 
5995.784482  	-0.003748 
5997.216141  	-0.004531 
5998.647799  	-0.005787 
6000.079457  	-0.004587 
6001.511115  	-0.003208 
6002.942773  	-0.003704 
6004.374432  	-0.002680 
6005.806090  	-0.001834 
6007.237748  	-0.002059 
6008.669406  	-0.000221 
6010.101064  	-0.001020 
6011.532723  	-0.005137 
6012.964381  	-0.005603 
6014.396039  	-0.004208 
6015.827697  	-0.004909 
6017.259355  	-0.006556 
6018.691013  	-0.007121 
6020.122672  	-0.004603 
6021.554330  	-0.003173 
6022.985988  	-0.005358 
6024.417646  	-0.005032 
6025.849304  	-0.002677 
6027.280963  	-0.002228 
6028.712621  	-0.002258 
6030.144279  	-0.002792 
6031.575937  	-0.002281 
6033.007595  	-0.000721 
6034.439253  	-0.002565 
6035.870912  	-0.004060 
6037.302570  	-0.001799 
6038.734228  	-0.001584 
6040.165886  	-0.004098 
6041.597544  	-0.005486 
6043.029203  	-0.005454 
6044.460861  	-0.006168 
6045.892519  	-0.008685 
6047.324177  	-0.008292 
6048.755835  	-0.004206 
6050.187494  	-0.002583 
6051.619152  	-0.002371 
6053.050810  	-0.000898 
6054.482468  	-0.001250 
6055.914126  	-0.002601 
6057.345784  	-0.003582 
6058.777443  	-0.003983 
6060.209101  	-0.001808 
6061.640759  	-0.001107 
6063.072417  	-0.004183 
6064.504075  	-0.005388 
6065.935734  	-0.004818 
6067.367392  	-0.005433 
6068.799050  	-0.005333 
6070.230708  	-0.004334 
6071.662366  	-0.002541 
6073.094025  	-0.000303 
6074.525683  	-0.001606 
6075.957341  	-0.005001 
6077.388999  	-0.005719 
6078.820657  	-0.005684 
6080.252315  	-0.005815 
6081.683974  	-0.004700 
6083.115632  	-0.005074 
6084.547290  	-0.005156 
6085.978948  	-0.000568 
6087.410606  	0.003064 
6088.842265  	0.000184 
6090.273923  	-0.004194 
6091.705581  	-0.005186 
6093.137239  	-0.005120 
6094.568897  	-0.006259 
6096.000555  	-0.005387 
6097.432214  	-0.001776 
6098.863872  	-0.002277 
6100.295530  	-0.006700 
6101.727188  	-0.007920 
6103.158846  	-0.007818 
6104.590505  	-0.008398 
6106.022163  	-0.005292 
6107.453821  	-0.001757 
6108.885479  	-0.002681 
6110.317137  	-0.004048 
6111.748796  	-0.004123 
6113.180454  	-0.005728 
6114.612112  	-0.006732 
6116.043770  	-0.003700 
6117.475428  	-0.000831 
6118.907086  	-0.003632 
6120.338745  	-0.006391 
6121.770403  	-0.002350 
6123.202061  	0.000878 
6124.633719  	-0.002959 
6126.065377  	-0.005455 
6127.497036  	-0.002292 
6128.928694  	-0.000843 
6130.360352  	-0.002778 
6131.792010  	-0.003139 
6133.223668  	-0.002978 
6134.655327  	-0.004562 
6136.086985  	-0.005263 
6137.518643  	-0.005227 
6138.950301  	-0.006748 
6140.381959  	-0.008282 
6141.813617  	-0.008240 
6143.245276  	-0.006124 
6144.676934  	-0.002760 
6146.108592  	-0.002281 
6147.540250  	-0.004624 
6148.971908  	-0.005667 
6150.403567  	-0.006758 
6151.835225  	-0.008551 
6153.266883  	-0.007546 
6154.698541  	-0.006103 
6156.130199  	-0.007032 
6157.561857  	-0.005769 
6158.993516  	-0.003026 
6160.425174  	-0.004962 
6161.856832  	-0.007979 
6163.288490  	-0.006421 
6164.720148  	-0.004085 
6166.151807  	-0.003520 
6167.583465  	-0.002756 
6169.015123  	-0.002764 
6170.446781  	-0.004335 
6171.878439  	-0.005090 
6173.310098  	-0.004948 
6174.741756  	-0.006148 
6176.173414  	-0.007890 
6177.605072  	-0.007948 
6179.036730  	-0.007073 
6180.468388  	-0.006283 
6181.900047  	-0.004898 
6183.331705  	-0.003492 
6184.763363  	-0.002493 
6186.195021  	-0.001406 
6187.626679  	-0.000774 
6189.058338  	-0.001305 
6190.489996  	-0.003689 
6191.921654  	-0.006905 
6193.353312  	-0.007122 
6194.784970  	-0.004626 
6196.216628  	-0.003492 
6197.648287  	-0.004148 
6199.079945  	-0.004352 
6200.511603  	-0.003011 
6201.943261  	-0.001592 
6203.374919  	-0.002335 
6204.806578  	-0.004882 
6206.238236  	-0.007165 
6207.669894  	-0.006996 
6209.101552  	-0.004116 
6210.533210  	-0.002295 
6211.964869  	-0.004434 
6213.396527  	-0.008452 
6214.828185  	-0.008747 
6216.259843  	-0.003096 
6217.691501  	0.000519 
6219.123159  	-0.002103 
6220.554818  	-0.002982 
6221.986476  	-0.000227 
6223.418134  	0.000818 
6224.849792  	-0.001151 
6226.281450  	-0.005731 
6227.713109  	-0.008448 
6229.144767  	-0.005061 
6230.576425  	-0.001591 
6232.008083  	-0.003401 
6233.439741  	-0.007259 
6234.871400  	-0.007197 
6236.303058  	-0.003340 
6237.734716  	-0.004678 
6239.166374  	-0.010015 
6240.598032  	-0.009248 
6242.029690  	-0.007294 
6243.461349  	-0.007761 
6244.893007  	-0.003229 
6246.324665  	0.000187 
6247.756323  	-0.004666 
6249.187981  	-0.009064 
6250.619640  	-0.008890 
6252.051298  	-0.006823 
6253.482956  	-0.003194 
6254.914614  	-0.000942 
6256.346272  	-0.000783 
6257.777930  	0.000379 
6259.209589  	-0.000004 
6260.641247  	-0.004271 
6262.072905  	-0.006431 
6263.504563  	-0.002885 
6264.936221  	0.000685 
6266.367880  	-0.000152 
6267.799538  	-0.002583 
6269.231196  	-0.002467 
6270.662854  	-0.000859 
6272.094512  	-0.002255 
6273.526171  	-0.006576 
6274.957829  	-0.008393 
6276.389487  	-0.006559 
6277.821145  	-0.005477 
6279.252803  	-0.006465 
6280.684461  	-0.005693 
6282.116120  	-0.002439 
6283.547778  	-0.001484 
6284.979436  	-0.002304 
6286.411094  	-0.001579 
6287.842752  	-0.002332 
6289.274411  	-0.003562 
6290.706069  	-0.000649 
6292.137727  	0.001666 
6293.569385  	-0.000631 
6295.001043  	-0.003282 
6296.432702  	-0.004179 
6297.864360  	-0.005040 
6299.296018  	-0.006431 
6300.727676  	-0.007326 
6302.159334  	-0.006714 
6303.590992  	-0.005172 
6305.022651  	-0.004373 
6306.454309  	-0.005710 
6307.885967  	-0.006199 
6309.317625  	-0.002808 
6310.749283  	-0.002064 
6312.180942  	-0.005825 
6313.612600  	-0.006954 
6315.044258  	-0.006533 
6316.475916  	-0.005644 
6317.907574  	-0.001165 
6319.339232  	0.000361 
6320.770891  	-0.003593 
6322.202549  	-0.005511 
6323.634207  	-0.004323 
6325.065865  	-0.002617 
6326.497523  	-0.002225 
6327.929182  	-0.004283 
6329.360840  	-0.005194 
6330.792498  	-0.003070 
6332.224156  	-0.001088 
6333.655814  	-0.001441 
6335.087473  	-0.001568 
6336.519131  	0.001002 
6337.950789  	0.000212 
6339.382447  	-0.005448 
6340.814105  	-0.005968 
6342.245763  	-0.002083 
6343.677422  	-0.001853 
6345.109080  	-0.002834 
6346.540738  	-0.003592 
6347.972396  	-0.004783 
6349.404054  	-0.003777 
6350.835713  	-0.003282 
6352.267371  	-0.005656 
6353.699029  	-0.007475 
6355.130687  	-0.006813 
6356.562345  	-0.003614 
6357.994003  	-0.000714 
6359.425662  	-0.002168 
6360.857320  	-0.005621 
6362.288978  	-0.006875 
6363.720636  	-0.006922 
6365.152294  	-0.007144 
6366.583953  	-0.005283 
6368.015611  	-0.002036 
6369.447269  	-0.001847 
6370.878927  	-0.002513 
6372.310585  	-0.000235 
6373.742244  	0.001140 
6375.173902  	-0.000397 
6376.605560  	-0.002170 
6378.037218  	-0.003560 
6379.468876  	-0.003544 
6380.900534  	-0.002753 
6382.332193  	-0.003808 
6383.763851  	-0.005230 
6385.195509  	-0.004400 
6386.627167  	-0.003006 
6388.058825  	-0.003415 
6389.490484  	-0.004453 
6390.922142  	-0.004586 
6392.353800  	-0.005326 
6393.785458  	-0.004809 
6395.217116  	-0.002093 
6396.648775  	-0.002472 
6398.080433  	-0.003484 
6399.512091  	-0.001310 
6400.943749  	-0.003801 
6402.375407  	-0.008461 
6403.807065  	-0.004758 
6405.238724  	-0.000611 
6406.670382  	-0.001888 
6408.102040  	-0.001818 
6409.533698  	-0.002903 
6410.965356  	-0.006163 
6412.397015  	-0.004314 
6413.828673  	-0.001055 
6415.260331  	-0.000742 
6416.691989  	0.001242 
6418.123647  	0.002355 
6419.555305  	-0.000874 
6420.986964  	-0.003592 
6422.418622  	-0.004080 
6423.850280  	-0.003664 
6425.281938  	-0.002075 
6426.713596  	0.000254 
6428.145255  	0.002540 
6429.576913  	0.001295 
6431.008571  	-0.004295 
6432.440229  	-0.009091 
6433.871887  	-0.009663 
6435.303546  	-0.007011 
6436.735204  	-0.005071 
6438.166862  	-0.005797 
6439.598520  	-0.004035 
6441.030178  	-0.002064 
6442.461836  	-0.006533 
6443.893495  	-0.009369 
6445.325153  	-0.005995 
6446.756811  	-0.004115 
6448.188469  	-0.004092 
6449.620127  	-0.005009 
6451.051786  	-0.005736 
6452.483444  	-0.003295 
6453.915102  	-0.005376 
6455.346760  	-0.011491 
6456.778418  	-0.010238 
6458.210077  	-0.007720 
6459.641735  	-0.008617 
6461.073393  	-0.004646 
6462.505051  	-0.001773 
6463.936709  	-0.005667 
6465.368367  	-0.006781 
6466.800026  	-0.004804 
6468.231684  	-0.004927 
6469.663342  	-0.003774 
6471.095000  	-0.001293 
6472.526658  	-0.001576 
6473.958317  	-0.003637 
6475.389975  	-0.005659 
6476.821633  	-0.006283 
6478.253291  	-0.003920 
6479.684949  	-0.000972 
6481.116607  	-0.001117 
6482.548266  	-0.002860 
6483.979924  	-0.002539 
6485.411582  	-0.000494 
6486.843240  	-0.000561 
6488.274898  	0.000125 
6489.706557  	0.004229 
6491.138215  	0.001654 
6492.569873  	-0.005431 
6494.001531  	-0.002331 
6495.433189  	0.002875 
6496.864848  	0.000560 
6498.296506  	-0.000226 
6499.728164  	-0.002648 
6501.159822  	-0.008236 
6502.591480  	-0.005642 
6504.023138  	-0.001389 
6505.454797  	-0.003248 
6506.886455  	-0.005434 
6508.318113  	-0.006707 
6509.749771  	-0.004016 
6511.181429  	0.000016 
6512.613088  	-0.001899 
6514.044746  	-0.001319 
6515.476404  	0.002117 
6516.908062  	-0.000943 
6518.339720  	-0.003579 
6519.771379  	-0.004165 
6521.203037  	-0.008466 
6522.634695  	-0.009024 
6524.066353  	-0.005819 
6525.498011  	-0.006411 
6526.929669  	-0.007852 
6528.361328  	-0.007217 
6529.792986  	-0.005611 
6531.224644  	-0.003696 
6532.656302  	-0.003961 
6534.087960  	-0.007601 
6535.519619  	-0.010440 
6536.951277  	-0.009875 
6538.382935  	-0.007819 
6539.814593  	-0.004362 
6541.246251  	-0.000655 
6542.677909  	-0.000961 
6544.109568  	-0.001868 
6545.541226  	-0.000401 
6546.972884  	-0.001147 
6548.404542  	-0.004719 
6549.836200  	-0.009793 
6551.267859  	-0.012161 
6552.699517  	-0.004935 
6554.131175  	0.002086 
6555.562833  	0.000276 
6556.994491  	-0.002016 
6558.426150  	-0.003261 
6559.857808  	-0.005438 
6561.289466  	-0.005561 
6562.721124  	-0.006529 
6564.152782  	-0.006905 
6565.584440  	-0.004306 
6567.016099  	-0.003334 
6568.447757  	-0.002563 
6569.879415  	-0.001527 
6571.311073  	-0.002892 
6572.742731  	-0.003942 
6574.174390  	-0.005476 
6575.606048  	-0.005253 
6577.037706  	-0.000081 
6578.469364  	-0.000245 
6579.901022  	-0.005989 
6581.332680  	-0.004034 
6582.764339  	0.001099 
6584.195997  	-0.001071 
6585.627655  	-0.005890 
6587.059313  	-0.006259 
6588.490971  	-0.001356 
6589.922630  	0.002885 
6591.354288  	0.001341 
6592.785946  	-0.000606 
6594.217604  	0.001729 
6595.649262  	0.002915 
6597.080921  	0.002459 
6598.512579  	0.004649 
6599.944237  	0.003718 
6601.375895  	-0.003667 
6602.807553  	-0.007606 
6604.239211  	-0.004320 
6605.670870  	-0.002911 
6607.102528  	-0.005034 
6608.534186  	-0.003943 
6609.965844  	-0.000828 
6611.397502  	-0.002210 
6612.829161  	-0.005011 
6614.260819  	-0.004812 
6615.692477  	-0.004739 
6617.124135  	-0.004654 
6618.555793  	-0.003442 
6619.987452  	-0.005252 
6621.419110  	-0.007696 
6622.850768  	-0.007591 
6624.282426  	-0.005093 
6625.714084  	0.002086 
6627.145742  	0.006986 
6628.577401  	0.003912 
6630.009059  	0.001940 
6631.440717  	0.003542 
6632.872375  	0.003487 
6634.304033  	0.001732 
6635.735692  	-0.001043 
6637.167350  	-0.001050 
6638.599008  	0.001574 
6640.030666  	0.000674 
6641.462324  	-0.000782 
6642.893982  	-0.001717 
6644.325641  	-0.005811 
6645.757299  	-0.006396 
6647.188957  	-0.000524 
6648.620615  	0.005368 
6650.052273  	0.006441 
6651.483932  	0.001542 
6652.915590  	-0.003125 
6654.347248  	-0.002507 
6655.778906  	-0.001743 
6657.210564  	-0.002947 
6658.642223  	-0.003554 
6660.073881  	-0.001972 
6661.505539  	0.000105 
6662.937197  	-0.002342 
6664.368855  	-0.006622 
6665.800513  	-0.006351 
6667.232172  	-0.003495 
6668.663830  	-0.000947 
6670.095488  	-0.000105 
6671.527146  	0.000767 
6672.958804  	0.004033 
6674.390463  	0.003556 
6675.822121  	0.000484 
6677.253779  	0.002883 
6678.685437  	0.002963 
6680.117095  	-0.001894 
6681.548754  	-0.002877 
6682.980412  	-0.001879 
6684.412070  	-0.000411 
6685.843728  	0.001599 
6687.275386  	0.000185 
6688.707044  	0.002551 
6690.138703  	0.008583 
6691.570361  	0.003054 
6693.002019  	-0.007316 
6694.433677  	-0.007336 
6695.865335  	-0.002148 
6697.296994  	0.000845 
6698.728652  	0.001379 
6700.160310  	-0.000596 
6701.591968  	-0.002077 
6703.023626  	-0.001189 
6704.455284  	0.000322 
6705.886943  	0.001895 
6707.318601  	0.003998 
6708.750259  	0.006257 
6710.181917  	0.003961 
6711.613575  	-0.001363 
6713.045234  	0.000775 
6714.476892  	0.004946 
6715.908550  	-0.000115 
6717.340208  	-0.007202 
6718.771866  	-0.010186 
6720.203525  	-0.009152 
6721.635183  	-0.001760 
6723.066841  	0.003060 
6724.498499  	-0.001463 
6725.930157  	-0.006784 
6727.361815  	-0.007900 
6728.793474  	-0.003561 
6730.225132  	0.002600 
6731.656790  	0.000553 
6733.088448  	-0.003171 
6734.520106  	-0.000618 
6735.951765  	0.000073 
6737.383423  	-0.000376 
6738.815081  	0.001923 
6740.246739  	0.000505 
6741.678397  	-0.003516 
6743.110056  	-0.003879 
6744.541714  	-0.003247 
6745.973372  	-0.006666 
6747.405030  	-0.009786 
6748.836688  	-0.005812 
6750.268346  	-0.003137 
6751.700005  	-0.006083 
6753.131663  	-0.003848 
6754.563321  	-0.000461 
6755.994979  	-0.002431 
6757.426637  	0.000081 
6758.858296  	0.004135 
6760.289954  	0.001695 
6761.721612  	0.002084 
6763.153270  	0.007962 
6764.584928  	0.010064 
6766.016586  	0.006188 
6767.448245  	0.002034 
6768.879903  	0.000073 
6770.311561  	-0.000087 
6771.743219  	0.003742 
6773.174877  	0.008076 
6774.606536  	0.005619 
6776.038194  	-0.000131 
6777.469852  	-0.002636 
6778.901510  	-0.002197 
6780.333168  	-0.001699 
6781.764827  	-0.003126 
6783.196485  	-0.001285 
6784.628143  	0.001706 
6786.059801  	-0.003577 
6787.491459  	-0.006413 
6788.923117  	-0.000257 
6790.354776  	0.000922 
6791.786434  	-0.000119 
6793.218092  	0.001725 
6794.649750  	-0.002722 
6796.081408  	-0.006382 
6797.513067  	-0.001941 
6798.944725  	0.000571 
6800.376383  	0.000267 
6801.808041  	0.002605 
6803.239699  	0.002577 
6804.671357  	-0.002741 
6806.103016  	-0.005449 
6807.534674  	-0.001964 
6808.966332  	0.001766 
6810.397990  	0.003610 
6811.829648  	0.002594 
6813.261307  	-0.002084 
6814.692965  	-0.002035 
6816.124623  	0.002816 
6817.556281  	0.003059 
6818.987939  	0.001211 
6820.419598  	0.000626 
6821.851256  	-0.001600 
6823.282914  	-0.003639 
6824.714572  	-0.003834 
6826.146230  	-0.002377 
6827.577888  	-0.001175 
6829.009547  	-0.000517 
6830.441205  	0.003951 
6831.872863  	0.007839 
6833.304521  	0.005372 
6834.736179  	0.001498 
6836.167838  	-0.000007 
6837.599496  	0.002002 
6839.031154  	0.004243 
6840.462812  	0.001600 
6841.894470  	0.003296 
6843.326129  	0.009120 
6844.757787  	0.004296 
6846.189445  	-0.003506 
6847.621103  	-0.001788 
6849.052761  	0.000517 
6850.484419  	-0.001666 
6851.916078  	-0.002684 
6853.347736  	-0.001853 
6854.779394  	-0.002884 
6856.211052  	-0.004719 
6857.642710  	-0.004370 
6859.074369  	-0.004644 
6860.506027  	-0.003796 
6861.937685  	-0.000707 
6863.369343  	-0.002612 
6864.801001  	-0.003621 
6866.232659  	0.001634 
6867.664318  	0.001966 
6869.095976  	-0.000855 
6870.527634  	-0.001724 
6871.959292  	-0.003565 
6873.390950  	-0.003379 
6874.822609  	-0.004020 
6876.254267  	-0.006540 
6877.685925  	-0.001773 
6879.117583  	0.002878 
6880.549241  	0.001125 
6881.980900  	-0.000615 
6883.412558  	-0.003723 
6884.844216  	-0.005565 
6886.275874  	-0.003985 
6887.707532  	-0.006095 
6889.139190  	-0.003650 
6890.570849  	0.005445 
6892.002507  	0.002924 
6893.434165  	-0.006145 
6894.865823  	-0.001739 
6896.297481  	0.008243 
6897.729140  	0.008439 
6899.160798  	0.003489 
6900.592456  	0.001230 
6902.024114  	0.001251 
6903.455772  	0.000378 
6904.887431  	-0.001199 
6906.319089  	0.000134 
6907.750747  	0.002803 
6909.182405  	0.000084 
6910.614063  	-0.002502 
6912.045721  	0.003315 
6913.477380  	0.008351 
6914.909038  	0.003936 
6916.340696  	-0.004306 
6917.772354  	-0.004998 
6919.204012  	0.003266 
6920.635671  	0.006340 
6922.067329  	0.002518 
6923.498987  	0.004373 
6924.930645  	0.007200 
6926.362303  	0.005341 
6927.793961  	0.004947 
6929.225620  	0.002074 
6930.657278  	-0.004378 
6932.088936  	-0.008048 
6933.520594  	-0.008973 
6934.952252  	-0.005575 
6936.383911  	-0.001599 
6937.815569  	-0.003203 
6939.247227  	-0.004346 
6940.678885  	-0.003870 
6942.110543  	-0.006145 
6943.542202  	-0.008355 
6944.973860  	-0.008553 
6946.405518  	-0.006209 
6947.837176  	-0.003010 
6949.268834  	-0.002028 
6950.700492  	-0.000980 
6952.132151  	-0.000522 
6953.563809  	-0.002501 
6954.995467  	-0.003383 
6956.427125  	-0.002262 
6957.858783  	-0.001224 
6959.290442  	-0.000871 
6960.722100  	-0.002348 
6962.153758  	-0.004063 
6963.585416  	-0.005870 
6965.017074  	-0.007410 
6966.448732  	-0.007036 
6967.880391  	-0.008240 
6969.312049  	-0.009117 
6970.743707  	-0.006352 
6972.175365  	-0.004445 
6973.607023  	-0.003192 
6975.038682  	-0.000502 
6976.470340  	0.000141 
6977.901998  	-0.001731 
6979.333656  	-0.003806 
6980.765314  	-0.003047 
6982.196973  	0.000371 
6983.628631  	-0.000016 
6985.060289  	-0.002217 
6986.491947  	-0.001020 
6987.923605  	0.001444 
6989.355263  	0.006335 
6990.786922  	0.011719 
6992.218580  	0.009443 
6993.650238  	0.003765 
6995.081896  	0.001751 
6996.513554  	0.000854 
6997.945213  	0.001563 
6999.376871  	0.001737 
7000.808529  	-0.003742 
7002.240187  	-0.004037 
7003.671845  	0.003673 
7005.103504  	0.002471 
7006.535162  	-0.005079 
7007.966820  	-0.004922 
7009.398478  	-0.004384 
7010.830136  	-0.006273 
7012.261794  	-0.002898 
7013.693453  	-0.000029 
7015.125111  	-0.000349 
7016.556769  	-0.001360 
7017.988427  	-0.004379 
7019.420085  	-0.004287 
7020.851744  	-0.002368 
7022.283402  	-0.001170 
7023.715060  	0.004470 
7025.146718  	0.003609 
7026.578376  	-0.006542 
7028.010034  	-0.005345 
7029.441693  	0.002359 
7030.873351  	0.001283 
7032.305009  	-0.000793 
7033.736667  	-0.001170 
7035.168325  	-0.003998 
7036.599984  	-0.003412 
7038.031642  	0.000544 
7039.463300  	0.000733 
7040.894958  	-0.000236 
7042.326616  	0.004938 
7043.758275  	0.009564 
7045.189933  	0.005407 
7046.621591  	0.002407 
7048.053249  	0.005025 
7049.484907  	0.003552 
7050.916565  	-0.002525 
7052.348224  	-0.007319 
7053.779882  	-0.006439 
7055.211540  	-0.001434 
7056.643198  	-0.002349 
7058.074856  	-0.004537 
7059.506515  	0.000959 
7060.938173  	0.003957 
7062.369831  	-0.000951 
7063.801489  	-0.004732 
7065.233147  	-0.002254 
7066.664806  	0.001662 
7068.096464  	0.000674 
7069.528122  	0.000288 
7070.959780  	0.002475 
7072.391438  	-0.000454 
7073.823096  	-0.002445 
7075.254755  	0.000490 
7076.686413  	0.000221 
7078.118071  	-0.000921 
7079.549729  	-0.002731 
7080.981387  	-0.007310 
7082.413046  	-0.007371 
7083.844704  	-0.003271 
7085.276362  	-0.001350 
7086.708020  	-0.002572 
7088.139678  	-0.004285 
7089.571336  	-0.000940 
7091.002995  	0.001878 
7092.434653  	0.000624 
7093.866311  	0.004753 
7095.297969  	0.006895 
7096.729627  	-0.000597 
7098.161286  	-0.002487 
7099.592944  	0.000150 
7101.024602  	-0.000285 
7102.456260  	0.001488 
7103.887918  	0.000491 
7105.319577  	-0.006286 
7106.751235  	-0.005819 
7108.182893  	0.006002 
7109.614551  	0.013299 
7111.046209  	0.007018 
7112.477867  	-0.000519 
7113.909526  	0.000862 
7115.341184  	0.002336 
7116.772842  	0.004312 
7118.204500  	0.007972 
7119.636158  	0.001763 
7121.067817  	-0.006107 
7122.499475  	-0.006336 
7123.931133  	-0.004759 
7125.362791  	0.000968 
7126.794449  	0.006338 
7128.226108  	0.003592 
7129.657766  	0.004253 
7131.089424  	0.004911 
7132.521082  	-0.003888 
7133.952740  	-0.003960 
7135.384398  	0.004273 
7136.816057  	0.000785 
7138.247715  	-0.005878 
7139.679373  	-0.007172 
7141.111031  	-0.009758 
7142.542689  	-0.008119 
7143.974348  	-0.002231 
7145.406006  	-0.002061 
7146.837664  	-0.002231 
7148.269322  	0.001376 
7149.700980  	0.002426 
7151.132638  	0.001331 
7152.564297  	-0.000302 
7153.995955  	-0.003284 
7155.427613  	-0.005774 
7156.859271  	-0.003481 
7158.290929  	0.004091 
7159.722588  	0.003631 
7161.154246  	-0.008616 
7162.585904  	-0.011505 
7164.017562  	0.000258 
7165.449220  	0.008967 
7166.880879  	0.008731 
7168.312537  	0.004458 
7169.744195  	0.002056 
7171.175853  	0.001329 
7172.607511  	-0.000599 
7174.039169  	0.000403 
7175.470828  	0.003961 
7176.902486  	0.002893 
7178.334144  	0.000257 
7179.765802  	0.000459 
7181.197460  	0.001415 
7182.629119  	0.002808 
7184.060777  	0.002028 
7185.492435  	0.000320 
7186.924093  	-0.001004 
7188.355751  	-0.002598 
7189.787409  	-0.001934 
7191.219068  	-0.002140 
7192.650726  	-0.006687 
7194.082384  	-0.008843 
7195.514042  	-0.005303 
7196.945700  	0.002999 
7198.377359  	0.006577 
7199.809017  	-0.000517 
7201.240675  	-0.000299 
7202.672333  	0.008743 
7204.103991  	0.007036 
7205.535650  	0.005921 
7206.967308  	0.011697 
7208.398966  	0.005907 
7209.830624  	-0.000672 
7211.262282  	0.004881 
7212.693940  	0.010644 
7214.125599  	0.010804 
7215.557257  	0.007692 
7216.988915  	0.006968 
7218.420573  	0.010419 
7219.852231  	0.012921 
7221.283890  	0.016408 
7222.715548  	0.013772 
7224.147206  	0.000337 
7225.578864  	-0.004612 
7227.010522  	-0.001436 
7228.442181  	-0.003333 
7229.873839  	-0.000035 
7231.305497  	0.002236 
7232.737155  	-0.004970 
7234.168813  	-0.003112 
7235.600471  	0.003987 
7237.032130  	0.003381 
7238.463788  	0.003799 
7239.895446  	0.006304 
7241.327104  	0.005955 
7242.758762  	0.003268 
7244.190421  	0.000053 
7245.622079  	-0.001449 
7247.053737  	-0.003804 
7248.485395  	-0.003785 
7249.917053  	-0.000113 
7251.348711  	-0.001195 
7252.780370  	-0.002584 
7254.212028  	0.000879 
7255.643686  	-0.002497 
7257.075344  	-0.007937 
7258.507002  	-0.004628 
7259.938661  	-0.002164 
7261.370319  	-0.003273 
7262.801977  	0.001942 
7264.233635  	0.009791 
7265.665293  	0.010671 
7267.096952  	0.005977 
7268.528610  	0.000115 
7269.960268  	-0.003970 
7271.391926  	-0.003078 
7272.823584  	-0.005584 
7274.255242  	-0.015413 
7275.686901  	-0.011281 
7277.118559  	0.003261 
7278.550217  	-0.000591 
7279.981875  	-0.009518 
7281.413533  	-0.004376 
7282.845192  	-0.000442 
7284.276850  	-0.000425 
7285.708508  	-0.000575 
7287.140166  	-0.005689 
7288.571824  	-0.010350 
7290.003483  	-0.009122 
7291.435141  	-0.003278 
7292.866799  	-0.000572 
7294.298457  	-0.007971 
7295.730115  	-0.007501 
7297.161773  	0.003789 
7298.593432  	0.004863 
7300.025090  	0.001433 
7301.456748  	-0.005706 
7302.888406  	-0.015472 
7304.320064  	-0.006734 
7305.751723  	0.007377 
7307.183381  	0.004843 
7308.615039  	0.000785 
7310.046697  	-0.000915 
7311.478355  	-0.000578 
7312.910013  	0.006918 
7314.341672  	0.000962 
7315.773330  	-0.012254 
7317.204988  	-0.009986 
7318.636646  	-0.004569 
7320.068304  	-0.000637 
7321.499963  	0.006351 
7322.931621  	0.001088 
7324.363279  	-0.007750 
7325.794937  	-0.000848 
7327.226595  	0.006939 
7328.658254  	0.003891 
7330.089912  	0.002725 
7331.521570  	0.004058 
7332.953228  	0.000581 
7334.384886  	0.002178 
7335.816544  	0.008303 
7337.248203  	0.005088 
7338.679861  	0.002898 
7340.111519  	0.010623 
7341.543177  	0.007595 
7342.974835  	-0.003658 
7344.406494  	-0.004249 
7345.838152  	-0.006600 
7347.269810  	-0.013933 
7348.701468  	-0.006759 
7350.133126  	0.009116 
7351.564785  	0.009987 
7352.996443  	0.000644 
7354.428101  	-0.005036 
7355.859759  	-0.005748 
7357.291417  	0.003310 
7358.723075  	0.013671 
7360.154734  	0.008860 
7361.586392  	0.000201 
7363.018050  	-0.002081 
7364.449708  	-0.001124 
7365.881366  	0.006442 
7367.313025  	0.008732 
7368.744683  	0.001735 
7370.176341  	0.007317 
7371.607999  	0.011432 
7373.039657  	0.000201 
7374.471315  	-0.003480 
7375.902974  	-0.003147 
7377.334632  	-0.009272 
7378.766290  	-0.005819 
7380.197948  	0.000710 
7381.629606  	0.000285 
7383.061265  	-0.003286 
7384.492923  	-0.006168 
7385.924581  	-0.001009 
7387.356239  	0.002657 
7388.787897  	-0.003231 
7390.219556  	-0.003184 
7391.651214  	-0.000689 
7393.082872  	-0.002018 
7394.514530  	0.002092 
7395.946188  	0.003951 
7397.377846  	0.000034 
7398.809505  	0.000330 
7400.241163  	0.001435 
7401.672821  	0.000829 
7403.104479  	0.001941 
7404.536137  	0.006617 
7405.967796  	0.011831 
7407.399454  	0.009223 
7408.831112  	0.003129 
7410.262770  	-0.004358 
7411.694428  	-0.013284 
7413.126086  	-0.007947 
7414.557745  	0.005154 
7415.989403  	0.001285 
7417.421061  	-0.004321 
7418.852719  	0.001648 
7420.284377  	0.005633 
7421.716036  	0.002728 
7423.147694  	-0.002013 
7424.579352  	-0.005608 
7426.011010  	-0.004682 
7427.442668  	-0.000448 
7428.874327  	0.004509 
7430.305985  	0.004611 
7431.737643  	0.004691 
7433.169301  	0.006967 
7434.600959  	-0.003666 
7436.032617  	-0.014434 
7437.464276  	-0.005999 
7438.895934  	-0.001269 
7440.327592  	-0.005493 
7441.759250  	-0.001600 
7443.190908  	0.001320 
7444.622567  	0.004620 
7446.054225  	0.013929 
7447.485883  	0.010552 
7448.917541  	-0.000915 
7450.349199  	0.001369 
7451.780858  	0.012947 
7453.212516  	0.015514 
7454.644174  	0.007731 
7456.075832  	0.003758 
7457.507490  	0.005414 
7458.939148  	0.002603 
7460.370807  	0.003692 
7461.802465  	0.008545 
7463.234123  	0.001809 
7464.665781  	-0.000050 
7466.097439  	0.013827 
7467.529098  	0.015216 
7468.960756  	0.003630 
7470.392414  	-0.002402 
7471.824072  	-0.009703 
7473.255730  	-0.016517 
7474.687388  	-0.006266 
7476.119047  	0.007215 
7477.550705  	0.002943 
7478.982363  	-0.005591 
7480.414021  	-0.001300 
7481.845679  	0.006093 
7483.277338  	0.009541 
7484.708996  	0.014633 
7486.140654  	0.011196 
7487.572312  	-0.003519 
7489.003970  	-0.007280 
7490.435629  	0.002377 
7491.867287  	0.011084 
7493.298945  	0.015156 
7494.730603  	0.007288 
7496.162261  	-0.006555 
7497.593919  	-0.009628 
7499.025578  	-0.010955 
7500.457236  	-0.012843 
7501.888894  	-0.010063 
7503.320552  	-0.013337 
7504.752210  	-0.016230 
7506.183869  	-0.007238 
7507.615527  	0.001575 
7509.047185  	0.007631 
7510.478843  	0.013485 
7511.910501  	0.018808 
7513.342160  	0.019360 
7514.773818  	0.004110 
7516.205476  	-0.004513 
7517.637134  	0.009585 
7519.068792  	0.012640 
7520.500450  	0.002198 
7521.932109  	0.003460 
7523.363767  	0.002363 
7524.795425  	-0.001630 
7526.227083  	-0.003675 
7527.658741  	-0.009947 
7529.090400  	-0.003582 
7530.522058  	0.008544 
7531.953716  	0.007839 
7533.385374  	0.005712 
7534.817032  	-0.002198 
7536.248690  	-0.008804 
7537.680349  	0.002636 
7539.112007  	-0.000709 
7540.543665  	-0.021019 
7541.975323  	-0.021649 
7543.406981  	-0.017269 
7544.838640  	-0.019960 
7546.270298  	-0.017426 
7547.701956  	-0.014306 
7549.133614  	-0.002341 
7550.565272  	0.015696 
7551.996931  	0.015885 
7553.428589  	0.011177 
7554.860247  	0.012815 
7556.291905  	0.004502 
7557.723563  	-0.006761 
7559.155221  	-0.006079 
7560.586880  	-0.005616 
7562.018538  	-0.012602 
7563.450196  	-0.012952 
7564.881854  	-0.001797 
7566.313512  	0.001010 
7567.745171  	-0.008138 
7569.176829  	-0.010189 
7570.608487  	-0.008174 
7572.040145  	-0.013304 
7573.471803  	-0.009379 
7574.903461  	0.001328 
7576.335120  	-0.005175 
7577.766778  	-0.015869 
7579.198436  	-0.011253 
7580.630094  	-0.006000 
7582.061752  	-0.001307 
7583.493411  	0.007965 
7584.925069  	0.001729 
7586.356727  	-0.006539 
7587.788385  	0.009347 
7589.220043  	0.013583 
7590.651702  	-0.006375 
7592.083360  	-0.009859 
7593.515018  	-0.002174 
7594.946676  	-0.001575 
7596.378334  	0.006770 
7597.809992  	0.012325 
7599.241651  	0.004357 
7600.673309  	0.000324 
7602.104967  	0.001292 
7603.536625  	-0.003478 
7604.968283  	-0.013410 
7606.399942  	-0.023784 
7607.831600  	-0.026104 
7609.263258  	-0.017660 
7610.694916  	-0.003024 
7612.126574  	0.012044 
7613.558233  	0.011601 
7614.989891  	0.002090 
7616.421549  	0.006029 
7617.853207  	0.007446 
7619.284865  	-0.007519 
7620.716523  	-0.010727 
7622.148182  	0.002677 
7623.579840  	0.010139 
7625.011498  	0.007635 
7626.443156  	-0.003027 
7627.874814  	-0.014382 
7629.306473  	-0.004700 
7630.738131  	0.010988 
7632.169789  	0.010358 
7633.601447  	0.005014 
7635.033105  	0.003775 
7636.464763  	0.003938 
7637.896422  	0.007556 
7639.328080  	0.001237 
7640.759738  	-0.012207 
7642.191396  	-0.009815 
7643.623054  	-0.007765 
7645.054713  	-0.015872 
7646.486371  	-0.011760 
7647.918029  	0.000022 
7649.349687  	0.008695 
7650.781345  	0.016907 
7652.213004  	0.020875 
7653.644662  	0.020860 
7655.076320  	0.018368 
7656.507978  	0.013209 
7657.939636  	0.013280 
7659.371294  	0.011311 
7660.802953  	0.003079 
7662.234611  	-0.000284 
7663.666269  	-0.000461 
7665.097927  	-0.003314 
7666.529585  	-0.009442 
7667.961244  	-0.018537 
7669.392902  	-0.016372 
7670.824560  	0.005629 
7672.256218  	0.019579 
7673.687876  	0.012030 
7675.119535  	0.001614 
7676.551193  	0.000168 
7677.982851  	0.002825 
7679.414509  	0.003661 
7680.846167  	0.005242 
7682.277825  	0.006741 
7683.709484  	0.011374 
7685.141142  	0.012281 
7686.572800  	-0.000292 
7688.004458  	-0.008120 
7689.436116  	-0.000422 
7690.867775  	-0.003640 
7692.299433  	-0.012510 
7693.731091  	-0.006525 
7695.162749  	-0.000793 
7696.594407  	-0.002481 
7698.026065  	-0.002735 
7699.457724  	0.000507 
7700.889382  	0.002306 
7702.321040  	-0.008813 
7703.752698  	-0.019121 
7705.184356  	-0.008540 
7706.616015  	0.000080 
7708.047673  	-0.005534 
7709.479331  	-0.004710 
7710.910989  	0.002726 
7712.342647  	0.006165 
7713.774306  	0.000985 
7715.205964  	-0.006436 
7716.637622  	-0.003049 
7718.069280  	-0.000278 
7719.500938  	-0.002310 
7720.932596  	-0.006577 
7722.364255  	-0.010764 
7723.795913  	-0.005591 
7725.227571  	-0.004709 
7726.659229  	-0.010901 
7728.090887  	0.005355 
7729.522546  	0.017844 
7730.954204  	-0.003518 
7732.385862  	-0.014722 
7733.817520  	-0.006863 
7735.249178  	0.001284 
7736.680837  	0.007461 
7738.112495  	-0.000880 
7739.544153  	-0.010546 
7740.975811  	-0.002968 
7742.407469  	0.001401 
7743.839127  	0.004486 
7745.270786  	0.013273 
7746.702444  	0.012812 
7748.134102  	0.009457 
7749.565760  	-0.001514 
7750.997418  	-0.011760 
7752.429077  	0.003950 
7753.860735  	0.013204 
7755.292393  	0.005071 
7756.724051  	0.010441 
7758.155709  	0.008588 
7759.587367  	-0.011559 
7761.019026  	-0.018833 
7762.450684  	-0.019740 
7763.882342  	-0.017193 
7765.314000  	-0.002329 
7766.745658  	-0.006177 
7768.177317  	-0.022895 
7769.608975  	-0.005930 
7771.040633  	0.023976 
7772.472291  	0.021086 
7773.903949  	0.001645 
7775.335608  	-0.001681 
7776.767266  	0.001381 
7778.198924  	0.000672 
7779.630582  	-0.002524 
7781.062240  	-0.014151 
7782.493898  	-0.022113 
7783.925557  	-0.010222 
7785.357215  	0.013543 
7786.788873  	0.034079 
7788.220531  	0.034272 
7789.652189  	0.013260 
7791.083848  	-0.002620 
7792.515506  	-0.002270 
7793.947164  	0.000710 
7795.378822  	-0.009591 
7796.810480  	-0.022711 
7798.242138  	-0.015737 
7799.673797  	-0.003801 
7801.105455  	-0.010684 
7802.537113  	-0.017726 
7803.968771  	-0.008010 
7805.400429  	0.011404 
7806.832088  	0.029703 
7808.263746  	0.037898 
7809.695404  	0.020715 
7811.127062  	-0.001754 
7812.558720  	0.001414 
7813.990379  	0.011042 
7815.422037  	0.000188 
7816.853695  	-0.009553 
7818.285353  	-0.003209 
7819.717011  	-0.004790 
7821.148669  	-0.007135 
7822.580328  	0.011436 
7824.011986  	0.026431 
7825.443644  	0.010061 
7826.875302  	-0.010973 
7828.306960  	-0.009224 
7829.738619  	-0.007413 
7831.170277  	-0.015792 
7832.601935  	-0.008568 
7834.033593  	-0.002530 
7835.465251  	-0.016622 
7836.896910  	-0.014253 
7838.328568  	-0.002536 
7839.760226  	-0.007988 
7841.191884  	-0.005700 
7842.623542  	-0.008768 
7844.055200  	-0.027231 
7845.486859  	-0.013126 
7846.918517  	0.005347 
7848.350175  	-0.006576 
7849.781833  	0.003818 
7851.213491  	0.022060 
7852.645150  	0.011133 
7854.076808  	0.011486 
7855.508466  	0.016424 
7856.940124  	0.005587 
7858.371782  	0.006210 
7859.803440  	0.000040 
7861.235099  	-0.025205 
7862.666757  	-0.026695 
7864.098415  	-0.009780 
7865.530073  	0.002634 
7866.961731  	0.013798 
7868.393390  	0.014796 
7869.825048  	0.014453 
7871.256706  	0.018057 
7872.688364  	0.005922 
7874.120022  	-0.008001 
7875.551681  	-0.006514 
7876.983339  	-0.002458 
7878.414997  	0.001346 
7879.846655  	0.012396 
7881.278313  	0.024923 
7882.709971  	0.025297 
7884.141630  	0.016745 
7885.573288  	0.006562 
7887.004946  	-0.007926 
7888.436604  	-0.014629 
7889.868262  	-0.004427 
7891.299921  	0.008198 
7892.731579  	0.012999 
7894.163237  	0.005998 
7895.594895  	-0.017481 
7897.026553  	-0.030697 
7898.458212  	-0.017119 
7899.889870  	-0.002102 