##TITLE=No Description
##DATA TYPE=INFRARED SPECTRUM
##XUNITS=1/CM
##YUNITS=Abs
349.324597  	-0.018233 
350.756256  	0.058918 
352.187914  	-0.115709 
353.619572  	-0.302613 
355.051230  	-0.215429 
356.482888  	-0.074562 
357.914546  	-0.028264 
359.346205  	-0.064433 
360.777863  	-0.120328 
362.209521  	-0.120473 
363.641179  	0.008322 
365.072837  	0.078110 
366.504496  	0.041692 
367.936154  	0.040348 
369.367812  	0.092112 
370.799470  	0.084653 
372.231128  	0.015870 
373.662787  	-0.017282 
375.094445  	0.053145 
376.526103  	0.103565 
377.957761  	0.068111 
379.389419  	0.028943 
380.821077  	0.008795 
382.252736  	-0.004853 
383.684394  	0.010670 
385.116052  	0.074667 
386.547710  	0.107770 
387.979368  	0.095574 
389.411027  	0.067750 
390.842685  	0.052667 
392.274343  	0.065686 
393.706001  	0.064561 
395.137659  	0.047631 
396.569317  	0.054784 
398.000976  	0.061603 
399.432634  	0.065505 
400.864292  	0.073209 
402.295950  	0.052895 
403.727608  	0.030994 
405.159267  	0.025682 
406.590925  	0.020530 
408.022583  	0.022497 
409.454241  	0.036041 
410.885899  	0.046275 
412.317558  	0.050683 
413.749216  	0.053727 
415.180874  	0.055591 
416.612532  	0.054674 
418.044190  	0.050635 
419.475848  	0.039580 
420.907507  	0.028417 
422.339165  	0.024830 
423.770823  	0.027413 
425.202481  	0.028158 
426.634139  	0.022692 
428.065798  	0.017526 
429.497456  	0.018031 
430.929114  	0.027878 
432.360772  	0.032622 
433.792430  	0.022560 
435.224089  	0.018861 
436.655747  	0.025396 
438.087405  	0.023886 
439.519063  	0.020441 
440.950721  	0.024250 
442.382379  	0.032609 
443.814038  	0.040827 
445.245696  	0.040306 
446.677354  	0.030042 
448.109012  	0.026975 
449.540670  	0.032514 
450.972329  	0.028793 
452.403987  	0.021849 
453.835645  	0.028434 
455.267303  	0.034873 
456.698961  	0.032493 
458.130619  	0.032033 
459.562278  	0.034077 
460.993936  	0.037238 
462.425594  	0.044305 
463.857252  	0.043613 
465.288910  	0.037661 
466.720569  	0.040318 
468.152227  	0.043077 
469.583885  	0.037114 
471.015543  	0.034071 
472.447201  	0.036733 
473.878860  	0.039876 
475.310518  	0.045259 
476.742176  	0.049650 
478.173834  	0.046253 
479.605492  	0.042680 
481.037150  	0.046879 
482.468809  	0.051620 
483.900467  	0.050829 
485.332125  	0.048326 
486.763783  	0.047890 
488.195441  	0.049665 
489.627100  	0.051983 
491.058758  	0.052744 
492.490416  	0.052788 
493.922074  	0.054388 
495.353732  	0.056469 
496.785391  	0.055799 
498.217049  	0.053323 
499.648707  	0.052311 
501.080365  	0.051363 
502.512023  	0.050016 
503.943681  	0.049070 
505.375340  	0.047923 
506.806998  	0.050080 
508.238656  	0.054584 
509.670314  	0.054188 
511.101972  	0.050720 
512.533631  	0.049972 
513.965289  	0.053023 
515.396947  	0.056856 
516.828605  	0.055994 
518.260263  	0.053258 
519.691921  	0.055705 
521.123580  	0.059899 
522.555238  	0.063183 
523.986896  	0.066074 
525.418554  	0.067401 
526.850212  	0.070382 
528.281871  	0.075525 
529.713529  	0.079742 
531.145187  	0.084057 
532.576845  	0.088068 
534.008503  	0.092049 
535.440162  	0.096433 
536.871820  	0.098389 
538.303478  	0.102095 
539.735136  	0.110993 
541.166794  	0.120059 
542.598452  	0.128413 
544.030111  	0.135718 
545.461769  	0.140822 
546.893427  	0.147817 
548.325085  	0.155549 
549.756743  	0.161667 
551.188402  	0.167385 
552.620060  	0.169301 
554.051718  	0.167461 
555.483376  	0.164233 
556.915034  	0.157920 
558.346692  	0.149256 
559.778351  	0.139685 
561.210009  	0.129713 
562.641667  	0.120224 
564.073325  	0.109203 
565.504983  	0.094976 
566.936642  	0.078301 
568.368300  	0.061136 
569.799958  	0.047686 
571.231616  	0.040865 
572.663274  	0.040838 
574.094933  	0.045160 
575.526591  	0.048199 
576.958249  	0.047247 
578.389907  	0.046505 
579.821565  	0.046457 
581.253223  	0.044562 
582.684882  	0.041545 
584.116540  	0.038097 
585.548198  	0.035694 
586.979856  	0.035669 
588.411514  	0.035757 
589.843173  	0.034889 
591.274831  	0.033100 
592.706489  	0.030529 
594.138147  	0.029372 
595.569805  	0.029013 
597.001464  	0.027511 
598.433122  	0.026600 
599.864780  	0.027162 
601.296438  	0.026948 
602.728096  	0.024923 
604.159754  	0.023492 
605.591413  	0.024604 
607.023071  	0.025233 
608.454729  	0.023510 
609.886387  	0.022566 
611.318045  	0.023059 
612.749704  	0.023431 
614.181362  	0.023998 
615.613020  	0.024253 
617.044678  	0.023386 
618.476336  	0.022162 
619.907994  	0.021780 
621.339653  	0.022846 
622.771311  	0.024189 
624.202969  	0.025044 
625.634627  	0.026392 
627.066285  	0.027984 
628.497944  	0.029487 
629.929602  	0.031594 
631.361260  	0.033559 
632.792918  	0.033983 
634.224576  	0.033187 
635.656235  	0.032275 
637.087893  	0.030955 
638.519551  	0.028687 
639.951209  	0.026462 
641.382867  	0.025176 
642.814525  	0.024391 
644.246184  	0.023976 
645.677842  	0.024217 
647.109500  	0.024852 
648.541158  	0.024848 
649.972816  	0.024148 
651.404475  	0.024691 
652.836133  	0.025696 
654.267791  	0.025313 
655.699449  	0.025736 
657.131107  	0.026803 
658.562766  	0.026288 
659.994424  	0.026649 
661.426082  	0.028132 
662.857740  	0.027914 
664.289398  	0.027583 
665.721056  	0.028910 
667.152715  	0.031174 
668.584373  	0.032059 
670.016031  	0.030494 
671.447689  	0.030356 
672.879347  	0.031286 
674.311006  	0.031983 
675.742664  	0.033016 
677.174322  	0.034383 
678.605980  	0.035204 
680.037638  	0.036466 
681.469296  	0.038521 
682.900955  	0.041229 
684.332613  	0.044901 
685.764271  	0.048143 
687.195929  	0.049756 
688.627587  	0.049779 
690.059246  	0.049298 
691.490904  	0.049685 
692.922562  	0.050221 
694.354220  	0.050682 
695.785878  	0.052404 
697.217537  	0.055574 
698.649195  	0.059438 
700.080853  	0.063471 
701.512511  	0.067601 
702.944169  	0.071519 
704.375827  	0.074361 
705.807486  	0.076297 
707.239144  	0.076594 
708.670802  	0.074414 
710.102460  	0.072011 
711.534118  	0.069861 
712.965777  	0.067502 
714.397435  	0.066031 
715.829093  	0.064024 
717.260751  	0.061612 
718.692409  	0.061151 
720.124067  	0.061425 
721.555726  	0.062021 
722.987384  	0.064073 
724.419042  	0.066234 
725.850700  	0.068164 
727.282358  	0.069675 
728.714017  	0.070004 
730.145675  	0.070656 
731.577333  	0.071316 
733.008991  	0.070473 
734.440649  	0.069393 
735.872308  	0.068669 
737.303966  	0.068289 
738.735624  	0.069052 
740.167282  	0.070313 
741.598940  	0.071654 
743.030598  	0.073769 
744.462257  	0.076760 
745.893915  	0.080471 
747.325573  	0.084430 
748.757231  	0.088599 
750.188889  	0.093600 
751.620548  	0.098831 
753.052206  	0.103407 
754.483864  	0.107399 
755.915522  	0.110685 
757.347180  	0.112718 
758.778839  	0.113607 
760.210497  	0.114019 
761.642155  	0.114279 
763.073813  	0.114992 
764.505471  	0.116006 
765.937129  	0.116053 
767.368788  	0.115341 
768.800446  	0.113651 
770.232104  	0.109456 
771.663762  	0.103440 
773.095420  	0.096695 
774.527079  	0.089575 
775.958737  	0.083079 
777.390395  	0.077609 
778.822053  	0.073256 
780.253711  	0.069995 
781.685369  	0.067353 
783.117028  	0.065221 
784.548686  	0.063198 
785.980344  	0.061520 
787.412002  	0.061286 
788.843660  	0.061634 
790.275319  	0.061494 
791.706977  	0.061274 
793.138635  	0.061007 
794.570293  	0.061584 
796.001951  	0.063745 
797.433610  	0.066724 
798.865268  	0.071351 
800.296926  	0.078140 
801.728584  	0.085858 
803.160242  	0.095021 
804.591900  	0.105426 
806.023559  	0.115479 
807.455217  	0.125318 
808.886875  	0.134567 
810.318533  	0.142343 
811.750191  	0.148363 
813.181850  	0.152206 
814.613508  	0.153732 
816.045166  	0.152615 
817.476824  	0.150423 
818.908482  	0.149410 
820.340141  	0.149792 
821.771799  	0.152857 
823.203457  	0.159123 
824.635115  	0.166303 
826.066773  	0.173160 
827.498431  	0.177929 
828.930090  	0.178326 
830.361748  	0.174420 
831.793406  	0.166738 
833.225064  	0.156702 
834.656722  	0.145388 
836.088381  	0.133307 
837.520039  	0.122623 
838.951697  	0.113707 
840.383355  	0.105469 
841.815013  	0.098731 
843.246671  	0.093302 
844.678330  	0.087569 
846.109988  	0.081371 
847.541646  	0.074951 
848.973304  	0.068067 
850.404962  	0.060895 
851.836621  	0.053943 
853.268279  	0.047412 
854.699937  	0.041599 
856.131595  	0.037129 
857.563253  	0.033873 
858.994912  	0.031340 
860.426570  	0.029645 
861.858228  	0.028519 
863.289886  	0.027791 
864.721544  	0.028184 
866.153202  	0.029616 
867.584861  	0.031542 
869.016519  	0.034152 
870.448177  	0.037432 
871.879835  	0.041322 
873.311493  	0.045502 
874.743152  	0.049733 
876.174810  	0.054933 
877.606468  	0.060508 
879.038126  	0.065375 
880.469784  	0.070802 
881.901443  	0.076682 
883.333101  	0.081630 
884.764759  	0.085391 
886.196417  	0.087113 
887.628075  	0.086210 
889.059733  	0.082212 
890.491392  	0.074405 
891.923050  	0.063895 
893.354708  	0.052537 
894.786366  	0.042114 
896.218024  	0.034500 
897.649683  	0.029993 
899.081341  	0.027451 
900.512999  	0.026153 
901.944657  	0.025720 
903.376315  	0.025871 
904.807973  	0.026362 
906.239632  	0.027087 
907.671290  	0.028264 
909.102948  	0.029623 
910.534606  	0.030961 
911.966264  	0.032638 
913.397923  	0.034633 
914.829581  	0.036735 
916.261239  	0.038570 
917.692897  	0.039646 
919.124555  	0.039818 
920.556214  	0.039041 
921.987872  	0.037842 
923.419530  	0.036512 
924.851188  	0.034850 
926.282846  	0.033925 
927.714504  	0.034402 
929.146163  	0.035485 
930.577821  	0.037373 
932.009479  	0.040149 
933.441137  	0.042610 
934.872795  	0.044144 
936.304454  	0.044840 
937.736112  	0.045313 
939.167770  	0.046094 
940.599428  	0.046915 
942.031086  	0.047669 
943.462744  	0.048082 
944.894403  	0.047747 
946.326061  	0.046971 
947.757719  	0.045927 
949.189377  	0.044846 
950.621035  	0.044268 
952.052694  	0.044376 
953.484352  	0.045485 
954.916010  	0.047566 
956.347668  	0.049979 
957.779326  	0.052265 
959.210985  	0.053645 
960.642643  	0.054069 
962.074301  	0.054456 
963.505959  	0.054571 
964.937617  	0.054177 
966.369275  	0.053990 
967.800934  	0.054046 
969.232592  	0.054064 
970.664250  	0.054337 
972.095908  	0.055040 
973.527566  	0.055949 
974.959225  	0.057125 
976.390883  	0.058922 
977.822541  	0.061023 
979.254199  	0.063229 
980.685857  	0.065995 
982.117516  	0.069161 
983.549174  	0.072898 
984.980832  	0.077758 
986.412490  	0.083382 
987.844148  	0.089776 
989.275806  	0.096631 
990.707465  	0.102948 
992.139123  	0.108533 
993.570781  	0.112612 
995.002439  	0.115284 
996.434097  	0.118243 
997.865756  	0.122557 
999.297414  	0.130286 
1000.729072  	0.142362 
1002.160730  	0.156282 
1003.592388  	0.169533 
1005.024046  	0.178693 
1006.455705  	0.182381 
1007.887363  	0.184651 
1009.319021  	0.189350 
1010.750679  	0.201412 
1012.182337  	0.222459 
1013.613996  	0.236808 
1015.045654  	0.223684 
1016.477312  	0.185474 
1017.908970  	0.142295 
1019.340628  	0.106800 
1020.772287  	0.081113 
1022.203945  	0.063371 
1023.635603  	0.050469 
1025.067261  	0.041112 
1026.498919  	0.035318 
1027.930577  	0.032594 
1029.362236  	0.032234 
1030.793894  	0.033278 
1032.225552  	0.034359 
1033.657210  	0.035158 
1035.088868  	0.036620 
1036.520527  	0.038803 
1037.952185  	0.040977 
1039.383843  	0.042908 
1040.815501  	0.044657 
1042.247159  	0.046473 
1043.678818  	0.048236 
1045.110476  	0.049756 
1046.542134  	0.051386 
1047.973792  	0.052984 
1049.405450  	0.054346 
1050.837108  	0.055900 
1052.268767  	0.057779 
1053.700425  	0.059748 
1055.132083  	0.061511 
1056.563741  	0.063308 
1057.995399  	0.065623 
1059.427058  	0.068204 
1060.858716  	0.071158 
1062.290374  	0.074574 
1063.722032  	0.078118 
1065.153690  	0.082430 
1066.585348  	0.087529 
1068.017007  	0.093326 
1069.448665  	0.100871 
1070.880323  	0.109717 
1072.311981  	0.120054 
1073.743639  	0.133692 
1075.175298  	0.151340 
1076.606956  	0.173643 
1078.038614  	0.195413 
1079.470272  	0.205043 
1080.901930  	0.197798 
1082.333589  	0.176894 
1083.765247  	0.150247 
1085.196905  	0.125252 
1086.628563  	0.105629 
1088.060221  	0.093415 
1089.491879  	0.088461 
1090.923538  	0.088685 
1092.355196  	0.092285 
1093.786854  	0.098134 
1095.218512  	0.105825 
1096.650170  	0.115414 
1098.081829  	0.125687 
1099.513487  	0.135219 
1100.945145  	0.141939 
1102.376803  	0.144007 
1103.808461  	0.143017 
1105.240120  	0.141057 
1106.671778  	0.140015 
1108.103436  	0.140319 
1109.535094  	0.139911 
1110.966752  	0.138496 
1112.398410  	0.136219 
1113.830069  	0.133416 
1115.261727  	0.132120 
1116.693385  	0.131557 
1118.125043  	0.131107 
1119.556701  	0.132421 
1120.988360  	0.134580 
1122.420018  	0.137427 
1123.851676  	0.141824 
1125.283334  	0.146444 
1126.714992  	0.151768 
1128.146650  	0.157994 
1129.578309  	0.164077 
1131.009967  	0.170950 
1132.441625  	0.177971 
1133.873283  	0.185011 
1135.304941  	0.193116 
1136.736600  	0.201177 
1138.168258  	0.210130 
1139.599916  	0.219877 
1141.031574  	0.228779 
1142.463232  	0.238761 
1143.894891  	0.249019 
1145.326549  	0.258532 
1146.758207  	0.268660 
1148.189865  	0.277548 
1149.621523  	0.286239 
1151.053181  	0.295530 
1152.484840  	0.303212 
1153.916498  	0.310910 
1155.348156  	0.316908 
1156.779814  	0.319598 
1158.211472  	0.320756 
1159.643131  	0.317261 
1161.074789  	0.309079 
1162.506447  	0.296895 
1163.938105  	0.279130 
1165.369763  	0.258890 
1166.801421  	0.237260 
1168.233080  	0.216160 
1169.664738  	0.200421 
1171.096396  	0.192025 
1172.528054  	0.193427 
1173.959712  	0.205145 
1175.391371  	0.221866 
1176.823029  	0.239339 
1178.254687  	0.254859 
1179.686345  	0.267271 
1181.118003  	0.279839 
1182.549662  	0.291770 
1183.981320  	0.301499 
1185.412978  	0.308489 
1186.844636  	0.308961 
1188.276294  	0.304889 
1189.707952  	0.298113 
1191.139611  	0.287773 
1192.571269  	0.276623 
1194.002927  	0.264100 
1195.434585  	0.250140 
1196.866243  	0.236343 
1198.297902  	0.221482 
1199.729560  	0.206921 
1201.161218  	0.193344 
1202.592876  	0.180347 
1204.024534  	0.170586 
1205.456193  	0.165545 
1206.887851  	0.167096 
1208.319509  	0.177360 
1209.751167  	0.193576 
1211.182825  	0.212457 
1212.614483  	0.230928 
1214.046142  	0.244382 
1215.477800  	0.253655 
1216.909458  	0.258783 
1218.341116  	0.259197 
1219.772774  	0.258213 
1221.204433  	0.254892 
1222.636091  	0.249902 
1224.067749  	0.245130 
1225.499407  	0.238746 
1226.931065  	0.232692 
1228.362723  	0.227049 
1229.794382  	0.220008 
1231.226040  	0.213932 
1232.657698  	0.207914 
1234.089356  	0.201260 
1235.521014  	0.195776 
1236.952673  	0.189957 
1238.384331  	0.184064 
1239.815989  	0.178852 
1241.247647  	0.173198 
1242.679305  	0.168043 
1244.110964  	0.162639 
1245.542622  	0.156053 
1246.974280  	0.149498 
1248.405938  	0.142193 
1249.837596  	0.134008 
1251.269254  	0.125387 
1252.700913  	0.115630 
1254.132571  	0.105353 
1255.564229  	0.094680 
1256.995887  	0.083599 
1258.427545  	0.072910 
1259.859204  	0.062320 
1261.290862  	0.051988 
1262.722520  	0.042746 
1264.154178  	0.034617 
1265.585836  	0.027579 
1267.017495  	0.021771 
1268.449153  	0.017116 
1269.880811  	0.013640 
1271.312469  	0.011271 
1272.744127  	0.009580 
1274.175785  	0.008459 
1275.607444  	0.007955 
1277.039102  	0.008045 
1278.470760  	0.008842 
1279.902418  	0.010048 
1281.334076  	0.011475 
1282.765735  	0.013316 
1284.197393  	0.015387 
1285.629051  	0.017477 
1287.060709  	0.019346 
1288.492367  	0.020883 
1289.924025  	0.022175 
1291.355684  	0.022751 
1292.787342  	0.022306 
1294.219000  	0.020959 
1295.650658  	0.018662 
1297.082316  	0.015690 
1298.513975  	0.012611 
1299.945633  	0.009619 
1301.377291  	0.006978 
1302.808949  	0.004960 
1304.240607  	0.003662 
1305.672266  	0.003474 
1307.103924  	0.004230 
1308.535582  	0.005265 
1309.967240  	0.005592 
1311.398898  	0.004252 
1312.830556  	0.001626 
1314.262215  	-0.001356 
1315.693873  	-0.004263 
1317.125531  	-0.006468 
1318.557189  	-0.007818 
1319.988847  	-0.008815 
1321.420506  	-0.009405 
1322.852164  	-0.009896 
1324.283822  	-0.010311 
1325.715480  	-0.010370 
1327.147138  	-0.010553 
1328.578796  	-0.010713 
1330.010455  	-0.010730 
1331.442113  	-0.010872 
1332.873771  	-0.010769 
1334.305429  	-0.010717 
1335.737087  	-0.010831 
1337.168746  	-0.010701 
1338.600404  	-0.010761 
1340.032062  	-0.010752 
1341.463720  	-0.010590 
1342.895378  	-0.010743 
1344.327037  	-0.010479 
1345.758695  	-0.010049 
1347.190353  	-0.009906 
1348.622011  	-0.009472 
1350.053669  	-0.009252 
1351.485327  	-0.009107 
1352.916986  	-0.008555 
1354.348644  	-0.008059 
1355.780302  	-0.006991 
1357.211960  	-0.005358 
1358.643618  	-0.002883 
1360.075277  	0.002219 
1361.506935  	0.009774 
1362.938593  	0.018298 
1364.370251  	0.022390 
1365.801909  	0.019523 
1367.233568  	0.012775 
1368.665226  	0.005327 
1370.096884  	-0.000271 
1371.528542  	-0.003414 
1372.960200  	-0.004822 
1374.391858  	-0.005548 
1375.823517  	-0.005677 
1377.255175  	-0.005563 
1378.686833  	-0.005020 
1380.118491  	-0.003545 
1381.550149  	-0.001351 
1382.981808  	0.002378 
1384.413466  	0.006491 
1385.845124  	0.009223 
1387.276782  	0.009767 
1388.708440  	0.007541 
1390.140098  	0.004500 
1391.571757  	0.001367 
1393.003415  	-0.000828 
1394.435073  	-0.001432 
1395.866731  	-0.001281 
1397.298389  	-0.000836 
1398.730048  	0.000591 
1400.161706  	0.002666 
1401.593364  	0.004813 
1403.025022  	0.007708 
1404.456680  	0.011743 
1405.888339  	0.016746 
1407.319997  	0.020777 
1408.751655  	0.022602 
1410.183313  	0.022868 
1411.614971  	0.020660 
1413.046629  	0.016058 
1414.478288  	0.010963 
1415.909946  	0.005731 
1417.341604  	0.001709 
1418.773262  	-0.000797 
1420.204920  	-0.003447 
1421.636579  	-0.004890 
1423.068237  	-0.005444 
1424.499895  	-0.005853 
1425.931553  	-0.006004 
1427.363211  	-0.006345 
1428.794870  	-0.006413 
1430.226528  	-0.006124 
1431.658186  	-0.006286 
1433.089844  	-0.005964 
1434.521502  	-0.005639 
1435.953160  	-0.005632 
1437.384819  	-0.004086 
1438.816477  	-0.003020 
1440.248135  	-0.002212 
1441.679793  	-0.000496 
1443.111451  	0.000835 
1444.543110  	0.002256 
1445.974768  	0.003717 
1447.406426  	0.004740 
1448.838084  	0.006500 
1450.269742  	0.007266 
1451.701400  	0.007288 
1453.133059  	0.007819 
1454.564717  	0.007610 
1455.996375  	0.007964 
1457.428033  	0.011708 
1458.859691  	0.014318 
1460.291350  	0.017193 
1461.723008  	0.019864 
1463.154666  	0.021344 
1464.586324  	0.022736 
1466.017982  	0.022174 
1467.449641  	0.021096 
1468.881299  	0.020169 
1470.312957  	0.018662 
1471.744615  	0.018343 
1473.176273  	0.018252 
1474.607931  	0.017071 
1476.039590  	0.017262 
1477.471248  	0.017463 
1478.902906  	0.017951 
1480.334564  	0.019561 
1481.766222  	0.021436 
1483.197881  	0.024533 
1484.629539  	0.028485 
1486.061197  	0.032843 
1487.492855  	0.039630 
1488.924513  	0.046952 
1490.356172  	0.055683 
1491.787830  	0.068350 
1493.219488  	0.078091 
1494.651146  	0.087823 
1496.082804  	0.102470 
1497.514462  	0.116783 
1498.946121  	0.129820 
1500.377779  	0.141300 
1501.809437  	0.145680 
1503.241095  	0.146605 
1504.672753  	0.143563 
1506.104412  	0.132728 
1507.536070  	0.116285 
1508.967728  	0.096728 
1510.399386  	0.077090 
1511.831044  	0.059146 
1513.262702  	0.042200 
1514.694361  	0.029251 
1516.126019  	0.020717 
1517.557677  	0.012315 
1518.989335  	0.006358 
1520.420993  	0.003941 
1521.852652  	0.000801 
1523.284310  	-0.002179 
1524.715968  	-0.003457 
1526.147626  	-0.005111 
1527.579284  	-0.006173 
1529.010943  	-0.006960 
1530.442601  	-0.007968 
1531.874259  	-0.008280 
1533.305917  	-0.008589 
1534.737575  	-0.009144 
1536.169233  	-0.009452 
1537.600892  	-0.010113 
1539.032550  	-0.010296 
1540.464208  	-0.009499 
1541.895866  	-0.010217 
1543.327524  	-0.010753 
1544.759183  	-0.010972 
1546.190841  	-0.011124 
1547.622499  	-0.011139 
1549.054157  	-0.011216 
1550.485815  	-0.010999 
1551.917473  	-0.010953 
1553.349132  	-0.011177 
1554.780790  	-0.011029 
1556.212448  	-0.011062 
1557.644106  	-0.010982 
1559.075764  	-0.009158 
1560.507423  	-0.010244 
1561.939081  	-0.011396 
1563.370739  	-0.011578 
1564.802397  	-0.011557 
1566.234055  	-0.011424 
1567.665714  	-0.011288 
1569.097372  	-0.010994 
1570.529030  	-0.010575 
1571.960688  	-0.010739 
1573.392346  	-0.010837 
1574.824004  	-0.010407 
1576.255663  	-0.009511 
1577.687321  	-0.009229 
1579.118979  	-0.009457 
1580.550637  	-0.009121 
1581.982295  	-0.008093 
1583.413954  	-0.007031 
1584.845612  	-0.005569 
1586.277270  	-0.003554 
1587.708928  	-0.001267 
1589.140586  	0.001347 
1590.572245  	0.003376 
1592.003903  	0.004797 
1593.435561  	0.005585 
1594.867219  	0.005276 
1596.298877  	0.004834 
1597.730535  	0.004644 
1599.162194  	0.004887 
1600.593852  	0.005533 
1602.025510  	0.005628 
1603.457168  	0.005289 
1604.888826  	0.004410 
1606.320485  	0.002650 
1607.752143  	0.000547 
1609.183801  	-0.001745 
1610.615459  	-0.003806 
1612.047117  	-0.005411 
1613.478775  	-0.006701 
1614.910434  	-0.007630 
1616.342092  	-0.008055 
1617.773750  	-0.008285 
1619.205408  	-0.008911 
1620.637066  	-0.009485 
1622.068725  	-0.009614 
1623.500383  	-0.009337 
1624.932041  	-0.009423 
1626.363699  	-0.009617 
1627.795357  	-0.009305 
1629.227016  	-0.008928 
1630.658674  	-0.009006 
1632.090332  	-0.008930 
1633.521990  	-0.008475 
1634.953648  	-0.007647 
1636.385306  	-0.006599 
1637.816965  	-0.006716 
1639.248623  	-0.007074 
1640.680281  	-0.007150 
1642.111939  	-0.007066 
1643.543597  	-0.007070 
1644.975256  	-0.007002 
1646.406914  	-0.006443 
1647.838572  	-0.005909 
1649.270230  	-0.006285 
1650.701888  	-0.006647 
1652.133547  	-0.006573 
1653.565205  	-0.005731 
1654.996863  	-0.006128 
1656.428521  	-0.006552 
1657.860179  	-0.006703 
1659.291837  	-0.006783 
1660.723496  	-0.006778 
1662.155154  	-0.006722 
1663.586812  	-0.006876 
1665.018470  	-0.007025 
1666.450128  	-0.006963 
1667.881787  	-0.006832 
1669.313445  	-0.006868 
1670.745103  	-0.007028 
1672.176761  	-0.007179 
1673.608419  	-0.007466 
1675.040077  	-0.007503 
1676.471736  	-0.007133 
1677.903394  	-0.007296 
1679.335052  	-0.007274 
1680.766710  	-0.006899 
1682.198368  	-0.006996 
1683.630027  	-0.006608 
1685.061685  	-0.005946 
1686.493343  	-0.006634 
1687.925001  	-0.006481 
1689.356659  	-0.006153 
1690.788318  	-0.006101 
1692.219976  	-0.005458 
1693.651634  	-0.004931 
1695.083292  	-0.004277 
1696.514950  	-0.002972 
1697.946608  	-0.003152 
1699.378267  	-0.002803 
1700.809925  	-0.001366 
1702.241583  	-0.001834 
1703.673241  	-0.001593 
1705.104899  	-0.000768 
1706.536558  	-0.000032 
1707.968216  	0.000738 
1709.399874  	0.001493 
1710.831532  	0.002585 
1712.263190  	0.003494 
1713.694849  	0.004104 
1715.126507  	0.005530 
1716.558165  	0.006416 
1717.989823  	0.007037 
1719.421481  	0.008764 
1720.853139  	0.009098 
1722.284798  	0.009950 
1723.716456  	0.011863 
1725.148114  	0.012716 
1726.579772  	0.013870 
1728.011430  	0.015290 
1729.443089  	0.016234 
1730.874747  	0.018243 
1732.306405  	0.019516 
1733.738063  	0.020236 
1735.169721  	0.022696 
1736.601379  	0.023453 
1738.033038  	0.024841 
1739.464696  	0.027360 
1740.896354  	0.028841 
1742.328012  	0.031017 
1743.759670  	0.033589 
1745.191329  	0.036431 
1746.622987  	0.040767 
1748.054645  	0.044952 
1749.486303  	0.049777 
1750.917961  	0.056333 
1752.349620  	0.063922 
1753.781278  	0.073059 
1755.212936  	0.082077 
1756.644594  	0.093418 
1758.076252  	0.109667 
1759.507910  	0.123187 
1760.939569  	0.136430 
1762.371227  	0.154897 
1763.802885  	0.168338 
1765.234543  	0.175478 
1766.666201  	0.181314 
1768.097860  	0.182915 
1769.529518  	0.181783 
1770.961176  	0.179140 
1772.392834  	0.172274 
1773.824492  	0.166306 
1775.256150  	0.158913 
1776.687809  	0.148546 
1778.119467  	0.139996 
1779.551125  	0.130514 
1780.982783  	0.119146 
1782.414441  	0.110310 
1783.846100  	0.100448 
1785.277758  	0.089854 
1786.709416  	0.080963 
1788.141074  	0.070492 
1789.572732  	0.060946 
1791.004391  	0.053028 
1792.436049  	0.042605 
1793.867707  	0.034500 
1795.299365  	0.027825 
1796.731023  	0.020293 
1798.162681  	0.015398 
1799.594340  	0.010531 
1801.025998  	0.005785 
1802.457656  	0.003443 
1803.889314  	0.000052 
1805.320972  	-0.002126 
1806.752631  	-0.003354 
1808.184289  	-0.005769 
1809.615947  	-0.006403 
1811.047605  	-0.007312 
1812.479263  	-0.009071 
1813.910922  	-0.009202 
1815.342580  	-0.010452 
1816.774238  	-0.011249 
1818.205896  	-0.010808 
1819.637554  	-0.011849 
1821.069212  	-0.011861 
1822.500871  	-0.011938 
1823.932529  	-0.013010 
1825.364187  	-0.012337 
1826.795845  	-0.012769 
1828.227503  	-0.013487 
1829.659162  	-0.012650 
1831.090820  	-0.013209 
1832.522478  	-0.013404 
1833.954136  	-0.013429 
1835.385794  	-0.014263 
1836.817452  	-0.013946 
1838.249111  	-0.014337 
1839.680769  	-0.014817 
1841.112427  	-0.013972 
1842.544085  	-0.014220 
1843.975743  	-0.013977 
1845.407402  	-0.013451 
1846.839060  	-0.014309 
1848.270718  	-0.013792 
1849.702376  	-0.013969 
1851.134034  	-0.014658 
1852.565693  	-0.013840 
1853.997351  	-0.014430 
1855.429009  	-0.014820 
1856.860667  	-0.013771 
1858.292325  	-0.014237 
1859.723983  	-0.014440 
1861.155642  	-0.014320 
1862.587300  	-0.014846 
1864.018958  	-0.014261 
1865.450616  	-0.014232 
1866.882274  	-0.014502 
1868.313933  	-0.013801 
1869.745591  	-0.014079 
1871.177249  	-0.013883 
1872.608907  	-0.013763 
1874.040565  	-0.014504 
1875.472224  	-0.014002 
1876.903882  	-0.013652 
1878.335540  	-0.013632 
1879.767198  	-0.012995 
1881.198856  	-0.013448 
1882.630514  	-0.013533 
1884.062173  	-0.012920 
1885.493831  	-0.013003 
1886.925489  	-0.012570 
1888.357147  	-0.012384 
1889.788805  	-0.012207 
1891.220464  	-0.011401 
1892.652122  	-0.011659 
1894.083780  	-0.011216 
1895.515438  	-0.010579 
1896.947096  	-0.011519 
1898.378754  	-0.011451 
1899.810413  	-0.011230 
1901.242071  	-0.011592 
1902.673729  	-0.011263 
1904.105387  	-0.011718 
1905.537045  	-0.011982 
1906.968704  	-0.012019 
1908.400362  	-0.012976 
1909.832020  	-0.012525 
1911.263678  	-0.012605 
1912.695336  	-0.013797 
1914.126995  	-0.013219 
1915.558653  	-0.013459 
1916.990311  	-0.014454 
1918.421969  	-0.014476 
1919.853627  	-0.015198 
1921.285285  	-0.014890 
1922.716944  	-0.014649 
1924.148602  	-0.015444 
1925.580260  	-0.014308 
1927.011918  	-0.014508 
1928.443576  	-0.015981 
1929.875235  	-0.015416 
1931.306893  	-0.015457 
1932.738551  	-0.014952 
1934.170209  	-0.014270 
1935.601867  	-0.015999 
1937.033525  	-0.015713 
1938.465184  	-0.014720 
1939.896842  	-0.015743 
1941.328500  	-0.015429 
1942.760158  	-0.015324 
1944.191816  	-0.015180 
1945.623475  	-0.013876 
1947.055133  	-0.014445 
1948.486791  	-0.014744 
1949.918449  	-0.014505 
1951.350107  	-0.014951 
1952.781766  	-0.014166 
1954.213424  	-0.014561 
1955.645082  	-0.015233 
1957.076740  	-0.014675 
1958.508398  	-0.015877 
1959.940056  	-0.015396 
1961.371715  	-0.013560 
1962.803373  	-0.013670 
1964.235031  	-0.012770 
1965.666689  	-0.012978 
1967.098347  	-0.013882 
1968.530006  	-0.013281 
1969.961664  	-0.014257 
1971.393322  	-0.013556 
1972.824980  	-0.012932 
1974.256638  	-0.014984 
1975.688297  	-0.013615 
1977.119955  	-0.013307 
1978.551613  	-0.014801 
1979.983271  	-0.012908 
1981.414929  	-0.013650 
1982.846587  	-0.014762 
1984.278246  	-0.013314 
1985.709904  	-0.013291 
1987.141562  	-0.013050 
1988.573220  	-0.014610 
1990.004878  	-0.017325 
1991.436537  	-0.015368 
1992.868195  	-0.013594 
1994.299853  	-0.013626 
1995.731511  	-0.013210 
1997.163169  	-0.014991 
1998.594827  	-0.015309 
2000.026486  	-0.013633 
2001.458144  	-0.013448 
2002.889802  	-0.011850 
2004.321460  	-0.010575 
2005.753118  	-0.011753 
2007.184777  	-0.012693 
2008.616435  	-0.012798 
2010.048093  	-0.011208 
2011.479751  	-0.010788 
2012.911409  	-0.012472 
2014.343068  	-0.012066 
2015.774726  	-0.012082 
2017.206384  	-0.012688 
2018.638042  	-0.011848 
2020.069700  	-0.012512 
2021.501358  	-0.012901 
2022.933017  	-0.014004 
2024.364675  	-0.015721 
2025.796333  	-0.012830 
2027.227991  	-0.012069 
2028.659649  	-0.014264 
2030.091308  	-0.012472 
2031.522966  	-0.012488 
2032.954624  	-0.013997 
2034.386282  	-0.012912 
2035.817940  	-0.012665 
2037.249599  	-0.011762 
2038.681257  	-0.011510 
2040.112915  	-0.012734 
2041.544573  	-0.012385 
2042.976231  	-0.013311 
2044.407889  	-0.014264 
2045.839548  	-0.013023 
2047.271206  	-0.013205 
2048.702864  	-0.012916 
2050.134522  	-0.011487 
2051.566180  	-0.011600 
2052.997839  	-0.012163 
2054.429497  	-0.012804 
2055.861155  	-0.012952 
2057.292813  	-0.012852 
2058.724471  	-0.013791 
2060.156129  	-0.014038 
2061.587788  	-0.013850 
2063.019446  	-0.013566 
2064.451104  	-0.012375 
2065.882762  	-0.012841 
2067.314420  	-0.013335 
2068.746079  	-0.012118 
2070.177737  	-0.012818 
2071.609395  	-0.014072 
2073.041053  	-0.013871 
2074.472711  	-0.014199 
2075.904370  	-0.014672 
2077.336028  	-0.014694 
2078.767686  	-0.013934 
2080.199344  	-0.013268 
2081.631002  	-0.014083 
2083.062660  	-0.013679 
2084.494319  	-0.012791 
2085.925977  	-0.013842 
2087.357635  	-0.013772 
2088.789293  	-0.013152 
2090.220951  	-0.013878 
2091.652610  	-0.013974 
2093.084268  	-0.014436 
2094.515926  	-0.015138 
2095.947584  	-0.014478 
2097.379242  	-0.014574 
2098.810901  	-0.015351 
2100.242559  	-0.015580 
2101.674217  	-0.015459 
2103.105875  	-0.015011 
2104.537533  	-0.015270 
2105.969191  	-0.015071 
2107.400850  	-0.013947 
2108.832508  	-0.013942 
2110.264166  	-0.013941 
2111.695824  	-0.013926 
2113.127482  	-0.014541 
2114.559141  	-0.014184 
2115.990799  	-0.014531 
2117.422457  	-0.015689 
2118.854115  	-0.015377 
2120.285773  	-0.015101 
2121.717431  	-0.015065 
2123.149090  	-0.015081 
2124.580748  	-0.015704 
2126.012406  	-0.014945 
2127.444064  	-0.014583 
2128.875722  	-0.015657 
2130.307381  	-0.014892 
2131.739039  	-0.014289 
2133.170697  	-0.014710 
2134.602355  	-0.014045 
2136.034013  	-0.014592 
2137.465672  	-0.014659 
2138.897330  	-0.013005 
2140.328988  	-0.013960 
2141.760646  	-0.015990 
2143.192304  	-0.016038 
2144.623962  	-0.015065 
2146.055621  	-0.014314 
2147.487279  	-0.014270 
2148.918937  	-0.013080 
2150.350595  	-0.012205 
2151.782253  	-0.013419 
2153.213912  	-0.012971 
2154.645570  	-0.011220 
2156.077228  	-0.010136 
2157.508886  	-0.010011 
2158.940544  	-0.012324 
2160.372202  	-0.012713 
2161.803861  	-0.012224 
2163.235519  	-0.014447 
2164.667177  	-0.013776 
2166.098835  	-0.012562 
2167.530493  	-0.014253 
2168.962152  	-0.014745 
2170.393810  	-0.014481 
2171.825468  	-0.013788 
2173.257126  	-0.012816 
2174.688784  	-0.012700 
2176.120443  	-0.011148 
2177.552101  	-0.011109 
2178.983759  	-0.013508 
2180.415417  	-0.013280 
2181.847075  	-0.012078 
2183.278733  	-0.011913 
2184.710392  	-0.012368 
2186.142050  	-0.013461 
2187.573708  	-0.011960 
2189.005366  	-0.011181 
2190.437024  	-0.013362 
2191.868683  	-0.011842 
2193.300341  	-0.009168 
2194.731999  	-0.010308 
2196.163657  	-0.011831 
2197.595315  	-0.012964 
2199.026974  	-0.013409 
2200.458632  	-0.012617 
2201.890290  	-0.013196 
2203.321948  	-0.013666 
2204.753606  	-0.013012 
2206.185264  	-0.013319 
2207.616923  	-0.013579 
2209.048581  	-0.013232 
2210.480239  	-0.013098 
2211.911897  	-0.013422 
2213.343555  	-0.013639 
2214.775214  	-0.012259 
2216.206872  	-0.010704 
2217.638530  	-0.011033 
2219.070188  	-0.012322 
2220.501846  	-0.013326 
2221.933504  	-0.013155 
2223.365163  	-0.012095 
2224.796821  	-0.011271 
2226.228479  	-0.010672 
2227.660137  	-0.011150 
2229.091795  	-0.012073 
2230.523454  	-0.011428 
2231.955112  	-0.010568 
2233.386770  	-0.011022 
2234.818428  	-0.011831 
2236.250086  	-0.011925 
2237.681745  	-0.011657 
2239.113403  	-0.012308 
2240.545061  	-0.012992 
2241.976719  	-0.012781 
2243.408377  	-0.012733 
2244.840035  	-0.012215 
2246.271694  	-0.011711 
2247.703352  	-0.012544 
2249.135010  	-0.012711 
2250.566668  	-0.012282 
2251.998326  	-0.012937 
2253.429985  	-0.013647 
2254.861643  	-0.014049 
2256.293301  	-0.014029 
2257.724959  	-0.013458 
2259.156617  	-0.013417 
2260.588276  	-0.013653 
2262.019934  	-0.014074 
2263.451592  	-0.014782 
2264.883250  	-0.014824 
2266.314908  	-0.014525 
2267.746566  	-0.014299 
2269.178225  	-0.014472 
2270.609883  	-0.015142 
2272.041541  	-0.014989 
2273.473199  	-0.014866 
2274.904857  	-0.015269 
2276.336516  	-0.014641 
2277.768174  	-0.014546 
2279.199832  	-0.015426 
2280.631490  	-0.015391 
2282.063148  	-0.015264 
2283.494806  	-0.015251 
2284.926465  	-0.015171 
2286.358123  	-0.015722 
2287.789781  	-0.015723 
2289.221439  	-0.015469 
2290.653097  	-0.015898 
2292.084756  	-0.015646 
2293.516414  	-0.014970 
2294.948072  	-0.014829 
2296.379730  	-0.014923 
2297.811388  	-0.015270 
2299.243047  	-0.015380 
2300.674705  	-0.015221 
2302.106363  	-0.015411 
2303.538021  	-0.015557 
2304.969679  	-0.015464 
2306.401337  	-0.014993 
2307.832996  	-0.014346 
2309.264654  	-0.014266 
2310.696312  	-0.014127 
2312.127970  	-0.013934 
2313.559628  	-0.014204 
2314.991287  	-0.014148 
2316.422945  	-0.014243 
2317.854603  	-0.014498 
2319.286261  	-0.013799 
2320.717919  	-0.013214 
2322.149577  	-0.013156 
2323.581236  	-0.012985 
2325.012894  	-0.013062 
2326.444552  	-0.012842 
2327.876210  	-0.012372 
2329.307868  	-0.012299 
2330.739527  	-0.012262 
2332.171185  	-0.012482 
2333.602843  	-0.012677 
2335.034501  	-0.012362 
2336.466159  	-0.012225 
2337.897818  	-0.012049 
2339.329476  	-0.012048 
2340.761134  	-0.012462 
2342.192792  	-0.012169 
2343.624450  	-0.011966 
2345.056108  	-0.012383 
2346.487767  	-0.012746 
2347.919425  	-0.013676 
2349.351083  	-0.014227 
2350.782741  	-0.013503 
2352.214399  	-0.012687 
2353.646058  	-0.012237 
2355.077716  	-0.011496 
2356.509374  	-0.010829 
2357.941032  	-0.010438 
2359.372690  	-0.010671 
2360.804349  	-0.011001 
2362.236007  	-0.010619 
2363.667665  	-0.010621 
2365.099323  	-0.010992 
2366.530981  	-0.010999 
2367.962639  	-0.010924 
2369.394298  	-0.010924 
2370.825956  	-0.011279 
2372.257614  	-0.011659 
2373.689272  	-0.012111 
2375.120930  	-0.013184 
2376.552589  	-0.013709 
2377.984247  	-0.013458 
2379.415905  	-0.013665 
2380.847563  	-0.014184 
2382.279221  	-0.014716 
2383.710879  	-0.015157 
2385.142538  	-0.015223 
2386.574196  	-0.015202 
2388.005854  	-0.015098 
2389.437512  	-0.015038 
2390.869170  	-0.015228 
2392.300829  	-0.015149 
2393.732487  	-0.015077 
2395.164145  	-0.015120 
2396.595803  	-0.014714 
2398.027461  	-0.014448 
2399.459120  	-0.014371 
2400.890778  	-0.014201 
2402.322436  	-0.014512 
2403.754094  	-0.014803 
2405.185752  	-0.014654 
2406.617410  	-0.014396 
2408.049069  	-0.014030 
2409.480727  	-0.014144 
2410.912385  	-0.014486 
2412.344043  	-0.014383 
2413.775701  	-0.014604 
2415.207360  	-0.014953 
2416.639018  	-0.014878 
2418.070676  	-0.014858 
2419.502334  	-0.014734 
2420.933992  	-0.014700 
2422.365651  	-0.014926 
2423.797309  	-0.014870 
2425.228967  	-0.014902 
2426.660625  	-0.015016 
2428.092283  	-0.014947 
2429.523941  	-0.015156 
2430.955600  	-0.015239 
2432.387258  	-0.015090 
2433.818916  	-0.015099 
2435.250574  	-0.014923 
2436.682232  	-0.014888 
2438.113891  	-0.015216 
2439.545549  	-0.015401 
2440.977207  	-0.015374 
2442.408865  	-0.015052 
2443.840523  	-0.014792 
2445.272181  	-0.014837 
2446.703840  	-0.014734 
2448.135498  	-0.014882 
2449.567156  	-0.015300 
2450.998814  	-0.015342 
2452.430472  	-0.015237 
2453.862131  	-0.014878 
2455.293789  	-0.014409 
2456.725447  	-0.014539 
2458.157105  	-0.014850 
2459.588763  	-0.014917 
2461.020422  	-0.014899 
2462.452080  	-0.014948 
2463.883738  	-0.015127 
2465.315396  	-0.014889 
2466.747054  	-0.014547 
2468.178712  	-0.014880 
2469.610371  	-0.015179 
2471.042029  	-0.015167 
2472.473687  	-0.015213 
2473.905345  	-0.015130 
2475.337003  	-0.015099 
2476.768662  	-0.015059 
2478.200320  	-0.014990 
2479.631978  	-0.015190 
2481.063636  	-0.015271 
2482.495294  	-0.015407 
2483.926953  	-0.015639 
2485.358611  	-0.015282 
2486.790269  	-0.015068 
2488.221927  	-0.015357 
2489.653585  	-0.015397 
2491.085243  	-0.015361 
2492.516902  	-0.015343 
2493.948560  	-0.015499 
2495.380218  	-0.015914 
2496.811876  	-0.015774 
2498.243534  	-0.015623 
2499.675193  	-0.016075 
2501.106851  	-0.016060 
2502.538509  	-0.015689 
2503.970167  	-0.015781 
2505.401825  	-0.016068 
2506.833483  	-0.016301 
2508.265142  	-0.016461 
2509.696800  	-0.016450 
2511.128458  	-0.016007 
2512.560116  	-0.015461 
2513.991774  	-0.015766 
2515.423433  	-0.016388 
2516.855091  	-0.016405 
2518.286749  	-0.016337 
2519.718407  	-0.016337 
2521.150065  	-0.016061 
2522.581724  	-0.015706 
2524.013382  	-0.015667 
2525.445040  	-0.016037 
2526.876698  	-0.016277 
2528.308356  	-0.016319 
2529.740014  	-0.016408 
2531.171673  	-0.016045 
2532.603331  	-0.015640 
2534.034989  	-0.015860 
2535.466647  	-0.016074 
2536.898305  	-0.016194 
2538.329964  	-0.016525 
2539.761622  	-0.016708 
2541.193280  	-0.016598 
2542.624938  	-0.016380 
2544.056596  	-0.016553 
2545.488254  	-0.016888 
2546.919913  	-0.016482 
2548.351571  	-0.016046 
2549.783229  	-0.016339 
2551.214887  	-0.016560 
2552.646545  	-0.016531 
2554.078204  	-0.016605 
2555.509862  	-0.016673 
2556.941520  	-0.016862 
2558.373178  	-0.017288 
2559.804836  	-0.017340 
2561.236495  	-0.016485 
2562.668153  	-0.015877 
2564.099811  	-0.016556 
2565.531469  	-0.017247 
2566.963127  	-0.017229 
2568.394785  	-0.017074 
2569.826444  	-0.016590 
2571.258102  	-0.016210 
2572.689760  	-0.016510 
2574.121418  	-0.016748 
2575.553076  	-0.016610 
2576.984735  	-0.016474 
2578.416393  	-0.016538 
2579.848051  	-0.016557 
2581.279709  	-0.016209 
2582.711367  	-0.016062 
2584.143026  	-0.016172 
2585.574684  	-0.015991 
2587.006342  	-0.016094 
2588.438000  	-0.016561 
2589.869658  	-0.016774 
2591.301316  	-0.016819 
2592.732975  	-0.016592 
2594.164633  	-0.016282 
2595.596291  	-0.016242 
2597.027949  	-0.016141 
2598.459607  	-0.016200 
2599.891266  	-0.016402 
2601.322924  	-0.016144 
2602.754582  	-0.015896 
2604.186240  	-0.016189 
2605.617898  	-0.016657 
2607.049556  	-0.016723 
2608.481215  	-0.016429 
2609.912873  	-0.016539 
2611.344531  	-0.016750 
2612.776189  	-0.016463 
2614.207847  	-0.016308 
2615.639506  	-0.016336 
2617.071164  	-0.016485 
2618.502822  	-0.016973 
2619.934480  	-0.016982 
2621.366138  	-0.016716 
2622.797797  	-0.016849 
2624.229455  	-0.016703 
2625.661113  	-0.016640 
2627.092771  	-0.017040 
2628.524429  	-0.016950 
2629.956087  	-0.016741 
2631.387746  	-0.017002 
2632.819404  	-0.017101 
2634.251062  	-0.017007 
2635.682720  	-0.017106 
2637.114378  	-0.017383 
2638.546037  	-0.017505 
2639.977695  	-0.017203 
2641.409353  	-0.016989 
2642.841011  	-0.017135 
2644.272669  	-0.017199 
2645.704328  	-0.017223 
2647.135986  	-0.017321 
2648.567644  	-0.017260 
2649.999302  	-0.017220 
2651.430960  	-0.017393 
2652.862618  	-0.017456 
2654.294277  	-0.017265 
2655.725935  	-0.017138 
2657.157593  	-0.017112 
2658.589251  	-0.017040 
2660.020909  	-0.017135 
2661.452568  	-0.017295 
2662.884226  	-0.017266 
2664.315884  	-0.017299 
2665.747542  	-0.017310 
2667.179200  	-0.017175 
2668.610858  	-0.017246 
2670.042517  	-0.017304 
2671.474175  	-0.017161 
2672.905833  	-0.017204 
2674.337491  	-0.017237 
2675.769149  	-0.017062 
2677.200808  	-0.017008 
2678.632466  	-0.017021 
2680.064124  	-0.016993 
2681.495782  	-0.017074 
2682.927440  	-0.017234 
2684.359099  	-0.017382 
2685.790757  	-0.017370 
2687.222415  	-0.017219 
2688.654073  	-0.017217 
2690.085731  	-0.017233 
2691.517389  	-0.017044 
2692.949048  	-0.016970 
2694.380706  	-0.017036 
2695.812364  	-0.016925 
2697.244022  	-0.016901 
2698.675680  	-0.017115 
2700.107339  	-0.017172 
2701.538997  	-0.017132 
2702.970655  	-0.017192 
2704.402313  	-0.017176 
2705.833971  	-0.017107 
2707.265630  	-0.016971 
2708.697288  	-0.016747 
2710.128946  	-0.016682 
2711.560604  	-0.016682 
2712.992262  	-0.016664 
2714.423920  	-0.016712 
2715.855579  	-0.016624 
2717.287237  	-0.016566 
2718.718895  	-0.016685 
2720.150553  	-0.016704 
2721.582211  	-0.016818 
2723.013870  	-0.017003 
2724.445528  	-0.016876 
2725.877186  	-0.016749 
2727.308844  	-0.016801 
2728.740502  	-0.016832 
2730.172160  	-0.016798 
2731.603819  	-0.016628 
2733.035477  	-0.016580 
2734.467135  	-0.016753 
2735.898793  	-0.016754 
2737.330451  	-0.016727 
2738.762110  	-0.016770 
2740.193768  	-0.016638 
2741.625426  	-0.016626 
2743.057084  	-0.016834 
2744.488742  	-0.016943 
2745.920401  	-0.016930 
2747.352059  	-0.016910 
2748.783717  	-0.016908 
2750.215375  	-0.016820 
2751.647033  	-0.016742 
2753.078691  	-0.016867 
2754.510350  	-0.016818 
2755.942008  	-0.016550 
2757.373666  	-0.016588 
2758.805324  	-0.016796 
2760.236982  	-0.016779 
2761.668641  	-0.016551 
2763.100299  	-0.016374 
2764.531957  	-0.016431 
2765.963615  	-0.016354 
2767.395273  	-0.016025 
2768.826931  	-0.015881 
2770.258590  	-0.015907 
2771.690248  	-0.016011 
2773.121906  	-0.016112 
2774.553564  	-0.015963 
2775.985222  	-0.015895 
2777.416881  	-0.016076 
2778.848539  	-0.016088 
2780.280197  	-0.015932 
2781.711855  	-0.015840 
2783.143513  	-0.015947 
2784.575172  	-0.016123 
2786.006830  	-0.016021 
2787.438488  	-0.015918 
2788.870146  	-0.016077 
2790.301804  	-0.016150 
2791.733462  	-0.016160 
2793.165121  	-0.016247 
2794.596779  	-0.016309 
2796.028437  	-0.016377 
2797.460095  	-0.016341 
2798.891753  	-0.016215 
2800.323412  	-0.016203 
2801.755070  	-0.016164 
2803.186728  	-0.016033 
2804.618386  	-0.015984 
2806.050044  	-0.015978 
2807.481703  	-0.015912 
2808.913361  	-0.015894 
2810.345019  	-0.015991 
2811.776677  	-0.015942 
2813.208335  	-0.015731 
2814.639993  	-0.015796 
2816.071652  	-0.016091 
2817.503310  	-0.016182 
2818.934968  	-0.016052 
2820.366626  	-0.015951 
2821.798284  	-0.015930 
2823.229943  	-0.015820 
2824.661601  	-0.015796 
2826.093259  	-0.015994 
2827.524917  	-0.015914 
2828.956575  	-0.015699 
2830.388233  	-0.015892 
2831.819892  	-0.016067 
2833.251550  	-0.015955 
2834.683208  	-0.015760 
2836.114866  	-0.015438 
2837.546524  	-0.015155 
2838.978183  	-0.014953 
2840.409841  	-0.014826 
2841.841499  	-0.014846 
2843.273157  	-0.014569 
2844.704815  	-0.014109 
2846.136474  	-0.013770 
2847.568132  	-0.012978 
2848.999790  	-0.012034 
2850.431448  	-0.011692 
2851.863106  	-0.011678 
2853.294764  	-0.011886 
2854.726423  	-0.012207 
2856.158081  	-0.012164 
2857.589739  	-0.011830 
2859.021397  	-0.011424 
2860.453055  	-0.011071 
2861.884714  	-0.010681 
2863.316372  	-0.009936 
2864.748030  	-0.009060 
2866.179688  	-0.008190 
2867.611346  	-0.007077 
2869.043005  	-0.005883 
2870.474663  	-0.004883 
2871.906321  	-0.004365 
2873.337979  	-0.004381 
2874.769637  	-0.004466 
2876.201295  	-0.004657 
2877.632954  	-0.005259 
2879.064612  	-0.006069 
2880.496270  	-0.006911 
2881.927928  	-0.007638 
2883.359586  	-0.008116 
2884.791245  	-0.008319 
2886.222903  	-0.008151 
2887.654561  	-0.007920 
2889.086219  	-0.007896 
2890.517877  	-0.007849 
2891.949535  	-0.007780 
2893.381194  	-0.007854 
2894.812852  	-0.008107 
2896.244510  	-0.008313 
2897.676168  	-0.008168 
2899.107826  	-0.008081 
2900.539485  	-0.008233 
2901.971143  	-0.008156 
2903.402801  	-0.008034 
2904.834459  	-0.007892 
2906.266117  	-0.007344 
2907.697776  	-0.006759 
2909.129434  	-0.006353 
2910.561092  	-0.005870 
2911.992750  	-0.005231 
2913.424408  	-0.004391 
2914.856066  	-0.003660 
2916.287725  	-0.003358 
2917.719383  	-0.003229 
2919.151041  	-0.003032 
2920.582699  	-0.002864 
2922.014357  	-0.002912 
2923.446016  	-0.002934 
2924.877674  	-0.002575 
2926.309332  	-0.002111 
2927.740990  	-0.001574 
2929.172648  	-0.000922 
2930.604306  	-0.000575 
2932.035965  	-0.000230 
2933.467623  	0.000230 
2934.899281  	0.000187 
2936.330939  	-0.000019 
2937.762597  	-0.000118 
2939.194256  	-0.000523 
2940.625914  	-0.000990 
2942.057572  	-0.001284 
2943.489230  	-0.001444 
2944.920888  	-0.001521 
2946.352547  	-0.001808 
2947.784205  	-0.001912 
2949.215863  	-0.001472 
2950.647521  	-0.001000 
2952.079179  	-0.000416 
2953.510837  	0.000706 
2954.942496  	0.002223 
2956.374154  	0.003882 
2957.805812  	0.005633 
2959.237470  	0.007859 
2960.669128  	0.010505 
2962.100787  	0.012850 
2963.532445  	0.014918 
2964.964103  	0.016888 
2966.395761  	0.018238 
2967.827419  	0.018748 
2969.259078  	0.018518 
2970.690736  	0.017762 
2972.122394  	0.016838 
2973.554052  	0.015534 
2974.985710  	0.013783 
2976.417368  	0.011987 
2977.849027  	0.009976 
2979.280685  	0.007790 
2980.712343  	0.005874 
2982.144001  	0.004036 
2983.575659  	0.002129 
2985.007318  	0.000290 
2986.438976  	-0.001527 
2987.870634  	-0.003149 
2989.302292  	-0.004439 
2990.733950  	-0.005621 
2992.165608  	-0.006825 
2993.597267  	-0.008052 
2995.028925  	-0.009252 
2996.460583  	-0.010186 
2997.892241  	-0.010822 
2999.323899  	-0.011506 
3000.755558  	-0.012277 
3002.187216  	-0.012885 
3003.618874  	-0.013352 
3005.050532  	-0.013707 
3006.482190  	-0.014030 
3007.913849  	-0.014522 
3009.345507  	-0.014903 
3010.777165  	-0.014955 
3012.208823  	-0.015148 
3013.640481  	-0.015652 
3015.072139  	-0.015967 
3016.503798  	-0.015921 
3017.935456  	-0.015829 
3019.367114  	-0.015720 
3020.798772  	-0.015657 
3022.230430  	-0.015906 
3023.662089  	-0.015906 
3025.093747  	-0.015389 
3026.525405  	-0.015177 
3027.957063  	-0.015004 
3029.388721  	-0.014386 
3030.820380  	-0.014080 
3032.252038  	-0.013895 
3033.683696  	-0.013270 
3035.115354  	-0.012666 
3036.547012  	-0.012003 
3037.978670  	-0.011216 
3039.410329  	-0.010778 
3040.841987  	-0.010661 
3042.273645  	-0.010793 
3043.705303  	-0.011006 
3045.136961  	-0.011044 
3046.568620  	-0.011145 
3048.000278  	-0.011372 
3049.431936  	-0.011646 
3050.863594  	-0.011910 
3052.295252  	-0.011864 
3053.726910  	-0.011655 
3055.158569  	-0.011500 
3056.590227  	-0.011308 
3058.021885  	-0.011255 
3059.453543  	-0.011265 
3060.885201  	-0.011249 
3062.316860  	-0.011455 
3063.748518  	-0.011705 
3065.180176  	-0.011902 
3066.611834  	-0.012201 
3068.043492  	-0.012469 
3069.475151  	-0.012740 
3070.906809  	-0.013028 
3072.338467  	-0.013219 
3073.770125  	-0.013400 
3075.201783  	-0.013578 
3076.633441  	-0.013780 
3078.065100  	-0.014009 
3079.496758  	-0.014210 
3080.928416  	-0.014455 
3082.360074  	-0.014564 
3083.791732  	-0.014631 
3085.223391  	-0.014915 
3086.655049  	-0.015025 
3088.086707  	-0.015064 
3089.518365  	-0.015455 
3090.950023  	-0.015748 
3092.381682  	-0.015727 
3093.813340  	-0.015698 
3095.244998  	-0.015873 
3096.676656  	-0.016184 
3098.108314  	-0.016193 
3099.539972  	-0.016105 
3100.971631  	-0.016287 
3102.403289  	-0.016325 
3103.834947  	-0.016168 
3105.266605  	-0.015927 
3106.698263  	-0.015737 
3108.129922  	-0.016003 
3109.561580  	-0.016216 
3110.993238  	-0.016210 
3112.424896  	-0.016521 
3113.856554  	-0.016576 
3115.288212  	-0.016257 
3116.719871  	-0.016140 
3118.151529  	-0.016124 
3119.583187  	-0.016395 
3121.014845  	-0.016699 
3122.446503  	-0.016632 
3123.878162  	-0.016837 
3125.309820  	-0.017050 
3126.741478  	-0.016932 
3128.173136  	-0.017138 
3129.604794  	-0.017323 
3131.036453  	-0.017284 
3132.468111  	-0.017417 
3133.899769  	-0.017340 
3135.331427  	-0.017111 
3136.763085  	-0.017063 
3138.194743  	-0.017203 
3139.626402  	-0.017665 
3141.058060  	-0.017957 
3142.489718  	-0.017863 
3143.921376  	-0.017903 
3145.353034  	-0.017938 
3146.784693  	-0.017825 
3148.216351  	-0.017789 
3149.648009  	-0.017810 
3151.079667  	-0.017812 
3152.511325  	-0.017848 
3153.942983  	-0.018289 
3155.374642  	-0.018716 
3156.806300  	-0.018381 
3158.237958  	-0.018320 
3159.669616  	-0.018797 
3161.101274  	-0.018528 
3162.532933  	-0.018126 
3163.964591  	-0.018237 
3165.396249  	-0.018134 
3166.827907  	-0.018234 
3168.259565  	-0.018673 
3169.691224  	-0.018564 
3171.122882  	-0.018203 
3172.554540  	-0.018268 
3173.986198  	-0.018478 
3175.417856  	-0.018348 
3176.849514  	-0.018076 
3178.281173  	-0.018058 
3179.712831  	-0.018030 
3181.144489  	-0.017942 
3182.576147  	-0.018069 
3184.007805  	-0.018121 
3185.439464  	-0.018138 
3186.871122  	-0.018351 
3188.302780  	-0.018365 
3189.734438  	-0.018124 
3191.166096  	-0.017962 
3192.597755  	-0.017964 
3194.029413  	-0.018007 
3195.461071  	-0.018005 
3196.892729  	-0.018212 
3198.324387  	-0.018546 
3199.756045  	-0.018534 
3201.187704  	-0.018340 
3202.619362  	-0.018267 
3204.051020  	-0.018369 
3205.482678  	-0.018614 
3206.914336  	-0.018554 
3208.345995  	-0.018220 
3209.777653  	-0.018241 
3211.209311  	-0.018547 
3212.640969  	-0.018669 
3214.072627  	-0.018501 
3215.504285  	-0.018293 
3216.935944  	-0.018274 
3218.367602  	-0.018231 
3219.799260  	-0.018157 
3221.230918  	-0.018305 
3222.662576  	-0.018423 
3224.094235  	-0.018268 
3225.525893  	-0.018060 
3226.957551  	-0.018112 
3228.389209  	-0.018445 
3229.820867  	-0.018738 
3231.252526  	-0.018837 
3232.684184  	-0.018716 
3234.115842  	-0.018483 
3235.547500  	-0.018587 
3236.979158  	-0.018841 
3238.410816  	-0.018809 
3239.842475  	-0.018917 
3241.274133  	-0.019166 
3242.705791  	-0.019020 
3244.137449  	-0.018738 
3245.569107  	-0.018607 
3247.000766  	-0.018506 
3248.432424  	-0.018484 
3249.864082  	-0.018561 
3251.295740  	-0.018632 
3252.727398  	-0.018663 
3254.159057  	-0.018682 
3255.590715  	-0.018804 
3257.022373  	-0.019061 
3258.454031  	-0.019188 
3259.885689  	-0.018975 
3261.317347  	-0.018743 
3262.749006  	-0.018661 
3264.180664  	-0.018527 
3265.612322  	-0.018627 
3267.043980  	-0.018820 
3268.475638  	-0.018469 
3269.907297  	-0.018157 
3271.338955  	-0.018202 
3272.770613  	-0.018026 
3274.202271  	-0.018194 
3275.633929  	-0.018800 
3277.065587  	-0.018727 
3278.497246  	-0.018274 
3279.928904  	-0.018107 
3281.360562  	-0.017977 
3282.792220  	-0.017997 
3284.223878  	-0.018147 
3285.655537  	-0.018137 
3287.087195  	-0.018146 
3288.518853  	-0.018164 
3289.950511  	-0.018187 
3291.382169  	-0.018393 
3292.813828  	-0.018376 
3294.245486  	-0.018019 
3295.677144  	-0.017949 
3297.108802  	-0.018138 
3298.540460  	-0.018157 
3299.972118  	-0.018213 
3301.403777  	-0.018394 
3302.835435  	-0.018419 
3304.267093  	-0.018334 
3305.698751  	-0.018178 
3307.130409  	-0.018031 
3308.562068  	-0.018308 
3309.993726  	-0.018781 
3311.425384  	-0.018791 
3312.857042  	-0.018567 
3314.288700  	-0.018588 
3315.720359  	-0.018648 
3317.152017  	-0.018497 
3318.583675  	-0.018441 
3320.015333  	-0.018739 
3321.446991  	-0.019082 
3322.878649  	-0.019205 
3324.310308  	-0.019152 
3325.741966  	-0.018977 
3327.173624  	-0.018892 
3328.605282  	-0.018901 
3330.036940  	-0.018783 
3331.468599  	-0.018775 
3332.900257  	-0.019070 
3334.331915  	-0.019401 
3335.763573  	-0.019436 
3337.195231  	-0.019138 
3338.626889  	-0.019041 
3340.058548  	-0.019236 
3341.490206  	-0.019257 
3342.921864  	-0.019294 
3344.353522  	-0.019322 
3345.785180  	-0.019047 
3347.216839  	-0.019020 
3348.648497  	-0.019197 
3350.080155  	-0.019123 
3351.511813  	-0.019249 
3352.943471  	-0.019474 
3354.375130  	-0.019333 
3355.806788  	-0.019168 
3357.238446  	-0.019190 
3358.670104  	-0.019342 
3360.101762  	-0.019405 
3361.533420  	-0.019106 
3362.965079  	-0.018933 
3364.396737  	-0.019195 
3365.828395  	-0.019376 
3367.260053  	-0.019269 
3368.691711  	-0.019135 
3370.123370  	-0.019099 
3371.555028  	-0.019071 
3372.986686  	-0.019050 
3374.418344  	-0.019113 
3375.850002  	-0.019087 
3377.281660  	-0.019095 
3378.713319  	-0.019346 
3380.144977  	-0.019446 
3381.576635  	-0.019341 
3383.008293  	-0.019269 
3384.439951  	-0.019110 
3385.871610  	-0.019036 
3387.303268  	-0.019080 
3388.734926  	-0.019045 
3390.166584  	-0.019157 
3391.598242  	-0.019332 
3393.029901  	-0.019420 
3394.461559  	-0.019642 
3395.893217  	-0.019768 
3397.324875  	-0.019550 
3398.756533  	-0.019173 
3400.188191  	-0.018963 
3401.619850  	-0.019179 
3403.051508  	-0.019432 
3404.483166  	-0.019260 
3405.914824  	-0.018972 
3407.346482  	-0.018975 
3408.778141  	-0.019390 
3410.209799  	-0.019773 
3411.641457  	-0.019620 
3413.073115  	-0.019386 
3414.504773  	-0.019294 
3415.936432  	-0.019099 
3417.368090  	-0.019127 
3418.799748  	-0.019262 
3420.231406  	-0.019185 
3421.663064  	-0.019231 
3423.094722  	-0.019345 
3424.526381  	-0.019523 
3425.958039  	-0.019847 
3427.389697  	-0.019662 
3428.821355  	-0.019173 
3430.253013  	-0.019155 
3431.684672  	-0.019202 
3433.116330  	-0.019182 
3434.547988  	-0.019362 
3435.979646  	-0.019272 
3437.411304  	-0.019113 
3438.842962  	-0.019356 
3440.274621  	-0.019379 
3441.706279  	-0.019219 
3443.137937  	-0.019510 
3444.569595  	-0.019700 
3446.001253  	-0.019423 
3447.432912  	-0.019222 
3448.864570  	-0.019281 
3450.296228  	-0.019457 
3451.727886  	-0.019548 
3453.159544  	-0.019489 
3454.591203  	-0.019620 
3456.022861  	-0.019622 
3457.454519  	-0.019133 
3458.886177  	-0.018956 
3460.317835  	-0.019275 
3461.749493  	-0.019387 
3463.181152  	-0.019299 
3464.612810  	-0.019294 
3466.044468  	-0.019375 
3467.476126  	-0.019291 
3468.907784  	-0.018949 
3470.339443  	-0.019047 
3471.771101  	-0.019563 
3473.202759  	-0.019520 
3474.634417  	-0.019098 
3476.066075  	-0.018977 
3477.497734  	-0.019001 
3478.929392  	-0.018990 
3480.361050  	-0.018897 
3481.792708  	-0.018695 
3483.224366  	-0.018738 
3484.656024  	-0.019146 
3486.087683  	-0.019388 
3487.519341  	-0.019164 
3488.950999  	-0.019097 
3490.382657  	-0.019444 
3491.814315  	-0.019495 
3493.245974  	-0.019297 
3494.677632  	-0.019210 
3496.109290  	-0.018822 
3497.540948  	-0.018419 
3498.972606  	-0.018714 
3500.404264  	-0.019216 
3501.835923  	-0.019204 
3503.267581  	-0.018771 
3504.699239  	-0.018490 
3506.130897  	-0.018492 
3507.562555  	-0.018462 
3508.994214  	-0.018349 
3510.425872  	-0.018329 
3511.857530  	-0.018658 
3513.289188  	-0.019112 
3514.720846  	-0.018978 
3516.152505  	-0.018511 
3517.584163  	-0.018359 
3519.015821  	-0.018251 
3520.447479  	-0.018284 
3521.879137  	-0.018455 
3523.310795  	-0.018095 
3524.742454  	-0.017757 
3526.174112  	-0.018000 
3527.605770  	-0.018098 
3529.037428  	-0.018088 
3530.469086  	-0.018222 
3531.900745  	-0.018240 
3533.332403  	-0.018302 
3534.764061  	-0.018324 
3536.195719  	-0.018061 
3537.627377  	-0.017923 
3539.059035  	-0.018116 
3540.490694  	-0.018237 
3541.922352  	-0.018178 
3543.354010  	-0.018238 
3544.785668  	-0.018343 
3546.217326  	-0.018080 
3547.648985  	-0.017794 
3549.080643  	-0.017982 
3550.512301  	-0.018283 
3551.943959  	-0.018389 
3553.375617  	-0.018240 
3554.807276  	-0.017977 
3556.238934  	-0.017823 
3557.670592  	-0.017933 
3559.102250  	-0.018406 
3560.533908  	-0.018768 
3561.965566  	-0.018455 
3563.397225  	-0.017963 
3564.828883  	-0.017863 
3566.260541  	-0.018073 
3567.692199  	-0.018244 
3569.123857  	-0.018176 
3570.555516  	-0.018433 
3571.987174  	-0.018851 
3573.418832  	-0.018797 
3574.850490  	-0.018635 
3576.282148  	-0.018606 
3577.713807  	-0.018245 
3579.145465  	-0.018041 
3580.577123  	-0.018379 
3582.008781  	-0.018633 
3583.440439  	-0.018612 
3584.872097  	-0.018568 
3586.303756  	-0.018542 
3587.735414  	-0.018361 
3589.167072  	-0.018133 
3590.598730  	-0.018321 
3592.030388  	-0.018557 
3593.462047  	-0.018555 
3594.893705  	-0.018722 
3596.325363  	-0.019100 
3597.757021  	-0.019147 
3599.188679  	-0.018838 
3600.620337  	-0.018598 
3602.051996  	-0.018861 
3603.483654  	-0.019302 
3604.915312  	-0.019515 
3606.346970  	-0.019534 
3607.778628  	-0.018999 
3609.210287  	-0.018305 
3610.641945  	-0.018789 
3612.073603  	-0.019333 
3613.505261  	-0.018920 
3614.936919  	-0.018712 
3616.368578  	-0.019140 
3617.800236  	-0.019141 
3619.231894  	-0.018621 
3620.663552  	-0.018574 
3622.095210  	-0.019035 
3623.526868  	-0.019218 
3624.958527  	-0.019141 
3626.390185  	-0.019103 
3627.821843  	-0.018520 
3629.253501  	-0.016736 
3630.685159  	-0.017142 
3632.116818  	-0.018576 
3633.548476  	-0.018713 
3634.980134  	-0.018465 
3636.411792  	-0.018925 
3637.843450  	-0.019240 
3639.275109  	-0.019202 
3640.706767  	-0.019140 
3642.138425  	-0.018875 
3643.570083  	-0.018866 
3645.001741  	-0.019127 
3646.433399  	-0.018847 
3647.865058  	-0.018352 
3649.296716  	-0.018171 
3650.728374  	-0.017541 
3652.160032  	-0.017868 
3653.591690  	-0.018937 
3655.023349  	-0.019227 
3656.455007  	-0.018556 
3657.886665  	-0.018312 
3659.318323  	-0.018818 
3660.749981  	-0.018946 
3662.181639  	-0.018834 
3663.613298  	-0.019101 
3665.044956  	-0.018946 
3666.476614  	-0.018249 
3667.908272  	-0.018144 
3669.339930  	-0.018085 
3670.771589  	-0.017106 
3672.203247  	-0.017366 
3673.634905  	-0.018072 
3675.066563  	-0.017523 
3676.498221  	-0.016916 
3677.929880  	-0.018455 
3679.361538  	-0.019511 
3680.793196  	-0.019556 
3682.224854  	-0.019141 
3683.656512  	-0.018784 
3685.088170  	-0.018461 
3686.519829  	-0.018402 
3687.951487  	-0.018368 
3689.383145  	-0.018218 
3690.814803  	-0.018364 
3692.246461  	-0.018667 
3693.678120  	-0.019107 
3695.109778  	-0.019397 
3696.541436  	-0.019236 
3697.973094  	-0.019149 
3699.404752  	-0.019374 
3700.836411  	-0.019410 
3702.268069  	-0.019284 
3703.699727  	-0.019215 
3705.131385  	-0.019307 
3706.563043  	-0.019378 
3707.994701  	-0.018936 
3709.426360  	-0.018697 
3710.858018  	-0.019170 
3712.289676  	-0.018904 
3713.721334  	-0.018712 
3715.152992  	-0.019383 
3716.584651  	-0.019476 
3718.016309  	-0.019352 
3719.447967  	-0.019741 
3720.879625  	-0.019805 
3722.311283  	-0.019415 
3723.742941  	-0.019224 
3725.174600  	-0.019179 
3726.606258  	-0.019113 
3728.037916  	-0.019231 
3729.469574  	-0.019425 
3730.901232  	-0.019131 
3732.332891  	-0.018555 
3733.764549  	-0.019078 
3735.196207  	-0.019297 
3736.627865  	-0.018143 
3738.059523  	-0.018713 
3739.491182  	-0.019706 
3740.922840  	-0.019724 
3742.354498  	-0.019792 
3743.786156  	-0.019711 
3745.217814  	-0.018345 
3746.649472  	-0.018750 
3748.081131  	-0.019437 
3749.512789  	-0.019165 
3750.944447  	-0.018846 
3752.376105  	-0.019044 
3753.807763  	-0.019554 
3755.239422  	-0.019927 
3756.671080  	-0.019559 
3758.102738  	-0.019279 
3759.534396  	-0.019781 
3760.966054  	-0.019831 
3762.397712  	-0.019732 
3763.829371  	-0.019906 
3765.261029  	-0.019553 
3766.692687  	-0.019367 
3768.124345  	-0.019821 
3769.556003  	-0.019709 
3770.987662  	-0.019343 
3772.419320  	-0.019761 
3773.850978  	-0.020291 
3775.282636  	-0.020393 
3776.714294  	-0.020148 
3778.145953  	-0.019957 
3779.577611  	-0.019719 
3781.009269  	-0.019685 
3782.440927  	-0.020208 
3783.872585  	-0.020289 
3785.304243  	-0.019808 
3786.735902  	-0.019951 
3788.167560  	-0.020252 
3789.599218  	-0.020311 
3791.030876  	-0.020490 
3792.462534  	-0.020486 
3793.894193  	-0.020532 
3795.325851  	-0.020474 
3796.757509  	-0.019722 
3798.189167  	-0.019910 
3799.620825  	-0.020516 
3801.052484  	-0.019306 
3802.484142  	-0.017858 
3803.915800  	-0.019148 
3805.347458  	-0.019869 
3806.779116  	-0.019583 
3808.210774  	-0.019577 
3809.642433  	-0.020314 
3811.074091  	-0.020532 
3812.505749  	-0.020088 
3813.937407  	-0.020028 
3815.369065  	-0.019771 
3816.800724  	-0.018524 
3818.232382  	-0.018887 
3819.664040  	-0.019657 
3821.095698  	-0.019227 
3822.527356  	-0.019129 
3823.959014  	-0.020060 
3825.390673  	-0.020237 
3826.822331  	-0.019573 
3828.253989  	-0.019438 
3829.685647  	-0.020257 
3831.117305  	-0.020370 
3832.548964  	-0.019383 
3833.980622  	-0.019178 
3835.412280  	-0.019442 
3836.843938  	-0.018997 
3838.275596  	-0.018427 
3839.707255  	-0.018785 
3841.138913  	-0.019708 
3842.570571  	-0.019956 
3844.002229  	-0.019446 
3845.433887  	-0.019421 
3846.865545  	-0.019697 
3848.297204  	-0.019425 
3849.728862  	-0.019225 
3851.160520  	-0.019513 
3852.592178  	-0.019078 
3854.023836  	-0.017270 
3855.455495  	-0.017976 
3856.887153  	-0.019209 
3858.318811  	-0.019644 
3859.750469  	-0.020017 
3861.182127  	-0.020316 
3862.613786  	-0.020098 
3864.045444  	-0.019732 
3865.477102  	-0.019050 
3866.908760  	-0.018814 
3868.340418  	-0.019440 
3869.772076  	-0.019247 
3871.203735  	-0.018783 
3872.635393  	-0.019795 
3874.067051  	-0.019672 
3875.498709  	-0.018783 
3876.930367  	-0.019820 
3878.362026  	-0.020529 
3879.793684  	-0.019378 
3881.225342  	-0.018252 
3882.657000  	-0.019105 
3884.088658  	-0.019880 
3885.520316  	-0.019200 
3886.951975  	-0.018313 
3888.383633  	-0.019219 
3889.815291  	-0.019776 
3891.246949  	-0.019265 
3892.678607  	-0.019009 
3894.110266  	-0.019270 
3895.541924  	-0.019411 
3896.973582  	-0.019509 
3898.405240  	-0.019484 
3899.836898  	-0.019360 
3901.268557  	-0.018938 
3902.700215  	-0.018195 
3904.131873  	-0.017825 
3905.563531  	-0.018193 
3906.995189  	-0.019066 
3908.426847  	-0.020031 
3909.858506  	-0.020291 
3911.290164  	-0.019783 
3912.721822  	-0.019630 
3914.153480  	-0.020082 
3915.585138  	-0.020120 
3917.016797  	-0.019443 
3918.448455  	-0.019026 
3919.880113  	-0.019141 
3921.311771  	-0.019403 
3922.743429  	-0.019752 
3924.175088  	-0.019714 
3925.606746  	-0.019301 
3927.038404  	-0.019358 
3928.470062  	-0.019676 
3929.901720  	-0.019960 
3931.333378  	-0.020172 
3932.765037  	-0.019834 
3934.196695  	-0.019372 
3935.628353  	-0.019521 
3937.060011  	-0.019733 
3938.491669  	-0.019752 
3939.923328  	-0.019842 
3941.354986  	-0.019835 
3942.786644  	-0.019600 
3944.218302  	-0.019461 
3945.649960  	-0.019580 
3947.081618  	-0.019766 
3948.513277  	-0.019898 
3949.944935  	-0.019855 
3951.376593  	-0.019596 
3952.808251  	-0.019370 
3954.239909  	-0.019412 
3955.671568  	-0.019590 
3957.103226  	-0.019772 
3958.534884  	-0.020002 
3959.966542  	-0.020121 
3961.398200  	-0.019926 
3962.829859  	-0.019770 
3964.261517  	-0.019894 
3965.693175  	-0.019718 
3967.124833  	-0.019238 
3968.556491  	-0.019138 
3969.988149  	-0.019267 
3971.419808  	-0.019415 
3972.851466  	-0.019798 
3974.283124  	-0.019956 
3975.714782  	-0.019753 
3977.146440  	-0.019805 
3978.578099  	-0.020115 
3980.009757  	-0.020355 
3981.441415  	-0.020342 
3982.873073  	-0.019999 
3984.304731  	-0.019617 
3985.736389  	-0.019353 
3987.168048  	-0.019177 
3988.599706  	-0.019127 
3990.031364  	-0.019173 
3991.463022  	-0.019507 
3992.894680  	-0.020027 
3994.326339  	-0.020204 
3995.757997  	-0.020082 
3997.189655  	-0.019882 
3998.621313  	-0.019638 
4000.052971  	-0.019721 
4001.484630  	-0.020004 
4002.916288  	-0.019757 
4004.347946  	-0.019326 
4005.779604  	-0.019648 
4007.211262  	-0.020163 
4008.642920  	-0.019916 
4010.074579  	-0.019664 
4011.506237  	-0.020016 
4012.937895  	-0.020070 
4014.369553  	-0.019761 
4015.801211  	-0.019795 
4017.232870  	-0.019944 
4018.664528  	-0.019917 
4020.096186  	-0.019785 
4021.527844  	-0.019653 
4022.959502  	-0.019752 
4024.391161  	-0.019850 
4025.822819  	-0.019733 
4027.254477  	-0.019852 
4028.686135  	-0.020147 
4030.117793  	-0.020035 
4031.549451  	-0.019644 
4032.981110  	-0.019488 
4034.412768  	-0.019524 
4035.844426  	-0.019518 
4037.276084  	-0.019596 
4038.707742  	-0.019665 
4040.139401  	-0.019572 
4041.571059  	-0.019670 
4043.002717  	-0.019839 
4044.434375  	-0.019659 
4045.866033  	-0.019473 
4047.297691  	-0.019522 
4048.729350  	-0.019570 
4050.161008  	-0.019520 
4051.592666  	-0.019379 
4053.024324  	-0.019341 
4054.455982  	-0.019371 
4055.887641  	-0.019171 
4057.319299  	-0.018935 
4058.750957  	-0.018894 
4060.182615  	-0.019065 
4061.614273  	-0.019426 
4063.045932  	-0.019608 
4064.477590  	-0.019415 
4065.909248  	-0.018931 
4067.340906  	-0.018364 
4068.772564  	-0.018289 
4070.204222  	-0.018659 
4071.635881  	-0.018969 
4073.067539  	-0.019149 
4074.499197  	-0.018896 
4075.930855  	-0.018452 
4077.362513  	-0.018634 
4078.794172  	-0.018923 
4080.225830  	-0.018772 
4081.657488  	-0.018726 
4083.089146  	-0.018749 
4084.520804  	-0.018572 
4085.952463  	-0.018546 
4087.384121  	-0.018824 
4088.815779  	-0.019129 
4090.247437  	-0.019187 
4091.679095  	-0.019122 
4093.110753  	-0.019128 
4094.542412  	-0.019116 
4095.974070  	-0.019248 
4097.405728  	-0.019580 
4098.837386  	-0.019655 
4100.269044  	-0.019392 
4101.700703  	-0.019250 
4103.132361  	-0.019546 
4104.564019  	-0.019917 
4105.995677  	-0.019813 
4107.427335  	-0.019597 
4108.858993  	-0.019665 
4110.290652  	-0.019631 
4111.722310  	-0.019557 
4113.153968  	-0.019706 
4114.585626  	-0.019741 
4116.017284  	-0.019681 
4117.448943  	-0.019906 
4118.880601  	-0.020251 
4120.312259  	-0.020291 
4121.743917  	-0.020072 
4123.175575  	-0.019982 
4124.607234  	-0.020001 
4126.038892  	-0.019914 
4127.470550  	-0.019940 
4128.902208  	-0.020070 
4130.333866  	-0.020030 
4131.765524  	-0.020196 
4133.197183  	-0.020665 
4134.628841  	-0.020668 
4136.060499  	-0.020293 
4137.492157  	-0.020176 
4138.923815  	-0.020037 
4140.355474  	-0.019893 
4141.787132  	-0.020072 
4143.218790  	-0.020008 
4144.650448  	-0.019733 
4146.082106  	-0.019873 
4147.513764  	-0.020138 
4148.945423  	-0.020274 
4150.377081  	-0.020188 
4151.808739  	-0.019852 
4153.240397  	-0.019965 
4154.672055  	-0.020281 
4156.103714  	-0.020032 
4157.535372  	-0.019844 
4158.967030  	-0.020024 
4160.398688  	-0.020205 
4161.830346  	-0.020354 
4163.262005  	-0.020113 
4164.693663  	-0.019814 
4166.125321  	-0.020000 
4167.556979  	-0.019952 
4168.988637  	-0.019605 
4170.420295  	-0.019517 
4171.851954  	-0.019454 
4173.283612  	-0.019585 
4174.715270  	-0.019962 
4176.146928  	-0.019835 
4177.578586  	-0.019296 
4179.010245  	-0.019257 
4180.441903  	-0.019787 
4181.873561  	-0.019930 
4183.305219  	-0.019530 
4184.736877  	-0.019518 
4186.168536  	-0.019813 
4187.600194  	-0.019821 
4189.031852  	-0.019754 
4190.463510  	-0.019719 
4191.895168  	-0.019715 
4193.326826  	-0.019726 
4194.758485  	-0.019767 
4196.190143  	-0.020186 
4197.621801  	-0.020329 
4199.053459  	-0.019720 
4200.485117  	-0.019485 
4201.916776  	-0.019683 
4203.348434  	-0.019721 
4204.780092  	-0.019865 
4206.211750  	-0.019739 
4207.643408  	-0.019636 
4209.075066  	-0.020257 
4210.506725  	-0.020433 
4211.938383  	-0.019942 
4213.370041  	-0.019892 
4214.801699  	-0.019960 
4216.233357  	-0.020087 
4217.665016  	-0.020665 
4219.096674  	-0.020915 
4220.528332  	-0.020590 
4221.959990  	-0.020160 
4223.391648  	-0.019647 
4224.823307  	-0.019401 
4226.254965  	-0.019687 
4227.686623  	-0.019950 
4229.118281  	-0.019934 
4230.549939  	-0.019935 
4231.981597  	-0.019902 
4233.413256  	-0.019745 
4234.844914  	-0.019641 
4236.276572  	-0.019576 
4237.708230  	-0.019607 
4239.139888  	-0.019741 
4240.571547  	-0.019695 
4242.003205  	-0.019825 
4243.434863  	-0.020252 
4244.866521  	-0.020164 
4246.298179  	-0.019833 
4247.729838  	-0.019943 
4249.161496  	-0.019977 
4250.593154  	-0.019941 
4252.024812  	-0.020201 
4253.456470  	-0.020302 
4254.888128  	-0.020269 
4256.319787  	-0.020243 
4257.751445  	-0.019880 
4259.183103  	-0.019557 
4260.614761  	-0.019727 
4262.046419  	-0.020032 
4263.478078  	-0.020205 
4264.909736  	-0.020235 
4266.341394  	-0.020077 
4267.773052  	-0.019869 
4269.204710  	-0.019931 
4270.636368  	-0.020402 
4272.068027  	-0.020812 
4273.499685  	-0.020579 
4274.931343  	-0.020000 
4276.363001  	-0.019755 
4277.794659  	-0.019743 
4279.226318  	-0.019548 
4280.657976  	-0.019425 
4282.089634  	-0.019722 
4283.521292  	-0.020083 
4284.952950  	-0.020103 
4286.384609  	-0.019928 
4287.816267  	-0.019740 
4289.247925  	-0.019562 
4290.679583  	-0.019660 
4292.111241  	-0.020065 
4293.542899  	-0.020286 
4294.974558  	-0.020266 
4296.406216  	-0.020198 
4297.837874  	-0.019986 
4299.269532  	-0.019879 
4300.701190  	-0.019916 
4302.132849  	-0.019772 
4303.564507  	-0.019757 
4304.996165  	-0.019824 
4306.427823  	-0.019660 
4307.859481  	-0.019660 
4309.291140  	-0.019521 
4310.722798  	-0.019224 
4312.154456  	-0.019850 
4313.586114  	-0.020642 
4315.017772  	-0.020381 
4316.449430  	-0.019919 
4317.881089  	-0.019767 
4319.312747  	-0.019779 
4320.744405  	-0.020024 
4322.176063  	-0.019972 
4323.607721  	-0.019775 
4325.039380  	-0.019983 
4326.471038  	-0.019874 
4327.902696  	-0.019299 
4329.334354  	-0.019242 
4330.766012  	-0.019675 
4332.197670  	-0.019835 
4333.629329  	-0.019782 
4335.060987  	-0.019924 
4336.492645  	-0.020097 
4337.924303  	-0.020164 
4339.355961  	-0.020194 
4340.787620  	-0.020038 
4342.219278  	-0.019949 
4343.650936  	-0.020073 
4345.082594  	-0.019918 
4346.514252  	-0.019708 
4347.945911  	-0.019764 
4349.377569  	-0.019688 
4350.809227  	-0.019636 
4352.240885  	-0.019832 
4353.672543  	-0.020025 
4355.104201  	-0.020219 
4356.535860  	-0.020296 
4357.967518  	-0.020189 
4359.399176  	-0.020113 
4360.830834  	-0.020049 
4362.262492  	-0.020040 
4363.694151  	-0.019997 
4365.125809  	-0.019814 
4366.557467  	-0.019840 
4367.989125  	-0.019954 
4369.420783  	-0.019942 
4370.852441  	-0.020066 
4372.284100  	-0.020089 
4373.715758  	-0.019929 
4375.147416  	-0.020028 
4376.579074  	-0.020192 
4378.010732  	-0.020086 
4379.442391  	-0.019951 
4380.874049  	-0.020173 
4382.305707  	-0.020686 
4383.737365  	-0.020890 
4385.169023  	-0.020595 
4386.600682  	-0.020236 
4388.032340  	-0.020227 
4389.463998  	-0.020597 
4390.895656  	-0.020699 
4392.327314  	-0.020318 
4393.758972  	-0.020038 
4395.190631  	-0.019857 
4396.622289  	-0.019812 
4398.053947  	-0.020109 
4399.485605  	-0.020108 
4400.917263  	-0.019898 
4402.348922  	-0.020196 
4403.780580  	-0.020527 
4405.212238  	-0.020512 
4406.643896  	-0.020534 
4408.075554  	-0.020504 
4409.507213  	-0.020189 
4410.938871  	-0.019879 
4412.370529  	-0.019902 
4413.802187  	-0.019996 
4415.233845  	-0.019984 
4416.665503  	-0.020245 
4418.097162  	-0.020470 
4419.528820  	-0.020156 
4420.960478  	-0.019961 
4422.392136  	-0.020284 
4423.823794  	-0.020502 
4425.255453  	-0.020357 
4426.687111  	-0.020198 
4428.118769  	-0.020023 
4429.550427  	-0.019730 
4430.982085  	-0.019950 
4432.413743  	-0.020531 
4433.845402  	-0.020199 
4435.277060  	-0.019520 
4436.708718  	-0.019742 
4438.140376  	-0.020113 
4439.572034  	-0.020208 
4441.003693  	-0.020508 
4442.435351  	-0.020794 
4443.867009  	-0.020997 
4445.298667  	-0.021176 
4446.730325  	-0.021172 
4448.161984  	-0.020984 
4449.593642  	-0.020633 
4451.025300  	-0.020589 
4452.456958  	-0.020818 
4453.888616  	-0.020758 
4455.320274  	-0.021068 
4456.751933  	-0.021598 
4458.183591  	-0.021306 
4459.615249  	-0.021048 
4461.046907  	-0.021176 
4462.478565  	-0.020959 
4463.910224  	-0.021040 
4465.341882  	-0.021396 
4466.773540  	-0.021251 
4468.205198  	-0.021123 
4469.636856  	-0.021220 
4471.068515  	-0.021098 
4472.500173  	-0.020750 
4473.931831  	-0.020410 
4475.363489  	-0.020408 
4476.795147  	-0.020531 
4478.226805  	-0.020533 
4479.658464  	-0.020831 
4481.090122  	-0.021221 
4482.521780  	-0.021214 
4483.953438  	-0.020967 
4485.385096  	-0.020726 
4486.816755  	-0.020741 
4488.248413  	-0.020770 
4489.680071  	-0.020559 
4491.111729  	-0.020816 
4492.543387  	-0.021415 
4493.975045  	-0.021453 
4495.406704  	-0.021297 
4496.838362  	-0.021275 
4498.270020  	-0.021115 
4499.701678  	-0.021135 
4501.133336  	-0.021196 
4502.564995  	-0.020746 
4503.996653  	-0.020271 
4505.428311  	-0.020380 
4506.859969  	-0.020735 
4508.291627  	-0.020857 
4509.723286  	-0.020801 
4511.154944  	-0.020847 
4512.586602  	-0.020994 
4514.018260  	-0.021138 
4515.449918  	-0.021433 
4516.881576  	-0.021859 
4518.313235  	-0.021921 
4519.744893  	-0.021375 
4521.176551  	-0.020857 
4522.608209  	-0.021041 
4524.039867  	-0.021558 
4525.471526  	-0.021726 
4526.903184  	-0.021548 
4528.334842  	-0.021204 
4529.766500  	-0.020969 
4531.198158  	-0.021273 
4532.629817  	-0.021596 
4534.061475  	-0.021358 
4535.493133  	-0.021302 
4536.924791  	-0.021492 
4538.356449  	-0.021125 
4539.788107  	-0.020770 
4541.219766  	-0.021073 
4542.651424  	-0.021397 
4544.083082  	-0.021211 
4545.514740  	-0.020772 
4546.946398  	-0.020956 
4548.378057  	-0.021698 
4549.809715  	-0.021610 
4551.241373  	-0.020964 
4552.673031  	-0.020965 
4554.104689  	-0.021098 
4555.536347  	-0.021188 
4556.968006  	-0.021658 
4558.399664  	-0.021766 
4559.831322  	-0.021349 
4561.262980  	-0.021025 
4562.694638  	-0.020748 
4564.126297  	-0.020611 
4565.557955  	-0.020796 
4566.989613  	-0.020950 
4568.421271  	-0.020782 
4569.852929  	-0.020437 
4571.284588  	-0.020422 
4572.716246  	-0.020909 
4574.147904  	-0.021204 
4575.579562  	-0.020743 
4577.011220  	-0.020097 
4578.442878  	-0.020181 
4579.874537  	-0.020605 
4581.306195  	-0.020636 
4582.737853  	-0.020903 
4584.169511  	-0.021412 
4585.601169  	-0.021097 
4587.032828  	-0.020538 
4588.464486  	-0.020711 
4589.896144  	-0.021070 
4591.327802  	-0.021155 
4592.759460  	-0.021028 
4594.191118  	-0.020741 
4595.622777  	-0.020649 
4597.054435  	-0.020936 
4598.486093  	-0.021305 
4599.917751  	-0.021310 
4601.349409  	-0.020839 
4602.781068  	-0.020442 
4604.212726  	-0.020659 
4605.644384  	-0.021334 
4607.076042  	-0.021753 
4608.507700  	-0.021514 
4609.939359  	-0.021205 
4611.371017  	-0.021337 
4612.802675  	-0.021499 
4614.234333  	-0.021347 
4615.665991  	-0.021139 
4617.097649  	-0.021284 
4618.529308  	-0.021584 
4619.960966  	-0.021431 
4621.392624  	-0.021088 
4622.824282  	-0.020946 
4624.255940  	-0.020648 
4625.687599  	-0.020491 
4627.119257  	-0.021027 
4628.550915  	-0.021551 
4629.982573  	-0.021238 
4631.414231  	-0.020490 
4632.845890  	-0.020253 
4634.277548  	-0.020472 
4635.709206  	-0.020331 
4637.140864  	-0.020127 
4638.572522  	-0.020577 
4640.004180  	-0.021070 
4641.435839  	-0.020939 
4642.867497  	-0.020819 
4644.299155  	-0.021275 
4645.730813  	-0.021544 
4647.162471  	-0.021048 
4648.594130  	-0.020632 
4650.025788  	-0.020763 
4651.457446  	-0.020864 
4652.889104  	-0.020845 
4654.320762  	-0.020881 
4655.752420  	-0.020896 
4657.184079  	-0.020931 
4658.615737  	-0.020947 
4660.047395  	-0.020920 
4661.479053  	-0.020968 
4662.910711  	-0.021050 
4664.342370  	-0.020924 
4665.774028  	-0.020464 
4667.205686  	-0.020295 
4668.637344  	-0.020719 
4670.069002  	-0.020832 
4671.500661  	-0.020755 
4672.932319  	-0.021275 
4674.363977  	-0.021710 
4675.795635  	-0.021611 
4677.227293  	-0.021242 
4678.658951  	-0.020592 
4680.090610  	-0.020370 
4681.522268  	-0.020791 
4682.953926  	-0.020997 
4684.385584  	-0.021199 
4685.817242  	-0.021626 
4687.248901  	-0.021422 
4688.680559  	-0.020643 
4690.112217  	-0.020214 
4691.543875  	-0.020388 
4692.975533  	-0.020986 
4694.407192  	-0.021624 
4695.838850  	-0.021384 
4697.270508  	-0.020313 
4698.702166  	-0.020249 
4700.133824  	-0.021292 
4701.565482  	-0.021328 
4702.997141  	-0.020663 
4704.428799  	-0.020755 
4705.860457  	-0.020765 
4707.292115  	-0.020409 
4708.723773  	-0.020627 
4710.155432  	-0.021078 
4711.587090  	-0.021129 
4713.018748  	-0.020844 
4714.450406  	-0.020764 
4715.882064  	-0.021436 
4717.313722  	-0.021983 
4718.745381  	-0.021727 
4720.177039  	-0.021825 
4721.608697  	-0.022130 
4723.040355  	-0.021413 
4724.472013  	-0.020884 
4725.903672  	-0.021398 
4727.335330  	-0.021472 
4728.766988  	-0.021143 
4730.198646  	-0.021241 
4731.630304  	-0.021215 
4733.061963  	-0.021402 
4734.493621  	-0.021850 
4735.925279  	-0.021562 
4737.356937  	-0.021380 
4738.788595  	-0.021623 
4740.220253  	-0.021333 
4741.651912  	-0.021490 
4743.083570  	-0.022095 
4744.515228  	-0.021754 
4745.946886  	-0.021277 
4747.378544  	-0.021176 
4748.810203  	-0.021049 
4750.241861  	-0.021305 
4751.673519  	-0.021401 
4753.105177  	-0.021171 
4754.536835  	-0.021384 
4755.968493  	-0.021491 
4757.400152  	-0.021228 
4758.831810  	-0.020875 
4760.263468  	-0.020511 
4761.695126  	-0.020960 
4763.126784  	-0.021814 
4764.558443  	-0.021834 
4765.990101  	-0.021511 
4767.421759  	-0.021311 
4768.853417  	-0.021255 
4770.285075  	-0.021321 
4771.716734  	-0.020775 
4773.148392  	-0.020333 
4774.580050  	-0.021100 
4776.011708  	-0.021641 
4777.443366  	-0.021024 
4778.875024  	-0.020526 
4780.306683  	-0.020753 
4781.738341  	-0.021001 
4783.169999  	-0.020949 
4784.601657  	-0.021089 
4786.033315  	-0.021459 
4787.464974  	-0.021681 
4788.896632  	-0.021893 
4790.328290  	-0.021754 
4791.759948  	-0.021098 
4793.191606  	-0.021134 
4794.623265  	-0.021873 
4796.054923  	-0.021841 
4797.486581  	-0.021260 
4798.918239  	-0.021302 
4800.349897  	-0.021581 
4801.781555  	-0.021399 
4803.213214  	-0.021220 
4804.644872  	-0.021267 
4806.076530  	-0.021195 
4807.508188  	-0.021181 
4808.939846  	-0.021298 
4810.371505  	-0.021327 
4811.803163  	-0.021342 
4813.234821  	-0.021353 
4814.666479  	-0.021546 
4816.098137  	-0.021705 
4817.529795  	-0.021248 
4818.961454  	-0.021094 
4820.393112  	-0.021577 
4821.824770  	-0.021348 
4823.256428  	-0.020887 
4824.688086  	-0.021184 
4826.119745  	-0.021516 
4827.551403  	-0.021615 
4828.983061  	-0.021459 
4830.414719  	-0.021088 
4831.846377  	-0.021211 
4833.278036  	-0.021482 
4834.709694  	-0.021469 
4836.141352  	-0.021734 
4837.573010  	-0.022034 
4839.004668  	-0.021920 
4840.436326  	-0.021655 
4841.867985  	-0.021318 
4843.299643  	-0.020921 
4844.731301  	-0.021030 
4846.162959  	-0.021830 
4847.594617  	-0.021871 
4849.026276  	-0.020817 
4850.457934  	-0.020775 
4851.889592  	-0.021334 
4853.321250  	-0.020840 
4854.752908  	-0.020869 
4856.184567  	-0.021609 
4857.616225  	-0.021411 
4859.047883  	-0.021367 
4860.479541  	-0.022036 
4861.911199  	-0.022248 
4863.342857  	-0.022170 
4864.774516  	-0.022185 
4866.206174  	-0.022303 
4867.637832  	-0.022373 
4869.069490  	-0.021709 
4870.501148  	-0.020859 
4871.932807  	-0.021033 
4873.364465  	-0.021844 
4874.796123  	-0.022037 
4876.227781  	-0.021488 
4877.659439  	-0.021446 
4879.091097  	-0.022080 
4880.522756  	-0.022114 
4881.954414  	-0.021598 
4883.386072  	-0.021355 
4884.817730  	-0.021476 
4886.249388  	-0.021888 
4887.681047  	-0.021910 
4889.112705  	-0.021206 
4890.544363  	-0.020896 
4891.976021  	-0.021236 
4893.407679  	-0.021209 
4894.839338  	-0.021000 
4896.270996  	-0.021392 
4897.702654  	-0.021619 
4899.134312  	-0.021032 
4900.565970  	-0.020941 
4901.997628  	-0.021803 
4903.429287  	-0.022368 
4904.860945  	-0.022407 
4906.292603  	-0.022205 
4907.724261  	-0.021890 
4909.155919  	-0.021894 
4910.587578  	-0.021757 
4912.019236  	-0.021227 
4913.450894  	-0.021023 
4914.882552  	-0.021044 
4916.314210  	-0.021189 
4917.745869  	-0.021621 
4919.177527  	-0.021739 
4920.609185  	-0.021550 
4922.040843  	-0.021448 
4923.472501  	-0.021477 
4924.904159  	-0.021860 
4926.335818  	-0.022238 
4927.767476  	-0.022469 
4929.199134  	-0.023060 
4930.630792  	-0.023208 
4932.062450  	-0.022100 
4933.494109  	-0.020999 
4934.925767  	-0.021178 
4936.357425  	-0.021883 
4937.789083  	-0.021984 
4939.220741  	-0.021857 
4940.652399  	-0.021861 
4942.084058  	-0.021727 
4943.515716  	-0.021962 
4944.947374  	-0.022418 
4946.379032  	-0.022277 
4947.810690  	-0.021887 
4949.242349  	-0.021458 
4950.674007  	-0.021358 
4952.105665  	-0.022079 
4953.537323  	-0.022166 
4954.968981  	-0.021327 
4956.400640  	-0.021412 
4957.832298  	-0.022049 
4959.263956  	-0.022094 
4960.695614  	-0.022067 
4962.127272  	-0.022067 
4963.558930  	-0.021698 
4964.990589  	-0.021254 
4966.422247  	-0.021167 
4967.853905  	-0.021115 
4969.285563  	-0.020842 
4970.717221  	-0.021242 
4972.148880  	-0.021971 
4973.580538  	-0.021596 
4975.012196  	-0.021045 
4976.443854  	-0.021300 
4977.875512  	-0.021626 
4979.307170  	-0.022023 
4980.738829  	-0.022115 
4982.170487  	-0.021328 
4983.602145  	-0.020926 
4985.033803  	-0.021323 
4986.465461  	-0.021490 
4987.897120  	-0.021537 
4989.328778  	-0.021852 
4990.760436  	-0.021994 
4992.192094  	-0.021771 
4993.623752  	-0.021657 
4995.055411  	-0.021818 
4996.487069  	-0.021797 
4997.918727  	-0.021755 
4999.350385  	-0.022056 
5000.782043  	-0.022155 
5002.213701  	-0.021808 
5003.645360  	-0.021384 
5005.077018  	-0.021268 
5006.508676  	-0.021817 
5007.940334  	-0.022228 
5009.371992  	-0.021688 
5010.803651  	-0.021490 
5012.235309  	-0.022214 
5013.666967  	-0.022355 
5015.098625  	-0.021864 
5016.530283  	-0.021835 
5017.961942  	-0.022103 
5019.393600  	-0.022500 
5020.825258  	-0.022693 
5022.256916  	-0.021819 
5023.688574  	-0.020949 
5025.120232  	-0.021333 
5026.551891  	-0.022060 
5027.983549  	-0.022688 
5029.415207  	-0.023070 
5030.846865  	-0.022689 
5032.278523  	-0.022644 
5033.710182  	-0.022892 
5035.141840  	-0.022058 
5036.573498  	-0.021484 
5038.005156  	-0.021856 
5039.436814  	-0.021829 
5040.868472  	-0.022057 
5042.300131  	-0.022496 
5043.731789  	-0.021814 
5045.163447  	-0.021404 
5046.595105  	-0.022088 
5048.026763  	-0.022077 
5049.458422  	-0.021392 
5050.890080  	-0.021399 
5052.321738  	-0.021666 
5053.753396  	-0.021484 
5055.185054  	-0.021369 
5056.616713  	-0.021534 
5058.048371  	-0.021742 
5059.480029  	-0.022013 
5060.911687  	-0.021732 
5062.343345  	-0.021165 
5063.775003  	-0.021958 
5065.206662  	-0.022986 
5066.638320  	-0.022180 
5068.069978  	-0.021118 
5069.501636  	-0.021222 
5070.933294  	-0.021470 
5072.364953  	-0.021494 
5073.796611  	-0.021628 
5075.228269  	-0.022046 
5076.659927  	-0.022707 
5078.091585  	-0.023189 
5079.523244  	-0.023478 
5080.954902  	-0.023179 
5082.386560  	-0.022067 
5083.818218  	-0.021672 
5085.249876  	-0.022300 
5086.681534  	-0.022448 
5088.113193  	-0.022096 
5089.544851  	-0.021837 
5090.976509  	-0.021809 
5092.408167  	-0.022310 
5093.839825  	-0.022652 
5095.271484  	-0.022174 
5096.703142  	-0.021714 
5098.134800  	-0.021892 
5099.566458  	-0.022416 
5100.998116  	-0.022501 
5102.429774  	-0.021675 
5103.861433  	-0.021162 
5105.293091  	-0.021748 
5106.724749  	-0.021915 
5108.156407  	-0.021120 
5109.588065  	-0.020853 
5111.019724  	-0.021342 
5112.451382  	-0.021298 
5113.883040  	-0.020768 
5115.314698  	-0.021189 
5116.746356  	-0.022146 
5118.178015  	-0.021890 
5119.609673  	-0.021506 
5121.041331  	-0.022435 
5122.472989  	-0.022651 
5123.904647  	-0.021565 
5125.336305  	-0.021294 
5126.767964  	-0.021690 
5128.199622  	-0.021707 
5129.631280  	-0.021678 
5131.062938  	-0.021676 
5132.494596  	-0.022011 
5133.926255  	-0.022562 
5135.357913  	-0.022281 
5136.789571  	-0.021838 
5138.221229  	-0.022246 
5139.652887  	-0.022683 
5141.084546  	-0.022759 
5142.516204  	-0.022862 
5143.947862  	-0.022732 
5145.379520  	-0.022272 
5146.811178  	-0.021898 
5148.242836  	-0.021721 
5149.674495  	-0.021812 
5151.106153  	-0.022404 
5152.537811  	-0.022734 
5153.969469  	-0.022084 
5155.401127  	-0.021742 
5156.832786  	-0.022230 
5158.264444  	-0.021970 
5159.696102  	-0.020965 
5161.127760  	-0.020659 
5162.559418  	-0.021400 
5163.991076  	-0.022334 
5165.422735  	-0.022281 
5166.854393  	-0.021816 
5168.286051  	-0.022001 
5169.717709  	-0.022226 
5171.149367  	-0.022621 
5172.581026  	-0.023497 
5174.012684  	-0.023479 
5175.444342  	-0.022441 
5176.876000  	-0.021635 
5178.307658  	-0.021643 
5179.739317  	-0.022153 
5181.170975  	-0.022351 
5182.602633  	-0.022636 
5184.034291  	-0.023419 
5185.465949  	-0.023487 
5186.897607  	-0.023028 
5188.329266  	-0.022755 
5189.760924  	-0.021727 
5191.192582  	-0.020833 
5192.624240  	-0.021562 
5194.055898  	-0.022704 
5195.487557  	-0.022493 
5196.919215  	-0.021321 
5198.350873  	-0.021648 
5199.782531  	-0.023250 
5201.214189  	-0.023178 
5202.645847  	-0.022146 
5204.077506  	-0.022077 
5205.509164  	-0.022012 
5206.940822  	-0.021802 
5208.372480  	-0.022379 
5209.804138  	-0.023206 
5211.235797  	-0.023506 
5212.667455  	-0.022952 
5214.099113  	-0.022438 
5215.530771  	-0.022626 
5216.962429  	-0.022568 
5218.394088  	-0.022209 
5219.825746  	-0.021839 
5221.257404  	-0.021633 
5222.689062  	-0.022591 
5224.120720  	-0.023472 
5225.552378  	-0.022686 
5226.984037  	-0.022092 
5228.415695  	-0.022470 
5229.847353  	-0.022562 
5231.279011  	-0.022490 
5232.710669  	-0.021781 
5234.142328  	-0.020377 
5235.573986  	-0.020537 
5237.005644  	-0.022432 
5238.437302  	-0.022923 
5239.868960  	-0.021841 
5241.300619  	-0.022174 
5242.732277  	-0.023076 
5244.163935  	-0.022456 
5245.595593  	-0.022452 
5247.027251  	-0.023509 
5248.458909  	-0.023028 
5249.890568  	-0.022179 
5251.322226  	-0.022841 
5252.753884  	-0.023522 
5254.185542  	-0.023233 
5255.617200  	-0.022149 
5257.048859  	-0.021371 
5258.480517  	-0.021784 
5259.912175  	-0.022643 
5261.343833  	-0.023005 
5262.775491  	-0.022603 
5264.207149  	-0.021972 
5265.638808  	-0.022085 
5267.070466  	-0.022936 
5268.502124  	-0.023654 
5269.933782  	-0.023284 
5271.365440  	-0.022243 
5272.797099  	-0.022232 
5274.228757  	-0.022633 
5275.660415  	-0.022207 
5277.092073  	-0.022129 
5278.523731  	-0.022507 
5279.955390  	-0.022383 
5281.387048  	-0.022377 
5282.818706  	-0.022544 
5284.250364  	-0.022568 
5285.682022  	-0.022665 
5287.113680  	-0.022270 
5288.545339  	-0.021764 
5289.976997  	-0.022004 
5291.408655  	-0.022248 
5292.840313  	-0.022138 
5294.271971  	-0.022262 
5295.703630  	-0.022283 
5297.135288  	-0.022144 
5298.566946  	-0.022497 
5299.998604  	-0.022672 
5301.430262  	-0.021682 
5302.861921  	-0.021277 
5304.293579  	-0.022832 
5305.725237  	-0.023713 
5307.156895  	-0.022567 
5308.588553  	-0.021883 
5310.020211  	-0.022335 
5311.451870  	-0.022286 
5312.883528  	-0.021943 
5314.315186  	-0.022113 
5315.746844  	-0.022549 
5317.178502  	-0.022597 
5318.610161  	-0.022216 
5320.041819  	-0.021995 
5321.473477  	-0.022134 
5322.905135  	-0.022623 
5324.336793  	-0.022856 
5325.768451  	-0.021801 
5327.200110  	-0.020566 
5328.631768  	-0.020953 
5330.063426  	-0.021788 
5331.495084  	-0.022205 
5332.926742  	-0.022894 
5334.358401  	-0.023029 
5335.790059  	-0.022364 
5337.221717  	-0.021977 
5338.653375  	-0.021990 
5340.085033  	-0.022177 
5341.516692  	-0.022549 
5342.948350  	-0.022814 
5344.380008  	-0.022609 
5345.811666  	-0.021769 
5347.243324  	-0.021421 
5348.674982  	-0.022157 
5350.106641  	-0.023138 
5351.538299  	-0.023656 
5352.969957  	-0.023227 
5354.401615  	-0.021761 
5355.833273  	-0.021698 
5357.264932  	-0.022666 
5358.696590  	-0.022035 
5360.128248  	-0.021309 
5361.559906  	-0.022064 
5362.991564  	-0.022536 
5364.423222  	-0.022731 
5365.854881  	-0.022839 
5367.286539  	-0.021909 
5368.718197  	-0.021394 
5370.149855  	-0.021881 
5371.581513  	-0.022087 
5373.013172  	-0.022269 
5374.444830  	-0.022609 
5375.876488  	-0.022457 
5377.308146  	-0.021833 
5378.739804  	-0.021766 
5380.171463  	-0.023005 
5381.603121  	-0.023875 
5383.034779  	-0.023457 
5384.466437  	-0.023278 
5385.898095  	-0.022876 
5387.329753  	-0.022187 
5388.761412  	-0.023110 
5390.193070  	-0.023703 
5391.624728  	-0.022747 
5393.056386  	-0.022518 
5394.488044  	-0.023300 
5395.919703  	-0.023457 
5397.351361  	-0.022830 
5398.783019  	-0.022796 
5400.214677  	-0.023961 
5401.646335  	-0.024307 
5403.077994  	-0.023705 
5404.509652  	-0.023775 
5405.941310  	-0.023291 
5407.372968  	-0.022568 
5408.804626  	-0.022758 
5410.236284  	-0.022487 
5411.667943  	-0.022958 
5413.099601  	-0.024392 
5414.531259  	-0.023673 
5415.962917  	-0.022295 
5417.394575  	-0.022702 
5418.826234  	-0.023779 
5420.257892  	-0.024553 
5421.689550  	-0.023791 
5423.121208  	-0.022750 
5424.552866  	-0.023304 
5425.984524  	-0.022883 
5427.416183  	-0.021011 
5428.847841  	-0.020847 
5430.279499  	-0.022587 
5431.711157  	-0.023763 
5433.142815  	-0.023687 
5434.574474  	-0.023231 
5436.006132  	-0.022877 
5437.437790  	-0.022242 
5438.869448  	-0.022183 
5440.301106  	-0.022459 
5441.732765  	-0.021899 
5443.164423  	-0.022186 
5444.596081  	-0.022702 
5446.027739  	-0.021343 
5447.459397  	-0.020829 
5448.891055  	-0.021751 
5450.322714  	-0.021387 
5451.754372  	-0.020990 
5453.186030  	-0.021746 
5454.617688  	-0.022524 
5456.049346  	-0.023038 
5457.481005  	-0.023050 
5458.912663  	-0.022935 
5460.344321  	-0.023288 
5461.775979  	-0.023164 
5463.207637  	-0.022441 
5464.639296  	-0.022312 
5466.070954  	-0.022360 
5467.502612  	-0.021750 
5468.934270  	-0.021572 
5470.365928  	-0.022374 
5471.797586  	-0.022453 
5473.229245  	-0.021796 
5474.660903  	-0.021568 
5476.092561  	-0.021383 
5477.524219  	-0.021717 
5478.955877  	-0.022678 
5480.387536  	-0.022964 
5481.819194  	-0.023218 
5483.250852  	-0.023540 
5484.682510  	-0.022570 
5486.114168  	-0.021702 
5487.545826  	-0.022243 
5488.977485  	-0.023078 
5490.409143  	-0.024113 
5491.840801  	-0.024930 
5493.272459  	-0.023978 
5494.704117  	-0.021863 
5496.135776  	-0.020838 
5497.567434  	-0.020850 
5498.999092  	-0.021206 
5500.430750  	-0.022383 
5501.862408  	-0.023796 
5503.294067  	-0.024155 
5504.725725  	-0.024409 
5506.157383  	-0.024550 
5507.589041  	-0.023037 
5509.020699  	-0.021849 
5510.452357  	-0.022753 
5511.884016  	-0.023502 
5513.315674  	-0.023392 
5514.747332  	-0.023352 
5516.178990  	-0.023284 
5517.610648  	-0.023240 
5519.042307  	-0.023704 
5520.473965  	-0.024537 
5521.905623  	-0.024510 
5523.337281  	-0.023232 
5524.768939  	-0.022364 
5526.200598  	-0.022636 
5527.632256  	-0.023526 
5529.063914  	-0.024343 
5530.495572  	-0.023799 
5531.927230  	-0.022586 
5533.358888  	-0.022470 
5534.790547  	-0.023006 
5536.222205  	-0.023683 
5537.653863  	-0.024103 
5539.085521  	-0.023302 
5540.517179  	-0.022680 
5541.948838  	-0.023524 
5543.380496  	-0.024312 
5544.812154  	-0.024394 
5546.243812  	-0.024592 
5547.675470  	-0.024720 
5549.107128  	-0.024410 
5550.538787  	-0.023826 
5551.970445  	-0.022352 
5553.402103  	-0.020622 
5554.833761  	-0.021235 
5556.265419  	-0.023048 
5557.697078  	-0.023177 
5559.128736  	-0.023611 
5560.560394  	-0.024828 
5561.992052  	-0.023980 
5563.423710  	-0.023034 
5564.855369  	-0.023797 
5566.287027  	-0.023796 
5567.718685  	-0.023069 
5569.150343  	-0.022837 
5570.582001  	-0.022890 
5572.013659  	-0.023566 
5573.445318  	-0.024109 
5574.876976  	-0.024284 
5576.308634  	-0.024557 
5577.740292  	-0.023802 
5579.171950  	-0.023079 
5580.603609  	-0.023701 
5582.035267  	-0.023545 
5583.466925  	-0.022667 
5584.898583  	-0.022213 
5586.330241  	-0.021345 
5587.761899  	-0.021905 
5589.193558  	-0.024338 
5590.625216  	-0.024669 
5592.056874  	-0.023184 
5593.488532  	-0.022930 
5594.920190  	-0.022788 
5596.351849  	-0.021965 
5597.783507  	-0.021915 
5599.215165  	-0.022257 
5600.646823  	-0.022280 
5602.078481  	-0.022632 
5603.510140  	-0.022584 
5604.941798  	-0.021505 
5606.373456  	-0.021534 
5607.805114  	-0.022733 
5609.236772  	-0.022112 
5610.668430  	-0.021116 
5612.100089  	-0.022359 
5613.531747  	-0.023029 
5614.963405  	-0.022399 
5616.395063  	-0.022915 
5617.826721  	-0.023635 
5619.258380  	-0.024218 
5620.690038  	-0.024788 
5622.121696  	-0.023699 
5623.553354  	-0.023122 
5624.985012  	-0.024268 
5626.416671  	-0.024184 
5627.848329  	-0.023902 
5629.279987  	-0.024092 
5630.711645  	-0.022548 
5632.143303  	-0.021292 
5633.574961  	-0.021937 
5635.006620  	-0.023657 
5636.438278  	-0.025823 
5637.869936  	-0.025318 
5639.301594  	-0.023045 
5640.733252  	-0.022900 
5642.164911  	-0.022194 
5643.596569  	-0.020542 
5645.028227  	-0.021545 
5646.459885  	-0.022988 
5647.891543  	-0.023356 
5649.323201  	-0.023511 
5650.754860  	-0.022116 
5652.186518  	-0.021367 
5653.618176  	-0.023066 
5655.049834  	-0.023996 
5656.481492  	-0.023850 
5657.913151  	-0.024418 
5659.344809  	-0.024409 
5660.776467  	-0.023145 
5662.208125  	-0.022315 
5663.639783  	-0.022818 
5665.071442  	-0.023817 
5666.503100  	-0.024557 
5667.934758  	-0.024536 
5669.366416  	-0.023715 
5670.798074  	-0.023411 
5672.229732  	-0.022977 
5673.661391  	-0.021828 
5675.093049  	-0.022642 
5676.524707  	-0.024267 
5677.956365  	-0.024046 
5679.388023  	-0.023942 
5680.819682  	-0.023319 
5682.251340  	-0.021480 
5683.682998  	-0.022006 
5685.114656  	-0.023361 
5686.546314  	-0.022628 
5687.977973  	-0.022028 
5689.409631  	-0.022405 
5690.841289  	-0.023212 
5692.272947  	-0.023951 
5693.704605  	-0.023645 
5695.136263  	-0.023262 
5696.567922  	-0.022791 
5697.999580  	-0.022139 
5699.431238  	-0.022599 
5700.862896  	-0.022554 
5702.294554  	-0.022422 
5703.726213  	-0.024227 
5705.157871  	-0.024863 
5706.589529  	-0.024144 
5708.021187  	-0.024383 
5709.452845  	-0.023290 
5710.884503  	-0.021870 
5712.316162  	-0.022743 
5713.747820  	-0.023240 
5715.179478  	-0.022541 
5716.611136  	-0.021901 
5718.042794  	-0.021599 
5719.474453  	-0.023053 
5720.906111  	-0.024442 
5722.337769  	-0.023571 
5723.769427  	-0.023957 
5725.201085  	-0.025689 
5726.632744  	-0.024353 
5728.064402  	-0.021968 
5729.496060  	-0.022455 
5730.927718  	-0.023486 
5732.359376  	-0.022799 
5733.791034  	-0.021960 
5735.222693  	-0.021959 
5736.654351  	-0.022581 
5738.086009  	-0.023550 
5739.517667  	-0.024423 
5740.949325  	-0.024841 
5742.380984  	-0.024046 
5743.812642  	-0.022760 
5745.244300  	-0.023392 
5746.675958  	-0.024844 
5748.107616  	-0.024889 
5749.539275  	-0.025276 
5750.970933  	-0.026118 
5752.402591  	-0.024479 
5753.834249  	-0.021883 
5755.265907  	-0.021946 
5756.697565  	-0.023113 
5758.129224  	-0.022556 
5759.560882  	-0.021480 
5760.992540  	-0.021471 
5762.424198  	-0.021928 
5763.855856  	-0.022320 
5765.287515  	-0.022766 
5766.719173  	-0.024059 
5768.150831  	-0.025940 
5769.582489  	-0.025637 
5771.014147  	-0.024016 
5772.445805  	-0.024436 
5773.877464  	-0.024643 
5775.309122  	-0.023085 
5776.740780  	-0.023126 
5778.172438  	-0.024852 
5779.604096  	-0.026372 
5781.035755  	-0.026995 
5782.467413  	-0.026056 
5783.899071  	-0.025249 
5785.330729  	-0.025578 
5786.762387  	-0.025033 
5788.194046  	-0.023666 
5789.625704  	-0.022851 
5791.057362  	-0.022871 
5792.489020  	-0.023584 
5793.920678  	-0.023739 
5795.352336  	-0.022564 
5796.783995  	-0.020875 
5798.215653  	-0.020126 
5799.647311  	-0.021171 
5801.078969  	-0.022730 
5802.510627  	-0.024008 
5803.942286  	-0.024700 
5805.373944  	-0.023403 
5806.805602  	-0.021957 
5808.237260  	-0.022466 
5809.668918  	-0.023037 
5811.100576  	-0.022844 
5812.532235  	-0.021735 
5813.963893  	-0.020855 
5815.395551  	-0.022764 
5816.827209  	-0.024144 
5818.258867  	-0.023406 
5819.690526  	-0.024726 
5821.122184  	-0.025254 
5822.553842  	-0.022969 
5823.985500  	-0.023198 
5825.417158  	-0.024456 
5826.848817  	-0.022939 
5828.280475  	-0.022083 
5829.712133  	-0.023312 
5831.143791  	-0.023771 
5832.575449  	-0.022926 
5834.007107  	-0.022571 
5835.438766  	-0.022674 
5836.870424  	-0.022550 
5838.302082  	-0.023757 
5839.733740  	-0.024118 
5841.165398  	-0.021173 
5842.597057  	-0.020536 
5844.028715  	-0.022954 
5845.460373  	-0.022662 
5846.892031  	-0.022012 
5848.323689  	-0.023829 
5849.755348  	-0.025075 
5851.187006  	-0.024745 
5852.618664  	-0.023334 
5854.050322  	-0.022634 
5855.481980  	-0.023852 
5856.913638  	-0.024407 
5858.345297  	-0.023942 
5859.776955  	-0.022951 
5861.208613  	-0.021227 
5862.640271  	-0.021893 
5864.071929  	-0.024004 
5865.503588  	-0.023994 
5866.935246  	-0.024247 
5868.366904  	-0.025189 
5869.798562  	-0.024298 
5871.230220  	-0.023381 
5872.661878  	-0.024357 
5874.093537  	-0.025700 
5875.525195  	-0.024902 
5876.956853  	-0.022765 
5878.388511  	-0.022764 
5879.820169  	-0.023499 
5881.251828  	-0.022795 
5882.683486  	-0.022329 
5884.115144  	-0.021631 
5885.546802  	-0.021388 
5886.978460  	-0.023695 
5888.410119  	-0.025287 
5889.841777  	-0.025342 
5891.273435  	-0.026447 
5892.705093  	-0.026000 
5894.136751  	-0.023869 
5895.568409  	-0.024249 
5897.000068  	-0.024989 
5898.431726  	-0.022873 
5899.863384  	-0.021674 
5901.295042  	-0.023447 
5902.726700  	-0.024504 
5904.158359  	-0.023477 
5905.590017  	-0.022644 
5907.021675  	-0.022986 
5908.453333  	-0.023979 
5909.884991  	-0.024307 
5911.316650  	-0.023750 
5912.748308  	-0.024362 
5914.179966  	-0.025001 
5915.611624  	-0.023675 
5917.043282  	-0.023147 
5918.474940  	-0.023694 
5919.906599  	-0.023007 
5921.338257  	-0.022624 
5922.769915  	-0.022620 
5924.201573  	-0.021857 
5925.633231  	-0.022265 
5927.064890  	-0.024270 
5928.496548  	-0.026609 
5929.928206  	-0.027132 
5931.359864  	-0.024313 
5932.791522  	-0.022871 
5934.223180  	-0.025478 
5935.654839  	-0.026651 
5937.086497  	-0.024911 
5938.518155  	-0.023445 
5939.949813  	-0.022445 
5941.381471  	-0.022503 
5942.813130  	-0.024126 
5944.244788  	-0.025211 
5945.676446  	-0.024413 
5947.108104  	-0.022441 
5948.539762  	-0.021322 
5949.971421  	-0.022298 
5951.403079  	-0.024037 
5952.834737  	-0.025456 
5954.266395  	-0.026156 
5955.698053  	-0.025486 
5957.129711  	-0.023969 
5958.561370  	-0.022656 
5959.993028  	-0.022666 
5961.424686  	-0.023973 
5962.856344  	-0.024438 
5964.288002  	-0.023722 
5965.719661  	-0.022884 
5967.151319  	-0.021608 
5968.582977  	-0.021461 
5970.014635  	-0.022988 
5971.446293  	-0.023886 
5972.877951  	-0.025574 
5974.309610  	-0.028397 
5975.741268  	-0.028318 
5977.172926  	-0.025909 
5978.604584  	-0.022980 
5980.036242  	-0.020248 
5981.467901  	-0.021522 
5982.899559  	-0.024706 
5984.331217  	-0.024478 
5985.762875  	-0.023864 
5987.194533  	-0.024773 
5988.626192  	-0.024912 
5990.057850  	-0.025347 
5991.489508  	-0.025654 
5992.921166  	-0.025474 
5994.352824  	-0.026595 
5995.784482  	-0.026752 
5997.216141  	-0.025567 
5998.647799  	-0.025083 
6000.079457  	-0.024228 
6001.511115  	-0.024218 
6002.942773  	-0.025418 
6004.374432  	-0.024390 
6005.806090  	-0.022089 
6007.237748  	-0.021250 
6008.669406  	-0.021932 
6010.101064  	-0.023780 
6011.532723  	-0.024738 
6012.964381  	-0.024350 
6014.396039  	-0.024451 
6015.827697  	-0.025378 
6017.259355  	-0.027184 
6018.691013  	-0.027383 
6020.122672  	-0.023990 
6021.554330  	-0.022067 
6022.985988  	-0.022867 
6024.417646  	-0.021744 
6025.849304  	-0.020325 
6027.280963  	-0.021572 
6028.712621  	-0.023529 
6030.144279  	-0.024186 
6031.575937  	-0.023735 
6033.007595  	-0.024504 
6034.439253  	-0.026364 
6035.870912  	-0.026180 
6037.302570  	-0.025089 
6038.734228  	-0.025281 
6040.165886  	-0.024881 
6041.597544  	-0.023327 
6043.029203  	-0.022389 
6044.460861  	-0.023440 
6045.892519  	-0.026198 
6047.324177  	-0.028063 
6048.755835  	-0.027707 
6050.187494  	-0.025609 
6051.619152  	-0.022321 
6053.050810  	-0.019686 
6054.482468  	-0.019349 
6055.914126  	-0.021304 
6057.345784  	-0.024039 
6058.777443  	-0.024679 
6060.209101  	-0.023498 
6061.640759  	-0.023578 
6063.072417  	-0.024030 
6064.504075  	-0.023971 
6065.935734  	-0.025022 
6067.367392  	-0.025644 
6068.799050  	-0.025310 
6070.230708  	-0.025643 
6071.662366  	-0.023934 
6073.094025  	-0.021121 
6074.525683  	-0.022621 
6075.957341  	-0.025054 
6077.388999  	-0.023763 
6078.820657  	-0.022544 
6080.252315  	-0.022838 
6081.683974  	-0.023558 
6083.115632  	-0.025743 
6084.547290  	-0.026038 
6085.978948  	-0.021877 
6087.410606  	-0.018551 
6088.842265  	-0.019784 
6090.273923  	-0.022393 
6091.705581  	-0.022889 
6093.137239  	-0.023165 
6094.568897  	-0.025124 
6096.000555  	-0.025059 
6097.432214  	-0.022214 
6098.863872  	-0.022552 
6100.295530  	-0.025966 
6101.727188  	-0.026503 
6103.158846  	-0.024090 
6104.590505  	-0.022555 
6106.022163  	-0.022619 
6107.453821  	-0.022607 
6108.885479  	-0.022324 
6110.317137  	-0.022961 
6111.748796  	-0.024655 
6113.180454  	-0.027339 
6114.612112  	-0.028513 
6116.043770  	-0.024852 
6117.475428  	-0.021471 
6118.907086  	-0.024086 
6120.338745  	-0.025685 
6121.770403  	-0.021346 
6123.202061  	-0.019131 
6124.633719  	-0.021910 
6126.065377  	-0.023009 
6127.497036  	-0.022293 
6128.928694  	-0.023960 
6130.360352  	-0.025353 
6131.792010  	-0.024481 
6133.223668  	-0.024516 
6134.655327  	-0.024759 
6136.086985  	-0.023157 
6137.518643  	-0.023416 
6138.950301  	-0.026389 
6140.381959  	-0.026849 
6141.813617  	-0.025104 
6143.245276  	-0.025517 
6144.676934  	-0.025749 
6146.108592  	-0.024521 
6147.540250  	-0.026123 
6148.971908  	-0.027624 
6150.403567  	-0.025779 
6151.835225  	-0.026599 
6153.266883  	-0.028787 
6154.698541  	-0.026679 
6156.130199  	-0.024763 
6157.561857  	-0.023405 
6158.993516  	-0.020364 
6160.425174  	-0.022170 
6161.856832  	-0.026814 
6163.288490  	-0.027129 
6164.720148  	-0.026461 
6166.151807  	-0.025554 
6167.583465  	-0.022114 
6169.015123  	-0.020775 
6170.446781  	-0.023193 
6171.878439  	-0.026346 
6173.310098  	-0.027749 
6174.741756  	-0.025229 
6176.173414  	-0.022086 
6177.605072  	-0.022320 
6179.036730  	-0.023654 
6180.468388  	-0.025050 
6181.900047  	-0.026630 
6183.331705  	-0.025845 
6184.763363  	-0.024750 
6186.195021  	-0.026109 
6187.626679  	-0.025390 
6189.058338  	-0.021772 
6190.489996  	-0.022370 
6191.921654  	-0.026632 
6193.353312  	-0.025895 
6194.784970  	-0.021683 
6196.216628  	-0.023143 
6197.648287  	-0.027569 
6199.079945  	-0.026144 
6200.511603  	-0.022337 
6201.943261  	-0.021357 
6203.374919  	-0.020785 
6204.806578  	-0.023446 
6206.238236  	-0.028894 
6207.669894  	-0.027705 
6209.101552  	-0.023540 
6210.533210  	-0.023675 
6211.964869  	-0.022841 
6213.396527  	-0.022104 
6214.828185  	-0.023846 
6216.259843  	-0.022181 
6217.691501  	-0.020413 
6219.123159  	-0.021578 
6220.554818  	-0.021263 
6221.986476  	-0.021385 
6223.418134  	-0.021541 
6224.849792  	-0.020017 
6226.281450  	-0.022305 
6227.713109  	-0.025777 
6229.144767  	-0.023747 
6230.576425  	-0.019678 
6232.008083  	-0.019577 
6233.439741  	-0.024402 
6234.871400  	-0.027444 
6236.303058  	-0.025108 
6237.734716  	-0.025212 
6239.166374  	-0.027976 
6240.598032  	-0.026824 
6242.029690  	-0.026494 
6243.461349  	-0.028434 
6244.893007  	-0.025994 
6246.324665  	-0.021909 
6247.756323  	-0.022387 
6249.187981  	-0.024775 
6250.619640  	-0.025252 
6252.051298  	-0.025385 
6253.482956  	-0.024915 
6254.914614  	-0.022077 
6256.346272  	-0.019760 
6257.777930  	-0.019888 
6259.209589  	-0.021732 
6260.641247  	-0.024805 
6262.072905  	-0.024320 
6263.504563  	-0.020186 
6264.936221  	-0.019633 
6266.367880  	-0.021805 
6267.799538  	-0.023629 
6269.231196  	-0.024785 
6270.662854  	-0.022566 
6272.094512  	-0.020534 
6273.526171  	-0.023266 
6274.957829  	-0.026580 
6276.389487  	-0.028190 
6277.821145  	-0.028889 
6279.252803  	-0.028452 
6280.684461  	-0.027367 
6282.116120  	-0.025184 
6283.547778  	-0.023784 
6284.979436  	-0.023348 
6286.411094  	-0.022245 
6287.842752  	-0.024350 
6289.274411  	-0.026560 
6290.706069  	-0.021286 
6292.137727  	-0.015722 
6293.569385  	-0.017467 
6295.001043  	-0.022002 
6296.432702  	-0.024396 
6297.864360  	-0.024115 
6299.296018  	-0.023400 
6300.727676  	-0.023317 
6302.159334  	-0.023516 
6303.590992  	-0.025635 
6305.022651  	-0.028501 
6306.454309  	-0.028954 
6307.885967  	-0.026927 
6309.317625  	-0.023960 
6310.749283  	-0.024667 
6312.180942  	-0.027722 
6313.612600  	-0.026586 
6315.044258  	-0.024105 
6316.475916  	-0.022516 
6317.907574  	-0.019677 
6319.339232  	-0.020013 
6320.770891  	-0.023559 
6322.202549  	-0.025698 
6323.634207  	-0.026766 
6325.065865  	-0.025180 
6326.497523  	-0.022416 
6327.929182  	-0.024052 
6329.360840  	-0.026735 
6330.792498  	-0.025624 
6332.224156  	-0.023772 
6333.655814  	-0.024996 
6335.087473  	-0.026006 
6336.519131  	-0.022829 
6337.950789  	-0.021565 
6339.382447  	-0.025263 
6340.814105  	-0.026474 
6342.245763  	-0.025208 
6343.677422  	-0.025300 
6345.109080  	-0.025011 
6346.540738  	-0.024791 
6347.972396  	-0.023599 
6349.404054  	-0.021645 
6350.835713  	-0.024496 
6352.267371  	-0.029155 
6353.699029  	-0.029273 
6355.130687  	-0.026826 
6356.562345  	-0.022929 
6357.994003  	-0.019660 
6359.425662  	-0.021992 
6360.857320  	-0.026133 
6362.288978  	-0.025639 
6363.720636  	-0.022922 
6365.152294  	-0.021568 
6366.583953  	-0.020710 
6368.015611  	-0.021893 
6369.447269  	-0.025879 
6370.878927  	-0.027204 
6372.310585  	-0.024701 
6373.742244  	-0.022303 
6375.173902  	-0.020737 
6376.605560  	-0.021830 
6378.037218  	-0.024388 
6379.468876  	-0.023346 
6380.900534  	-0.022939 
6382.332193  	-0.025239 
6383.763851  	-0.024107 
6385.195509  	-0.021517 
6386.627167  	-0.020627 
6388.058825  	-0.020305 
6389.490484  	-0.022569 
6390.922142  	-0.025206 
6392.353800  	-0.025594 
6393.785458  	-0.026188 
6395.217116  	-0.024983 
6396.648775  	-0.022804 
6398.080433  	-0.022671 
6399.512091  	-0.021791 
6400.943749  	-0.022730 
6402.375407  	-0.026694 
6403.807065  	-0.024943 
6405.238724  	-0.021173 
6406.670382  	-0.023226 
6408.102040  	-0.025248 
6409.533698  	-0.024909 
6410.965356  	-0.025132 
6412.397015  	-0.024817 
6413.828673  	-0.024892 
6415.260331  	-0.024312 
6416.691989  	-0.021643 
6418.123647  	-0.020163 
6419.555305  	-0.019514 
6420.986964  	-0.019840 
6422.418622  	-0.021914 
6423.850280  	-0.020079 
6425.281938  	-0.017533 
6426.713596  	-0.020227 
6428.145255  	-0.021319 
6429.576913  	-0.021744 
6431.008571  	-0.026023 
6432.440229  	-0.027483 
6433.871887  	-0.026236 
6435.303546  	-0.026975 
6436.735204  	-0.027376 
6438.166862  	-0.026274 
6439.598520  	-0.022254 
6441.030178  	-0.018669 
6442.461836  	-0.022458 
6443.893495  	-0.026861 
6445.325153  	-0.025590 
6446.756811  	-0.023458 
6448.188469  	-0.021206 
6449.620127  	-0.021717 
6451.051786  	-0.026658 
6452.483444  	-0.027655 
6453.915102  	-0.025177 
6455.346760  	-0.025606 
6456.778418  	-0.025977 
6458.210077  	-0.024990 
6459.641735  	-0.024679 
6461.073393  	-0.023458 
6462.505051  	-0.022000 
6463.936709  	-0.023499 
6465.368367  	-0.027176 
6466.800026  	-0.029733 
6468.231684  	-0.029263 
6469.663342  	-0.025343 
6471.095000  	-0.020953 
6472.526658  	-0.021969 
6473.958317  	-0.025636 
6475.389975  	-0.026112 
6476.821633  	-0.026731 
6478.253291  	-0.026704 
6479.684949  	-0.021530 
6481.116607  	-0.019245 
6482.548266  	-0.022943 
6483.979924  	-0.022929 
6485.411582  	-0.019387 
6486.843240  	-0.020932 
6488.274898  	-0.024639 
6489.706557  	-0.022895 
6491.138215  	-0.019654 
6492.569873  	-0.020786 
6494.001531  	-0.022232 
6495.433189  	-0.022054 
6496.864848  	-0.023930 
6498.296506  	-0.026993 
6499.728164  	-0.028938 
6501.159822  	-0.029222 
6502.591480  	-0.026937 
6504.023138  	-0.023826 
6505.454797  	-0.022377 
6506.886455  	-0.024340 
6508.318113  	-0.027960 
6509.749771  	-0.028083 
6511.181429  	-0.026499 
6512.613088  	-0.024217 
6514.044746  	-0.017320 
6515.476404  	-0.013397 
6516.908062  	-0.019141 
6518.339720  	-0.024719 
6519.771379  	-0.024931 
6521.203037  	-0.027020 
6522.634695  	-0.029552 
6524.066353  	-0.026120 
6525.498011  	-0.022313 
6526.929669  	-0.023197 
6528.361328  	-0.022903 
6529.792986  	-0.022589 
6531.224644  	-0.026000 
6532.656302  	-0.027867 
6534.087960  	-0.028122 
6535.519619  	-0.027675 
6536.951277  	-0.025501 
6538.382935  	-0.027330 
6539.814593  	-0.028163 
6541.246251  	-0.022994 
6542.677909  	-0.023333 
6544.109568  	-0.025973 
6545.541226  	-0.023412 
6546.972884  	-0.024431 
6548.404542  	-0.027165 
6549.836200  	-0.027904 
6551.267859  	-0.030343 
6552.699517  	-0.027618 
6554.131175  	-0.022772 
6555.562833  	-0.024757 
6556.994491  	-0.026238 
6558.426150  	-0.026140 
6559.857808  	-0.028546 
6561.289466  	-0.027620 
6562.721124  	-0.025316 
6564.152782  	-0.027290 
6565.584440  	-0.029146 
6567.016099  	-0.027135 
6568.447757  	-0.023917 
6569.879415  	-0.022497 
6571.311073  	-0.022437 
6572.742731  	-0.023557 
6574.174390  	-0.024223 
6575.606048  	-0.020526 
6577.037706  	-0.017623 
6578.469364  	-0.021272 
6579.901022  	-0.025710 
6581.332680  	-0.027518 
6582.764339  	-0.027808 
6584.195997  	-0.025137 
6585.627655  	-0.023008 
6587.059313  	-0.023309 
6588.490971  	-0.021190 
6589.922630  	-0.018509 
6591.354288  	-0.020330 
6592.785946  	-0.022296 
6594.217604  	-0.019736 
6595.649262  	-0.019219 
6597.080921  	-0.021168 
6598.512579  	-0.017466 
6599.944237  	-0.015531 
6601.375895  	-0.022184 
6602.807553  	-0.025176 
6604.239211  	-0.022341 
6605.670870  	-0.023139 
6607.102528  	-0.024358 
6608.534186  	-0.022140 
6609.965844  	-0.019873 
6611.397502  	-0.019963 
6612.829161  	-0.022154 
6614.260819  	-0.025210 
6615.692477  	-0.028098 
6617.124135  	-0.028446 
6618.555793  	-0.026712 
6619.987452  	-0.027328 
6621.419110  	-0.027040 
6622.850768  	-0.023819 
6624.282426  	-0.021440 
6625.714084  	-0.017510 
6627.145742  	-0.015185 
6628.577401  	-0.019211 
6630.009059  	-0.021366 
6631.440717  	-0.019699 
6632.872375  	-0.020738 
6634.304033  	-0.023059 
6635.735692  	-0.023788 
6637.167350  	-0.022512 
6638.599008  	-0.022672 
6640.030666  	-0.025148 
6641.462324  	-0.023349 
6642.893982  	-0.021243 
6644.325641  	-0.023695 
6645.757299  	-0.021499 
6647.188957  	-0.016924 
6648.620615  	-0.018205 
6650.052273  	-0.021620 
6651.483932  	-0.026902 
6652.915590  	-0.033531 
6654.347248  	-0.035961 
6655.778906  	-0.035310 
6657.210564  	-0.030474 
6658.642223  	-0.022637 
6660.073881  	-0.020279 
6661.505539  	-0.022391 
6662.937197  	-0.022889 
6664.368855  	-0.024073 
6665.800513  	-0.025432 
6667.232172  	-0.022135 
6668.663830  	-0.018763 
6670.095488  	-0.021560 
6671.527146  	-0.023491 
6672.958804  	-0.019714 
6674.390463  	-0.019216 
6675.822121  	-0.023192 
6677.253779  	-0.023712 
6678.685437  	-0.023684 
6680.117095  	-0.026632 
6681.548754  	-0.028048 
6682.980412  	-0.026081 
6684.412070  	-0.022069 
6685.843728  	-0.018753 
6687.275386  	-0.019022 
6688.707044  	-0.020828 
6690.138703  	-0.022895 
6691.570361  	-0.027981 
6693.002019  	-0.030990 
6694.433677  	-0.026179 
6695.865335  	-0.020358 
6697.296994  	-0.019913 
6698.728652  	-0.022253 
6700.160310  	-0.025574 
6701.591968  	-0.026088 
6703.023626  	-0.022236 
6704.455284  	-0.020616 
6705.886943  	-0.020881 
6707.318601  	-0.019467 
6708.750259  	-0.021004 
6710.181917  	-0.026688 
6711.613575  	-0.030843 
6713.045234  	-0.028627 
6714.476892  	-0.022497 
6715.908550  	-0.021450 
6717.340208  	-0.023076 
6718.771866  	-0.022504 
6720.203525  	-0.025913 
6721.635183  	-0.027025 
6723.066841  	-0.022002 
6724.498499  	-0.026486 
6725.930157  	-0.035408 
6727.361815  	-0.031627 
6728.793474  	-0.022948 
6730.225132  	-0.020289 
6731.656790  	-0.024338 
6733.088448  	-0.030007 
6734.520106  	-0.029795 
6735.951765  	-0.026571 
6737.383423  	-0.024568 
6738.815081  	-0.021980 
6740.246739  	-0.021426 
6741.678397  	-0.022279 
6743.110056  	-0.021495 
6744.541714  	-0.023096 
6745.973372  	-0.028698 
6747.405030  	-0.033333 
6748.836688  	-0.031273 
6750.268346  	-0.025948 
6751.700005  	-0.026445 
6753.131663  	-0.026018 
6754.563321  	-0.019558 
6755.994979  	-0.019809 
6757.426637  	-0.025079 
6758.858296  	-0.024257 
6760.289954  	-0.023283 
6761.721612  	-0.023592 
6763.153270  	-0.020615 
6764.584928  	-0.019509 
6766.016586  	-0.022182 
6767.448245  	-0.025869 
6768.879903  	-0.029265 
6770.311561  	-0.025871 
6771.743219  	-0.016890 
6773.174877  	-0.015091 
6774.606536  	-0.020212 
6776.038194  	-0.022532 
6777.469852  	-0.022594 
6778.901510  	-0.023449 
6780.333168  	-0.024902 
6781.764827  	-0.026990 
6783.196485  	-0.026288 
6784.628143  	-0.023858 
6786.059801  	-0.024927 
6787.491459  	-0.025142 
6788.923117  	-0.023320 
6790.354776  	-0.025329 
6791.786434  	-0.023889 
6793.218092  	-0.016382 
6794.649750  	-0.016856 
6796.081408  	-0.023670 
6797.513067  	-0.022982 
6798.944725  	-0.019577 
6800.376383  	-0.022225 
6801.808041  	-0.025362 
6803.239699  	-0.024495 
6804.671357  	-0.021824 
6806.103016  	-0.018778 
6807.534674  	-0.018811 
6808.966332  	-0.022665 
6810.397990  	-0.024841 
6811.829648  	-0.025650 
6813.261307  	-0.026580 
6814.692965  	-0.022491 
6816.124623  	-0.016207 
6817.556281  	-0.016629 
6818.987939  	-0.021890 
6820.419598  	-0.024001 
6821.851256  	-0.023057 
6823.282914  	-0.024730 
6824.714572  	-0.028532 
6826.146230  	-0.029076 
6827.577888  	-0.027538 
6829.009547  	-0.025288 
6830.441205  	-0.021524 
6831.872863  	-0.019114 
6833.304521  	-0.018365 
6834.736179  	-0.020063 
6836.167838  	-0.023769 
6837.599496  	-0.022962 
6839.031154  	-0.021333 
6840.462812  	-0.024190 
6841.894470  	-0.022953 
6843.326129  	-0.018796 
6844.757787  	-0.018854 
6846.189445  	-0.019105 
6847.621103  	-0.020970 
6849.052761  	-0.025140 
6850.484419  	-0.024134 
6851.916078  	-0.019843 
6853.347736  	-0.018857 
6854.779394  	-0.022164 
6856.211052  	-0.025795 
6857.642710  	-0.022664 
6859.074369  	-0.016410 
6860.506027  	-0.015215 
6861.937685  	-0.017973 
6863.369343  	-0.022275 
6864.801001  	-0.025078 
6866.232659  	-0.022939 
6867.664318  	-0.021504 
6869.095976  	-0.023531 
6870.527634  	-0.024439 
6871.959292  	-0.022829 
6873.390950  	-0.022887 
6874.822609  	-0.025742 
6876.254267  	-0.025533 
6877.685925  	-0.021729 
6879.117583  	-0.022844 
6880.549241  	-0.025716 
6881.980900  	-0.022316 
6883.412558  	-0.018876 
6884.844216  	-0.022084 
6886.275874  	-0.026363 
6887.707532  	-0.028439 
6889.139190  	-0.028502 
6890.570849  	-0.025619 
6892.002507  	-0.024461 
6893.434165  	-0.028091 
6894.865823  	-0.026391 
6896.297481  	-0.018542 
6897.729140  	-0.019496 
6899.160798  	-0.027879 
6900.592456  	-0.029369 
6902.024114  	-0.024507 
6903.455772  	-0.022545 
6904.887431  	-0.025010 
6906.319089  	-0.024694 
6907.750747  	-0.019593 
6909.182405  	-0.018189 
6910.614063  	-0.021410 
6912.045721  	-0.021870 
6913.477380  	-0.019066 
6914.909038  	-0.018912 
6916.340696  	-0.021967 
6917.772354  	-0.020888 
6919.204012  	-0.017062 
6920.635671  	-0.019508 
6922.067329  	-0.021355 
6923.498987  	-0.016469 
6924.930645  	-0.014051 
6926.362303  	-0.014916 
6927.793961  	-0.016999 
6929.225620  	-0.022092 
6930.657278  	-0.026234 
6932.088936  	-0.030097 
6933.520594  	-0.032199 
6934.952252  	-0.025086 
6936.383911  	-0.017820 
6937.815569  	-0.021790 
6939.247227  	-0.030019 
6940.678885  	-0.030876 
6942.110543  	-0.025059 
6943.542202  	-0.024648 
6944.973860  	-0.027535 
6946.405518  	-0.023948 
6947.837176  	-0.023192 
6949.268834  	-0.026338 
6950.700492  	-0.021981 
6952.132151  	-0.017652 
6953.563809  	-0.020349 
6954.995467  	-0.024579 
6956.427125  	-0.024726 
6957.858783  	-0.020484 
6959.290442  	-0.021592 
6960.722100  	-0.027368 
6962.153758  	-0.023722 
6963.585416  	-0.018085 
6965.017074  	-0.022016 
6966.448732  	-0.028243 
6967.880391  	-0.032249 
6969.312049  	-0.032310 
6970.743707  	-0.029703 
6972.175365  	-0.029930 
6973.607023  	-0.026958 
6975.038682  	-0.018252 
6976.470340  	-0.014082 
6977.901998  	-0.018896 
6979.333656  	-0.025988 
6980.765314  	-0.028044 
6982.196973  	-0.024886 
6983.628631  	-0.019811 
6985.060289  	-0.014563 
6986.491947  	-0.016118 
6987.923605  	-0.020937 
6989.355263  	-0.016514 
6990.786922  	-0.010122 
6992.218580  	-0.011696 
6993.650238  	-0.015150 
6995.081896  	-0.017799 
6996.513554  	-0.024089 
6997.945213  	-0.031334 
6999.376871  	-0.031983 
7000.808529  	-0.026692 
7002.240187  	-0.024503 
7003.671845  	-0.026065 
7005.103504  	-0.027245 
7006.535162  	-0.027198 
7007.966820  	-0.023552 
7009.398478  	-0.021683 
7010.830136  	-0.024401 
7012.261794  	-0.021412 
7013.693453  	-0.016316 
7015.125111  	-0.020322 
7016.556769  	-0.027152 
7017.988427  	-0.027482 
7019.420085  	-0.022343 
7020.851744  	-0.018135 
7022.283402  	-0.018087 
7023.715060  	-0.021170 
7025.146718  	-0.026729 
7026.578376  	-0.029075 
7028.010034  	-0.023488 
7029.441693  	-0.019319 
7030.873351  	-0.021845 
7032.305009  	-0.024831 
7033.736667  	-0.024154 
7035.168325  	-0.020593 
7036.599984  	-0.021572 
7038.031642  	-0.026816 
7039.463300  	-0.023609 
7040.894958  	-0.013419 
7042.326616  	-0.011044 
7043.758275  	-0.018869 
7045.189933  	-0.024745 
7046.621591  	-0.020760 
7048.053249  	-0.015984 
7049.484907  	-0.018863 
7050.916565  	-0.021193 
7052.348224  	-0.020888 
7053.779882  	-0.024141 
7055.211540  	-0.025515 
7056.643198  	-0.022104 
7058.074856  	-0.022691 
7059.506515  	-0.026189 
7060.938173  	-0.023075 
7062.369831  	-0.019692 
7063.801489  	-0.024219 
7065.233147  	-0.024269 
7066.664806  	-0.016522 
7068.096464  	-0.015678 
7069.528122  	-0.020437 
7070.959780  	-0.022960 
7072.391438  	-0.024781 
7073.823096  	-0.025821 
7075.254755  	-0.027834 
7076.686413  	-0.028158 
7078.118071  	-0.021548 
7079.549729  	-0.017063 
7080.981387  	-0.018142 
7082.413046  	-0.020341 
7083.844704  	-0.025775 
7085.276362  	-0.031328 
7086.708020  	-0.033338 
7088.139678  	-0.033480 
7089.571336  	-0.028804 
7091.002995  	-0.023895 
7092.434653  	-0.023410 
7093.866311  	-0.020561 
7095.297969  	-0.014249 
7096.729627  	-0.013008 
7098.161286  	-0.019732 
7099.592944  	-0.024856 
7101.024602  	-0.021834 
7102.456260  	-0.019012 
7103.887918  	-0.017997 
7105.319577  	-0.016924 
7106.751235  	-0.022569 
7108.182893  	-0.023264 
7109.614551  	-0.014670 
7111.046209  	-0.016905 
7112.477867  	-0.023334 
7113.909526  	-0.019921 
7115.341184  	-0.019206 
7116.772842  	-0.018900 
7118.204500  	-0.015180 
7119.636158  	-0.022227 
7121.067817  	-0.029323 
7122.499475  	-0.025890 
7123.931133  	-0.023291 
7125.362791  	-0.022624 
7126.794449  	-0.018756 
7128.226108  	-0.016623 
7129.657766  	-0.017809 
7131.089424  	-0.022834 
7132.521082  	-0.028892 
7133.952740  	-0.027308 
7135.384398  	-0.020853 
7136.816057  	-0.018816 
7138.247715  	-0.019491 
7139.679373  	-0.020903 
7141.111031  	-0.025009 
7142.542689  	-0.028602 
7143.974348  	-0.027407 
7145.406006  	-0.023669 
7146.837664  	-0.023114 
7148.269322  	-0.027076 
7149.700980  	-0.027005 
7151.132638  	-0.021975 
7152.564297  	-0.020957 
7153.995955  	-0.021319 
7155.427613  	-0.021073 
7156.859271  	-0.022478 
7158.290929  	-0.020142 
7159.722588  	-0.022273 
7161.154246  	-0.032260 
7162.585904  	-0.027488 
7164.017562  	-0.015159 
7165.449220  	-0.016463 
7166.880879  	-0.019859 
7168.312537  	-0.021409 
7169.744195  	-0.024760 
7171.175853  	-0.020015 
7172.607511  	-0.015266 
7174.039169  	-0.018958 
7175.470828  	-0.021536 
7176.902486  	-0.021689 
7178.334144  	-0.020304 
7179.765802  	-0.017755 
7181.197460  	-0.018549 
7182.629119  	-0.017729 
7184.060777  	-0.016174 
7185.492435  	-0.018538 
7186.924093  	-0.018016 
7188.355751  	-0.016165 
7189.787409  	-0.018283 
7191.219068  	-0.020580 
7192.650726  	-0.023652 
7194.082384  	-0.026846 
7195.514042  	-0.026582 
7196.945700  	-0.026787 
7198.377359  	-0.028968 
7199.809017  	-0.027568 
7201.240675  	-0.021300 
7202.672333  	-0.016817 
7204.103991  	-0.017330 
7205.535650  	-0.016822 
7206.967308  	-0.016011 
7208.398966  	-0.020747 
7209.830624  	-0.022171 
7211.262282  	-0.015815 
7212.693940  	-0.012219 
7214.125599  	-0.017898 
7215.557257  	-0.026698 
7216.988915  	-0.026093 
7218.420573  	-0.017262 
7219.852231  	-0.012299 
7221.283890  	-0.009575 
7222.715548  	-0.008834 
7224.147206  	-0.018951 
7225.578864  	-0.027696 
7227.010522  	-0.023368 
7228.442181  	-0.017931 
7229.873839  	-0.017168 
7231.305497  	-0.020688 
7232.737155  	-0.030009 
7234.168813  	-0.030659 
7235.600471  	-0.020092 
7237.032130  	-0.018369 
7238.463788  	-0.027713 
7239.895446  	-0.031937 
7241.327104  	-0.030285 
7242.758762  	-0.033477 
7244.190421  	-0.033407 
7245.622079  	-0.028137 
7247.053737  	-0.030874 
7248.485395  	-0.032453 
7249.917053  	-0.028766 
7251.348711  	-0.031726 
7252.780370  	-0.029861 
7254.212028  	-0.018727 
7255.643686  	-0.018933 
7257.075344  	-0.021365 
7258.507002  	-0.018392 
7259.938661  	-0.023768 
7261.370319  	-0.026573 
7262.801977  	-0.018963 
7264.233635  	-0.018956 
7265.665293  	-0.026694 
7267.096952  	-0.029126 
7268.528610  	-0.026806 
7269.960268  	-0.026118 
7271.391926  	-0.026056 
7272.823584  	-0.023987 
7274.255242  	-0.025165 
7275.686901  	-0.025759 
7277.118559  	-0.022588 
7278.550217  	-0.027909 
7279.981875  	-0.033986 
7281.413533  	-0.027775 
7282.845192  	-0.025000 
7284.276850  	-0.026457 
7285.708508  	-0.023065 
7287.140166  	-0.025200 
7288.571824  	-0.031547 
7290.003483  	-0.030821 
7291.435141  	-0.024007 
7292.866799  	-0.017973 
7294.298457  	-0.021636 
7295.730115  	-0.024994 
7297.161773  	-0.021383 
7298.593432  	-0.026472 
7300.025090  	-0.030868 
7301.456748  	-0.026160 
7302.888406  	-0.027990 
7304.320064  	-0.026037 
7305.751723  	-0.018401 
7307.183381  	-0.021617 
7308.615039  	-0.024945 
7310.046697  	-0.023710 
7311.478355  	-0.023654 
7312.910013  	-0.020594 
7314.341672  	-0.028739 
7315.773330  	-0.038460 
7317.204988  	-0.027508 
7318.636646  	-0.020305 
7320.068304  	-0.028496 
7321.499963  	-0.028822 
7322.931621  	-0.026112 
7324.363279  	-0.029558 
7325.794937  	-0.029201 
7327.226595  	-0.025183 
7328.658254  	-0.023071 
7330.089912  	-0.017967 
7331.521570  	-0.012254 
7332.953228  	-0.015334 
7334.384886  	-0.019329 
7335.816544  	-0.015570 
7337.248203  	-0.014634 
7338.679861  	-0.017279 
7340.111519  	-0.016882 
7341.543177  	-0.023682 
7342.974835  	-0.032332 
7344.406494  	-0.031334 
7345.838152  	-0.029975 
7347.269810  	-0.029325 
7348.701468  	-0.025332 
7350.133126  	-0.022072 
7351.564785  	-0.020213 
7352.996443  	-0.022111 
7354.428101  	-0.029112 
7355.859759  	-0.033857 
7357.291417  	-0.029127 
7358.723075  	-0.015428 
7360.154734  	-0.010641 
7361.586392  	-0.023028 
7363.018050  	-0.031896 
7364.449708  	-0.029529 
7365.881366  	-0.021158 
7367.313025  	-0.011490 
7368.744683  	-0.015678 
7370.176341  	-0.023469 
7371.607999  	-0.018527 
7373.039657  	-0.019820 
7374.471315  	-0.027848 
7375.902974  	-0.026436 
7377.334632  	-0.024625 
7378.766290  	-0.023646 
7380.197948  	-0.020461 
7381.629606  	-0.023651 
7383.061265  	-0.027910 
7384.492923  	-0.026709 
7385.924581  	-0.021951 
7387.356239  	-0.016898 
7388.787897  	-0.020871 
7390.219556  	-0.029962 
7391.651214  	-0.033203 
7393.082872  	-0.033418 
7394.514530  	-0.029639 
7395.946188  	-0.022920 
7397.377846  	-0.026194 
7398.809505  	-0.032103 
7400.241163  	-0.023039 
7401.672821  	-0.011571 
7403.104479  	-0.014197 
7404.536137  	-0.017962 
7405.967796  	-0.014921 
7407.399454  	-0.017462 
7408.831112  	-0.026248 
7410.262770  	-0.036077 
7411.694428  	-0.041020 
7413.126086  	-0.032650 
7414.557745  	-0.022370 
7415.989403  	-0.025287 
7417.421061  	-0.030391 
7418.852719  	-0.029521 
7420.284377  	-0.023961 
7421.716036  	-0.020754 
7423.147694  	-0.028904 
7424.579352  	-0.034985 
7426.011010  	-0.029535 
7427.442668  	-0.024418 
7428.874327  	-0.016223 
7430.305985  	-0.011113 
7431.737643  	-0.025780 
7433.169301  	-0.035256 
7434.600959  	-0.028949 
7436.032617  	-0.029172 
7437.464276  	-0.028340 
7438.895934  	-0.019546 
7440.327592  	-0.014862 
7441.759250  	-0.012459 
7443.190908  	-0.015012 
7444.622567  	-0.022653 
7446.054225  	-0.016903 
7447.485883  	-0.012444 
7448.917541  	-0.027414 
7450.349199  	-0.033299 
7451.780858  	-0.020647 
7453.212516  	-0.014534 
7454.644174  	-0.017123 
7456.075832  	-0.019892 
7457.507490  	-0.021338 
7458.939148  	-0.016214 
7460.370807  	-0.011423 
7461.802465  	-0.016760 
7463.234123  	-0.022324 
7464.665781  	-0.020206 
7466.097439  	-0.017281 
7467.529098  	-0.018728 
7468.960756  	-0.023900 
7470.392414  	-0.030991 
7471.824072  	-0.034159 
7473.255730  	-0.028746 
7474.687388  	-0.019778 
7476.119047  	-0.020411 
7477.550705  	-0.028882 
7478.982363  	-0.031479 
7480.414021  	-0.027877 
7481.845679  	-0.023939 
7483.277338  	-0.017396 
7484.708996  	-0.014816 
7486.140654  	-0.023516 
7487.572312  	-0.031459 
7489.003970  	-0.026712 
7490.435629  	-0.015553 
7491.867287  	-0.009924 
7493.298945  	-0.011567 
7494.730603  	-0.018232 
7496.162261  	-0.028252 
7497.593919  	-0.037116 
7499.025578  	-0.038840 
7500.457236  	-0.033142 
7501.888894  	-0.028827 
7503.320552  	-0.032048 
7504.752210  	-0.033511 
7506.183869  	-0.024481 
7507.615527  	-0.014849 
7509.047185  	-0.010705 
7510.478843  	-0.009076 
7511.910501  	-0.012032 
7513.342160  	-0.023425 
7514.773818  	-0.030231 
7516.205476  	-0.023580 
7517.637134  	-0.021779 
7519.068792  	-0.028086 
7520.500450  	-0.023232 
7521.932109  	-0.017595 
7523.363767  	-0.026819 
7524.795425  	-0.034475 
7526.227083  	-0.037918 
7527.658741  	-0.045720 
7529.090400  	-0.045000 
7530.522058  	-0.032941 
7531.953716  	-0.024014 
7533.385374  	-0.026273 
7534.817032  	-0.033217 
7536.248690  	-0.031532 
7537.680349  	-0.027293 
7539.112007  	-0.028175 
7540.543665  	-0.026101 
7541.975323  	-0.029070 
7543.406981  	-0.037429 
7544.838640  	-0.034621 
7546.270298  	-0.031276 
7547.701956  	-0.033136 
7549.133614  	-0.025832 
7550.565272  	-0.019822 
7551.996931  	-0.022111 
7553.428589  	-0.021712 
7554.860247  	-0.024434 
7556.291905  	-0.028580 
7557.723563  	-0.027410 
7559.155221  	-0.030354 
7560.586880  	-0.040181 
7562.018538  	-0.049287 
7563.450196  	-0.050246 
7564.881854  	-0.043063 
7566.313512  	-0.037914 
7567.745171  	-0.034525 
7569.176829  	-0.031880 
7570.608487  	-0.034463 
7572.040145  	-0.032081 
7573.471803  	-0.019033 
7574.903461  	-0.015150 
7576.335120  	-0.026394 
7577.766778  	-0.034244 
7579.198436  	-0.030273 
7580.630094  	-0.026651 
7582.061752  	-0.028134 
7583.493411  	-0.024706 
7584.925069  	-0.020133 
7586.356727  	-0.021824 
7587.788385  	-0.020327 
7589.220043  	-0.017803 
7590.651702  	-0.025331 
7592.083360  	-0.034683 
7593.515018  	-0.035249 
7594.946676  	-0.028819 
7596.378334  	-0.021598 
7597.809992  	-0.020616 
7599.241651  	-0.024089 
7600.673309  	-0.028361 
7602.104967  	-0.025003 
7603.536625  	-0.014495 
7604.968283  	-0.021497 
7606.399942  	-0.046342 
7607.831600  	-0.051321 
7609.263258  	-0.035102 
7610.694916  	-0.024405 
7612.126574  	-0.022762 
7613.558233  	-0.026117 
7614.989891  	-0.028554 
7616.421549  	-0.022758 
7617.853207  	-0.022531 
7619.284865  	-0.036056 
7620.716523  	-0.037463 
7622.148182  	-0.020786 
7623.579840  	-0.014950 
7625.011498  	-0.024482 
7626.443156  	-0.030238 
7627.874814  	-0.034020 
7629.306473  	-0.032758 
7630.738131  	-0.023191 
7632.169789  	-0.020032 
7633.601447  	-0.024813 
7635.033105  	-0.022714 
7636.464763  	-0.017103 
7637.896422  	-0.016557 
7639.328080  	-0.028034 
7640.759738  	-0.042455 
7642.191396  	-0.036542 
7643.623054  	-0.018217 
7645.054713  	-0.012374 
7646.486371  	-0.018671 
7647.918029  	-0.021981 
7649.349687  	-0.019247 
7650.781345  	-0.020527 
7652.213004  	-0.020947 
7653.644662  	-0.011287 
7655.076320  	-0.018250 
7656.507978  	-0.032731 
7657.939636  	-0.016543 
7659.371294  	-0.001215 
7660.802953  	-0.012119 
7662.234611  	-0.016279 
7663.666269  	-0.017093 
7665.097927  	-0.027399 
7666.529585  	-0.027279 
7667.961244  	-0.023438 
7669.392902  	-0.028166 
7670.824560  	-0.030321 
7672.256218  	-0.025550 
7673.687876  	-0.023819 
7675.119535  	-0.035411 
7676.551193  	-0.043745 
7677.982851  	-0.030912 
7679.414509  	-0.020504 
7680.846167  	-0.022538 
7682.277825  	-0.023404 
7683.709484  	-0.016873 
7685.141142  	-0.009836 
7686.572800  	-0.014768 
7688.004458  	-0.023718 
7689.436116  	-0.021164 
7690.867775  	-0.025086 
7692.299433  	-0.034123 
7693.731091  	-0.026770 
7695.162749  	-0.017813 
7696.594407  	-0.020200 
7698.026065  	-0.024864 
7699.457724  	-0.026349 
7700.889382  	-0.027864 
7702.321040  	-0.034312 
7703.752698  	-0.035960 
7705.184356  	-0.027493 
7706.616015  	-0.025547 
7708.047673  	-0.027897 
7709.479331  	-0.028097 
7710.910989  	-0.028873 
7712.342647  	-0.022681 
7713.774306  	-0.024458 
7715.205964  	-0.038225 
7716.637622  	-0.035959 
7718.069280  	-0.030729 
7719.500938  	-0.039137 
7720.932596  	-0.041378 
7722.364255  	-0.039853 
7723.795913  	-0.046983 
7725.227571  	-0.052502 
7726.659229  	-0.045250 
7728.090887  	-0.031602 
7729.522546  	-0.029379 
7730.954204  	-0.030690 
7732.385862  	-0.025261 
7733.817520  	-0.028097 
7735.249178  	-0.025789 
7736.680837  	-0.016000 
7738.112495  	-0.015390 
7739.544153  	-0.015274 
7740.975811  	-0.018568 
7742.407469  	-0.026084 
7743.839127  	-0.014655 
7745.270786  	-0.005230 
7746.702444  	-0.014330 
7748.134102  	-0.017589 
7749.565760  	-0.017527 
7750.997418  	-0.017283 
7752.429077  	-0.019434 
7753.860735  	-0.032273 
7755.292393  	-0.033881 
7756.724051  	-0.028719 
7758.155709  	-0.036466 
7759.587367  	-0.041470 
7761.019026  	-0.044703 
7762.450684  	-0.049456 
7763.882342  	-0.033233 
7765.314000  	-0.013374 
7766.745658  	-0.020795 
7768.177317  	-0.037777 
7769.608975  	-0.028186 
7771.040633  	-0.006483 
7772.472291  	-0.011687 
7773.903949  	-0.028639 
7775.335608  	-0.023445 
7776.767266  	-0.018123 
7778.198924  	-0.022926 
7779.630582  	-0.031663 
7781.062240  	-0.047092 
7782.493898  	-0.050380 
7783.925557  	-0.038192 
7785.357215  	-0.032555 
7786.788873  	-0.025614 
7788.220531  	-0.020590 
7789.652189  	-0.026598 
7791.083848  	-0.034563 
7792.515506  	-0.033736 
7793.947164  	-0.029225 
7795.378822  	-0.041912 
7796.810480  	-0.061456 
7798.242138  	-0.053801 
7799.673797  	-0.033789 
7801.105455  	-0.021311 
7802.537113  	-0.020384 
7803.968771  	-0.031369 
7805.400429  	-0.026261 
7806.832088  	-0.007915 
7808.263746  	-0.019272 
7809.695404  	-0.044694 
7811.127062  	-0.046394 
7812.558720  	-0.029700 
7813.990379  	-0.015927 
7815.422037  	-0.021442 
7816.853695  	-0.036430 
7818.285353  	-0.042156 
7819.717011  	-0.041838 
7821.148669  	-0.031046 
7822.580328  	-0.013067 
7824.011986  	-0.003766 
7825.443644  	-0.005365 
7826.875302  	-0.024190 
7828.306960  	-0.043959 
7829.738619  	-0.041153 
7831.170277  	-0.027167 
7832.601935  	-0.015875 
7834.033593  	-0.019629 
7835.465251  	-0.035657 
7836.896910  	-0.034991 
7838.328568  	-0.027198 
7839.760226  	-0.029372 
7841.191884  	-0.022483 
7842.623542  	-0.020509 
7844.055200  	-0.033923 
7845.486859  	-0.032655 
7846.918517  	-0.027104 
7848.350175  	-0.028220 
7849.781833  	-0.024256 
7851.213491  	-0.029237 
7852.645150  	-0.033004 
7854.076808  	-0.012954 
7855.508466  	-0.002784 
7856.940124  	-0.023140 
7858.371782  	-0.031569 
7859.803440  	-0.021538 
7861.235099  	-0.029659 
7862.666757  	-0.043859 
7864.098415  	-0.032003 
7865.530073  	-0.016571 
7866.961731  	-0.016254 
7868.393390  	-0.019047 
7869.825048  	-0.024954 
7871.256706  	-0.032251 
7872.688364  	-0.038112 
7874.120022  	-0.041082 
7875.551681  	-0.030439 
7876.983339  	-0.019470 
7878.414997  	-0.029884 
7879.846655  	-0.039376 
7881.278313  	-0.029778 
7882.709971  	-0.022518 
7884.141630  	-0.020580 
7885.573288  	-0.021002 
7887.004946  	-0.030792 
7888.436604  	-0.037170 
7889.868262  	-0.035394 
7891.299921  	-0.033034 
7892.731579  	-0.026197 
7894.163237  	-0.021548 
7895.594895  	-0.036011 
7897.026553  	-0.047130 
7898.458212  	-0.034515 
7899.889870  	-0.023287 