##TITLE=No Description
##DATA TYPE=INFRARED SPECTRUM
##XUNITS=1/CM
##YUNITS=Abs
349.324597  	0.040925 
350.756256  	-0.523214 
352.187914  	-0.521003 
353.619572  	-0.410880 
355.051230  	-0.338928 
356.482888  	-0.220433 
357.914546  	-0.116390 
359.346205  	-0.081976 
360.777863  	-0.151773 
362.209521  	-0.121852 
363.641179  	0.036370 
365.072837  	0.087928 
366.504496  	0.022075 
367.936154  	0.012180 
369.367812  	0.090210 
370.799470  	0.136815 
372.231128  	0.081642 
373.662787  	0.022847 
375.094445  	0.043909 
376.526103  	0.069350 
377.957761  	0.026677 
379.389419  	0.002755 
380.821077  	0.020213 
382.252736  	0.038273 
383.684394  	0.029569 
385.116052  	0.038266 
386.547710  	0.061090 
387.979368  	0.061356 
389.411027  	0.058414 
390.842685  	0.059185 
392.274343  	0.064432 
393.706001  	0.073058 
395.137659  	0.069557 
396.569317  	0.056518 
398.000976  	0.078009 
399.432634  	0.105432 
400.864292  	0.097465 
402.295950  	0.072826 
403.727608  	0.060228 
405.159267  	0.052416 
406.590925  	0.037707 
408.022583  	0.036898 
409.454241  	0.054081 
410.885899  	0.060674 
412.317558  	0.058718 
413.749216  	0.062530 
415.180874  	0.056773 
416.612532  	0.047908 
418.044190  	0.042628 
419.475848  	0.023094 
420.907507  	0.022843 
422.339165  	0.032787 
423.770823  	0.027240 
425.202481  	0.021299 
426.634139  	0.023869 
428.065798  	0.017910 
429.497456  	0.019532 
430.929114  	0.033767 
432.360772  	0.027731 
433.792430  	0.013756 
435.224089  	0.020951 
436.655747  	0.030225 
438.087405  	0.024734 
439.519063  	0.023834 
440.950721  	0.029940 
442.382379  	0.032178 
443.814038  	0.031325 
445.245696  	0.030740 
446.677354  	0.032737 
448.109012  	0.043079 
449.540670  	0.049989 
450.972329  	0.042005 
452.403987  	0.031351 
453.835645  	0.033608 
455.267303  	0.040294 
456.698961  	0.043141 
458.130619  	0.042536 
459.562278  	0.042597 
460.993936  	0.048837 
462.425594  	0.056945 
463.857252  	0.054304 
465.288910  	0.045724 
466.720569  	0.044490 
468.152227  	0.049264 
469.583885  	0.051161 
471.015543  	0.053637 
472.447201  	0.057299 
473.878860  	0.057382 
475.310518  	0.060602 
476.742176  	0.064858 
478.173834  	0.058665 
479.605492  	0.050096 
481.037150  	0.051283 
482.468809  	0.059557 
483.900467  	0.068434 
485.332125  	0.070049 
486.763783  	0.066701 
488.195441  	0.070203 
489.627100  	0.074920 
491.058758  	0.072939 
492.490416  	0.071793 
493.922074  	0.070842 
495.353732  	0.067022 
496.785391  	0.066436 
498.217049  	0.067964 
499.648707  	0.068223 
501.080365  	0.070657 
502.512023  	0.072624 
503.943681  	0.069283 
505.375340  	0.066412 
506.806998  	0.067358 
508.238656  	0.068464 
509.670314  	0.068425 
511.101972  	0.069861 
512.533631  	0.071959 
513.965289  	0.073595 
515.396947  	0.074733 
516.828605  	0.073404 
518.260263  	0.072916 
519.691921  	0.077034 
521.123580  	0.081128 
522.555238  	0.084864 
523.986896  	0.090356 
525.418554  	0.093589 
526.850212  	0.096539 
528.281871  	0.103737 
529.713529  	0.109374 
531.145187  	0.112888 
532.576845  	0.121262 
534.008503  	0.130909 
535.440162  	0.133770 
536.871820  	0.135742 
538.303478  	0.145609 
539.735136  	0.157578 
541.166794  	0.165471 
542.598452  	0.174347 
544.030111  	0.185612 
545.461769  	0.195674 
546.893427  	0.205403 
548.325085  	0.216297 
549.756743  	0.228486 
551.188402  	0.238387 
552.620060  	0.240340 
554.051718  	0.237096 
555.483376  	0.232755 
556.915034  	0.226002 
558.346692  	0.215679 
559.778351  	0.202265 
561.210009  	0.187314 
562.641667  	0.172243 
564.073325  	0.155702 
565.504983  	0.134979 
566.936642  	0.110055 
568.368300  	0.084949 
569.799958  	0.065304 
571.231616  	0.055558 
572.663274  	0.055231 
574.094933  	0.058805 
575.526591  	0.061979 
576.958249  	0.062445 
578.389907  	0.061596 
579.821565  	0.060940 
581.253223  	0.058053 
582.684882  	0.053848 
584.116540  	0.050796 
585.548198  	0.047761 
586.979856  	0.045957 
588.411514  	0.045849 
589.843173  	0.044311 
591.274831  	0.041610 
592.706489  	0.039406 
594.138147  	0.037200 
595.569805  	0.035437 
597.001464  	0.034744 
598.433122  	0.034875 
599.864780  	0.034995 
601.296438  	0.034101 
602.728096  	0.032871 
604.159754  	0.032138 
605.591413  	0.031555 
607.023071  	0.031128 
608.454729  	0.031111 
609.886387  	0.031397 
611.318045  	0.031192 
612.749704  	0.030385 
614.181362  	0.030533 
615.613020  	0.031668 
617.044678  	0.032140 
618.476336  	0.031557 
619.907994  	0.030953 
621.339653  	0.031968 
622.771311  	0.034429 
624.202969  	0.036249 
625.634627  	0.037664 
627.066285  	0.039688 
628.497944  	0.042129 
629.929602  	0.045249 
631.361260  	0.047197 
632.792918  	0.046083 
634.224576  	0.044732 
635.656235  	0.044504 
637.087893  	0.043008 
638.519551  	0.040217 
639.951209  	0.037604 
641.382867  	0.036118 
642.814525  	0.035550 
644.246184  	0.035140 
645.677842  	0.035792 
647.109500  	0.036939 
648.541158  	0.036610 
649.972816  	0.036220 
651.404475  	0.036888 
652.836133  	0.037205 
654.267791  	0.037803 
655.699449  	0.039015 
657.131107  	0.039076 
658.562766  	0.038520 
659.994424  	0.038835 
661.426082  	0.039369 
662.857740  	0.039525 
664.289398  	0.040024 
665.721056  	0.041126 
667.152715  	0.042166 
668.584373  	0.041770 
670.016031  	0.041686 
671.447689  	0.042505 
672.879347  	0.043220 
674.311006  	0.044138 
675.742664  	0.045694 
677.174322  	0.047139 
678.605980  	0.048047 
680.037638  	0.049279 
681.469296  	0.051644 
682.900955  	0.054814 
684.332613  	0.057880 
685.764271  	0.060775 
687.195929  	0.063244 
688.627587  	0.063872 
690.059246  	0.063556 
691.490904  	0.064027 
692.922562  	0.064442 
694.354220  	0.065211 
695.785878  	0.067575 
697.217537  	0.071150 
698.649195  	0.075550 
700.080853  	0.080465 
701.512511  	0.085719 
702.944169  	0.091061 
704.375827  	0.095195 
705.807486  	0.097870 
707.239144  	0.098513 
708.670802  	0.096364 
710.102460  	0.093753 
711.534118  	0.091288 
712.965777  	0.088334 
714.397435  	0.085720 
715.829093  	0.082362 
717.260751  	0.078920 
718.692409  	0.077803 
720.124067  	0.078339 
721.555726  	0.080369 
722.987384  	0.083722 
724.419042  	0.086399 
725.850700  	0.088517 
727.282358  	0.089982 
728.714017  	0.090337 
730.145675  	0.091264 
731.577333  	0.092031 
733.008991  	0.091184 
734.440649  	0.089719 
735.872308  	0.088141 
737.303966  	0.087635 
738.735624  	0.088984 
740.167282  	0.090782 
741.598940  	0.093181 
743.030598  	0.096701 
744.462257  	0.100906 
745.893915  	0.106382 
747.325573  	0.112708 
748.757231  	0.119265 
750.188889  	0.126426 
751.620548  	0.133632 
753.052206  	0.140604 
754.483864  	0.146834 
755.915522  	0.151363 
757.347180  	0.154521 
758.778839  	0.156490 
760.210497  	0.157601 
761.642155  	0.158509 
763.073813  	0.159280 
764.505471  	0.160234 
765.937129  	0.160854 
767.368788  	0.160076 
768.800446  	0.157412 
770.232104  	0.151856 
771.663762  	0.143434 
773.095420  	0.133551 
774.527079  	0.123142 
775.958737  	0.113164 
777.390395  	0.104962 
778.822053  	0.098882 
780.253711  	0.093775 
781.685369  	0.089003 
783.117028  	0.085304 
784.548686  	0.082944 
785.980344  	0.081430 
787.412002  	0.080719 
788.843660  	0.080621 
790.275319  	0.080442 
791.706977  	0.080206 
793.138635  	0.080824 
794.570293  	0.082844 
796.001951  	0.085868 
797.433610  	0.090276 
798.865268  	0.097419 
800.296926  	0.106759 
801.728584  	0.117286 
803.160242  	0.129825 
804.591900  	0.143886 
806.023559  	0.158347 
807.455217  	0.173022 
808.886875  	0.186587 
810.318533  	0.198660 
811.750191  	0.208756 
813.181850  	0.215060 
814.613508  	0.217573 
816.045166  	0.216480 
817.476824  	0.213734 
818.908482  	0.212798 
820.340141  	0.214516 
821.771799  	0.219723 
823.203457  	0.228760 
824.635115  	0.240167 
826.066773  	0.252536 
827.498431  	0.261341 
828.930090  	0.262640 
830.361748  	0.257259 
831.793406  	0.245797 
833.225064  	0.230365 
834.656722  	0.213258 
836.088381  	0.195153 
837.520039  	0.178423 
838.951697  	0.164273 
840.383355  	0.152081 
841.815013  	0.141715 
843.246671  	0.132454 
844.678330  	0.123647 
846.109988  	0.114869 
847.541646  	0.105499 
848.973304  	0.095739 
850.404962  	0.085625 
851.836621  	0.075549 
853.268279  	0.066519 
854.699937  	0.058324 
856.131595  	0.051226 
857.563253  	0.046158 
858.994912  	0.042366 
860.426570  	0.039389 
861.858228  	0.037730 
863.289886  	0.036848 
864.721544  	0.036831 
866.153202  	0.038408 
867.584861  	0.041101 
869.016519  	0.044509 
870.448177  	0.048681 
871.879835  	0.053746 
873.311493  	0.059625 
874.743152  	0.065822 
876.174810  	0.072857 
877.606468  	0.080736 
879.038126  	0.088461 
880.469784  	0.096421 
881.901443  	0.104415 
883.333101  	0.111472 
884.764759  	0.116934 
886.196417  	0.119359 
887.628075  	0.118352 
889.059733  	0.113171 
890.491392  	0.102458 
891.923050  	0.087838 
893.354708  	0.071976 
894.786366  	0.057283 
896.218024  	0.046491 
897.649683  	0.039923 
899.081341  	0.035929 
900.512999  	0.034118 
901.944657  	0.033918 
903.376315  	0.034117 
904.807973  	0.034594 
906.239632  	0.035740 
907.671290  	0.037602 
909.102948  	0.039532 
910.534606  	0.041286 
911.966264  	0.043649 
913.397923  	0.046690 
914.829581  	0.049777 
916.261239  	0.052157 
917.692897  	0.053376 
919.124555  	0.053803 
920.556214  	0.053226 
921.987872  	0.051645 
923.419530  	0.050132 
924.851188  	0.048885 
926.282846  	0.048097 
927.714504  	0.048621 
929.146163  	0.050366 
930.577821  	0.053100 
932.009479  	0.056331 
933.441137  	0.058945 
934.872795  	0.060736 
936.304454  	0.061797 
937.736112  	0.062409 
939.167770  	0.063349 
940.599428  	0.064613 
942.031086  	0.065709 
943.462744  	0.066168 
944.894403  	0.065756 
946.326061  	0.064893 
947.757719  	0.063780 
949.189377  	0.062743 
950.621035  	0.062500 
952.052694  	0.063008 
953.484352  	0.064182 
954.916010  	0.066316 
956.347668  	0.069218 
957.779326  	0.072200 
959.210985  	0.074052 
960.642643  	0.074544 
962.074301  	0.074706 
963.505959  	0.074767 
964.937617  	0.074752 
966.369275  	0.074906 
967.800934  	0.075023 
969.232592  	0.075478 
970.664250  	0.076686 
972.095908  	0.078233 
973.527566  	0.079832 
974.959225  	0.081556 
976.390883  	0.083741 
977.822541  	0.086480 
979.254199  	0.089552 
980.685857  	0.093173 
982.117516  	0.097311 
983.549174  	0.102170 
984.980832  	0.108479 
986.412490  	0.115904 
987.844148  	0.124050 
989.275806  	0.132697 
990.707465  	0.141059 
992.139123  	0.148734 
993.570781  	0.154723 
995.002439  	0.158864 
996.434097  	0.163090 
997.865756  	0.169292 
999.297414  	0.180105 
1000.729072  	0.197140 
1002.160730  	0.218368 
1003.592388  	0.239745 
1005.024046  	0.255076 
1006.455705  	0.262241 
1007.887363  	0.266648 
1009.319021  	0.274279 
1010.750679  	0.294008 
1012.182337  	0.329250 
1013.613996  	0.356146 
1015.045654  	0.338927 
1016.477312  	0.279217 
1017.908970  	0.211550 
1019.340628  	0.157394 
1020.772287  	0.119091 
1022.203945  	0.092406 
1023.635603  	0.072679 
1025.067261  	0.058432 
1026.498919  	0.049475 
1027.930577  	0.045162 
1029.362236  	0.044406 
1030.793894  	0.045276 
1032.225552  	0.046589 
1033.657210  	0.048507 
1035.088868  	0.051078 
1036.520527  	0.053980 
1037.952185  	0.056989 
1039.383843  	0.059659 
1040.815501  	0.061848 
1042.247159  	0.064337 
1043.678818  	0.067356 
1045.110476  	0.070258 
1046.542134  	0.072851 
1047.973792  	0.075457 
1049.405450  	0.078197 
1050.837108  	0.080835 
1052.268767  	0.083771 
1053.700425  	0.087325 
1055.132083  	0.090452 
1056.563741  	0.093243 
1057.995399  	0.096615 
1059.427058  	0.100086 
1060.858716  	0.103903 
1062.290374  	0.108144 
1063.722032  	0.112421 
1065.153690  	0.117990 
1066.585348  	0.124573 
1068.017007  	0.131785 
1069.448665  	0.141335 
1070.880323  	0.152860 
1072.311981  	0.166902 
1073.743639  	0.185931 
1075.175298  	0.211518 
1076.606956  	0.246322 
1078.038614  	0.283057 
1079.470272  	0.301808 
1080.901930  	0.292709 
1082.333589  	0.260378 
1083.765247  	0.218885 
1085.196905  	0.180304 
1086.628563  	0.149667 
1088.060221  	0.130281 
1089.491879  	0.122126 
1090.923538  	0.121889 
1092.355196  	0.126929 
1093.786854  	0.135267 
1095.218512  	0.146054 
1096.650170  	0.159778 
1098.081829  	0.174609 
1099.513487  	0.188651 
1100.945145  	0.199451 
1102.376803  	0.203553 
1103.808461  	0.202632 
1105.240120  	0.199822 
1106.671778  	0.197993 
1108.103436  	0.198494 
1109.535094  	0.197968 
1110.966752  	0.195099 
1112.398410  	0.191061 
1113.830069  	0.186589 
1115.261727  	0.183934 
1116.693385  	0.182951 
1118.125043  	0.182920 
1119.556701  	0.184947 
1120.988360  	0.187879 
1122.420018  	0.192091 
1123.851676  	0.198627 
1125.283334  	0.205434 
1126.714992  	0.213280 
1128.146650  	0.222731 
1129.578309  	0.232203 
1131.009967  	0.242673 
1132.441625  	0.253266 
1133.873283  	0.263980 
1135.304941  	0.276557 
1136.736600  	0.289301 
1138.168258  	0.303186 
1139.599916  	0.318544 
1141.031574  	0.333628 
1142.463232  	0.350792 
1143.894891  	0.368250 
1145.326549  	0.385037 
1146.758207  	0.403855 
1148.189865  	0.421574 
1149.621523  	0.439639 
1151.053181  	0.458795 
1152.484840  	0.475083 
1153.916498  	0.491633 
1155.348156  	0.504846 
1156.779814  	0.512361 
1158.211472  	0.517660 
1159.643131  	0.512756 
1161.074789  	0.498007 
1162.506447  	0.476190 
1163.938105  	0.444186 
1165.369763  	0.408263 
1166.801421  	0.370579 
1168.233080  	0.334117 
1169.664738  	0.306877 
1171.096396  	0.291384 
1172.528054  	0.291126 
1173.959712  	0.308125 
1175.391371  	0.335172 
1176.823029  	0.364740 
1178.254687  	0.391522 
1179.686345  	0.413604 
1181.118003  	0.436809 
1182.549662  	0.460047 
1183.981320  	0.480362 
1185.412978  	0.495751 
1186.844636  	0.498616 
1188.276294  	0.492832 
1189.707952  	0.480830 
1191.139611  	0.461387 
1192.571269  	0.441315 
1194.002927  	0.418834 
1195.434585  	0.393635 
1196.866243  	0.369665 
1198.297902  	0.344548 
1199.729560  	0.320402 
1201.161218  	0.298304 
1202.592876  	0.276861 
1204.024534  	0.260707 
1205.456193  	0.252525 
1206.887851  	0.254121 
1208.319509  	0.268909 
1209.751167  	0.294061 
1211.182825  	0.324748 
1212.614483  	0.356132 
1214.046142  	0.380210 
1215.477800  	0.397013 
1216.909458  	0.406646 
1218.341116  	0.408376 
1219.772774  	0.407297 
1221.204433  	0.401703 
1222.636091  	0.392954 
1224.067749  	0.384582 
1225.499407  	0.373880 
1226.931065  	0.363351 
1228.362723  	0.353053 
1229.794382  	0.341265 
1231.226040  	0.331369 
1232.657698  	0.321322 
1234.089356  	0.310581 
1235.521014  	0.301377 
1236.952673  	0.291443 
1238.384331  	0.282133 
1239.815989  	0.273854 
1241.247647  	0.264654 
1242.679305  	0.256340 
1244.110964  	0.247505 
1245.542622  	0.237408 
1246.974280  	0.227754 
1248.405938  	0.216480 
1249.837596  	0.204024 
1251.269254  	0.191160 
1252.700913  	0.176473 
1254.132571  	0.161445 
1255.564229  	0.146128 
1256.995887  	0.130128 
1258.427545  	0.114890 
1259.859204  	0.100015 
1261.290862  	0.085679 
1262.722520  	0.073048 
1264.154178  	0.061938 
1265.585836  	0.052252 
1267.017495  	0.044218 
1268.449153  	0.037779 
1269.880811  	0.032862 
1271.312469  	0.029161 
1272.744127  	0.026313 
1274.175785  	0.024341 
1275.607444  	0.023210 
1277.039102  	0.022977 
1278.470760  	0.023705 
1279.902418  	0.024889 
1281.334076  	0.026588 
1282.765735  	0.028993 
1284.197393  	0.031507 
1285.629051  	0.034071 
1287.060709  	0.036646 
1288.492367  	0.038811 
1289.924025  	0.040470 
1291.355684  	0.041195 
1292.787342  	0.040651 
1294.219000  	0.038847 
1295.650658  	0.035674 
1297.082316  	0.031450 
1298.513975  	0.026979 
1299.945633  	0.022706 
1301.377291  	0.018927 
1302.808949  	0.015945 
1304.240607  	0.014011 
1305.672266  	0.013669 
1307.103924  	0.014648 
1308.535582  	0.016038 
1309.967240  	0.016540 
1311.398898  	0.014841 
1312.830556  	0.011272 
1314.262215  	0.007136 
1315.693873  	0.003190 
1317.125531  	0.000085 
1318.557189  	-0.002025 
1319.988847  	-0.003557 
1321.420506  	-0.004416 
1322.852164  	-0.005094 
1324.283822  	-0.005648 
1325.715480  	-0.005770 
1327.147138  	-0.006080 
1328.578796  	-0.006231 
1330.010455  	-0.006072 
1331.442113  	-0.006319 
1332.873771  	-0.006432 
1334.305429  	-0.006340 
1335.737087  	-0.006428 
1337.168746  	-0.006417 
1338.600404  	-0.006457 
1340.032062  	-0.006360 
1341.463720  	-0.006344 
1342.895378  	-0.006596 
1344.327037  	-0.006229 
1345.758695  	-0.005802 
1347.190353  	-0.005702 
1348.622011  	-0.005185 
1350.053669  	-0.004931 
1351.485327  	-0.004644 
1352.916986  	-0.003923 
1354.348644  	-0.003483 
1355.780302  	-0.002249 
1357.211960  	-0.000111 
1358.643618  	0.003207 
1360.075277  	0.010034 
1361.506935  	0.020333 
1362.938593  	0.032214 
1364.370251  	0.038012 
1365.801909  	0.034299 
1367.233568  	0.025274 
1368.665226  	0.014927 
1370.096884  	0.006974 
1371.528542  	0.002524 
1372.960200  	0.000455 
1374.391858  	-0.000532 
1375.823517  	-0.000625 
1377.255175  	-0.000619 
1378.686833  	-0.000063 
1380.118491  	0.001833 
1381.550149  	0.004640 
1382.981808  	0.009546 
1384.413466  	0.015148 
1385.845124  	0.019021 
1387.276782  	0.019982 
1388.708440  	0.016945 
1390.140098  	0.012655 
1391.571757  	0.008287 
1393.003415  	0.005189 
1394.435073  	0.004220 
1395.866731  	0.004265 
1397.298389  	0.004723 
1398.730048  	0.006587 
1400.161706  	0.009475 
1401.593364  	0.012553 
1403.025022  	0.016611 
1404.456680  	0.021938 
1405.888339  	0.028587 
1407.319997  	0.034427 
1408.751655  	0.037290 
1410.183313  	0.037702 
1411.614971  	0.034585 
1413.046629  	0.028214 
1414.478288  	0.021278 
1415.909946  	0.014156 
1417.341604  	0.008505 
1418.773262  	0.004862 
1420.204920  	0.001317 
1421.636579  	-0.000500 
1423.068237  	-0.001342 
1424.499895  	-0.002126 
1425.931553  	-0.002170 
1427.363211  	-0.002392 
1428.794870  	-0.002559 
1430.226528  	-0.002159 
1431.658186  	-0.002295 
1433.089844  	-0.002118 
1434.521502  	-0.001804 
1435.953160  	-0.001610 
1437.384819  	0.000507 
1438.816477  	0.001736 
1440.248135  	0.002590 
1441.679793  	0.004733 
1443.111451  	0.006452 
1444.543110  	0.008228 
1445.974768  	0.010172 
1447.406426  	0.011510 
1448.838084  	0.013749 
1450.269742  	0.015016 
1451.701400  	0.015213 
1453.133059  	0.015793 
1454.564717  	0.015601 
1455.996375  	0.016187 
1457.428033  	0.020913 
1458.859691  	0.024497 
1460.291350  	0.028532 
1461.723008  	0.032310 
1463.154666  	0.034588 
1464.586324  	0.036477 
1466.017982  	0.035526 
1467.449641  	0.034112 
1468.881299  	0.032806 
1470.312957  	0.030703 
1471.744615  	0.030176 
1473.176273  	0.029465 
1474.607931  	0.027702 
1476.039590  	0.028064 
1477.471248  	0.028090 
1478.902906  	0.028679 
1480.334564  	0.031001 
1481.766222  	0.033404 
1483.197881  	0.037415 
1484.629539  	0.042741 
1486.061197  	0.048526 
1487.492855  	0.058009 
1488.924513  	0.068712 
1490.356172  	0.080826 
1491.787830  	0.098647 
1493.219488  	0.113471 
1494.651146  	0.128734 
1496.082804  	0.151224 
1497.514462  	0.172903 
1498.946121  	0.193109 
1500.377779  	0.211891 
1501.809437  	0.219710 
1503.241095  	0.222287 
1504.672753  	0.219357 
1506.104412  	0.203196 
1507.536070  	0.174898 
1508.967728  	0.146009 
1510.399386  	0.118431 
1511.831044  	0.092825 
1513.262702  	0.068835 
1514.694361  	0.050649 
1516.126019  	0.038093 
1517.557677  	0.025709 
1518.989335  	0.017478 
1520.420993  	0.013781 
1521.852652  	0.008607 
1523.284310  	0.004531 
1524.715968  	0.002731 
1526.147626  	0.000199 
1527.579284  	-0.001128 
1529.010943  	-0.001962 
1530.442601  	-0.003323 
1531.874259  	-0.003875 
1533.305917  	-0.004389 
1534.737575  	-0.005054 
1536.169233  	-0.005434 
1537.600892  	-0.006261 
1539.032550  	-0.006434 
1540.464208  	-0.006144 
1541.895866  	-0.007522 
1543.327524  	-0.007697 
1544.759183  	-0.007778 
1546.190841  	-0.008156 
1547.622499  	-0.008133 
1549.054157  	-0.008172 
1550.485815  	-0.007807 
1551.917473  	-0.007626 
1553.349132  	-0.007884 
1554.780790  	-0.007485 
1556.212448  	-0.007332 
1557.644106  	-0.007402 
1559.075764  	-0.005418 
1560.507423  	-0.006466 
1561.939081  	-0.007797 
1563.370739  	-0.008067 
1564.802397  	-0.008369 
1566.234055  	-0.008563 
1567.665714  	-0.008557 
1569.097372  	-0.008425 
1570.529030  	-0.007943 
1571.960688  	-0.008017 
1573.392346  	-0.008234 
1574.824004  	-0.008015 
1576.255663  	-0.007322 
1577.687321  	-0.006702 
1579.118979  	-0.006522 
1580.550637  	-0.005983 
1581.982295  	-0.004650 
1583.413954  	-0.003098 
1584.845612  	-0.001023 
1586.277270  	0.001688 
1587.708928  	0.004616 
1589.140586  	0.007981 
1590.572245  	0.010830 
1592.003903  	0.012860 
1593.435561  	0.013938 
1594.867219  	0.013678 
1596.298877  	0.013251 
1597.730535  	0.013095 
1599.162194  	0.013410 
1600.593852  	0.014133 
1602.025510  	0.014358 
1603.457168  	0.014102 
1604.888826  	0.012793 
1606.320485  	0.010399 
1607.752143  	0.007783 
1609.183801  	0.004791 
1610.615459  	0.002145 
1612.047117  	0.000174 
1613.478775  	-0.001555 
1614.910434  	-0.002845 
1616.342092  	-0.003579 
1617.773750  	-0.004246 
1619.205408  	-0.005127 
1620.637066  	-0.005865 
1622.068725  	-0.006177 
1623.500383  	-0.005997 
1624.932041  	-0.006038 
1626.363699  	-0.006252 
1627.795357  	-0.006046 
1629.227016  	-0.005658 
1630.658674  	-0.005556 
1632.090332  	-0.005343 
1633.521990  	-0.004917 
1634.953648  	-0.004144 
1636.385306  	-0.002769 
1637.816965  	-0.002649 
1639.248623  	-0.003026 
1640.680281  	-0.003126 
1642.111939  	-0.003132 
1643.543597  	-0.003345 
1644.975256  	-0.003452 
1646.406914  	-0.002878 
1647.838572  	-0.002310 
1649.270230  	-0.002866 
1650.701888  	-0.003393 
1652.133547  	-0.003328 
1653.565205  	-0.002143 
1654.996863  	-0.002555 
1656.428521  	-0.002974 
1657.860179  	-0.003113 
1659.291837  	-0.003326 
1660.723496  	-0.003447 
1662.155154  	-0.003357 
1663.586812  	-0.003286 
1665.018470  	-0.003468 
1666.450128  	-0.003678 
1667.881787  	-0.003570 
1669.313445  	-0.003459 
1670.745103  	-0.003937 
1672.176761  	-0.004278 
1673.608419  	-0.004579 
1675.040077  	-0.004600 
1676.471736  	-0.003996 
1677.903394  	-0.004288 
1679.335052  	-0.004401 
1680.766710  	-0.003781 
1682.198368  	-0.003922 
1683.630027  	-0.003664 
1685.061685  	-0.002464 
1686.493343  	-0.003317 
1687.925001  	-0.003310 
1689.356659  	-0.002757 
1690.788318  	-0.002385 
1692.219976  	-0.001634 
1693.651634  	-0.001375 
1695.083292  	-0.000878 
1696.514950  	0.001092 
1697.946608  	0.001082 
1699.378267  	0.001523 
1700.809925  	0.003495 
1702.241583  	0.002898 
1703.673241  	0.003175 
1705.104899  	0.004123 
1706.536558  	0.005133 
1707.968216  	0.006362 
1709.399874  	0.007107 
1710.831532  	0.008177 
1712.263190  	0.009465 
1713.694849  	0.010197 
1715.126507  	0.011808 
1716.558165  	0.013193 
1717.989823  	0.014084 
1719.421481  	0.016325 
1720.853139  	0.017157 
1722.284798  	0.018542 
1723.716456  	0.021219 
1725.148114  	0.022710 
1726.579772  	0.024582 
1728.011430  	0.026746 
1729.443089  	0.028313 
1730.874747  	0.030963 
1732.306405  	0.032530 
1733.738063  	0.033929 
1735.169721  	0.037737 
1736.601379  	0.038792 
1738.033038  	0.041028 
1739.464696  	0.044948 
1740.896354  	0.047513 
1742.328012  	0.051260 
1743.759670  	0.055223 
1745.191329  	0.059241 
1746.622987  	0.065599 
1748.054645  	0.071679 
1749.486303  	0.079102 
1750.917961  	0.089175 
1752.349620  	0.099349 
1753.781278  	0.112135 
1755.212936  	0.125502 
1756.644594  	0.141633 
1758.076252  	0.165230 
1759.507910  	0.185615 
1760.939569  	0.205382 
1762.371227  	0.233144 
1763.802885  	0.253961 
1765.234543  	0.266467 
1766.666201  	0.277569 
1768.097860  	0.280416 
1769.529518  	0.279207 
1770.961176  	0.276527 
1772.392834  	0.264537 
1773.824492  	0.253661 
1775.256150  	0.242419 
1776.687809  	0.226064 
1778.119467  	0.212918 
1779.551125  	0.198741 
1780.982783  	0.181026 
1782.414441  	0.167541 
1783.846100  	0.152932 
1785.277758  	0.136867 
1786.709416  	0.123778 
1788.141074  	0.108930 
1789.572732  	0.095230 
1791.004391  	0.083529 
1792.436049  	0.068150 
1793.867707  	0.056578 
1795.299365  	0.047367 
1796.731023  	0.036916 
1798.162681  	0.030168 
1799.594340  	0.023279 
1801.025998  	0.016398 
1802.457656  	0.013246 
1803.889314  	0.008664 
1805.320972  	0.005505 
1806.752631  	0.003939 
1808.184289  	0.000739 
1809.615947  	-0.000497 
1811.047605  	-0.001978 
1812.479263  	-0.004159 
1813.910922  	-0.004099 
1815.342580  	-0.005751 
1816.774238  	-0.006939 
1818.205896  	-0.006503 
1819.637554  	-0.008046 
1821.069212  	-0.008030 
1822.500871  	-0.007957 
1823.932529  	-0.009394 
1825.364187  	-0.008666 
1826.795845  	-0.009310 
1828.227503  	-0.010259 
1829.659162  	-0.009271 
1831.090820  	-0.010246 
1832.522478  	-0.010456 
1833.954136  	-0.010347 
1835.385794  	-0.011414 
1836.817452  	-0.010871 
1838.249111  	-0.011295 
1839.680769  	-0.012024 
1841.112427  	-0.011147 
1842.544085  	-0.012024 
1843.975743  	-0.011995 
1845.407402  	-0.010791 
1846.839060  	-0.011979 
1848.270718  	-0.011627 
1849.702376  	-0.011787 
1851.134034  	-0.012734 
1852.565693  	-0.011557 
1853.997351  	-0.011802 
1855.429009  	-0.012300 
1856.860667  	-0.011304 
1858.292325  	-0.011839 
1859.723983  	-0.011968 
1861.155642  	-0.011906 
1862.587300  	-0.012432 
1864.018958  	-0.011538 
1865.450616  	-0.011772 
1866.882274  	-0.012222 
1868.313933  	-0.011228 
1869.745591  	-0.011767 
1871.177249  	-0.011338 
1872.608907  	-0.010873 
1874.040565  	-0.011857 
1875.472224  	-0.011326 
1876.903882  	-0.011132 
1878.335540  	-0.011293 
1879.767198  	-0.010302 
1881.198856  	-0.010843 
1882.630514  	-0.010727 
1884.062173  	-0.009742 
1885.493831  	-0.010425 
1886.925489  	-0.009867 
1888.357147  	-0.008943 
1889.788805  	-0.008953 
1891.220464  	-0.008335 
1892.652122  	-0.008717 
1894.083780  	-0.008442 
1895.515438  	-0.007424 
1896.947096  	-0.008317 
1898.378754  	-0.008298 
1899.810413  	-0.007719 
1901.242071  	-0.007989 
1902.673729  	-0.007645 
1904.105387  	-0.008137 
1905.537045  	-0.008629 
1906.968704  	-0.008749 
1908.400362  	-0.009998 
1909.832020  	-0.010036 
1911.263678  	-0.010425 
1912.695336  	-0.011943 
1914.126995  	-0.011537 
1915.558653  	-0.011681 
1916.990311  	-0.012256 
1918.421969  	-0.011757 
1919.853627  	-0.012696 
1921.285285  	-0.012554 
1922.716944  	-0.011861 
1924.148602  	-0.012491 
1925.580260  	-0.011856 
1927.011918  	-0.012739 
1928.443576  	-0.014414 
1929.875235  	-0.013523 
1931.306893  	-0.013615 
1932.738551  	-0.013400 
1934.170209  	-0.012372 
1935.601867  	-0.013242 
1937.033525  	-0.012937 
1938.465184  	-0.013176 
1939.896842  	-0.014653 
1941.328500  	-0.013638 
1942.760158  	-0.013234 
1944.191816  	-0.012970 
1945.623475  	-0.012042 
1947.055133  	-0.013520 
1948.486791  	-0.013366 
1949.918449  	-0.012155 
1951.350107  	-0.012843 
1952.781766  	-0.012926 
1954.213424  	-0.013737 
1955.645082  	-0.013939 
1957.076740  	-0.013174 
1958.508398  	-0.014352 
1959.940056  	-0.013076 
1961.371715  	-0.011764 
1962.803373  	-0.012756 
1964.235031  	-0.011014 
1965.666689  	-0.010949 
1967.098347  	-0.011442 
1968.530006  	-0.009681 
1969.961664  	-0.010826 
1971.393322  	-0.010149 
1972.824980  	-0.009675 
1974.256638  	-0.012725 
1975.688297  	-0.011812 
1977.119955  	-0.011526 
1978.551613  	-0.011030 
1979.983271  	-0.007281 
1981.414929  	-0.009531 
1982.846587  	-0.011401 
1984.278246  	-0.009902 
1985.709904  	-0.010979 
1987.141562  	-0.010373 
1988.573220  	-0.011507 
1990.004878  	-0.014340 
1991.436537  	-0.011507 
1992.868195  	-0.011369 
1994.299853  	-0.013635 
1995.731511  	-0.011897 
1997.163169  	-0.011803 
1998.594827  	-0.011482 
2000.026486  	-0.010856 
2001.458144  	-0.012747 
2002.889802  	-0.011251 
2004.321460  	-0.009181 
2005.753118  	-0.009278 
2007.184777  	-0.008146 
2008.616435  	-0.008633 
2010.048093  	-0.009202 
2011.479751  	-0.009797 
2012.911409  	-0.011918 
2014.343068  	-0.010847 
2015.774726  	-0.009637 
2017.206384  	-0.008663 
2018.638042  	-0.006771 
2020.069700  	-0.009652 
2021.501358  	-0.011314 
2022.933017  	-0.009704 
2024.364675  	-0.010770 
2025.796333  	-0.009350 
2027.227991  	-0.007980 
2028.659649  	-0.010328 
2030.091308  	-0.010587 
2031.522966  	-0.010699 
2032.954624  	-0.010606 
2034.386282  	-0.009597 
2035.817940  	-0.009797 
2037.249599  	-0.007683 
2038.681257  	-0.007521 
2040.112915  	-0.010184 
2041.544573  	-0.009825 
2042.976231  	-0.010209 
2044.407889  	-0.011396 
2045.839548  	-0.010581 
2047.271206  	-0.010299 
2048.702864  	-0.009187 
2050.134522  	-0.009125 
2051.566180  	-0.010477 
2052.997839  	-0.009814 
2054.429497  	-0.009987 
2055.861155  	-0.010596 
2057.292813  	-0.009988 
2058.724471  	-0.011156 
2060.156129  	-0.012041 
2061.587788  	-0.011868 
2063.019446  	-0.011859 
2064.451104  	-0.010270 
2065.882762  	-0.010306 
2067.314420  	-0.011687 
2068.746079  	-0.010597 
2070.177737  	-0.010133 
2071.609395  	-0.010723 
2073.041053  	-0.011001 
2074.472711  	-0.012250 
2075.904370  	-0.012716 
2077.336028  	-0.012121 
2078.767686  	-0.011546 
2080.199344  	-0.010992 
2081.631002  	-0.011166 
2083.062660  	-0.010804 
2084.494319  	-0.010779 
2085.925977  	-0.012170 
2087.357635  	-0.011969 
2088.789293  	-0.011220 
2090.220951  	-0.011692 
2091.652610  	-0.012196 
2093.084268  	-0.013371 
2094.515926  	-0.013275 
2095.947584  	-0.011551 
2097.379242  	-0.011898 
2098.810901  	-0.012658 
2100.242559  	-0.012567 
2101.674217  	-0.012444 
2103.105875  	-0.011797 
2104.537533  	-0.012607 
2105.969191  	-0.013551 
2107.400850  	-0.012665 
2108.832508  	-0.012571 
2110.264166  	-0.012581 
2111.695824  	-0.012393 
2113.127482  	-0.013023 
2114.559141  	-0.012613 
2115.990799  	-0.012665 
2117.422457  	-0.013509 
2118.854115  	-0.012935 
2120.285773  	-0.012811 
2121.717431  	-0.013375 
2123.149090  	-0.014169 
2124.580748  	-0.015267 
2126.012406  	-0.013956 
2127.444064  	-0.012780 
2128.875722  	-0.013608 
2130.307381  	-0.012359 
2131.739039  	-0.011133 
2133.170697  	-0.011910 
2134.602355  	-0.011995 
2136.034013  	-0.012369 
2137.465672  	-0.012184 
2138.897330  	-0.010927 
2140.328988  	-0.011065 
2141.760646  	-0.011765 
2143.192304  	-0.012848 
2144.623962  	-0.013473 
2146.055621  	-0.012725 
2147.487279  	-0.012523 
2148.918937  	-0.011190 
2150.350595  	-0.010184 
2151.782253  	-0.011514 
2153.213912  	-0.010983 
2154.645570  	-0.009882 
2156.077228  	-0.009325 
2157.508886  	-0.008084 
2158.940544  	-0.009285 
2160.372202  	-0.007821 
2161.803861  	-0.005202 
2163.235519  	-0.008258 
2164.667177  	-0.009944 
2166.098835  	-0.008929 
2167.530493  	-0.009385 
2168.962152  	-0.010081 
2170.393810  	-0.010658 
2171.825468  	-0.009619 
2173.257126  	-0.008849 
2174.688784  	-0.009998 
2176.120443  	-0.009020 
2177.552101  	-0.009253 
2178.983759  	-0.011658 
2180.415417  	-0.010760 
2181.847075  	-0.009525 
2183.278733  	-0.009553 
2184.710392  	-0.009585 
2186.142050  	-0.010485 
2187.573708  	-0.009567 
2189.005366  	-0.008941 
2190.437024  	-0.009944 
2191.868683  	-0.008498 
2193.300341  	-0.007006 
2194.731999  	-0.006674 
2196.163657  	-0.006968 
2197.595315  	-0.009357 
2199.026974  	-0.009846 
2200.458632  	-0.008819 
2201.890290  	-0.009732 
2203.321948  	-0.009389 
2204.753606  	-0.009208 
2206.185264  	-0.010606 
2207.616923  	-0.010158 
2209.048581  	-0.009459 
2210.480239  	-0.009706 
2211.911897  	-0.010269 
2213.343555  	-0.010712 
2214.775214  	-0.009232 
2216.206872  	-0.008081 
2217.638530  	-0.008179 
2219.070188  	-0.007970 
2220.501846  	-0.008776 
2221.933504  	-0.009038 
2223.365163  	-0.008113 
2224.796821  	-0.007863 
2226.228479  	-0.007355 
2227.660137  	-0.008180 
2229.091795  	-0.009364 
2230.523454  	-0.007788 
2231.955112  	-0.007195 
2233.386770  	-0.007700 
2234.818428  	-0.006913 
2236.250086  	-0.007333 
2237.681745  	-0.008161 
2239.113403  	-0.008789 
2240.545061  	-0.010054 
2241.976719  	-0.009684 
2243.408377  	-0.009010 
2244.840035  	-0.009378 
2246.271694  	-0.009456 
2247.703352  	-0.010055 
2249.135010  	-0.010078 
2250.566668  	-0.009318 
2251.998326  	-0.009613 
2253.429985  	-0.009705 
2254.861643  	-0.010119 
2256.293301  	-0.011302 
2257.724959  	-0.011016 
2259.156617  	-0.010624 
2260.588276  	-0.011127 
2262.019934  	-0.011391 
2263.451592  	-0.011878 
2264.883250  	-0.012098 
2266.314908  	-0.011620 
2267.746566  	-0.011257 
2269.178225  	-0.011448 
2270.609883  	-0.012209 
2272.041541  	-0.012616 
2273.473199  	-0.012826 
2274.904857  	-0.013025 
2276.336516  	-0.012140 
2277.768174  	-0.011718 
2279.199832  	-0.012613 
2280.631490  	-0.013202 
2282.063148  	-0.013316 
2283.494806  	-0.012834 
2284.926465  	-0.012609 
2286.358123  	-0.013525 
2287.789781  	-0.013657 
2289.221439  	-0.013401 
2290.653097  	-0.013958 
2292.084756  	-0.013884 
2293.516414  	-0.013567 
2294.948072  	-0.013463 
2296.379730  	-0.012990 
2297.811388  	-0.013080 
2299.243047  	-0.013386 
2300.674705  	-0.013464 
2302.106363  	-0.013921 
2303.538021  	-0.014018 
2304.969679  	-0.013724 
2306.401337  	-0.013393 
2307.832996  	-0.013079 
2309.264654  	-0.013501 
2310.696312  	-0.013768 
2312.127970  	-0.013628 
2313.559628  	-0.014094 
2314.991287  	-0.014053 
2316.422945  	-0.013637 
2317.854603  	-0.013749 
2319.286261  	-0.013496 
2320.717919  	-0.013358 
2322.149577  	-0.013493 
2323.581236  	-0.013376 
2325.012894  	-0.013648 
2326.444552  	-0.013549 
2327.876210  	-0.013045 
2329.307868  	-0.013108 
2330.739527  	-0.012982 
2332.171185  	-0.012850 
2333.602843  	-0.013148 
2335.034501  	-0.013196 
2336.466159  	-0.013443 
2337.897818  	-0.013589 
2339.329476  	-0.013289 
2340.761134  	-0.013260 
2342.192792  	-0.013210 
2343.624450  	-0.013443 
2345.056108  	-0.013855 
2346.487767  	-0.013664 
2347.919425  	-0.013751 
2349.351083  	-0.013787 
2350.782741  	-0.013170 
2352.214399  	-0.012777 
2353.646058  	-0.012642 
2355.077716  	-0.012451 
2356.509374  	-0.012440 
2357.941032  	-0.011988 
2359.372690  	-0.011994 
2360.804349  	-0.012815 
2362.236007  	-0.013200 
2363.667665  	-0.013449 
2365.099323  	-0.013385 
2366.530981  	-0.012978 
2367.962639  	-0.012751 
2369.394298  	-0.012398 
2370.825956  	-0.012414 
2372.257614  	-0.012526 
2373.689272  	-0.012477 
2375.120930  	-0.013076 
2376.552589  	-0.013182 
2377.984247  	-0.012555 
2379.415905  	-0.012611 
2380.847563  	-0.012745 
2382.279221  	-0.012563 
2383.710879  	-0.012673 
2385.142538  	-0.012781 
2386.574196  	-0.012675 
2388.005854  	-0.012467 
2389.437512  	-0.012535 
2390.869170  	-0.012903 
2392.300829  	-0.012750 
2393.732487  	-0.012532 
2395.164145  	-0.012684 
2396.595803  	-0.012411 
2398.027461  	-0.012151 
2399.459120  	-0.012196 
2400.890778  	-0.012108 
2402.322436  	-0.012264 
2403.754094  	-0.012379 
2405.185752  	-0.012156 
2406.617410  	-0.011918 
2408.049069  	-0.011619 
2409.480727  	-0.011776 
2410.912385  	-0.012229 
2412.344043  	-0.012173 
2413.775701  	-0.012112 
2415.207360  	-0.012198 
2416.639018  	-0.012177 
2418.070676  	-0.012237 
2419.502334  	-0.012160 
2420.933992  	-0.012198 
2422.365651  	-0.012429 
2423.797309  	-0.012439 
2425.228967  	-0.012519 
2426.660625  	-0.012587 
2428.092283  	-0.012626 
2429.523941  	-0.012781 
2430.955600  	-0.012557 
2432.387258  	-0.012473 
2433.818916  	-0.012769 
2435.250574  	-0.012785 
2436.682232  	-0.012919 
2438.113891  	-0.012850 
2439.545549  	-0.012269 
2440.977207  	-0.012227 
2442.408865  	-0.012435 
2443.840523  	-0.012386 
2445.272181  	-0.012391 
2446.703840  	-0.012329 
2448.135498  	-0.012482 
2449.567156  	-0.012662 
2450.998814  	-0.012508 
2452.430472  	-0.012539 
2453.862131  	-0.012397 
2455.293789  	-0.011992 
2456.725447  	-0.012017 
2458.157105  	-0.012198 
2459.588763  	-0.012329 
2461.020422  	-0.012402 
2462.452080  	-0.012410 
2463.883738  	-0.012580 
2465.315396  	-0.012481 
2466.747054  	-0.012374 
2468.178712  	-0.012647 
2469.610371  	-0.012618 
2471.042029  	-0.012656 
2472.473687  	-0.012753 
2473.905345  	-0.012246 
2475.337003  	-0.012124 
2476.768662  	-0.012533 
2478.200320  	-0.012742 
2479.631978  	-0.012855 
2481.063636  	-0.012651 
2482.495294  	-0.012583 
2483.926953  	-0.012868 
2485.358611  	-0.012841 
2486.790269  	-0.013126 
2488.221927  	-0.013471 
2489.653585  	-0.013012 
2491.085243  	-0.012703 
2492.516902  	-0.012806 
2493.948560  	-0.013105 
2495.380218  	-0.013581 
2496.811876  	-0.013520 
2498.243534  	-0.013530 
2499.675193  	-0.013887 
2501.106851  	-0.013581 
2502.538509  	-0.013288 
2503.970167  	-0.013504 
2505.401825  	-0.013688 
2506.833483  	-0.013911 
2508.265142  	-0.013845 
2509.696800  	-0.013472 
2511.128458  	-0.013277 
2512.560116  	-0.013255 
2513.991774  	-0.013647 
2515.423433  	-0.014165 
2516.855091  	-0.014270 
2518.286749  	-0.014218 
2519.718407  	-0.013980 
2521.150065  	-0.013761 
2522.581724  	-0.013918 
2524.013382  	-0.014055 
2525.445040  	-0.014035 
2526.876698  	-0.013898 
2528.308356  	-0.013757 
2529.740014  	-0.013815 
2531.171673  	-0.013779 
2532.603331  	-0.013752 
2534.034989  	-0.013791 
2535.466647  	-0.013748 
2536.898305  	-0.014128 
2538.329964  	-0.014449 
2539.761622  	-0.014128 
2541.193280  	-0.014004 
2542.624938  	-0.014145 
2544.056596  	-0.014294 
2545.488254  	-0.014596 
2546.919913  	-0.014476 
2548.351571  	-0.014010 
2549.783229  	-0.013918 
2551.214887  	-0.014199 
2552.646545  	-0.014412 
2554.078204  	-0.014273 
2555.509862  	-0.014217 
2556.941520  	-0.014455 
2558.373178  	-0.014670 
2559.804836  	-0.014841 
2561.236495  	-0.014501 
2562.668153  	-0.014019 
2564.099811  	-0.014382 
2565.531469  	-0.014634 
2566.963127  	-0.014428 
2568.394785  	-0.014431 
2569.826444  	-0.013975 
2571.258102  	-0.013445 
2572.689760  	-0.013593 
2574.121418  	-0.013774 
2575.553076  	-0.013893 
2576.984735  	-0.013895 
2578.416393  	-0.013826 
2579.848051  	-0.014074 
2581.279709  	-0.014027 
2582.711367  	-0.013812 
2584.143026  	-0.013893 
2585.574684  	-0.013834 
2587.006342  	-0.014060 
2588.438000  	-0.014411 
2589.869658  	-0.014229 
2591.301316  	-0.014239 
2592.732975  	-0.014311 
2594.164633  	-0.013975 
2595.596291  	-0.013862 
2597.027949  	-0.013994 
2598.459607  	-0.014119 
2599.891266  	-0.014042 
2601.322924  	-0.013720 
2602.754582  	-0.013732 
2604.186240  	-0.013973 
2605.617898  	-0.014120 
2607.049556  	-0.014089 
2608.481215  	-0.013676 
2609.912873  	-0.013634 
2611.344531  	-0.014075 
2612.776189  	-0.014164 
2614.207847  	-0.014204 
2615.639506  	-0.014194 
2617.071164  	-0.014122 
2618.502822  	-0.014548 
2619.934480  	-0.014606 
2621.366138  	-0.014231 
2622.797797  	-0.014458 
2624.229455  	-0.014623 
2625.661113  	-0.014522 
2627.092771  	-0.014737 
2628.524429  	-0.014839 
2629.956087  	-0.014843 
2631.387746  	-0.014904 
2632.819404  	-0.014773 
2634.251062  	-0.014719 
2635.682720  	-0.014750 
2637.114378  	-0.014723 
2638.546037  	-0.014778 
2639.977695  	-0.014758 
2641.409353  	-0.014654 
2642.841011  	-0.014635 
2644.272669  	-0.014688 
2645.704328  	-0.014864 
2647.135986  	-0.015043 
2648.567644  	-0.015038 
2649.999302  	-0.014976 
2651.430960  	-0.015022 
2652.862618  	-0.015030 
2654.294277  	-0.014836 
2655.725935  	-0.014731 
2657.157593  	-0.014759 
2658.589251  	-0.014670 
2660.020909  	-0.014742 
2661.452568  	-0.014870 
2662.884226  	-0.014664 
2664.315884  	-0.014579 
2665.747542  	-0.014701 
2667.179200  	-0.014593 
2668.610858  	-0.014466 
2670.042517  	-0.014508 
2671.474175  	-0.014623 
2672.905833  	-0.014722 
2674.337491  	-0.014659 
2675.769149  	-0.014646 
2677.200808  	-0.014722 
2678.632466  	-0.014604 
2680.064124  	-0.014466 
2681.495782  	-0.014484 
2682.927440  	-0.014546 
2684.359099  	-0.014615 
2685.790757  	-0.014643 
2687.222415  	-0.014651 
2688.654073  	-0.014657 
2690.085731  	-0.014627 
2691.517389  	-0.014543 
2692.949048  	-0.014382 
2694.380706  	-0.014339 
2695.812364  	-0.014401 
2697.244022  	-0.014307 
2698.675680  	-0.014280 
2700.107339  	-0.014376 
2701.538997  	-0.014369 
2702.970655  	-0.014427 
2704.402313  	-0.014475 
2705.833971  	-0.014322 
2707.265630  	-0.014150 
2708.697288  	-0.014097 
2710.128946  	-0.014145 
2711.560604  	-0.014026 
2712.992262  	-0.013752 
2714.423920  	-0.013721 
2715.855579  	-0.013726 
2717.287237  	-0.013676 
2718.718895  	-0.013811 
2720.150553  	-0.013884 
2721.582211  	-0.014004 
2723.013870  	-0.014193 
2724.445528  	-0.014035 
2725.877186  	-0.013936 
2727.308844  	-0.014017 
2728.740502  	-0.013849 
2730.172160  	-0.013682 
2731.603819  	-0.013633 
2733.035477  	-0.013722 
2734.467135  	-0.013944 
2735.898793  	-0.013834 
2737.330451  	-0.013704 
2738.762110  	-0.013841 
2740.193768  	-0.013774 
2741.625426  	-0.013759 
2743.057084  	-0.013867 
2744.488742  	-0.013790 
2745.920401  	-0.013910 
2747.352059  	-0.014036 
2748.783717  	-0.013857 
2750.215375  	-0.013833 
2751.647033  	-0.013874 
2753.078691  	-0.013768 
2754.510350  	-0.013699 
2755.942008  	-0.013587 
2757.373666  	-0.013535 
2758.805324  	-0.013673 
2760.236982  	-0.013675 
2761.668641  	-0.013406 
2763.100299  	-0.013182 
2764.531957  	-0.013210 
2765.963615  	-0.013195 
2767.395273  	-0.012993 
2768.826931  	-0.012888 
2770.258590  	-0.012867 
2771.690248  	-0.012833 
2773.121906  	-0.012722 
2774.553564  	-0.012433 
2775.985222  	-0.012413 
2777.416881  	-0.012696 
2778.848539  	-0.012639 
2780.280197  	-0.012441 
2781.711855  	-0.012534 
2783.143513  	-0.012681 
2784.575172  	-0.012730 
2786.006830  	-0.012756 
2787.438488  	-0.012829 
2788.870146  	-0.012861 
2790.301804  	-0.012769 
2791.733462  	-0.012837 
2793.165121  	-0.013029 
2794.596779  	-0.013096 
2796.028437  	-0.013188 
2797.460095  	-0.013193 
2798.891753  	-0.012978 
2800.323412  	-0.012864 
2801.755070  	-0.012807 
2803.186728  	-0.012621 
2804.618386  	-0.012527 
2806.050044  	-0.012572 
2807.481703  	-0.012525 
2808.913361  	-0.012403 
2810.345019  	-0.012380 
2811.776677  	-0.012381 
2813.208335  	-0.012384 
2814.639993  	-0.012528 
2816.071652  	-0.012586 
2817.503310  	-0.012473 
2818.934968  	-0.012531 
2820.366626  	-0.012679 
2821.798284  	-0.012629 
2823.229943  	-0.012518 
2824.661601  	-0.012522 
2826.093259  	-0.012430 
2827.524917  	-0.012081 
2828.956575  	-0.012014 
2830.388233  	-0.012383 
2831.819892  	-0.012442 
2833.251550  	-0.012221 
2834.683208  	-0.012096 
2836.114866  	-0.011797 
2837.546524  	-0.011528 
2838.978183  	-0.011472 
2840.409841  	-0.011257 
2841.841499  	-0.010851 
2843.273157  	-0.010259 
2844.704815  	-0.009590 
2846.136474  	-0.008998 
2847.568132  	-0.008096 
2848.999790  	-0.007012 
2850.431448  	-0.006270 
2851.863106  	-0.005930 
2853.294764  	-0.006147 
2854.726423  	-0.006680 
2856.158081  	-0.006887 
2857.589739  	-0.006739 
2859.021397  	-0.006329 
2860.453055  	-0.005814 
2861.884714  	-0.005266 
2863.316372  	-0.004164 
2864.748030  	-0.002667 
2866.179688  	-0.001453 
2867.611346  	-0.000269 
2869.043005  	0.001199 
2870.474663  	0.002494 
2871.906321  	0.003241 
2873.337979  	0.003527 
2874.769637  	0.003400 
2876.201295  	0.002803 
2877.632954  	0.001908 
2879.064612  	0.000953 
2880.496270  	0.000073 
2881.927928  	-0.000648 
2883.359586  	-0.001242 
2884.791245  	-0.001562 
2886.222903  	-0.001571 
2887.654561  	-0.001625 
2889.086219  	-0.001512 
2890.517877  	-0.001119 
2891.949535  	-0.001157 
2893.381194  	-0.001494 
2894.812852  	-0.001563 
2896.244510  	-0.001599 
2897.676168  	-0.001696 
2899.107826  	-0.001777 
2900.539485  	-0.001772 
2901.971143  	-0.001484 
2903.402801  	-0.001196 
2904.834459  	-0.000907 
2906.266117  	-0.000227 
2907.697776  	0.000481 
2909.129434  	0.001040 
2910.561092  	0.001868 
2911.992750  	0.002986 
2913.424408  	0.004309 
2914.856066  	0.005834 
2916.287725  	0.007099 
2917.719383  	0.007497 
2919.151041  	0.007197 
2920.582699  	0.006845 
2922.014357  	0.006675 
2923.446016  	0.006824 
2924.877674  	0.007297 
2926.309332  	0.007651 
2927.740990  	0.008055 
2929.172648  	0.008792 
2930.604306  	0.009346 
2932.035965  	0.009629 
2933.467623  	0.009837 
2934.899281  	0.009809 
2936.330939  	0.009707 
2937.762597  	0.009507 
2939.194256  	0.008949 
2940.625914  	0.008256 
2942.057572  	0.007676 
2943.489230  	0.007370 
2944.920888  	0.007292 
2946.352547  	0.007172 
2947.784205  	0.007220 
2949.215863  	0.007550 
2950.647521  	0.007937 
2952.079179  	0.008665 
2953.510837  	0.010045 
2954.942496  	0.012014 
2956.374154  	0.014403 
2957.805812  	0.017187 
2959.237470  	0.020524 
2960.669128  	0.023993 
2962.100787  	0.027128 
2963.532445  	0.030089 
2964.964103  	0.032648 
2966.395761  	0.034415 
2967.827419  	0.035371 
2969.259078  	0.035310 
2970.690736  	0.034401 
2972.122394  	0.033111 
2973.554052  	0.031200 
2974.985710  	0.028696 
2976.417368  	0.026127 
2977.849027  	0.023344 
2979.280685  	0.020337 
2980.712343  	0.017516 
2982.144001  	0.014866 
2983.575659  	0.012368 
2985.007318  	0.009956 
2986.438976  	0.007477 
2987.870634  	0.005286 
2989.302292  	0.003538 
2990.733950  	0.001822 
2992.165608  	0.000099 
2993.597267  	-0.001403 
2995.028925  	-0.002811 
2996.460583  	-0.004153 
2997.892241  	-0.005259 
2999.323899  	-0.006292 
3000.755558  	-0.007293 
3002.187216  	-0.008079 
3003.618874  	-0.008764 
3005.050532  	-0.009311 
3006.482190  	-0.009720 
3007.913849  	-0.010314 
3009.345507  	-0.010841 
3010.777165  	-0.011044 
3012.208823  	-0.011424 
3013.640481  	-0.012070 
3015.072139  	-0.012412 
3016.503798  	-0.012279 
3017.935456  	-0.012062 
3019.367114  	-0.011984 
3020.798772  	-0.011986 
3022.230430  	-0.012148 
3023.662089  	-0.012220 
3025.093747  	-0.011927 
3026.525405  	-0.011622 
3027.957063  	-0.011264 
3029.388721  	-0.010737 
3030.820380  	-0.010351 
3032.252038  	-0.009678 
3033.683696  	-0.008614 
3035.115354  	-0.007818 
3036.547012  	-0.007120 
3037.978670  	-0.006319 
3039.410329  	-0.005705 
3040.841987  	-0.005371 
3042.273645  	-0.005407 
3043.705303  	-0.005591 
3045.136961  	-0.005727 
3046.568620  	-0.006026 
3048.000278  	-0.006369 
3049.431936  	-0.006655 
3050.863594  	-0.006815 
3052.295252  	-0.006682 
3053.726910  	-0.006624 
3055.158569  	-0.006628 
3056.590227  	-0.006364 
3058.021885  	-0.006105 
3059.453543  	-0.005957 
3060.885201  	-0.006018 
3062.316860  	-0.006291 
3063.748518  	-0.006444 
3065.180176  	-0.006877 
3066.611834  	-0.007453 
3068.043492  	-0.007495 
3069.475151  	-0.007717 
3070.906809  	-0.008303 
3072.338467  	-0.008642 
3073.770125  	-0.009070 
3075.201783  	-0.009463 
3076.633441  	-0.009489 
3078.065100  	-0.009586 
3079.496758  	-0.009805 
3080.928416  	-0.010064 
3082.360074  	-0.010224 
3083.791732  	-0.010200 
3085.223391  	-0.010522 
3086.655049  	-0.010992 
3088.086707  	-0.011241 
3089.518365  	-0.011739 
3090.950023  	-0.012153 
3092.381682  	-0.012039 
3093.813340  	-0.011965 
3095.244998  	-0.012172 
3096.676656  	-0.012503 
3098.108314  	-0.012777 
3099.539972  	-0.012791 
3100.971631  	-0.012705 
3102.403289  	-0.012653 
3103.834947  	-0.012599 
3105.266605  	-0.012572 
3106.698263  	-0.012557 
3108.129922  	-0.012515 
3109.561580  	-0.012416 
3110.993238  	-0.012506 
3112.424896  	-0.012798 
3113.856554  	-0.012749 
3115.288212  	-0.012552 
3116.719871  	-0.012695 
3118.151529  	-0.012930 
3119.583187  	-0.013196 
3121.014845  	-0.013402 
3122.446503  	-0.013370 
3123.878162  	-0.013445 
3125.309820  	-0.013578 
3126.741478  	-0.013601 
3128.173136  	-0.013775 
3129.604794  	-0.014040 
3131.036453  	-0.014270 
3132.468111  	-0.014293 
3133.899769  	-0.014062 
3135.331427  	-0.014105 
3136.763085  	-0.014262 
3138.194743  	-0.014155 
3139.626402  	-0.014253 
3141.058060  	-0.014540 
3142.489718  	-0.014669 
3143.921376  	-0.014737 
3145.353034  	-0.014720 
3146.784693  	-0.014710 
3148.216351  	-0.014791 
3149.648009  	-0.014838 
3151.079667  	-0.014929 
3152.511325  	-0.014952 
3153.942983  	-0.014949 
3155.374642  	-0.015205 
3156.806300  	-0.015352 
3158.237958  	-0.015244 
3159.669616  	-0.015296 
3161.101274  	-0.015357 
3162.532933  	-0.015212 
3163.964591  	-0.015023 
3165.396249  	-0.014831 
3166.827907  	-0.014820 
3168.259565  	-0.015070 
3169.691224  	-0.015155 
3171.122882  	-0.015167 
3172.554540  	-0.015490 
3173.986198  	-0.015443 
3175.417856  	-0.014759 
3176.849514  	-0.014447 
3178.281173  	-0.014596 
3179.712831  	-0.014768 
3181.144489  	-0.015135 
3182.576147  	-0.015134 
3184.007805  	-0.014642 
3185.439464  	-0.014714 
3186.871122  	-0.015170 
3188.302780  	-0.015269 
3189.734438  	-0.015161 
3191.166096  	-0.014933 
3192.597755  	-0.014700 
3194.029413  	-0.014618 
3195.461071  	-0.014604 
3196.892729  	-0.014730 
3198.324387  	-0.014916 
3199.756045  	-0.015020 
3201.187704  	-0.015035 
3202.619362  	-0.014984 
3204.051020  	-0.015131 
3205.482678  	-0.015224 
3206.914336  	-0.014910 
3208.345995  	-0.014752 
3209.777653  	-0.014894 
3211.209311  	-0.014990 
3212.640969  	-0.015016 
3214.072627  	-0.014877 
3215.504285  	-0.014800 
3216.935944  	-0.014830 
3218.367602  	-0.014622 
3219.799260  	-0.014622 
3221.230918  	-0.014951 
3222.662576  	-0.015003 
3224.094235  	-0.014849 
3225.525893  	-0.014822 
3226.957551  	-0.015031 
3228.389209  	-0.015156 
3229.820867  	-0.015004 
3231.252526  	-0.015246 
3232.684184  	-0.015555 
3234.115842  	-0.015240 
3235.547500  	-0.015145 
3236.979158  	-0.015268 
3238.410816  	-0.015056 
3239.842475  	-0.015183 
3241.274133  	-0.015464 
3242.705791  	-0.015346 
3244.137449  	-0.015253 
3245.569107  	-0.015191 
3247.000766  	-0.015039 
3248.432424  	-0.014928 
3249.864082  	-0.014869 
3251.295740  	-0.014956 
3252.727398  	-0.014947 
3254.159057  	-0.014861 
3255.590715  	-0.015041 
3257.022373  	-0.015185 
3258.454031  	-0.015321 
3259.885689  	-0.015606 
3261.317347  	-0.015476 
3262.749006  	-0.015015 
3264.180664  	-0.014825 
3265.612322  	-0.014919 
3267.043980  	-0.014982 
3268.475638  	-0.014852 
3269.907297  	-0.014752 
3271.338955  	-0.014643 
3272.770613  	-0.014364 
3274.202271  	-0.014452 
3275.633929  	-0.014824 
3277.065587  	-0.014764 
3278.497246  	-0.014531 
3279.928904  	-0.014415 
3281.360562  	-0.014245 
3282.792220  	-0.014211 
3284.223878  	-0.014340 
3285.655537  	-0.014311 
3287.087195  	-0.014016 
3288.518853  	-0.013739 
3289.950511  	-0.013794 
3291.382169  	-0.013925 
3292.813828  	-0.013850 
3294.245486  	-0.013819 
3295.677144  	-0.013938 
3297.108802  	-0.014011 
3298.540460  	-0.013913 
3299.972118  	-0.013780 
3301.403777  	-0.013908 
3302.835435  	-0.014201 
3304.267093  	-0.014263 
3305.698751  	-0.014064 
3307.130409  	-0.014034 
3308.562068  	-0.014430 
3309.993726  	-0.014851 
3311.425384  	-0.014873 
3312.857042  	-0.014616 
3314.288700  	-0.014435 
3315.720359  	-0.014613 
3317.152017  	-0.014881 
3318.583675  	-0.014908 
3320.015333  	-0.015022 
3321.446991  	-0.015291 
3322.878649  	-0.015395 
3324.310308  	-0.015328 
3325.741966  	-0.015131 
3327.173624  	-0.014985 
3328.605282  	-0.015019 
3330.036940  	-0.015050 
3331.468599  	-0.015106 
3332.900257  	-0.015169 
3334.331915  	-0.015266 
3335.763573  	-0.015500 
3337.195231  	-0.015444 
3338.626889  	-0.015248 
3340.058548  	-0.015501 
3341.490206  	-0.015749 
3342.921864  	-0.015664 
3344.353522  	-0.015483 
3345.785180  	-0.015394 
3347.216839  	-0.015668 
3348.648497  	-0.015826 
3350.080155  	-0.015526 
3351.511813  	-0.015569 
3352.943471  	-0.015888 
3354.375130  	-0.015818 
3355.806788  	-0.015598 
3357.238446  	-0.015544 
3358.670104  	-0.015805 
3360.101762  	-0.016083 
3361.533420  	-0.015787 
3362.965079  	-0.015362 
3364.396737  	-0.015439 
3365.828395  	-0.015776 
3367.260053  	-0.015930 
3368.691711  	-0.015643 
3370.123370  	-0.015261 
3371.555028  	-0.015271 
3372.986686  	-0.015464 
3374.418344  	-0.015517 
3375.850002  	-0.015389 
3377.281660  	-0.015299 
3378.713319  	-0.015414 
3380.144977  	-0.015457 
3381.576635  	-0.015385 
3383.008293  	-0.015283 
3384.439951  	-0.015122 
3385.871610  	-0.015304 
3387.303268  	-0.015603 
3388.734926  	-0.015411 
3390.166584  	-0.015299 
3391.598242  	-0.015615 
3393.029901  	-0.015856 
3394.461559  	-0.016056 
3395.893217  	-0.016219 
3397.324875  	-0.015947 
3398.756533  	-0.015533 
3400.188191  	-0.015572 
3401.619850  	-0.015828 
3403.051508  	-0.015840 
3404.483166  	-0.015746 
3405.914824  	-0.015608 
3407.346482  	-0.015374 
3408.778141  	-0.015433 
3410.209799  	-0.015737 
3411.641457  	-0.015907 
3413.073115  	-0.015919 
3414.504773  	-0.015634 
3415.936432  	-0.015433 
3417.368090  	-0.015746 
3418.799748  	-0.015724 
3420.231406  	-0.015221 
3421.663064  	-0.015226 
3423.094722  	-0.015549 
3424.526381  	-0.015753 
3425.958039  	-0.016014 
3427.389697  	-0.015971 
3428.821355  	-0.015641 
3430.253013  	-0.015626 
3431.684672  	-0.015649 
3433.116330  	-0.015433 
3434.547988  	-0.015560 
3435.979646  	-0.015938 
3437.411304  	-0.015932 
3438.842962  	-0.015799 
3440.274621  	-0.015797 
3441.706279  	-0.015633 
3443.137937  	-0.015383 
3444.569595  	-0.015263 
3446.001253  	-0.015307 
3447.432912  	-0.015383 
3448.864570  	-0.015284 
3450.296228  	-0.015356 
3451.727886  	-0.015472 
3453.159544  	-0.015186 
3454.591203  	-0.015213 
3456.022861  	-0.015483 
3457.454519  	-0.015191 
3458.886177  	-0.015157 
3460.317835  	-0.015509 
3461.749493  	-0.015305 
3463.181152  	-0.015057 
3464.612810  	-0.015185 
3466.044468  	-0.015284 
3467.476126  	-0.015210 
3468.907784  	-0.014952 
3470.339443  	-0.015013 
3471.771101  	-0.015333 
3473.202759  	-0.015221 
3474.634417  	-0.015053 
3476.066075  	-0.014930 
3477.497734  	-0.014701 
3478.929392  	-0.014998 
3480.361050  	-0.015328 
3481.792708  	-0.014998 
3483.224366  	-0.014770 
3484.656024  	-0.014905 
3486.087683  	-0.015033 
3487.519341  	-0.015099 
3488.950999  	-0.015219 
3490.382657  	-0.015540 
3491.814315  	-0.015492 
3493.245974  	-0.014880 
3494.677632  	-0.014594 
3496.109290  	-0.014657 
3497.540948  	-0.014487 
3498.972606  	-0.014304 
3500.404264  	-0.014387 
3501.835923  	-0.014449 
3503.267581  	-0.014131 
3504.699239  	-0.013924 
3506.130897  	-0.014214 
3507.562555  	-0.014337 
3508.994214  	-0.014266 
3510.425872  	-0.014416 
3511.857530  	-0.014748 
3513.289188  	-0.015259 
3514.720846  	-0.015180 
3516.152505  	-0.014315 
3517.584163  	-0.014086 
3519.015821  	-0.014295 
3520.447479  	-0.014033 
3521.879137  	-0.014050 
3523.310795  	-0.014243 
3524.742454  	-0.013993 
3526.174112  	-0.013796 
3527.605770  	-0.013672 
3529.037428  	-0.013713 
3530.469086  	-0.014010 
3531.900745  	-0.013876 
3533.332403  	-0.013583 
3534.764061  	-0.013726 
3536.195719  	-0.013984 
3537.627377  	-0.014012 
3539.059035  	-0.013706 
3540.490694  	-0.013415 
3541.922352  	-0.013686 
3543.354010  	-0.014113 
3544.785668  	-0.014208 
3546.217326  	-0.014190 
3547.648985  	-0.014081 
3549.080643  	-0.014014 
3550.512301  	-0.014250 
3551.943959  	-0.014406 
3553.375617  	-0.014248 
3554.807276  	-0.014167 
3556.238934  	-0.014107 
3557.670592  	-0.014081 
3559.102250  	-0.014495 
3560.533908  	-0.014846 
3561.965566  	-0.014434 
3563.397225  	-0.013932 
3564.828883  	-0.013908 
3566.260541  	-0.013978 
3567.692199  	-0.013931 
3569.123857  	-0.014112 
3570.555516  	-0.014575 
3571.987174  	-0.014943 
3573.418832  	-0.014931 
3574.850490  	-0.014893 
3576.282148  	-0.015059 
3577.713807  	-0.015000 
3579.145465  	-0.014730 
3580.577123  	-0.014731 
3582.008781  	-0.015088 
3583.440439  	-0.015399 
3584.872097  	-0.015469 
3586.303756  	-0.015484 
3587.735414  	-0.015249 
3589.167072  	-0.014803 
3590.598730  	-0.015034 
3592.030388  	-0.015501 
3593.462047  	-0.015419 
3594.893705  	-0.015161 
3596.325363  	-0.015547 
3597.757021  	-0.015928 
3599.188679  	-0.015646 
3600.620337  	-0.015387 
3602.051996  	-0.015717 
3603.483654  	-0.016012 
3604.915312  	-0.016078 
3606.346970  	-0.016123 
3607.778628  	-0.015829 
3609.210287  	-0.015519 
3610.641945  	-0.015955 
3612.073603  	-0.016320 
3613.505261  	-0.016125 
3614.936919  	-0.015982 
3616.368578  	-0.015992 
3617.800236  	-0.015523 
3619.231894  	-0.014796 
3620.663552  	-0.014857 
3622.095210  	-0.015218 
3623.526868  	-0.015224 
3624.958527  	-0.015425 
3626.390185  	-0.015870 
3627.821843  	-0.015509 
3629.253501  	-0.013768 
3630.685159  	-0.013868 
3632.116818  	-0.015213 
3633.548476  	-0.015779 
3634.980134  	-0.016043 
3636.411792  	-0.016341 
3637.843450  	-0.016004 
3639.275109  	-0.015362 
3640.706767  	-0.015353 
3642.138425  	-0.015498 
3643.570083  	-0.015553 
3645.001741  	-0.015464 
3646.433399  	-0.014900 
3647.865058  	-0.014653 
3649.296716  	-0.014869 
3650.728374  	-0.014011 
3652.160032  	-0.014260 
3653.591690  	-0.015455 
3655.023349  	-0.015662 
3656.455007  	-0.014792 
3657.886665  	-0.014141 
3659.318323  	-0.014296 
3660.749981  	-0.014655 
3662.181639  	-0.014866 
3663.613298  	-0.014933 
3665.044956  	-0.014835 
3666.476614  	-0.014651 
3667.908272  	-0.014966 
3669.339930  	-0.015158 
3670.771589  	-0.013954 
3672.203247  	-0.014137 
3673.634905  	-0.015386 
3675.066563  	-0.014937 
3676.498221  	-0.013114 
3677.929880  	-0.014385 
3679.361538  	-0.015328 
3680.793196  	-0.015329 
3682.224854  	-0.015583 
3683.656512  	-0.015791 
3685.088170  	-0.015585 
3686.519829  	-0.015475 
3687.951487  	-0.014992 
3689.383145  	-0.014216 
3690.814803  	-0.014688 
3692.246461  	-0.015433 
3693.678120  	-0.015986 
3695.109778  	-0.016425 
3696.541436  	-0.016350 
3697.973094  	-0.016140 
3699.404752  	-0.016232 
3700.836411  	-0.016035 
3702.268069  	-0.015722 
3703.699727  	-0.015974 
3705.131385  	-0.016281 
3706.563043  	-0.016339 
3707.994701  	-0.016345 
3709.426360  	-0.016550 
3710.858018  	-0.016542 
3712.289676  	-0.015632 
3713.721334  	-0.015329 
3715.152992  	-0.016182 
3716.584651  	-0.016677 
3718.016309  	-0.016507 
3719.447967  	-0.016290 
3720.879625  	-0.016059 
3722.311283  	-0.015648 
3723.742941  	-0.015822 
3725.174600  	-0.016290 
3726.606258  	-0.015969 
3728.037916  	-0.015984 
3729.469574  	-0.016784 
3730.901232  	-0.016554 
3732.332891  	-0.015703 
3733.764549  	-0.016510 
3735.196207  	-0.016570 
3736.627865  	-0.014974 
3738.059523  	-0.015899 
3739.491182  	-0.016798 
3740.922840  	-0.016390 
3742.354498  	-0.016582 
3743.786156  	-0.016593 
3745.217814  	-0.014721 
3746.649472  	-0.015671 
3748.081131  	-0.016922 
3749.512789  	-0.016447 
3750.944447  	-0.015786 
3752.376105  	-0.016359 
3753.807763  	-0.016675 
3755.239422  	-0.016680 
3756.671080  	-0.016472 
3758.102738  	-0.016382 
3759.534396  	-0.016564 
3760.966054  	-0.016244 
3762.397712  	-0.016213 
3763.829371  	-0.016600 
3765.261029  	-0.016366 
3766.692687  	-0.016105 
3768.124345  	-0.016379 
3769.556003  	-0.016110 
3770.987662  	-0.015678 
3772.419320  	-0.016183 
3773.850978  	-0.016981 
3775.282636  	-0.017324 
3776.714294  	-0.017018 
3778.145953  	-0.016752 
3779.577611  	-0.016658 
3781.009269  	-0.016623 
3782.440927  	-0.016991 
3783.872585  	-0.017257 
3785.304243  	-0.017222 
3786.735902  	-0.017282 
3788.167560  	-0.017252 
3789.599218  	-0.017281 
3791.030876  	-0.017141 
3792.462534  	-0.016547 
3793.894193  	-0.016745 
3795.325851  	-0.017103 
3796.757509  	-0.016183 
3798.189167  	-0.016149 
3799.620825  	-0.016973 
3801.052484  	-0.016339 
3802.484142  	-0.015358 
3803.915800  	-0.016238 
3805.347458  	-0.016831 
3806.779116  	-0.016703 
3808.210774  	-0.016445 
3809.642433  	-0.016958 
3811.074091  	-0.017134 
3812.505749  	-0.016676 
3813.937407  	-0.016830 
3815.369065  	-0.016784 
3816.800724  	-0.015614 
3818.232382  	-0.016246 
3819.664040  	-0.017171 
3821.095698  	-0.016473 
3822.527356  	-0.016063 
3823.959014  	-0.017156 
3825.390673  	-0.017418 
3826.822331  	-0.016605 
3828.253989  	-0.016257 
3829.685647  	-0.016978 
3831.117305  	-0.017207 
3832.548964  	-0.016437 
3833.980622  	-0.016010 
3835.412280  	-0.016203 
3836.843938  	-0.016572 
3838.275596  	-0.016509 
3839.707255  	-0.016139 
3841.138913  	-0.016588 
3842.570571  	-0.016886 
3844.002229  	-0.016349 
3845.433887  	-0.016175 
3846.865545  	-0.016504 
3848.297204  	-0.016596 
3849.728862  	-0.016699 
3851.160520  	-0.017009 
3852.592178  	-0.016670 
3854.023836  	-0.014844 
3855.455495  	-0.015159 
3856.887153  	-0.016231 
3858.318811  	-0.016560 
3859.750469  	-0.016802 
3861.182127  	-0.016785 
3862.613786  	-0.016455 
3864.045444  	-0.016565 
3865.477102  	-0.016047 
3866.908760  	-0.015687 
3868.340418  	-0.016548 
3869.772076  	-0.016327 
3871.203735  	-0.015340 
3872.635393  	-0.016357 
3874.067051  	-0.016538 
3875.498709  	-0.015921 
3876.930367  	-0.016531 
3878.362026  	-0.016854 
3879.793684  	-0.016266 
3881.225342  	-0.015476 
3882.657000  	-0.015598 
3884.088658  	-0.016334 
3885.520316  	-0.016064 
3886.951975  	-0.015465 
3888.383633  	-0.016656 
3889.815291  	-0.017186 
3891.246949  	-0.016278 
3892.678607  	-0.015835 
3894.110266  	-0.016122 
3895.541924  	-0.016335 
3896.973582  	-0.016561 
3898.405240  	-0.016575 
3899.836898  	-0.016493 
3901.268557  	-0.016232 
3902.700215  	-0.015741 
3904.131873  	-0.015519 
3905.563531  	-0.015569 
3906.995189  	-0.016004 
3908.426847  	-0.016713 
3909.858506  	-0.016893 
3911.290164  	-0.016478 
3912.721822  	-0.016324 
3914.153480  	-0.016643 
3915.585138  	-0.016764 
3917.016797  	-0.016431 
3918.448455  	-0.016206 
3919.880113  	-0.016121 
3921.311771  	-0.016177 
3922.743429  	-0.016672 
3924.175088  	-0.016700 
3925.606746  	-0.015981 
3927.038404  	-0.015975 
3928.470062  	-0.016444 
3929.901720  	-0.016663 
3931.333378  	-0.016959 
3932.765037  	-0.017147 
3934.196695  	-0.017003 
3935.628353  	-0.016928 
3937.060011  	-0.016748 
3938.491669  	-0.016558 
3939.923328  	-0.016806 
3941.354986  	-0.016928 
3942.786644  	-0.016544 
3944.218302  	-0.016476 
3945.649960  	-0.016790 
3947.081618  	-0.016850 
3948.513277  	-0.016916 
3949.944935  	-0.017040 
3951.376593  	-0.016743 
3952.808251  	-0.016414 
3954.239909  	-0.016454 
3955.671568  	-0.016535 
3957.103226  	-0.016507 
3958.534884  	-0.016547 
3959.966542  	-0.016642 
3961.398200  	-0.016500 
3962.829859  	-0.016286 
3964.261517  	-0.016524 
3965.693175  	-0.016725 
3967.124833  	-0.016437 
3968.556491  	-0.016281 
3969.988149  	-0.016379 
3971.419808  	-0.016441 
3972.851466  	-0.016645 
3974.283124  	-0.016830 
3975.714782  	-0.016768 
3977.146440  	-0.016707 
3978.578099  	-0.016893 
3980.009757  	-0.017191 
3981.441415  	-0.017170 
3982.873073  	-0.016844 
3984.304731  	-0.016493 
3985.736389  	-0.016211 
3987.168048  	-0.016306 
3988.599706  	-0.016418 
3990.031364  	-0.016038 
3991.463022  	-0.015960 
3992.894680  	-0.016377 
3994.326339  	-0.016655 
3995.757997  	-0.016898 
3997.189655  	-0.016942 
3998.621313  	-0.016693 
4000.052971  	-0.016583 
4001.484630  	-0.016486 
4002.916288  	-0.016338 
4004.347946  	-0.016354 
4005.779604  	-0.016573 
4007.211262  	-0.016851 
4008.642920  	-0.016658 
4010.074579  	-0.016377 
4011.506237  	-0.016734 
4012.937895  	-0.016932 
4014.369553  	-0.016653 
4015.801211  	-0.016518 
4017.232870  	-0.016522 
4018.664528  	-0.016750 
4020.096186  	-0.017000 
4021.527844  	-0.016926 
4022.959502  	-0.016904 
4024.391161  	-0.016782 
4025.822819  	-0.016622 
4027.254477  	-0.016934 
4028.686135  	-0.016940 
4030.117793  	-0.016431 
4031.549451  	-0.016302 
4032.981110  	-0.016480 
4034.412768  	-0.016706 
4035.844426  	-0.016925 
4037.276084  	-0.016816 
4038.707742  	-0.016421 
4040.139401  	-0.016034 
4041.571059  	-0.016052 
4043.002717  	-0.016345 
4044.434375  	-0.016140 
4045.866033  	-0.015737 
4047.297691  	-0.015840 
4048.729350  	-0.016026 
4050.161008  	-0.015986 
4051.592666  	-0.015981 
4053.024324  	-0.016053 
4054.455982  	-0.015910 
4055.887641  	-0.015543 
4057.319299  	-0.015398 
4058.750957  	-0.015387 
4060.182615  	-0.015372 
4061.614273  	-0.015773 
4063.045932  	-0.016104 
4064.477590  	-0.015723 
4065.909248  	-0.015152 
4067.340906  	-0.014790 
4068.772564  	-0.014702 
4070.204222  	-0.014927 
4071.635881  	-0.015116 
4073.067539  	-0.015181 
4074.499197  	-0.015275 
4075.930855  	-0.015377 
4077.362513  	-0.015509 
4078.794172  	-0.015565 
4080.225830  	-0.015445 
4081.657488  	-0.015326 
4083.089146  	-0.015429 
4084.520804  	-0.015617 
4085.952463  	-0.015442 
4087.384121  	-0.015215 
4088.815779  	-0.015529 
4090.247437  	-0.015875 
4091.679095  	-0.015926 
4093.110753  	-0.015934 
4094.542412  	-0.015844 
4095.974070  	-0.015954 
4097.405728  	-0.016134 
4098.837386  	-0.015739 
4100.269044  	-0.015544 
4101.700703  	-0.016176 
4103.132361  	-0.016662 
4104.564019  	-0.016563 
4105.995677  	-0.016312 
4107.427335  	-0.016126 
4108.858993  	-0.016153 
4110.290652  	-0.016381 
4111.722310  	-0.016639 
4113.153968  	-0.016796 
4114.585626  	-0.016689 
4116.017284  	-0.016464 
4117.448943  	-0.016596 
4118.880601  	-0.017027 
4120.312259  	-0.017115 
4121.743917  	-0.016838 
4123.175575  	-0.016822 
4124.607234  	-0.017083 
4126.038892  	-0.017159 
4127.470550  	-0.016948 
4128.902208  	-0.016692 
4130.333866  	-0.016762 
4131.765524  	-0.017146 
4133.197183  	-0.017284 
4134.628841  	-0.016979 
4136.060499  	-0.016661 
4137.492157  	-0.016516 
4138.923815  	-0.016271 
4140.355474  	-0.016018 
4141.787132  	-0.016135 
4143.218790  	-0.016391 
4144.650448  	-0.016506 
4146.082106  	-0.016658 
4147.513764  	-0.016814 
4148.945423  	-0.016917 
4150.377081  	-0.016839 
4151.808739  	-0.016353 
4153.240397  	-0.016159 
4154.672055  	-0.016693 
4156.103714  	-0.016981 
4157.535372  	-0.016734 
4158.967030  	-0.016725 
4160.398688  	-0.016939 
4161.830346  	-0.016799 
4163.262005  	-0.016530 
4164.693663  	-0.016690 
4166.125321  	-0.016810 
4167.556979  	-0.016505 
4168.988637  	-0.016503 
4170.420295  	-0.016610 
4171.851954  	-0.016213 
4173.283612  	-0.016126 
4174.715270  	-0.016464 
4176.146928  	-0.016310 
4177.578586  	-0.015942 
4179.010245  	-0.016038 
4180.441903  	-0.016503 
4181.873561  	-0.016795 
4183.305219  	-0.016581 
4184.736877  	-0.016319 
4186.168536  	-0.016294 
4187.600194  	-0.016204 
4189.031852  	-0.016164 
4190.463510  	-0.016365 
4191.895168  	-0.016570 
4193.326826  	-0.016629 
4194.758485  	-0.016748 
4196.190143  	-0.016999 
4197.621801  	-0.016791 
4199.053459  	-0.016125 
4200.485117  	-0.016019 
4201.916776  	-0.016381 
4203.348434  	-0.016444 
4204.780092  	-0.016376 
4206.211750  	-0.016395 
4207.643408  	-0.016649 
4209.075066  	-0.017067 
4210.506725  	-0.016888 
4211.938383  	-0.016315 
4213.370041  	-0.016137 
4214.801699  	-0.016071 
4216.233357  	-0.016231 
4217.665016  	-0.016976 
4219.096674  	-0.017353 
4220.528332  	-0.016919 
4221.959990  	-0.016418 
4223.391648  	-0.016029 
4224.823307  	-0.015809 
4226.254965  	-0.016112 
4227.686623  	-0.016574 
4229.118281  	-0.016744 
4230.549939  	-0.016811 
4231.981597  	-0.016828 
4233.413256  	-0.016651 
4234.844914  	-0.016363 
4236.276572  	-0.016136 
4237.708230  	-0.016173 
4239.139888  	-0.016541 
4240.571547  	-0.016984 
4242.003205  	-0.017024 
4243.434863  	-0.016570 
4244.866521  	-0.016280 
4246.298179  	-0.016395 
4247.729838  	-0.016393 
4249.161496  	-0.016454 
4250.593154  	-0.016939 
4252.024812  	-0.017280 
4253.456470  	-0.017161 
4254.888128  	-0.016942 
4256.319787  	-0.016867 
4257.751445  	-0.016956 
4259.183103  	-0.016997 
4260.614761  	-0.016865 
4262.046419  	-0.016705 
4263.478078  	-0.016535 
4264.909736  	-0.016362 
4266.341394  	-0.016298 
4267.773052  	-0.016381 
4269.204710  	-0.016578 
4270.636368  	-0.016858 
4272.068027  	-0.017190 
4273.499685  	-0.017192 
4274.931343  	-0.016685 
4276.363001  	-0.016291 
4277.794659  	-0.016169 
4279.226318  	-0.016056 
4280.657976  	-0.016298 
4282.089634  	-0.016811 
4283.521292  	-0.017103 
4284.952950  	-0.017137 
4286.384609  	-0.016950 
4287.816267  	-0.016816 
4289.247925  	-0.016831 
4290.679583  	-0.016792 
4292.111241  	-0.016942 
4293.542899  	-0.017064 
4294.974558  	-0.016912 
4296.406216  	-0.016976 
4297.837874  	-0.016857 
4299.269532  	-0.016341 
4300.701190  	-0.016272 
4302.132849  	-0.016489 
4303.564507  	-0.016593 
4304.996165  	-0.016667 
4306.427823  	-0.016459 
4307.859481  	-0.016118 
4309.291140  	-0.015803 
4310.722798  	-0.015738 
4312.154456  	-0.016446 
4313.586114  	-0.016968 
4315.017772  	-0.016607 
4316.449430  	-0.016373 
4317.881089  	-0.016343 
4319.312747  	-0.016309 
4320.744405  	-0.016575 
4322.176063  	-0.016566 
4323.607721  	-0.016391 
4325.039380  	-0.016607 
4326.471038  	-0.016551 
4327.902696  	-0.016159 
4329.334354  	-0.016128 
4330.766012  	-0.016297 
4332.197670  	-0.016247 
4333.629329  	-0.016031 
4335.060987  	-0.015984 
4336.492645  	-0.016171 
4337.924303  	-0.016339 
4339.355961  	-0.016517 
4340.787620  	-0.016743 
4342.219278  	-0.016849 
4343.650936  	-0.016624 
4345.082594  	-0.016167 
4346.514252  	-0.016253 
4347.945911  	-0.016838 
4349.377569  	-0.016774 
4350.809227  	-0.016199 
4352.240885  	-0.016154 
4353.672543  	-0.016705 
4355.104201  	-0.017244 
4356.535860  	-0.017180 
4357.967518  	-0.016692 
4359.399176  	-0.016532 
4360.830834  	-0.016738 
4362.262492  	-0.016907 
4363.694151  	-0.016811 
4365.125809  	-0.016589 
4366.557467  	-0.016609 
4367.989125  	-0.016518 
4369.420783  	-0.016116 
4370.852441  	-0.016051 
4372.284100  	-0.016219 
4373.715758  	-0.016397 
4375.147416  	-0.017029 
4376.579074  	-0.017530 
4378.010732  	-0.017257 
4379.442391  	-0.016944 
4380.874049  	-0.017029 
4382.305707  	-0.017255 
4383.737365  	-0.017338 
4385.169023  	-0.016957 
4386.600682  	-0.016640 
4388.032340  	-0.017123 
4389.463998  	-0.017510 
4390.895656  	-0.016989 
4392.327314  	-0.016622 
4393.758972  	-0.016886 
4395.190631  	-0.016874 
4396.622289  	-0.016806 
4398.053947  	-0.017246 
4399.485605  	-0.017307 
4400.917263  	-0.016713 
4402.348922  	-0.016387 
4403.780580  	-0.016409 
4405.212238  	-0.016590 
4406.643896  	-0.017139 
4408.075554  	-0.017419 
4409.507213  	-0.016906 
4410.938871  	-0.016402 
4412.370529  	-0.016444 
4413.802187  	-0.016687 
4415.233845  	-0.016849 
4416.665503  	-0.016781 
4418.097162  	-0.016654 
4419.528820  	-0.016787 
4420.960478  	-0.016942 
4422.392136  	-0.016968 
4423.823794  	-0.016999 
4425.255453  	-0.016943 
4426.687111  	-0.017046 
4428.118769  	-0.017321 
4429.550427  	-0.017079 
4430.982085  	-0.016620 
4432.413743  	-0.016757 
4433.845402  	-0.016910 
4435.277060  	-0.016576 
4436.708718  	-0.016579 
4438.140376  	-0.017222 
4439.572034  	-0.017611 
4441.003693  	-0.017409 
4442.435351  	-0.017184 
4443.867009  	-0.017186 
4445.298667  	-0.017402 
4446.730325  	-0.017742 
4448.161984  	-0.017689 
4449.593642  	-0.017389 
4451.025300  	-0.017463 
4452.456958  	-0.017437 
4453.888616  	-0.017202 
4455.320274  	-0.017531 
4456.751933  	-0.017916 
4458.183591  	-0.017768 
4459.615249  	-0.017791 
4461.046907  	-0.017896 
4462.478565  	-0.017613 
4463.910224  	-0.017601 
4465.341882  	-0.017922 
4466.773540  	-0.017930 
4468.205198  	-0.017898 
4469.636856  	-0.017956 
4471.068515  	-0.017654 
4472.500173  	-0.017312 
4473.931831  	-0.017341 
4475.363489  	-0.017460 
4476.795147  	-0.017451 
4478.226805  	-0.017330 
4479.658464  	-0.017458 
4481.090122  	-0.017987 
4482.521780  	-0.018105 
4483.953438  	-0.017550 
4485.385096  	-0.017190 
4486.816755  	-0.017299 
4488.248413  	-0.017440 
4489.680071  	-0.017406 
4491.111729  	-0.017449 
4492.543387  	-0.017744 
4493.975045  	-0.017864 
4495.406704  	-0.017853 
4496.838362  	-0.018086 
4498.270020  	-0.018090 
4499.701678  	-0.017829 
4501.133336  	-0.017631 
4502.564995  	-0.017143 
4503.996653  	-0.016870 
4505.428311  	-0.017311 
4506.859969  	-0.017568 
4508.291627  	-0.017485 
4509.723286  	-0.017527 
4511.154944  	-0.017519 
4512.586602  	-0.017540 
4514.018260  	-0.017738 
4515.449918  	-0.018098 
4516.881576  	-0.018535 
4518.313235  	-0.018495 
4519.744893  	-0.017954 
4521.176551  	-0.017572 
4522.608209  	-0.017551 
4524.039867  	-0.017846 
4525.471526  	-0.018166 
4526.903184  	-0.018019 
4528.334842  	-0.017598 
4529.766500  	-0.017509 
4531.198158  	-0.017849 
4532.629817  	-0.018089 
4534.061475  	-0.018042 
4535.493133  	-0.018169 
4536.924791  	-0.018191 
4538.356449  	-0.017616 
4539.788107  	-0.017277 
4541.219766  	-0.017799 
4542.651424  	-0.018367 
4544.083082  	-0.018171 
4545.514740  	-0.017594 
4546.946398  	-0.017662 
4548.378057  	-0.018339 
4549.809715  	-0.018554 
4551.241373  	-0.018175 
4552.673031  	-0.017796 
4554.104689  	-0.017466 
4555.536347  	-0.017356 
4556.968006  	-0.017761 
4558.399664  	-0.018025 
4559.831322  	-0.017569 
4561.262980  	-0.017083 
4562.694638  	-0.017101 
4564.126297  	-0.017427 
4565.557955  	-0.018028 
4566.989613  	-0.018383 
4568.421271  	-0.017855 
4569.852929  	-0.017110 
4571.284588  	-0.016975 
4572.716246  	-0.017416 
4574.147904  	-0.017818 
4575.579562  	-0.017445 
4577.011220  	-0.016844 
4578.442878  	-0.016910 
4579.874537  	-0.017054 
4581.306195  	-0.017093 
4582.737853  	-0.017679 
4584.169511  	-0.018183 
4585.601169  	-0.017809 
4587.032828  	-0.017339 
4588.464486  	-0.017510 
4589.896144  	-0.017723 
4591.327802  	-0.017704 
4592.759460  	-0.017861 
4594.191118  	-0.017651 
4595.622777  	-0.017210 
4597.054435  	-0.017705 
4598.486093  	-0.018289 
4599.917751  	-0.018147 
4601.349409  	-0.018130 
4602.781068  	-0.017823 
4604.212726  	-0.017230 
4605.644384  	-0.017535 
4607.076042  	-0.017965 
4608.507700  	-0.017893 
4609.939359  	-0.018049 
4611.371017  	-0.018175 
4612.802675  	-0.018046 
4614.234333  	-0.017942 
4615.665991  	-0.017843 
4617.097649  	-0.017877 
4618.529308  	-0.017799 
4619.960966  	-0.017581 
4621.392624  	-0.017743 
4622.824282  	-0.017843 
4624.255940  	-0.017517 
4625.687599  	-0.017317 
4627.119257  	-0.017403 
4628.550915  	-0.017460 
4629.982573  	-0.017129 
4631.414231  	-0.016585 
4632.845890  	-0.016533 
4634.277548  	-0.016854 
4635.709206  	-0.017000 
4637.140864  	-0.017035 
4638.572522  	-0.017263 
4640.004180  	-0.017708 
4641.435839  	-0.017775 
4642.867497  	-0.017238 
4644.299155  	-0.016991 
4645.730813  	-0.017399 
4647.162471  	-0.017769 
4648.594130  	-0.017688 
4650.025788  	-0.017509 
4651.457446  	-0.017651 
4652.889104  	-0.017768 
4654.320762  	-0.017597 
4655.752420  	-0.017470 
4657.184079  	-0.017225 
4658.615737  	-0.016949 
4660.047395  	-0.017167 
4661.479053  	-0.017432 
4662.910711  	-0.017436 
4664.342370  	-0.017362 
4665.774028  	-0.016835 
4667.205686  	-0.016355 
4668.637344  	-0.016892 
4670.069002  	-0.017672 
4671.500661  	-0.017846 
4672.932319  	-0.018063 
4674.363977  	-0.018448 
4675.795635  	-0.018121 
4677.227293  	-0.017240 
4678.658951  	-0.016941 
4680.090610  	-0.017432 
4681.522268  	-0.017845 
4682.953926  	-0.017754 
4684.385584  	-0.017794 
4685.817242  	-0.018185 
4687.248901  	-0.018036 
4688.680559  	-0.017431 
4690.112217  	-0.017215 
4691.543875  	-0.017037 
4692.975533  	-0.017025 
4694.407192  	-0.017618 
4695.838850  	-0.017498 
4697.270508  	-0.016540 
4698.702166  	-0.016499 
4700.133824  	-0.017351 
4701.565482  	-0.018033 
4702.997141  	-0.018215 
4704.428799  	-0.017859 
4705.860457  	-0.017420 
4707.292115  	-0.017183 
4708.723773  	-0.017154 
4710.155432  	-0.017627 
4711.587090  	-0.018062 
4713.018748  	-0.017752 
4714.450406  	-0.017303 
4715.882064  	-0.017288 
4717.313722  	-0.017445 
4718.745381  	-0.017641 
4720.177039  	-0.018112 
4721.608697  	-0.018566 
4723.040355  	-0.018308 
4724.472013  	-0.017717 
4725.903672  	-0.017547 
4727.335330  	-0.017715 
4728.766988  	-0.018142 
4730.198646  	-0.018352 
4731.630304  	-0.017988 
4733.061963  	-0.018091 
4734.493621  	-0.018615 
4735.925279  	-0.018589 
4737.356937  	-0.018644 
4738.788595  	-0.018705 
4740.220253  	-0.018151 
4741.651912  	-0.018161 
4743.083570  	-0.018703 
4744.515228  	-0.018488 
4745.946886  	-0.018119 
4747.378544  	-0.018186 
4748.810203  	-0.018256 
4750.241861  	-0.018355 
4751.673519  	-0.018262 
4753.105177  	-0.017813 
4754.536835  	-0.017686 
4755.968493  	-0.018089 
4757.400152  	-0.018373 
4758.831810  	-0.018090 
4760.263468  	-0.017773 
4761.695126  	-0.018194 
4763.126784  	-0.018901 
4764.558443  	-0.018892 
4765.990101  	-0.018089 
4767.421759  	-0.017310 
4768.853417  	-0.017312 
4770.285075  	-0.017543 
4771.716734  	-0.017398 
4773.148392  	-0.017872 
4774.580050  	-0.018889 
4776.011708  	-0.018873 
4777.443366  	-0.018226 
4778.875024  	-0.018086 
4780.306683  	-0.018156 
4781.738341  	-0.018250 
4783.169999  	-0.018275 
4784.601657  	-0.018146 
4786.033315  	-0.018447 
4787.464974  	-0.018858 
4788.896632  	-0.018612 
4790.328290  	-0.018191 
4791.759948  	-0.018049 
4793.191606  	-0.018188 
4794.623265  	-0.018587 
4796.054923  	-0.018619 
4797.486581  	-0.018258 
4798.918239  	-0.018344 
4800.349897  	-0.018699 
4801.781555  	-0.018642 
4803.213214  	-0.018178 
4804.644872  	-0.017600 
4806.076530  	-0.017383 
4807.508188  	-0.017691 
4808.939846  	-0.018052 
4810.371505  	-0.018254 
4811.803163  	-0.018290 
4813.234821  	-0.018183 
4814.666479  	-0.018351 
4816.098137  	-0.018688 
4817.529795  	-0.018635 
4818.961454  	-0.018351 
4820.393112  	-0.018113 
4821.824770  	-0.018147 
4823.256428  	-0.018746 
4824.688086  	-0.019156 
4826.119745  	-0.018652 
4827.551403  	-0.017843 
4828.983061  	-0.017375 
4830.414719  	-0.017548 
4831.846377  	-0.018156 
4833.278036  	-0.018350 
4834.709694  	-0.018291 
4836.141352  	-0.018577 
4837.573010  	-0.018709 
4839.004668  	-0.018428 
4840.436326  	-0.018083 
4841.867985  	-0.017922 
4843.299643  	-0.018135 
4844.731301  	-0.018542 
4846.162959  	-0.018766 
4847.594617  	-0.018352 
4849.026276  	-0.017580 
4850.457934  	-0.018023 
4851.889592  	-0.019260 
4853.321250  	-0.019148 
4854.752908  	-0.018361 
4856.184567  	-0.018350 
4857.616225  	-0.018500 
4859.047883  	-0.018447 
4860.479541  	-0.018319 
4861.911199  	-0.018100 
4863.342857  	-0.018038 
4864.774516  	-0.018327 
4866.206174  	-0.019155 
4867.637832  	-0.019750 
4869.069490  	-0.019076 
4870.501148  	-0.018186 
4871.932807  	-0.018266 
4873.364465  	-0.018944 
4874.796123  	-0.019374 
4876.227781  	-0.018932 
4877.659439  	-0.018603 
4879.091097  	-0.019086 
4880.522756  	-0.018897 
4881.954414  	-0.018193 
4883.386072  	-0.018116 
4884.817730  	-0.018044 
4886.249388  	-0.018285 
4887.681047  	-0.018960 
4889.112705  	-0.018693 
4890.544363  	-0.018118 
4891.976021  	-0.018312 
4893.407679  	-0.018436 
4894.839338  	-0.018274 
4896.270996  	-0.018350 
4897.702654  	-0.018422 
4899.134312  	-0.018211 
4900.565970  	-0.018157 
4901.997628  	-0.018575 
4903.429287  	-0.018806 
4904.860945  	-0.018499 
4906.292603  	-0.018159 
4907.724261  	-0.018106 
4909.155919  	-0.018461 
4910.587578  	-0.018811 
4912.019236  	-0.018719 
4913.450894  	-0.018593 
4914.882552  	-0.018325 
4916.314210  	-0.018018 
4917.745869  	-0.018474 
4919.177527  	-0.018674 
4920.609185  	-0.017816 
4922.040843  	-0.017491 
4923.472501  	-0.018284 
4924.904159  	-0.019012 
4926.335818  	-0.019037 
4927.767476  	-0.018836 
4929.199134  	-0.019109 
4930.630792  	-0.019554 
4932.062450  	-0.019537 
4933.494109  	-0.019186 
4934.925767  	-0.018870 
4936.357425  	-0.018904 
4937.789083  	-0.019008 
4939.220741  	-0.018661 
4940.652399  	-0.018327 
4942.084058  	-0.018379 
4943.515716  	-0.018539 
4944.947374  	-0.018683 
4946.379032  	-0.018748 
4947.810690  	-0.018934 
4949.242349  	-0.019134 
4950.674007  	-0.019003 
4952.105665  	-0.018915 
4953.537323  	-0.018623 
4954.968981  	-0.017993 
4956.400640  	-0.018157 
4957.832298  	-0.018450 
4959.263956  	-0.017896 
4960.695614  	-0.018110 
4962.127272  	-0.019040 
4963.558930  	-0.018656 
4964.990589  	-0.017842 
4966.422247  	-0.018204 
4967.853905  	-0.018456 
4969.285563  	-0.017960 
4970.717221  	-0.018332 
4972.148880  	-0.019122 
4973.580538  	-0.018678 
4975.012196  	-0.018200 
4976.443854  	-0.018558 
4977.875512  	-0.018637 
4979.307170  	-0.018801 
4980.738829  	-0.019319 
4982.170487  	-0.019129 
4983.602145  	-0.018469 
4985.033803  	-0.017984 
4986.465461  	-0.017894 
4987.897120  	-0.018423 
4989.328778  	-0.018847 
4990.760436  	-0.018872 
4992.192094  	-0.019149 
4993.623752  	-0.019414 
4995.055411  	-0.019295 
4996.487069  	-0.019165 
4997.918727  	-0.019080 
4999.350385  	-0.018851 
5000.782043  	-0.018767 
5002.213701  	-0.019044 
5003.645360  	-0.019030 
5005.077018  	-0.018726 
5006.508676  	-0.019122 
5007.940334  	-0.019405 
5009.371992  	-0.018563 
5010.803651  	-0.018089 
5012.235309  	-0.018546 
5013.666967  	-0.018780 
5015.098625  	-0.018875 
5016.530283  	-0.018905 
5017.961942  	-0.018576 
5019.393600  	-0.018901 
5020.825258  	-0.019798 
5022.256916  	-0.019455 
5023.688574  	-0.018406 
5025.120232  	-0.018775 
5026.551891  	-0.019886 
5027.983549  	-0.019924 
5029.415207  	-0.019311 
5030.846865  	-0.019078 
5032.278523  	-0.019278 
5033.710182  	-0.019464 
5035.141840  	-0.019238 
5036.573498  	-0.018814 
5038.005156  	-0.018392 
5039.436814  	-0.018171 
5040.868472  	-0.018749 
5042.300131  	-0.019422 
5043.731789  	-0.019319 
5045.163447  	-0.019219 
5046.595105  	-0.019066 
5048.026763  	-0.018386 
5049.458422  	-0.018212 
5050.890080  	-0.018530 
5052.321738  	-0.018339 
5053.753396  	-0.018331 
5055.185054  	-0.019206 
5056.616713  	-0.019744 
5058.048371  	-0.019306 
5059.480029  	-0.019214 
5060.911687  	-0.019564 
5062.343345  	-0.019400 
5063.775003  	-0.019524 
5065.206662  	-0.019573 
5066.638320  	-0.018543 
5068.069978  	-0.018555 
5069.501636  	-0.019532 
5070.933294  	-0.018806 
5072.364953  	-0.017945 
5073.796611  	-0.018524 
5075.228269  	-0.018817 
5076.659927  	-0.018759 
5078.091585  	-0.018804 
5079.523244  	-0.018660 
5080.954902  	-0.018727 
5082.386560  	-0.018576 
5083.818218  	-0.018402 
5085.249876  	-0.019019 
5086.681534  	-0.019269 
5088.113193  	-0.018914 
5089.544851  	-0.018918 
5090.976509  	-0.018844 
5092.408167  	-0.018673 
5093.839825  	-0.018629 
5095.271484  	-0.018608 
5096.703142  	-0.019149 
5098.134800  	-0.019383 
5099.566458  	-0.018852 
5100.998116  	-0.019038 
5102.429774  	-0.019079 
5103.861433  	-0.018496 
5105.293091  	-0.019408 
5106.724749  	-0.020325 
5108.156407  	-0.019154 
5109.588065  	-0.018487 
5111.019724  	-0.019152 
5112.451382  	-0.018883 
5113.883040  	-0.017857 
5115.314698  	-0.017596 
5116.746356  	-0.017928 
5118.178015  	-0.017762 
5119.609673  	-0.017388 
5121.041331  	-0.018138 
5122.472989  	-0.018941 
5123.904647  	-0.018383 
5125.336305  	-0.018170 
5126.767964  	-0.018989 
5128.199622  	-0.019171 
5129.631280  	-0.018794 
5131.062938  	-0.018972 
5132.494596  	-0.019404 
5133.926255  	-0.019351 
5135.357913  	-0.018990 
5136.789571  	-0.019037 
5138.221229  	-0.019483 
5139.652887  	-0.019747 
5141.084546  	-0.019483 
5142.516204  	-0.018927 
5143.947862  	-0.018964 
5145.379520  	-0.019440 
5146.811178  	-0.019197 
5148.242836  	-0.018559 
5149.674495  	-0.018432 
5151.106153  	-0.018520 
5152.537811  	-0.018331 
5153.969469  	-0.018142 
5155.401127  	-0.018434 
5156.832786  	-0.018599 
5158.264444  	-0.018155 
5159.696102  	-0.017969 
5161.127760  	-0.018083 
5162.559418  	-0.018615 
5163.991076  	-0.019750 
5165.422735  	-0.019409 
5166.854393  	-0.018064 
5168.286051  	-0.018148 
5169.717709  	-0.018334 
5171.149367  	-0.018441 
5172.581026  	-0.019491 
5174.012684  	-0.019327 
5175.444342  	-0.018499 
5176.876000  	-0.018827 
5178.307658  	-0.018811 
5179.739317  	-0.018643 
5181.170975  	-0.018937 
5182.602633  	-0.018809 
5184.034291  	-0.019227 
5185.465949  	-0.019782 
5186.897607  	-0.019165 
5188.329266  	-0.018872 
5189.760924  	-0.018963 
5191.192582  	-0.018557 
5192.624240  	-0.018793 
5194.055898  	-0.019811 
5195.487557  	-0.019781 
5196.919215  	-0.018252 
5198.350873  	-0.017839 
5199.782531  	-0.019238 
5201.214189  	-0.019323 
5202.645847  	-0.018447 
5204.077506  	-0.018852 
5205.509164  	-0.019284 
5206.940822  	-0.019123 
5208.372480  	-0.019272 
5209.804138  	-0.019592 
5211.235797  	-0.020247 
5212.667455  	-0.020417 
5214.099113  	-0.019820 
5215.530771  	-0.019802 
5216.962429  	-0.019736 
5218.394088  	-0.019197 
5219.825746  	-0.019221 
5221.257404  	-0.019313 
5222.689062  	-0.019506 
5224.120720  	-0.019625 
5225.552378  	-0.018584 
5226.984037  	-0.018125 
5228.415695  	-0.018980 
5229.847353  	-0.019158 
5231.279011  	-0.019137 
5232.710669  	-0.019284 
5234.142328  	-0.018743 
5235.573986  	-0.018818 
5237.005644  	-0.019868 
5238.437302  	-0.020016 
5239.868960  	-0.019518 
5241.300619  	-0.019744 
5242.732277  	-0.019860 
5244.163935  	-0.019405 
5245.595593  	-0.019605 
5247.027251  	-0.019953 
5248.458909  	-0.019384 
5249.890568  	-0.018795 
5251.322226  	-0.018646 
5252.753884  	-0.018694 
5254.185542  	-0.019125 
5255.617200  	-0.019262 
5257.048859  	-0.018918 
5258.480517  	-0.018819 
5259.912175  	-0.018899 
5261.343833  	-0.019039 
5262.775491  	-0.018818 
5264.207149  	-0.018237 
5265.638808  	-0.018470 
5267.070466  	-0.019416 
5268.502124  	-0.020326 
5269.933782  	-0.020522 
5271.365440  	-0.019604 
5272.797099  	-0.019271 
5274.228757  	-0.019714 
5275.660415  	-0.019470 
5277.092073  	-0.019817 
5278.523731  	-0.020862 
5279.955390  	-0.020566 
5281.387048  	-0.019980 
5282.818706  	-0.020095 
5284.250364  	-0.020024 
5285.682022  	-0.020038 
5287.113680  	-0.019795 
5288.545339  	-0.019105 
5289.976997  	-0.018859 
5291.408655  	-0.018888 
5292.840313  	-0.019222 
5294.271971  	-0.019673 
5295.703630  	-0.019227 
5297.135288  	-0.018926 
5298.566946  	-0.019253 
5299.998604  	-0.018656 
5301.430262  	-0.018046 
5302.861921  	-0.018794 
5304.293579  	-0.019889 
5305.725237  	-0.020219 
5307.156895  	-0.019286 
5308.588553  	-0.018646 
5310.020211  	-0.020022 
5311.451870  	-0.020407 
5312.883528  	-0.018661 
5314.315186  	-0.018373 
5315.746844  	-0.019402 
5317.178502  	-0.019183 
5318.610161  	-0.019061 
5320.041819  	-0.019479 
5321.473477  	-0.019084 
5322.905135  	-0.019099 
5324.336793  	-0.019810 
5325.768451  	-0.019257 
5327.200110  	-0.017646 
5328.631768  	-0.016924 
5330.063426  	-0.017450 
5331.495084  	-0.018239 
5332.926742  	-0.019279 
5334.358401  	-0.020264 
5335.790059  	-0.019937 
5337.221717  	-0.018735 
5338.653375  	-0.018600 
5340.085033  	-0.019092 
5341.516692  	-0.018904 
5342.948350  	-0.019159 
5344.380008  	-0.019644 
5345.811666  	-0.018951 
5347.243324  	-0.018674 
5348.674982  	-0.019822 
5350.106641  	-0.020740 
5351.538299  	-0.020543 
5352.969957  	-0.019915 
5354.401615  	-0.019342 
5355.833273  	-0.019281 
5357.264932  	-0.019451 
5358.696590  	-0.019669 
5360.128248  	-0.020421 
5361.559906  	-0.020778 
5362.991564  	-0.019660 
5364.423222  	-0.018709 
5365.854881  	-0.018990 
5367.286539  	-0.018746 
5368.718197  	-0.018141 
5370.149855  	-0.019024 
5371.581513  	-0.020342 
5373.013172  	-0.020311 
5374.444830  	-0.019934 
5375.876488  	-0.019968 
5377.308146  	-0.019689 
5378.739804  	-0.019927 
5380.171463  	-0.021004 
5381.603121  	-0.021130 
5383.034779  	-0.019846 
5384.466437  	-0.018566 
5385.898095  	-0.018685 
5387.329753  	-0.020308 
5388.761412  	-0.021021 
5390.193070  	-0.020297 
5391.624728  	-0.020011 
5393.056386  	-0.020182 
5394.488044  	-0.020191 
5395.919703  	-0.020209 
5397.351361  	-0.019627 
5398.783019  	-0.019264 
5400.214677  	-0.020004 
5401.646335  	-0.020708 
5403.077994  	-0.021063 
5404.509652  	-0.020740 
5405.941310  	-0.019781 
5407.372968  	-0.019810 
5408.804626  	-0.020105 
5410.236284  	-0.019650 
5411.667943  	-0.019669 
5413.099601  	-0.019665 
5414.531259  	-0.019418 
5415.962917  	-0.019796 
5417.394575  	-0.019964 
5418.826234  	-0.020445 
5420.257892  	-0.021085 
5421.689550  	-0.020204 
5423.121208  	-0.019297 
5424.552866  	-0.019663 
5425.984524  	-0.019647 
5427.416183  	-0.018542 
5428.847841  	-0.017275 
5430.279499  	-0.017940 
5431.711157  	-0.020106 
5433.142815  	-0.020654 
5434.574474  	-0.019721 
5436.006132  	-0.018912 
5437.437790  	-0.018936 
5438.869448  	-0.020026 
5440.301106  	-0.020765 
5441.732765  	-0.020082 
5443.164423  	-0.019812 
5444.596081  	-0.020356 
5446.027739  	-0.020385 
5447.459397  	-0.019582 
5448.891055  	-0.018506 
5450.322714  	-0.018242 
5451.754372  	-0.019169 
5453.186030  	-0.019980 
5454.617688  	-0.019963 
5456.049346  	-0.019815 
5457.481005  	-0.020147 
5458.912663  	-0.019874 
5460.344321  	-0.019229 
5461.775979  	-0.020145 
5463.207637  	-0.021058 
5464.639296  	-0.020142 
5466.070954  	-0.018906 
5467.502612  	-0.018165 
5468.934270  	-0.018618 
5470.365928  	-0.020156 
5471.797586  	-0.020351 
5473.229245  	-0.019573 
5474.660903  	-0.019297 
5476.092561  	-0.019190 
5477.524219  	-0.019719 
5478.955877  	-0.020323 
5480.387536  	-0.020599 
5481.819194  	-0.021374 
5483.250852  	-0.021221 
5484.682510  	-0.020136 
5486.114168  	-0.020255 
5487.545826  	-0.020516 
5488.977485  	-0.020267 
5490.409143  	-0.020979 
5491.840801  	-0.021420 
5493.272459  	-0.020523 
5494.704117  	-0.019977 
5496.135776  	-0.020325 
5497.567434  	-0.020032 
5498.999092  	-0.019249 
5500.430750  	-0.019793 
5501.862408  	-0.021036 
5503.294067  	-0.021289 
5504.725725  	-0.021077 
5506.157383  	-0.020698 
5507.589041  	-0.019839 
5509.020699  	-0.019584 
5510.452357  	-0.020750 
5511.884016  	-0.021873 
5513.315674  	-0.020939 
5514.747332  	-0.019575 
5516.178990  	-0.020506 
5517.610648  	-0.021433 
5519.042307  	-0.020965 
5520.473965  	-0.021068 
5521.905623  	-0.020372 
5523.337281  	-0.018902 
5524.768939  	-0.019340 
5526.200598  	-0.020179 
5527.632256  	-0.020607 
5529.063914  	-0.021535 
5530.495572  	-0.020767 
5531.927230  	-0.018637 
5533.358888  	-0.018339 
5534.790547  	-0.019460 
5536.222205  	-0.020303 
5537.653863  	-0.020642 
5539.085521  	-0.020408 
5540.517179  	-0.020275 
5541.948838  	-0.020643 
5543.380496  	-0.020257 
5544.812154  	-0.019152 
5546.243812  	-0.019360 
5547.675470  	-0.020338 
5549.107128  	-0.020307 
5550.538787  	-0.020307 
5551.970445  	-0.019990 
5553.402103  	-0.018667 
5554.833761  	-0.019357 
5556.265419  	-0.021082 
5557.697078  	-0.020159 
5559.128736  	-0.019596 
5560.560394  	-0.021069 
5561.992052  	-0.020827 
5563.423710  	-0.019886 
5564.855369  	-0.021055 
5566.287027  	-0.021912 
5567.718685  	-0.020445 
5569.150343  	-0.018362 
5570.582001  	-0.017777 
5572.013659  	-0.019120 
5573.445318  	-0.020430 
5574.876976  	-0.020303 
5576.308634  	-0.019877 
5577.740292  	-0.019712 
5579.171950  	-0.020035 
5580.603609  	-0.021323 
5582.035267  	-0.021334 
5583.466925  	-0.019724 
5584.898583  	-0.019735 
5586.330241  	-0.020113 
5587.761899  	-0.019359 
5589.193558  	-0.020112 
5590.625216  	-0.020752 
5592.056874  	-0.019789 
5593.488532  	-0.020137 
5594.920190  	-0.020149 
5596.351849  	-0.018389 
5597.783507  	-0.017682 
5599.215165  	-0.017599 
5600.646823  	-0.018236 
5602.078481  	-0.020087 
5603.510140  	-0.019502 
5604.941798  	-0.017514 
5606.373456  	-0.018001 
5607.805114  	-0.018988 
5609.236772  	-0.019188 
5610.668430  	-0.019875 
5612.100089  	-0.020235 
5613.531747  	-0.019769 
5614.963405  	-0.019380 
5616.395063  	-0.019751 
5617.826721  	-0.020410 
5619.258380  	-0.019969 
5620.690038  	-0.018888 
5622.121696  	-0.018726 
5623.553354  	-0.019125 
5624.985012  	-0.019146 
5626.416671  	-0.019092 
5627.848329  	-0.019680 
5629.279987  	-0.020328 
5630.711645  	-0.019572 
5632.143303  	-0.018213 
5633.574961  	-0.018689 
5635.006620  	-0.020612 
5636.438278  	-0.020995 
5637.869936  	-0.019901 
5639.301594  	-0.020321 
5640.733252  	-0.021290 
5642.164911  	-0.020281 
5643.596569  	-0.019275 
5645.028227  	-0.019371 
5646.459885  	-0.019606 
5647.891543  	-0.021081 
5649.323201  	-0.021957 
5650.754860  	-0.019939 
5652.186518  	-0.019537 
5653.618176  	-0.021753 
5655.049834  	-0.021094 
5656.481492  	-0.019133 
5657.913151  	-0.020288 
5659.344809  	-0.021699 
5660.776467  	-0.021459 
5662.208125  	-0.021260 
5663.639783  	-0.020836 
5665.071442  	-0.020829 
5666.503100  	-0.021394 
5667.934758  	-0.020609 
5669.366416  	-0.019813 
5670.798074  	-0.020404 
5672.229732  	-0.021181 
5673.661391  	-0.022159 
5675.093049  	-0.021955 
5676.524707  	-0.020552 
5677.956365  	-0.020998 
5679.388023  	-0.021323 
5680.819682  	-0.019909 
5682.251340  	-0.019665 
5683.682998  	-0.019654 
5685.114656  	-0.019218 
5686.546314  	-0.019792 
5687.977973  	-0.019805 
5689.409631  	-0.020338 
5690.841289  	-0.022052 
5692.272947  	-0.021677 
5693.704605  	-0.020776 
5695.136263  	-0.021134 
5696.567922  	-0.020142 
5697.999580  	-0.018843 
5699.431238  	-0.019477 
5700.862896  	-0.020642 
5702.294554  	-0.020811 
5703.726213  	-0.020498 
5705.157871  	-0.021031 
5706.589529  	-0.021437 
5708.021187  	-0.020308 
5709.452845  	-0.018780 
5710.884503  	-0.017765 
5712.316162  	-0.018462 
5713.747820  	-0.020409 
5715.179478  	-0.020403 
5716.611136  	-0.019556 
5718.042794  	-0.019760 
5719.474453  	-0.019545 
5720.906111  	-0.019903 
5722.337769  	-0.020886 
5723.769427  	-0.021104 
5725.201085  	-0.022129 
5726.632744  	-0.022515 
5728.064402  	-0.020714 
5729.496060  	-0.020171 
5730.927718  	-0.021293 
5732.359376  	-0.021198 
5733.791034  	-0.019729 
5735.222693  	-0.018962 
5736.654351  	-0.019542 
5738.086009  	-0.019113 
5739.517667  	-0.018445 
5740.949325  	-0.019994 
5742.380984  	-0.020600 
5743.812642  	-0.019734 
5745.244300  	-0.020706 
5746.675958  	-0.021678 
5748.107616  	-0.021346 
5749.539275  	-0.021135 
5750.970933  	-0.020840 
5752.402591  	-0.020425 
5753.834249  	-0.019052 
5755.265907  	-0.017805 
5756.697565  	-0.019274 
5758.129224  	-0.020143 
5759.560882  	-0.018619 
5760.992540  	-0.018325 
5762.424198  	-0.018875 
5763.855856  	-0.019312 
5765.287515  	-0.020285 
5766.719173  	-0.020333 
5768.150831  	-0.020732 
5769.582489  	-0.021895 
5771.014147  	-0.020931 
5772.445805  	-0.019822 
5773.877464  	-0.020196 
5775.309122  	-0.019866 
5776.740780  	-0.020726 
5778.172438  	-0.022799 
5779.604096  	-0.022660 
5781.035755  	-0.022691 
5782.467413  	-0.023784 
5783.899071  	-0.022234 
5785.330729  	-0.020382 
5786.762387  	-0.020300 
5788.194046  	-0.019013 
5789.625704  	-0.018511 
5791.057362  	-0.019891 
5792.489020  	-0.019518 
5793.920678  	-0.019306 
5795.352336  	-0.020345 
5796.783995  	-0.019230 
5798.215653  	-0.018323 
5799.647311  	-0.019146 
5801.078969  	-0.018778 
5802.510627  	-0.019163 
5803.942286  	-0.020717 
5805.373944  	-0.020310 
5806.805602  	-0.019926 
5808.237260  	-0.020934 
5809.668918  	-0.021322 
5811.100576  	-0.020845 
5812.532235  	-0.019074 
5813.963893  	-0.017250 
5815.395551  	-0.018198 
5816.827209  	-0.020700 
5818.258867  	-0.023334 
5819.690526  	-0.025255 
5821.122184  	-0.022493 
5822.553842  	-0.017090 
5823.985500  	-0.017152 
5825.417158  	-0.021912 
5826.848817  	-0.023954 
5828.280475  	-0.022474 
5829.712133  	-0.020679 
5831.143791  	-0.019525 
5832.575449  	-0.019271 
5834.007107  	-0.019365 
5835.438766  	-0.018559 
5836.870424  	-0.018669 
5838.302082  	-0.020639 
5839.733740  	-0.020854 
5841.165398  	-0.019346 
5842.597057  	-0.019674 
5844.028715  	-0.020164 
5845.460373  	-0.019298 
5846.892031  	-0.019762 
5848.323689  	-0.021509 
5849.755348  	-0.023152 
5851.187006  	-0.024148 
5852.618664  	-0.023154 
5854.050322  	-0.020952 
5855.481980  	-0.019261 
5856.913638  	-0.019213 
5858.345297  	-0.021647 
5859.776955  	-0.022366 
5861.208613  	-0.020145 
5862.640271  	-0.020614 
5864.071929  	-0.021535 
5865.503588  	-0.020091 
5866.935246  	-0.021490 
5868.366904  	-0.022776 
5869.798562  	-0.020672 
5871.230220  	-0.020982 
5872.661878  	-0.021934 
5874.093537  	-0.020467 
5875.525195  	-0.020348 
5876.956853  	-0.020248 
5878.388511  	-0.019557 
5879.820169  	-0.020291 
5881.251828  	-0.019967 
5882.683486  	-0.019177 
5884.115144  	-0.018823 
5885.546802  	-0.017564 
5886.978460  	-0.019001 
5888.410119  	-0.021941 
5889.841777  	-0.021024 
5891.273435  	-0.019475 
5892.705093  	-0.019887 
5894.136751  	-0.020400 
5895.568409  	-0.021224 
5897.000068  	-0.020716 
5898.431726  	-0.018718 
5899.863384  	-0.018653 
5901.295042  	-0.019259 
5902.726700  	-0.019204 
5904.158359  	-0.020479 
5905.590017  	-0.021389 
5907.021675  	-0.020865 
5908.453333  	-0.021161 
5909.884991  	-0.021135 
5911.316650  	-0.020280 
5912.748308  	-0.020697 
5914.179966  	-0.020106 
5915.611624  	-0.018078 
5917.043282  	-0.018750 
5918.474940  	-0.020706 
5919.906599  	-0.021738 
5921.338257  	-0.022450 
5922.769915  	-0.020683 
5924.201573  	-0.018765 
5925.633231  	-0.020193 
5927.064890  	-0.020507 
5928.496548  	-0.020102 
5929.928206  	-0.022233 
5931.359864  	-0.022363 
5932.791522  	-0.020606 
5934.223180  	-0.021177 
5935.654839  	-0.022128 
5937.086497  	-0.021881 
5938.518155  	-0.021422 
5939.949813  	-0.021616 
5941.381471  	-0.021900 
5942.813130  	-0.019853 
5944.244788  	-0.018478 
5945.676446  	-0.020344 
5947.108104  	-0.019967 
5948.539762  	-0.017608 
5949.971421  	-0.018643 
5951.403079  	-0.021100 
5952.834737  	-0.022166 
5954.266395  	-0.021724 
5955.698053  	-0.019350 
5957.129711  	-0.017719 
5958.561370  	-0.018789 
5959.993028  	-0.019897 
5961.424686  	-0.020211 
5962.856344  	-0.021527 
5964.288002  	-0.021678 
5965.719661  	-0.018157 
5967.151319  	-0.015487 
5968.582977  	-0.017222 
5970.014635  	-0.019698 
5971.446293  	-0.021097 
5972.877951  	-0.023150 
5974.309610  	-0.024957 
5975.741268  	-0.024165 
5977.172926  	-0.020583 
5978.604584  	-0.017679 
5980.036242  	-0.017973 
5981.467901  	-0.019109 
5982.899559  	-0.019925 
5984.331217  	-0.021636 
5985.762875  	-0.023006 
5987.194533  	-0.022093 
5988.626192  	-0.019499 
5990.057850  	-0.018453 
5991.489508  	-0.019777 
5992.921166  	-0.020496 
5994.352824  	-0.020366 
5995.784482  	-0.020582 
5997.216141  	-0.020920 
5998.647799  	-0.021627 
6000.079457  	-0.021503 
6001.511115  	-0.020909 
6002.942773  	-0.021238 
6004.374432  	-0.019690 
6005.806090  	-0.016832 
6007.237748  	-0.016712 
6008.669406  	-0.019264 
6010.101064  	-0.023808 
6011.532723  	-0.026091 
6012.964381  	-0.022080 
6014.396039  	-0.018687 
6015.827697  	-0.020634 
6017.259355  	-0.023419 
6018.691013  	-0.024486 
6020.122672  	-0.022876 
6021.554330  	-0.019729 
6022.985988  	-0.018200 
6024.417646  	-0.017818 
6025.849304  	-0.017537 
6027.280963  	-0.017358 
6028.712621  	-0.018835 
6030.144279  	-0.021982 
6031.575937  	-0.020731 
6033.007595  	-0.017414 
6034.439253  	-0.019832 
6035.870912  	-0.020547 
6037.302570  	-0.015439 
6038.734228  	-0.015230 
6040.165886  	-0.019812 
6041.597544  	-0.020724 
6043.029203  	-0.019330 
6044.460861  	-0.020259 
6045.892519  	-0.022804 
6047.324177  	-0.023848 
6048.755835  	-0.024546 
6050.187494  	-0.025462 
6051.619152  	-0.022722 
6053.050810  	-0.018917 
6054.482468  	-0.018959 
6055.914126  	-0.020361 
6057.345784  	-0.021991 
6058.777443  	-0.022448 
6060.209101  	-0.019402 
6061.640759  	-0.018542 
6063.072417  	-0.020616 
6064.504075  	-0.020044 
6065.935734  	-0.019602 
6067.367392  	-0.021301 
6068.799050  	-0.022671 
6070.230708  	-0.023238 
6071.662366  	-0.019536 
6073.094025  	-0.014672 
6074.525683  	-0.017469 
6075.957341  	-0.022237 
6077.388999  	-0.021543 
6078.820657  	-0.020237 
6080.252315  	-0.019868 
6081.683974  	-0.019920 
6083.115632  	-0.022996 
6084.547290  	-0.024224 
6085.978948  	-0.019436 
6087.410606  	-0.015236 
6088.842265  	-0.016191 
6090.273923  	-0.018220 
6091.705581  	-0.017130 
6093.137239  	-0.016202 
6094.568897  	-0.019396 
6096.000555  	-0.021964 
6097.432214  	-0.020915 
6098.863872  	-0.021564 
6100.295530  	-0.023883 
6101.727188  	-0.022947 
6103.158846  	-0.019718 
6104.590505  	-0.017546 
6106.022163  	-0.018189 
6107.453821  	-0.020225 
6108.885479  	-0.020256 
6110.317137  	-0.019400 
6111.748796  	-0.020230 
6113.180454  	-0.021250 
6114.612112  	-0.020915 
6116.043770  	-0.019115 
6117.475428  	-0.017023 
6118.907086  	-0.017855 
6120.338745  	-0.020863 
6121.770403  	-0.020774 
6123.202061  	-0.018229 
6124.633719  	-0.018178 
6126.065377  	-0.018964 
6127.497036  	-0.018076 
6128.928694  	-0.019006 
6130.360352  	-0.020742 
6131.792010  	-0.019934 
6133.223668  	-0.019503 
6134.655327  	-0.019228 
6136.086985  	-0.017426 
6137.518643  	-0.018233 
6138.950301  	-0.020490 
6140.381959  	-0.021131 
6141.813617  	-0.022778 
6143.245276  	-0.023905 
6144.676934  	-0.022571 
6146.108592  	-0.022281 
6147.540250  	-0.022901 
6148.971908  	-0.022460 
6150.403567  	-0.022220 
6151.835225  	-0.023997 
6153.266883  	-0.026731 
6154.698541  	-0.026413 
6156.130199  	-0.024029 
6157.561857  	-0.022862 
6158.993516  	-0.020940 
6160.425174  	-0.019990 
6161.856832  	-0.021037 
6163.288490  	-0.020035 
6164.720148  	-0.020465 
6166.151807  	-0.022539 
6167.583465  	-0.019881 
6169.015123  	-0.019374 
6170.446781  	-0.024234 
6171.878439  	-0.024465 
6173.310098  	-0.021998 
6174.741756  	-0.022488 
6176.173414  	-0.021767 
6177.605072  	-0.020392 
6179.036730  	-0.021288 
6180.468388  	-0.022989 
6181.900047  	-0.024073 
6183.331705  	-0.022518 
6184.763363  	-0.019904 
6186.195021  	-0.019294 
6187.626679  	-0.018839 
6189.058338  	-0.019638 
6190.489996  	-0.021884 
6191.921654  	-0.020658 
6193.353312  	-0.018154 
6194.784970  	-0.017778 
6196.216628  	-0.018108 
6197.648287  	-0.021145 
6199.079945  	-0.023132 
6200.511603  	-0.019499 
6201.943261  	-0.017719 
6203.374919  	-0.020029 
6204.806578  	-0.023093 
6206.238236  	-0.027387 
6207.669894  	-0.026461 
6209.101552  	-0.019517 
6210.533210  	-0.017465 
6211.964869  	-0.019381 
6213.396527  	-0.020136 
6214.828185  	-0.021755 
6216.259843  	-0.022008 
6217.691501  	-0.019379 
6219.123159  	-0.017375 
6220.554818  	-0.018671 
6221.986476  	-0.022193 
6223.418134  	-0.022444 
6224.849792  	-0.021179 
6226.281450  	-0.023469 
6227.713109  	-0.023470 
6229.144767  	-0.020062 
6230.576425  	-0.019227 
6232.008083  	-0.019151 
6233.439741  	-0.019376 
6234.871400  	-0.019391 
6236.303058  	-0.017744 
6237.734716  	-0.021313 
6239.166374  	-0.026636 
6240.598032  	-0.024130 
6242.029690  	-0.023149 
6243.461349  	-0.028000 
6244.893007  	-0.027200 
6246.324665  	-0.022211 
6247.756323  	-0.021615 
6249.187981  	-0.022108 
6250.619640  	-0.020401 
6252.051298  	-0.020047 
6253.482956  	-0.020194 
6254.914614  	-0.018600 
6256.346272  	-0.018407 
6257.777930  	-0.019594 
6259.209589  	-0.020692 
6260.641247  	-0.023417 
6262.072905  	-0.023290 
6263.504563  	-0.018688 
6264.936221  	-0.016987 
6266.367880  	-0.017787 
6267.799538  	-0.017953 
6269.231196  	-0.018507 
6270.662854  	-0.017730 
6272.094512  	-0.017858 
6273.526171  	-0.020574 
6274.957829  	-0.020717 
6276.389487  	-0.019759 
6277.821145  	-0.021124 
6279.252803  	-0.021690 
6280.684461  	-0.019405 
6282.116120  	-0.016238 
6283.547778  	-0.016862 
6284.979436  	-0.020151 
6286.411094  	-0.020164 
6287.842752  	-0.019289 
6289.274411  	-0.019494 
6290.706069  	-0.017893 
6292.137727  	-0.017442 
6293.569385  	-0.018830 
6295.001043  	-0.018651 
6296.432702  	-0.017840 
6297.864360  	-0.017275 
6299.296018  	-0.017514 
6300.727676  	-0.019224 
6302.159334  	-0.021415 
6303.590992  	-0.023193 
6305.022651  	-0.023097 
6306.454309  	-0.022735 
6307.885967  	-0.022985 
6309.317625  	-0.020110 
6310.749283  	-0.018635 
6312.180942  	-0.021636 
6313.612600  	-0.021718 
6315.044258  	-0.020127 
6316.475916  	-0.020315 
6317.907574  	-0.018665 
6319.339232  	-0.018463 
6320.770891  	-0.021991 
6322.202549  	-0.024252 
6323.634207  	-0.023666 
6325.065865  	-0.020568 
6326.497523  	-0.017770 
6327.929182  	-0.019057 
6329.360840  	-0.021616 
6330.792498  	-0.021464 
6332.224156  	-0.020519 
6333.655814  	-0.022456 
6335.087473  	-0.022537 
6336.519131  	-0.016187 
6337.950789  	-0.014400 
6339.382447  	-0.020964 
6340.814105  	-0.022783 
6342.245763  	-0.020059 
6343.677422  	-0.021422 
6345.109080  	-0.023591 
6346.540738  	-0.022263 
6347.972396  	-0.018316 
6349.404054  	-0.016993 
6350.835713  	-0.022028 
6352.267371  	-0.026909 
6353.699029  	-0.025927 
6355.130687  	-0.022387 
6356.562345  	-0.019575 
6357.994003  	-0.019104 
6359.425662  	-0.022507 
6360.857320  	-0.027306 
6362.288978  	-0.026609 
6363.720636  	-0.019463 
6365.152294  	-0.015877 
6366.583953  	-0.018916 
6368.015611  	-0.021613 
6369.447269  	-0.022277 
6370.878927  	-0.022878 
6372.310585  	-0.023640 
6373.742244  	-0.022459 
6375.173902  	-0.018357 
6376.605560  	-0.018435 
6378.037218  	-0.023562 
6379.468876  	-0.024404 
6380.900534  	-0.022189 
6382.332193  	-0.022028 
6383.763851  	-0.022192 
6385.195509  	-0.021948 
6386.627167  	-0.020740 
6388.058825  	-0.018918 
6389.490484  	-0.018005 
6390.922142  	-0.018268 
6392.353800  	-0.020734 
6393.785458  	-0.021439 
6395.217116  	-0.018570 
6396.648775  	-0.019479 
6398.080433  	-0.021845 
6399.512091  	-0.021410 
6400.943749  	-0.023787 
6402.375407  	-0.025163 
6403.807065  	-0.022067 
6405.238724  	-0.021963 
6406.670382  	-0.022208 
6408.102040  	-0.019918 
6409.533698  	-0.020975 
6410.965356  	-0.021673 
6412.397015  	-0.018432 
6413.828673  	-0.018118 
6415.260331  	-0.020176 
6416.691989  	-0.018790 
6418.123647  	-0.017030 
6419.555305  	-0.018355 
6420.986964  	-0.020366 
6422.418622  	-0.021187 
6423.850280  	-0.019795 
6425.281938  	-0.018292 
6426.713596  	-0.020065 
6428.145255  	-0.020845 
6429.576913  	-0.018128 
6431.008571  	-0.017915 
6432.440229  	-0.022077 
6433.871887  	-0.026088 
6435.303546  	-0.025261 
6436.735204  	-0.021355 
6438.166862  	-0.021162 
6439.598520  	-0.020836 
6441.030178  	-0.017931 
6442.461836  	-0.020901 
6443.893495  	-0.024279 
6445.325153  	-0.022020 
6446.756811  	-0.022139 
6448.188469  	-0.021358 
6449.620127  	-0.019304 
6451.051786  	-0.023546 
6452.483444  	-0.025838 
6453.915102  	-0.026117 
6455.346760  	-0.030143 
6456.778418  	-0.026992 
6458.210077  	-0.020570 
6459.641735  	-0.021468 
6461.073393  	-0.019318 
6462.505051  	-0.014764 
6463.936709  	-0.017404 
6465.368367  	-0.020510 
6466.800026  	-0.021099 
6468.231684  	-0.022342 
6469.663342  	-0.019779 
6471.095000  	-0.013931 
6472.526658  	-0.013094 
6473.958317  	-0.018486 
6475.389975  	-0.023633 
6476.821633  	-0.025471 
6478.253291  	-0.024385 
6479.684949  	-0.020801 
6481.116607  	-0.021548 
6482.548266  	-0.026726 
6483.979924  	-0.024188 
6485.411582  	-0.017939 
6486.843240  	-0.019874 
6488.274898  	-0.021203 
6489.706557  	-0.017191 
6491.138215  	-0.017029 
6492.569873  	-0.017419 
6494.001531  	-0.015344 
6495.433189  	-0.017323 
6496.864848  	-0.019592 
6498.296506  	-0.020304 
6499.728164  	-0.024286 
6501.159822  	-0.024372 
6502.591480  	-0.018504 
6504.023138  	-0.018493 
6505.454797  	-0.022894 
6506.886455  	-0.022891 
6508.318113  	-0.020020 
6509.749771  	-0.019943 
6511.181429  	-0.024845 
6512.613088  	-0.024834 
6514.044746  	-0.014879 
6515.476404  	-0.012057 
6516.908062  	-0.020543 
6518.339720  	-0.024325 
6519.771379  	-0.022460 
6521.203037  	-0.022834 
6522.634695  	-0.024214 
6524.066353  	-0.024024 
6525.498011  	-0.021430 
6526.929669  	-0.019608 
6528.361328  	-0.021490 
6529.792986  	-0.022304 
6531.224644  	-0.020638 
6532.656302  	-0.020749 
6534.087960  	-0.021886 
6535.519619  	-0.021094 
6536.951277  	-0.019538 
6538.382935  	-0.018209 
6539.814593  	-0.014848 
6541.246251  	-0.012321 
6542.677909  	-0.015928 
6544.109568  	-0.020413 
6545.541226  	-0.020615 
6546.972884  	-0.019310 
6548.404542  	-0.018397 
6549.836200  	-0.020424 
6551.267859  	-0.022935 
6552.699517  	-0.019445 
6554.131175  	-0.017377 
6555.562833  	-0.021972 
6556.994491  	-0.023869 
6558.426150  	-0.021601 
6559.857808  	-0.021590 
6561.289466  	-0.023820 
6562.721124  	-0.025089 
6564.152782  	-0.024909 
6565.584440  	-0.024627 
6567.016099  	-0.021273 
6568.447757  	-0.016501 
6569.879415  	-0.018273 
6571.311073  	-0.020242 
6572.742731  	-0.017863 
6574.174390  	-0.019885 
6575.606048  	-0.020627 
6577.037706  	-0.016061 
6578.469364  	-0.019042 
6579.901022  	-0.025540 
6581.332680  	-0.024220 
6582.764339  	-0.021209 
6584.195997  	-0.020904 
6585.627655  	-0.022335 
6587.059313  	-0.024556 
6588.490971  	-0.022276 
6589.922630  	-0.019003 
6591.354288  	-0.022075 
6592.785946  	-0.024299 
6594.217604  	-0.021099 
6595.649262  	-0.021513 
6597.080921  	-0.022831 
6598.512579  	-0.017353 
6599.944237  	-0.016663 
6601.375895  	-0.024604 
6602.807553  	-0.025621 
6604.239211  	-0.019524 
6605.670870  	-0.018450 
6607.102528  	-0.021270 
6608.534186  	-0.023687 
6609.965844  	-0.025361 
6611.397502  	-0.024855 
6612.829161  	-0.022344 
6614.260819  	-0.021307 
6615.692477  	-0.023268 
6617.124135  	-0.024076 
6618.555793  	-0.022571 
6619.987452  	-0.021117 
6621.419110  	-0.017922 
6622.850768  	-0.015639 
6624.282426  	-0.015044 
6625.714084  	-0.009455 
6627.145742  	-0.006031 
6628.577401  	-0.013800 
6630.009059  	-0.022878 
6631.440717  	-0.024675 
6632.872375  	-0.022036 
6634.304033  	-0.020947 
6635.735692  	-0.025596 
6637.167350  	-0.027682 
6638.599008  	-0.022398 
6640.030666  	-0.019047 
6641.462324  	-0.019401 
6642.893982  	-0.020163 
6644.325641  	-0.021624 
6645.757299  	-0.020363 
6647.188957  	-0.017160 
6648.620615  	-0.017918 
6650.052273  	-0.021384 
6651.483932  	-0.022328 
6652.915590  	-0.021912 
6654.347248  	-0.023741 
6655.778906  	-0.024845 
6657.210564  	-0.022692 
6658.642223  	-0.020647 
6660.073881  	-0.018677 
6661.505539  	-0.017994 
6662.937197  	-0.020564 
6664.368855  	-0.023023 
6665.800513  	-0.023603 
6667.232172  	-0.018855 
6668.663830  	-0.012276 
6670.095488  	-0.017042 
6671.527146  	-0.022027 
6672.958804  	-0.015168 
6674.390463  	-0.015172 
6675.822121  	-0.022707 
6677.253779  	-0.021363 
6678.685437  	-0.020138 
6680.117095  	-0.023527 
6681.548754  	-0.022269 
6682.980412  	-0.019364 
6684.412070  	-0.019912 
6685.843728  	-0.021999 
6687.275386  	-0.022325 
6688.707044  	-0.019738 
6690.138703  	-0.017750 
6691.570361  	-0.018785 
6693.002019  	-0.021647 
6694.433677  	-0.020898 
6695.865335  	-0.013825 
6697.296994  	-0.011620 
6698.728652  	-0.019397 
6700.160310  	-0.024192 
6701.591968  	-0.021027 
6703.023626  	-0.018269 
6704.455284  	-0.019909 
6705.886943  	-0.020068 
6707.318601  	-0.015142 
6708.750259  	-0.012734 
6710.181917  	-0.017454 
6711.613575  	-0.023445 
6713.045234  	-0.026627 
6714.476892  	-0.025925 
6715.908550  	-0.024204 
6717.340208  	-0.027301 
6718.771866  	-0.030634 
6720.203525  	-0.028166 
6721.635183  	-0.023712 
6723.066841  	-0.021651 
6724.498499  	-0.022950 
6725.930157  	-0.025794 
6727.361815  	-0.025607 
6728.793474  	-0.021075 
6730.225132  	-0.017983 
6731.656790  	-0.021605 
6733.088448  	-0.024517 
6734.520106  	-0.020569 
6735.951765  	-0.018167 
6737.383423  	-0.019697 
6738.815081  	-0.019878 
6740.246739  	-0.021107 
6741.678397  	-0.023286 
6743.110056  	-0.023348 
6744.541714  	-0.023721 
6745.973372  	-0.026429 
6747.405030  	-0.028535 
6748.836688  	-0.025668 
6750.268346  	-0.022759 
6751.700005  	-0.025653 
6753.131663  	-0.023093 
6754.563321  	-0.015230 
6755.994979  	-0.018424 
6757.426637  	-0.024702 
6758.858296  	-0.021328 
6760.289954  	-0.017117 
6761.721612  	-0.013663 
6763.153270  	-0.009886 
6764.584928  	-0.013311 
6766.016586  	-0.018775 
6767.448245  	-0.020041 
6768.879903  	-0.022382 
6770.311561  	-0.022541 
6771.743219  	-0.017072 
6773.174877  	-0.015493 
6774.606536  	-0.018520 
6776.038194  	-0.018542 
6777.469852  	-0.019548 
6778.901510  	-0.024577 
6780.333168  	-0.026150 
6781.764827  	-0.023922 
6783.196485  	-0.022691 
6784.628143  	-0.021269 
6786.059801  	-0.019435 
6787.491459  	-0.019787 
6788.923117  	-0.024138 
6790.354776  	-0.028203 
6791.786434  	-0.024014 
6793.218092  	-0.018449 
6794.649750  	-0.021884 
6796.081408  	-0.024369 
6797.513067  	-0.020057 
6798.944725  	-0.018593 
6800.376383  	-0.019747 
6801.808041  	-0.020618 
6803.239699  	-0.024343 
6804.671357  	-0.024693 
6806.103016  	-0.020498 
6807.534674  	-0.020797 
6808.966332  	-0.021615 
6810.397990  	-0.019471 
6811.829648  	-0.021521 
6813.261307  	-0.023041 
6814.692965  	-0.020584 
6816.124623  	-0.020924 
6817.556281  	-0.021172 
6818.987939  	-0.021135 
6820.419598  	-0.022893 
6821.851256  	-0.020322 
6823.282914  	-0.020732 
6824.714572  	-0.028156 
6826.146230  	-0.028513 
6827.577888  	-0.023714 
6829.009547  	-0.020641 
6830.441205  	-0.016403 
6831.872863  	-0.015849 
6833.304521  	-0.016822 
6834.736179  	-0.016308 
6836.167838  	-0.018387 
6837.599496  	-0.016878 
6839.031154  	-0.014269 
6840.462812  	-0.017806 
6841.894470  	-0.017962 
6843.326129  	-0.017221 
6844.757787  	-0.021418 
6846.189445  	-0.021090 
6847.621103  	-0.018618 
6849.052761  	-0.020937 
6850.484419  	-0.023629 
6851.916078  	-0.022817 
6853.347736  	-0.019786 
6854.779394  	-0.022404 
6856.211052  	-0.026685 
6857.642710  	-0.021029 
6859.074369  	-0.016657 
6860.506027  	-0.018680 
6861.937685  	-0.018816 
6863.369343  	-0.021462 
6864.801001  	-0.021341 
6866.232659  	-0.015276 
6867.664318  	-0.018622 
6869.095976  	-0.023671 
6870.527634  	-0.018999 
6871.959292  	-0.015518 
6873.390950  	-0.019041 
6874.822609  	-0.026178 
6876.254267  	-0.027815 
6877.685925  	-0.019112 
6879.117583  	-0.016675 
6880.549241  	-0.022708 
6881.980900  	-0.023241 
6883.412558  	-0.021726 
6884.844216  	-0.021400 
6886.275874  	-0.020394 
6887.707532  	-0.023876 
6889.139190  	-0.025589 
6890.570849  	-0.020985 
6892.002507  	-0.022552 
6893.434165  	-0.028162 
6894.865823  	-0.021858 
6896.297481  	-0.011092 
6897.729140  	-0.012015 
6899.160798  	-0.017623 
6900.592456  	-0.019207 
6902.024114  	-0.020821 
6903.455772  	-0.023972 
6904.887431  	-0.025653 
6906.319089  	-0.023575 
6907.750747  	-0.019683 
6909.182405  	-0.018974 
6910.614063  	-0.017151 
6912.045721  	-0.013198 
6913.477380  	-0.015354 
6914.909038  	-0.022205 
6916.340696  	-0.026539 
6917.772354  	-0.021188 
6919.204012  	-0.010382 
6920.635671  	-0.015136 
6922.067329  	-0.027414 
6923.498987  	-0.021275 
6924.930645  	-0.010440 
6926.362303  	-0.012739 
6927.793961  	-0.017229 
6929.225620  	-0.019307 
6930.657278  	-0.023442 
6932.088936  	-0.028112 
6933.520594  	-0.029006 
6934.952252  	-0.025074 
6936.383911  	-0.022320 
6937.815569  	-0.021051 
6939.247227  	-0.022032 
6940.678885  	-0.027449 
6942.110543  	-0.025214 
6943.542202  	-0.017262 
6944.973860  	-0.018867 
6946.405518  	-0.022535 
6947.837176  	-0.023503 
6949.268834  	-0.025265 
6950.700492  	-0.019200 
6952.132151  	-0.011890 
6953.563809  	-0.014721 
6954.995467  	-0.019907 
6956.427125  	-0.021801 
6957.858783  	-0.021375 
6959.290442  	-0.017602 
6960.722100  	-0.015117 
6962.153758  	-0.018267 
6963.585416  	-0.022227 
6965.017074  	-0.020959 
6966.448732  	-0.020270 
6967.880391  	-0.026695 
6969.312049  	-0.028934 
6970.743707  	-0.024727 
6972.175365  	-0.025463 
6973.607023  	-0.026410 
6975.038682  	-0.022313 
6976.470340  	-0.021651 
6977.901998  	-0.025510 
6979.333656  	-0.026549 
6980.765314  	-0.023782 
6982.196973  	-0.020874 
6983.628631  	-0.017854 
6985.060289  	-0.018262 
6986.491947  	-0.024633 
6987.923605  	-0.022550 
6989.355263  	-0.013257 
6990.786922  	-0.015952 
6992.218580  	-0.019160 
6993.650238  	-0.013713 
6995.081896  	-0.013648 
6996.513554  	-0.015958 
6997.945213  	-0.017453 
6999.376871  	-0.023261 
7000.808529  	-0.023573 
7002.240187  	-0.018707 
7003.671845  	-0.018465 
7005.103504  	-0.021203 
7006.535162  	-0.025970 
7007.966820  	-0.029122 
7009.398478  	-0.026546 
7010.830136  	-0.023028 
7012.261794  	-0.019196 
7013.693453  	-0.015451 
7015.125111  	-0.015581 
7016.556769  	-0.021393 
7017.988427  	-0.026025 
7019.420085  	-0.019925 
7020.851744  	-0.013002 
7022.283402  	-0.016141 
7023.715060  	-0.019931 
7025.146718  	-0.023544 
7026.578376  	-0.025118 
7028.010034  	-0.016984 
7029.441693  	-0.015563 
7030.873351  	-0.024767 
7032.305009  	-0.026453 
7033.736667  	-0.024912 
7035.168325  	-0.026045 
7036.599984  	-0.025734 
7038.031642  	-0.026457 
7039.463300  	-0.022884 
7040.894958  	-0.014024 
7042.326616  	-0.012475 
7043.758275  	-0.019793 
7045.189933  	-0.025272 
7046.621591  	-0.024060 
7048.053249  	-0.021464 
7049.484907  	-0.021606 
7050.916565  	-0.021475 
7052.348224  	-0.022375 
7053.779882  	-0.021307 
7055.211540  	-0.013774 
7056.643198  	-0.012992 
7058.074856  	-0.022471 
7059.506515  	-0.025050 
7060.938173  	-0.019271 
7062.369831  	-0.015730 
7063.801489  	-0.015377 
7065.233147  	-0.013099 
7066.664806  	-0.012223 
7068.096464  	-0.015893 
7069.528122  	-0.014808 
7070.959780  	-0.011438 
7072.391438  	-0.018351 
7073.823096  	-0.022946 
7075.254755  	-0.018833 
7076.686413  	-0.019784 
7078.118071  	-0.022133 
7079.549729  	-0.021703 
7080.981387  	-0.026683 
7082.413046  	-0.032452 
7083.844704  	-0.030547 
7085.276362  	-0.024279 
7086.708020  	-0.023168 
7088.139678  	-0.028545 
7089.571336  	-0.027720 
7091.002995  	-0.022270 
7092.434653  	-0.023075 
7093.866311  	-0.025199 
7095.297969  	-0.024455 
7096.729627  	-0.024554 
7098.161286  	-0.022881 
7099.592944  	-0.019593 
7101.024602  	-0.017380 
7102.456260  	-0.016138 
7103.887918  	-0.017228 
7105.319577  	-0.021451 
7106.751235  	-0.023914 
7108.182893  	-0.019226 
7109.614551  	-0.015744 
7111.046209  	-0.020598 
7112.477867  	-0.021764 
7113.909526  	-0.016708 
7115.341184  	-0.017512 
7116.772842  	-0.017009 
7118.204500  	-0.011696 
7119.636158  	-0.014539 
7121.067817  	-0.017767 
7122.499475  	-0.014899 
7123.931133  	-0.018223 
7125.362791  	-0.022752 
7126.794449  	-0.016539 
7128.226108  	-0.008461 
7129.657766  	-0.011253 
7131.089424  	-0.022734 
7132.521082  	-0.029932 
7133.952740  	-0.024520 
7135.384398  	-0.016070 
7136.816057  	-0.014937 
7138.247715  	-0.014027 
7139.679373  	-0.009189 
7141.111031  	-0.010049 
7142.542689  	-0.016665 
7143.974348  	-0.020027 
7145.406006  	-0.021233 
7146.837664  	-0.023496 
7148.269322  	-0.022903 
7149.700980  	-0.018152 
7151.132638  	-0.015837 
7152.564297  	-0.019941 
7153.995955  	-0.024344 
7155.427613  	-0.026345 
7156.859271  	-0.026475 
7158.290929  	-0.021672 
7159.722588  	-0.019552 
7161.154246  	-0.024459 
7162.585904  	-0.021781 
7164.017562  	-0.011505 
7165.449220  	-0.010943 
7166.880879  	-0.022310 
7168.312537  	-0.031653 
7169.744195  	-0.028714 
7171.175853  	-0.020324 
7172.607511  	-0.016906 
7174.039169  	-0.014217 
7175.470828  	-0.014129 
7176.902486  	-0.021765 
7178.334144  	-0.026671 
7179.765802  	-0.023034 
7181.197460  	-0.017769 
7182.629119  	-0.014796 
7184.060777  	-0.017800 
7185.492435  	-0.024209 
7186.924093  	-0.025586 
7188.355751  	-0.021761 
7189.787409  	-0.018157 
7191.219068  	-0.015457 
7192.650726  	-0.013194 
7194.082384  	-0.015582 
7195.514042  	-0.020508 
7196.945700  	-0.020478 
7198.377359  	-0.021362 
7199.809017  	-0.025323 
7201.240675  	-0.020177 
7202.672333  	-0.012715 
7204.103991  	-0.015461 
7205.535650  	-0.019305 
7206.967308  	-0.019750 
7208.398966  	-0.020993 
7209.830624  	-0.021226 
7211.262282  	-0.020358 
7212.693940  	-0.017500 
7214.125599  	-0.016106 
7215.557257  	-0.019817 
7216.988915  	-0.017736 
7218.420573  	-0.010587 
7219.852231  	-0.009155 
7221.283890  	-0.008827 
7222.715548  	-0.010195 
7224.147206  	-0.018468 
7225.578864  	-0.025150 
7227.010522  	-0.028729 
7228.442181  	-0.029495 
7229.873839  	-0.023672 
7231.305497  	-0.024374 
7232.737155  	-0.035794 
7234.168813  	-0.036117 
7235.600471  	-0.023507 
7237.032130  	-0.014311 
7238.463788  	-0.012965 
7239.895446  	-0.017672 
7241.327104  	-0.025594 
7242.758762  	-0.031763 
7244.190421  	-0.029683 
7245.622079  	-0.022797 
7247.053737  	-0.022404 
7248.485395  	-0.023502 
7249.917053  	-0.020365 
7251.348711  	-0.020963 
7252.780370  	-0.020085 
7254.212028  	-0.012689 
7255.643686  	-0.015273 
7257.075344  	-0.023417 
7258.507002  	-0.021282 
7259.938661  	-0.017179 
7261.370319  	-0.016471 
7262.801977  	-0.012148 
7264.233635  	-0.007488 
7265.665293  	-0.009100 
7267.096952  	-0.019884 
7268.528610  	-0.028460 
7269.960268  	-0.024216 
7271.391926  	-0.020731 
7272.823584  	-0.024636 
7274.255242  	-0.025338 
7275.686901  	-0.023948 
7277.118559  	-0.024291 
7278.550217  	-0.024242 
7279.981875  	-0.024116 
7281.413533  	-0.022299 
7282.845192  	-0.021093 
7284.276850  	-0.020937 
7285.708508  	-0.018956 
7287.140166  	-0.023783 
7288.571824  	-0.033611 
7290.003483  	-0.030600 
7291.435141  	-0.018618 
7292.866799  	-0.012102 
7294.298457  	-0.012676 
7295.730115  	-0.014753 
7297.161773  	-0.016970 
7298.593432  	-0.023818 
7300.025090  	-0.030288 
7301.456748  	-0.028717 
7302.888406  	-0.024606 
7304.320064  	-0.020948 
7305.751723  	-0.022003 
7307.183381  	-0.026567 
7308.615039  	-0.020410 
7310.046697  	-0.012902 
7311.478355  	-0.015110 
7312.910013  	-0.016943 
7314.341672  	-0.024063 
7315.773330  	-0.032929 
7317.204988  	-0.027099 
7318.636646  	-0.024663 
7320.068304  	-0.027182 
7321.499963  	-0.017585 
7322.931621  	-0.017579 
7324.363279  	-0.029932 
7325.794937  	-0.025438 
7327.226595  	-0.017214 
7328.658254  	-0.020810 
7330.089912  	-0.017262 
7331.521570  	-0.009821 
7332.953228  	-0.012381 
7334.384886  	-0.013870 
7335.816544  	-0.011481 
7337.248203  	-0.014913 
7338.679861  	-0.017862 
7340.111519  	-0.016726 
7341.543177  	-0.019018 
7342.974835  	-0.021809 
7344.406494  	-0.027508 
7345.838152  	-0.037362 
7347.269810  	-0.034584 
7348.701468  	-0.022269 
7350.133126  	-0.017347 
7351.564785  	-0.017197 
7352.996443  	-0.021616 
7354.428101  	-0.029000 
7355.859759  	-0.025617 
7357.291417  	-0.013739 
7358.723075  	-0.008008 
7360.154734  	-0.015967 
7361.586392  	-0.030435 
7363.018050  	-0.034592 
7364.449708  	-0.027858 
7365.881366  	-0.018657 
7367.313025  	-0.011926 
7368.744683  	-0.016721 
7370.176341  	-0.021336 
7371.607999  	-0.016751 
7373.039657  	-0.019096 
7374.471315  	-0.023587 
7375.902974  	-0.021215 
7377.334632  	-0.022316 
7378.766290  	-0.020818 
7380.197948  	-0.016766 
7381.629606  	-0.022361 
7383.061265  	-0.029296 
7384.492923  	-0.029843 
7385.924581  	-0.025357 
7387.356239  	-0.018241 
7388.787897  	-0.020822 
7390.219556  	-0.028147 
7391.651214  	-0.027666 
7393.082872  	-0.023757 
7394.514530  	-0.022393 
7395.946188  	-0.023324 
7397.377846  	-0.024270 
7398.809505  	-0.022394 
7400.241163  	-0.021550 
7401.672821  	-0.020362 
7403.104479  	-0.014309 
7404.536137  	-0.011178 
7405.967796  	-0.018021 
7407.399454  	-0.025513 
7408.831112  	-0.025187 
7410.262770  	-0.025908 
7411.694428  	-0.035103 
7413.126086  	-0.040252 
7414.557745  	-0.034302 
7415.989403  	-0.029296 
7417.421061  	-0.028130 
7418.852719  	-0.024066 
7420.284377  	-0.016449 
7421.716036  	-0.018007 
7423.147694  	-0.028515 
7424.579352  	-0.029036 
7426.011010  	-0.023466 
7427.442668  	-0.023593 
7428.874327  	-0.016211 
7430.305985  	-0.013889 
7431.737643  	-0.028120 
7433.169301  	-0.030270 
7434.600959  	-0.025051 
7436.032617  	-0.028949 
7437.464276  	-0.022058 
7438.895934  	-0.011880 
7440.327592  	-0.015888 
7441.759250  	-0.018570 
7443.190908  	-0.018239 
7444.622567  	-0.020004 
7446.054225  	-0.014469 
7447.485883  	-0.010027 
7448.917541  	-0.016360 
7450.349199  	-0.022005 
7451.780858  	-0.019806 
7453.212516  	-0.019353 
7454.644174  	-0.019097 
7456.075832  	-0.011233 
7457.507490  	-0.007583 
7458.939148  	-0.009631 
7460.370807  	-0.003631 
7461.802465  	-0.005345 
7463.234123  	-0.020496 
7464.665781  	-0.018690 
7466.097439  	-0.005814 
7467.529098  	-0.009258 
7468.960756  	-0.019289 
7470.392414  	-0.026462 
7471.824072  	-0.032180 
7473.255730  	-0.033605 
7474.687388  	-0.031439 
7476.119047  	-0.027711 
7477.550705  	-0.030819 
7478.982363  	-0.039059 
7480.414021  	-0.036836 
7481.845679  	-0.030827 
7483.277338  	-0.026629 
7484.708996  	-0.016692 
7486.140654  	-0.014618 
7487.572312  	-0.021439 
7489.003970  	-0.017933 
7490.435629  	-0.013423 
7491.867287  	-0.015073 
7493.298945  	-0.014855 
7494.730603  	-0.023103 
7496.162261  	-0.030343 
7497.593919  	-0.023635 
7499.025578  	-0.025022 
7500.457236  	-0.033281 
7501.888894  	-0.032821 
7503.320552  	-0.037783 
7504.752210  	-0.040520 
7506.183869  	-0.019397 
7507.615527  	-0.000456 
7509.047185  	-0.006926 
7510.478843  	-0.017204 
7511.910501  	-0.013937 
7513.342160  	-0.011090 
7514.773818  	-0.017987 
7516.205476  	-0.024680 
7517.637134  	-0.025934 
7519.068792  	-0.024447 
7520.500450  	-0.020458 
7521.932109  	-0.018697 
7523.363767  	-0.018618 
7524.795425  	-0.018672 
7526.227083  	-0.030780 
7527.658741  	-0.043734 
7529.090400  	-0.031477 
7530.522058  	-0.014047 
7531.953716  	-0.013892 
7533.385374  	-0.014092 
7534.817032  	-0.014246 
7536.248690  	-0.022231 
7537.680349  	-0.023314 
7539.112007  	-0.019139 
7540.543665  	-0.021155 
7541.975323  	-0.025332 
7543.406981  	-0.031528 
7544.838640  	-0.036902 
7546.270298  	-0.034309 
7547.701956  	-0.031896 
7549.133614  	-0.026971 
7550.565272  	-0.016997 
7551.996931  	-0.018671 
7553.428589  	-0.025222 
7554.860247  	-0.028703 
7556.291905  	-0.039973 
7557.723563  	-0.041628 
7559.155221  	-0.024919 
7560.586880  	-0.023215 
7562.018538  	-0.036616 
7563.450196  	-0.041372 
7564.881854  	-0.039569 
7566.313512  	-0.031551 
7567.745171  	-0.020023 
7569.176829  	-0.019243 
7570.608487  	-0.027962 
7572.040145  	-0.035477 
7573.471803  	-0.027138 
7574.903461  	-0.013478 
7576.335120  	-0.022472 
7577.766778  	-0.032872 
7579.198436  	-0.025830 
7580.630094  	-0.025445 
7582.061752  	-0.023619 
7583.493411  	-0.010044 
7584.925069  	-0.013067 
7586.356727  	-0.023198 
7587.788385  	-0.017635 
7589.220043  	-0.017696 
7590.651702  	-0.027862 
7592.083360  	-0.028664 
7593.515018  	-0.021843 
7594.946676  	-0.018345 
7596.378334  	-0.011419 
7597.809992  	-0.004371 
7599.241651  	-0.013115 
7600.673309  	-0.028053 
7602.104967  	-0.028864 
7603.536625  	-0.029513 
7604.968283  	-0.043210 
7606.399942  	-0.050772 
7607.831600  	-0.040267 
7609.263258  	-0.026519 
7610.694916  	-0.023385 
7612.126574  	-0.021750 
7613.558233  	-0.016327 
7614.989891  	-0.014727 
7616.421549  	-0.009307 
7617.853207  	-0.009723 
7619.284865  	-0.029014 
7620.716523  	-0.032206 
7622.148182  	-0.015370 
7623.579840  	-0.018577 
7625.011498  	-0.027315 
7626.443156  	-0.025313 
7627.874814  	-0.032594 
7629.306473  	-0.031018 
7630.738131  	-0.013550 
7632.169789  	-0.006089 
7633.601447  	-0.012787 
7635.033105  	-0.021147 
7636.464763  	-0.018497 
7637.896422  	-0.009382 
7639.328080  	-0.020833 
7640.759738  	-0.040873 
7642.191396  	-0.039260 
7643.623054  	-0.028550 
7645.054713  	-0.026096 
7646.486371  	-0.030639 
7647.918029  	-0.031226 
7649.349687  	-0.021036 
7650.781345  	-0.014448 
7652.213004  	-0.014200 
7653.644662  	-0.013192 
7655.076320  	-0.024217 
7656.507978  	-0.028878 
7657.939636  	-0.009372 
7659.371294  	-0.003797 
7660.802953  	-0.017541 
7662.234611  	-0.018452 
7663.666269  	-0.015399 
7665.097927  	-0.020136 
7666.529585  	-0.020442 
7667.961244  	-0.021520 
7669.392902  	-0.027560 
7670.824560  	-0.028040 
7672.256218  	-0.024956 
7673.687876  	-0.025369 
7675.119535  	-0.028683 
7676.551193  	-0.028201 
7677.982851  	-0.022667 
7679.414509  	-0.022182 
7680.846167  	-0.025601 
7682.277825  	-0.024566 
7683.709484  	-0.016699 
7685.141142  	-0.010384 
7686.572800  	-0.015085 
7688.004458  	-0.027192 
7689.436116  	-0.029633 
7690.867775  	-0.021956 
7692.299433  	-0.018952 
7693.731091  	-0.024318 
7695.162749  	-0.030966 
7696.594407  	-0.033954 
7698.026065  	-0.028882 
7699.457724  	-0.013718 
7700.889382  	-0.005460 
7702.321040  	-0.019224 
7703.752698  	-0.036256 
7705.184356  	-0.038906 
7706.616015  	-0.034055 
7708.047673  	-0.029211 
7709.479331  	-0.030025 
7710.910989  	-0.028505 
7712.342647  	-0.017874 
7713.774306  	-0.019810 
7715.205964  	-0.029650 
7716.637622  	-0.021333 
7718.069280  	-0.015527 
7719.500938  	-0.020261 
7720.932596  	-0.018473 
7722.364255  	-0.026154 
7723.795913  	-0.040431 
7725.227571  	-0.044238 
7726.659229  	-0.046474 
7728.090887  	-0.037337 
7729.522546  	-0.021492 
7730.954204  	-0.029558 
7732.385862  	-0.043452 
7733.817520  	-0.042542 
7735.249178  	-0.035677 
7736.680837  	-0.025213 
7738.112495  	-0.016108 
7739.544153  	-0.016537 
7740.975811  	-0.020250 
7742.407469  	-0.025173 
7743.839127  	-0.023313 
7745.270786  	-0.013499 
7746.702444  	-0.008423 
7748.134102  	-0.008670 
7749.565760  	-0.021243 
7750.997418  	-0.037436 
7752.429077  	-0.030365 
7753.860735  	-0.019722 
7755.292393  	-0.017985 
7756.724051  	-0.009634 
7758.155709  	-0.008646 
7759.587367  	-0.022993 
7761.019026  	-0.031861 
7762.450684  	-0.034417 
7763.882342  	-0.034693 
7765.314000  	-0.025991 
7766.745658  	-0.026311 
7768.177317  	-0.042006 
7769.608975  	-0.038676 
7771.040633  	-0.012580 
7772.472291  	-0.008633 
7773.903949  	-0.029872 
7775.335608  	-0.028296 
7776.767266  	-0.021898 
7778.198924  	-0.034543 
7779.630582  	-0.039389 
7781.062240  	-0.039676 
7782.493898  	-0.043809 
7783.925557  	-0.031715 
7785.357215  	-0.016475 
7786.788873  	-0.014374 
7788.220531  	-0.014005 
7789.652189  	-0.018838 
7791.083848  	-0.022643 
7792.515506  	-0.012599 
7793.947164  	-0.009902 
7795.378822  	-0.022928 
7796.810480  	-0.031638 
7798.242138  	-0.035472 
7799.673797  	-0.040973 
7801.105455  	-0.033424 
7802.537113  	-0.023067 
7803.968771  	-0.027715 
7805.400429  	-0.026645 
7806.832088  	-0.007608 
7808.263746  	0.004373 
7809.695404  	-0.016306 
7811.127062  	-0.057541 
7812.558720  	-0.063981 
7813.990379  	-0.033772 
7815.422037  	-0.020359 
7816.853695  	-0.026577 
7818.285353  	-0.028077 
7819.717011  	-0.030834 
7821.148669  	-0.023589 
7822.580328  	-0.012507 
7824.011986  	-0.024475 
7825.443644  	-0.038114 
7826.875302  	-0.036065 
7828.306960  	-0.032673 
7829.738619  	-0.030993 
7831.170277  	-0.033269 
7832.601935  	-0.034243 
7834.033593  	-0.030788 
7835.465251  	-0.031169 
7836.896910  	-0.027600 
7838.328568  	-0.033502 
7839.760226  	-0.049343 
7841.191884  	-0.032535 
7842.623542  	-0.018478 
7844.055200  	-0.038318 
7845.486859  	-0.034048 
7846.918517  	-0.022441 
7848.350175  	-0.033524 
7849.781833  	-0.026752 
7851.213491  	-0.019089 
7852.645150  	-0.027562 
7854.076808  	-0.020260 
7855.508466  	-0.021153 
7856.940124  	-0.033470 
7858.371782  	-0.025052 
7859.803440  	-0.026308 
7861.235099  	-0.045915 
7862.666757  	-0.044979 
7864.098415  	-0.030558 
7865.530073  	-0.015222 
7866.961731  	-0.012014 
7868.393390  	-0.030011 
7869.825048  	-0.036072 
7871.256706  	-0.027961 
7872.688364  	-0.043009 
7874.120022  	-0.056360 
7875.551681  	-0.034538 
7876.983339  	-0.011715 
7878.414997  	-0.010575 
7879.846655  	-0.009130 
7881.278313  	-0.008088 
7882.709971  	-0.022758 
7884.141630  	-0.032305 
7885.573288  	-0.031725 
7887.004946  	-0.040538 
7888.436604  	-0.042747 
7889.868262  	-0.025361 
7891.299921  	-0.018908 
7892.731579  	-0.022466 
7894.163237  	-0.017244 
7895.594895  	-0.024064 
7897.026553  	-0.038342 
7898.458212  	-0.025940 
7899.889870  	-0.005671 